{"type":"FeatureCollection","features":[{"type":"Feature","geometry":{"type":"Polygon","coordinates":[[[-70.687455341828269,41.91543403279772],[-70.68723740131891,41.916037988530562],[-70.687074292942867,41.91674695852636],[-70.686860272871641,41.917345359068669],[-70.686757547995427,41.917922582506506],[-70.686708020786241,41.91834594934776],[-70.68661561547141,41.918681223576549],[-70.686463875652862,41.918999237931054],[-70.686083106107645,41.919409529821166],[-70.686176799992708,41.919558760475724],[-70.686764070125136,41.919744190687467],[-70.68694693648213,41.919877758743596],[-70.687055542623256,41.920048974081986],[-70.687207235360304,41.920292076279537],[-70.687559638243627,41.920404340261307],[-70.688037916910005,41.920506153350651],[-70.688471270825787,41.920585765941809],[-70.688818203920775,41.920588230684757],[-70.689246627212341,41.920524914825016],[-70.689637888720782,41.920444946746265],[-70.689933215950106,41.920419490257117],[-70.690161055607746,41.920486923972213],[-70.690490884488213,41.920620988081048],[-70.690790944479446,41.920782932184558],[-70.691268032838423,41.920950631130218],[-70.691592437704145,41.920980479550735],[-70.691984654402106,41.920834692363407],[-70.692399768818987,41.920660883845549],[-70.692703339992676,41.92057470279228],[-70.693079939496499,41.920500291704471],[-70.693478667658383,41.92045862943651],[-70.694001425627633,41.920495003804035],[-70.694301964078292,41.92062930031944],[-70.694461842734341,41.92082797161455],[-70.694627575786356,41.921126266042734],[-70.694622282883074,41.921544905637205],[-70.694589254909118,41.921830543513643],[-70.694674115748825,41.922155819113485],[-70.694772995256969,41.922497580396737],[-70.694893638449557,41.922872628995194],[-70.694993331427256,41.923159742700484],[-70.69497459178541,41.923478705382408],[-70.69491089784448,41.923863168968303],[-70.69534771898374,41.924300680780995],[-70.69583133147863,41.924584915488289],[-70.696366006731736,41.92487400931374],[-70.696575954036646,41.925166939368545],[-70.696800482331767,41.925498867968983],[-70.697026332907924,41.925726091218777],[-70.697473569967897,41.925932360290268],[-70.697906569010698,41.926072709838358],[-70.698228636680795,41.926261799948669],[-70.698262149356594,41.926559160496119],[-70.698228766093735,41.926883693105438],[-70.698239734526936,41.927180895383714],[-70.698199464583737,41.927439471839463],[-70.697967433788463,41.927740550390212],[-70.697719656741782,41.928085456399835],[-70.697578037431086,41.928827814959327],[-70.697417690261148,41.929266793899266],[-70.697825327568466,41.929115422462253],[-70.698356434184817,41.929069090110843],[-70.698923732322115,41.929117008737897],[-70.699401801742894,41.929174923627933],[-70.700028526345349,41.929233877748764],[-70.700365189455326,41.928828813532242],[-70.700575509753307,41.928489312122451],[-70.70073922026944,41.928385743709065],[-70.701144885368862,41.928332848197421],[-70.701682486704229,41.928402514704757],[-70.702270588334343,41.928521962201806],[-70.702526937872918,41.928694284105759],[-70.702605632465946,41.929487167075543],[-70.702808618070549,41.930368704392926],[-70.703040468368229,41.930716968171204],[-70.703435876055707,41.930945361256207],[-70.703978954056367,41.931119048704012],[-70.704443107065686,41.931182517749036],[-70.704848281409866,41.931179756668463],[-70.705122397934275,41.931098919757112],[-70.705477428791752,41.930969124224092],[-70.705855696269111,41.9308226520726],[-70.706348765065869,41.930297646916884],[-70.707126116960453,41.929416172674586],[-70.707739347156675,41.928699584749836],[-70.70816770029171,41.928014305755205],[-70.709034004352375,41.928305638156246],[-70.709754059549354,41.928519420010126],[-70.710261621795169,41.928610717420547],[-70.710616465749666,41.928552394798402],[-70.710940494245833,41.928587227427215],[-70.711205598039356,41.92859977302782],[-70.711427321908545,41.928551783222751],[-70.711693331096498,41.928520395486558],[-70.712561608564855,41.928663692421011],[-70.713114453470055,41.928623023754675],[-70.713336658229991,41.928575033565721],[-70.713485207945638,41.92847701499096],[-70.713740159841521,41.928120329815471],[-70.713913467775498,41.927813683453763],[-70.714166282406254,41.927600502890257],[-70.714382040160828,41.927459007098058],[-70.714677466600719,41.927427274559342],[-70.715052929283118,41.927446242379048],[-70.715244009492281,41.927497076182057],[-70.715464039685131,41.927625180866599],[-70.715599570296149,41.927967084816402],[-70.715745358518276,41.928122320654303],[-70.716067989696114,41.928300109134284],[-70.716544361912028,41.928506502891942],[-70.71684420838335,41.928723569400042],[-70.71697453037504,41.928911291250685],[-70.717044582884398,41.929225192921017],[-70.717084867926559,41.929528176007942],[-70.716992266507205,41.929891113714966],[-70.716556867236136,41.930548194970157],[-70.716046777664545,41.931277422459836],[-70.715624184966302,41.9321169145487],[-70.71600550913081,41.932239912885066],[-70.716218730803888,41.932334835316205],[-70.716260830614431,41.932499983289468],[-70.716183879289602,41.932785865336811],[-70.716002425331965,41.93313693775309],[-70.715925219610853,41.93343353236714],[-70.715685808030102,41.933751522743869],[-70.71540052958531,41.9341513120089],[-70.715154586855917,41.934392184125016],[-70.714905517471649,41.934847414079996],[-70.714716396071481,41.935242280153332],[-70.714631227634698,41.935577625415632],[-70.714590418699515,41.935923990102651],[-70.714526621975224,41.936325389830898],[-70.713538855493155,41.937529601134045],[-70.712299264117632,41.938820935131154],[-70.711299581075579,41.939783113803152],[-70.711167789297235,41.940326932099673],[-70.711075290013511,41.940667896481244],[-70.711086802599965,41.940926204169486],[-70.711268533656792,41.941131214349241],[-70.711582648438807,41.941397283109481],[-70.711941202026935,41.941619809169367],[-70.712057557609782,41.941757919239791],[-70.712142392719784,41.942055628735794],[-70.712139121288303,41.942320046897827],[-70.712417045524646,41.942519505903306],[-70.712776772958634,41.942686844242225],[-70.713217787055186,41.942805310576446],[-70.713659023505954,41.942896135158897],[-70.713885245444715,41.943073805692336],[-70.714209624931541,41.943692255061478],[-70.71443617272449,41.943902520335243],[-70.71499466492827,41.944060053437774],[-70.715597700133102,41.944185115916632],[-70.716025266154176,41.944231448842025],[-70.716585042819588,41.944245913126515],[-70.716910302562098,41.944187367613594],[-70.717334364408472,41.943871270143518],[-70.717604005424093,41.943559065772298],[-70.717769114625241,41.943273786657265],[-70.718008449346016,41.943032863718834],[-70.718268510906768,41.942842233074835],[-70.718520856236907,41.942700439499127],[-70.718941608189553,41.942692062119335],[-70.719471322914188,41.942767172257867],[-70.719903972056869,41.942978834514079],[-70.72029911620136,41.943239849875603],[-70.720900342079844,41.943512983867244],[-70.721347599312793,41.943763636433935],[-70.721513786548471,41.94403992384958],[-70.721620442479875,41.944381622908459],[-70.721741673225026,41.944734765868219],[-70.72186289821633,41.945049012404304],[-70.722044578355764,41.945331076861045],[-70.72243849714252,41.945625210086284],[-70.722817798162311,41.945990822347653],[-70.723057806398927,41.94568407607931],[-70.723431250191453,41.94528423715051],[-70.723760466502867,41.944901023594412],[-70.724214235346906,41.94452981958149],[-70.724585545939277,41.944333717445609],[-70.724942099220229,41.944121217203907],[-70.725379431030589,41.943920428241547],[-70.726153607686271,41.943947103628162],[-70.726574014630714,41.943927981287167],[-70.727150992774071,41.94377711129323],[-70.7278084935256,41.943698812708149],[-70.728068022745532,41.944206487443466],[-70.7282211636645,41.944944749298593],[-70.729452499573796,41.944996368644702],[-70.73020473212847,41.944973888074855],[-70.730941440418277,41.945038454350716],[-70.731596265006942,41.945152616053214],[-70.732265734482908,41.945332689793659],[-70.733015532039303,41.945502584409724],[-70.7337146832472,41.945622073570377],[-70.734539965028731,41.945693423181204],[-70.734915940477634,41.945679104529972],[-70.736350848876739,41.944697122103015],[-70.73719138093476,41.944058429276453],[-70.737707734860678,41.943428822453065],[-70.737858194322484,41.943170968621985],[-70.738045882593582,41.942885811437407],[-70.738350583381305,41.942678506158757],[-70.738818045508367,41.94244464313114],[-70.739492037940451,41.942184691817516],[-70.740211261544857,41.941852917396432],[-70.741369756939605,41.941161205477663],[-70.743530914814187,41.939804086356041],[-70.745676131085119,41.938583678386465],[-70.746798661902915,41.937792543315375],[-70.747377544255542,41.937471683747134],[-70.748081660741789,41.937134718625479],[-70.748623055919822,41.936862586397261],[-70.749199923527883,41.936700890543449],[-70.749568547066019,41.936732574856457],[-70.750602583755906,41.935769210161716],[-70.751315564100892,41.935239333320389],[-70.751977679597019,41.934593691083954],[-70.75253942471025,41.934382358933512],[-70.75309496074857,41.934011257130656],[-70.753614959112809,41.933585267765025],[-70.753973407572587,41.933135711744967],[-70.754340484735309,41.932587259860178],[-70.754788197745157,41.932071836400155],[-70.755220103449886,41.931628968307734],[-70.755651884252742,41.93119627201321],[-70.756373258565787,41.930517766972599],[-70.75684140883908,41.930118526800868],[-70.757204747760483,41.929845645925909],[-70.757612066065747,41.929616447777448],[-70.758048405806903,41.929421200724803],[-70.758572453613681,41.929231653509639],[-70.758803368387134,41.929012560625765],[-70.758710122367987,41.928819455599424],[-70.758565282363435,41.928625475366246],[-70.758493723191719,41.928454570079232],[-70.758837141160768,41.928037494946402],[-70.759887389479957,41.926920548688123],[-70.760111288217914,41.926619293645437],[-70.76066564673684,41.926402291840873],[-70.761313885013209,41.926323741781488],[-70.761895077868004,41.926266723917195],[-70.762403905383607,41.926159715247323],[-70.762803182409144,41.925986179977713],[-70.763136414426015,41.925778993465705],[-70.763360585255839,41.925504655072558],[-70.763620858786197,41.925225506925862],[-70.7638875117769,41.925061827200963],[-70.76415160364013,41.925140600953647],[-70.764540298442952,41.925203879755934],[-70.764907883942158,41.925194991494365],[-70.765150925430106,41.925196555474017],[-70.765466005573387,41.925286908885546],[-70.765647010947376,41.925513796428419],[-70.765774696514967,41.926517363079292],[-70.765783307759051,41.927046387717667],[-70.766536353437687,41.926797410799601],[-70.76692055332424,41.926623764371932],[-70.767202285138325,41.926438204621526],[-70.767464941415611,41.92597169545698],[-70.767632669050101,41.925487650014681],[-70.767667279038903,41.925036064663551],[-70.767540393164651,41.924600190653109],[-70.767486057084867,41.924219434463133],[-70.767540544313334,41.923349843195382],[-70.767713581201832,41.922403309794362],[-70.768133353055859,41.921722797169352],[-70.768841426374635,41.920900699618464],[-70.769957133589728,41.919800377748437],[-70.770366026531846,41.919445092402434],[-70.770832875196234,41.919144738291521],[-70.77143836356197,41.918928011149539],[-70.771866119620924,41.918798564431263],[-70.772508804020944,41.918543802934856],[-70.773154371166086,41.918046495633888],[-70.773791704961653,41.917604325251084],[-70.774342284478195,41.917062469025176],[-70.774722486541421,41.916629373772039],[-70.774984153787301,41.916273136956576],[-70.775157478135398,41.91589382951382],[-70.77540481213039,41.915504276992834],[-70.775652037652009,41.915081589516276],[-70.775729930827893,41.914740481934366],[-70.775816260546563,41.914261580636449],[-70.775795660846271,41.913518101729942],[-70.775692446544213,41.912905733383667],[-70.775550075598844,41.912535677115216],[-70.77510732718217,41.912059000768572],[-70.774473672918148,41.911559230763281],[-70.773756381075785,41.910657088418567],[-70.773451213531487,41.910368738195494],[-70.77484793982758,41.909738351335108],[-70.776968705519323,41.908798574218046],[-70.777620304992993,41.908405903709252],[-70.778042877342855,41.908077689007115],[-70.778546798435514,41.907739362374627],[-70.778896446752583,41.907389254870857],[-70.779365711235201,41.906885217121683],[-70.780164676749422,41.905821063226874],[-70.780618982732008,41.905284242526172],[-70.78096144418852,41.904927960960173],[-70.781317665637815,41.90465504955236],[-70.781797389041202,41.904459985953665],[-70.782276856346101,41.904330195827605],[-70.783107706898448,41.904313446487599],[-70.784267403933697,41.904463611366651],[-70.786285825217632,41.904713224491871],[-70.786872786062091,41.904799546287229],[-70.78729684634277,41.904978397096926],[-70.788244805952473,41.905667423329383],[-70.788622299674842,41.906088449266242],[-70.789072954770248,41.906509929460135],[-70.789392447484559,41.906858561790592],[-70.78960925533508,41.907185215546534],[-70.789707772082451,41.907527339785027],[-70.789767492416004,41.908116915114498],[-70.79142082804232,41.906893136511542],[-70.792756632347093,41.905777663469237],[-70.793090759970042,41.905503948521186],[-70.793356703850506,41.905379002364889],[-70.793850364927081,41.905293729996011],[-70.794555889353276,41.905264867474749],[-70.795231932989068,41.905307848417991],[-70.79578963198783,41.905371524368626],[-70.796310076622774,41.905534549161835],[-70.796791945601257,41.905807629580742],[-70.797090211656695,41.906062650795896],[-70.797475297637305,41.90646739707789],[-70.797765001099179,41.906854628443682],[-70.798091951478369,41.90717627082428],[-70.798654835397556,41.907438586562407],[-70.799224709370193,41.9077781042552],[-70.799633029404276,41.908067017765063],[-70.799946503174269,41.908278276511361],[-70.800509892617711,41.90851807678191],[-70.801037603566854,41.908670409842259],[-70.801381338481988,41.908826747088455],[-70.801577192329759,41.909047905975314],[-70.801588154820877,41.909356350261106],[-70.801547704905929,41.909692661696617],[-70.801559330956678,41.909973558661349],[-70.801775432171141,41.910360329265082],[-70.802310208691566,41.911178974268829],[-70.802511910585949,41.91150551060818],[-70.802853861591117,41.911826600296486],[-70.80321840888125,41.91212090571716],[-70.803643103505024,41.912261343187204],[-70.804104568328412,41.912401462930077],[-70.804845180151119,41.912588299024065],[-70.805394637044429,41.912740203782221],[-70.805849497026671,41.913011460276273],[-70.806089855703718,41.912369696195633],[-70.806414952188518,41.911572592128621],[-70.806662973756787,41.911089608763611],[-70.806955055370665,41.91062255873981],[-70.807049030604034,41.910083536772902],[-70.807141753527176,41.909714947339531],[-70.807344094086247,41.909352605123736],[-70.807983978995523,41.908667701124962],[-70.808325104109073,41.908410911356043],[-70.808674120027547,41.908115362365983],[-70.808958037922309,41.907687153868409],[-70.809109796893978,41.907274982021548],[-70.809289822354799,41.906945815096648],[-70.809609357988265,41.906655667248771],[-70.809883999478245,41.906392798534135],[-70.810225285704291,41.906130421831953],[-70.810662082531877,41.905862948451464],[-70.81103868416983,41.905689108938439],[-70.811446007496698,41.905427037038883],[-70.811861454992567,41.905104327664439],[-70.812202718356602,41.904798006875332],[-70.812332101390481,41.904435216419387],[-70.81210785273629,41.90341473566577],[-70.812418523895744,41.90326192326269],[-70.812618736608002,41.903103312951352],[-70.812754034676473,41.90285085306126],[-70.812757840103131,41.902498020560742],[-70.812782624543416,41.902244985403271],[-70.812872504284869,41.902080038161436],[-70.813226850762575,41.901966832650707],[-70.813433996392533,41.901846528400995],[-70.813473675386533,41.900926677808009],[-70.813527031421074,41.900739631407276],[-70.813805664247965,41.900840887447593],[-70.81405370762586,41.901007325960158],[-70.814411900142289,41.901185590013931],[-70.815224910705709,41.901399805420311],[-70.815517303238323,41.901578211518434],[-70.81566984844136,41.901738401560216],[-70.815755865537682,41.901898732925183],[-70.816063676641647,41.902010872669628],[-70.816452051766589,41.902106657005397],[-70.816767151240214,41.902191197091568],[-70.81696409858165,41.902324639948986],[-70.817153044244904,41.902507554991104],[-70.817481432738205,41.902724437009141],[-70.817877111884684,41.902859066087352],[-70.818324011421225,41.902982744973009],[-70.818808018980931,41.903062705419082],[-70.818924281699893,41.903179366727443],[-70.818921106054759,41.903476470035045],[-70.819029556904496,41.903658811667874],[-70.819145466135481,41.903808694295833],[-70.819481982456381,41.903931620257424],[-70.81974575345788,41.904004681498655],[-70.819942900679081,41.904165671648904],[-70.820085630806091,41.904524418874509],[-70.820286120051477,41.905005059742109],[-70.820465740190457,41.905397249706432],[-70.820697231534055,41.905728972994602],[-70.821339883933959,41.906091231924933],[-70.821485577766467,41.906229404231937],[-70.82152774646562,41.906400725112746],[-70.821606561145614,41.906594232735735],[-70.8217153704976,41.90672147118017],[-70.822096664700624,41.906795224965741],[-70.822832555996229,41.906733144343399],[-70.823621071742735,41.906550451066636],[-70.824240905156358,41.906339112821556],[-70.824875086326259,41.906172424370865],[-70.825354753520898,41.905970965654426],[-70.825806826499985,41.905643290247966],[-70.826141626457741,41.905292411766837],[-70.826540993021055,41.905047166385444],[-70.827022346648548,41.904730373318024],[-70.827473593586589,41.90447930796914],[-70.828065092880109,41.904174413893664],[-70.828716157446138,41.903797837433501],[-70.829144439293245,41.903574632010134],[-70.829734536674934,41.903401445187477],[-70.830138969778844,41.903371135281624],[-70.82996939693011,41.902774815930051],[-70.829806972771124,41.90214081275299],[-70.829775340501499,41.901710700556706],[-70.82981649993765,41.901292270263667],[-70.829962035606599,41.900758484928303],[-70.830134874371268,41.900401602177901],[-70.830404622156905,41.899940034349314],[-70.83132210953012,41.900066961585594],[-70.832667800409794,41.899986508978891],[-70.833849201747952,41.899896618582098],[-70.834068537105964,41.898247971004942],[-70.834060641722388,41.897631171772822],[-70.834161320410558,41.897130343150579],[-70.834129140924347,41.896738494658116],[-70.833890660675479,41.896368582117795],[-70.833469001693288,41.895941776787609],[-70.833244252565393,41.895665311354087],[-70.833070665420124,41.89539418643232],[-70.833109488145013,41.895185077231893],[-70.83326655433639,41.894915883691596],[-70.833241787417052,41.894530290683221],[-70.833208956751108,41.894155274921594],[-70.833262193551533,41.893985055791269],[-70.833470154796856,41.893815199902001],[-70.833621018979159,41.893435674339365],[-70.833689810308968,41.89317217743907],[-70.833811755525034,41.892803737447217],[-70.83412390186993,41.892442079266672],[-70.834628216636773,41.892036972177308],[-70.835088185482959,41.89164294925336],[-70.835349412658147,41.891286573455673],[-70.835460889388941,41.890499398709736],[-70.835476054373956,41.889749928914775],[-70.835497378962486,41.889160850853287],[-70.835471883486136,41.88877471375082],[-70.835468867574065,41.888416799049097],[-70.835642955163863,41.887910813938412],[-70.835998507749323,41.88767032303209],[-70.836477707169038,41.887496997161691],[-70.836876778671211,41.887311859160377],[-70.83724103810367,41.886928526258473],[-70.837796904468078,41.886507498009017],[-70.838242857073368,41.886041891840286],[-70.838541346863437,41.885597308493878],[-70.838647912803481,41.885267039965761],[-70.838688202834859,41.884925763000254],[-70.838742785673688,41.884612030108343],[-70.83874596227291,41.884363906484197],[-70.838902861268338,41.884105958906602],[-70.839427567934337,41.88382817131933],[-70.839819347483527,41.883587878302855],[-70.840168477528906,41.883253969021609],[-70.840481772226141,41.882831525311559],[-70.840574282910168,41.882402673282549],[-70.8404901863926,41.88136622138628],[-70.840479806527128,41.880925520185635],[-70.840454093137097,41.880627709171002],[-70.840420206456002,41.880362984538166],[-70.840254086140575,41.880069944256583],[-70.840103136241751,41.879766367060625],[-70.839945295671129,41.879407016867901],[-70.839920141766953,41.879043842018319],[-70.83993113916074,41.878679885828433],[-70.840018159689194,41.878129452349903],[-70.840184838555714,41.877634672064119],[-70.840439037821753,41.877250602714746],[-70.840906947471439,41.87677385854586],[-70.841492262825597,41.876336685978309],[-70.842128479626183,41.875916010539783],[-70.842740841094184,41.875693365752646],[-70.843308280047111,41.875504133074088],[-70.843743598370366,41.875346281153071],[-70.844103588816182,41.875332053947957],[-70.844683191661147,41.875423709892893],[-70.845784974064401,41.875462624520367],[-70.846124894864658,41.875243981881461],[-70.846200890410344,41.875046335816997],[-70.846276354238256,41.874618552015264],[-70.846417938967676,41.874286225952346],[-70.846711612299387,41.873842224153499],[-70.846969216467272,41.87342619680684],[-70.847197619578907,41.873038093403963],[-70.847346602000457,41.872700136180569],[-70.847484066165464,41.872180958392043],[-70.84742642740666,41.871845240848387],[-70.847256923966199,41.871422808052536],[-70.847132265075729,41.871032684732867],[-70.847077343429262,41.870443708294232],[-70.847141059924368,41.869903310307514],[-70.847305262872709,41.869195748028616],[-70.847315226006813,41.8685402451936],[-70.847216329261144,41.867940392803007],[-70.847126888132891,41.867076065475416],[-70.846998480577469,41.866476584180738],[-70.846871521472195,41.865971109704873],[-70.846633150888906,41.865406473073492],[-70.846292370881045,41.864891850090082],[-70.845893437738042,41.864410656602779],[-70.845315338773702,41.863783294011093],[-70.84506586041779,41.863410999467099],[-70.844897655495942,41.863076896549849],[-70.844867737038214,41.862636083119916],[-70.844989125255438,41.862028489238909],[-70.845002779041963,41.861543537634631],[-70.845133886566842,41.861068173868702],[-70.845318474807229,41.860686035141725],[-70.845638064410778,41.860445848660163],[-70.846000330024822,41.860295492856942],[-70.846073740845185,41.859714003670298],[-70.846050292675628,41.859228839258925],[-70.845928828272378,41.858624263949622],[-70.845860732588804,41.858112372572258],[-70.845696999481717,41.857601643411236],[-70.845520137001472,41.857173492769974],[-70.845224480477711,41.856703062960186],[-70.844742539230836,41.856101548942235],[-70.844178906505348,41.855446081171685],[-70.843408264765074,41.854357781087714],[-70.842606705740138,41.853175388616265],[-70.841296959780635,41.851563460818724],[-70.840702152303663,41.85082063918545],[-70.840291763268098,41.850097428623741],[-70.840020396114596,41.849323159416542],[-70.83980961780712,41.8486641276737],[-70.839634322938707,41.847916344092589],[-70.839493086894421,41.847019655687113],[-70.839356783894473,41.845995862975968],[-70.839121167460604,41.845144186161363],[-70.838911319311933,41.843305669392912],[-70.838636835303035,41.841942264174712],[-70.838276024495755,41.84111353908073],[-70.838039281689618,41.840234301613918],[-70.837694943890469,41.838667273995725],[-70.837587110009622,41.838002082261276],[-70.837572061989505,41.837561352161572],[-70.837637879101067,41.837136307995564],[-70.837812557285503,41.836616276215565],[-70.838148062421524,41.83602847906392],[-70.83845363157053,41.835436005437117],[-70.838643357003193,41.834926684078397],[-70.838720196671559,41.833878734808401],[-70.838647014047524,41.833494031063687],[-70.838434037769446,41.833088167997275],[-70.837084488607942,41.831278413790251],[-70.836068622094075,41.830021614914784],[-70.835084474230968,41.828901668377497],[-70.834207296194023,41.827974207371909],[-70.833009454824349,41.827242406479598],[-70.831669635846239,41.826380286973183],[-70.830070665066359,41.825405252964408],[-70.828924130126751,41.824645618196492],[-70.828243515684576,41.824029896144459],[-70.827726490123084,41.823495087782561],[-70.82716480517287,41.822949839267196],[-70.826562287190853,41.822465122084559],[-70.827155515484691,41.822403977106688],[-70.828888854175815,41.822243120459945],[-70.83024128356908,41.822190296764042],[-70.831056608694865,41.822115669666758],[-70.83184206138516,41.822008358189692],[-70.832442517943875,41.821853679189289],[-70.833056801349386,41.821654149223065],[-70.833597763155751,41.821455898196774],[-70.834144951616466,41.821191233340983],[-70.834633268190387,41.820927302818923],[-70.83514940505647,41.820569083155839],[-70.835482228618034,41.820267687097733],[-70.835775915218193,41.81984054990437],[-70.835874586295418,41.819172596589986],[-70.83616701679513,41.818657214388701],[-70.836430266208851,41.818169663276151],[-70.836637124898488,41.817803424101172],[-70.836908504686491,41.817343560700628],[-70.837116161781282,41.817027386136623],[-70.837318767745302,41.816826519818434],[-70.83756679217062,41.816702538897744],[-70.838022700274792,41.816692221341327],[-70.838598016763129,41.816796852200028],[-70.83906387410984,41.816918312959963],[-70.839765182623964,41.817048968688411],[-70.840730081316664,41.817121539706235],[-70.841545636141646,41.817063766397524],[-70.842485028212252,41.816948717367943],[-70.843590021061644,41.816612401795787],[-70.844980623114566,41.816228196147115],[-70.848524061613574,41.815276634262766],[-70.847541808847524,41.813842844670376],[-70.847092044677552,41.812749106838176],[-70.846903218705563,41.812289915076313],[-70.84640989328399,41.811033317228194],[-70.846179334586452,41.810490150118952],[-70.846084734840048,41.810138461652919],[-70.846093483406449,41.809813206651874],[-70.846166618009804,41.809393871669606],[-70.84632853178725,41.808989631763396],[-70.846563970734337,41.808573928134578],[-70.847339061243616,41.807507553073243],[-70.848125350894193,41.806661738497127],[-70.848550758478837,41.806177968206313],[-70.849467067195903,41.805595166396685],[-70.851503289455607,41.803110480909005],[-70.85317545921464,41.802420480784662],[-70.855203845648134,41.801544563777085],[-70.855611867197709,41.801320066851794],[-70.855908277881738,41.801030201017966],[-70.856217672111427,41.800657753437029],[-70.856433038409378,41.800385526031818],[-70.856747658670969,41.800293843084312],[-70.857386436576334,41.800226586538827],[-70.85800409108549,41.800225564995372],[-70.8590720091332,41.80029685162927],[-70.859711993503865,41.80030098847088],[-70.860372941817133,41.800266433257448],[-70.860953193460205,41.800227460202485],[-70.861585263234289,41.800192736066158],[-70.862122993306286,41.800242475796267],[-70.862574734931627,41.800408150444817],[-70.863414256727779,41.800867530372329],[-70.864177275724487,41.801168371824822],[-70.864873097239766,41.801414811358583],[-70.865397823056583,41.801563504142756],[-70.865870400827234,41.801668506436847],[-70.866313157780453,41.80173516517943],[-70.866812998316206,41.801724437106806],[-70.867230994325652,41.801642843398227],[-70.867589527954237,41.80155092415248],[-70.867894835105275,41.801365790170664],[-70.868052866743241,41.801143193834712],[-70.868114295980902,41.800906106051158],[-70.868212282209953,41.800634826611791],[-70.86829724004302,41.800451891504395],[-70.868351231745308,41.800175866268312],[-70.868471868391225,41.799937935875946],[-70.868865242429422,41.799740862068489],[-70.869183608585345,41.799450633443236],[-70.869430318343831,41.799288220658234],[-70.869604087264833,41.799115860026987],[-70.869630086617164,41.798944392750606],[-70.869355448374364,41.798803856061241],[-70.869038866321816,41.798780135010276],[-70.868882942167929,41.798693196160201],[-70.868855832197752,41.798015515440504],[-70.868769734138908,41.797730250719574],[-70.869257677289013,41.797471303439409],[-70.869546806598606,41.797203961595969],[-70.869630946182042,41.796993379533411],[-70.869552504647586,41.796724544530299],[-70.869311376404966,41.796396195129553],[-70.869116023010093,41.796172271724018],[-70.868943841445798,41.79601438356994],[-70.869027276891899,41.795765532185754],[-70.869465070206118,41.795551325102494],[-70.869144396460626,41.795334541639598],[-70.868855530955955,41.795210851895632],[-70.868891734811541,41.794786166309919],[-70.869266705322389,41.793988620580691],[-70.869503783534512,41.793666338187464],[-70.869681480607824,41.793350479733832],[-70.869759071217118,41.793156788361678],[-70.869862072858524,41.792753360460956],[-70.8698280732727,41.79251682454413],[-70.869701124394055,41.792396823137913],[-70.869360608280516,41.792290226144424],[-70.869013869891603,41.792216817450125],[-70.868699516052828,41.791922455413065],[-70.868669989125806,41.791526127637731],[-70.868730282185496,41.791183779539857],[-70.868962259724313,41.790999407199855],[-70.870019601806305,41.790530849855955],[-70.870456289626546,41.790278367154706],[-70.870899177435319,41.789970183921561],[-70.872029383856386,41.788646655816372],[-70.872308003953734,41.788219342961689],[-70.87249348112428,41.787500696112041],[-70.872751905772716,41.786764893194317],[-70.872971763595018,41.785925424634158],[-70.873147153164922,41.785068784042473],[-70.873283923834137,41.784113970191861],[-70.873224434879759,41.783299345464805],[-70.873273203079634,41.782350890357236],[-70.873164428840951,41.781238871250778],[-70.872951398772386,41.780442039281063],[-70.873371531260915,41.779318883588687],[-70.873588479043718,41.778318951173262],[-70.873616896289107,41.777469965174703],[-70.873576399434654,41.776852986711596],[-70.873473349558793,41.776457336252747],[-70.873230236808453,41.776030572761321],[-70.872945231133002,41.775730170721253],[-70.87248500353094,41.775476162766786],[-70.873132913150002,41.773937208945767],[-70.873380119448271,41.773394472903703],[-70.873660917729822,41.772663832936843],[-70.873856498919224,41.772110637858844],[-70.876182698450577,41.771240491207543],[-70.87574944793792,41.770701855812703],[-70.875609481571445,41.770255944152382],[-70.875234516521857,41.769243759446546],[-70.874763567400919,41.767730258804882],[-70.874461457070524,41.76666219771748],[-70.874154792327886,41.765973978457374],[-70.873984380744062,41.765507638926778],[-70.873825780853039,41.764891721885931],[-70.873768856950591,41.764589243494505],[-70.873658143979938,41.764155284865701],[-70.873658628025751,41.763774879504403],[-70.873747342825553,41.763410715729876],[-70.873867164788834,41.76273159194286],[-70.874462218412205,41.762091093444653],[-70.874996371849718,41.761577480633363],[-70.875604176833789,41.761278648104508],[-70.876358341743398,41.760941177307316],[-70.877061320679744,41.760647900140022],[-70.877588505576981,41.7604757490205],[-70.877910500192186,41.760430778423668],[-70.878291599318388,41.760441322408909],[-70.878753164973418,41.760511908706505],[-70.879508515143954,41.760780014997856],[-70.880212319757888,41.761131030341588],[-70.88071823031261,41.761465749382452],[-70.881092249117302,41.761822889282982],[-70.881290437767888,41.762120008630198],[-70.881562419857801,41.762620562452526],[-70.88177597434742,41.763132143246139],[-70.881886304985926,41.763611110308894],[-70.881916168550234,41.763979795161632],[-70.881909587678919,41.764299392006329],[-70.88195397019507,41.764547235463716],[-70.882364669957084,41.765031162477719],[-70.883216358265997,41.765965411917726],[-70.883855187233451,41.766751653001954],[-70.884295710218041,41.767351071925816],[-70.885103259490819,41.768329006507308],[-70.886021164554691,41.769577551753606],[-70.887285562244443,41.772097028468075],[-70.887586745195875,41.772647244724467],[-70.888261955081731,41.773339656858639],[-70.888768601003207,41.774026658918523],[-70.889812260247126,41.775599530834789],[-70.890795669969322,41.776709999700834],[-70.89130270854065,41.777512870089403],[-70.891935591136331,41.779009155959422],[-70.893192768054746,41.781231402549857],[-70.893552637608764,41.781742568537773],[-70.89413313566088,41.782633602885035],[-70.894831055569995,41.78356307336913],[-70.895279324487447,41.784333019694451],[-70.895938579213649,41.784127179648081],[-70.897468775544368,41.783220773065146],[-70.897922955023105,41.782933433994486],[-70.898281544707004,41.782717528117516],[-70.898516441850873,41.782887587792999],[-70.899080766400644,41.783013195504807],[-70.89962316970427,41.783077999900527],[-70.900070811233903,41.783203618165075],[-70.900540434490608,41.783460984559781],[-70.900885390239807,41.783812772854745],[-70.901105755747096,41.784071167173266],[-70.90142875471382,41.784378990318608],[-70.901772593339686,41.78408079213456],[-70.901985029332906,41.783914798228025],[-70.902336581315424,41.783858658572356],[-70.90281322300828,41.783907346332484],[-70.903157850480753,41.784115696849682],[-70.903341793739941,41.784385060629937],[-70.904052043210328,41.784151889411078],[-70.904411010475485,41.783958475579276],[-70.90484297429839,41.783638309507602],[-70.904999111437803,41.783458420394489],[-70.905150136800827,41.783284806984049],[-70.905376664222032,41.782986615886124],[-70.905588794651962,41.78282619602583],[-70.905933463935213,41.782875262766531],[-70.906249195242083,41.783138555974944],[-70.906447264343527,41.783325874486913],[-70.906776748760421,41.783132299694124],[-70.907046738225205,41.782673975526265],[-70.907244228880472,41.782431362623939],[-70.907544597349371,41.782276440166292],[-70.907955188040148,41.782325303277034],[-70.908461441366697,41.782604796248457],[-70.908705532600251,41.782746160684994],[-70.908886685445964,41.782851273358197],[-70.909275465487866,41.782982672568416],[-70.9097446105188,41.783009323445867],[-70.910206280135114,41.782985783065264],[-70.910462966967955,41.782897074202836],[-70.910623399034662,41.782693069759183],[-70.910696482701212,41.782373275971942],[-70.910834895466493,41.782026268571677],[-70.910988268860621,41.78173948308195],[-70.911200075071093,41.781468755802102],[-70.911734432626645,41.781048881613856],[-70.91199051285848,41.78089434914255],[-70.912275916662509,41.780755723823333],[-70.912561538093655,41.780606384508651],[-70.912715205007004,41.780391087657279],[-70.912838911923302,41.780032657411205],[-70.912918707730199,41.77977934415388],[-70.91314556411281,41.779492394140505],[-70.913526550772062,41.779331658636281],[-70.914046178732718,41.779176226744461],[-70.914624806232226,41.77894852574223],[-70.915511205797301,41.778698721139655],[-70.916206977762755,41.778537339981511],[-70.91687365524389,41.778452967435825],[-70.917467281488456,41.778385684756387],[-70.917862817046029,41.778329182035399],[-70.918163108907692,41.778322882505847],[-70.918478576614362,41.77839364127491],[-70.91874297165252,41.778657268038764],[-70.91897824481164,41.779081101592745],[-70.919404410608323,41.779691023465219],[-70.919852349094583,41.780037066074186],[-70.92052042564471,41.780541881303563],[-70.921518514000979,41.781227902012468],[-70.921665671883616,41.781409263108799],[-70.921549303690327,41.781772781995635],[-70.921483844128105,41.782120172487843],[-70.921528220977507,41.782373671758627],[-70.921660447400669,41.782543702421904],[-70.921991332567416,41.782774435218492],[-70.922541520864058,41.783097936132137],[-70.922988922368177,41.783294952266502],[-70.923436902215897,41.783667991793337],[-70.923796995165219,41.784195988961848],[-70.92417201819265,41.784789877391546],[-70.924569976747705,41.78564273652956],[-70.924592242282543,41.785961939840455],[-70.92457850042662,41.786325349549045],[-70.924476944107241,41.786661394784211],[-70.924404224119115,41.78694797522396],[-70.924412125672305,41.787245767252834],[-70.924544889204242,41.787531674674938],[-70.924831009379432,41.787861213562273],[-70.925015027256606,41.78805347055971],[-70.924971878267243,41.788422944450311],[-70.924789776923646,41.78888571565048],[-70.924695620861712,41.789414837549963],[-70.924653069194349,41.790224954978385],[-70.924749693547838,41.790797177089921],[-70.924927881241317,41.791677556800401],[-70.925273583990432,41.792420484308565],[-70.925605223153056,41.793069251273792],[-70.92585586382215,41.793735076390959],[-70.926135766502881,41.794318394380682],[-70.926584338708437,41.795011144780659],[-70.92728215608922,41.795697762951583],[-70.927605970848546,41.796109597494009],[-70.928702749917406,41.79817244201692],[-70.929997177545502,41.800046646346722],[-70.931042262735616,41.801823341827586],[-70.931196979789334,41.802164002898252],[-70.931749506222914,41.803181383272488],[-70.932551355026362,41.804567442291919],[-70.933205265476062,41.80512217067384],[-70.933755936587957,41.805527821805825],[-70.934321563167771,41.805862595470408],[-70.934674058214611,41.805982022081707],[-70.934725170908237,41.805999112411321],[-70.934995320988108,41.805524427253651],[-70.935214346206664,41.805033641716157],[-70.935388920477934,41.804466194396369],[-70.93543887009443,41.803948100090594],[-70.935202669740093,41.803293623248187],[-70.934745741758974,41.802385948591443],[-70.934142251974919,41.801357615550934],[-70.933465578380421,41.80028002547779],[-70.932685476306588,41.799158608794741],[-70.931890017236185,41.797481042592551],[-70.931351649319083,41.796122223267588],[-70.930990401774267,41.795142350254068],[-70.930804673739004,41.794058189598111],[-70.930721499683997,41.793050441885114],[-70.930800099689591,41.792048093946455],[-70.930841784216454,41.791083737204616],[-70.930847514078295,41.790373645053286],[-70.929889183315524,41.788145484649412],[-70.929387282218372,41.786610094784265],[-70.929098626681437,41.785311037356351],[-70.928869910717779,41.784601390960638],[-70.928677969238777,41.784111438413973],[-70.929042313239819,41.78314698826415],[-70.929149813691197,41.782089052842089],[-70.929323290246487,41.781091682400323],[-70.929437992817213,41.779940324383645],[-70.929846117133678,41.778837704093846],[-70.93011499448005,41.77791734108056],[-70.93026796372763,41.777476294797694],[-70.930486951301688,41.777117872039973],[-70.930874231162321,41.776703386204112],[-70.93139317945797,41.776063293384645],[-70.931634623286854,41.775869838121984],[-70.931934730953515,41.775720522811028],[-70.932278992791353,41.775515693860797],[-70.932622439299251,41.775267011839105],[-70.932929593748668,41.774946658869808],[-70.933155915563916,41.774599432137023],[-70.933155331022036,41.774313021784153],[-70.933176769458157,41.774120089273289],[-70.933344390208106,41.773800121442328],[-70.933922379255335,41.773319045955709],[-70.934515062636279,41.772943293654706],[-70.935034534351999,41.772644246909181],[-70.935436919242875,41.772351370492188],[-70.935677681970674,41.771959822177244],[-70.935816059343054,41.771639705928109],[-70.935977057237565,41.771413700029903],[-70.936284308032697,41.77124189951909],[-70.936709370952897,41.771157926454435],[-70.936987475426122,41.771058549711107],[-70.937279389474554,41.770688589555142],[-70.937425289423842,41.770291526983456],[-70.937571370390117,41.770010252584335],[-70.937819964588599,41.769778553979435],[-70.938119671226644,41.769656231643765],[-70.938603238041495,41.769687877343827],[-70.939043595914868,41.769846440361789],[-70.939586798661864,41.770291464743174],[-70.940210832601267,41.770873559643562],[-70.940570979551396,41.771142107796948],[-70.94104012150666,41.771366621296735],[-70.941473278003087,41.771607973421965],[-70.941745075598391,41.771926685413035],[-70.941921786619432,41.77226744026288],[-70.942047523406217,41.772564547452966],[-70.942413454094847,41.772475761687303],[-70.942640587165357,41.772442028703409],[-70.942970583303392,41.772584280028312],[-70.943191081127353,41.772842503039612],[-70.943644719678147,41.772626379600247],[-70.944128115777261,41.772431828317785],[-70.944537820861186,41.772315607983415],[-70.944970125494692,41.772297456362651],[-70.945600721631166,41.772450257659052],[-70.946048479728105,41.772619543796971],[-70.946539511375576,41.772722681220657],[-70.946869533691299,41.772765880813743],[-70.946766042033204,41.772397397824307],[-70.946552867713251,41.772139217361875],[-70.946302963106106,41.771858889013416],[-70.946140883020732,41.771562060124971],[-70.946074335145681,41.771302880691316],[-70.946102649739032,41.771005896755504],[-70.946299860500574,41.770718737399179],[-70.946526485500897,41.770437392917046],[-70.946657784212292,41.770178004245736],[-70.946656361032296,41.769759326002891],[-70.946530929415971,41.769230920757266],[-70.946543629233574,41.768542740764161],[-70.946652296543292,41.768063282126732],[-70.948176660797586,41.768273798542467],[-70.94866056512187,41.768349251160771],[-70.949085592507018,41.768265231915478],[-70.94956106315496,41.768021639425776],[-70.950036447622253,41.767717809910714],[-70.95057060581334,41.767501507564411],[-70.95098833426907,41.767384222469616],[-70.951464314257407,41.767289725528592],[-70.952152803998843,41.767138805179734],[-70.952606914444331,41.767153953196868],[-70.952929013490575,41.767192595459534],[-70.953103334151805,41.766469806497092],[-70.95310161258611,41.765814240171345],[-70.95303377588229,41.765071110748714],[-70.952877921115743,41.764228518081289],[-70.952758947759122,41.763727612009589],[-70.952559826170912,41.763177430687151],[-70.952295157979037,41.762726604657303],[-70.951883273117446,41.762292987108658],[-70.951318242553555,41.761881139755758],[-70.950569844497068,41.761453819374395],[-70.949711444732799,41.761010206264437],[-70.948852808972831,41.760483841598145],[-70.947895752559873,41.758685762749344],[-70.946894987371977,41.756970207151916],[-70.945989193463092,41.755166147858766],[-70.945002535065427,41.753043226424197],[-70.944243662533879,41.751376724361485],[-70.944372062386762,41.750092613781213],[-70.944329417204926,41.748885910779791],[-70.944459847660653,41.748473457549608],[-70.944808971431513,41.74783985923294],[-70.944944938314649,41.747107891340626],[-70.945058136623956,41.746145587880591],[-70.945070996542711,41.745661701961836],[-70.944863256384536,41.744969115787725],[-70.94470654853518,41.744325668088734],[-70.944432937202592,41.743771146668244],[-70.944101629385202,41.743354279572799],[-70.943667806130307,41.742948075338141],[-70.943064280603721,41.742344128808384],[-70.943107748341404,41.742184525746026],[-70.943317073895017,41.74140898026171],[-70.943678530522419,41.740198128599204],[-70.943609187242558,41.739422841595236],[-70.943687255688417,41.73879584533595],[-70.943684151478706,41.738020341676325],[-70.943287511601966,41.736041551293695],[-70.943050640962866,41.735442187272866],[-70.942371639596757,41.734157007574694],[-70.942157259740128,41.733695598368996],[-70.942198386634274,41.733074004286564],[-70.942275929238946,41.732260089427385],[-70.942037270712632,41.731221243699764],[-70.94168921806029,41.730281442004674],[-70.941319727291969,41.729540245688618],[-70.940712609840091,41.728045441703031],[-70.940540420590295,41.727642220284679],[-70.941097399939792,41.727186937295031],[-70.941878427763129,41.726481186636569],[-70.942447547209454,41.725913320314206],[-70.942782773631848,41.725483323913103],[-70.943206404337857,41.725113993668394],[-70.943520164909017,41.724925909662737],[-70.943958937949105,41.724721508437874],[-70.944492872776337,41.724505775025982],[-70.944902459967039,41.724367675102364],[-70.945283280428754,41.724289668320417],[-70.945619948505055,41.724272130234041],[-70.946008613200789,41.724342720284518],[-70.946324046050037,41.724501189163277],[-70.947014952522451,41.725032974061371],[-70.949140385933106,41.727074151252076],[-70.950013241381029,41.727390709068032],[-70.950975023529409,41.727905770289901],[-70.952370094817638,41.728633324417771],[-70.953691728754364,41.7293785163492],[-70.954793805014205,41.730052322866825],[-70.955645301442559,41.730556101708757],[-70.956306881471619,41.731005575564225],[-70.956703686196335,41.731312424561366],[-70.957277973928356,41.731965139643435],[-70.957712151596411,41.732387590494277],[-70.958204713942123,41.732842910822924],[-70.95911586271076,41.733407181847859],[-70.960320751506998,41.734262036462702],[-70.960666118108975,41.734487054229909],[-70.960944563920393,41.734480539475555],[-70.961339555009047,41.734309087631551],[-70.961755786565988,41.734027439661318],[-70.96218724870711,41.733806637004371],[-70.962618544974703,41.733662363277567],[-70.963306778827672,41.733567108773997],[-70.963914900247374,41.733521533486346],[-70.964471257559111,41.733470759497202],[-70.964837527473136,41.733425752323129],[-70.965218033945291,41.733331290567648],[-70.96576667346757,41.733153792174292],[-70.966476012564087,41.732832985252529],[-70.966738874421978,41.732662066114763],[-70.966906035023285,41.732436046017618],[-70.967117430804223,41.732094355285781],[-70.967542371707992,41.732104176331319],[-70.968327253075813,41.732366159444737],[-70.968869989309724,41.732535260395089],[-70.969331878763953,41.732655542191985],[-70.969831039483367,41.732774915202583],[-70.970219507159882,41.732878644886526],[-70.970483526546005,41.733001962848881],[-70.970768794523252,41.732838431628174],[-70.970950423121181,41.732431228796059],[-70.971332925250621,41.731236686164678],[-70.975413423888227,41.72931301434334],[-70.979100345331062,41.727574763942187],[-70.979391350140091,41.728102809998283],[-70.979621310639814,41.728718362159043],[-70.97984336744419,41.729168480179773],[-70.980359594922078,41.729937230167877],[-70.981325333845689,41.731243204647029],[-70.981617858167567,41.731099397502398],[-70.981910643584868,41.731026989939821],[-70.982298750509656,41.731042800876224],[-70.982570054330424,41.731025486476902],[-70.982833254274212,41.730969869010657],[-70.983147122729022,41.730683176554713],[-70.983336215080712,41.730457232163559],[-70.983606443542826,41.730230575012072],[-70.98386187853923,41.730109013079073],[-70.984088879804389,41.730070155547381],[-70.984660502815302,41.730117762436208],[-70.984924500641924,41.730111573935652],[-70.985232124589686,41.73006119395135],[-70.985532021226206,41.730000153890941],[-70.985854123564152,41.729927868685451],[-70.98606594219109,41.729833746152238],[-70.986306659181551,41.729673306502967],[-70.986489228711037,41.729524398938899],[-70.986693144629058,41.729276636961536],[-70.987324594109836,41.729522040743454],[-70.987874393767427,41.729652817207757],[-70.988864142359247,41.72980915638923],[-70.989325638663715,41.729830404911873],[-70.990000096010533,41.729899784841081],[-70.990586491796819,41.730024499544498],[-70.990946302302078,41.73016683605379],[-70.991401172341412,41.730220639806895],[-70.991825689395384,41.730252337329041],[-70.992192524581682,41.730267479397739],[-70.992580487655033,41.73025570343345],[-70.993422328239078,41.730165453520002],[-70.993774014285734,41.730181153352945],[-70.994184527590889,41.730251045403243],[-70.994691136872447,41.730480637325158],[-70.995153987182221,41.730726869827308],[-70.995712434852933,41.7310444727337],[-70.996145687821354,41.731219171014473],[-70.996453933939449,41.731394395338945],[-70.996623526577309,41.731547667273766],[-70.99668272914279,41.731707203811631],[-70.996881484660449,41.731942717679615],[-70.997167877027309,41.732085250216187],[-70.997395013079782,41.732090214607069],[-70.997716848337575,41.731990343470883],[-70.998200949205057,41.732043618653393],[-70.998471783643325,41.732070742398783],[-70.998728295890913,41.732069620983516],[-70.998948464929015,41.732135326334621],[-70.998993516100981,41.732398881719952],[-70.999141929185399,41.732755719536712],[-70.999326372478166,41.732947858502271],[-70.999503436241483,41.733146177255421],[-70.999825501513442,41.733001823070865],[-71.000252496621968,41.733165223540901],[-71.001077805545521,41.733563833242734],[-71.001438279192115,41.733672915784858],[-71.001783177525425,41.733621483789776],[-71.002083965217963,41.733631262852278],[-71.002451967429764,41.733761713771621],[-71.003770549432474,41.734307146875814],[-71.004300681482889,41.734503574720542],[-71.00497009705866,41.734704567267329],[-71.005419163090721,41.73484607526359],[-71.006126392142548,41.735178948726258],[-71.006635629154559,41.735545804289018],[-71.00709365023225,41.735945659366635],[-71.007706864279299,41.736439011284808],[-71.008216077441389,41.736811441845482],[-71.00871169171306,41.737327329709366],[-71.009298112095962,41.738244899611843],[-71.00985642082432,41.739272009919297],[-71.010662715638389,41.741119515687892],[-71.011169601857489,41.742164495635222],[-71.011869593745587,41.743521917435878],[-71.012539882268271,41.744868583304047],[-71.012974061815086,41.746012283771819],[-71.013333227803912,41.746936062943206],[-71.013610803852501,41.747744786015325],[-71.013824390882476,41.748889701608796],[-71.014763538438245,41.750088400564898],[-71.01534932623818,41.750418987524121],[-71.015869226917815,41.750766128234012],[-71.016162360755729,41.751019475908237],[-71.016352321675086,41.751338201436326],[-71.016322722198737,41.751690388447152],[-71.016175584406113,41.75228958649501],[-71.015948127130088,41.752888533093063],[-71.015911194375917,41.753224302188414],[-71.016027940837333,41.753526420434731],[-71.016613890850323,41.754126570525912],[-71.016840650335652,41.754748153861456],[-71.016993858266474,41.755254178205099],[-71.017030131608678,41.755688757873749],[-71.016920150331615,41.755985411794398],[-71.016956481784021,41.756205614941116],[-71.017227637979957,41.756475163094159],[-71.017585950173753,41.756811526614861],[-71.017893734127455,41.757135790344108],[-71.018655297036204,41.757544174827707],[-71.018984946171088,41.757808383614886],[-71.019233851072684,41.758160576426405],[-71.019365603642115,41.758485263523369],[-71.019489623951898,41.758814959882656],[-71.019387004930977,41.75918871835291],[-71.019196227148697,41.759276869296897],[-71.018947299841514,41.759342175242139],[-71.019129824043844,41.759551740321896],[-71.01943052981666,41.759716785506399],[-71.019606117585354,41.759777760457453],[-71.019899368123475,41.759767111906605],[-71.020141297461166,41.759640999821634],[-71.020420206214084,41.759410330560321],[-71.020537572450351,41.759217786523557],[-71.020617984959287,41.758998075941903],[-71.020808658620481,41.75879521579779],[-71.020926458987489,41.758624642076526],[-71.02084556884823,41.75845944519012],[-71.020538338514328,41.758266825117808],[-71.02020853374232,41.757958142220296],[-71.020084377559016,41.757694262693583],[-71.019996321994057,41.757330954862269],[-71.019974931141249,41.75691327578275],[-71.02012938719345,41.756456991682555],[-71.020349765774171,41.755852424867555],[-71.020342667424273,41.755324601430992],[-71.020218429370161,41.754912161545619],[-71.020035310397759,41.754527024576674],[-71.019874730027695,41.754262991271759],[-71.019786567990877,41.754042570581881],[-71.019764771754225,41.753823059891182],[-71.019882157281685,41.753498883328646],[-71.020066043635339,41.753317334469308],[-71.02038106242297,41.753141919800065],[-71.021311713479079,41.752867892150931],[-71.02271910530105,41.75228685051836],[-71.023730643840139,41.751804347631662],[-71.024046063989033,41.751524302246146],[-71.023899679078241,41.750919275963952],[-71.023885289576072,41.750672155866198],[-71.024178836903616,41.750051050752816],[-71.024613715310096,41.749889630583674],[-71.024979701330665,41.74971171491331],[-71.025441587591843,41.749571832899939],[-71.02605765451608,41.749409451316474],[-71.026753562456548,41.749196887746614],[-71.027237442554224,41.749057089860656],[-71.027508184454973,41.748929281166454],[-71.027668281737064,41.748708275548829],[-71.027707434764949,41.748063507095381],[-71.027453569977709,41.747519444512825],[-71.027761964347931,41.747501635871963],[-71.028459903865169,41.747515151819584],[-71.029465640114935,41.747477714369971],[-71.030127031461504,41.747507455731331],[-71.030723123679934,41.747653971538405],[-71.031275217885877,41.747832896330053],[-71.031849672329898,41.748012540595077],[-71.032652213441736,41.748272980335365],[-71.033387709066389,41.748413301325286],[-71.034497337653704,41.74850733792919],[-71.035672374774336,41.748502050157761],[-71.036604822051203,41.748459118751903],[-71.037500028781622,41.748328783276037],[-71.038144546976355,41.748116481835957],[-71.038730464313076,41.747860541933946],[-71.039037241966497,41.747633361714009],[-71.039432268723843,41.747422203888675],[-71.039717166730938,41.747277586739685],[-71.040046951916182,41.747160251101022],[-71.040574994691539,41.747058840505261],[-71.041764137915422,41.746926865773609],[-71.042446759239155,41.746896386702389],[-71.042997414473049,41.746893555480888],[-71.043393605341038,41.746836620879748],[-71.043820346032064,41.746878847222668],[-71.043982919920794,41.747043274323524],[-71.044102217778303,41.747274424959805],[-71.044279420741262,41.747427655643449],[-71.044508072786684,41.747531571836866],[-71.044934622585259,41.747601344331237],[-71.0454722047416,41.747763845592267],[-71.045649817334393,41.747961553694054],[-71.045710826488786,41.748275213440053],[-71.045839557197837,41.748770386284221],[-71.046049424885609,41.749353037508058],[-71.046190494510469,41.749550599082347],[-71.046625698734971,41.749741408442986],[-71.047478181898953,41.749820158874961],[-71.04896901105235,41.749774841439447],[-71.049394561424506,41.749767522131378],[-71.049696239343007,41.749799147466661],[-71.049814616248725,41.749908739374824],[-71.049808762581847,41.75009103970406],[-71.050145915772987,41.751009661362971],[-71.050248268365038,41.751312227283798],[-71.050240874096957,41.751559797834787],[-71.050167661065373,41.751763260806726],[-71.049933136030049,41.751960414177205],[-71.048503573029592,41.752635610985571],[-71.048196223026309,41.752690124766779],[-71.047924923209109,41.752662577679445],[-71.047697868494694,41.752618368858684],[-71.047682964329653,41.752838358348001],[-71.047756245770444,41.75310200544132],[-71.047909980775515,41.753261799850833],[-71.048349717237727,41.753394096884925],[-71.049302316946253,41.753571189836798],[-71.049536354469055,41.753631809655346],[-71.049763540572954,41.753709238692011],[-71.04990470615941,41.753827924160063],[-71.050218055470992,41.75377577038762],[-71.050709016705554,41.753720805038967],[-71.051412612417849,41.753743836235799],[-71.052409056847978,41.753860301338463],[-71.052995364015075,41.753943096067012],[-71.053266138961732,41.753943618114015],[-71.053720714766854,41.753916138212368],[-71.054057378835182,41.75391691650524],[-71.054380108633453,41.753950232410759],[-71.054672945550379,41.753994144850225],[-71.054951383617976,41.754016571654581],[-71.055390997506194,41.753962015759761],[-71.055574224658741,41.753912670640361],[-71.055801675055335,41.753797681203167],[-71.056007033310706,41.753539627668538],[-71.05622662949699,41.753187631411492],[-71.056445350306689,41.753065223719148],[-71.056248913327536,41.752593479083963],[-71.05605102054821,41.751933732751702],[-71.055626460406614,41.750932674933793],[-71.055106235441286,41.750134993853685],[-71.054792822884522,41.74968187730213],[-71.054539731627813,41.749303275704747],[-71.054368137924556,41.748962177390325],[-71.054233571847149,41.748621763944321],[-71.054112778128498,41.74820316273469],[-71.054072286663228,41.747751742464175],[-71.05404748850232,41.747377364622665],[-71.05407444622,41.74706351371352],[-71.054283673328911,41.746610729981036],[-71.054523581732653,41.746240268987087],[-71.054806598145746,41.74584242490657],[-71.055156674436219,41.745499404048694],[-71.055967168603544,41.74488410770018],[-71.05630287238607,41.744618188392792],[-71.056675417017516,41.744396169136287],[-71.057093230700204,41.744250945579623],[-71.0575619797321,41.744110960409685],[-71.05800137880675,41.743938266293085],[-71.058323044789475,41.743788073215555],[-71.05854931556766,41.743594292111055],[-71.058665088040684,41.74336793947959],[-71.058662278702627,41.743026331048007],[-71.058505168213031,41.742641447374368],[-71.058171726334336,41.742235531334089],[-71.057925206122391,41.741707862560887],[-71.05760553720161,41.741241223799022],[-71.057977537039591,41.74090332156176],[-71.058304877288037,41.740521397259251],[-71.058645613941948,41.739974667545539],[-71.058884717418351,41.739521991242796],[-71.059057257121552,41.739064014702521],[-71.059279983521009,41.738440295300357],[-71.059379641143238,41.738021472081407],[-71.05916882533927,41.737372395075866],[-71.058930155338913,41.736910575250249],[-71.05883305376787,41.736663139585026],[-71.058631997013308,41.736377665804632],[-71.058417034058721,41.736087005668111],[-71.058297797625883,41.735894675930183],[-71.058289689360763,41.735746084619777],[-71.058617953743862,41.735452488632042],[-71.059165322440151,41.735075286090591],[-71.059588940658429,41.734775843920609],[-71.060019677129532,41.734454548876037],[-71.060319231024152,41.734243580427759],[-71.060634151752524,41.734192394834849],[-71.061288507663804,41.734283333319482],[-71.061912954319212,41.734318870709728],[-71.062360370399276,41.734245230750993],[-71.062579129887325,41.734018189504546],[-71.062963289189611,41.733421463620054],[-71.063121952561133,41.733034916534912],[-71.063126150631646,41.73264948740583],[-71.062867261979861,41.732435738172448],[-71.062344453787944,41.732234569756628],[-71.061961572011455,41.732049063381481],[-71.061702440895715,41.731819013973251],[-71.061664127278988,41.731604490127111],[-71.06169724513029,41.731174694402988],[-71.061921689934394,41.730765893074931],[-71.062206553139788,41.730555403424262],[-71.062417810439314,41.730333915910784],[-71.062494744130063,41.729876197016118],[-71.062521863743981,41.729584223541949],[-71.062732614294106,41.729313213556381],[-71.063091156778881,41.729118760988896],[-71.063339124153202,41.728941350341408],[-71.063689195742526,41.728631526955127],[-71.064161312582613,41.727978861430962],[-71.064611667307148,41.727343577795772],[-71.064917294028177,41.72702790842996],[-71.06544401080167,41.726755309284414],[-71.066218433186577,41.726393615430752],[-71.066107407619526,41.7262125796451],[-71.06529898783846,41.725158862820386],[-71.064899235668804,41.724720119735196],[-71.0645504496607,41.724280939901028],[-71.064379137824005,41.724006304177848],[-71.064321195637731,41.723726339746378],[-71.064307762000894,41.723334630514607],[-71.064319277729851,41.722932392470682],[-71.064403915183433,41.722469569678232],[-71.064547713833193,41.722072249418694],[-71.064816110340459,41.721696293728542],[-71.065159179839569,41.721419572519594],[-71.06565608408242,41.721141276406861],[-71.066439793139097,41.720906207684834],[-71.067157716008637,41.720748584799807],[-71.06789078349,41.720607851664695],[-71.068322831074255,41.720445714690598],[-71.068468273427371,41.720263402407042],[-71.068273250704621,41.719779798509677],[-71.068035501110344,41.719395162087757],[-71.06789311707162,41.719054194605008],[-71.067831293013612,41.718635831470642],[-71.067805934913395,41.718245157838503],[-71.067152265995304,41.717295042545459],[-71.066439962608868,41.716328943757318],[-71.06580903945968,41.715450395991638],[-71.06575226998649,41.714768154513443],[-71.065615392788459,41.71416835069892],[-71.065434525419676,41.713623480994663],[-71.06525486773802,41.713183868041938],[-71.065046263597097,41.712760440764065],[-71.064874476537469,41.712436283800322],[-71.064651943156505,41.712118054973189],[-71.064422536637153,41.711909463627343],[-71.064156634131038,41.711696320303318],[-71.064052785223566,41.711542320688942],[-71.064595374595811,41.71147912103153],[-71.065292611561958,41.711415338997497],[-71.066040127502689,41.711290519699368],[-71.066434546675751,41.711051715757833],[-71.066850354316557,41.710741503025531],[-71.067157518129122,41.710558097012054],[-71.067406173732763,41.710479720273568],[-71.068080955871537,41.710393957053647],[-71.06864563983477,41.710330821974246],[-71.069209226132642,41.710162967738938],[-71.070190127715861,41.709778439269435],[-71.070630109731326,41.709764883615449],[-71.071217571021407,41.709762055992833],[-71.071642407717974,41.7096775808252],[-71.07217679917207,41.709471336660101],[-71.072299708042905,41.709239414916482],[-71.072289869659528,41.708914076884888],[-71.071845088508368,41.707456698170134],[-71.071721645030053,41.706746567785274],[-71.073007612721,41.705991222836836],[-71.075740914894084,41.704573738572215],[-71.076565873849788,41.704024258013824],[-71.077282298800441,41.703679110941962],[-71.079674265344821,41.702654263256925],[-71.081992907807475,41.701678616221329],[-71.086081657924439,41.699989623922008],[-71.089651079752443,41.698545673515866],[-71.090094264092556,41.698019928517503],[-71.090223770277149,41.697738491521115],[-71.090169424648508,41.697314585435812],[-71.090159660208982,41.697038769364283],[-71.090222634556909,41.696697488786548],[-71.090489304050038,41.696100788301543],[-71.09087704360617,41.695074689645708],[-71.091084955987142,41.694478316758968],[-71.090963139423579,41.693972595767498],[-71.090789360913888,41.693383944517642],[-71.090591386234621,41.692503668670582],[-71.090437195239957,41.691633724123861],[-71.090380108716047,41.690907016397588],[-71.090480438798835,41.690658607425043],[-71.090713263681593,41.690409594550943],[-71.090812436010197,41.689985160317505],[-71.09050198277771,41.689733022567452],[-71.090177318614622,41.689487045280686],[-71.090064681957656,41.689200774556255],[-71.09003236824249,41.688826467590289],[-71.09010258688042,41.688440735250282],[-71.090148044916788,41.687757704102765],[-71.090089067661083,41.686821114890272],[-71.089835206306915,41.68544543688482],[-71.089626630706803,41.684201644587453],[-71.089623509058924,41.682985063697608],[-71.090017232275201,41.682607700607441],[-71.090367503168068,41.682413133370417],[-71.090733747736451,41.682312080130274],[-71.091173792919946,41.682277107397411],[-71.091782687330536,41.682301172390744],[-71.092376828798862,41.682265667327414],[-71.093336632702218,41.68210640635364],[-71.093813328734711,41.682049045355981],[-71.09430484243893,41.682041255117632],[-71.094679265210914,41.682088688083113],[-71.095119964793497,41.682158414546706],[-71.095620301968594,41.68233180287271],[-71.09601086138575,41.682505969737726],[-71.096393618182702,41.682641752153849],[-71.096841494384378,41.682717079629924],[-71.09746508341992,41.682697318628641],[-71.098234268080773,41.682539142556926],[-71.098966524833671,41.682370116841213],[-71.099603190572964,41.682141056086294],[-71.100252826430946,41.681796160781168],[-71.101196012742804,41.681389175716532],[-71.101736401986187,41.681111416157421],[-71.102387268146657,41.680854838532795],[-71.103031854055118,41.680680438317921],[-71.103573694768855,41.680573113615935],[-71.104101693788948,41.680586746789075],[-71.105130155536557,41.680697283708241],[-71.106077827164341,41.680841205159936],[-71.106399006724914,41.680641446022115],[-71.106888345360304,41.680379782019713],[-71.10760248361926,41.679808806930367],[-71.109951653159044,41.679962112890323],[-71.110115430988785,41.679377439313193],[-71.11017023560261,41.679134529520056],[-71.110285560171434,41.67871571632265],[-71.110589259111549,41.678207421732559],[-71.110791134966817,41.677754600467622],[-71.110771674594986,41.677242408319493],[-71.110693101059297,41.676675542035412],[-71.110563243916374,41.676070144756281],[-71.110070337093049,41.675053839108024],[-71.109785645977126,41.674377591870943],[-71.109560999349554,41.673800589747849],[-71.109086559870036,41.672381431263595],[-71.109151417872098,41.671455992376067],[-71.109023393604275,41.671065605849883],[-71.108745204549649,41.670273411640139],[-71.108311977801137,41.669367057363189],[-71.107945750785603,41.668580860487914],[-71.107832523491552,41.668168554731452],[-71.107847631525445,41.667408341403863],[-71.10783725821517,41.666201820962158],[-71.107899772454189,41.661508360714222],[-71.10776602227287,41.66048986051608],[-71.107407829627974,41.659753749445066],[-71.107130298205306,41.659061223256941],[-71.106918580964603,41.658307519162008],[-71.106853136721952,41.657547657677995],[-71.106773733499566,41.656793330127911],[-71.106669770194941,41.654937594928562],[-71.106311988945862,41.652620176009876],[-71.106374691487545,41.652184887988106],[-71.106539383765451,41.651738068055877],[-71.106759388740358,41.65090491379749],[-71.106814905525709,41.650524702844308],[-71.106545138039209,41.649826529568656],[-71.106413321154648,41.64902808265213],[-71.106256767109826,41.647861031771384],[-71.106219856080642,41.646115372224955],[-71.106145709551754,41.645173606926136],[-71.10612948157457,41.644105001117431],[-71.106027794640326,41.643367432456401],[-71.105670168023053,41.641876633919367],[-71.105166262509343,41.640441689007289],[-71.104793759465252,41.639694174834247],[-71.104272542734492,41.638793710627525],[-71.103884523842964,41.637996619480873],[-71.103166322739213,41.635460766116594],[-71.102720337729338,41.633915087475557],[-71.102336465110241,41.631840661465354],[-71.101736276484331,41.630262926626457],[-71.101490927252556,41.628980761329878],[-71.101261362923452,41.627824611515344],[-71.101211444812947,41.627169422857143],[-71.101280670699936,41.626690222757922],[-71.101372698140437,41.62628763337041],[-71.10167899766536,41.626104132742817],[-71.10231529977851,41.625957800699425],[-71.103062467919486,41.62587100606531],[-71.103735379432493,41.625664019469539],[-71.103975390933599,41.625448138674102],[-71.10409048273749,41.625232452644042],[-71.104177700054862,41.62509995294478],[-71.104281006563298,41.624810576067276],[-71.104580023235087,41.624502072061922],[-71.104806646913531,41.624237793521587],[-71.104893776031361,41.623885874730441],[-71.104775159432705,41.623176967446788],[-71.10474471319209,41.622550029483371],[-71.104714380020155,41.622060307089569],[-71.10480126319014,41.621631226489555],[-71.104873622483069,41.621163919989563],[-71.104792744330865,41.6207955707956],[-71.104782797880134,41.619569333052809],[-71.104825782630883,41.619195292005529],[-71.104935124710138,41.618898012373656],[-71.105176024441462,41.618688974984877],[-71.105482921342954,41.618556606913508],[-71.106046819691983,41.618600249453323],[-71.106712986555465,41.618676295972676],[-71.107444442330774,41.618593290043719],[-71.108710372945097,41.618420913886482],[-71.109346852265617,41.618387628867623],[-71.109600441773708,41.618396963525448],[-71.110082095710538,41.616637869145208],[-71.111187851225381,41.613337329204434],[-71.11160252768812,41.61224255655388],[-71.111629957329455,41.611439077410317],[-71.11147394231017,41.610301297233889],[-71.11124576167208,41.609669093248201],[-71.1110920427964,41.609537474662361],[-71.110930110795451,41.609020292831808],[-71.110658419944613,41.608679475825305],[-71.110408664389013,41.608322436807555],[-71.110349733872127,41.608031327875921],[-71.110246489758211,41.607629772626289],[-71.110399346452496,41.607310668299078],[-71.110881393573479,41.606732666887297],[-71.111289899515171,41.606292347369767],[-71.111677085282594,41.605984126658932],[-71.112107960988183,41.605631665940194],[-71.112582469538467,41.605026080614863],[-71.113005172385542,41.604277429538314],[-71.113178515389791,41.603303918426271],[-71.113250312560837,41.602479251450518],[-71.113234039399188,41.601698132338605],[-71.113319592861998,41.600780054617474],[-71.113529846918254,41.59978983187375],[-71.113755621970768,41.599327453499505],[-71.114025452616872,41.599057721648563],[-71.114486308249781,41.598875792403021],[-71.121266661940737,41.598213238346119],[-71.121623813874336,41.597795129947592],[-71.121879148641085,41.597332924122867],[-71.122368508362655,41.596969274953942],[-71.122814177435927,41.596732159491289],[-71.123318604838261,41.596517205904135],[-71.123647144590549,41.596412502114219],[-71.12402774667801,41.596367663594272],[-71.124482198981525,41.596389964713048],[-71.124899285440904,41.59634128225489],[-71.125198978327546,41.59636928201315],[-71.125396076772404,41.596507237025783],[-71.125468536567922,41.596771371703156],[-71.12545235954012,41.597260844677791],[-71.125655189442554,41.597998728679897],[-71.12639224347862,41.601125407138369],[-71.128008461359698,41.600858890370837],[-71.12918618310438,41.600789630265652],[-71.130618767004918,41.60080888183824],[-71.13154748165293,41.600799561940214],[-71.132153678705706,41.601098014644286],[-71.136769355839689,41.60136217184543],[-71.131620845214428,41.593761229576884],[-71.127713914174805,41.563264531754328],[-71.127625077394939,41.562564210187979],[-71.126228180806024,41.551561717803324],[-71.124581277262081,41.539581491947075],[-71.124478426527489,41.537316745865141],[-71.122549175630198,41.522150534820973],[-71.120780741695214,41.500118421470098],[-71.120584858901211,41.497681214322789],[-71.120469527884509,41.497175997151423],[-71.120218222298618,41.497144814081764],[-71.119936050334047,41.497128653092503],[-71.119424813415989,41.497147737608536],[-71.11901203052561,41.497063699202798],[-71.118591533896137,41.497008264785642],[-71.117949656909602,41.496924442495214],[-71.117544559906605,41.496817285386399],[-71.117223690200206,41.496784150464713],[-71.116825693483236,41.496631456553757],[-71.116572764868394,41.496511844623548],[-71.115992276249855,41.496457030190825],[-71.115765705726957,41.496795518505628],[-71.115721506501131,41.497036845205841],[-71.115754249562229,41.497288426498379],[-71.115823962798117,41.497505919318307],[-71.115841988475779,41.497855409860264],[-71.115759979697984,41.498130912252734],[-71.115632702453695,41.498446147163378],[-71.115390588206864,41.498739023932828],[-71.114949781871744,41.499033026763016],[-71.114646376045357,41.499320651926745],[-71.114275361814393,41.499717800295471],[-71.113772970363357,41.499954686486845],[-71.11338554682952,41.500092382507795],[-71.11271642599614,41.500509848155964],[-71.112016939259036,41.500738760765223],[-71.110464780459125,41.500938814482126],[-71.108579005927524,41.501423560836741],[-71.107909606600785,41.501742047790493],[-71.106114506933764,41.502315391979458],[-71.105018642185357,41.503092644791387],[-71.104441311814242,41.503643814857689],[-71.103710785447745,41.503846097700439],[-71.102585443270812,41.503920943245575],[-71.101550575439063,41.504218934579242],[-71.100546078301505,41.503985270573857],[-71.099146244002171,41.504055693977456],[-71.0986903450233,41.504217317800226],[-71.097807958469645,41.504242284745445],[-71.097169071488011,41.504037437198569],[-71.096255458412671,41.504171494940344],[-71.094581738694387,41.504103131973402],[-71.093639032621994,41.504291086361526],[-71.092634359815463,41.504994267053981],[-71.092086949524941,41.505247192590048],[-71.091478633166261,41.505772255412595],[-71.090961469602561,41.506069762290828],[-71.088344314448307,41.507054116189153],[-71.088102084518468,41.507265902449134],[-71.08831488143592,41.507739364296945],[-71.088831718190647,41.507720980129967],[-71.089501181266797,41.507510738699061],[-71.090018596174275,41.507420322342199],[-71.090657929006994,41.507444509288639],[-71.091723488976598,41.50772241813408],[-71.092514510560832,41.508059565533912],[-71.093245111271074,41.508217499075826],[-71.095741069532963,41.508973718148859],[-71.096106357262713,41.50924620759865],[-71.096471771703435,41.509708402332159],[-71.097872238593766,41.510664965154668],[-71.097843091955767,41.513440224003219],[-71.097326462949354,41.514467594505504],[-71.096626409744218,41.515039088435543],[-71.096139877786243,41.515543270871248],[-71.095865723389352,41.51595357980981],[-71.095470906283865,41.517393381066334],[-71.094832059387699,41.518243023782681],[-71.094650012619283,41.518444414753837],[-71.094637709673975,41.518666039724017],[-71.095015687931578,41.519023662044873],[-71.095654425814146,41.519065825528301],[-71.096141897623809,41.519273023639229],[-71.096445942952371,41.519501986559412],[-71.096842355362242,41.520188210053838],[-71.096903590368981,41.520547491558098],[-71.097299815829032,41.522333233745428],[-71.097665597170575,41.52290292895222],[-71.097848297010671,41.523476386187113],[-71.097818668218864,41.524188736962564],[-71.097757342419797,41.524415320614011],[-71.097818754746527,41.524900562791849],[-71.098214526953385,41.525199623872204],[-71.09873241820776,41.525379277290973],[-71.099128084456012,41.525696432048278],[-71.100072127571707,41.527300694356192],[-71.100834039294952,41.528260009975952],[-71.101382579762443,41.528718330700364],[-71.101656203795301,41.529109777876151],[-71.101900560352519,41.529564777270366],[-71.102084235757587,41.530183249072806],[-71.10232728875782,41.530521196027095],[-71.102784233750057,41.530818834668956],[-71.103331846255855,41.531006944284094],[-71.104915052787931,41.531140226961483],[-71.105555036008809,41.531390051898768],[-71.106043038220676,41.531921248859653],[-71.10677390104432,41.533043111688272],[-71.107352490653099,41.533519424602474],[-71.108906051889647,41.53420230916629],[-71.109271853460911,41.53450185838421],[-71.10991128607975,41.535598536103699],[-71.110519987293088,41.53593880165834],[-71.111951411779813,41.536146915126672],[-71.112378176904357,41.536534897988403],[-71.112804722793243,41.537059193098159],[-71.112926905622871,41.537542923401269],[-71.113109475542245,41.537909362310785],[-71.113323642238015,41.538004629861305],[-71.114084024447308,41.537819221935266],[-71.114662405750877,41.537907891344737],[-71.116703857325092,41.53927542720006],[-71.117222131420831,41.539779757111717],[-71.117435577482766,41.540379216360975],[-71.117801495971662,41.540651637426784],[-71.118714728103583,41.540923105631741],[-71.119050671404992,41.541340650125363],[-71.119050323400771,41.541862858066949],[-71.118594939022628,41.542646353516567],[-71.1185647526206,41.543187638923634],[-71.119295412805442,41.543191711985891],[-71.120360690730323,41.542505422881504],[-71.120634877269836,41.542527677937734],[-71.120909079986944,41.542729554298681],[-71.121213606142433,41.543255570896861],[-71.121396747149419,41.543738955046678],[-71.121398351692974,41.54509013137536],[-71.121216097255015,41.545571216358077],[-71.121247118413166,41.546344999643658],[-71.121521193187789,41.547241232097441],[-71.121584234074859,41.54795164661558],[-71.122040945784576,41.548934560815681],[-71.122468016314613,41.549295495577461],[-71.124051991366485,41.549708164286024],[-71.12450886273497,41.549915678531534],[-71.124539758320282,41.550329406290139],[-71.12335137131636,41.550351310830557],[-71.122438075585166,41.549962833292],[-71.121555042166605,41.550033002888775],[-71.120610698662318,41.549870667743932],[-71.120002187138368,41.55005320683955],[-71.119757935774786,41.550030420356549],[-71.119636031231082,41.549870738254548],[-71.119635219674535,41.549320975308909],[-71.119482721163479,41.548864071527348],[-71.119147535102783,41.548312017035691],[-71.118964716511741,41.54819831836781],[-71.117898717295375,41.548082731136844],[-71.117533016127666,41.547927358108701],[-71.117379620674896,41.546921228387845],[-71.117227704673212,41.546671406458984],[-71.116770471321615,41.546391922729526],[-71.114822010493057,41.546463570749488],[-71.114090774381339,41.546648452813649],[-71.113543117381937,41.547036536382791],[-71.113178351066566,41.547106242690305],[-71.111776680801796,41.546258450710575],[-71.11095495291363,41.546147054481111],[-71.110436535776131,41.546237563936273],[-71.10961520175421,41.546514395052689],[-71.108305420774201,41.547132843959055],[-71.107849080527146,41.547222385308814],[-71.107666090928674,41.547081656946062],[-71.107665890279662,41.546585917381741],[-71.10803086197545,41.545209625379933],[-71.10803009513711,41.544453319383287],[-71.107816660589918,41.544177431965345],[-71.107207209364873,41.543792671630911],[-71.106841440747587,41.543402539621511],[-71.106659052945247,41.543009710561883],[-71.106293168915769,41.542737163535122],[-71.105654040491075,41.542757994634627],[-71.105288386137929,41.543421910857738],[-71.105167409343323,41.543586346351084],[-71.10471088773771,41.54363094634995],[-71.103644461401359,41.543155078939925],[-71.103522421027108,41.542967827850063],[-71.103857083329544,41.541988682685847],[-71.103887098252031,41.541592088237863],[-71.102759208489942,41.540540396951293],[-71.101601951023056,41.53926458140436],[-71.100992281981789,41.538716551185118],[-71.100991267714804,41.537320447351071],[-71.100291223882166,41.536837371822479],[-71.099469039474585,41.536591376399862],[-71.098738063913402,41.536037323654064],[-71.09831104379046,41.535531611083734],[-71.097672383574363,41.535011641586863],[-71.097398080570827,41.533755295167232],[-71.097122988708847,41.533426767708164],[-71.096178727167697,41.53278640682182],[-71.095265895355936,41.532541768923068],[-71.094777943968339,41.532811847240403],[-71.093287716850327,41.534073146423665],[-71.09167406584973,41.535174798461064],[-71.0907912352084,41.535145779140507],[-71.090334337417104,41.534919580994874],[-71.089969072976132,41.534512019006733],[-71.089695000367158,41.534048422827631],[-71.089633958709385,41.532428091192145],[-71.088993252643135,41.530692036550583],[-71.088597522368133,41.529753146327451],[-71.088596863990858,41.529501042653173],[-71.087957504295389,41.527899951202798],[-71.088017895232227,41.526799478216709],[-71.087651355889136,41.526022215498671],[-71.086707419123968,41.524805544901376],[-71.086403946895132,41.524080728711887],[-71.085824283739754,41.523640859055988],[-71.085110132104674,41.522916250674129],[-71.084880549286524,41.522496202775088],[-71.084363213089873,41.522018738340584],[-71.080680378594167,41.521130760121849],[-71.0802531853451,41.521237224438337],[-71.07988812739508,41.521514445726332],[-71.079462208187479,41.52252181402897],[-71.0792492471993,41.522751157289882],[-71.078700682281067,41.522364757796808],[-71.078183392510823,41.521013463811023],[-71.077331766579931,41.520443067329573],[-71.076295948682557,41.520119576497478],[-71.075839384604649,41.519776273689182],[-71.075047213671525,41.51886286408206],[-71.074560772489548,41.518492973561422],[-71.073312396520848,41.518020098564335],[-71.072795058209735,41.517579225746161],[-71.072217001748328,41.516508408337096],[-71.071851597555664,41.516118794170659],[-71.070876916477644,41.515910820602244],[-71.070603449051191,41.516051053056799],[-71.070421205647932,41.516396462633921],[-71.070573342908375,41.517952414366057],[-71.070481906223932,41.519548500908137],[-71.070209021398284,41.519688734695251],[-71.069904049556214,41.519415219728145],[-71.069721095747866,41.518454469776785],[-71.068807707963146,41.518515739204638],[-71.068594785524169,41.518700044560028],[-71.068047046184887,41.519574734184076],[-71.067042541016875,41.520583814515206],[-71.066616810742602,41.52135704174438],[-71.066220790544634,41.522571558722547],[-71.066312883398652,41.524011410610946],[-71.065915914017879,41.524991288530892],[-71.06561170281195,41.525293997130262],[-71.065003441834804,41.525521260134092],[-71.064577169046672,41.525907321915668],[-71.063968185838718,41.526873414481678],[-71.063967657813365,41.527602706461735],[-71.064698829481486,41.528175532674929],[-71.064972573958045,41.528657195899562],[-71.06494190375561,41.529062781900741],[-71.064607539617228,41.529708680772991],[-71.064424889915188,41.530279710550026],[-71.064333009443558,41.534119406471653],[-71.06399877167884,41.534530579575097],[-71.063450992452886,41.534783907381431],[-71.062659452998943,41.535040885575413],[-71.062201629328129,41.535491013181918],[-71.061623752191096,41.536726152397826],[-71.061624112686886,41.53796982568322],[-71.061532304548095,41.538304856484238],[-71.061654115438927,41.538716702914002],[-71.061867596043442,41.538884094227441],[-71.062202016660649,41.539977615164908],[-71.062171600518553,41.541167057980886],[-71.062536971316774,41.541538785904969],[-71.062720807783577,41.541995258071822],[-71.062751062103715,41.54309381794868],[-71.06290305304266,41.543388191786626],[-71.063025141460571,41.544025668867022],[-71.063420423857323,41.54484760068101],[-71.063633993590201,41.544987978042016],[-71.063968261191249,41.546342058284388],[-71.064698833606613,41.547158069805235],[-71.065156168176983,41.54814959171329],[-71.066191528219818,41.549590802218056],[-71.066465760809606,41.550387500715026],[-71.066892637879263,41.550803296920101],[-71.067836269856016,41.552741593029644],[-71.068445527561437,41.553613300991003],[-71.068781169781928,41.554571212121225],[-71.06917687807001,41.556402162352143],[-71.06935925103474,41.556840070540609],[-71.069846896787993,41.557480096286319],[-71.070942901833448,41.558370470143707],[-71.071461625039646,41.559010066064758],[-71.071978677105676,41.559811628634378],[-71.072923633386566,41.560569240436536],[-71.073807166041277,41.561571422554998],[-71.074355259864745,41.562056793064251],[-71.074568613447866,41.562332203263551],[-71.074812011237128,41.563084377792968],[-71.074629901937769,41.563952546309658],[-71.074752343400661,41.565896708878824],[-71.074478439438849,41.566541063342903],[-71.073472635079668,41.568136065625936],[-71.073229822299808,41.569005084553559],[-71.072474831498241,41.570267255740312],[-71.072498720501386,41.57067593056091],[-71.072711735360912,41.570933335668343],[-71.073199884260248,41.571159091355632],[-71.073808731035768,41.571300933838117],[-71.074082605740998,41.571476451557714],[-71.074235495311584,41.571707697840445],[-71.074204980393901,41.572257975548105],[-71.073657579297191,41.572970540591228],[-71.073261258860015,41.573770375740246],[-71.073261073773367,41.574176078789762],[-71.073504504943003,41.574405505297072],[-71.073930986780468,41.574587178489814],[-71.074480090010766,41.575208236621464],[-71.074571414608627,41.575756089643725],[-71.074358569109506,41.576768741288014],[-71.074510874172816,41.577360760578379],[-71.074480419825278,41.577974064069664],[-71.073901975574159,41.579759117180338],[-71.073901918247401,41.580200295047902],[-71.075060554752653,41.581296865868005],[-71.07560866192722,41.582368096302417],[-71.075304436071406,41.584085483003044],[-71.074999743127862,41.583991516088886],[-71.074847295168183,41.583472156273146],[-71.074754999295294,41.582779611429864],[-71.074420741574059,41.582281449156881],[-71.073689164893693,41.581663667887746],[-71.073049216881557,41.581801361131312],[-71.0723790945476,41.582255234913731],[-71.07134381127851,41.583282789756225],[-71.071251325980739,41.583716866194493],[-71.071404591318412,41.584020236797755],[-71.071770083140592,41.584310811865933],[-71.071892466915131,41.584588134918171],[-71.071678876343853,41.585934543908948],[-71.071588005437292,41.586467666725532],[-71.072106520264001,41.587999068458998],[-71.072167127015234,41.589051641694994],[-71.071709809769303,41.589988007569886],[-71.070978229555109,41.590739842258365],[-71.068997715584246,41.591658550823766],[-71.068449339755233,41.592002028946453],[-71.068237241586829,41.592347863245323],[-71.068358881587002,41.593625131400415],[-71.068328405214274,41.594427509934086],[-71.068206367698238,41.59495204841253],[-71.068267595838165,41.595726053789939],[-71.068725197442589,41.596167799372424],[-71.069912817767062,41.596372091515981],[-71.070370508155435,41.596552725254853],[-71.0705531235335,41.596901226101437],[-71.070522823404815,41.597144750018295],[-71.070157724831716,41.597214318160852],[-71.068450661465874,41.597037859089866],[-71.068084445504155,41.596828303523971],[-71.067170780091942,41.596871465761467],[-71.066805464708011,41.597238682643521],[-71.066591730638137,41.598017222681349],[-71.06668326916477,41.598475136765522],[-71.067384188238265,41.599849692003517],[-71.067232016131499,41.600393292550343],[-71.067140282129458,41.600584270498224],[-71.066652220754719,41.600971277541902],[-71.066043324509948,41.601062861873885],[-71.064732798924766,41.601564304466784],[-71.064001629615561,41.601766334344184],[-71.063361062221404,41.602138156237267],[-71.062965223557683,41.602505783919341],[-71.062691276894597,41.603168748657147],[-71.062751794364459,41.604969079730509],[-71.062264371489434,41.605797789333941],[-71.06229542787969,41.606554214935535],[-71.062416687215133,41.607119120253643],[-71.062417068835657,41.608677922377495],[-71.06223390577567,41.609411013890835],[-71.060618472307269,41.611151486899388],[-71.060099957146903,41.61197214411969],[-71.059672989099923,41.61305146828974],[-71.059124955529924,41.613502947418169],[-71.059003037238284,41.613802385843151],[-71.059064067052958,41.61426072806421],[-71.059185783101299,41.614583080484486],[-71.060069852999334,41.615287619547892],[-71.060252081817211,41.616041299477303],[-71.059704329240148,41.616483688892167],[-71.059460341641156,41.61638874545374],[-71.05933855238159,41.615292079627963],[-71.059063552932585,41.614927535996088],[-71.058576464562236,41.614837319582975],[-71.05827118768299,41.614671186792023],[-71.058270926430097,41.614257018100822],[-71.057966415169517,41.613667806161509],[-71.057996587080169,41.61320765715471],[-71.058575768510366,41.61272875327009],[-71.059094191185793,41.61213427409583],[-71.059155684885269,41.611357948287456],[-71.059399350518348,41.610939053219262],[-71.059795791533077,41.610599081182571],[-71.060100172135066,41.610142694519958],[-71.060161212386362,41.609709675416653],[-71.060953756403876,41.608515255260663],[-71.060923422024388,41.608127981399925],[-71.060192032685123,41.608087428092503],[-71.059673448499083,41.608240732908449],[-71.05918577404735,41.608312582243769],[-71.058728763933118,41.607834155757381],[-71.058362447396647,41.607669586795886],[-71.058088598281017,41.607422002484675],[-71.058118953411253,41.606917376177435],[-71.05857667427054,41.606890973558144],[-71.058911619177053,41.607029039409412],[-71.059673534402009,41.607582926999299],[-71.060100061482785,41.607557567838143],[-71.060771047843076,41.606941702789626],[-71.06119764256492,41.606870781353884],[-71.061380388816445,41.606759481489618],[-71.061532734641503,41.606252534007226],[-71.061410995364895,41.606074242295477],[-71.061410662913119,41.605317304735813],[-71.061989808426915,41.604496335316917],[-71.062080956737773,41.604008238976505],[-71.062050520218861,41.60217975197466],[-71.062142346065897,41.601907745637753],[-71.065555827555045,41.600233834702706],[-71.065982640314658,41.599893327341327],[-71.06582979371592,41.599526385324701],[-71.065464011168146,41.599163761097579],[-71.065342265543151,41.597679315432941],[-71.064732368546103,41.596122772347798],[-71.064763042744801,41.59508630069265],[-71.065280904825755,41.594085547729598],[-71.06531102600421,41.593076084786958],[-71.065311041333075,41.592049129648728],[-71.064671155850974,41.591312883076114],[-71.064914855063876,41.590695986749417],[-71.066316249003918,41.590238197349599],[-71.066804490638276,41.589121357789836],[-71.067321964421538,41.588751929552771],[-71.0678711515869,41.588480489158506],[-71.069119782879838,41.588115542076913],[-71.069211019478729,41.587834524379097],[-71.069058402457529,41.587702312411004],[-71.068814803514982,41.587652948588556],[-71.067230978710668,41.587681230441007],[-71.066559750366679,41.587468256594896],[-71.065737496071876,41.587491587349611],[-71.065585016499313,41.587287252058367],[-71.065554046852682,41.586531368134622],[-71.065859120835569,41.586462756120994],[-71.067108491532494,41.586782650838842],[-71.067596475545216,41.586674844838143],[-71.0676267009855,41.586052538352611],[-71.06735179553047,41.585525949414809],[-71.06847946954197,41.584523451482852],[-71.067961550897849,41.584271632106017],[-71.06698616576395,41.584406394551969],[-71.067169066918467,41.583835360498099],[-71.068235106216932,41.583077439177572],[-71.068204784352758,41.582825852331453],[-71.067778511796888,41.582554122183879],[-71.067443189290913,41.582488109747025],[-71.067412822630871,41.582119385177009],[-71.067900673899658,41.58179485994674],[-71.068509487244057,41.581207435760938],[-71.068540391245094,41.580909892889849],[-71.068356462884651,41.580444336376736],[-71.068478389598297,41.580198910261103],[-71.069118348753022,41.579809141002428],[-71.070763441590458,41.578500297894955],[-71.071250658569255,41.577798143592453],[-71.071220278416305,41.577356850784604],[-71.070855199577792,41.576814083541421],[-71.070793582050811,41.576328824891434],[-71.071037487056941,41.575252101104233],[-71.070976357833175,41.574550757162143],[-71.070549783979217,41.574044311366983],[-71.070518637425309,41.573378554843927],[-71.071067614669474,41.571756013356605],[-71.071087454635574,41.570243477651964],[-71.071097029328769,41.56949396123516],[-71.071006160511317,41.569009132488738],[-71.070852868158923,41.568822808415057],[-71.070457288962956,41.567865847365184],[-71.070457378613483,41.56724459692316],[-71.071340593120695,41.567066150409943],[-71.072041213995377,41.565918578354633],[-71.071980153552246,41.564937492436307],[-71.071005516627324,41.564522439114228],[-71.070913920620157,41.563037664006487],[-71.070061312765446,41.562557787101625],[-71.06978635774702,41.562211276423511],[-71.069695626433472,41.561780378901389],[-71.069634381941995,41.561457186477618],[-71.069177549194862,41.561257914629699],[-71.067471185878617,41.561297617209604],[-71.067106183399289,41.561187552590525],[-71.066923857578715,41.560938177039105],[-71.066831936703423,41.560615406283105],[-71.066588485096361,41.560205352233979],[-71.065917570880572,41.559794204749494],[-71.065643914315189,41.559402670713801],[-71.065491999429227,41.559054279113361],[-71.065309073717003,41.558877467941954],[-71.064943557869356,41.558757310272746],[-71.064486609420101,41.558738721972297],[-71.063938369236553,41.559100094929633],[-71.063603438695722,41.561142093728996],[-71.063877479659908,41.562127964276854],[-71.064304456081501,41.562696832284786],[-71.064487371288791,41.563405399817711],[-71.064060362263774,41.564179244820643],[-71.063756358862335,41.564986153981422],[-71.063724954362527,41.565302241106657],[-71.063299417865551,41.565399645686597],[-71.063116111666304,41.56527685137425],[-71.062933228312644,41.564775905588725],[-71.062659618168766,41.564096158058454],[-71.062384976178194,41.563199778344234],[-71.062080578809386,41.562764179457503],[-71.061989590134544,41.562378382814629],[-71.061745427020512,41.562058351915738],[-71.060863029928029,41.561668957332095],[-71.060222300274162,41.560932681381395],[-71.060192249455909,41.560176259337773],[-71.060070311238391,41.559952946969666],[-71.059765047942548,41.55978744759755],[-71.056932579645235,41.559901312518036],[-71.056872389825557,41.559695164410961],[-71.057238032119812,41.559309974257914],[-71.057298706267716,41.558804296255936],[-71.057176603478098,41.558554599429812],[-71.056720256806059,41.558328268226347],[-71.056415470311123,41.558009699763453],[-71.056293679523648,41.557525278282348],[-71.056049967151409,41.557043171215987],[-71.055897951313341,41.556631200476545],[-71.055685104419368,41.555968600286299],[-71.055563623288123,41.554853384163494],[-71.054893440027755,41.553613298802809],[-71.053614954384301,41.551689964371171],[-71.052974973141076,41.550872617133486],[-71.051695829935568,41.548922247252435],[-71.051726062011511,41.546930851212792],[-71.051360773138782,41.546586189609151],[-71.051666406152961,41.545607620671831],[-71.051545111000465,41.544735499181613],[-71.05197139757307,41.54384528154992],[-71.052032314166738,41.543411636502377],[-71.051788043678457,41.542884499697664],[-71.051727391674561,41.540984492207151],[-71.051453963871069,41.539728034757267],[-71.050997166805885,41.538835408920804],[-71.050145897544908,41.536336860192037],[-71.049567562289823,41.534806829354693],[-71.049141809747624,41.534057837117153],[-71.048502545015538,41.532933712936817],[-71.048350042009673,41.532656874601621],[-71.047528115731666,41.531374454241003],[-71.047284869442379,41.530595299786256],[-71.047377034211777,41.529845484074613],[-71.047803038509173,41.529108343340788],[-71.04786403757862,41.527764793227995],[-71.047285530024851,41.527261704954626],[-71.04734711473246,41.526413357613201],[-71.047590191225297,41.526094067318724],[-71.047559573409615,41.525814832484997],[-71.047316826419333,41.52547685841013],[-71.047773130600916,41.52485625587628],[-71.047803765541332,41.524216039203949],[-71.046982367650557,41.523960661826962],[-71.046708759233908,41.523668031619543],[-71.046678580759178,41.523344320330047],[-71.047256493113196,41.523162682759832],[-71.047256824065386,41.5227935349304],[-71.047074052767471,41.52261660451444],[-71.047104586557055,41.522381551341404],[-71.047895943555162,41.52220517386845],[-71.048108573932552,41.522021446104176],[-71.048383074921574,41.521269024348541],[-71.048260920425733,41.521126730929169],[-71.04826187717488,41.520531954500534],[-71.04862712569242,41.520399523637181],[-71.0490222783489,41.520392631086935],[-71.049357159831374,41.520557737416638],[-71.049783269517306,41.520441751027192],[-71.049814084776358,41.519892111274544],[-71.049357602632497,41.518926910635045],[-71.049053626125627,41.518337675776237],[-71.048445115391374,41.517699959716438],[-71.048048761432938,41.517607715375846],[-71.047227074712509,41.517676469244329],[-71.046983757868745,41.517491553956368],[-71.046740455196186,41.516847362704091],[-71.046709740363212,41.516667707517925],[-71.045735688010637,41.516550186869232],[-71.04515806582512,41.516209066426853],[-71.044548666318519,41.516210583970796],[-71.044061586144679,41.516345393391788],[-71.043787888962044,41.516593514162835],[-71.04327029623866,41.516638701379755],[-71.042022334300768,41.51659765751284],[-71.041718411094379,41.51641410692563],[-71.04098803743814,41.516228831473711],[-71.040500826793775,41.515678808282722],[-71.039922939018567,41.515112568990915],[-71.040227304684436,41.514999006111694],[-71.040683767829847,41.514990770450154],[-71.041353667678592,41.515204525132724],[-71.041353400844812,41.514789726411273],[-71.041231443990824,41.514540012730258],[-71.040440820566516,41.513805808323866],[-71.040045502973669,41.513624133959468],[-71.039984340030571,41.513183247940013],[-71.039772230146369,41.512844751443495],[-71.038767303698748,41.512249852597066],[-71.037033819285327,41.510118474776696],[-71.036455181704255,41.509849334665425],[-71.035877067989347,41.509409214598541],[-71.035390410363362,41.508796055944373],[-71.033169373605404,41.507853442711152],[-71.032744133335328,41.507446528565644],[-71.03274399160388,41.507104389606134],[-71.033017900356256,41.506531535076604],[-71.033140311463413,41.505889899125364],[-71.032836414604617,41.505318627838278],[-71.032531836375199,41.504972984158464],[-71.031344744910726,41.504534201773815],[-71.030858178861834,41.504263252249288],[-71.030492569058737,41.503945442041385],[-71.03037084336593,41.503623688346146],[-71.030341241320968,41.503119361887933],[-71.030524003562022,41.502891065615174],[-71.030920110132882,41.502821214993077],[-71.032197204911824,41.503050498192096],[-71.032379945133471,41.502939246191339],[-71.032319420584187,41.502435873314333],[-71.032594125449194,41.502178780901581],[-71.033263385594964,41.502112838191685],[-71.033811016069322,41.502319382193456],[-71.034145230580535,41.502475527474608],[-71.034815896385766,41.502067443102511],[-71.035241547913103,41.50224926022161],[-71.035423185455059,41.5025701734778],[-71.035362417081515,41.503832684963669],[-71.035422810819782,41.503993917323953],[-71.035666711049458,41.504169316188772],[-71.037462123492915,41.504245887353868],[-71.03800965596875,41.504470417852509],[-71.038739568351119,41.505132903878902],[-71.039104388902814,41.506550208326708],[-71.039499450570688,41.506894490767451],[-71.039652216637052,41.507170892059428],[-71.039621845195271,41.507513987501554],[-71.039164715443277,41.508522250041402],[-71.039072874967601,41.509551082924162],[-71.039224690022166,41.509710433635064],[-71.039681540229495,41.510026784890599],[-71.04004673808015,41.510713712729647],[-71.040107269396202,41.510991900380951],[-71.040806371869152,41.512223187907793],[-71.041324119323534,41.512637198241919],[-71.041962219533204,41.513643681234377],[-71.042753466087049,41.514242282699371],[-71.043392918435714,41.5144924574277],[-71.044792937315037,41.514656725952776],[-71.047228119548606,41.515730607587891],[-71.049358246198423,41.516296141042545],[-71.050149505647255,41.516326921450492],[-71.050728054089703,41.516163726504082],[-71.051062627926001,41.515959677647636],[-71.051062745254328,41.515635007082068],[-71.05081909445785,41.515360512566183],[-71.050788398233053,41.515108289321788],[-71.051063155177104,41.514977743457145],[-71.051518659103763,41.514969370390084],[-71.051884738099474,41.514746896171111],[-71.052158778739624,41.515318538164472],[-71.052524215256128,41.515411186489743],[-71.053071280702355,41.515500497440911],[-71.05358868198303,41.515067568437502],[-71.053863500090557,41.514927382170818],[-71.054745451772177,41.514902754613004],[-71.055354147921378,41.51460351956807],[-71.055750383391356,41.514244926165382],[-71.055811407515392,41.514081929217802],[-71.05611559712483,41.513833268717356],[-71.056602860425826,41.513076617782239],[-71.056602466822,41.512752485573337],[-71.056116066586128,41.512571681903644],[-71.054776589052551,41.512316583782848],[-71.054502994754372,41.512023972473401],[-71.054503287732217,41.511843901011339],[-71.054807753405711,41.511451187055478],[-71.055172234069929,41.511471794122492],[-71.055720566563423,41.511633216449852],[-71.056207345962491,41.511723446810187],[-71.056663830983865,41.511309893703775],[-71.056572727016786,41.510626972611846],[-71.056420008092218,41.51033204709838],[-71.055994835748052,41.510376032690239],[-71.055385698512737,41.510693276492034],[-71.055051222978932,41.510699258422449],[-71.055020444381171,41.510059880013422],[-71.055263752975023,41.509848078091316],[-71.055843125163548,41.509693954277758],[-71.056938175108485,41.509917653618125],[-71.057911744792648,41.510440870046459],[-71.058094992427897,41.51086079274048],[-71.058306991376696,41.511037188867334],[-71.058733433975235,41.510948271436277],[-71.059037473536378,41.510717609903693],[-71.059190192470794,41.510282697790437],[-71.060315832545655,41.510695019232394],[-71.061534049716499,41.511637190486177],[-71.062051294360955,41.512546933508133],[-71.062050582397418,41.51284405044202],[-71.06250690512276,41.513854216778853],[-71.062903133276848,41.514333476048385],[-71.063876166639389,41.51481162073744],[-71.064911706636394,41.515207253374463],[-71.066463412110238,41.515359500766706],[-71.067285361088324,41.515155554451894],[-71.067893881312671,41.514856251691086],[-71.068929236907536,41.514837680178594],[-71.07057287506484,41.514123621863426],[-71.072398928816838,41.513784417899537],[-71.075838227559757,41.513668483302297],[-71.077116293353185,41.51380713696053],[-71.079246746421788,41.513786964680818],[-71.079703307569602,41.51368844627509],[-71.08204666840912,41.512889026505263],[-71.084512495123988,41.511925691072392],[-71.085789726129661,41.511857250955934],[-71.088255867862358,41.512452541133797],[-71.089229793355514,41.512479750200676],[-71.089868333669386,41.512017743502753],[-71.090598231923479,41.510490935676707],[-71.090506532631863,41.510051138549109],[-71.090263431711278,41.509911245266167],[-71.089440863696126,41.50971019270002],[-71.087859320701838,41.50968474164177],[-71.085271576552842,41.509758596861651],[-71.084115111663692,41.509644610257958],[-71.082806970066315,41.509370870401092],[-71.080097970059668,41.509158837151332],[-71.078332894361623,41.508794398105138],[-71.071606502122719,41.508266711344717],[-71.068198885255228,41.508202024506687],[-71.066463887912036,41.508044058060229],[-71.064059073972871,41.507537934597607],[-71.056663937111793,41.505751324065294],[-71.050760310298898,41.503577316823254],[-71.047413998177547,41.501906809892688],[-71.045740369188636,41.500927729298091],[-71.04452440215529,41.500202023549036],[-71.044316336185318,41.500122946511077],[-71.044004999257083,41.499964672295974],[-71.04369353962187,41.49980702698214],[-71.043341485704019,41.499581600141667],[-71.042973646276465,41.499336480694289],[-71.042475166600596,41.498971535156606],[-71.042206187940465,41.498685665223064],[-71.041830734624696,41.498418002234132],[-71.041523121714462,41.498092628762009],[-71.041277685316913,41.497898598764216],[-71.040894426376596,41.497601639280489],[-71.040686608298529,41.497355989321242],[-71.040425810504189,41.497133803935128],[-71.040110591200232,41.496802183275285],[-71.039841560179909,41.496459584574026],[-71.039626065863047,41.496116572234001],[-71.039287868266442,41.495734165557941],[-71.039057266988394,41.495511019179609],[-71.038734794216396,41.495174323150437],[-71.038603702617564,41.494985794197007],[-71.038503470329076,41.494802522698762],[-71.038440810686055,41.494556918760381],[-71.038492835175603,41.494350046828551],[-71.038614035278528,41.494132201690221],[-71.038688135366442,41.493736343149386],[-71.038785480139026,41.493438448568817],[-71.038927953683171,41.493042867843563],[-71.039033130860219,41.492704578588132],[-71.039260137110261,41.492359941344226],[-71.039395512243232,41.492101636636811],[-71.039866139729355,41.491682086484012],[-71.040253142764797,41.491234014168569],[-71.040358715848583,41.491073006860105],[-71.040547745501712,41.49074568027887],[-71.040622900193412,41.490568162921655],[-71.040696200038411,41.490081093167682],[-71.040557425424268,41.489829059783382],[-71.040334275951807,41.489520861850529],[-71.040157102742654,41.489280467126143],[-71.040018130965365,41.489006373379105],[-71.039940659894043,41.488805728420957],[-71.039947319765204,41.488628473935165],[-71.039915088406218,41.488347609999835],[-71.039744919509261,41.48803287304051],[-71.039582384387217,41.487655771645684],[-71.039535690295196,41.487438324499124],[-71.03956413288347,41.487145821952375],[-71.039700294966465,41.486876265641023],[-71.039798281704648,41.486687046758107],[-71.039759007663463,41.486503483465349],[-71.039673561806111,41.486263370071924],[-71.039588387581603,41.486068906121929],[-71.039487814688385,41.485851240263237],[-71.039386514520857,41.485468174674416],[-71.039400567815974,41.485278615289303],[-71.039391197334837,41.485049524890357],[-71.039374763956786,41.484803569023349],[-71.039334691194696,41.4844314663357],[-71.03928740551919,41.484213476482573],[-71.039270798393602,41.484041799845876],[-71.039215941455026,41.48374445723379],[-71.039099929701763,41.483509891526026],[-71.039006109147181,41.483103176457064],[-71.03892728286533,41.482742710883286],[-71.038834771448933,41.482553888828754],[-71.038734193513406,41.482387993149509],[-71.03830468331239,41.481994047561194],[-71.038151099416979,41.481840360596252],[-71.037943466527238,41.481594166053263],[-71.037714117086367,41.481520662269972],[-71.037417278549015,41.481624614450979],[-71.037165629560889,41.481671487178893],[-71.036601551534631,41.481759220340443],[-71.036319252315451,41.481805875933503],[-71.035861860942603,41.481859107421748],[-71.035435192179861,41.481951898810138],[-71.0355129000028,41.48223250009395],[-71.03550654338602,41.482415878030793],[-71.035584302066795,41.482656503352906],[-71.035646477998753,41.482833499192076],[-71.035662772936945,41.483079995290467],[-71.035771149124542,41.483308951062412],[-71.035864239736185,41.483549008687028],[-71.035987461798001,41.483794861787963],[-71.036134309910949,41.484052065913694],[-71.036249882448274,41.484246656780471],[-71.036381126663457,41.484509469074418],[-71.036436294518893,41.484778633021534],[-71.036385151449778,41.485145321992235],[-71.03638601870243,41.485340074092953],[-71.036227445463965,41.485627542089411],[-71.035947708306495,41.486029310568583],[-71.035743119170135,41.486304794893201],[-71.035539190569139,41.486637634704728],[-71.035311961634719,41.486930402583681],[-71.035000437421999,41.487189691131114],[-71.034756967391175,41.487310782090162],[-71.034483461068376,41.487511701539177],[-71.03438551932652,41.487758359275489],[-71.03460081925931,41.488021428620009],[-71.034892029870448,41.48818639910553],[-71.035152767542783,41.488409227369651],[-71.035305965474151,41.488534735446791],[-71.035528326692344,41.488699962442091],[-71.035719656127171,41.488785199765267],[-71.036078480091192,41.488824302990167],[-71.036484050883487,41.489006033575343],[-71.036714426444718,41.48920622507287],[-71.036983002534399,41.489422868601729],[-71.03735103398428,41.489696730074336],[-71.037681143816073,41.489999067353686],[-71.037865074753739,41.490164763359616],[-71.038057788697657,41.490507686322786],[-71.038188896828999,41.490742314584892],[-71.038220974775129,41.490977079838814],[-71.038276584459382,41.491303147666116],[-71.038339808262322,41.491652835972928],[-71.038371684371029,41.491915781738733],[-71.038427636192679,41.492310998792881],[-71.03845285558333,41.492683671745439],[-71.038393861265178,41.4930271904365],[-71.038312246720466,41.493468666619798],[-71.038207502635714,41.493812629289799],[-71.03817241889125,41.494311017686286],[-71.038113065349364,41.494620861211018],[-71.038237955674262,41.495038327915658],[-71.038315235629682,41.495215923995367],[-71.038416233770022,41.495559013287632],[-71.038402791376271,41.495845994459707],[-71.038289305772111,41.496006427610233],[-71.038100256654985,41.496299446677369],[-71.037956419578023,41.496500272285473],[-71.037410599502081,41.497143518672566],[-71.037069661110621,41.497539998683663],[-71.036804800004191,41.49796487966286],[-71.036448563067211,41.498372549938722],[-71.035855728791759,41.498838855525747],[-71.035354376373903,41.499207032955411],[-71.03483732220144,41.499592700917106],[-71.034274572233983,41.499920645739898],[-71.034031154688847,41.500093596577834],[-71.032503503991805,41.500513814639703],[-71.030281437265657,41.501309922645831],[-71.028454638023589,41.502386743723903],[-71.027663448997274,41.502679942747768],[-71.023189428788001,41.504011236060116],[-71.022398257311778,41.504376517854048],[-71.022175595602818,41.504682784825924],[-71.022032565138531,41.504878641983957],[-71.021635659871151,41.505903385152614],[-71.020935580359065,41.506528436002689],[-71.020813335899931,41.506890856883473],[-71.020873917689954,41.507439164784437],[-71.021178030390871,41.507920523017347],[-71.020934477712302,41.508375259715457],[-71.020569536444711,41.508724320480987],[-71.019777812778386,41.509089582039174],[-71.018011892654627,41.509679126952932],[-71.016033580281999,41.510092167673328],[-71.010828702646734,41.510984891198554],[-71.007814604236174,41.511668471061576],[-71.007419669565067,41.511918319631079],[-71.006687875946099,41.512715295869114],[-71.006170389265023,41.512949391147387],[-71.005134950231451,41.513057426259508],[-71.003703560653733,41.513604900346571],[-71.002030132637984,41.513679232676594],[-71.000021308423484,41.513290535383277],[-70.999502080144708,41.513176240980975],[-70.998877419734981,41.51309524239943],[-70.998125086513596,41.513287207113905],[-70.997699938095053,41.514023626555023],[-70.997791176524757,41.514319440596779],[-70.998491684888052,41.514613536916158],[-70.998826527829294,41.514931765076383],[-70.998826825600261,41.515138850666766],[-70.998431546006614,41.515532725340606],[-70.99818904939977,41.516149574830436],[-70.998006781953109,41.516692860212508],[-70.998402233602661,41.516722250004783],[-70.998919503550752,41.516416159589859],[-70.999406476060869,41.51635357235314],[-70.999285791095417,41.517265201177906],[-70.999163979691843,41.517492546424315],[-70.998890712343737,41.517632067414873],[-70.997003045276841,41.517178575439658],[-70.997246085437553,41.516265240098086],[-70.997123660678611,41.516050860621149],[-70.997123291534052,41.515807760017857],[-70.997397252160638,41.515487632855276],[-70.997397305490409,41.515190512142446],[-70.996909412754675,41.51477589238295],[-70.996696202992254,41.514041148265719],[-70.996969163090853,41.513450907795331],[-70.997789993027496,41.512941334489994],[-70.998611406274421,41.512738422671667],[-70.999506973470545,41.512549427538801],[-71.001391459433009,41.512780563929546],[-71.003339056160826,41.512737333546468],[-71.004070220083619,41.512553705293797],[-71.005410048298245,41.512350217654038],[-71.006322895121187,41.511982791641323],[-71.006293323169089,41.511623056863264],[-71.000814557347795,41.511781412304295],[-71.000540901002509,41.511866823398648],[-70.999474884915898,41.511795769461969],[-70.995292171796763,41.511436184533565],[-70.992979736666342,41.51102584314151],[-70.991792590574235,41.510704233853865],[-70.989905384337447,41.509908485457011],[-70.986953366219154,41.509473175025683],[-70.98445739296001,41.508903634945021],[-70.983180022678539,41.50890790836668],[-70.982510747944715,41.509108611241338],[-70.981932537816022,41.509838601746438],[-70.981295333268804,41.511966230170366],[-70.981418364100847,41.513386581894991],[-70.98129664239724,41.513595901246447],[-70.981297103643428,41.513983061372933],[-70.982849814762091,41.515126861747937],[-70.983245433258105,41.51557938783278],[-70.9833680332233,41.51601887514137],[-70.983126603344758,41.517644109530465],[-70.983248551357164,41.518254033578685],[-70.983370074396476,41.518485891252325],[-70.983826994960324,41.519198720416],[-70.983980005028073,41.519493116094509],[-70.983979771001174,41.520132375945217],[-70.98346320501156,41.521141318904164],[-70.982855153190101,41.521934744974679],[-70.982246781501189,41.522602745198967],[-70.981456828170735,41.5238411060798],[-70.979632799943914,41.526196223736356],[-70.978903356653433,41.527496159865443],[-70.977899487657425,41.528341854353627],[-70.977899590812086,41.528593957898323],[-70.97838724337592,41.528712077279543],[-70.97939072377909,41.528415691208103],[-70.9800908107417,41.528430694872874],[-70.98042566116635,41.528523975624466],[-70.981187739053624,41.529510483125485],[-70.981340280516022,41.530930430208564],[-70.981243335829276,41.531612556158187],[-70.981159228438614,41.532203623482779],[-70.981007152665129,41.532827513571824],[-70.980490299807144,41.533232565876872],[-70.979669154858001,41.53438127609995],[-70.979669810005532,41.535038547851116],[-70.979822531240416,41.535297023169662],[-70.980461561087395,41.535772642847633],[-70.981253483195005,41.536028907692938],[-70.981557427113685,41.535933506629554],[-70.982227060825849,41.535426774475233],[-70.983201630744361,41.535338297422598],[-70.983778840713768,41.534922882896907],[-70.984357991146922,41.535129178289786],[-70.984418887572573,41.535334828793715],[-70.984389938292452,41.5363712908404],[-70.984146141357556,41.53712307090575],[-70.983872162246726,41.53755967452571],[-70.983903919224318,41.537946436899581],[-70.984147257213991,41.538041451263453],[-70.984390183789955,41.537874906352556],[-70.984664072703779,41.53737473510617],[-70.984937940725374,41.537100285353688],[-70.985211064665009,41.535888818775931],[-70.985119106795665,41.535178821852831],[-70.985087796100913,41.534855087644416],[-70.98469164864062,41.534213488681424],[-70.984691521119487,41.533484190179955],[-70.984478418159227,41.533073555243675],[-70.984324989190355,41.532409917541145],[-70.984537961510398,41.531704096136096],[-70.984932745229202,41.531588840355447],[-70.986912370512911,41.532437398501031],[-70.988740450097154,41.533693826255579],[-70.988223806874217,41.534242973349656],[-70.988224070461172,41.53476518774422],[-70.988437178401341,41.534968731008618],[-70.988285382372851,41.535340528930682],[-70.987950985911169,41.535769486838348],[-70.987615987265158,41.535973439186506],[-70.986824711747317,41.535932679756506],[-70.986367191404511,41.535589641324492],[-70.98612400010478,41.535611590133307],[-70.986093947831051,41.536071722091144],[-70.987099852351022,41.537368929281364],[-70.987069334516747,41.537648445617187],[-70.986795829734291,41.53783349560743],[-70.985669106753775,41.537943193368008],[-70.98542580530362,41.538082188046396],[-70.985335208080926,41.538336131280481],[-70.985548307429923,41.538809790295012],[-70.985944120601943,41.539109244879441],[-70.985762206783434,41.53975164381707],[-70.986128335022983,41.540555709494768],[-70.986251010573255,41.541651922368729],[-70.986464489707828,41.542035544552384],[-70.987134865101254,41.542816852846926],[-70.987501102633985,41.54338681885416],[-70.988019595981385,41.543891113243902],[-70.988628092786456,41.544366548699507],[-70.989176418455656,41.544483273744184],[-70.989572252475241,41.544440575839005],[-70.990211470497428,41.544024236608983],[-70.991093642434194,41.543180768261649],[-70.991641577722191,41.543179801630181],[-70.992037162367694,41.543137094059439],[-70.993255535531944,41.543935492329787],[-70.993804237931286,41.544187161765961],[-70.994169967835177,41.544252987980713],[-70.994686579421,41.544045953026611],[-70.994687040633821,41.543865881598435],[-70.994503847728339,41.543661943218147],[-70.994564087818219,41.543363379472396],[-70.994960083207303,41.543131586401358],[-70.996573308775368,41.542536045346672],[-70.996785401101505,41.542280380948995],[-70.996816059809035,41.542099903168534],[-70.99715069471101,41.541850993693934],[-70.997576832856254,41.541960384178267],[-70.997911752914845,41.541873449790991],[-70.998336942520694,41.541001973276714],[-70.998367050152396,41.54052383130557],[-70.998731115891388,41.53974320045792],[-70.999217937392146,41.539446607148655],[-70.999492213352312,41.539450607823852],[-70.999294382702871,41.539816094812927],[-70.999395442556548,41.540286982257172],[-70.999507951903354,41.540949248081326],[-70.999781378641927,41.541016810197661],[-71.000025371094949,41.54135498239166],[-71.000937960546594,41.542185624584221],[-71.001973159780135,41.54266340324385],[-71.002641138021531,41.543300009680664],[-71.003250029697597,41.543505798195568],[-71.003737803042796,41.543443194947827],[-71.004286805807567,41.543010085920741],[-71.005078048552448,41.542897030466214],[-71.005047280600024,41.543141165833241],[-71.004316058839251,41.54410866113836],[-71.004315481214888,41.544307279535538],[-71.004772327972404,41.544587306430032],[-71.00580751998271,41.544515285901362],[-71.006203759442727,41.544589579496517],[-71.00638607176198,41.544928550004322],[-71.00632498934938,41.545110068462854],[-71.005836926265857,41.545550835644136],[-71.005501327078676,41.546097427736129],[-71.005349248368404,41.546577381075409],[-71.00525557107855,41.547813266596528],[-71.004707135475726,41.549021328756119],[-71.004460483273945,41.552755064665909],[-71.004247482260936,41.552957257712116],[-71.003759654368892,41.552893811855448],[-71.00327279756479,41.552550624104846],[-71.003060070746443,41.552067996952552],[-71.002694575667434,41.551903250286877],[-71.00245099844436,41.551952243649616],[-71.002329362131604,41.552134575154867],[-71.002328507561984,41.552522359519322],[-71.00269370791662,41.553281348342736],[-71.002601556219673,41.553895985490797],[-71.002753436137056,41.554172433120229],[-71.003271287209543,41.554631635896875],[-71.004154182873251,41.555085137897606],[-71.004427990900112,41.555359774640522],[-71.004548885741428,41.556141370576853],[-71.004456831547373,41.556295741997594],[-71.004363782781212,41.557694236212029],[-71.004181314795034,41.558084559134763],[-71.004180516893825,41.55865232714212],[-71.004393525115731,41.559179971710336],[-71.004332434786917,41.559406507556602],[-71.003752759145158,41.560299301043806],[-71.003631186285389,41.561013391155747],[-71.003386431151995,41.561720279844813],[-71.003385136005434,41.562243027381548],[-71.003507534623068,41.562474866884592],[-71.004024344503506,41.562907590636911],[-71.004268209133741,41.563461840971677],[-71.004176050871905,41.564030920907747],[-71.004175738701761,41.565201937126318],[-71.003809342638178,41.565514925267493],[-71.003444091543884,41.565494151105817],[-71.003382900164439,41.565314980577426],[-71.003445087082085,41.56409750578252],[-71.00216674671988,41.562912968449915],[-71.002137175792569,41.561966912944087],[-71.001802780970905,41.561603588885639],[-71.001833892882345,41.560963384147527],[-71.00195619895203,41.560573881488864],[-71.002717587004241,41.559795069056335],[-71.002992437858339,41.559087233113033],[-71.002840845267158,41.558864809120706],[-71.002079980780053,41.558220594190644],[-71.00229491781964,41.555982413244301],[-71.001747729556286,41.555225956125447],[-71.001351731898239,41.554989582191347],[-71.000864407067652,41.555106109569621],[-71.00055915553726,41.5556073524154],[-71.000132774402431,41.556254280977313],[-70.999736126422661,41.556270001396058],[-70.999737127851091,41.555972884588691],[-71.000499339912537,41.554608221874062],[-71.000500464250067,41.553572264266606],[-71.000318377619351,41.553097599864955],[-71.000349539902629,41.552160274632989],[-71.000776858168734,41.551404675243361],[-71.000655281689518,41.550533035413274],[-71.000533673129439,41.550373225595123],[-71.000473636271835,41.549572264966272],[-71.001114121607429,41.548497971725006],[-71.001175409181215,41.548200039413558],[-71.000961854730789,41.548104562459365],[-71.000597323542294,41.54806577453099],[-70.999530034867902,41.548678997162597],[-70.998983916486651,41.548410980360416],[-70.998435714907913,41.548042200614518],[-70.998313651264297,41.547819360663759],[-70.998221608715056,41.54699232675592],[-70.99797736394423,41.546807212011203],[-70.997186129883062,41.546560071374032],[-70.995267640042385,41.546169983336227],[-70.993835654883412,41.545717386327716],[-70.993866243317044,41.545987092718583],[-70.994323716437535,41.546699881218473],[-70.994507343323292,41.547335998191308],[-70.994263661596321,41.547429991846542],[-70.993959160178918,41.547318340099352],[-70.992435909853484,41.546084249805894],[-70.991918214979037,41.545714494288866],[-70.991400609030507,41.54574197899079],[-70.990577749649944,41.54546763943226],[-70.990273516607843,41.545761144411372],[-70.989878082159123,41.545767741845957],[-70.989360305695243,41.545470543866578],[-70.988873005589298,41.54547006186386],[-70.988264640659551,41.545606878487604],[-70.987594258888009,41.545465468426983],[-70.985797320606821,41.5447398411862],[-70.985552988903379,41.54425757769414],[-70.985035448107055,41.543726265241361],[-70.984851092627835,41.542522897387563],[-70.984698813242318,41.542264430962874],[-70.983815280543354,41.541631330162033],[-70.983723651594133,41.540777274582823],[-70.983844969739152,41.540459816232101],[-70.983753154947067,41.540164528235458],[-70.983083232830282,41.539662405904153],[-70.981835213222723,41.539414157328828],[-70.981500036093337,41.539131802176755],[-70.981347029460665,41.538521644065284],[-70.980007416556248,41.538724851584838],[-70.979033790196112,41.538498717131652],[-70.978698636630838,41.538495467916711],[-70.978516426494892,41.538885751066083],[-70.978303175381484,41.538952298915113],[-70.977358474279356,41.538500560646],[-70.977054034188171,41.538199245954004],[-70.976810330025444,41.538311749572244],[-70.976659157788646,41.538656614182756],[-70.976415455607039,41.538768576753931],[-70.975744892111237,41.538338977548271],[-70.975136603639186,41.538295650267706],[-70.974740965898377,41.53811311644008],[-70.974496811307105,41.538090107556016],[-70.974283554236024,41.538157188053702],[-70.973858710424921,41.539299228228174],[-70.973432702785388,41.539414301009039],[-70.973218979290579,41.53931877078859],[-70.973308506241537,41.537903356468661],[-70.974283043881798,41.537328306386541],[-70.974678744388129,41.536961527284731],[-70.975074679909284,41.536828843722937],[-70.975256851046041,41.53694277221738],[-70.975409366049675,41.537327304181353],[-70.976627280443935,41.53758556902239],[-70.977327397099984,41.537447526791098],[-70.977966786005481,41.536923213120467],[-70.977875004919184,41.53634826600846],[-70.976473156683539,41.534976581171996],[-70.976076976666306,41.534451999491445],[-70.975559946673386,41.534316807705189],[-70.974890124357643,41.534607501439936],[-70.97388583524355,41.534885837199987],[-70.973429339194865,41.535317067989396],[-70.972972237206207,41.535369509092263],[-70.9724859995342,41.535161876548273],[-70.972485105793794,41.534702684399292],[-70.972880444971508,41.534218862024318],[-70.973519762836474,41.53412674998939],[-70.974372287019051,41.533445880444219],[-70.974554253510249,41.533028051555021],[-70.974767019593429,41.53279944227161],[-70.976014610172768,41.532319009115398],[-70.976379691326116,41.532321774200192],[-70.976380899840549,41.533303181237962],[-70.976624220873404,41.533352743170035],[-70.976898110144859,41.533195270702755],[-70.976958426940513,41.532734650115238],[-70.977566724614817,41.532094318311401],[-70.977597317884943,41.531913214987355],[-70.976470281561205,41.531338539689756],[-70.975830717751521,41.530907913210186],[-70.975191720569953,41.530657899600577],[-70.973730512916873,41.530700654695181],[-70.972786579604303,41.530582107704667],[-70.972208886682708,41.530979456819161],[-70.971783451316625,41.532877885876964],[-70.971540422911332,41.533214933197833],[-70.970171708568174,41.534382363772373],[-70.969958668359283,41.534655981711978],[-70.96989811971676,41.535341149740688],[-70.969959604910287,41.536078568780923],[-70.970781715776468,41.537100451299509],[-70.970903792829233,41.537467290351003],[-70.97087411584063,41.538521754003014],[-70.969839337669768,41.538521428156038],[-70.969595952339219,41.538246218997358],[-70.969321832525608,41.538224139413764],[-70.969016871522754,41.538337510479323],[-70.96856068470791,41.538840122702027],[-70.968316939244502,41.539258823470085],[-70.968195399224285,41.539666211387029],[-70.968287606941828,41.540006532587206],[-70.968653118570188,41.540468512521528],[-70.969171035853861,41.540558721322853],[-70.969444824411966,41.54041936352521],[-70.969718468339934,41.539964245017309],[-70.969991681362117,41.539662186572826],[-70.970387613548993,41.539547616624652],[-70.971026617318685,41.539500445292411],[-70.971849474775553,41.539828409142096],[-70.972305846708778,41.540145120195028],[-70.973341194772885,41.540487566183337],[-70.973890265811093,41.54085647200597],[-70.974194302611551,41.541148249436979],[-70.974255834550547,41.541813636726751],[-70.97413409515238,41.5422931494818],[-70.973373530861537,41.543071234186002],[-70.973618365580876,41.543553526648061],[-70.974317837755535,41.543181403777233],[-70.974773957569383,41.543182344310651],[-70.975170806878495,41.543571968288489],[-70.975140224862756,41.543896499847641],[-70.973983540418928,41.543961465502932],[-70.972704408611932,41.544487920037938],[-70.9716701091197,41.544766727905539],[-70.971274362844426,41.544971340238504],[-70.970543969393859,41.545614581531581],[-70.969844015463792,41.54599559280318],[-70.96969185802034,41.546322436477375],[-70.969723053717743,41.547375473764163],[-70.969600811292409,41.547620793578098],[-70.968931054315533,41.548100440809797],[-70.968352410892692,41.548128165326787],[-70.968353170245848,41.547921083971204],[-70.968717606597153,41.547419663542897],[-70.968686907739453,41.545889522630937],[-70.968047037104085,41.545224755160092],[-70.967285528976532,41.544877873946611],[-70.967316291191096,41.544651845541566],[-70.968898766112403,41.544606857641782],[-70.969994844490344,41.544264257118336],[-70.9702690622875,41.543944195206329],[-70.971152003599201,41.543533061273237],[-70.97118200447558,41.543324945689406],[-70.970816066508974,41.543070056888112],[-70.970907143853992,41.542591575149345],[-70.969933269252707,41.542319712888684],[-70.96968918968237,41.542387271198251],[-70.969384529321673,41.542635700106466],[-70.968592796051695,41.542684848684914],[-70.967740570956394,41.542528333974701],[-70.966827338404784,41.542157148462358],[-70.966188190465274,41.542203665364177],[-70.966065740735885,41.541926856281599],[-70.966522558273496,41.541468645014113],[-70.966887540701137,41.541057360157033],[-70.967770316694356,41.540447540409247],[-70.967770119163646,41.540240454600863],[-70.967069454419047,41.53934301111471],[-70.967039011701573,41.538983260793763],[-70.968315868562286,41.538015679006357],[-70.968437717990241,41.537743888008222],[-70.968468286818904,41.537265755157009],[-70.967919695441054,41.536788780828118],[-70.967981096472755,41.536508873781138],[-70.968346095283778,41.536466645761102],[-70.969107994996193,41.536697014327757],[-70.969412215850738,41.536628658043071],[-70.969441870006406,41.536303493372301],[-70.969137409420227,41.535894653107917],[-70.968923914265446,41.535339927670876],[-70.968374407629383,41.533602524836382],[-70.968312819225972,41.532648925847788],[-70.968221528789556,41.532488142527917],[-70.967185872173673,41.531956570270964],[-70.965998738745853,41.531544655324218],[-70.964355304902867,41.531437871563391],[-70.963959345905891,41.531345425281614],[-70.963563803226478,41.531045894684624],[-70.963471761012727,41.530561511274257],[-70.962984743728171,41.530083093061748],[-70.960944835404234,41.529424617846537],[-70.960153167124673,41.528915568192602],[-70.959665563442357,41.52848269148236],[-70.958690821459825,41.526500115795507],[-70.958294896200542,41.525741916657111],[-70.957928865604643,41.524594989375849],[-70.957746239530309,41.523409591141323],[-70.957714877851004,41.521834335278356],[-70.95728798936436,41.519247694804008],[-70.957257774515924,41.518995987153637],[-70.957074749894289,41.518837006895872],[-70.956405165861341,41.517695915037841],[-70.956161018581142,41.516439270479751],[-70.955673020616075,41.515700338807321],[-70.954637810908025,41.514582872433316],[-70.954121273850802,41.514357547538445],[-70.953633602230397,41.514329900284018],[-70.953420766335299,41.514396403073185],[-70.953146950942497,41.514716335718141],[-70.952903831769703,41.51524305048418],[-70.952599543195433,41.516661915916544],[-70.952600607231162,41.517463249879505],[-70.952783042472518,41.518054411927601],[-70.95317882257153,41.519083281025821],[-70.953270120411801,41.520135532530816],[-70.953636328556911,41.521515941876771],[-70.954732791437408,41.524415362649989],[-70.9547639808669,41.524622057254255],[-70.955189849184436,41.525488456992178],[-70.955311911577056,41.525900331627625],[-70.955464606267782,41.52672607289562],[-70.955221055560258,41.527342737797184],[-70.956073770548414,41.527301268587536],[-70.956409307043216,41.527619716039624],[-70.956561520246453,41.528391341271835],[-70.956440204864549,41.529104933495127],[-70.956044599924709,41.529877356196309],[-70.956106110051408,41.531623197495286],[-70.956288325775176,41.532079297311576],[-70.956320037030622,41.532988282306491],[-70.95601606952637,41.533083615787156],[-70.955588590407558,41.532992069682997],[-70.954492507396026,41.53256030248594],[-70.953335935841594,41.532535020440541],[-70.951051751537321,41.531412040317896],[-70.950352093905565,41.530910659949484],[-70.950078170393652,41.530590782308543],[-70.950047818557138,41.530204106417109],[-70.950291220864443,41.529975060827418],[-70.951325820238893,41.529588405599846],[-70.953456824532239,41.528714703324866],[-70.954309227150233,41.528078911757042],[-70.954826071401129,41.527844508103094],[-70.954369639048807,41.527780459526497],[-70.95156952866094,41.528692634900175],[-70.950138855323132,41.529103845150495],[-70.948191142203896,41.529515316264032],[-70.948134033400791,41.52957968519663],[-70.94794782643676,41.529789286265952],[-70.947734608058781,41.530477572470041],[-70.947704618238063,41.530982174074637],[-70.947308365658856,41.532510874779156],[-70.947247901577853,41.533880853873626],[-70.947065767659993,41.534658246943224],[-70.947065704945388,41.535054409577207],[-70.947187503750129,41.535367881462918],[-70.947248783186964,41.535987724683125],[-70.946914087366594,41.536516232562228],[-70.946427238195952,41.53728979876238],[-70.94435769858103,41.539143455257253],[-70.942622506453063,41.539785467101993],[-70.940461005850466,41.540263285524745],[-70.938603307466622,41.540285087139793],[-70.937781728012027,41.540308032577514],[-70.936867987352798,41.540467821563432],[-70.934402322237148,41.540491039013027],[-70.932636259259581,41.540286395954872],[-70.931601411524795,41.53989856161585],[-70.930262346674112,41.539209817911079],[-70.929682974925171,41.539003154715729],[-70.928769884548174,41.538847751702527],[-70.928313158615779,41.538918112652169],[-70.928221975747562,41.539144997300866],[-70.928860839846209,41.540152127613126],[-70.929926899553976,41.541340844237823],[-70.932027502304777,41.544583166305898],[-70.933762819923928,41.547670024198439],[-70.934768910097858,41.548752061534366],[-70.935925948390874,41.549641890208164],[-70.936291435894105,41.550031945458265],[-70.936595530853381,41.550711614490062],[-70.936961362607889,41.55218211490304],[-70.93693177261791,41.554308015185221],[-70.936809299099934,41.554877432976234],[-70.936048178739,41.555745305163775],[-70.935622008859269,41.556157899002592],[-70.935286294831087,41.556316676207778],[-70.935286625489951,41.556496752168727],[-70.936139113933251,41.557139621897328],[-70.936596610429987,41.557690579033867],[-70.936718075530138,41.55835466536611],[-70.936414665281163,41.56139470516149],[-70.936536134779104,41.561554583641467],[-70.936597092924174,41.562679180077957],[-70.937054457934863,41.563959435541037],[-70.937450475428321,41.564637216738269],[-70.939186938275725,41.566219834054714],[-70.941531958562379,41.567909411302793],[-70.942415020183788,41.56868698882834],[-70.9434211686617,41.569858444782469],[-70.945766411119905,41.571980112719345],[-70.946193210098258,41.572234298386732],[-70.946349605939531,41.572381371121359],[-70.946833080246009,41.57319577135393],[-70.946863308767604,41.573402463681852],[-70.947229880459616,41.574287692253456],[-70.947443734568736,41.574752423838824],[-70.947626546095179,41.575271656578444],[-70.947626599851844,41.575640808959669],[-70.948114350456152,41.576353302375836],[-70.948327281826977,41.577358250361655],[-70.948693158686325,41.577883412321484],[-70.948845472248209,41.578339919228199],[-70.949089544979302,41.578542606207023],[-70.949394039793418,41.579960456064349],[-70.949760173328954,41.580737629561533],[-70.949760737353628,41.581746678015129],[-70.949486766654701,41.583165055642205],[-70.949608893400764,41.583829130768599],[-70.950096799370996,41.584631112964757],[-70.950035910805198,41.584920647636523],[-70.947659369560355,41.585564138090881],[-70.947690304491601,41.585842863316195],[-70.947965057448812,41.586162119742319],[-70.951407217246654,41.58538367576611],[-70.953204020557791,41.58466862000288],[-70.954666355308518,41.584851221185495],[-70.955581161961121,41.584790331872981],[-70.955855020778159,41.584668473216709],[-70.955976606763514,41.584486730476939],[-70.955976360369363,41.584261636656713],[-70.956159327090262,41.583898402832439],[-70.956584992218922,41.583593773544436],[-70.958077716160588,41.583046005730694],[-70.959082970247863,41.583091853521793],[-70.959967167372724,41.582959924142123],[-70.960484344047799,41.582978137927213],[-70.960676367798939,41.583102310391233],[-70.96081950638721,41.583278562032099],[-70.961033878438485,41.58423847354856],[-70.961551887792126,41.584643845555107],[-70.961582461570885,41.585129560102168],[-70.96100399756024,41.585238282959864],[-70.961095597450054,41.585426084550818],[-70.962131150939499,41.585795641942234],[-70.963045600381591,41.586221430880414],[-70.963562946145871,41.586680812658564],[-70.963654781698466,41.587228221064528],[-70.963990333778113,41.587916336841161],[-70.963991281376508,41.588834718778372],[-70.964234907221993,41.589172966445155],[-70.96387037638948,41.590025518001525],[-70.963840241282782,41.591160922560761],[-70.963566004049781,41.591183307848219],[-70.963139409520281,41.590938733216781],[-70.962712277874601,41.59031545873551],[-70.961432912738616,41.589607652899744],[-70.960914412916523,41.589697481842485],[-70.960153277539064,41.590115961451815],[-70.959757182370879,41.590068429940459],[-70.959635200747059,41.589728590299266],[-70.959147032541011,41.589790914077248],[-70.958691005239814,41.590023468873213],[-70.958233779446289,41.590751670083208],[-70.958173372108035,41.591257300195338],[-70.959727700623958,41.591672119494447],[-70.960367251235908,41.591580079729013],[-70.960672001401818,41.591466729516519],[-70.961037734755564,41.591460541742364],[-70.961251254318441,41.591556093273887],[-70.961251039560963,41.591781184824768],[-70.961099045094215,41.592099015018121],[-70.960886103295437,41.592219554822172],[-70.960154651352894,41.592015749406954],[-70.959787735613332,41.592076401140169],[-70.959788267282917,41.592283488855145],[-70.95988017824925,41.592605808221769],[-70.959605400700525,41.592790788310921],[-70.959636619063218,41.593042500273178],[-70.959941378095564,41.593199263134451],[-70.96070326107322,41.593294629644575],[-70.960703663403706,41.593474705619698],[-70.960184937047515,41.593843645128054],[-70.960155615342686,41.59434825344789],[-70.960430043955199,41.594803073518136],[-70.96094870573684,41.594713247350541],[-70.961130466210562,41.594935330489541],[-70.960918518146542,41.597315804653867],[-70.961284606760245,41.597912865726244],[-70.961284886267151,41.59809348133809],[-70.961680897182802,41.598941706194651],[-70.961712734463006,41.600148353223567],[-70.961804060936345,41.600542697810276],[-70.961560470507791,41.600610242113554],[-70.960067445803702,41.600608199933745],[-70.960067224566103,41.600293069235704],[-70.960645943518159,41.59974326024134],[-70.960706015070429,41.599489730943887],[-70.959547959609566,41.598573144134512],[-70.958450517689059,41.59745713208806],[-70.958206414196468,41.59731695123569],[-70.957627534489873,41.597291140122259],[-70.957444896608834,41.597159084217544],[-70.957048358478602,41.596013179252814],[-70.956408283022128,41.595285320565395],[-70.956194655079514,41.59482060747262],[-70.955767837130438,41.594503974415154],[-70.955340676873504,41.593889675543309],[-70.954791569975697,41.593610808294663],[-70.953390766327303,41.593544923645929],[-70.952963541184431,41.593362793396153],[-70.952110361414555,41.591855693389235],[-70.951622778264593,41.591440791184077],[-70.9505860118676,41.590845499302503],[-70.949885549932773,41.59064177740084],[-70.949458613608897,41.590387605548933],[-70.949062919193267,41.589889943161246],[-70.948544537052115,41.589448497359029],[-70.948209166978415,41.589021983932035],[-70.947996035772604,41.588467220361935],[-70.947569406032486,41.587915920313769],[-70.946715538232567,41.587372082728855],[-70.946593683069963,41.58691518109395],[-70.946806697811482,41.586704001013516],[-70.94683767417979,41.586505529952596],[-70.946349984188203,41.586000657172285],[-70.945588179400445,41.585950212844551],[-70.944856734127313,41.586368104851651],[-70.944399760385878,41.586430067447033],[-70.944156369669869,41.586091777853404],[-70.944064560411292,41.585408757082206],[-70.944795905826183,41.584946391376484],[-70.944947872954074,41.58476363827311],[-70.944856237629509,41.58455781583185],[-70.944673781536494,41.58442583003697],[-70.943912200793321,41.584420934261011],[-70.943759078022097,41.583162545886957],[-70.943332415372893,41.581836910045674],[-70.94308917409154,41.580904913898742],[-70.941229776170644,41.580945303614271],[-70.940621364906349,41.580721178098784],[-70.940133426731435,41.580351332728227],[-70.939737928681367,41.57970948873254],[-70.939036421429606,41.578109577754148],[-70.938944934004482,41.57756160992475],[-70.93870113856498,41.577331350973566],[-70.938274116681328,41.577184100212122],[-70.938030487753736,41.57712662195749],[-70.93775643372787,41.577311462695192],[-70.936933447129846,41.578108717139628],[-70.935411914566359,41.579277861064156],[-70.934224198662747,41.580009176379328],[-70.933857895854018,41.580303843927503],[-70.933613774296944,41.580829974948792],[-70.933278706693727,41.581835550125632],[-70.933248493685468,41.582160073576958],[-70.931695532183426,41.583852398175594],[-70.931420876475784,41.584261773708299],[-70.931238167631051,41.584877073910576],[-70.9311777520264,41.585562765067635],[-70.931329953700597,41.586911204246867],[-70.931147356253405,41.587553516090132],[-70.930628578648935,41.588696641195277],[-70.92992888934667,41.590005425345204],[-70.929776654752985,41.590683362135259],[-70.929532497346045,41.591164916197279],[-70.929197257161121,41.591557685666146],[-70.927825944668129,41.592427030712884],[-70.927703858081074,41.59262728896217],[-70.927643445544021,41.593267329645265],[-70.927825881266727,41.596380206315679],[-70.928435101333477,41.596928538064127],[-70.928984047261494,41.598116998605974],[-70.928984160171936,41.598306077407209],[-70.930081330930307,41.600016620957071],[-70.930233882220435,41.600545274338991],[-70.930142715641693,41.601960652914862],[-70.929746776469173,41.602994095094466],[-70.929746154169607,41.603885460765987],[-70.930142340232521,41.604617290103299],[-70.93081360913888,41.60525433633677],[-70.931057041510769,41.60589869135223],[-70.931209533303914,41.607084614909922],[-70.931514285891552,41.607728195333578],[-70.931507794231294,41.608351130535979],[-70.930173543238851,41.610262782191143],[-70.929899657168107,41.611609176308747],[-70.930204576452667,41.612342798302436],[-70.930204407840208,41.612819994894792],[-70.92986878053992,41.613122727750344],[-70.929320882361836,41.613374963551856],[-70.922218413841406,41.614331741089785],[-70.921669510304298,41.614358751781232],[-70.921364919784395,41.613877212596918],[-70.921273578734926,41.613005636508433],[-70.921091451383759,41.612621420131141],[-70.920084967851921,41.611656311178962],[-70.918926522773162,41.610901373795599],[-70.917860025892807,41.609919551194153],[-70.917738044272681,41.609507635747477],[-70.917708053248532,41.60857109375187],[-70.917099001547498,41.60769911120078],[-70.917068483458593,41.607177278295204],[-70.916428915222596,41.606602258759665],[-70.916215319013773,41.606056435769119],[-70.9157577409852,41.605613981710171],[-70.91533181533093,41.604819462491115],[-70.915087541459627,41.603562814611983],[-70.914082463262105,41.602535082612917],[-70.913320879164402,41.60180022997055],[-70.913046399021496,41.601318733303295],[-70.912864160402151,41.600772525532953],[-70.912956184722077,41.600338570660099],[-70.913687007960689,41.599740804174459],[-70.913168309279698,41.599443254275144],[-70.912559797799574,41.59846320462082],[-70.912377454259371,41.597772935678037],[-70.91182884893469,41.596241712835507],[-70.911128444792567,41.595190770332763],[-70.910609627681808,41.594298961166501],[-70.910335889883655,41.594042104833562],[-70.909330813786028,41.59354564037082],[-70.908477818817332,41.593271630863306],[-70.902779910426631,41.592330735375626],[-70.902444197548974,41.592164651939335],[-70.90244445305639,41.591687454843765],[-70.902140681557412,41.591530542219239],[-70.901775147873849,41.591437500298738],[-70.900891494979874,41.591523962135547],[-70.90031211209137,41.591867009561213],[-70.899854910995955,41.592468926941415],[-70.899915593641282,41.592738279385806],[-70.900555174963642,41.593447909330287],[-70.90064596438522,41.594230003438135],[-70.902077561610469,41.595413074895298],[-70.902565513597139,41.595963159258453],[-70.903144152188489,41.596899258193098],[-70.903144068849315,41.597088336379556],[-70.903113947706814,41.597385841936266],[-70.902899871648202,41.597614312681472],[-70.902533568983841,41.598872371250032],[-70.902076540361051,41.599645369818795],[-70.901405850456754,41.600214747065145],[-70.9013148909374,41.600513642417404],[-70.901709889768284,41.601335603842053],[-70.901892862035083,41.601908845087507],[-70.901831639761085,41.602684015422312],[-70.902014273383401,41.602960131076074],[-70.902257690587348,41.603946781577903],[-70.903141057008696,41.605337461028924],[-70.903598002175556,41.606482165039331],[-70.903750031684595,41.607830733239865],[-70.904206571526771,41.608867387613373],[-70.904937376773177,41.609800852933461],[-70.904876655926088,41.610486530200937],[-70.905455945904649,41.610827742686155],[-70.905607652460105,41.611014823639167],[-70.906278136199546,41.611264850685281],[-70.907101361836126,41.611863395170836],[-70.907832367317965,41.613003928581804],[-70.908319920296663,41.613617011438066],[-70.908502545566805,41.614082194883522],[-70.908623774820484,41.614764859081355],[-70.909203357622786,41.615106683950351],[-70.909843080789329,41.615654103382795],[-70.912525672202975,41.617032696965339],[-70.912921234941294,41.617322860362663],[-70.913165284651868,41.617715152945763],[-70.913287215496794,41.6183798080285],[-70.913256417649947,41.618794451240348],[-70.912981623232596,41.619294360544622],[-70.910542569148291,41.621712207707567],[-70.910176669543063,41.621925319014387],[-70.909567438039247,41.622448875000934],[-70.90837786016138,41.62319783372881],[-70.906639840567934,41.623911325198122],[-70.906640090965283,41.624298487425762],[-70.906731112258086,41.624485790147361],[-70.907646425933208,41.624371804046945],[-70.908651752642356,41.624022020719366],[-70.909840887288894,41.623335452679498],[-70.911487559791524,41.62199342886754],[-70.911792483325016,41.621808179553028],[-70.913378573832247,41.620233428790911],[-70.91389594718693,41.619999749561352],[-70.914231365125133,41.620020566483028],[-70.914566130122736,41.620204616794631],[-70.915207474120365,41.620256898439557],[-70.915237273865998,41.620895776782355],[-70.914749531169591,41.622704638303638],[-70.914749196386282,41.623686043850597],[-70.914657896413118,41.623867899425974],[-70.914505321844089,41.624005591152105],[-70.914474718110057,41.624465164313811],[-70.914779347504847,41.625099785692854],[-70.915969317611058,41.628208862869855],[-70.916243059910684,41.628483712288052],[-70.916792566884567,41.62845673026483],[-70.91691376821754,41.628733676593797],[-70.918072522541976,41.628669294761863],[-70.918133218390849,41.629028584307513],[-70.917645891848707,41.6291718594683],[-70.917737283525526,41.629494211084605],[-70.918438816168177,41.629536608039608],[-70.918590306169463,41.630218875482214],[-70.917950139958251,41.630355697893947],[-70.917949918031567,41.630841898395552],[-70.919718107512708,41.630884161025065],[-70.919718619060731,41.631343894230319],[-70.91901793362841,41.631364535740595],[-70.918925585530744,41.632005579777697],[-70.917920037918435,41.63212144613275],[-70.917919360050618,41.632301517342519],[-70.918132744162421,41.632459544719396],[-70.920358682449404,41.632305516643143],[-70.920480646341176,41.632673040484306],[-70.918132812796983,41.632874347089256],[-70.918163784243717,41.633243028420061],[-70.920114387304238,41.633174211493468],[-70.920876977295961,41.633449921174858],[-70.920938073567811,41.633926349705568],[-70.920449765961095,41.6340155196146],[-70.918224236536119,41.634223664307967],[-70.918254950561703,41.635069632212499],[-70.91840767943512,41.635643231105057],[-70.920206081143732,41.635478554163441],[-70.920815942137352,41.635486164372836],[-70.921425661189687,41.641203846934054],[-70.92154743713786,41.641382290190776],[-70.923803067610308,41.641110125229019],[-70.923894756268538,41.641658106599699],[-70.921425715075102,41.642113764277056],[-70.921181614700814,41.6448822497712],[-70.922523100744641,41.645084901367262],[-70.922919865344468,41.645159575683131],[-70.922949782682835,41.645888399360381],[-70.922432454253965,41.646257176854206],[-70.922279537374905,41.646574952055246],[-70.922492693073508,41.647283367799325],[-70.922462591998112,41.647625896894716],[-70.922096668711987,41.64808214769706],[-70.92200501363574,41.648408067106409],[-70.922309855730091,41.648907072186866],[-70.921974751827307,41.649246340658877],[-70.921669533277779,41.649917817725722],[-70.92127274005442,41.650095333544719],[-70.921120695744236,41.650368093040406],[-70.92096814253307,41.651307035794915],[-70.920998495284095,41.651693810533644],[-70.921242411718723,41.65178905105379],[-70.920754680366485,41.652409446012435],[-70.920266604922716,41.653570151078803],[-70.919748305485911,41.653984470665733],[-70.919748106954728,41.654416648764169],[-70.918498181803656,41.654554324487485],[-70.918345383465265,41.655448874281547],[-70.918589457262101,41.655633618338136],[-70.918345470229369,41.65580902402008],[-70.917918106704334,41.655923886107146],[-70.917919057332512,41.656518677549556],[-70.918833768037729,41.656638152869725],[-70.919046984561177,41.656823818679371],[-70.919229634202168,41.657163021699709],[-70.919107766607226,41.657732425587511],[-70.919596371094087,41.658742167435044],[-70.920023126423942,41.659013916066542],[-70.919931396618949,41.659835038721113],[-70.920205554153696,41.659974913960674],[-70.92109053967441,41.659842655108136],[-70.921577844481604,41.659979019793134],[-70.922615238451584,41.659934229969558],[-70.92264522101685,41.660203953810033],[-70.921852186957622,41.660550530770202],[-70.9217298783839,41.660705763564906],[-70.921852460248971,41.660865662687158],[-70.922554271144023,41.661115119653573],[-70.922981071136249,41.661531457141301],[-70.922950220979288,41.661756934069636],[-70.921303304677537,41.662468865268728],[-70.921029582409389,41.662491692358401],[-70.919992174765795,41.662175778420853],[-70.918955130250112,41.66231004338821],[-70.918558962675718,41.662515104762143],[-70.918405486470647,41.662742744788353],[-70.918284779332055,41.663248587438353],[-70.918405856705149,41.664273381043245],[-70.918741490696846,41.665141705775831],[-70.918893800575034,41.666813846545729],[-70.91922945452329,41.667682169809815],[-70.919198700312506,41.668159750727817],[-70.918985795463115,41.668622895839242],[-70.919016154992079,41.669576906101653],[-70.919320891008255,41.670175499394986],[-70.919290209489517,41.670473096130927],[-70.918131238646154,41.67179801542283],[-70.918101205577258,41.672393188479347],[-70.916788886298463,41.673855787279635],[-70.91651445710815,41.674292771787357],[-70.91651409238375,41.675346206499995],[-70.916880369863648,41.675781344001642],[-70.917338060265976,41.677809528362161],[-70.917582307481752,41.678129330945019],[-70.917521355681956,41.678914054144521],[-70.917246301913622,41.679206887547643],[-70.916969081559998,41.678749158218693],[-70.916548465390676,41.678054795163519],[-70.916330302853495,41.67769352691699],[-70.916209017526413,41.677494822547018],[-70.915842873065316,41.67714972092228],[-70.915446854627262,41.67701200062907],[-70.914927819713711,41.676642430545634],[-70.913555127645822,41.675935953043258],[-70.913250681638488,41.675662020355858],[-70.913189503878002,41.67539267325423],[-70.91236573160603,41.674379462782817],[-70.912335086516322,41.67417275881602],[-70.912670528417081,41.674104171912084],[-70.91352476431851,41.674702825249021],[-70.91389109586693,41.674723260822567],[-70.914287124902913,41.674608792116651],[-70.91456178380011,41.674424008641196],[-70.914592793146213,41.673883313971849],[-70.914379335556063,41.673535571640656],[-70.913983083488461,41.672875718402011],[-70.913982975475108,41.672389516230425],[-70.914348519450442,41.672140464601682],[-70.91520307225926,41.672099211752965],[-70.91544686972874,41.672004845103793],[-70.915629930830349,41.671749719446971],[-70.915660713417779,41.671272139518472],[-70.915691050355434,41.669857538831302],[-70.915874571357932,41.669511837621307],[-70.915873877590073,41.668575445856661],[-70.91602677497049,41.667519462761845],[-70.916057275679037,41.666717116632398],[-70.91584424162923,41.66600922978332],[-70.915691497250847,41.665786773365056],[-70.915020608063216,41.665212668542743],[-70.914959017178433,41.664844369179512],[-70.915178462205191,41.664324361525033],[-70.915295196677604,41.664045845897569],[-70.915234438692238,41.66164270709556],[-70.915295673181703,41.660894001258939],[-70.915051686601643,41.660501624534838],[-70.914289294337621,41.66074872526616],[-70.913038290162675,41.661525601349531],[-70.912458917258604,41.661805687520648],[-70.912184123047638,41.661801386542763],[-70.912154413409908,41.661297654031991],[-70.91328178820072,41.660360333669992],[-70.913282780182172,41.659702435825849],[-70.913404785517457,41.659268094650557],[-70.913404232469574,41.658529785476098],[-70.913556808476784,41.658257128828367],[-70.91392348208386,41.657980983509312],[-70.915173855706129,41.657500677844261],[-70.915143380996412,41.656933826088107],[-70.915234728656657,41.656725499184617],[-70.916515926555192,41.656586939069584],[-70.916546068666122,41.655901639462336],[-70.915203661248569,41.655671902500465],[-70.915295559901566,41.655192926126915],[-70.91683302836708,41.655332544626297],[-70.91730865011958,41.655376039436156],[-70.917552878117505,41.654831484152851],[-70.917451438415625,41.654435340574508],[-70.915417975713481,41.654146331044885],[-70.915113265289392,41.653872401414759],[-70.914411836919356,41.653343784132545],[-70.914411743670684,41.653091679060708],[-70.915815059753072,41.652797811247169],[-70.916608071038766,41.653118183128747],[-70.917064915864998,41.653020314143411],[-70.917766495211296,41.652360422984849],[-70.918040700902111,41.651923524759546],[-70.918040960350694,41.651446328242443],[-70.917705534732292,41.650920143830561],[-70.917126348446885,41.650191205733677],[-70.916515772591737,41.65007552797357],[-70.915662044185396,41.649756553986442],[-70.914442447045218,41.649776751761692],[-70.913832412504263,41.649616043655755],[-70.913131046340027,41.649086878256043],[-70.912795816310322,41.648741295054016],[-70.912674640172654,41.648446337121264],[-70.912765713115093,41.648084407034126],[-70.913192508261858,41.647581860686714],[-70.913161672674235,41.647096040003632],[-70.912857365589815,41.646822106171676],[-70.912247333882604,41.646507785646591],[-70.910113020511204,41.646003239266271],[-70.909716486606683,41.64574844662674],[-70.90959468321158,41.645471579563022],[-70.909563977582167,41.645039780862461],[-70.909290064997577,41.644674787280799],[-70.908924289881284,41.643690398466113],[-70.908467440880614,41.643184353583948],[-70.908222833785345,41.642818969576503],[-70.908192439232522,41.6425493294321],[-70.908345551707029,41.642411648685439],[-70.909412602799975,41.642115030300118],[-70.909412437652691,41.641313696597813],[-70.909290945043637,41.641108230422439],[-70.908894503131322,41.640899084175153],[-70.907736491963703,41.639639287357745],[-70.906790509535369,41.638817266387861],[-70.906730369796406,41.638403860929856],[-70.907431612953886,41.638176301618302],[-70.907462282319159,41.637923186205292],[-70.907066021350715,41.637515952070551],[-70.907340637358757,41.636439726006607],[-70.908742549319456,41.636119018659635],[-70.908773151623166,41.635911461501344],[-70.908103302781299,41.635706562617706],[-70.908072682751779,41.635409819977184],[-70.908620786901452,41.635229806231187],[-70.908499344630442,41.63447511120485],[-70.907888941303355,41.634449424565986],[-70.907737512602253,41.634316370877571],[-70.907554645382248,41.63371612909463],[-70.907097387527941,41.633120578932093],[-70.905877554366143,41.632915588415905],[-70.905207613661446,41.63303480653515],[-70.904933185713659,41.632939911646815],[-70.904080171170264,41.632368748087934],[-70.903805464649054,41.631814748070944],[-70.903622670688037,41.631700702314141],[-70.90331841683637,41.631291686447462],[-70.903348852378571,41.630768998727156],[-70.90386665696451,41.630012609379385],[-70.904872556877038,41.629896869205304],[-70.904781578037145,41.629420905209692],[-70.903837136775635,41.629535796356578],[-70.903379394177961,41.629462535584295],[-70.903045212462331,41.629008343129804],[-70.902801343979263,41.626013857290197],[-70.902984100898152,41.625641161811302],[-70.903228261842798,41.625439319343734],[-70.905267480808092,41.625095438812011],[-70.905664048445331,41.624917437995052],[-70.905694774532435,41.624709972320538],[-70.905420976117725,41.624318588451771],[-70.903286458559393,41.6245515854907],[-70.903073329304604,41.624321501297352],[-70.902555008821139,41.624005898212864],[-70.900604380348156,41.624181827072171],[-70.896000580155771,41.624131618021018],[-70.895695879679408,41.62438885646246],[-70.893957676903327,41.624913075187933],[-70.893714019291181,41.625096893068886],[-70.893534694741319,41.625545043676247],[-70.892498103686492,41.62634534470876],[-70.89197955755175,41.626966622570876],[-70.891704444757082,41.627718674928623],[-70.89124778507653,41.628202973431556],[-70.890851055183319,41.629047201207996],[-70.890057952722088,41.630140866659168],[-70.889935007951621,41.631241996442832],[-70.889630253287649,41.631561704703522],[-70.889629278164605,41.632129476252445],[-70.889842321129393,41.632819407055969],[-70.889171978401549,41.632776461086067],[-70.888654203947922,41.63254183136236],[-70.888014167197369,41.632542889797286],[-70.887525836230438,41.63295668385544],[-70.887190700139058,41.632862589427937],[-70.886794048140871,41.632500300460109],[-70.885575488762754,41.632132940899432],[-70.884387319361224,41.631539648377903],[-70.88341139274209,41.631402634666948],[-70.88298495671836,41.631058178226013],[-70.881917788432801,41.630913363362247],[-70.880302141814298,41.63036380223069],[-70.879235757228557,41.629867819615441],[-70.878901001423031,41.629539604832182],[-70.878169842763157,41.629065791550261],[-70.874487377566496,41.62794424892423],[-70.873237502214621,41.627469799260346],[-70.872809491929416,41.627098284222853],[-70.872139068114777,41.626875071579036],[-70.870308274490867,41.625635390529311],[-70.869820467581675,41.625112179453637],[-70.868871825251503,41.623109700162523],[-70.868840364986923,41.622308820134599],[-70.869480087905856,41.621415864923279],[-70.869510095026186,41.621207864192193],[-70.869112921082177,41.620161223111772],[-70.869112521147201,41.619179269653202],[-70.869385573388371,41.618148142406078],[-70.869414872909815,41.616976644300955],[-70.869323210974201,41.616501186841695],[-70.869200756899147,41.616313679075816],[-70.869169930709347,41.615764908246568],[-70.869352676537915,41.615446828729702],[-70.869381920295822,41.614987258464566],[-70.869199651647989,41.614368318260283],[-70.868741611136244,41.614096832593809],[-70.867888235717814,41.612976162280731],[-70.867582257369676,41.611972250293235],[-70.867216251435323,41.611446823830697],[-70.866696449090739,41.61089694938034],[-70.866300109853768,41.610164894354234],[-70.866207766062814,41.609095181402061],[-70.865167490339019,41.607537304804268],[-70.865078580840674,41.607357362910328],[-70.864712305769515,41.606597828507887],[-70.864222908070474,41.605299718666842],[-70.864161646147039,41.605066358241189],[-70.863459667798921,41.603808112576296],[-70.863459386891776,41.602871178208609],[-70.863854035777166,41.601568381086977],[-70.863610312770632,41.60102282830934],[-70.862817373315181,41.600882787989683],[-70.862816031820998,41.598667311593331],[-70.862510974721189,41.598320575912936],[-70.862510271622227,41.597933409638003],[-70.863058638597721,41.597888674748873],[-70.863302693218188,41.598073539442296],[-70.863669743633238,41.598941578537058],[-70.864126745888171,41.599582324308635],[-70.864249274601974,41.600192475352117],[-70.864492960748251,41.600584872346332],[-70.864493664039472,41.600791963075224],[-70.86428104036284,41.601318124806319],[-70.864371813366247,41.60147844957423],[-70.864738332674335,41.601472575810327],[-70.866078658546073,41.600883560847706],[-70.86626078760338,41.600673528301598],[-70.866321089157381,41.600168032661422],[-70.866078110696336,41.599739538462934],[-70.865102031596223,41.598981103471985],[-70.8641560306706,41.598203740284958],[-70.864002801872715,41.597702092845878],[-70.863850153391738,41.596695606829961],[-70.863423047887451,41.596126517293705],[-70.861990001721907,41.595375128094986],[-70.860465605277483,41.594274310168267],[-70.85997793772961,41.593769063465906],[-70.859733076548352,41.593403571180488],[-70.859732308724105,41.592053000315694],[-70.859060449005369,41.590001393140845],[-70.858877826718796,41.589770226215322],[-70.858663670921942,41.589107239899761],[-70.857780033008638,41.588148928402504],[-70.857565699567687,41.587828082500664],[-70.857259311470926,41.584969360670321],[-70.857106313399385,41.584692169008349],[-70.856435013395597,41.583388492614866],[-70.855642686538985,41.582662528482835],[-70.855063583397367,41.582366079241289],[-70.8543315861927,41.582224613561614],[-70.853692500649828,41.582181002653755],[-70.853113582115569,41.582496801568148],[-70.852992269133964,41.582705988850513],[-70.853145540369667,41.584900993156239],[-70.853237698491697,41.585358459757266],[-70.853238555717041,41.586781602339421],[-70.853056345277238,41.587901535726644],[-70.852599393532699,41.58844933397139],[-70.852173276048688,41.589113725157169],[-70.851107612080838,41.59006771716647],[-70.850438086843511,41.59130299210527],[-70.850347370624405,41.59167387953886],[-70.850164541034431,41.591784841077214],[-70.850133142554895,41.592172364452153],[-70.850377698077665,41.592384811677803],[-70.850346877258133,41.592727319488958],[-70.849585358501827,41.593415173744617],[-70.848915733830083,41.593804623922686],[-70.84809316430929,41.594466187590825],[-70.847270817662221,41.595127746685677],[-70.845137947714747,41.595495884202137],[-70.843156846843812,41.594302701632429],[-70.842698907317512,41.593824022988251],[-70.842516345702251,41.593439765388503],[-70.842302979911423,41.593298971760412],[-70.842029214370584,41.593258490356682],[-70.841936947903974,41.593646829755933],[-70.842181499948879,41.59421944637441],[-70.842821675067469,41.59485737787805],[-70.843065624516797,41.595267830774773],[-70.843278812745993,41.595543678754346],[-70.843279382615904,41.595768776806842],[-70.842974284505843,41.59588181135247],[-70.839774809413782,41.596203789202875],[-70.838342826694088,41.595956228820519],[-70.838037006400242,41.595790128325582],[-70.837885296343927,41.595405502654181],[-70.837854255593371,41.594811611543996],[-70.837580053697749,41.594059366910514],[-70.837091795027305,41.593373851549543],[-70.836694917120326,41.59295682049931],[-70.836481446830618,41.592248776119291],[-70.836359809219559,41.592088788562329],[-70.834226105609915,41.589322314202818],[-70.830506749158715,41.585275219124505],[-70.830293419190525,41.585044364851726],[-70.82980601811073,41.584565909847569],[-70.828922123394136,41.583976615458326],[-70.828251431733861,41.583699116109997],[-70.826331643733624,41.583171199843569],[-70.823863900481115,41.582877421296025],[-70.821944730042858,41.582512042965412],[-70.821669884791248,41.582669589470676],[-70.821578867174139,41.582895851859107],[-70.821731407515458,41.584865805284728],[-70.821579942109111,41.585760239485303],[-70.820940193656426,41.58706701164887],[-70.820148205673533,41.587890085258628],[-70.819416977998344,41.588388209832424],[-70.816949165928747,41.589355355522507],[-70.816582563415409,41.589622184804426],[-70.816431078572023,41.59003878025473],[-70.816399885077317,41.590399285290609],[-70.816034809486084,41.591386967280265],[-70.816155784336104,41.591772608457561],[-70.817132043904792,41.591685110642068],[-70.817527449152109,41.592047638878647],[-70.817954519835098,41.592275298636395],[-70.818442365540164,41.59225850774056],[-70.818929075149768,41.591818528860863],[-70.819630607605674,41.591635902898439],[-70.820026644114648,41.59134168828637],[-70.820392030977075,41.591245462821718],[-70.820910700062001,41.591318343602779],[-70.82139765369611,41.591769732756056],[-70.821671855881178,41.591891751052557],[-70.823042776040324,41.591842573244584],[-70.823469703616226,41.592142241761316],[-70.823682916945529,41.59241812720628],[-70.823713698164198,41.59344420411437],[-70.823988671680269,41.593971392618911],[-70.824659844645936,41.59607669204226],[-70.824080470435476,41.59667136987661],[-70.824080671979956,41.59731127158787],[-70.824263964260254,41.597605525687833],[-70.824294662209354,41.597947312646461],[-70.823501454608206,41.598752305351582],[-70.823380116347082,41.599042585942591],[-70.823319309030424,41.599484490850472],[-70.824111264666797,41.600003591668994],[-70.824538827514971,41.60046469785722],[-70.824752532966357,41.600992690613566],[-70.824965586293288,41.601241561094568],[-70.826001726611281,41.601540335093517],[-70.826550199464052,41.601810369615627],[-70.827556010674144,41.602154508847185],[-70.828074545824379,41.602615059337523],[-70.828378881463252,41.603186348976223],[-70.828744505780037,41.603621862313169],[-70.829507443081098,41.604194686339071],[-70.830604475460646,41.605537137719161],[-70.831001208131894,41.60622430302967],[-70.831306119577064,41.606480454946229],[-70.831550002422048,41.606503858987566],[-70.831794066151616,41.606337553493447],[-70.831762283437229,41.604762331810072],[-70.831884731840063,41.603868794330857],[-70.831670698338826,41.603250775449283],[-70.831640028268112,41.60268398591203],[-70.831945183958965,41.601949719620599],[-70.832341686604252,41.601853008125715],[-70.833042276883447,41.602067000776039],[-70.833682195182192,41.60192165189045],[-70.83404791156066,41.602131963534518],[-70.834932106904787,41.603090463894063],[-70.835450268964678,41.603523426571989],[-70.835572931823563,41.604187543600638],[-70.835755855138686,41.604535889413306],[-70.836213160310436,41.605078159029745],[-70.8365174743046,41.60512720606409],[-70.837036165662298,41.604920894928789],[-70.837065923069076,41.604595851413059],[-70.836821684193566,41.604167286273253],[-70.836791682440946,41.603682076686397],[-70.837096300642386,41.603388349472006],[-70.837583476066285,41.603200489939638],[-70.838832787821687,41.603135735145372],[-70.839351477351784,41.602973802276061],[-70.840113670353361,41.602358679793603],[-70.840113370817946,41.601898944365644],[-70.83986905882773,41.601651001514533],[-70.838954072605617,41.601485324934941],[-70.838619492947231,41.601580709128704],[-70.83804030327606,41.602130529829417],[-70.837644517128709,41.602425348842274],[-70.836760878838646,41.602637456556202],[-70.836455417038977,41.602561392015041],[-70.836120045787894,41.602107532687853],[-70.836120184159086,41.601423244954411],[-70.83660716726034,41.600118287569813],[-70.837277830776344,41.599387221111996],[-70.837551210927131,41.598400648659101],[-70.838008146688338,41.597780969319793],[-70.838495485855233,41.597421944971472],[-70.839256701972317,41.597139963277868],[-70.843523169129696,41.596593492133053],[-70.843888840345855,41.596866888392867],[-70.844163501798306,41.597348466051763],[-70.844530160586686,41.597783844081434],[-70.845444943468948,41.599174080123717],[-70.846359664830615,41.600069009845583],[-70.846877391069214,41.600114754723677],[-70.846877584379143,41.599907668716924],[-70.846358774590968,41.599474754707785],[-70.846267371291972,41.599286860063032],[-70.846419742581574,41.598555008295648],[-70.846388555932847,41.597709013066435],[-70.845595703647462,41.596640922179944],[-70.845565392003493,41.596344162808933],[-70.847393508082902,41.596152632203363],[-70.847759539123501,41.596957241412916],[-70.848064225959121,41.597096297701157],[-70.84830843091548,41.597002618572347],[-70.848308067066711,41.596543423381107],[-70.848185839453649,41.596319878580438],[-70.848307370043116,41.595975550579858],[-70.848643070452425,41.595907155900292],[-70.849373993717634,41.596156696704874],[-70.849801194772553,41.596113582912373],[-70.849861486546075,41.595491496242168],[-70.850379393593613,41.595149523430798],[-70.850775632868576,41.595107309450448],[-70.851019132996655,41.59528319383115],[-70.851141864504584,41.595812867070435],[-70.85111180855138,41.597074305657621],[-70.851264967724788,41.597549049345389],[-70.851234442397654,41.598324280949932],[-70.851386719730357,41.59848388698056],[-70.85236231465845,41.598395992317457],[-70.852637170959341,41.598580515405537],[-70.852667926432829,41.59896722302193],[-70.852149791513085,41.599768488075668],[-70.852150870561658,41.600479793123576],[-70.851632588756701,41.601388470239542],[-70.851572029857579,41.602263112428538],[-70.851755308210215,41.602584422686554],[-70.851999458820941,41.602805777617007],[-70.85218333001734,41.602974026223414],[-70.852213126844362,41.603585823103622],[-70.851147178440087,41.604638856971867],[-70.850628955946348,41.604638147861465],[-70.850811668832904,41.604140021946847],[-70.851024242101232,41.602920683067268],[-70.850932848862016,41.602741796119687],[-70.850536549102529,41.602442406973857],[-70.848494163592605,41.60200690768032],[-70.847793303752027,41.601991092357615],[-70.847641208345522,41.602578886927787],[-70.847824343337919,41.602900653000418],[-70.848220153446832,41.603200048853381],[-70.848616260762014,41.603175848923144],[-70.84910403197334,41.602807867900275],[-70.849622070627603,41.602600865661735],[-70.849988013995656,41.602676160238232],[-70.850231992149972,41.602807570198486],[-70.850354212156759,41.60324657323072],[-70.850232965377188,41.604248181399612],[-70.849684621585922,41.605004694190157],[-70.849746325993493,41.605508178822042],[-70.849959296520254,41.606036118676045],[-70.850021227245435,41.606836639323085],[-70.849595091009235,41.607618070893615],[-70.849473376606497,41.608250520484916],[-70.849474242173955,41.610195883462453],[-70.84962678420159,41.610355403202725],[-70.851334750286483,41.611273466050413],[-70.851609649536101,41.61175502643237],[-70.852585145235849,41.61262215946855],[-70.853103508569134,41.613280136272706],[-70.8538357128472,41.613970839817597],[-70.853958269608455,41.614797093339021],[-70.85435436638204,41.615637236057026],[-70.854448103714986,41.617715931482927],[-70.854357281600983,41.618428965381582],[-70.854997735942305,41.61893231137369],[-70.855303542830015,41.620484947656877],[-70.855366177696737,41.622069428222396],[-70.855579513513547,41.622273222930104],[-70.856982026501214,41.622700381268757],[-70.857500833108048,41.622980181060285],[-70.857958604536137,41.623638962975996],[-70.858294152271966,41.623958240889131],[-70.859055628032749,41.623936606035372],[-70.859544425012814,41.623847612500363],[-70.859970693830832,41.62386748066077],[-70.860916873538102,41.624671889247317],[-70.861342577868626,41.624664737726015],[-70.861830830761463,41.624305617995049],[-70.862227755405584,41.6243444009366],[-70.862624064829447,41.624625740761715],[-70.86283782404368,41.624874542921731],[-70.862808034024624,41.625118648379498],[-70.862686047037684,41.625462899197295],[-70.862838541798553,41.625730535899194],[-70.86308287668048,41.625897844698876],[-70.863448156062574,41.625801479424055],[-70.863935946365288,41.62580249907198],[-70.86418161475045,41.627635601295196],[-70.864334535323877,41.627885680946946],[-70.864669972159319,41.62790727434006],[-70.865248474230697,41.627330302719997],[-70.865614903626735,41.627360529932119],[-70.866042042507729,41.627767542285277],[-70.866041841364606,41.628199722274225],[-70.864975731539573,41.629117739359749],[-70.864733017192279,41.629716304809826],[-70.864854430622955,41.630191302009408],[-70.865008017771743,41.630350896501497],[-70.866105127473702,41.630630463637353],[-70.866593261154392,41.63131585035147],[-70.86699147894484,41.632660170591414],[-70.866961481491785,41.633326822945293],[-70.866869853810599,41.633526646660791],[-70.866810048899055,41.635058665627803],[-70.866657754459041,41.635385284575698],[-70.867054654636405,41.635882702280753],[-70.86714638704251,41.636412814787192],[-70.866628137591334,41.636619266685003],[-70.866445758125195,41.636892865631573],[-70.866598654306998,41.637439526187173],[-70.867300690287209,41.638031471286567],[-70.867300655932141,41.638265569163977],[-70.867117947061743,41.638511615821578],[-70.867392652054505,41.63890309790051],[-70.867332533856029,41.63915657973088],[-70.867179220919766,41.63929420457135],[-70.866905584772482,41.639316271185258],[-70.866538469412532,41.639178629692644],[-70.866081400852167,41.638816471663432],[-70.86598933640515,41.638611122509857],[-70.865866709719512,41.637505225530937],[-70.865561340574843,41.636988055976538],[-70.865530757617307,41.636574251973698],[-70.865773872090713,41.636300453058745],[-70.865834565751356,41.635722839407762],[-70.865559935455494,41.635592463273476],[-70.864248756804272,41.635541831010293],[-70.864096593879438,41.635201627803511],[-70.864339932403198,41.635134920010302],[-70.864858376519848,41.635198592871582],[-70.865407366040074,41.635135210537292],[-70.865711885501156,41.634950081513878],[-70.865772218337838,41.63444512633405],[-70.86571128618769,41.633896636700001],[-70.865223646399656,41.63353547490857],[-70.865162113404381,41.632915041440747],[-70.864125449117779,41.632986320432956],[-70.863942317945771,41.63314232186778],[-70.863759651943226,41.633577352597264],[-70.863515685529109,41.633599126766811],[-70.863088888541071,41.6333001522746],[-70.862784214769121,41.633368224324748],[-70.862204772031291,41.634152265398683],[-70.86177805837707,41.634519025663913],[-70.861412367319389,41.634651398658278],[-70.860924149572668,41.634650366158148],[-70.86010091200329,41.634330603550445],[-70.859246328626497,41.633786104048284],[-70.858941708836795,41.633836158584316],[-70.858667098794712,41.633993346485511],[-70.858423547204126,41.633925524485605],[-70.857935325241868,41.63337524855158],[-70.857813634480863,41.632872600542605],[-70.85741682861493,41.632410625490863],[-70.8573244416189,41.631547991348789],[-70.856836635200196,41.631591962389273],[-70.85634919630418,41.632004998393271],[-70.856227486554275,41.632412360619433],[-70.85622799544565,41.633375768046186],[-70.855983949700502,41.634037244252639],[-70.855709632841439,41.634176419154798],[-70.855343657606909,41.63396662738365],[-70.855160398697066,41.633168213232395],[-70.85515941315866,41.631682043441721],[-70.855646751239647,41.631088846273606],[-70.855951989833315,41.630606622639178],[-70.856439374757002,41.630472615240542],[-70.856438956514239,41.629535679453738],[-70.856163354598877,41.628432866521067],[-70.85506477897539,41.627270734013521],[-70.854393563178093,41.626192142601141],[-70.853875511221375,41.625741261115706],[-70.853204940050347,41.626490344122253],[-70.853204791959129,41.627229283777233],[-70.853327367600201,41.627497213396964],[-70.853693515830443,41.627590503942073],[-70.853784572709941,41.627129577712132],[-70.85405862199903,41.627061896114064],[-70.854394475323716,41.627362639490194],[-70.854364247022815,41.627777722261392],[-70.854028847014334,41.628026302163427],[-70.853571721471695,41.628159840952719],[-70.853236094395797,41.628525376398265],[-70.853358443443511,41.628685349319653],[-70.853663515619203,41.628707342692302],[-70.854791289286965,41.628508912877905],[-70.855249311439863,41.628798552008668],[-70.855401421265114,41.629030631695862],[-70.855371021858048,41.629463271104896],[-70.854853010646778,41.629552621414902],[-70.853877951977125,41.629172256454211],[-70.853572575622508,41.62916826950643],[-70.853359486162987,41.629306616289639],[-70.853359629116653,41.629648760862992],[-70.854335605330562,41.63079499718414],[-70.854274660907166,41.631137875232398],[-70.85390938167194,41.631134719483086],[-70.853725960519654,41.63094909940429],[-70.853359787397324,41.63063071435375],[-70.852810718983108,41.630360357695473],[-70.851804770933512,41.629629191740456],[-70.851285325134015,41.628782124028447],[-70.850887841712279,41.627707864514704],[-70.850521877587639,41.627407568937571],[-70.850005505453794,41.62715926449728],[-70.849851214456606,41.627085181423219],[-70.848143563691693,41.626815463096719],[-70.847838509659852,41.626910504192224],[-70.847717462170948,41.627389801628873],[-70.847839677877261,41.628279626840978],[-70.848297567936655,41.629262494990172],[-70.848389085518107,41.62973859961847],[-70.84826725091726,41.629929771941939],[-70.847779662536112,41.630270830328989],[-70.846773496602225,41.630566050151941],[-70.846194245789945,41.630656719960214],[-70.845584715454436,41.630387060957652],[-70.844547558411335,41.629512220284454],[-70.843967713093335,41.62890057960653],[-70.84336074783053,41.628453638681378],[-70.840734778590885,41.626521172899324],[-70.838813464376798,41.625426137528692],[-70.838111517247398,41.625131139985037],[-70.835519779466949,41.624587587128318],[-70.833965055356813,41.624567233823043],[-70.829818874056244,41.625129283209525],[-70.829361702223082,41.625172686520408],[-70.828324539282832,41.625630889218584],[-70.827562701172852,41.626254940872755],[-70.826649019047821,41.626755996613646],[-70.825825745609677,41.627444950487337],[-70.825185542743895,41.628103472026041],[-70.82454473200707,41.628374912773054],[-70.823599508701605,41.628426106767648],[-70.822014006902094,41.62824387908789],[-70.821464815790179,41.627874867740843],[-70.821282296344691,41.627579983886513],[-70.820611771521726,41.62712245673913],[-70.820154380856891,41.627003753248054],[-70.819757503447093,41.626667697877636],[-70.819117089637118,41.625750517322807],[-70.819116859346309,41.62512925296074],[-70.819209094140973,41.624524299065961],[-70.818721188304764,41.624162934277422],[-70.817959149155712,41.623796501465378],[-70.817684523700848,41.623792062220609],[-70.817227567187231,41.624141547657175],[-70.81704453750514,41.624459543310302],[-70.816982957202868,41.625136170035717],[-70.817074286319155,41.625450141472285],[-70.8176235503268,41.625864283845544],[-70.819056676242525,41.627255502683212],[-70.819361277673011,41.627421646372966],[-70.820154336061364,41.627697046384974],[-70.821617817525109,41.629312968884555],[-70.821984082754966,41.631306166134245],[-70.822655123614624,41.631538592731459],[-70.823295430985254,41.631988094290577],[-70.823173424369628,41.632494372434252],[-70.822563704007592,41.63308895401245],[-70.822502460483378,41.633432444514753],[-70.822654962399582,41.633844106910722],[-70.821984266367494,41.634097888188627],[-70.82161876465554,41.634329266720464],[-70.820825025397667,41.63418884049787],[-70.820886353349621,41.633917471861942],[-70.821557646376036,41.63357366251693],[-70.821526787740027,41.632997774809546],[-70.821100350942686,41.632887183458067],[-70.820185401215682,41.632928986214253],[-70.819697188663426,41.632657662309583],[-70.818203894986979,41.632519332148952],[-70.817868235150954,41.632911775733653],[-70.81813756538611,41.633743452790995],[-70.818325528342413,41.634372595804777],[-70.818355733632657,41.634759310543743],[-70.818203166384762,41.634941893426017],[-70.817745820721839,41.635084291382],[-70.817410097856111,41.63487356792497],[-70.816160583537709,41.63464996780602],[-70.815733398127051,41.634440850107445],[-70.815367804683149,41.634050314682412],[-70.81433108812098,41.632427882265773],[-70.814361638499207,41.632130400379516],[-70.814574161024467,41.631874532899758],[-70.816099112382631,41.63128325216838],[-70.816861528540599,41.631261995043999],[-70.816739614710485,41.630597231184751],[-70.816465087750245,41.630232547182217],[-70.81619091310921,41.629498258061972],[-70.813934088870781,41.627300695458501],[-70.813172273962905,41.626934772201373],[-70.812104756645269,41.625681829065726],[-70.811433966083555,41.625134207483356],[-70.810732886506159,41.624893068278787],[-70.810032070808319,41.624850550568418],[-70.808689954352374,41.625132769790817],[-70.805762852660905,41.626367543216972],[-70.804969619112484,41.626524224785477],[-70.80451311641643,41.626801631836599],[-70.80423876029657,41.627058272726138],[-70.804055224248827,41.627835439839899],[-70.803475654097028,41.628448112077422],[-70.801584860687058,41.629018338915188],[-70.801280249121447,41.629230308014527],[-70.800975327929208,41.630162580548408],[-70.800456611817268,41.631143058045517],[-70.800426563528262,41.631630250316043],[-70.800852681691694,41.632172470939487],[-70.800944316857411,41.632792677779598],[-70.801096516814638,41.63308731833996],[-70.801157132840032,41.633734886004646],[-70.80137073357227,41.634352960864661],[-70.801706213599203,41.634833845309728],[-70.801827619766058,41.635399580978259],[-70.802132989827882,41.635835890347572],[-70.802560022075241,41.637234103576738],[-70.803168836070029,41.63848486618901],[-70.803200052843522,41.63888068555292],[-70.80347385557522,41.63960609057245],[-70.804602570955225,41.640822302808282],[-70.804785535056297,41.641161064999011],[-70.806889480052689,41.642695014941467],[-70.807865628165345,41.643012673128084],[-70.808871614148558,41.643447013658246],[-70.81125087004699,41.643886880257369],[-70.812379481004726,41.643904965461992],[-70.813690830130881,41.644064331942218],[-70.815184871707174,41.644616899756457],[-70.815733733613797,41.644914538545045],[-70.816313155706752,41.644869043005315],[-70.816862373579468,41.644616905644384],[-70.817442458059787,41.644734017197592],[-70.817411243760375,41.645049503482724],[-70.817258769308253,41.645232085808509],[-70.816527181654408,41.645397052670582],[-70.816496612779616,41.645595493044439],[-70.817655436762891,41.646036346222054],[-70.818418467195514,41.646582321398185],[-70.819851944589558,41.646992114032066],[-70.82024820974253,41.647318620588784],[-70.820827600619054,41.648318083829736],[-70.821467618601048,41.648866094653897],[-70.822261178785894,41.64905207348454],[-70.8232067753992,41.648937774335835],[-70.823450447309227,41.647997245998155],[-70.823969228773095,41.648160148796734],[-70.824609646899589,41.648843201253598],[-70.825097796931686,41.648781362010993],[-70.825798589564286,41.648248081804681],[-70.826164913085137,41.648115736192103],[-70.826469701811234,41.648138430628769],[-70.826775079105261,41.648367584958677],[-70.82662217586585,41.648775182249949],[-70.826653201505891,41.648963905619027],[-70.828300594209708,41.650630347765308],[-70.828239875883739,41.651451045880826],[-70.828545185977148,41.651860270969905],[-70.829094329738339,41.651959672502777],[-70.829338106689804,41.652135604046023],[-70.82952152646007,41.652916054615595],[-70.830650167571804,41.653600779150999],[-70.830741986828102,41.653878186379522],[-70.830130966035142,41.653690011148186],[-70.828545068731231,41.653003753166409],[-70.827721517004377,41.65302643949255],[-70.827020173814674,41.653163561131343],[-70.826684446681384,41.653123848035939],[-70.826593252008209,41.652845900889481],[-70.826745509241462,41.652546255375171],[-70.827660589873418,41.652072756653887],[-70.8275073485148,41.651678564470934],[-70.826379701120587,41.651840712040411],[-70.826287821055075,41.651662342642105],[-70.826501196408699,41.651019204235638],[-70.826470870876264,41.650695517953999],[-70.825891278344386,41.650695955447588],[-70.82573808870076,41.650833525807407],[-70.825250462965286,41.650787325335735],[-70.825342029796289,41.649993282789723],[-70.825219830099527,41.649833280454743],[-70.824823320183611,41.649992455291951],[-70.8238170186075,41.651521625305733],[-70.823206911001407,41.651954680714319],[-70.822689998818191,41.652564942670331],[-70.820798267728037,41.654721867658594],[-70.819517024499547,41.655840855477585],[-70.818754107382134,41.656276304421674],[-70.817382238987989,41.656577089615787],[-70.817382021388539,41.656946244571159],[-70.817657071572725,41.657194329365588],[-70.818297268034428,41.657427225324646],[-70.819181278485772,41.657403798312764],[-70.819578737309655,41.657262656095114],[-70.820554980219413,41.656580871459113],[-70.820981482827293,41.656213722228316],[-70.82125598308302,41.656209148120034],[-70.821712714911015,41.656228710049682],[-70.822048864489545,41.655935299386556],[-70.822262307634944,41.655869042955224],[-70.822536774141781,41.656071553124626],[-70.823329531359747,41.65584280383564],[-70.823391367509984,41.656625332373743],[-70.822629260605126,41.657700172346175],[-70.822690231701827,41.657951471546468],[-70.823177697359526,41.658312814944566],[-70.82314776704888,41.658520354641489],[-70.822263249800216,41.659020921276046],[-70.822080302531717,41.659528005857894],[-70.821927923935675,41.659665576082332],[-70.821683836191468,41.659642691590264],[-70.821347609637343,41.659386868564226],[-70.820554376934638,41.65875132593083],[-70.819944662668973,41.658472525569969],[-70.819548476024764,41.65801942530323],[-70.819333860348095,41.657924141340395],[-70.818815643367572,41.658175396451405],[-70.817657167748251,41.657815592898253],[-70.817229533273988,41.657813566778522],[-70.816862662385901,41.657855302407697],[-70.816894064978797,41.657152023218799],[-70.816588629712697,41.657129929739334],[-70.815125156189438,41.657450395981151],[-70.814789317501763,41.657419651006158],[-70.813813111980082,41.657038936742971],[-70.81289781538355,41.657035661791561],[-70.812012753321156,41.657581254901338],[-70.8116776463322,41.657694566215675],[-70.810914766281712,41.65756227260627],[-70.8103355710724,41.657742709948941],[-70.809419670108568,41.657694384312627],[-70.808840238428601,41.658018423540845],[-70.808475123679315,41.657997026057942],[-70.805850840024348,41.657354193842572],[-70.804936447170874,41.656648562258788],[-70.804722944187887,41.656552717135682],[-70.80432614758864,41.656144578494192],[-70.803410528261864,41.655709041621705],[-70.802618149139718,41.655180793365673],[-70.802191241747323,41.654728523832098],[-70.801153833697029,41.654015353616821],[-70.800457800961368,41.653726373484396],[-70.799629449361134,41.653417936346294],[-70.798927700484555,41.65306021236055],[-70.798073582995869,41.65219111664809],[-70.796518058225544,41.650927721847729],[-70.796121753293704,41.650744652815341],[-70.795695028450041,41.650696991680682],[-70.794901322930158,41.650790575258334],[-70.794291754690278,41.651070414902115],[-70.793590351097933,41.651730092809288],[-70.793162692507408,41.651962075439556],[-70.791576516747583,41.652391682902376],[-70.78950233703992,41.652667496440003],[-70.788922726444142,41.652667745525143],[-70.788435235375331,41.652459318907738],[-70.787855541765381,41.651981908463192],[-70.787611156555855,41.6519139295415],[-70.782548489305555,41.651938917764596],[-70.780688045090898,41.65170657145255],[-70.779498573966478,41.651409838276514],[-70.778888288454027,41.650969283659485],[-70.778613741351805,41.650649616655848],[-70.776417603225283,41.650998609559586],[-70.775228173999324,41.65154873375868],[-70.774984296138143,41.651543217550675],[-70.774770609863495,41.651204210720593],[-70.773458574829661,41.651269577654425],[-70.772757498817938,41.651289857139844],[-70.772422199962946,41.651385044094404],[-70.771476250001697,41.651381779382426],[-70.771232095776469,41.651295218683323],[-70.770622534662593,41.650764585455526],[-70.770103868022645,41.650601439329272],[-70.768640279085375,41.650399083649745],[-70.768274519381166,41.650260502491577],[-70.767969223555639,41.649968163373437],[-70.767939180598958,41.649509313601165],[-70.768641218639829,41.648867804159359],[-70.768824557684056,41.648549976554044],[-70.769373937448108,41.648271506865406],[-70.770624524387983,41.64799987520292],[-70.771997422264292,41.647222006055884],[-70.772913154664082,41.646604348147541],[-70.773401053014553,41.646398667398586],[-70.774071753830384,41.646469309344731],[-70.774315587112497,41.646582873544318],[-70.774315818004382,41.646880002053663],[-70.773888369936003,41.647354477507278],[-70.773796778599504,41.647608251396179],[-70.773948525540646,41.648389764100749],[-70.774161558347458,41.64900734750573],[-70.774344950079765,41.649211644736752],[-70.774343816915234,41.649671374054265],[-70.774161167619198,41.649962293292091],[-70.773733545675086,41.650238682484826],[-70.773946888895836,41.650469642936109],[-70.774373999843746,41.650354778733117],[-70.774801830278037,41.649943330741053],[-70.775411919953726,41.649168386753509],[-70.775412553930195,41.648826244552545],[-70.774741578919105,41.648025666889147],[-70.774559372949341,41.64763229701159],[-70.774650859731096,41.647271015900891],[-70.775048245649515,41.646832361369881],[-70.775048347387653,41.646463204212779],[-70.773950767269625,41.645643063968883],[-70.773768106910481,41.644888905565033],[-70.771664863261705,41.643039838235595],[-70.769622028931963,41.641135295359142],[-70.769226274523874,41.641231254739793],[-70.769194513319704,41.642645826261841],[-70.769011004465881,41.642990664828098],[-70.768797574635656,41.644020864207967],[-70.768247906512457,41.64406513877249],[-70.767577589334067,41.643607208904548],[-70.766693854818911,41.642783332742397],[-70.765809891979742,41.641500161313438],[-70.765596348056434,41.641323207051485],[-70.765108354522766,41.641339772595238],[-70.764955671219312,41.642531256679838],[-70.765138243058416,41.643032691092998],[-70.765808272294109,41.643994849651001],[-70.767149529226515,41.644478455218291],[-70.767851462142914,41.644890941586404],[-70.768338788751706,41.645711718329494],[-70.768338352563276,41.646558077892976],[-70.767727097855754,41.647702134908819],[-70.767055331593411,41.648478351412649],[-70.766749946504163,41.648708232015714],[-70.766017826035679,41.648935898550867],[-70.765164332717418,41.648912919130566],[-70.763822502660176,41.648618367994935],[-70.76327333115465,41.648365584681692],[-70.762754470960886,41.648472519330817],[-70.762696676221069,41.648539673577872],[-70.76223565405688,41.649075204456544],[-70.762234985090274,41.649570412434954],[-70.762630775512804,41.650789040771279],[-70.762630430326624,41.651860497852191],[-70.762202632205685,41.652344471957527],[-70.761531650172216,41.652751503350743],[-70.76067740284725,41.653007605386527],[-70.759487670242194,41.653205873221232],[-70.758419712666836,41.653006411781426],[-70.757383662118656,41.652571967681261],[-70.756864889870258,41.652615849261075],[-70.756742356570271,41.653005095943271],[-70.756833201597104,41.653256087109121],[-70.757382459183518,41.653823496989013],[-70.757534234358829,41.654172847454618],[-70.757655273255722,41.655629472365327],[-70.757959421662264,41.656660688853279],[-70.758019887884331,41.657668435597444],[-70.758233276881299,41.658358623040229],[-70.758415198567093,41.658490905603834],[-70.758415517381437,41.65874301584784],[-70.758628302801554,41.659289136750473],[-70.75853646962392,41.660344241035538],[-70.758474336217986,41.660660051634714],[-70.75847446326577,41.661353349894824],[-70.758962199256288,41.66199418212171],[-70.759083449852994,41.66245191801093],[-70.760485745989783,41.664186363618903],[-70.76170462470391,41.665329308061928],[-70.762070600756971,41.665882088775952],[-70.762344394173752,41.666859072560655],[-70.762343771491459,41.66718374766149],[-70.761886780455612,41.667316471404277],[-70.758866017615091,41.667300161595378],[-70.758011393485404,41.667457199958463],[-70.757889398389253,41.667684381936418],[-70.758041404020446,41.668141149018147],[-70.759017139040225,41.669585335705371],[-70.759687391752848,41.670295332175719],[-70.760754498762012,41.67107156148122],[-70.761150910244496,41.671569889300812],[-70.761303406301863,41.672350883928672],[-70.762126969435769,41.672788413870691],[-70.762706299309301,41.67326595298367],[-70.763468225315279,41.674208460059532],[-70.763589705178759,41.674432091926477],[-70.763681040637024,41.674916640391103],[-70.763589188848883,41.67507136238801],[-70.763680908982224,41.675898059866398],[-70.764015590297333,41.676307109727972],[-70.764717757104165,41.676602564558479],[-70.764655995634499,41.676855984055379],[-70.764411243216131,41.676949482550008],[-70.763648827489178,41.677015410843616],[-70.763419706033332,41.677273959031353],[-70.76322071449998,41.677679554791446],[-70.763221063107736,41.678003695875084],[-70.764136103812362,41.678295490393943],[-70.764898636573065,41.678157978852248],[-70.766241558595169,41.678506003081971],[-70.766576746407836,41.678852561724213],[-70.766668583166265,41.679075999064985],[-70.766637322718637,41.679445495771532],[-70.766148798340609,41.679462064225774],[-70.765112144087567,41.678965203144791],[-70.764837341382901,41.678987107926972],[-70.764623125729429,41.679233869771082],[-70.764318814768515,41.679148076548266],[-70.76361763004023,41.67861906577442],[-70.763006711673128,41.678574592649618],[-70.762366014874829,41.678664981030082],[-70.761542082002151,41.679074353815331],[-70.761082965487347,41.679414690037412],[-70.75998473831811,41.679530184710082],[-70.759679653126184,41.679688018443912],[-70.759404884372969,41.680214666718335],[-70.759038614954008,41.680355803493583],[-70.758550214547626,41.680443740797685],[-70.758031775027661,41.680398132946671],[-70.757086456724252,41.68016911868996],[-70.754126842205153,41.679007974793258],[-70.753119869867504,41.678960311179779],[-70.752479169153844,41.67877206436124],[-70.751685687385091,41.678226075919255],[-70.750071492119488,41.676305456707567],[-70.749499882828374,41.675451992232055],[-70.748186543818463,41.674030793521652],[-70.74711785779526,41.673254525273826],[-70.745744186279282,41.672527907337567],[-70.745194632279663,41.672346976097003],[-70.744828746769031,41.672416038608262],[-70.744615175320035,41.672644219462526],[-70.74449299338221,41.672943327150556],[-70.744645937507627,41.673598294144654],[-70.744708441326551,41.67449846625599],[-70.74464732288267,41.674904405297923],[-70.744434497729429,41.675160142673342],[-70.744434675444765,41.675592329805013],[-70.745228649506572,41.676526169547074],[-70.74724411384544,41.678494983589516],[-70.748253239090161,41.67991139176646],[-70.749504563349134,41.680711993259735],[-70.751042040363018,41.681910004656409],[-70.751621229585922,41.682522747249706],[-70.751956522191563,41.683183945078369],[-70.752138847971622,41.683892487306061],[-70.752107741050096,41.684631680275068],[-70.751557295220991,41.685450293898057],[-70.751588294765369,41.685746995099329],[-70.751862721333367,41.685842259916157],[-70.752259909616427,41.68577283982281],[-70.752778291953888,41.685837021295633],[-70.752991769296273,41.68597798289305],[-70.753051814267039,41.686616480937047],[-70.753418446520541,41.686592505778393],[-70.75372348972472,41.686020510533361],[-70.753937794271224,41.685864348268069],[-70.754212517066179,41.685913959746919],[-70.75457867839674,41.686187555460712],[-70.755309884045502,41.687347088634709],[-70.75582843218281,41.687852446403106],[-70.755980763773124,41.688129230813715],[-70.755912555767011,41.689314503288927],[-70.755887408753466,41.689751566341485],[-70.755674336662011,41.689935292197617],[-70.755216396895037,41.689752758845579],[-70.755278167605383,41.688770661740804],[-70.755095430378532,41.688629365541729],[-70.753996282975095,41.688654758844677],[-70.753721833800057,41.688560129400877],[-70.753233566366134,41.688630667743496],[-70.752958860304048,41.688887095419652],[-70.752775365260646,41.689592153705],[-70.752804872208031,41.690366679751193],[-70.753140130368919,41.690757757514746],[-70.753749927594683,41.691216453224548],[-70.754787363577734,41.691831012541677],[-70.75579368036972,41.6922208024695],[-70.756099075194356,41.692062980763872],[-70.756251878140588,41.691835551621431],[-70.756496238577839,41.691678410403668],[-70.756862880416008,41.691717991280754],[-70.757319893562681,41.692043943308001],[-70.757563412334875,41.6925176947205],[-70.757502250458884,41.692860522774595],[-70.757227530784149,41.693180077703914],[-70.756281252519813,41.693275730956294],[-70.756158884946274,41.693457889603827],[-70.756463118429053,41.694443549486508],[-70.756371174722503,41.694922404242682],[-70.75615731298231,41.695286203121789],[-70.755394031652841,41.696180427053328],[-70.754782870138428,41.696658133180698],[-70.754752403774162,41.697117760841692],[-70.75536250393813,41.697783538137934],[-70.7556663965902,41.698850772738709],[-70.755971274128115,41.699287202510753],[-70.756916829284052,41.700046913067411],[-70.75709957747398,41.700386831242923],[-70.75725182087325,41.700870701795495],[-70.757038427269208,41.701161934340384],[-70.757007577138609,41.701459400483721],[-70.757861402884672,41.702310793537286],[-70.759478722035041,41.703177774659565],[-70.759905859228112,41.703612197736774],[-70.761065607925005,41.703864547889445],[-70.761248594912175,41.704113881944508],[-70.761370080500427,41.704850735387048],[-70.761553237385158,41.705054510527951],[-70.762499497970055,41.705193452649326],[-70.762773707936333,41.705441124267104],[-70.763047930910361,41.706427741356087],[-70.763505332563497,41.707023785577753],[-70.76390185514235,41.707251987087957],[-70.764115626404319,41.707500975225301],[-70.76423654506435,41.708165250597169],[-70.76423636888147,41.708462376493102],[-70.764724221847374,41.709400848746405],[-70.765121189244951,41.70979057778537],[-70.765090073986428,41.710385711351485],[-70.765883566203428,41.71104865269065],[-70.766036390603333,41.711343433724537],[-70.766004659450616,41.712442778927354],[-70.766309818493923,41.713086270265094],[-70.766339955154322,41.714229412755849],[-70.765698033006657,41.714824569851345],[-70.765758767309023,41.716075415793057],[-70.765544400826641,41.716241144353603],[-70.765299990191153,41.716145567068637],[-70.764812460096394,41.715549876393005],[-70.764843164547202,41.715189380562229],[-70.764965078962149,41.714818218885462],[-70.764996119360788,41.714114948712158],[-70.764659998891716,41.713948997985909],[-70.76441641123391,41.713908077406515],[-70.763897061983485,41.714366167501453],[-70.763408794350525,41.71447276605754],[-70.763133636967567,41.714387069407884],[-70.762767305860976,41.71399645154488],[-70.762371887716682,41.712669783816274],[-70.762982860964286,41.712300081478247],[-70.762830207124352,41.711960278131052],[-70.762402972033996,41.711913031544455],[-70.761639476206625,41.712348189970967],[-70.760936507579615,41.712556929309997],[-70.760142736844173,41.71266819275418],[-70.758249923265822,41.712138783309484],[-70.757517257680391,41.7121412998805],[-70.757120673336814,41.712300241576152],[-70.757120469404398,41.712534880708503],[-70.757578175619756,41.712896850497224],[-70.757608343140816,41.713175626503869],[-70.757211306999295,41.713424604152294],[-70.757088617729579,41.713579660242601],[-70.757179492960773,41.714704024373042],[-70.757758502867603,41.716811371466314],[-70.758032768404178,41.717284691142993],[-70.758032124687347,41.717536794831119],[-70.758154452708837,41.717723881760307],[-70.758489957084421,41.718844255990632],[-70.758947153571086,41.719576004732602],[-70.759862313351206,41.72042606911171],[-70.760838710273845,41.721158303012082],[-70.76031932948402,41.721175728622292],[-70.75882367567128,41.720585883247551],[-70.758488415209072,41.720509958563802],[-70.757999458101338,41.720671093117687],[-70.75735695120612,41.721149150099492],[-70.757204720903786,41.721538744111889],[-70.757020830786146,41.722459808820325],[-70.756684794708747,41.722501554175523],[-70.756532393400846,41.722089173015519],[-70.756594046118593,41.721242132945235],[-70.757359000282577,41.720104176313953],[-70.75735969839846,41.719185787859473],[-70.75723800297537,41.718385901953241],[-70.756109462617331,41.717268808170431],[-70.756079019660632,41.71690053165063],[-70.756140312150166,41.716260037772628],[-70.755529550378625,41.716233535589176],[-70.754980707655392,41.716214728495245],[-70.755224551407309,41.71555337015522],[-70.755316728462134,41.714769017008464],[-70.755226318867315,41.714112764723232],[-70.754891032083094,41.713856841913184],[-70.753943843085793,41.713880440887067],[-70.754128183566877,41.713354923211512],[-70.754220392128786,41.712434882908234],[-70.754648333806315,41.712122550784045],[-70.755929818272051,41.712003710036051],[-70.756289582215373,41.71151877241163],[-70.756297684217046,41.711070343273178],[-70.755839437280372,41.710519193621309],[-70.754466546033385,41.709648630830088],[-70.753917441648454,41.709080671174632],[-70.753429562580578,41.708322768798006],[-70.753033544372144,41.707293190386039],[-70.752332658130854,41.706196330288748],[-70.74949729621936,41.704068514960163],[-70.748611918778991,41.703496510375196],[-70.747634165900095,41.703016267853442],[-70.746565143205771,41.702329944425657],[-70.745496337415872,41.701301465234629],[-70.745007526148299,41.701164876377405],[-70.744519032688189,41.701235376510745],[-70.744183593977922,41.701438527652492],[-70.744061166535928,41.701692614109902],[-70.744062409842982,41.702511974496964],[-70.744857276041003,41.703499843277896],[-70.744980186305483,41.703957605009172],[-70.745072148193998,41.704919918164201],[-70.745866712067624,41.70598818206237],[-70.745806640744306,41.706313633984038],[-70.745226329898088,41.706331756731494],[-70.744890597102213,41.706201765034137],[-70.74446139887209,41.705694700219652],[-70.744125705295531,41.705033478233354],[-70.743881535374797,41.704730857088947],[-70.742690280832065,41.703866398924994],[-70.742108833322703,41.703181655898717],[-70.739940747201501,41.70146708672651],[-70.7388405954691,41.700114825642792],[-70.73859604967366,41.699686046026578],[-70.737679328751142,41.699015333218746],[-70.737038680827752,41.698718954402025],[-70.736519542059284,41.698177491259209],[-70.73627459451771,41.6978747580755],[-70.735755258598942,41.697441336563784],[-70.735602476720373,41.696966526386397],[-70.735601962755823,41.69641674610471],[-70.73526534916877,41.695683459690372],[-70.734868475913373,41.695248065614045],[-70.73480751052999,41.695042187168937],[-70.734043459798215,41.694171053936913],[-70.733767676563403,41.693436461542376],[-70.733463195973087,41.693072004765469],[-70.733157742409063,41.692869070229136],[-70.732394383718272,41.69257462889842],[-70.732119440112569,41.692362353217277],[-70.732058305285307,41.692111542689538],[-70.731448613937346,41.691706123516234],[-70.731264150649523,41.691132590682592],[-70.731384236145985,41.689347301412759],[-70.731568355769937,41.689209524957484],[-70.733308115219842,41.689876292732784],[-70.733827157309861,41.690327731791861],[-70.73437723857441,41.691157000036242],[-70.735934421703291,41.692502831658899],[-70.737186508998292,41.693438631095482],[-70.739965343624419,41.694972666480176],[-70.740514685627673,41.695378717148813],[-70.74072927890434,41.695699246386162],[-70.740820428002152,41.695995271584096],[-70.741187100841998,41.695881747180188],[-70.741552912348794,41.695263548766526],[-70.741521862708922,41.694903727124725],[-70.740635906021453,41.693800426604589],[-70.740421185360432,41.69288456008173],[-70.740177190976681,41.692663506760141],[-70.738650998071066,41.692137203912743],[-70.737642916322642,41.691269504115503],[-70.735505530204691,41.689663188766367],[-70.734223812593754,41.689303959341558],[-70.733337696667348,41.688821867319142],[-70.729858269541737,41.688136585805204],[-70.729217297376891,41.687749580618835],[-70.727964832390498,41.686714646522773],[-70.726163647006345,41.685120607954829],[-70.725002526332275,41.684138574325132],[-70.723996375273927,41.683018565523717],[-70.723109903864454,41.682302379074635],[-70.722865659765588,41.681981613104938],[-70.722224612038787,41.681550088022341],[-70.7213086559169,41.681068867423598],[-70.720515043795857,41.680405068248973],[-70.720331490727361,41.680092635905922],[-70.720270447877539,41.679129881139048],[-70.719842072909074,41.677847850911704],[-70.719414659498142,41.677413272359992],[-70.718438373074562,41.676932154350858],[-70.717522619675009,41.67665799366528],[-70.716363061680084,41.676522337209128],[-70.715844667483537,41.676566035792703],[-70.715813931055237,41.677143154070002],[-70.716180827328742,41.678074254684361],[-70.716791729534521,41.678695769209106],[-70.716792219803452,41.679812796385157],[-70.717127761649962,41.680276015332943],[-70.717982356254097,41.68049744583552],[-70.718288009521061,41.680753906413464],[-70.718257008821425,41.680961323303528],[-70.718013827418702,41.681145312549404],[-70.717158392148619,41.680932970499875],[-70.716334103482112,41.680414073643661],[-70.716029620789499,41.680454744526315],[-70.715174724919791,41.68084556250286],[-70.715114151138891,41.681161991927475],[-70.715786094934728,41.682899245883092],[-70.716061094875627,41.683246170406392],[-70.71694664405635,41.683728304494508],[-70.717312772161847,41.684020118903518],[-70.717404885774343,41.684433221087552],[-70.716977870276992,41.685376232855873],[-70.716642473289255,41.685850050440088],[-70.717650138998465,41.686996516620198],[-70.718138576693818,41.687818057997845],[-70.718200627055367,41.689167988400101],[-70.718017382246117,41.689693457231279],[-70.717266005355455,41.690450201036683],[-70.717072073077702,41.690680177018137],[-70.715668252742759,41.691340759918475],[-70.715576799531661,41.691549470184896],[-70.715608451173196,41.691936315778037],[-70.716432133881128,41.692878936051002],[-70.717591910666343,41.693816028052694],[-70.719027189514193,41.694821357696256],[-70.71936348993863,41.694915414795389],[-70.720278338321251,41.694793381201372],[-70.720644694970304,41.694796971228037],[-70.721163975105313,41.694978353181668],[-70.722477090126375,41.695940034118962],[-70.723117869477917,41.696534165090057],[-70.723332385545106,41.696765228488822],[-70.723393643739968,41.696944103640007],[-70.724371004039355,41.697929311673036],[-70.724645497389318,41.698663918577822],[-70.724890605657237,41.700128179816375],[-70.725196407894842,41.700511216580871],[-70.726052326657324,41.701173783815911],[-70.726845565806187,41.701954049688538],[-70.727609111187562,41.702429146791786],[-70.72770028554703,41.702589584460483],[-70.727609921374864,41.703167470856734],[-70.727701974507553,41.704130340679363],[-70.728313021136046,41.704670216343828],[-70.730419810434455,41.705980499604749],[-70.730633590688143,41.706247559346188],[-70.730634254769797,41.706571703560797],[-70.730267831157434,41.706568055662025],[-70.729840298235274,41.706430735657435],[-70.729229767916635,41.705935261055366],[-70.727519471806062,41.70540261161451],[-70.725871236889063,41.705085281158233],[-70.724069140144564,41.703923843871031],[-70.723275404727403,41.703620221117255],[-70.72245071543847,41.7036691537133],[-70.721932122203782,41.703829930698909],[-70.720986507322493,41.703538129091775],[-70.71903177500738,41.702342431937765],[-70.717779967154684,41.701793601725853],[-70.714818296455803,41.701802470715727],[-70.714611306120105,41.702143190637578],[-70.71445305445782,41.702438146644617],[-70.713964167075432,41.702869209369908],[-70.713782312186709,41.704682238749491],[-70.712562366797187,41.706394090149836],[-70.712348205029599,41.706856309123914],[-70.712349138179249,41.707424101434825],[-70.712685254972129,41.708337531316538],[-70.713325708344001,41.709048765421926],[-70.714455688926279,41.70998622161909],[-70.714791362704744,41.710440443190919],[-70.714852947280093,41.710836409123807],[-70.715769173263752,41.710993540427502],[-70.717998202717979,41.711698303597643],[-70.719860708389305,41.712408885030577],[-70.721051923643543,41.712958896749036],[-70.721388051279277,41.713233023738717],[-70.721907247401333,41.713828579449888],[-70.722702026863658,41.71572599597944],[-70.723161135697524,41.716205705594525],[-70.724748489349452,41.716640879752589],[-70.72502325128545,41.716934206290034],[-70.725757954673625,41.718742233084065],[-70.726033091909215,41.719134692373146],[-70.726430366413553,41.719822227817758],[-70.726881263560131,41.720230465405457],[-70.727468294108874,41.720572095902199],[-70.728078815222148,41.721048940803897],[-70.728202160145827,41.721254615323339],[-70.728201724655094,41.72166879084493],[-70.728691368726828,41.722174615674362],[-70.728874809360875,41.722748775120763],[-70.728967103449719,41.723476463408566],[-70.729119517265602,41.723753824519967],[-70.729181721718163,41.724734497899156],[-70.729304180337735,41.72498464428574],[-70.729548574872183,41.724990260068772],[-70.730463684269935,41.724661054512843],[-70.731288823224574,41.724666628622636],[-70.731747191059398,41.725028706996667],[-70.732510376135693,41.725719859372532],[-70.73257153840423,41.72597120962682],[-70.733274084038172,41.726519056511371],[-70.733396744185924,41.726814129036789],[-70.734801597487433,41.727090363965218],[-70.735351236556212,41.727361381500174],[-70.736359857410349,41.728138521845082],[-70.736848742690256,41.728365185673461],[-70.737643469100192,41.729100363172336],[-70.73920168731874,41.730059072774011],[-70.739629228887523,41.730079306123585],[-70.740850621160149,41.729871363145492],[-70.741125217073204,41.729714005262473],[-70.741154715329273,41.729254374454868],[-70.741032743271404,41.728958684897101],[-70.741154223910854,41.728344440526378],[-70.742681851449206,41.728915642226561],[-70.743597953035263,41.729415323511269],[-70.744576505718811,41.730489858061674],[-70.744608015628501,41.730813665899667],[-70.746624947791645,41.732638515080424],[-70.746870252606016,41.733283283449424],[-70.74674864631919,41.733942642018178],[-70.746504994437274,41.734441824640932],[-70.745771431008365,41.734651350135572],[-70.745589175862847,41.734816173997132],[-70.745619967578634,41.735293042313415],[-70.74760753672038,41.737145229970409],[-70.747943042152301,41.737329234061548],[-70.748279544708922,41.737306064998634],[-70.74885894577406,41.736918850797508],[-70.749499964856781,41.736872925768346],[-70.749862317229613,41.736879815206983],[-70.751327201519814,41.737505138964892],[-70.753342540937936,41.738852651513334],[-70.754746396543354,41.740181991764729],[-70.755478663565611,41.740746730787535],[-70.755570362808115,41.740934700331444],[-70.755906385377543,41.741181170742159],[-70.756517493927205,41.741415300310379],[-70.756456196519636,41.741920196034947],[-70.75695302437299,41.742481677193183],[-70.756699335682427,41.742556014190349],[-70.755721377534186,41.742625079390464],[-70.754652883368237,41.742416585326566],[-70.753614807258728,41.742054134639822],[-70.753064558855286,41.741756191197403],[-70.752668352499143,41.741393437870194],[-70.75224143788796,41.740337184929984],[-70.752028594272275,41.740106188958094],[-70.751509804076903,41.739105603697666],[-70.750684693720231,41.738640981026805],[-70.749830536430451,41.738050737253594],[-70.749501170772874,41.73808008057761],[-70.74931819989159,41.738397881169533],[-70.749288979453112,41.739452310071201],[-70.748954171144874,41.740322305915051],[-70.748893336015328,41.741079398990948],[-70.74874107746983,41.741442510565356],[-70.748436046215062,41.741762385766677],[-70.748741746295835,41.742315888861043],[-70.748529941477443,41.744030806167288],[-70.747950483231961,41.744805274431904],[-70.747889952443856,41.745769997838735],[-70.747401659542192,41.746335635755194],[-70.746547392873779,41.746961427939567],[-70.74645629943906,41.747233191894068],[-70.746518175668541,41.748357912581966],[-70.746183257714819,41.748975341711052],[-70.746122333597924,41.750093037109352],[-70.746153999804619,41.750588458669817],[-70.746306766112468,41.750766215296728],[-70.74609382326129,41.752345522582843],[-70.745270964542485,41.754223049211852],[-70.745149672067996,41.755044387342423],[-70.744844478186621,41.755940498848084],[-70.744508942529677,41.756351280710717],[-70.743593083364701,41.757148256514256],[-70.742829505060584,41.757493253455756],[-70.741639619609415,41.758619193667563],[-70.741854043283794,41.759580161761768],[-70.74176272428187,41.760374144147463],[-70.741030355926725,41.761195370848654],[-70.741122094148935,41.761500402333787],[-70.742008303428079,41.762135401642183],[-70.743170798866615,41.763234307431837],[-70.743171221030678,41.763919143220306],[-70.742651992866016,41.763782345609826],[-70.741948053953607,41.763118131512158],[-70.741825599348758,41.762867459687705],[-70.741122979949836,41.762346770563177],[-70.740389679209528,41.761980018443325],[-70.740145093950929,41.76177634079562],[-70.740113496312205,41.761470629211864],[-70.7405110443447,41.760906037419055],[-70.74072379761094,41.760236668402619],[-70.740753896808471,41.759596424760929],[-70.740600700219176,41.759211659268921],[-70.739775121889792,41.758134693712975],[-70.739713760548611,41.757703179498812],[-70.740171571596633,41.756993848956299],[-70.741422836215236,41.756713434760876],[-70.742217399616678,41.756422226320183],[-70.742706260444223,41.756072616297381],[-70.742736527778717,41.755639461960648],[-70.742583891428495,41.755389760649045],[-70.742704982635999,41.754973597207346],[-70.743163510774494,41.754615320003531],[-70.743743279610968,41.75394892373135],[-70.744170433903193,41.753609072221138],[-70.744139539597327,41.752826072068764],[-70.74435268369038,41.752372251372016],[-70.744322000785445,41.751571244933871],[-70.743800598246153,41.750092862855169],[-70.743678120037174,41.749337976645357],[-70.743555730879734,41.749042827792799],[-70.743523955327873,41.747665026603109],[-70.743431810510501,41.747323978697501],[-70.742514214538446,41.745996023176893],[-70.742666443429698,41.745426370959606],[-70.743551793706317,41.744989445023862],[-70.743826426452628,41.744742492178105],[-70.744160757467739,41.743412680727658],[-70.744099734456213,41.742819191566042],[-70.743517997789652,41.742107355463645],[-70.743457534892684,41.741720958370784],[-70.743609585721359,41.741449061376741],[-70.744068146830656,41.741333345208297],[-70.744312546118266,41.741537013797519],[-70.744404758498476,41.742319250599316],[-70.744679967937927,41.742611990850484],[-70.744924397728894,41.742752631270129],[-70.745168769050935,41.742776220622389],[-70.745443346114868,41.74265477736418],[-70.746053249753146,41.741807411964786],[-70.746480236420624,41.740801175703389],[-70.745441114175762,41.740258565931441],[-70.745471676279834,41.739961100877593],[-70.745685969329841,41.739822960690702],[-70.746174351953712,41.739796932006385],[-70.746509815407904,41.739638793386227],[-70.746570853734383,41.739457949582764],[-70.745958739385586,41.738926632289079],[-70.745561879170936,41.738725918943139],[-70.744798276139221,41.738584088965197],[-70.744003939655798,41.738317166282286],[-70.742996068778524,41.737648146921536],[-70.742017494753568,41.736852088920159],[-70.741344845408548,41.735916880297111],[-70.741374501032254,41.735069544207427],[-70.741740501891201,41.734514912919884],[-70.742503695098463,41.733926277684851],[-70.742900649908918,41.733740376760316],[-70.743845859252204,41.732842939738696],[-70.743937287527061,41.732481141401152],[-70.743784077132773,41.73229437433455],[-70.743051014442372,41.732026680813895],[-70.742165695303825,41.731796865987967],[-70.741035323927164,41.731868121061559],[-70.740700059263077,41.732143294986479],[-70.740456238753538,41.732966693020607],[-70.740212359706007,41.73325877208466],[-70.740212745858145,41.734105678203647],[-70.739817188795513,41.735183502027041],[-70.739695135158911,41.735752811894002],[-70.738200362243632,41.737586363440286],[-70.738077995659225,41.737948490611359],[-70.738079687600504,41.739731807517536],[-70.737714212807262,41.739854335372833],[-70.737560345461063,41.73971257490723],[-70.737559693753184,41.738568539352912],[-70.737467421054504,41.738020396429881],[-70.737710898690622,41.73657573547424],[-70.737465701897463,41.736119938804109],[-70.738138016785825,41.736100848695763],[-70.73847311990923,41.735438514817631],[-70.738624307328365,41.733877895228552],[-70.738257459425441,41.733513576360721],[-70.737860492996859,41.732943676480048],[-70.737279942131167,41.732619071510733],[-70.736577332918316,41.732098261311613],[-70.735996179898635,41.731503529568101],[-70.735537845847546,41.7310423364641],[-70.735232693042732,41.731019488397315],[-70.734621431915329,41.730812794167697],[-70.734163224677971,41.730522759873381],[-70.734071243873302,41.730334680575126],[-70.734009625783301,41.729579111330537],[-70.733306658282686,41.729283464944729],[-70.7331231315802,41.728961961251137],[-70.73287916904971,41.728758901213915],[-70.732512894116468,41.728602196550966],[-70.731871403959687,41.728783080431967],[-70.7312300939073,41.728828813775976],[-70.73092437344792,41.728644420725281],[-70.730832865213031,41.728258346688087],[-70.730587827100294,41.728235261879711],[-70.730191917191121,41.728394115361262],[-70.729581057946476,41.728466516669911],[-70.729153015999486,41.728419140438788],[-70.728512485302119,41.72803213738004],[-70.727472680514808,41.727138205091009],[-70.726984262304356,41.726866484481789],[-70.725181258811475,41.725083255596843],[-70.724173826358054,41.724441081249267],[-70.723562807885244,41.723846621366107],[-70.722737096641595,41.72324673090079],[-70.722493115676983,41.723178076077261],[-70.721973725199405,41.723203790522739],[-70.72099682840755,41.72345318102483],[-70.720814542403701,41.723617875255677],[-70.720783652660245,41.723933430141315],[-70.721486400997691,41.724760382430695],[-70.721624091131034,41.725267252158417],[-70.721699958366443,41.725541218792458],[-70.722250213523466,41.726496599467708],[-70.722250474743376,41.726820741081255],[-70.721945950340299,41.727735345956702],[-70.722068216075058,41.728147568848335],[-70.722343513643281,41.72855795564324],[-70.722739834658086,41.728831408547279],[-70.725550537131653,41.7297885850166],[-70.725947785425305,41.730017013507464],[-70.726405778465519,41.730748269760454],[-70.726529862391686,41.731827327190743],[-70.72662089166603,41.732032783729736],[-70.726652577158845,41.732672274288703],[-70.72649938569063,41.732944771591754],[-70.726499772189428,41.733448991394305],[-70.727172030809314,41.733979112293127],[-70.731235551411345,41.73646692680753],[-70.732335754234512,41.736783271742603],[-70.73270211184402,41.736966988790066],[-70.732702810386456,41.737219101886517],[-70.731694391481284,41.736946688481716],[-70.731175553048104,41.737017468711187],[-70.730594823012154,41.737016877909831],[-70.729984240711332,41.736810163701783],[-70.728976680279487,41.736906350541318],[-70.728670512925191,41.737244173426532],[-70.728335630356156,41.737411267532963],[-70.727113823683268,41.737339954490324],[-70.725648083669014,41.737479191247559],[-70.724608820848701,41.736630256938355],[-70.724088506927785,41.736079727182727],[-70.723599662916342,41.735897938363813],[-70.72256115725753,41.735238071631471],[-70.722011457329572,41.735030109316796],[-70.721584062023055,41.735054740381173],[-70.72161489406092,41.735513608900966],[-70.721705808587117,41.735944705913312],[-70.721340774914523,41.736247171923836],[-70.718286818036518,41.736977532562676],[-70.71721714861873,41.737363024210723],[-70.716668266283037,41.737911818389243],[-70.715935575355388,41.738166178030411],[-70.715293971083625,41.738599077500339],[-70.715050117529856,41.739269266992665],[-70.715233511824309,41.73963572860432],[-70.715539402793581,41.739748133743895],[-70.715539636325644,41.739973862791373],[-70.71450088430062,41.74077255062889],[-70.713982130582195,41.7409788519941],[-70.713096648104781,41.741189910758123],[-70.711629913358777,41.741896746313543],[-70.71037822196466,41.742311797657237],[-70.70878942569928,41.742560803085958],[-70.708575962039546,41.742653860737768],[-70.709401479330197,41.743434469407241],[-70.709523699929406,41.743729654997686],[-70.709523817103147,41.744594569593907],[-70.709646268819284,41.744754698263051],[-70.710470962068712,41.744778426139121],[-70.711234317398024,41.744667745375359],[-70.711845735234519,41.74450594653117],[-70.712669341594989,41.743700753046895],[-70.713127700433105,41.743792879270316],[-70.713433174917782,41.744067357033821],[-70.713463913523782,41.744256020686052],[-70.713708558865534,41.744432745551556],[-70.714227293239816,41.744416066974814],[-70.714991248341832,41.744089362021647],[-70.716151624184533,41.743954372644303],[-70.716366267524492,41.7440683983056],[-70.716426690776629,41.744346853995083],[-70.716610193721309,41.744461205161024],[-70.717159805761867,41.74452459006779],[-70.718412463458392,41.744551201333991],[-70.718412935188766,41.74475829386494],[-70.717923927408037,41.74523385343641],[-70.717679865994,41.745715055459343],[-70.717742316042035,41.746839799211891],[-70.717558494620206,41.746996104458617],[-70.716887035029387,41.747249270767647],[-70.71661119986608,41.74749660133223],[-70.716611800440077,41.747937795732447],[-70.717621059400273,41.748553125385975],[-70.718995682964788,41.749604758814762],[-70.719026658789787,41.749873917108879],[-70.718751761067765,41.750103341559914],[-70.717682508975344,41.750525397503509],[-70.717437824561159,41.750780867483293],[-70.717469077879997,41.750987631240598],[-70.718385394864939,41.751027687464713],[-70.71896594746292,41.751397407462044],[-70.720309990060869,41.751395360916725],[-70.72180727862083,41.751832204138708],[-70.722448689330832,41.751669382540534],[-70.723059542883746,41.751398932685937],[-70.72357956180322,41.751399687428211],[-70.724312855765717,41.7519471670564],[-70.724221573020259,41.752245924192664],[-70.722907403063175,41.752607835602944],[-70.722388251539215,41.752841184549837],[-70.721624930647096,41.753041349299565],[-70.721441132333339,41.753224672619638],[-70.721440982023452,41.753611838277536],[-70.721899614471496,41.754487807880508],[-70.723153333737429,41.755738359548793],[-70.723520121336364,41.75611109968002],[-70.723520577378395,41.756291180256703],[-70.723000710230608,41.75645258631998],[-70.722664801845781,41.756358545071429],[-70.722358868192529,41.756084089737222],[-70.721595214161624,41.755104744570708],[-70.720402843565225,41.754348187874626],[-70.719577821935559,41.753504547373979],[-70.718905642344396,41.753064422329466],[-70.718386321676945,41.753162693806949],[-70.71792792531042,41.752880967324195],[-70.717866157654399,41.752495087099831],[-70.717255934847103,41.75237780654367],[-70.71612497776411,41.751602448038184],[-70.715941612868008,41.750623094210255],[-70.715667006370424,41.750465346345749],[-70.714291994936843,41.750396263775009],[-70.713955221290163,41.750122112849127],[-70.714221276823537,41.749791885385086],[-70.714683283679534,41.749864851904078],[-70.715420835956479,41.750077654431351],[-70.715880432762603,41.75028844891591],[-70.716521674557384,41.75010999276865],[-70.717224031864561,41.749486801155882],[-70.717254972833416,41.749081208839812],[-70.717070696457895,41.748822791399903],[-70.71505438887003,41.748069514436843],[-70.713831712995912,41.74779933847551],[-70.713373589192827,41.747500217583472],[-70.711601960808792,41.746265690009899],[-70.710623859613577,41.745812052053829],[-70.71004399751547,41.745676394708553],[-70.709280136992064,41.745651915678835],[-70.708607954771139,41.745923036086936],[-70.708417501668109,41.746040473868092],[-70.708241179681153,41.746172055644308],[-70.708119691570758,41.746516150108882],[-70.708241648775001,41.747045976622204],[-70.708852699291583,41.7474598998731],[-70.710685658773059,41.747864826848158],[-70.710899866355021,41.748140929744309],[-70.710685692696075,41.748260998185941],[-70.709494613620151,41.748324228495619],[-70.709128452354335,41.748464578266756],[-70.708455951341364,41.748943325463173],[-70.708272606554544,41.749243141239631],[-70.708273131724539,41.749540273280104],[-70.708578651838934,41.750112432882851],[-70.708762169060236,41.750487909553947],[-70.708854572989935,41.751036167990002],[-70.708487901505663,41.751788776758602],[-70.708579565013821,41.752066823529496],[-70.709221692675698,41.752975633932358],[-70.709495837688408,41.75341314495455],[-70.709974256440333,41.753862156617956],[-70.709478475914324,41.754300987882822],[-70.709183574015242,41.75472383432799],[-70.708763200286185,41.754558845065368],[-70.708213466326043,41.754440765752513],[-70.707602505268596,41.754441019161618],[-70.70665523419872,41.754653310069735],[-70.706227486501945,41.754966096522772],[-70.705892008674681,41.755043082513033],[-70.705280358207915,41.754557108552518],[-70.703539360152959,41.752637203437239],[-70.701797529878647,41.751177093994407],[-70.701216729440674,41.750537167134311],[-70.700727996329178,41.750112176093332],[-70.700116921315882,41.749491119266828],[-70.699475306851753,41.748851836622137],[-70.698956548552005,41.748148136111077],[-70.698956390820669,41.747805986791455],[-70.701918936082379,41.747869552884623],[-70.702285292267149,41.747801258742506],[-70.702804310007551,41.747523520967022],[-70.704393005293937,41.746454702644279],[-70.704912327446792,41.745996339381605],[-70.705522515600947,41.745239768428462],[-70.705613486809995,41.744778953386657],[-70.704880366175402,41.743889204720418],[-70.704818902033935,41.743476307114278],[-70.704941754638725,41.743023548549658],[-70.704697114527946,41.742153504649544],[-70.704513878711168,41.741904077499818],[-70.70417779391714,41.741900018701116],[-70.703535809399085,41.742315382464959],[-70.703414176202614,41.74251540870727],[-70.702344943195115,41.743477014413259],[-70.701428199769651,41.743634280830243],[-70.701093126796309,41.743567823061845],[-70.700910007539974,41.743434811299451],[-70.701092834398366,41.742360758200121],[-70.700267305700834,41.741715056866511],[-70.699411976748223,41.741376533143267],[-70.698283265836352,41.741240287216129],[-70.697518777176583,41.741260743994289],[-70.696755240409942,41.741425354871396],[-70.695930620615997,41.741905746555318],[-70.694982726698171,41.741902381542815],[-70.694983199476482,41.741721766525124],[-70.695777370082723,41.741511824044551],[-70.696846926598298,41.741036582643012],[-70.697182562250703,41.740779456678858],[-70.697213589491241,41.740319395806701],[-70.69739659324344,41.740163657617941],[-70.697884946752609,41.739931286105993],[-70.698771029785846,41.739818852304516],[-70.699260278297999,41.739955641252223],[-70.699565464665241,41.740275714512705],[-70.69977896531752,41.740803943198344],[-70.700725868008021,41.740942860194352],[-70.702008599658384,41.741625977645036],[-70.702344376784822,41.741693067994355],[-70.702649892938794,41.741535928482968],[-70.705062641650883,41.739472895494345],[-70.70533750359121,41.739333632728467],[-70.706803871039966,41.738744466392802],[-70.707261152158608,41.738377410390065],[-70.707444898452422,41.738014031601672],[-70.707475054427206,41.737482471423824],[-70.707168809885431,41.736703123422515],[-70.706954875612098,41.735634672050018],[-70.707076684523599,41.7352635693397],[-70.707473930688209,41.734879167241672],[-70.708481400039474,41.734305423333019],[-70.708511325002348,41.73304454574285],[-70.708633187198515,41.732609784260774],[-70.709029538831317,41.732081938611302],[-70.709518826875438,41.731921015290084],[-70.710221041215547,41.731901667537706],[-70.714129893333322,41.732446435936545],[-70.714741250746982,41.732338105024859],[-70.71315304795354,41.731857768439532],[-70.712389597893491,41.73171581116145],[-70.709671835775524,41.731513480650534],[-70.70875499756383,41.731509364280768],[-70.708113661084482,41.731699029885995],[-70.707503258174143,41.732059441010243],[-70.706953486767816,41.732086046527748],[-70.706159226926701,41.731764205046048],[-70.706159379305035,41.731539108649599],[-70.706953047915334,41.730969019934079],[-70.707716459089937,41.730831352499465],[-70.707640472462487,41.730270871382281],[-70.706586478009058,41.729272022619831],[-70.705822208671009,41.72884180045061],[-70.704570554286633,41.7287885840489],[-70.702707796361111,41.728978773720875],[-70.700935997904068,41.728978148367524],[-70.699410246517289,41.728775557383692],[-70.697943201967036,41.7283110756212],[-70.695561614770739,41.728066925535877],[-70.694614586650729,41.727810912384705],[-70.693759181902593,41.727400222649628],[-70.691530257711094,41.725686099313954],[-70.690430435722007,41.725161639644639],[-70.689942364076785,41.724790718304703],[-70.689819537254621,41.724107797653616],[-70.688721366958561,41.724223241354046],[-70.687529646815207,41.724105525755377],[-70.68600333892482,41.724515556818893],[-70.685301103711353,41.724589318312873],[-70.684232467850677,41.724451739874731],[-70.684231893428858,41.724703845580919],[-70.68450623728134,41.724952248283856],[-70.68551427937507,41.725459721888605],[-70.685697966395651,41.725664254270313],[-70.685758294264772,41.726032675947671],[-70.685422333574394,41.726694852198982],[-70.685636650900221,41.726853953909441],[-70.686002674600289,41.726803718291308],[-70.686460785793088,41.726166543743929],[-70.686979592452886,41.726095427036675],[-70.687865411362054,41.726415805687012],[-70.689392279950766,41.727356881139073],[-70.689667394359873,41.727632288394588],[-70.689636769599886,41.727857798605456],[-70.688476911138665,41.727856830879567],[-70.68835446358851,41.728128866805157],[-70.688476360604014,41.728316566955307],[-70.689728803767025,41.729045259711654],[-70.690523119647807,41.729619236615221],[-70.69226398067832,41.730214602877545],[-70.692783135492391,41.730603201763465],[-70.692843973210799,41.730782630811071],[-70.693668552745891,41.731400738998296],[-70.693607765498399,41.731636120945559],[-70.693027731069591,41.731698370525073],[-70.692661252064127,41.73165921680652],[-70.692386064999951,41.731491773425461],[-70.691561390465665,41.731423524163993],[-70.691256329343801,41.731337441369199],[-70.690462092995489,41.731286237629696],[-70.690064535562072,41.731148351741325],[-70.688293617110887,41.729985490898493],[-70.688018863814094,41.729530004610119],[-70.686828034921234,41.729070139845618],[-70.686246963640869,41.728592202266313],[-70.685880683600018,41.728039174299965],[-70.685392124855056,41.72765022213342],[-70.681361089050441,41.726917293693276],[-70.680781027366493,41.726871523418744],[-70.680444912274567,41.727129047854987],[-70.680353429290491,41.72735519819917],[-70.68044535442192,41.727975420007539],[-70.680811835634216,41.728771573209251],[-70.68239928023948,41.730441955994031],[-70.682552320127073,41.731745742239369],[-70.682277372503947,41.731749440522016],[-70.681879996640546,41.731476468419757],[-70.681636115927319,41.730903507012769],[-70.681575253529019,41.730400020380571],[-70.681452401621897,41.730194298026966],[-70.681086061810674,41.730145473742077],[-70.680475926487688,41.73106452643821],[-70.680200569918725,41.73144692180248],[-70.679956003933768,41.731630911697813],[-70.679742778874072,41.732201125100588],[-70.679528625197193,41.732384702903992],[-70.678856488094127,41.732475479516424],[-70.677727149121878,41.732113925676742],[-70.676963770781057,41.731449503068689],[-70.676230785105133,41.731225857319707],[-70.676199920512957,41.730766973902888],[-70.676047152655187,41.730580117484813],[-70.674887155012712,41.730651132155138],[-70.674703848826596,41.730446584979845],[-70.674703507186607,41.730212480316936],[-70.675039680239252,41.729739418904408],[-70.67516192343497,41.729413371821138],[-70.675711471096264,41.728909709979099],[-70.675742071607075,41.728522222293982],[-70.675559175029917,41.728137150626154],[-70.67534462717154,41.727969564439853],[-70.674948262702003,41.727948144880088],[-70.673879148707186,41.728198085326504],[-70.673787343159447,41.727424791786703],[-70.674032542115981,41.727312851150216],[-70.675131836315643,41.727405277386694],[-70.675986314683357,41.727608380556788],[-70.676321953080432,41.727855625971358],[-70.676535871918546,41.728249384448652],[-70.676963772301676,41.728594087380657],[-70.677085989600428,41.729277018322215],[-70.677391326358361,41.729227452093056],[-70.678001835270251,41.728543060723851],[-70.678276505135003,41.728475803132142],[-70.678612530840468,41.728750056266279],[-70.678765133353636,41.729324076876381],[-70.67867350524304,41.729532757256486],[-70.678276422455085,41.72980001007349],[-70.678276635005432,41.729989094068991],[-70.679773293287866,41.730030228509641],[-70.680047777775826,41.729827906406214],[-70.679956676272212,41.728937572478678],[-70.679559470930457,41.728222860681782],[-70.67897950529246,41.727906874163409],[-70.677391689007294,41.727444136715349],[-70.675253488831387,41.726277245826076],[-70.674368079987531,41.725641723982243],[-70.673483055232481,41.724726985936897],[-70.672719983668529,41.72419759499973],[-70.671162725675345,41.723418683413087],[-70.67088812695647,41.72299061774067],[-70.670673821004868,41.721732467467],[-70.670369435495346,41.721340829482557],[-70.66927032713798,41.720429089433082],[-70.668903800138054,41.719993054719758],[-70.668629485210118,41.719231389451146],[-70.668385240274418,41.718893038259807],[-70.666340088978274,41.717472384753385],[-70.66475604406773,41.716665005102577],[-70.66441665416275,41.716491979760953],[-70.662981477210622,41.715846117978856],[-70.660508924503574,41.715161618848505],[-70.658310517764235,41.714770010630872],[-70.65736388849183,41.714846924242089],[-70.656661264797478,41.71504656103464],[-70.656264307162559,41.715304103908345],[-70.655317275075163,41.716119862077598],[-70.654645990293901,41.716165481360669],[-70.653546776886159,41.715938427191496],[-70.653119702338017,41.715665132129558],[-70.653089114389743,41.715026163881504],[-70.653394810084308,41.714174772648427],[-70.653608723879969,41.713928754555823],[-70.65751819282309,41.710151874687668],[-70.662038766614856,41.705285474422418],[-70.670985278484892,41.696363344838524],[-70.674892429628031,41.693207677161453],[-70.674983726668245,41.692881946302833],[-70.675411655536408,41.692218216251398],[-70.675198651722496,41.691446835794672],[-70.674771625672705,41.691398720130238],[-70.674282908486362,41.691513936897628],[-70.671779100458622,41.694001088088044],[-70.671168323394042,41.694550383715828],[-70.67086319100649,41.69471698487866],[-70.670405360044569,41.694939827294846],[-70.668879536402159,41.696105959713954],[-70.66735286218821,41.697821936806022],[-70.666345123151544,41.698781853315609],[-70.66454338216667,41.700961102436828],[-70.662894050281722,41.702282197998706],[-70.661428905792832,41.703744638758486],[-70.659871604500623,41.705649915574412],[-70.657763290860316,41.70747339164781],[-70.652846149927484,41.712984959703526],[-70.652632359134884,41.713357662968079],[-70.652662786479013,41.713582358126921],[-70.652723751593328,41.713860313883814],[-70.651287328424885,41.715529391931753],[-70.651043117494822,41.715965343424699],[-70.650767803434491,41.716923922276152],[-70.650553978218383,41.717107448352152],[-70.649241196539066,41.717495530102028],[-70.649271385107212,41.718297108149933],[-70.650492169996681,41.719072101126713],[-70.650797624542207,41.719463801233289],[-70.651498799560869,41.720057167876284],[-70.651499073955677,41.720651971325324],[-70.65113201584137,41.721314357352483],[-70.651895475132889,41.72186199543296],[-70.652017021312972,41.722067200582302],[-70.653391179003407,41.722866984258374],[-70.654336891879097,41.724285382488716],[-70.654672660106584,41.724515225785971],[-70.656046701970084,41.724675065052935],[-70.65754271384688,41.725292830741374],[-70.657847986274547,41.725640030461847],[-70.657970062521002,41.725980292189568],[-70.657939242937744,41.726412794032512],[-70.657725035511575,41.726533303138673],[-70.657388791316663,41.726511096564536],[-70.655405267946705,41.725774463115485],[-70.655496450299623,41.725295679067465],[-70.654580552577912,41.725345156502193],[-70.653450308548244,41.725316499432139],[-70.652136971442772,41.725137272267936],[-70.651526420969489,41.725181705422116],[-70.651404427831906,41.725661427388665],[-70.652106297054985,41.726488807589497],[-70.652197568788182,41.726802374680311],[-70.652166695379705,41.727145375533972],[-70.651800179413598,41.727538279481649],[-70.65137269854057,41.727625133665597],[-70.650579260486481,41.72755564919607],[-70.649112600307518,41.727126554183279],[-70.648136199196088,41.726347703857776],[-70.647984243205613,41.726115885398301],[-70.647893354333277,41.725297555660219],[-70.647679255450399,41.72503934024882],[-70.646306086083086,41.724059415681396],[-70.645389855348043,41.723739113906909],[-70.644626878455981,41.723831257251568],[-70.64251948481764,41.723717531678453],[-70.642488798076513,41.724105551552313],[-70.643220703693046,41.724977693366426],[-70.644563938040704,41.725336697210686],[-70.645052836232509,41.725572761733787],[-70.645449767642091,41.725909518512275],[-70.6467312475434,41.726251105573652],[-70.647128433422523,41.726434700942619],[-70.647311639920886,41.726666304405171],[-70.647280988529403,41.727188844749293],[-70.64703646543272,41.727417694620513],[-70.645417974015402,41.727927247769763],[-70.64459314860963,41.728065657587884],[-70.644257610918842,41.728268606674476],[-70.644134245796877,41.72870266085615],[-70.644165370464293,41.728927453633816],[-70.644348816858923,41.729113953824978],[-70.645508324480588,41.729619590073192],[-70.647432223847275,41.730213056550625],[-70.64847046296839,41.730441422757295],[-70.649004445972764,41.730617570560177],[-70.653050227730475,41.731951688437746],[-70.65460795133437,41.732640181302948],[-70.655524162029934,41.733320655374158],[-70.656286678361226,41.734399398365035],[-70.657630775788391,41.735479198316376],[-70.658667913681896,41.736913991082176],[-70.659339408756537,41.737462518343236],[-70.659980660175648,41.737669839132238],[-70.660470141391073,41.737671738030429],[-70.660684012705218,41.737515205319646],[-70.660836848983436,41.737035791277201],[-70.660836740293604,41.73653156969084],[-70.66126524509329,41.735363043595449],[-70.662059232109115,41.734748157241853],[-70.663342564393801,41.734215736473267],[-70.663983131959711,41.7341522813878],[-70.665235400338062,41.734449594496077],[-70.666151784440828,41.734814215169159],[-70.666701340905078,41.735157596477997],[-70.667067316333799,41.735521602019141],[-70.667066972265602,41.735981340498505],[-70.666731344361111,41.736571434109244],[-70.666548519302992,41.736736128746898],[-70.665997882459735,41.736870487812972],[-70.665754124339145,41.737125944800951],[-70.665723109878854,41.737576994927025],[-70.66609022857682,41.737715913472343],[-70.668196698316251,41.737874211948991],[-70.670121209625961,41.738224189824741],[-70.671098906942419,41.7386781756829],[-70.672014189539681,41.739385430010444],[-70.672411591938072,41.740352909702125],[-70.672257832392248,41.741948819175171],[-70.672288441534974,41.742750391329508],[-70.672379810588964,41.743000914378541],[-70.672624341040986,41.74318673143717],[-70.673479826782895,41.743299819877137],[-70.674609711516538,41.743986190012123],[-70.67522093330804,41.74398611617373],[-70.67622877549023,41.743296146614455],[-70.676748501352506,41.74334267337747],[-70.67690092968995,41.743502424272044],[-70.677114649849074,41.743850619758092],[-70.678397565472082,41.744327005610167],[-70.678641774866662,41.744530184829479],[-70.678610962421899,41.744972325285303],[-70.678153056836877,41.745726431805103],[-70.677908528763183,41.745865398311182],[-70.677633989701093,41.745860625082784],[-70.677084043702251,41.745265185095285],[-70.676717894668585,41.745288380149617],[-70.67628904371972,41.745474991970184],[-70.675342475720456,41.745308862572372],[-70.674273812638063,41.744738914426591],[-70.673816456103495,41.744628720945705],[-70.673388194756527,41.744193424903621],[-70.672746550726089,41.743896678557633],[-70.67146399178381,41.743572757835061],[-70.671250142236985,41.743116503412374],[-70.671097615515322,41.742974751987418],[-70.670577685781637,41.743027781372128],[-70.670119816726086,41.742754868136849],[-70.669722792519181,41.74284201366001],[-70.667400958888265,41.74396577116655],[-70.666607135378257,41.744535676551578],[-70.666454276419259,41.744880579080892],[-70.666423555673504,41.745880421189668],[-70.666056565759675,41.745930587671268],[-70.665384207861123,41.745400102808155],[-70.66529329999392,41.744996510473328],[-70.664864991610955,41.744624209188935],[-70.664774143042251,41.744418703425254],[-70.665171068689276,41.744349582186125],[-70.665690473801732,41.744531216081043],[-70.666057660088825,41.744354907145336],[-70.666301885305089,41.743918293634728],[-70.666943454251097,41.743296674682796],[-70.667614958413992,41.741926773973638],[-70.667767855359941,41.741762489138296],[-70.66773782016223,41.74146568006158],[-70.667126857241101,41.741447707587909],[-70.666760447953791,41.741741076684342],[-70.665690610553185,41.742909878443157],[-70.665354662626839,41.742977827627001],[-70.665324766001461,41.742708030672816],[-70.665935732607224,41.741861094704795],[-70.666333523116151,41.741153236688639],[-70.666516490946464,41.740600833909305],[-70.666455925398466,41.739917171983016],[-70.666150016801012,41.739434932648024],[-70.664989602455407,41.738200183676518],[-70.664348841839526,41.737696395157769],[-70.664073993732785,41.737717968250266],[-70.663951982722949,41.7382871119244],[-70.662759175070747,41.740070132546542],[-70.662423430598139,41.740435204514675],[-70.661843355909895,41.740830981765662],[-70.661354618011515,41.741036185059706],[-70.660163173723618,41.741242959246073],[-70.659032662789855,41.741304397162637],[-70.658849968349998,41.741054899234321],[-70.658482955151982,41.740852930563847],[-70.658086520163863,41.740895020190443],[-70.657719340775586,41.741125327182054],[-70.656222573696184,41.741191861206211],[-70.655580854359329,41.741309198301394],[-70.654756628608226,41.741699887812679],[-70.654236863488592,41.742112461521728],[-70.654267013492742,41.742904402542102],[-70.654388880857866,41.743461301227136],[-70.65487800299141,41.744166159275082],[-70.655396325951358,41.744581934905398],[-70.655763343422421,41.744720795784033],[-70.656373864085381,41.744810857290027],[-70.655824029642133,41.745332433421112],[-70.655609665794316,41.745632476478036],[-70.655486827518004,41.746084554168817],[-70.655609864382328,41.746272298288382],[-70.655609444935834,41.746731496368774],[-70.655853621104697,41.747214477202824],[-70.65640311525128,41.747602926932331],[-70.657503751297028,41.747253707375059],[-70.657838902528184,41.747275904704338],[-70.658846405200919,41.748008707501626],[-70.659884737417073,41.748218419623285],[-70.65988500689555,41.748399040644138],[-70.659487616863103,41.748674690638246],[-70.659396138461872,41.748883357133138],[-70.659457279121057,41.749152756049391],[-70.659762806896353,41.749517418958355],[-70.66067901391699,41.749909632855832],[-70.661931831761109,41.750242459523896],[-70.662114387709138,41.750762069224059],[-70.661778070467008,41.751019628365341],[-70.661747604570706,41.75136209399362],[-70.661869713187031,41.751540280098233],[-70.661898974415948,41.752774034698639],[-70.661593396943317,41.752841566359464],[-70.661349815401223,41.752619716960993],[-70.661197525435554,41.751883063951226],[-70.661075056174226,41.75170496450253],[-70.660708975028584,41.751683089210445],[-70.65933383967355,41.752045531133184],[-70.65927243340721,41.752316816784585],[-70.65963855521241,41.753140047501368],[-70.65963832568238,41.753806337241855],[-70.659393873883815,41.754080234075246],[-70.659026237420136,41.754175483237773],[-70.658659736353727,41.753901488065502],[-70.658354970994083,41.753851965886021],[-70.65804921481687,41.75437931798232],[-70.657682175480431,41.7544654732677],[-70.657316068371173,41.754380649446603],[-70.655879964918597,41.754464557424178],[-70.655574506422752,41.75463111728579],[-70.655146842204402,41.754718525739165],[-70.654444684757848,41.754422398228463],[-70.654505403842634,41.754241059329061],[-70.657133840577686,41.753419210968964],[-70.657132721601755,41.753185100223675],[-70.656766573327488,41.752776132374706],[-70.656737623864217,41.752200206026359],[-70.656523166595079,41.751996029420873],[-70.65661558027179,41.751517253818633],[-70.657256784820888,41.751355426912696],[-70.659303733593134,41.751199478870795],[-70.659792896718059,41.750858687648147],[-70.659548024038301,41.75076342014075],[-70.658784481658799,41.750738695149806],[-70.658296067784875,41.750538710938905],[-70.657990783014611,41.750119391957561],[-70.657411386272798,41.748695905882585],[-70.657105409119467,41.748421272627901],[-70.656280877306017,41.74803700199184],[-70.655517000964792,41.747894570815312],[-70.655242238629,41.748078824850104],[-70.654875525465741,41.74866982448907],[-70.654111455695556,41.749059155519888],[-70.65334715533848,41.749655660577311],[-70.652949979150421,41.750111908771942],[-70.652674135647388,41.750485141521601],[-70.652277669201766,41.750832805111806],[-70.651971733626539,41.750945328042647],[-70.651147473944093,41.751083251311513],[-70.649497584382786,41.750576266406618],[-70.649956116505734,41.750110403555752],[-70.650201176003804,41.749431263513372],[-70.650232284843369,41.748557032020507],[-70.650110102219273,41.748396300247585],[-70.650140728505022,41.747621648829046],[-70.650599484044335,41.747164158869587],[-70.652432587761666,41.746633616522089],[-70.653929413370363,41.745810169974405],[-70.65435721584879,41.745335597817785],[-70.654357287711818,41.744848844993548],[-70.65399104106136,41.744025595258307],[-70.653319927954144,41.742702700035082],[-70.653106595382951,41.742498524967544],[-70.652953843784729,41.742059526900945],[-70.652984927217389,41.741356369574532],[-70.653840823382183,41.740163496244215],[-70.653902230986589,41.73986574171456],[-70.653596447985123,41.739753171047383],[-70.652894161118937,41.740096221981169],[-70.652008485796401,41.740370463632722],[-70.649289952424752,41.740373868613815],[-70.648342929239632,41.740207510310242],[-70.647731988868898,41.739981802618288],[-70.64510684646585,41.73812810981925],[-70.644404206445756,41.737597811946749],[-70.644252021039705,41.736843667254568],[-70.643885308416145,41.736821822491727],[-70.643030300345956,41.737077586652134],[-70.641350381519743,41.737074476207724],[-70.640678017687506,41.737183124480815],[-70.63957922617648,41.736847893558263],[-70.639609564717006,41.736567829358911],[-70.64012910848102,41.736434443188401],[-70.640435146457335,41.736024822327991],[-70.640923449192115,41.735720121439179],[-70.64095413514282,41.735422681889943],[-70.639862091946569,41.735391928428896],[-70.639304794227499,41.735383755751123],[-70.638785892388739,41.735309511507907],[-70.637381564963135,41.734645554013589],[-70.63686268131103,41.734463793695888],[-70.635610243789486,41.734463837552191],[-70.635243283620795,41.734576932467682],[-70.635243203449846,41.734964732855381],[-70.635334668063294,41.735152259792699],[-70.636586188281115,41.736386295826641],[-70.637074724633706,41.736982550064823],[-70.637074751648939,41.737532332523706],[-70.635943743893691,41.73858451392023],[-70.635790375942008,41.738946930370119],[-70.63600419087976,41.73944827300852],[-70.636645499298979,41.739745225464183],[-70.637041806700921,41.739748769525342],[-70.637286760843608,41.739609893476114],[-70.637194568798321,41.739430826444725],[-70.636859385978028,41.739156456678224],[-70.636706257390856,41.73880756272488],[-70.637133826321531,41.738810263018443],[-70.637989001669041,41.739356347226696],[-70.638110376156277,41.73979620923329],[-70.637835282592107,41.740502648948649],[-70.63780481419785,41.740782711726638],[-70.637314896112329,41.741924125906657],[-70.636917257111335,41.742605414464983],[-70.636855584298246,41.74324593939113],[-70.637099887908917,41.74345884365934],[-70.637099852793867,41.743683942529131],[-70.636794143434656,41.74393148586465],[-70.63508317167792,41.744370413882855],[-70.6334337135699,41.744411899044152],[-70.62943256839786,41.743928934700243],[-70.628394363312296,41.743889479902634],[-70.628119330163855,41.743974533155907],[-70.627630183883824,41.744296641249861],[-70.627019124841738,41.744917735290329],[-70.626956971720105,41.745234108767839],[-70.628025691979559,41.745461723092781],[-70.630774021231858,41.746819281411362],[-70.631324088099674,41.747207317445557],[-70.631568015884142,41.747474164487784],[-70.631568029065534,41.747915359117513],[-70.63095580781696,41.748392401779071],[-70.630467909396657,41.748435948819171],[-70.629642647016865,41.748258029678297],[-70.628757658123334,41.747910823164979],[-70.626985740539112,41.74738681965357],[-70.625398001919166,41.747111812200266],[-70.62447380887096,41.746741761079605],[-70.623404340365141,41.746261366047541],[-70.622915728980246,41.746331346867763],[-70.622366113539925,41.746789737436451],[-70.621725008970841,41.747483144149932],[-70.621725761209021,41.747708249467124],[-70.623895379708316,41.748731694226919],[-70.624476539675697,41.749174026526994],[-70.625761943322743,41.749808505955507],[-70.626158335524337,41.750109219241857],[-70.626494213501232,41.750500677302888],[-70.626431438619719,41.751600391485418],[-70.626491983551219,41.752175939641035],[-70.626736037583527,41.752794042963728],[-70.627010909568511,41.752970016719523],[-70.627438163322893,41.75310835010221],[-70.627957484806899,41.753047048393206],[-70.628904417680403,41.752745367896395],[-70.630341303151425,41.752904372943902],[-70.631165635098768,41.752722120676047],[-70.631409889450353,41.752745412991615],[-70.631531871308539,41.753112624548983],[-70.63079839812508,41.753474571774326],[-70.630584508174579,41.754144275307596],[-70.630766245100958,41.755033093448475],[-70.630734807876863,41.756132508170943],[-70.630398304568615,41.756975142233991],[-70.630153494062213,41.757203414498527],[-70.629542727237563,41.757275282665546],[-70.629785843319098,41.758874804310842],[-70.630426470066041,41.760090729959167],[-70.630426050690602,41.760315825926774],[-70.62960040545542,41.760154742232167],[-70.628898546794787,41.76020232071987],[-70.628287401416728,41.760616870541895],[-70.627522108333892,41.761645387845796],[-70.626635776614108,41.762324518647112],[-70.625473509820893,41.762971271432662],[-70.624984183666825,41.763681078767782],[-70.624492527271926,41.764788121377947],[-70.623942917152817,41.765156480672502],[-70.62330162929787,41.765246629472479],[-70.623148345997237,41.765023681948634],[-70.623300163941494,41.764337216951837],[-70.623330707184195,41.764057158316362],[-70.623239233062819,41.763878625893824],[-70.622750153118986,41.763561432517982],[-70.621161290848946,41.763331380366857],[-70.619265892671351,41.762691596574491],[-70.618472046475858,41.762622428645521],[-70.617494500173322,41.762897314960306],[-70.617096829529601,41.763173357041651],[-70.616945051253637,41.763382693702454],[-70.61682271362848,41.76415887887687],[-70.616609473355908,41.764359815112783],[-70.61627376311155,41.76507635935959],[-70.615784545407948,41.765092282123661],[-70.615509771018324,41.764933750012403],[-70.615326046056879,41.764062808963402],[-70.61514214354699,41.763795223008735],[-70.614622326954319,41.763451283972032],[-70.614225115319414,41.76328558430211],[-70.613767309160338,41.763292108269326],[-70.612942115902172,41.763583447618508],[-70.61272812931999,41.763811382817259],[-70.612606031134149,41.764047326644658],[-70.61254545592179,41.764408094648566],[-70.612209703485874,41.765115713001386],[-70.611385917842526,41.765848157509204],[-70.610194631437025,41.766378018080992],[-70.609828731393392,41.766743692885782],[-70.60936992407693,41.766975381274605],[-70.608728701431616,41.767092460814169],[-70.606069306224981,41.766148175827851],[-70.605335326460121,41.765743987623544],[-70.60506028387384,41.765468916365798],[-70.604906914014151,41.765119346992755],[-70.604631978266099,41.764871287476929],[-70.604174419104666,41.764670683078187],[-70.603379641040306,41.764555842513779],[-70.603165319108484,41.764342561644767],[-70.603012651393371,41.76402955135022],[-70.602981263535327,41.762813764811398],[-70.602889025041335,41.762608197576327],[-70.602583153279355,41.762260845359684],[-70.602583221178634,41.761990726000228],[-70.602980101166864,41.761372576051222],[-70.604018074021113,41.760727954910017],[-70.604812137159229,41.760410053807604],[-70.605087824335143,41.760388629434416],[-70.605728583939865,41.760523588975985],[-70.606370839792959,41.760388526882437],[-70.606401631547897,41.760207608089267],[-70.605391894745722,41.759105067302784],[-70.605330776657453,41.758583526134011],[-70.60545237511792,41.75840160996556],[-70.606155409881609,41.758355895933441],[-70.607316002979772,41.758077949600008],[-70.607927359523359,41.758078236907863],[-70.608385793988504,41.75835140558916],[-70.608600127838784,41.759339020031007],[-70.60890683501303,41.759929470262108],[-70.609456057485033,41.760480217296895],[-70.609487735695538,41.760821536055083],[-70.608815480882555,41.761434672966253],[-70.608693508004336,41.761643691751949],[-70.608541911814669,41.76251022006177],[-70.607778064773882,41.76335907903897],[-70.607748128526282,41.763728548416459],[-70.608267970335092,41.764369650932572],[-70.608664921924586,41.764553377375812],[-70.609062329820333,41.764592501932491],[-70.609490168626351,41.764415767261973],[-70.609765064306529,41.764141673368435],[-70.609978161684126,41.763408883109243],[-70.610803354977747,41.763334291105465],[-70.611108799464816,41.76347398558292],[-70.61116973394526,41.763770512088676],[-70.610925964920199,41.764115803651571],[-70.610895277596569,41.764341834339419],[-70.611048312779957,41.764501678820395],[-70.611445493884659,41.764505317581637],[-70.612270181762909,41.763628816008975],[-70.612299622903322,41.762808602279335],[-70.612116562897327,41.762351844122563],[-70.611563985877709,41.75955855107425],[-70.611043537637244,41.758097555498367],[-70.610860089949796,41.757938013707538],[-70.609882285765352,41.757483509250079],[-70.609056062383246,41.756585654912357],[-70.608934273017823,41.756316833524579],[-70.608903421024067,41.756020090731589],[-70.609086623662876,41.755765450238854],[-70.609666021953473,41.755468886963527],[-70.610400169486681,41.755422849947614],[-70.610766496319158,41.755669358274019],[-70.611836489985222,41.757041810482697],[-70.612142723681316,41.757226528533749],[-70.61351797281911,41.756909764366426],[-70.614434211664332,41.756905636120955],[-70.614617311779924,41.757524372649705],[-70.614923539815109,41.757501991452322],[-70.615930226664929,41.756037657477542],[-70.616326713103021,41.755627090989414],[-70.617090526251317,41.755418088842873],[-70.617456263456589,41.754917240327551],[-70.6180982484738,41.754935178313751],[-70.618129282050006,41.755186989836972],[-70.617976304537819,41.755441248353137],[-70.618679486189365,41.75551251023893],[-70.619686674114618,41.755390371094229],[-70.619991993153775,41.755214901680155],[-70.620052825478567,41.75443031462035],[-70.62023527284471,41.75413963480743],[-70.620571836967201,41.754017348610816],[-70.620846464118358,41.754157859754933],[-70.620846876776938,41.754617065881533],[-70.620969106924605,41.754822309497023],[-70.621275837322315,41.755007006722579],[-70.621641935965343,41.755001906862667],[-70.622008213596004,41.754843829623546],[-70.622374914000488,41.754523592842077],[-70.622649078240627,41.754041741112388],[-70.622922511781752,41.752597087809583],[-70.622952337379331,41.751659733265477],[-70.622647102231866,41.75136700422108],[-70.621974793066713,41.751484547811465],[-70.621699585484748,41.751299465129691],[-70.621699233306657,41.750975319153198],[-70.621821895390497,41.750685346378958],[-70.621729177227266,41.750083075589245],[-70.619894033545094,41.748553990008887],[-70.619556449467368,41.747775327612402],[-70.619648602990466,41.747413629643312],[-70.619892590920571,41.747157821325089],[-70.620563855542329,41.747139326064932],[-70.6214498586221,41.746018955559684],[-70.621479262738802,41.745576906805205],[-70.62163240491968,41.74542159880486],[-70.6229144675995,41.744917172050627],[-70.623799289366062,41.74420195371642],[-70.624011576455572,41.743082051072811],[-70.624347859781778,41.742554482898235],[-70.624499210771489,41.741300761897854],[-70.625250319889489,41.740907567449206],[-70.627511073832807,41.740641285041903],[-70.627725525633451,41.740431334388866],[-70.627756065261096,41.740061234748481],[-70.627603948600509,41.739703331978617],[-70.627206958540171,41.73919543706257],[-70.626383062286806,41.738513821172624],[-70.624978714780028,41.737750126178717],[-70.624495863066144,41.73757137755095],[-70.622755387416177,41.738991867302381],[-70.621992378071852,41.739516681789283],[-70.619275886933409,41.74098694541734],[-70.617963545403299,41.74153728683946],[-70.617352657484034,41.741645103647684],[-70.616986318317871,41.741812259048878],[-70.616498325512765,41.742404448249879],[-70.615917889751969,41.742673935198276],[-70.614512804045418,41.742702996651779],[-70.613901788293845,41.742792786101411],[-70.612985679904838,41.743157069176952],[-70.610481663066977,41.743804374608025],[-70.607030785160049,41.744582686677035],[-70.601625492546589,41.745388263963143],[-70.59536400749991,41.746619520985206],[-70.589866159621195,41.748227415879725],[-70.585865266379713,41.750100805090639],[-70.584735253681018,41.750765320896193],[-70.584430363084223,41.751039744107509],[-70.580734515379518,41.753441692407058],[-70.579237723619912,41.754309115895872],[-70.57679448827912,41.756054129134739],[-70.573953373115557,41.758110998114923],[-70.573159961043345,41.759004948426934],[-70.572762807162647,41.759622994512071],[-70.572395927957032,41.759961080331507],[-70.572243572604009,41.760332966677595],[-70.569891292731114,41.763697590760827],[-70.567966522840919,41.766183270706691],[-70.566774874511381,41.767946770274804],[-70.565099555016317,41.769626874342528],[-70.565860953227045,41.770280329663166],[-70.566305373712112,41.769984048193621],[-70.566584053814282,41.769868648935692],[-70.566705565408753,41.76986631288208],[-70.567082994297849,41.769857608718716],[-70.567655012362479,41.769989968318349],[-70.568102956494386,41.770275639370404],[-70.568352239325677,41.770682859490179],[-70.56850634500708,41.771150618392056],[-70.568630870925318,41.771634432558486],[-70.568777292477364,41.772052065813533],[-70.568879847936486,41.772261167196447],[-70.569019408593547,41.772415376146967],[-70.569173210702559,41.772640562985032],[-70.569246855462936,41.772976564725383],[-70.569341604194932,41.773284105971875],[-70.569422707332365,41.773521124170799],[-70.569730671812167,41.773774041035551],[-70.570112203046563,41.773592572838091],[-70.570442527946085,41.773185584921585],[-70.570779954475611,41.77314160636697],[-70.571168669160727,41.773234816109621],[-70.571476915984803,41.773443880902192],[-70.571682006563776,41.773658227168866],[-70.57187305401483,41.773829239335079],[-70.572019728378081,41.773933350032131],[-70.572467265633392,41.774092943816498],[-70.572767922394291,41.773972125802807],[-70.573002671207931,41.773850770808593],[-70.572577279446804,41.774675679457914],[-70.572217250020572,41.775182016143837],[-70.571982947940342,41.775429429564142],[-70.571857907041448,41.77573175672287],[-70.571909157896769,41.775929722504941],[-70.572048574029026,41.776111478735004],[-70.572253909773337,41.776260006433795],[-70.572760168673639,41.776468968865821],[-70.573126936192466,41.776683547449444],[-70.573354458335444,41.776936430148247],[-70.573479372713592,41.777189558579416],[-70.57346432284325,41.777497193720173],[-70.573493587182014,41.778025337545444],[-70.574374099355907,41.778399407454067],[-70.574483993700326,41.778751456936078],[-70.574542604165543,41.779064822708925],[-70.574601564243849,41.779229624932761],[-70.574762886255328,41.779378330752849],[-70.575158779273664,41.77947725731908],[-70.575526140983058,41.77934517799747],[-70.57603195878545,41.779279499405902],[-70.576567753226826,41.779345160022373],[-70.576875697481725,41.779312179299183],[-70.577404105268158,41.77906497654935],[-70.578093832115471,41.778833573113076],[-70.578857091200391,41.778641117096072],[-70.579539430206125,41.778454215141089],[-70.580177585719582,41.778311342272993],[-70.580574101970527,41.778283568559772],[-70.581256321707357,41.778371818097824],[-70.581931544409485,41.778520153969652],[-70.582290558207958,41.778624341068031],[-70.582371677233056,41.779048182932812],[-70.58211460848004,41.779383222719723],[-70.581835457531398,41.77963083513368],[-70.581593797744844,41.779889463825356],[-70.581556861527773,41.7800822121634],[-70.58165954392112,41.780236107947665],[-70.582129474036208,41.780148143272143],[-70.58246676530274,41.780065321511358],[-70.582958616448849,41.780109258625558],[-70.583317932245464,41.780268549370419],[-70.583442754961794,41.780455846413432],[-70.583339890203291,41.780758364107989],[-70.582819220155201,41.781363566004686],[-70.582151444694588,41.78168233373821],[-70.581079623435471,41.782441287758509],[-70.580390220865198,41.782623189998979],[-70.580052758846421,41.782925432162344],[-70.579685764732133,41.783189798074368],[-70.579142743631081,41.783255732709115],[-70.578658598185172,41.783359867610095],[-70.578328552265162,41.783514228746093],[-70.577888019268656,41.783871906035159],[-70.577469791901748,41.784300713871488],[-70.577271457636442,41.784630635991761],[-70.576948656985905,41.785032032026216],[-70.576757902910416,41.785411446726272],[-70.576456869169832,41.786544684091687],[-70.577227307218266,41.786511487438958],[-70.577799633642158,41.786500993455213],[-70.578445525446483,41.78652809800024],[-70.579017914090315,41.786621684791534],[-70.579502172079245,41.786803426486244],[-70.579810473179379,41.787006795760135],[-70.580067446171228,41.787441062920259],[-70.580199079821142,41.787748802020744],[-70.580250475376161,41.788122883269871],[-70.580089160934349,41.788513886041379],[-70.579758892055182,41.788865707631558],[-70.579568043708491,41.789118529762824],[-70.579473013469382,41.789476211920416],[-70.579457858992029,41.789976442407884],[-70.579398910682002,41.790751931910251],[-70.578929547802161,41.79170373533141],[-70.578430255087738,41.79266087737102],[-70.577865535404172,41.79331531335874],[-70.577167821866468,41.794029987206329],[-70.57679365517771,41.794294196157274],[-70.575707425379932,41.794915673499254],[-70.574811728321322,41.795597843756475],[-70.574180640265311,41.796119994436879],[-70.573828433112311,41.79647783386018],[-70.573476339972359,41.796719791479731],[-70.572881740786428,41.796857310070031],[-70.572397274765947,41.796868044970694],[-70.572044952833238,41.796736239652937],[-70.571670815036214,41.796631897885575],[-70.571384887604424,41.7967252814665],[-70.571222939872953,41.796972652902596],[-70.571097979740557,41.797654859413868],[-70.570790159182891,41.798061492958844],[-70.570290285992186,41.798683196044998],[-70.569857753283245,41.799315531026231],[-70.569622514896707,41.799975406498952],[-70.569549074759308,41.80031641947059],[-70.56990132236902,41.800503876576727],[-70.570297503256427,41.800773267297082],[-70.57044451673238,41.800982098871245],[-70.570539304944276,41.801290178871398],[-70.570458728290916,41.801609164388495],[-70.570297165609873,41.802060298591492],[-70.570253290241482,41.80231313365897],[-70.570267534655642,41.802549605247918],[-70.570326827347046,41.802708829623363],[-70.570576167726159,41.802890402930856],[-70.570928032754608,41.803022658969759],[-70.571405333598179,41.803094078213789],[-70.571706445523049,41.802901863926621],[-70.572719349340787,41.801872935752222],[-70.573431584738699,41.801510103098785],[-70.573945462365998,41.801108558228073],[-70.57471607560278,41.800685414836728],[-70.574833128251527,41.800289107957745],[-70.574943554427449,41.799860062623836],[-70.575237202541047,41.799475272854608],[-70.575523118004824,41.799150566428871],[-70.57582464048275,41.798919537517726],[-70.576154523286263,41.798732497178918],[-70.576506945320062,41.798600923135375],[-70.576668629082079,41.79854532762355],[-70.576492499070113,41.798193914864264],[-70.576668953365953,41.797924053544321],[-70.577432029981381,41.797319130210205],[-70.578643233529903,41.796510642895093],[-70.579318549628979,41.796064818875436],[-70.579986299104846,41.795784333465335],[-70.580544014692578,41.795674572984538],[-70.580976905189416,41.79571858225696],[-70.581233715525329,41.795899652285513],[-70.581461344212229,41.796411293727928],[-70.5816667726302,41.796818669510678],[-70.581835656194698,41.797131838747937],[-70.582004313696103,41.797352084568828],[-70.582298160965692,41.797577299889689],[-70.582738290781734,41.797637657886305],[-70.583083055578001,41.797593791072686],[-70.583604241771084,41.797615360202421],[-70.584198890956017,41.797791845804035],[-70.584572929628123,41.798055966451571],[-70.586158162361073,41.797641537012588],[-70.58644305600545,41.797627523509135],[-70.586319766924476,41.798044590993435],[-70.586870380324527,41.79845706453203],[-70.587053839572192,41.798720730505231],[-70.587046187822139,41.799045353392017],[-70.58694361851623,41.79943566550574],[-70.586936232422701,41.799716441036423],[-70.587039114393193,41.799985674272023],[-70.58698770419052,41.800189563205464],[-70.586767665558398,41.800514195456891],[-70.586554771180857,41.800701033340317],[-70.586040873028367,41.800849351759716],[-70.586085248621345,41.801052927793272],[-70.586114342951419,41.801416112216565],[-70.58603389013399,41.801883134830291],[-70.585850298235457,41.802208057586128],[-70.585674121523127,41.802351248814027],[-70.585431872960186,41.802461315218771],[-70.585167683282236,41.802708425966522],[-70.585006173764953,41.802961492632072],[-70.584896014752672,41.803241983309967],[-70.584786148320788,41.803560743227244],[-70.584771372183411,41.803835876824159],[-70.584859390984164,41.804067265902212],[-70.585270658511675,41.804633316630785],[-70.585314529050038,41.805056856518497],[-70.585278071860927,41.805551783822068],[-70.585211758439826,41.806013877056721],[-70.585160599820441,41.80645970459306],[-70.584778750857197,41.807256824815042],[-70.584521852987777,41.807598084486465],[-70.58425020322413,41.807818211378546],[-70.583934567947253,41.807950105184126],[-70.583567620467406,41.808076633451932],[-70.583200821397767,41.808159222233094],[-70.582701388816588,41.808192301192875],[-70.582106877449689,41.808208945518032],[-70.58173979634671,41.808285854828739],[-70.581512171365461,41.808423042891455],[-70.581409423727521,41.808588248789654],[-70.581416762274358,41.808780723394058],[-70.58146814967003,41.808973102708443],[-70.581549099340791,41.809176885121438],[-70.581688626603082,41.809391313851364],[-70.58195976722233,41.809759780250978],[-70.582143491341967,41.810106292781235],[-70.582297931763861,41.810430509479801],[-70.582613411145175,41.810804463416339],[-70.582679207980689,41.811041347774633],[-70.582481470637134,41.811217045279079],[-70.582363573194428,41.811464786796925],[-70.582466443480897,41.811684591950019],[-70.582723690889026,41.811948858358392],[-70.583083310953285,41.812124537861088],[-70.583369303507908,41.811904528940381],[-70.583531160939003,41.811822002961847],[-70.583853905234022,41.811816673402916],[-70.584044873389118,41.812003419998419],[-70.584176941799811,41.812185101105577],[-70.584639237543072,41.812234373951753],[-70.584852591859473,41.812438136361969],[-70.58477928828934,41.812723964980847],[-70.584669070335821,41.813015709948758],[-70.584632155420323,41.81330696289011],[-70.584602753395487,41.813653380578927],[-70.584448897947198,41.814016806914992],[-70.58428726172771,41.814351988058043],[-70.584096497576795,41.81454458185096],[-70.583670552743612,41.814896276836471],[-70.583707496717125,41.815231972518404],[-70.583700001289245,41.815804206112261],[-70.583604556753215,41.81634881090087],[-70.583538435089721,41.816837826546482],[-70.583523810062886,41.817277824167419],[-70.583728943943044,41.817426327963844],[-70.584081884679833,41.817574938338389],[-70.58441953135079,41.817850020916126],[-70.584639389015976,41.818306487726225],[-70.584734913544835,41.818620143245468],[-70.584918478114332,41.81877918643896],[-70.585109473562568,41.818839785299843],[-70.585425513462155,41.818834397215056],[-70.586357611935512,41.818751829973785],[-70.586893372637917,41.818768006996535],[-70.587444038209725,41.81887821238103],[-70.587436792870889,41.819064987134688],[-70.587267950531043,41.819483401591249],[-70.587033190676536,41.819906960543456],[-70.586798300390697,41.820154399985213],[-70.585932008375963,41.820473312995482],[-70.58549885747982,41.8205615004454],[-70.585006792546295,41.820754019951913],[-70.584992159078723,41.820935062788742],[-70.585006478551378,41.821271116530987],[-70.585043383731261,41.821710987406767],[-70.584925897917131,41.8220132989726],[-70.584749871827029,41.822167205021003],[-70.584382901540963,41.822365227942925],[-70.583978833877623,41.82265686330102],[-70.583420797952783,41.82309132357166],[-70.583112504435206,41.823393810191362],[-70.582474008601423,41.823872638874057],[-70.581923148118676,41.82419180856354],[-70.581445838124182,41.824527325109145],[-70.581203456945161,41.824824124839665],[-70.581115612358019,41.825181325668204],[-70.581019889218041,41.82574276349704],[-70.580953692070665,41.826209897300103],[-70.580851213749028,41.82668853385826],[-70.580630708188181,41.826903392343084],[-70.580417781084179,41.827035024605969],[-70.580109624727996,41.827167058852936],[-70.579654478557799,41.827557851310161],[-70.580145886303271,41.827783044273005],[-70.580579303476227,41.828014430509043],[-70.581078657875921,41.828448936179136],[-70.581379498993215,41.828432271505847],[-70.581769125017843,41.828310974297992],[-70.582495817991472,41.828190227221867],[-70.582950959559355,41.828217568694463],[-70.58333999544962,41.82816217059311],[-70.583633675166084,41.828090788223477],[-70.583854113296198,41.828173595252991],[-70.584096289310409,41.828360662523366],[-70.584353337471256,41.828618800087348],[-70.584662130209495,41.82881144322004],[-70.58499964214954,41.8289323740944],[-70.585058360267055,41.829119137651631],[-70.585043426293765,41.829421731797225],[-70.585198255974518,41.829647533276599],[-70.585366877478862,41.829927469051384],[-70.585616511822977,41.830224891598291],[-70.58588851512404,41.830389684127709],[-70.586226184032853,41.830609656340641],[-70.586431346782518,41.830835229079725],[-70.586725122293316,41.830917537426977],[-70.587122075318675,41.830890282150882],[-70.587540556410787,41.830906596932486],[-70.587966253723508,41.83088974319972],[-70.58841443850875,41.830807248539585],[-70.588803427920126,41.830856997830239],[-70.589419982466751,41.830972221150979],[-70.589985940546441,41.830988623913591],[-70.590573279158662,41.830983134620162],[-70.590852447954589,41.831060183538924],[-70.591123850954943,41.831285195254743],[-70.59132231600789,41.831593542233541],[-70.591373313647509,41.831918091698078],[-70.591270876769855,41.832187394787269],[-70.59113888221718,41.832401808103207],[-70.590698725132171,41.832841205109609],[-70.591116827892847,41.832918820715186],[-70.591498998985983,41.83281435829106],[-70.59195393896438,41.83262160478013],[-70.592313747236787,41.832506336901183],[-70.592703172569713,41.832484044455086],[-70.592967191907988,41.832594192257318],[-70.593239146457265,41.832654340439866],[-70.593708954019093,41.832660325830091],[-70.593768050777442,41.832924161643739],[-70.593768002206915,41.833215709891007],[-70.593620936853327,41.834084505013166],[-70.593481488476769,41.834738975901324],[-70.593547682579612,41.835189700611537],[-70.593672682318427,41.835365731223156],[-70.594039599393028,41.835547645354715],[-70.594576093592153,41.835734236109545],[-70.595002001233169,41.835976221675693],[-70.595229833144359,41.836355565714904],[-70.595398539234168,41.83671877342789],[-70.59569962759322,41.836636163620234],[-70.596059380293369,41.836525925609784],[-70.596353086229215,41.836641342869285],[-70.5963462869707,41.836883315647313],[-70.596243402126149,41.837108680102958],[-70.596162666660945,41.837334310035544],[-70.59611114624478,41.837647870088638],[-70.59630204810469,41.837719793855065],[-70.596889398007107,41.837768835675483],[-70.597484671503025,41.837768505391637],[-70.598115975258537,41.837851203352265],[-70.598556885895547,41.838021802549065],[-70.598733390828556,41.838252258273776],[-70.598748270367523,41.83866484743772],[-70.598608674415686,41.839094223806207],[-70.598454304210946,41.839495390861664],[-70.598454736640832,41.839924793299701],[-70.598520943075741,41.840403066875304],[-70.598800258226248,41.84118915909125],[-70.599203988650544,41.841964978198341],[-70.599711109714022,41.843119868219098],[-70.60002745800071,41.843664222936823],[-70.600702828218203,41.844494582279843],[-70.601592175616659,41.845522999222375],[-70.602106525975742,41.846143820055197],[-70.601511718533445,41.846584202082418],[-70.601335314656069,41.846848429193706],[-70.601210636537118,41.847073716317652],[-70.601027054555715,41.847436929923099],[-70.60079939438593,41.847706334731569],[-70.600534706718264,41.847954107765261],[-70.60018992152159,41.848151726658379],[-70.599683072516882,41.848355989051321],[-70.599168894845747,41.848575858227655],[-70.598735354183759,41.848790239532093],[-70.598089566618256,41.84924712867241],[-70.597582330177147,41.849213854345066],[-70.596179296714112,41.848829712668575],[-70.595885845178174,41.848768861516902],[-70.59530552975977,41.84869222898817],[-70.594813522045001,41.848697870152833],[-70.594416993678593,41.848747036021834],[-70.594056606609954,41.848846009340797],[-70.593645567506513,41.848984016457628],[-70.593300326978607,41.8491270470901],[-70.592925722923198,41.849319365009677],[-70.592580569881918,41.849506783727058],[-70.592184024501108,41.849742774014267],[-70.591706569565503,41.850078873127345],[-70.591280790605751,41.8504305986269],[-70.590905821342588,41.850782727481409],[-70.590516784234026,41.85120056196201],[-70.590289105596625,41.851619141746092],[-70.590208629328146,41.852009542191759],[-70.590921065020112,41.853565614192981],[-70.591736503999613,41.854445493485045],[-70.592206451564167,41.854825149292054],[-70.592456735466826,41.855094468155649],[-70.592684307977095,41.855495783968152],[-70.592677275140886,41.855913871948637],[-70.592566776559138,41.85618878441403],[-70.592346542229521,41.856540978177897],[-70.592192457313999,41.856865605540811],[-70.592162940560513,41.857729120533072],[-70.592075372525372,41.858482505304217],[-70.592111856582136,41.858855379452784],[-70.592581910928189,41.858806805916558],[-70.593140241575995,41.858817998105025],[-70.594330243142792,41.858696893176905],[-70.595983191370877,41.85867956896449],[-70.596365483087311,41.858899862836068],[-70.596696096741795,41.859180432913824],[-70.596968033878198,41.85948817974279],[-70.597452871104437,41.860148134098793],[-70.598121762343624,41.86062054836156],[-70.598496166061764,41.860846355011255],[-70.598768337150005,41.861104577511831],[-70.59899571516037,41.86139612039937],[-70.599297432584677,41.86156678640662],[-70.599664732074942,41.861682234678788],[-70.600061198436649,41.861830596142845],[-70.600310958606471,41.862055953767381],[-70.600458081193693,41.862402054981374],[-70.600590334814058,41.862743536805247],[-70.60079629270713,41.86311153069375],[-70.601016733414426,41.863545997371119],[-70.601156529719304,41.864019265616193],[-70.601200794965308,41.86453626068041],[-70.601215313429464,41.865052931355002],[-70.601076169823102,41.865976990547459],[-70.601304338911234,41.866274207227548],[-70.600767954904001,41.866538479052622],[-70.600628501726405,41.8667579766242],[-70.600606258437651,41.867088065972851],[-70.60068733872366,41.867368997785263],[-70.60084914562573,41.867665692288519],[-70.601150119934601,41.868028221210892],[-70.601378136726339,41.868242780248003],[-70.60176752971762,41.868451766223608],[-70.602186285205562,41.868594622826258],[-70.602620008394666,41.86872688089521],[-70.602737913988463,41.869199434451353],[-70.602811626652681,41.869799316270544],[-70.60268654031897,41.870393132987815],[-70.603215500407671,41.870469952930385],[-70.603708346757301,41.870596458623368],[-70.604016530392215,41.870662446587012],[-70.604406117161389,41.870739247059966],[-70.604788156618483,41.870744495729362],[-70.6051780409759,41.870783029160265],[-70.605412865949205,41.870926142041064],[-70.605516141547866,41.871129540165953],[-70.605523279811834,41.871393501473811],[-70.605413256785283,41.871756758179252],[-70.605303428800809,41.871960106414768],[-70.605126926024397,41.872141682433949],[-70.604920951842885,41.872388755760447],[-70.604671409605444,41.872735700715879],[-70.604377725166643,41.873060329107865],[-70.604186978317642,41.87334641764631],[-70.604105741264249,41.873632195118724],[-70.604106232609311,41.873862969844922],[-70.604171944252542,41.874039062431564],[-70.604260234556193,41.8742373018001],[-70.604407247164289,41.874517577594375],[-70.60456918720007,41.874781583148298],[-70.604817308756765,41.875102629129273],[-70.605132641270828,41.875356131845884],[-70.605911526731845,41.875654864440342],[-70.606462650605195,41.875821251606979],[-70.606815495842838,41.876003462030035],[-70.607153233935179,41.876240837288044],[-70.607520116075492,41.876522198538282],[-70.607761963769974,41.876759362259357],[-70.607938102503752,41.876896878595595],[-70.608246546191879,41.877024263658839],[-70.608592336079198,41.877013999402877],[-70.608916917477202,41.876926494884096],[-70.609329556420533,41.87676206285397],[-70.609705230439161,41.876630475440351],[-70.610029007653651,41.876548543944722],[-70.610360537573015,41.87653258071564],[-70.610713671097628,41.876643380071137],[-70.610999736120306,41.876863953992569],[-70.61124203503266,41.877035205002514],[-70.611447658065899,41.877063277652013],[-70.611801905526903,41.87684372826854],[-70.612096914868388,41.876673328564024],[-70.61236958516524,41.876558398616268],[-70.612671916333341,41.876476292848729],[-70.612921605053458,41.87657556633922],[-70.613156995765593,41.876620164393699],[-70.613406977771689,41.876620485972843],[-70.613729785899707,41.876885187520045],[-70.613766161066394,41.877111108297186],[-70.613838447831881,41.877353695045258],[-70.614028791934757,41.877579730674597],[-70.614337449933032,41.877805513675732],[-70.613806352463982,41.878145790976049],[-70.613474248611794,41.87839307057245],[-70.613171748284714,41.878651293920889],[-70.61288271993439,41.879014787011272],[-70.613198349231126,41.879389191940533],[-70.613572920334732,41.879692652666151],[-70.614923752466325,41.880586600835088],[-70.615305744364647,41.880790529937038],[-70.615805383448702,41.88103408606402],[-70.616106585913073,41.881199660116664],[-70.616451515664565,41.881409420950952],[-70.616583726721217,41.881519571833202],[-70.616679001616561,41.881652036532806],[-70.616752098424612,41.881811251230936],[-70.616788450400122,41.881987649136917],[-70.616728571455837,41.882152677733252],[-70.616551486973307,41.882350473791647],[-70.616359453082623,41.882488007684458],[-70.616049701063815,41.882669108972806],[-70.616218008330179,41.882878582876629],[-70.616460853968704,41.88302173445804],[-70.61688704923138,41.883132539611914],[-70.617674164911477,41.883282689684492],[-70.618468892228435,41.883344474660433],[-70.619050044283242,41.883411448819722],[-70.6196972189625,41.883583554691981],[-70.620057045775098,41.88375461243772],[-70.620431720471828,41.883915068799496],[-70.620946604458226,41.884069850908666],[-70.621417329092452,41.88420295150155],[-70.621674627639933,41.884269039596617],[-70.621940164312036,41.88410451034148],[-70.622191540033711,41.883813276613758],[-70.622361287767731,41.883648549901132],[-70.622676957864755,41.883885618590853],[-70.623176655567065,41.884128692241994],[-70.623654433150165,41.884327566269874],[-70.624000024458041,41.884465908021774],[-70.624497318823643,41.884340787656654],[-70.624924357106494,41.884365491744248],[-70.625563549262168,41.884480148073379],[-70.625881085077253,41.884476907854562],[-70.626124602519639,41.884423668643201],[-70.626325048705553,41.884304190659414],[-70.626578199426035,41.884101829540391],[-70.626803121164755,41.883822718729853],[-70.626976355635549,41.883543302186958],[-70.627098927747042,41.883197589365203],[-70.627349795114213,41.882615874637786],[-70.627588768829568,41.882348214668163],[-70.62787972645225,41.882102830921419],[-70.628251121957192,41.881851848156501],[-70.62848024251457,41.881837300860632],[-70.628977397713498,41.882099327929417],[-70.629377923433154,41.882432196771582],[-70.629705190263437,41.882792057526771],[-70.629907547522933,41.883052462484066],[-70.630043637816257,41.883339373697822],[-70.630164998174578,41.883637427354174],[-70.630229218320736,41.883814033038028],[-70.630322612762328,41.884007158036106],[-70.630832985504952,41.884379665302774],[-70.631068153874978,41.884452406582362],[-70.63138296750347,41.884586980019989],[-70.631704723106395,41.884786973685451],[-70.632149113183928,41.885148258332919],[-70.632477803776908,41.885370272006682],[-70.632821785584895,41.885549002108505],[-70.633033331886679,41.885693500940455],[-70.633189773176852,41.88615109654333],[-70.63345848277126,41.886433968315316],[-70.633875936357441,41.886580028543378],[-70.634294685241215,41.886692962724155],[-70.634639129116238,41.886838556415441],[-70.634790918063871,41.88705408976606],[-70.634972258588533,41.887258591993948],[-70.635282000033882,41.887244641860583],[-70.635673980405556,41.887137313017952],[-70.635933669787576,41.887028981477158],[-70.636178430430093,41.886892984466265],[-70.63629244486981,41.88662427074258],[-70.636222921100398,41.886304106488581],[-70.63621239407864,41.885996183759111],[-70.636253635984758,41.885682530137409],[-70.636293420780603,41.885440806570287],[-70.636441988385897,41.885342887870038],[-70.63693525061403,41.885362915727143],[-70.637230511844933,41.885332013608846],[-70.637629212690001,41.885252280854722],[-70.637286186572638,41.885002081650441],[-70.637061508772476,41.884714509665166],[-70.636887690601768,41.884515109774334],[-70.636705175741199,41.884370747653435],[-70.63663414550895,41.884188511835447],[-70.636689746720691,41.88386416197995],[-70.636856874721801,41.883507521219038],[-70.637074391575311,41.883184485555795],[-70.63725568831056,41.88286675812261],[-70.637332338712497,41.882624862644676],[-70.637299342492582,41.882338739631571],[-70.637082151878829,41.882050593875825],[-70.636790554973246,41.881812036660669],[-70.636417235126004,41.88161175718853],[-70.636036749528074,41.881460313384316],[-70.636336670957817,41.881021932677022],[-70.636459705820215,41.880637947103232],[-70.636531185530686,41.880253031132042],[-70.636580940783915,41.879835266622067],[-70.636688395155687,41.879489429482923],[-70.636945725491771,41.879001203603131],[-70.637379755092084,41.878453536539951],[-70.637732344207635,41.877994211075517],[-70.637987453634651,41.877615723610376],[-70.638308499924065,41.877287795111947],[-70.638599368872448,41.877053098397155],[-70.638802223001676,41.8767519183451],[-70.638919664222612,41.876191681712378],[-70.639001156110638,41.875064018294935],[-70.639133733337573,41.874916994387206],[-70.639268407142922,41.874730639112848],[-70.639454254137348,41.874599773418062],[-70.639809593063603,41.87446964486201],[-70.64021488902641,41.87442263739792],[-70.640679688207825,41.874403088252855],[-70.641004222023923,41.874377349300183],[-70.641188949786084,41.874329218181629],[-70.641395971746974,41.874253702583324],[-70.641559601071719,41.874144095608223],[-70.641789768840383,41.873942068611925],[-70.6420067787938,41.873679255986573],[-70.642142489214791,41.873388189886519],[-70.642336402321376,41.873185349037442],[-70.64266241313085,41.873022397171532],[-70.643358561518369,41.872729325984267],[-70.643587975604802,41.872609495311551],[-70.64378251489299,41.872368480236602],[-70.643954998463045,41.87208327034984],[-70.644480325616058,41.872543076948801],[-70.644758608572346,41.872704441693813],[-70.645080830031517,41.872877299746996],[-70.645344730042737,41.872988493649878],[-70.64574127636827,41.873089965329015],[-70.646234197858718,41.873164514733396],[-70.646800597753455,41.873239701414477],[-70.647344354458909,41.873341637723762],[-70.647873265531047,41.873454805477209],[-70.648270473652943,41.873534303767705],[-70.649408857099374,41.873646339067491],[-70.649862513021986,41.874127465671116],[-70.650314851516058,41.874481985969275],[-70.650665095571625,41.874786763521229],[-70.650781281765688,41.87496374413697],[-70.650860770490823,41.875101104609215],[-70.650982946324177,41.875344038003306],[-70.65089132829273,41.875574576114268],[-70.650704034124772,41.875842758728524],[-70.650605897027475,41.876001847301985],[-70.650721436865496,41.876173240728569],[-70.651020730303813,41.876378595184839],[-70.651233661113125,41.87647417952126],[-70.651460826221495,41.876514135256983],[-70.651703016912151,41.876620020604207],[-70.65189160142117,41.876825180049586],[-70.652043419778451,41.877068242462883],[-70.652217238024875,41.87730588568153],[-70.65245030683468,41.877500119753435],[-70.65265249682686,41.87781504619258],[-70.652787870618212,41.878162700588803],[-70.653025604072454,41.878577473074493],[-70.653248724915755,41.878986013978164],[-70.653355854299292,41.879256384872278],[-70.653298670843697,41.880268896975608],[-70.65326459304363,41.881192622093849],[-70.653282222444801,41.88153435998526],[-70.653358575843114,41.881881575658156],[-70.653487442117694,41.882157689970882],[-70.653557782520068,41.882449757160707],[-70.653592092733646,41.882642424435552],[-70.653751084615436,41.882891209955034],[-70.654071346538245,41.883190171687467],[-70.65437707193388,41.883495237468424],[-70.654542795248545,41.883754696272881],[-70.654635410822138,41.884002988803971],[-70.654905928404105,41.883592524600154],[-70.655278601761282,41.883264931190006],[-70.655568595772408,41.883057196747785],[-70.655864929295575,41.882916497284342],[-70.65618248755699,41.882874366311306],[-70.656631982250673,41.882850136706729],[-70.657023606186343,41.882792253645682],[-70.657261081101495,41.882628516141324],[-70.657515212197751,41.882343979094557],[-70.657767519723947,41.882197277316877],[-70.658099041962444,41.882210437820831],[-70.658495854181879,41.882306734289934],[-70.658832666089779,41.8824577809186],[-70.659250735251376,41.882586915449259],[-70.659699477837236,41.88265603837614],[-70.660199737594638,41.882719956199949],[-70.660588751844074,41.88280502316875],[-70.660774786808702,41.882941989457713],[-70.661152742826658,41.883061818146594],[-70.661528793145038,41.883070163694001],[-70.661947448263106,41.883155443743732],[-70.662115534887903,41.883255720329117],[-70.662191072712929,41.88369629378348],[-70.663023645546502,41.883696279448266],[-70.663392907481608,41.883643792955596],[-70.663687211193718,41.883656664354021],[-70.664048426604168,41.88364805564602],[-70.664404287071349,41.883441321581209],[-70.664857823317405,41.883136258650886],[-70.665303023941007,41.882896951227423],[-70.665813399401387,41.882740863951504],[-70.666116899107209,41.882621529575722],[-70.666504299592674,41.882277710558135],[-70.667106042868056,41.881896647952985],[-70.667714868578273,41.881526258420287],[-70.668337112734648,41.881271933197603],[-70.668980418545999,41.881083666232001],[-70.669608884663504,41.880905912253972],[-70.670435407292615,41.880784698186787],[-70.670708557093846,41.880737161992045],[-70.670992969092765,41.880666657070087],[-70.671850689560088,41.881305945193645],[-70.672382866089762,41.881760538489125],[-70.671857485364029,41.882517013355361],[-70.671736798778696,41.882708640090065],[-70.671764056049213,41.88290125031282],[-70.671945568862597,41.883100652166846],[-70.672266629344193,41.883372556432512],[-70.672586908061234,41.883677048059646],[-70.672739240781226,41.883859940090801],[-70.672987171885325,41.884076118578179],[-70.673572508989949,41.884382527577515],[-70.673292944607738,41.884942163476993],[-70.673008815580545,41.885286753597136],[-70.672810917647638,41.885764234589118],[-70.672496132544467,41.886780468855775],[-70.672143455472522,41.8872900507235],[-70.671879787321757,41.887755708235858],[-70.671793378352547,41.888146208702842],[-70.6717007254165,41.888497857184426],[-70.671541589971483,41.88883767823765],[-70.671293816220995,41.88921071008761],[-70.671324036050535,41.889231188145921],[-70.671841829420401,41.889582674740097],[-70.672286509751075,41.889960100128874],[-70.67259197853997,41.890303380587937],[-70.672830769004989,41.890612952838104],[-70.6730174014711,41.891004802054326],[-70.673212225557791,41.891369158488011],[-70.673434297366356,41.891844099050495],[-70.673443295241881,41.892311734065807],[-70.673473747183039,41.892834808027267],[-70.6736876421283,41.893364702294022],[-70.673875811531346,41.893657608768322],[-70.674331240258795,41.894315393290753],[-70.674509788645906,41.894811896058677],[-70.674573992504989,41.894972178561908],[-70.674748797011702,41.895143885143305],[-70.675012472488746,41.895255547806549],[-70.675314169416382,41.895306708576086],[-70.675909434258998,41.895432018870849],[-70.676253877687159,41.895560558612146],[-70.67660465784806,41.895805022464074],[-70.676939712650693,41.896110237813545],[-70.677385898257114,41.896404908139502],[-70.677927970949028,41.896628326513955],[-70.678236051153675,41.896745883761483],[-70.678326831626549,41.89712640919938],[-70.678743743281714,41.896804100386206],[-70.679107364576836,41.896614303566601],[-70.679514691763728,41.896446158826016],[-70.67983981456355,41.896382046709149],[-70.680199626499302,41.896450449170999],[-70.680565812143499,41.896651162624671],[-70.680718278640271,41.896827831739778],[-70.680775896715645,41.896976808541602],[-70.681124240862076,41.896803192653515],[-70.681516283894737,41.896651858384082],[-70.681848933718896,41.896555200629024],[-70.682094075142629,41.896440987780892],[-70.682362489967616,41.896156498474966],[-70.682573931699366,41.895794437736505],[-70.682643438505863,41.895514736009062],[-70.682616078292767,41.895327170267059],[-70.683155094136282,41.895253865480285],[-70.683450314136735,41.895227885519247],[-70.683730746040183,41.895180369928909],[-70.683959748325151,41.895121231236516],[-70.684181456496518,41.895095264114843],[-70.684519648686205,41.895157826067148],[-70.684864172485888,41.895281298145576],[-70.685215544718332,41.895481890873988],[-70.685419210199427,41.895670173854683],[-70.685408471522834,41.895972896159662],[-70.685413812021025,41.89614904925206],[-70.685448008262924,41.896330450380354],[-70.685983705529281,41.896526773320822],[-70.686446035253695,41.896683674349831],[-70.686870789550227,41.896895499347949],[-70.686908113193908,41.897446079350011],[-70.686993380485418,41.897705546745563],[-70.68728432631903,41.898015459279343],[-70.687509707028212,41.898231444693742],[-70.687837985185794,41.897919816979375],[-70.688623842847193,41.898167337735813],[-70.68921192619112,41.898264435278719],[-70.689839732687304,41.898147340505489],[-70.690282141607625,41.898128509831039],[-70.690820237383747,41.898109815467542],[-70.691232128688995,41.898178552113187],[-70.691679833657943,41.898302734294369],[-70.691995437658747,41.898447318902711],[-70.692478487184047,41.898692759473313],[-70.692837398224384,41.89884386067407],[-70.693182617267269,41.898972354412372],[-70.693460636100539,41.899144761221464],[-70.69361312240558,41.899332667700946],[-70.693322488923883,41.89955688059343],[-70.693003566718218,41.899730741504754],[-70.692935625320857,41.899890079101411],[-70.692807232011617,41.900131194171358],[-70.692486004890085,41.900448558305747],[-70.692159071932736,41.90072140229001],[-70.691594792901114,41.901025789123899],[-70.691380490601418,41.901112599018496],[-70.691573049606674,41.901609172963312],[-70.691782487817122,41.901962975363162],[-70.692007687963653,41.902233513504932],[-70.69210086741441,41.902460438946861],[-70.692023285786746,41.902723791967134],[-70.691634933060314,41.90317231458549],[-70.691077513996206,41.904121151087303],[-70.690262202300474,41.905122629361564],[-70.689963244479117,41.905467696157054],[-70.689665116087724,41.905718858205773],[-70.689463318397245,41.905948734038851],[-70.689266241196876,41.906404278818378],[-70.689199444604895,41.907031190806272],[-70.689157708042472,41.908037701705574],[-70.689045805045012,41.908713814227774],[-70.6888614569407,41.909323684123862],[-70.688564752168261,41.910048094265491],[-70.688156424454533,41.910876334465193],[-70.68793289756907,41.911485294030271],[-70.687912540938541,41.911540882901022],[-70.687756123309128,41.912293840234462],[-70.688248650847996,41.912984964149118],[-70.688311021858993,41.913293248032609],[-70.688106878832258,41.913704891925967],[-70.687726399893265,41.914681891507925],[-70.687455341828269,41.91543403279772]]]},"properties":{"NAME":"BUZZARDS BAY","BAS_ID":24}},{"type":"Feature","geometry":{"type":"Polygon","coordinates":[[[-70.653628837728448,41.736482727048781],[-70.653109670939813,41.736571697887577],[-70.652620705006456,41.736866901511647],[-70.652529365156951,41.737354686137287],[-70.652772861474688,41.737603476361137],[-70.65326164975292,41.737829959611339],[-70.653658302811436,41.737806526690186],[-70.653994468571028,41.737666582128611],[-70.654147383357341,41.737439287859146],[-70.654056424066042,41.736846062271532],[-70.653933766267599,41.736685871144594],[-70.653628837728448,41.736482727048781]]]},"properties":{"NAME":"BUZZARDS BAY","BAS_ID":24}},{"type":"Feature","geometry":{"type":"Polygon","coordinates":[[[-70.643369205520244,41.731974350109425],[-70.64266599457541,41.732200369395684],[-70.641964074810474,41.732661037398785],[-70.641291706853195,41.733274361120095],[-70.641260543159476,41.733553879270687],[-70.641627207007005,41.733917882889486],[-70.643245219153627,41.734416822484171],[-70.643611797326116,41.734420750521167],[-70.64388703091727,41.733921389545309],[-70.644162240978361,41.733845213920588],[-70.644314923380833,41.734032113083288],[-70.644344935844003,41.734878710907694],[-70.644680979819825,41.734882946274979],[-70.64483356358312,41.734601548006566],[-70.644834199771637,41.733799660092004],[-70.644468379551284,41.732976381225846],[-70.643949263403314,41.73249752076061],[-70.643766194867922,41.731950324137557],[-70.643369205520244,41.731974350109425]]]},"properties":{"NAME":"BUZZARDS BAY","BAS_ID":24}},{"type":"Feature","geometry":{"type":"Polygon","coordinates":[[[-70.75586837724228,41.712481683287969],[-70.755654355404403,41.712575364731435],[-70.755653628397127,41.713349691618539],[-70.755867293479909,41.7134726406046],[-70.756142294366143,41.713333167454671],[-70.756295585423771,41.713150760506601],[-70.756081993761185,41.712577620004787],[-70.75586837724228,41.712481683287969]]]},"properties":{"NAME":"BUZZARDS BAY","BAS_ID":24}},{"type":"Feature","geometry":{"type":"Polygon","coordinates":[[[-71.033860128132815,41.480340539417476],[-71.034089112512959,41.480232356246901],[-71.034247499658463,41.480101913882066],[-71.034216689334869,41.479876696583069],[-71.034200552024032,41.479658832478179],[-71.034023925055976,41.479481995945754],[-71.033892961151409,41.47928220746735],[-71.033625311289612,41.479225374757057],[-71.033496360595151,41.479374574837955],[-71.033306928606436,41.479575837028385],[-71.033415663412015,41.479885198980227],[-71.033569905064738,41.480176740712871],[-71.033860128132815,41.480340539417476]]]},"properties":{"NAME":"BUZZARDS BAY","BAS_ID":24}},{"type":"Feature","geometry":{"type":"Polygon","coordinates":[[[-70.749340451315121,41.699837374972354],[-70.749651793897556,41.699474141284227],[-70.750812293763374,41.699150354363837],[-70.751148519529124,41.698713088617296],[-70.751149644450507,41.698145312372795],[-70.750996542211226,41.697913535821314],[-70.750631093570732,41.697666945274598],[-70.750295254289455,41.697528504930844],[-70.749491059192181,41.697528876816989],[-70.74823999795413,41.69763821011842],[-70.747080226914193,41.697962515779388],[-70.746896976893538,41.698190361682535],[-70.746805719059253,41.698696225319324],[-70.747299506957702,41.69929653863467],[-70.747324808136767,41.698994536186198],[-70.747354733456802,41.698534456404289],[-70.747598908450243,41.698233811134642],[-70.747812936648089,41.698167156685301],[-70.748453758373159,41.698166348122314],[-70.748637228950685,41.698307659716527],[-70.748790149744309,41.69896316021913],[-70.749095923492803,41.699237545050174],[-70.749095985027537,41.699426626630483],[-70.748881977231193,41.699583322300398],[-70.748852147849391,41.699790754569285],[-70.749004848602894,41.699923488848547],[-70.749340451315121,41.699837374972354]]]},"properties":{"NAME":"BUZZARDS BAY","BAS_ID":24}},{"type":"Feature","geometry":{"type":"Polygon","coordinates":[[[-70.742653391140479,41.69709299134567],[-70.742134415168181,41.697254397390864],[-70.741676893523021,41.697531640242417],[-70.741768963613779,41.697872149889278],[-70.742226874986642,41.697693951845395],[-70.74271498246587,41.697623549177941],[-70.742776638484855,41.697874897335467],[-70.742562447392118,41.698076599335437],[-70.742532424116874,41.69832913819355],[-70.742807203872147,41.698306746304922],[-70.743752723677275,41.697806025253634],[-70.743813809107181,41.697598171623746],[-70.742989242779416,41.697096936606826],[-70.742653391140479,41.69709299134567]]]},"properties":{"NAME":"BUZZARDS BAY","BAS_ID":24}},{"type":"Feature","geometry":{"type":"Polygon","coordinates":[[[-70.761268848056346,41.677151426839693],[-70.760780236777322,41.677176885394239],[-70.760383517117717,41.677335836236459],[-70.760078289975596,41.677610720217224],[-70.759986559907603,41.677909501919906],[-70.760474057084096,41.677928968749235],[-70.760993471799893,41.677659977117244],[-70.761695224158373,41.677585749501127],[-70.761665712423692,41.677406111097717],[-70.761268848056346,41.677151426839693]]]},"properties":{"NAME":"BUZZARDS BAY","BAS_ID":24}},{"type":"Feature","geometry":{"type":"Polygon","coordinates":[[[-70.717396795889684,41.668814190995491],[-70.716543054270673,41.668908527663902],[-70.716573493780075,41.669178224072958],[-70.716817664039013,41.669498463425811],[-70.717336107752658,41.669661850856706],[-70.717641219770044,41.669477118753854],[-70.717641223131693,41.66904493156219],[-70.717396795889684,41.668814190995491]]]},"properties":{"NAME":"BUZZARDS BAY","BAS_ID":24}},{"type":"Feature","geometry":{"type":"Polygon","coordinates":[[[-70.915541289315456,41.642436527060831],[-70.916821439331969,41.642460476980816],[-70.91749246623317,41.64229626697005],[-70.91801082817112,41.641773913553962],[-70.918041123033902,41.640990113524886],[-70.917797783350238,41.640651858074513],[-70.916700128198386,41.639625389069231],[-70.916242741323643,41.639372107663945],[-70.91560209611464,41.639274817765184],[-70.914351925779783,41.639457463881072],[-70.912797249625129,41.640149486230982],[-70.91118121527704,41.640644798233986],[-70.911516062774666,41.64128741782627],[-70.911882064371042,41.641858257667579],[-70.912827326242393,41.641698284379871],[-70.914290688521405,41.641151561595031],[-70.914656696201192,41.641199545462577],[-70.914930938784224,41.641608916158745],[-70.914931446879777,41.641789623750881],[-70.915144818742689,41.64222740260751],[-70.915541289315456,41.642436527060831]]]},"properties":{"NAME":"BUZZARDS BAY","BAS_ID":24}},{"type":"Feature","geometry":{"type":"Polygon","coordinates":[[[-70.920389484710981,41.637609952370873],[-70.919626960197505,41.637586434551096],[-70.918803105334604,41.638725700383787],[-70.919108769489398,41.639549393249439],[-70.919321996321955,41.639807088769132],[-70.91947420620096,41.640056549085799],[-70.92048073800504,41.639805707441674],[-70.920602654957122,41.639623372923261],[-70.920632424820923,41.639145786606612],[-70.920754515717249,41.638864501807795],[-70.920724123033978,41.638522745387611],[-70.920388950437442,41.63815917730264],[-70.920389484710981,41.637609952370873]]]},"properties":{"NAME":"BUZZARDS BAY","BAS_ID":24}},{"type":"Feature","geometry":{"type":"Polygon","coordinates":[[[-70.912104031244638,41.636851616481437],[-70.911760725639638,41.636582609899385],[-70.910876972402292,41.636327009963267],[-70.910480102887533,41.636414450069267],[-70.910114870228313,41.636897587214996],[-70.909992588403,41.637259983516039],[-70.910084178067422,41.637492845271666],[-70.91035859853946,41.637695682379736],[-70.910754948875265,41.637769767043878],[-70.911425156074415,41.637560570067386],[-70.91207195260877,41.63736466368119],[-70.912104031244638,41.636851616481437]]]},"properties":{"NAME":"BUZZARDS BAY","BAS_ID":24}},{"type":"Feature","geometry":{"type":"Polygon","coordinates":[[[-70.859637817233278,41.626854320111114],[-70.860431071121511,41.626814307072102],[-70.860705381844014,41.626719599637084],[-70.859972711812645,41.625921523886973],[-70.859575965862959,41.625324409835621],[-70.859576118159765,41.625117323793489],[-70.859483891864812,41.624740356209863],[-70.859117480124652,41.624674184157882],[-70.858629398956481,41.624691059664727],[-70.858600428162845,41.625115244312596],[-70.858661956909756,41.625465568346932],[-70.859058070338605,41.626125078251178],[-70.859210780625219,41.626717397365177],[-70.859637817233278,41.626854320111114]]]},"properties":{"NAME":"BUZZARDS BAY","BAS_ID":24}},{"type":"Feature","geometry":{"type":"Polygon","coordinates":[[[-70.910268977616596,41.626466473903626],[-70.910787440037453,41.625665038352473],[-70.911031383022916,41.625445080607989],[-70.910968081329401,41.625099819376899],[-70.910816198934356,41.624418169519664],[-70.910328460684156,41.62404810788609],[-70.909810846503873,41.624029665144761],[-70.909322486755997,41.624325962747804],[-70.909292630814051,41.624596460044998],[-70.909840733557814,41.624848620425041],[-70.909901414975479,41.625099959707441],[-70.909781433360735,41.625735721168986],[-70.909933838708056,41.626607083963322],[-70.910268977616596,41.626466473903626]]]},"properties":{"NAME":"BUZZARDS BAY","BAS_ID":24}},{"type":"Feature","geometry":{"type":"Polygon","coordinates":[[[-70.804117605634033,41.617441446995599],[-70.803507627166468,41.617505239572608],[-70.803416045984889,41.617894093775703],[-70.803598602087249,41.618098338692867],[-70.804696809771215,41.618675183999564],[-70.805092593803565,41.618669140761249],[-70.805093357815778,41.618444049850424],[-70.804543948993711,41.617714171109398],[-70.804117605634033,41.617441446995599]]]},"properties":{"NAME":"BUZZARDS BAY","BAS_ID":24}},{"type":"Feature","geometry":{"type":"Polygon","coordinates":[[[-70.845965711054717,41.604416653408606],[-70.844960325939013,41.604486854673368],[-70.844929223667691,41.604982424045652],[-70.845204349778854,41.604941871901154],[-70.84550886224136,41.604784349043655],[-70.846270489887019,41.604690771688212],[-70.846209193201048,41.604502509991562],[-70.845965711054717,41.604416653408606]]]},"properties":{"NAME":"BUZZARDS BAY","BAS_ID":24}},{"type":"Feature","geometry":{"type":"Polygon","coordinates":[[[-70.953968628924969,41.590436921129296],[-70.953419928962816,41.590437704213223],[-70.952901995072054,41.590599529066061],[-70.952719321430507,41.590755673968935],[-70.952749767984983,41.591052312740331],[-70.953694010221724,41.591558273329561],[-70.954151798230541,41.592262222527786],[-70.954669201738184,41.59226245611012],[-70.955034768572347,41.591346372211113],[-70.954912450556151,41.591006435736624],[-70.95439450847897,41.590592030091457],[-70.953968628924969,41.590436921129296]]]},"properties":{"NAME":"BUZZARDS BAY","BAS_ID":24}},{"type":"Feature","geometry":{"type":"Polygon","coordinates":[[[-71.057481907377039,41.546269153764378],[-71.057086055326238,41.546267610244158],[-71.056538272022991,41.54652036503056],[-71.056294152291912,41.546795192733576],[-71.056294520853712,41.547416985450546],[-71.056447024508003,41.547738380955337],[-71.056964376863874,41.547936229955795],[-71.057238860038012,41.54821074113562],[-71.057512282667759,41.548899504904121],[-71.057847681509969,41.548875421220366],[-71.05812197333529,41.548744315608168],[-71.058425866166274,41.548126497775314],[-71.059034930837782,41.547782224801573],[-71.059339519574209,41.547479534583118],[-71.059370727996139,41.547298412489688],[-71.059248929269245,41.547093647226752],[-71.058517271147224,41.546845455545423],[-71.057725935765916,41.546319084389175],[-71.057481907377039,41.546269153764378]]]},"properties":{"NAME":"BUZZARDS BAY","BAS_ID":24}},{"type":"Feature","geometry":{"type":"Polygon","coordinates":[[[-71.054986147372972,41.539592745141512],[-71.054681878750316,41.539679337505405],[-71.053432863051839,41.540756038407608],[-71.053067948057034,41.541375313304371],[-71.053127926526869,41.542518381324612],[-71.053706778783464,41.543273632587152],[-71.054346250514328,41.543568762763798],[-71.054589832177427,41.543870800307417],[-71.054742292320839,41.544489228015451],[-71.055138244772891,41.544716411328054],[-71.0558384117831,41.544713030109669],[-71.056112977904277,41.544626858644023],[-71.056599474693527,41.542681182776562],[-71.056843371519648,41.542262835662818],[-71.056843696601049,41.541487983921648],[-71.056508670742801,41.540944206547636],[-71.055290374942501,41.539632832983727],[-71.054986147372972,41.539592745141512]]]},"properties":{"NAME":"BUZZARDS BAY","BAS_ID":24}},{"type":"Feature","geometry":{"type":"Polygon","coordinates":[[[-70.998459857943828,41.542737433759264],[-70.997790997918401,41.542785167713291],[-70.997517256675707,41.542925134072988],[-70.997517289308519,41.543150226019485],[-70.99767046138237,41.543408678965143],[-70.998035612989199,41.543609455210969],[-70.998522241865388,41.543402900576439],[-70.999344063099414,41.543289479857144],[-70.999374447440573,41.543081899151716],[-70.999069562106058,41.5428982300079],[-70.998459857943828,41.542737433759264]]]},"properties":{"NAME":"BUZZARDS BAY","BAS_ID":24}},{"type":"Feature","geometry":{"type":"Polygon","coordinates":[[[-71.111345267112739,41.539671374784369],[-71.112929269321285,41.539651486316686],[-71.113050195382272,41.539351988374115],[-71.112470878478632,41.538524471530152],[-71.112044843237669,41.538369955091675],[-71.109821297320579,41.537861553978992],[-71.109547822020787,41.538001790318056],[-71.109578369672235,41.538298474261147],[-71.109822492428478,41.538708437548145],[-71.111345267112739,41.539671374784369]]]},"properties":{"NAME":"BUZZARDS BAY","BAS_ID":24}},{"type":"Feature","geometry":{"type":"Polygon","coordinates":[[[-71.05389065131142,41.534558293358025],[-71.053769053517911,41.535380477766381],[-71.054012227776255,41.535925613225608],[-71.054316709586899,41.537046591399047],[-71.054529924355236,41.537421079215505],[-71.055077368012249,41.537897627723119],[-71.055229262184611,41.538561700946374],[-71.055381900654382,41.538738950212959],[-71.055717059244913,41.538741973040267],[-71.056143034275777,41.538418968150651],[-71.056905101203,41.53815354669598],[-71.057239002489339,41.537921835342942],[-71.057238598211939,41.537390619245322],[-71.056904479954127,41.537099488590208],[-71.055778230779694,41.536642114144776],[-71.055199777953547,41.536093418420897],[-71.054256293422895,41.534740882858031],[-71.05389065131142,41.534558293358025]]]},"properties":{"NAME":"BUZZARDS BAY","BAS_ID":24}},{"type":"Feature","geometry":{"type":"Polygon","coordinates":[[[-71.103793262761712,41.537773688998385],[-71.104158380090823,41.537776043124531],[-71.104766895853842,41.537134405085666],[-71.105253771836772,41.536881747098867],[-71.107690228345533,41.536405168641842],[-71.108176015249228,41.536171041857507],[-71.108358911956984,41.53596909177795],[-71.108388815563785,41.53564452479511],[-71.107810687962711,41.535303723144281],[-71.107415387100104,41.535418863477133],[-71.106471084762788,41.535895576340494],[-71.104979048090186,41.536193185718936],[-71.103945216001989,41.536725838686053],[-71.103396901459973,41.537204537214613],[-71.103366860399873,41.53754710972968],[-71.103793262761712,41.537773688998385]]]},"properties":{"NAME":"BUZZARDS BAY","BAS_ID":24}},{"type":"Feature","geometry":{"type":"Polygon","coordinates":[[[-71.102726771842711,41.535991208264591],[-71.103365593717712,41.53610598719996],[-71.103639108862069,41.536037704736557],[-71.103944295507532,41.535788919674523],[-71.104005494637263,41.535193184148312],[-71.104339373019315,41.534934954304084],[-71.104553149631002,41.534759588573458],[-71.104583072502194,41.534434932569631],[-71.104095498855898,41.533930201430962],[-71.103821111859446,41.533908445805402],[-71.101903295497934,41.533889311401033],[-71.101477274275084,41.534049881597483],[-71.101295112903827,41.534188797933197],[-71.101264143850912,41.534486348578362],[-71.101995594676779,41.534752271102946],[-71.102330591096788,41.535376945248409],[-71.102421983751455,41.535807818091037],[-71.102726771842711,41.535991208264591]]]},"properties":{"NAME":"BUZZARDS BAY","BAS_ID":24}},{"type":"Feature","geometry":{"type":"Polygon","coordinates":[[[-71.100472545053549,41.533663156138587],[-71.100959643695319,41.533681165991453],[-71.10159882959411,41.53317416679775],[-71.103181827153819,41.533136404139135],[-71.103516103641269,41.532967584003124],[-71.104033772466451,41.532516959487843],[-71.104033579675288,41.532237846892812],[-71.103637411243128,41.532010833790906],[-71.103393521420173,41.531961002286678],[-71.102724325627932,41.532036363377621],[-71.102389720694063,41.532258571431875],[-71.10187148379552,41.532259005912664],[-71.101506121463103,41.531896408961998],[-71.101323791292799,41.531485564198015],[-71.100927385454469,41.531510641886214],[-71.100562301569539,41.531643241503211],[-71.100105700670923,41.532174557680797],[-71.099954446223691,41.5325646014402],[-71.099954642389321,41.533339453027942],[-71.100137182613537,41.533543217673461],[-71.100472545053549,41.533663156138587]]]},"properties":{"NAME":"BUZZARDS BAY","BAS_ID":24}},{"type":"Feature","geometry":{"type":"Polygon","coordinates":[[[-71.057758068691768,41.531903848142413],[-71.057909988152673,41.532045076675104],[-71.058153549231506,41.532085460900333],[-71.058305720256854,41.531929569955153],[-71.058427773924777,41.531170948444526],[-71.058335801644546,41.530920199573224],[-71.058396799192039,41.529162477456161],[-71.059067038722063,41.52751066551987],[-71.05958451742498,41.526708470154574],[-71.060619162530557,41.525545969555836],[-71.060619521824407,41.524969198342994],[-71.060345299637518,41.524424497217495],[-71.059919051150416,41.52433280899357],[-71.059310575428597,41.524397975325002],[-71.058914730796076,41.524693557533958],[-71.058305944893917,41.525776757995537],[-71.057697351585801,41.526256082393679],[-71.057209664268157,41.526940077702058],[-71.057210089425155,41.527606978487917],[-71.057332444289742,41.527811658137658],[-71.057270638141276,41.528173273114419],[-71.056844643513386,41.528839050127083],[-71.056904664847835,41.529134693676802],[-71.057087851831952,41.529726227086492],[-71.056570192175556,41.530096236189841],[-71.056448683159346,41.530323103222372],[-71.056449249594863,41.531106961873746],[-71.057361961279526,41.531396930242757],[-71.057758068691768,41.531903848142413]]]},"properties":{"NAME":"BUZZARDS BAY","BAS_ID":24}},{"type":"Feature","geometry":{"type":"Polygon","coordinates":[[[-71.088624992366547,41.52088072224565],[-71.088929092036608,41.5216026535061],[-71.089751402995205,41.522335461876999],[-71.089964594702622,41.523187704147894],[-71.090299821264665,41.523523669126028],[-71.091090803755449,41.523689757126945],[-71.09148668399699,41.52387179519598],[-71.091790809806,41.524352331876543],[-71.091852421446362,41.525288389142922],[-71.09197439925191,41.525493659935002],[-71.092795637179336,41.525352551367185],[-71.093131188152327,41.525490519600183],[-71.09349653548658,41.52588006449195],[-71.093953352773696,41.526772517184661],[-71.094136017033918,41.526931814168407],[-71.094714293762905,41.527074066721113],[-71.095507144090703,41.527807268042025],[-71.095993625370568,41.527915963549802],[-71.096267590872571,41.528190378078605],[-71.096633302624909,41.528832105281623],[-71.096907677705588,41.529061501638935],[-71.098094738711652,41.529400015047386],[-71.098825595901957,41.529404851354762],[-71.098917048735672,41.529150822494138],[-71.098977442406905,41.528537079574996],[-71.098825415776872,41.528170185394352],[-71.098306784987855,41.527531345633371],[-71.097332572570096,41.526864417564745],[-71.096814962948073,41.526657747942458],[-71.095779871674864,41.525883717308112],[-71.095535698590254,41.525446712461644],[-71.095291884832747,41.524459947768484],[-71.09480486481057,41.523550015738472],[-71.09376919174727,41.522974043983048],[-71.092946554893018,41.522133130338368],[-71.092702974869241,41.521966319888669],[-71.092459909696345,41.521926011529942],[-71.09203344441606,41.521807432409879],[-71.091363733009487,41.521188815794986],[-71.090663457537318,41.520255588727956],[-71.090607854800055,41.520107908976314],[-71.090480252535556,41.519772694253341],[-71.090509993646592,41.518492577739629],[-71.090418653120253,41.518332433992953],[-71.09002348057453,41.518195412719777],[-71.089444632719804,41.518268680431227],[-71.087862648092866,41.518838097412107],[-71.087131980738718,41.519454980446717],[-71.087132532286518,41.520094779374531],[-71.087375974217792,41.520279698613102],[-71.088197812179743,41.520390726946346],[-71.088624992366547,41.52088072224565]]]},"properties":{"NAME":"BUZZARDS BAY","BAS_ID":24}},{"type":"Feature","geometry":{"type":"Polygon","coordinates":[[[-71.049294750622408,41.527576905029072],[-71.049751840867415,41.527560171610055],[-71.050208013734874,41.526957025819968],[-71.050421138976446,41.526755288348184],[-71.051029715252781,41.527005297227291],[-71.052278215071809,41.527668034468697],[-71.053130819723506,41.527598825033408],[-71.053222445302552,41.526984687591735],[-71.053465415470285,41.526367183998119],[-71.053465338496252,41.525655896518465],[-71.053283315047864,41.525316463515381],[-71.05215668793673,41.524534920006396],[-71.05197390180237,41.524168921140664],[-71.051761791998615,41.523370721708332],[-71.051579194941041,41.523166878418216],[-71.050788127224948,41.522703394330392],[-71.050453098712126,41.522249635123345],[-71.050300562926523,41.521604190448045],[-71.050148778841944,41.521381289170456],[-71.049752628165677,41.521307689202089],[-71.049418056099768,41.521421698003273],[-71.048961818627234,41.521817216277022],[-71.048474314167365,41.52263685973189],[-71.048443813549738,41.523412131618194],[-71.049296163639724,41.524036230228695],[-71.049569038702955,41.52535580607497],[-71.049051690878827,41.527076777949709],[-71.049294750622408,41.527576905029072]]]},"properties":{"NAME":"BUZZARDS BAY","BAS_ID":24}},{"type":"Feature","geometry":{"type":"Polygon","coordinates":[[[-71.052766707000956,41.52234376977902],[-71.052918586392252,41.522503102232776],[-71.053223340664985,41.522524560471332],[-71.053466967265322,41.522412343553285],[-71.053892845119975,41.522089347253647],[-71.054349296431681,41.521882976447273],[-71.054805953322273,41.522388341840205],[-71.054896846868289,41.522549143082962],[-71.055201596875861,41.522588603256061],[-71.055932136619347,41.522160910184425],[-71.056114949387577,41.521608532162801],[-71.056145216561958,41.521130287543976],[-71.055658462699725,41.520490295467084],[-71.055566949099543,41.520194437925817],[-71.055323743997334,41.519919504749225],[-71.055292585894492,41.519523763054899],[-71.055689130334656,41.519228736542388],[-71.056084403447883,41.519203272425258],[-71.059189626274843,41.519616037408277],[-71.059950214174108,41.519845790467564],[-71.060224438172,41.519985239187747],[-71.0606194886889,41.521041364442048],[-71.060863406469124,41.521198701527005],[-71.06180701014641,41.521263123111282],[-71.062141673519619,41.521518227025979],[-71.062263980773878,41.521993640253669],[-71.062172559191808,41.52266180710216],[-71.062415938857626,41.522846779886272],[-71.062720151245315,41.52291322866337],[-71.063024577141221,41.522755126935408],[-71.063481435172648,41.522115916628692],[-71.063632908485047,41.521581953685796],[-71.063602532193272,41.520465386986004],[-71.063755409533613,41.520146886140104],[-71.063846156741576,41.51982139362611],[-71.064851080140159,41.518244574354334],[-71.064424795050058,41.517810764970903],[-71.064119886351179,41.51774431801276],[-71.062812059841178,41.517974552260085],[-71.062080629363891,41.517879985283876],[-71.061715561196948,41.517606756470137],[-71.061259329616902,41.516966276215449],[-71.060284946790006,41.515704878220113],[-71.059737530160618,41.515525474401741],[-71.059280498435228,41.515407193475326],[-71.058763768883281,41.51543444736636],[-71.057454603727763,41.515845227364892],[-71.056541247765495,41.516321105320515],[-71.054258257159503,41.517281132238836],[-71.053497761356454,41.517492609255832],[-71.051579921634229,41.517445611688686],[-71.051092256765401,41.517716043689013],[-71.050545045935792,41.518311539124909],[-71.050484288335127,41.518519462524409],[-71.050484056490035,41.519321325327844],[-71.050636566158047,41.519850352620672],[-71.050909909273315,41.520232378364426],[-71.051152929064756,41.521147208680866],[-71.051426994236536,41.521358797204527],[-71.051974272850899,41.521493222318774],[-71.052492685730286,41.521970209304371],[-71.052766707000956,41.52234376977902]]]},"properties":{"NAME":"BUZZARDS BAY","BAS_ID":24}},{"type":"Feature","geometry":{"type":"Polygon","coordinates":[[[-71.081105426429573,41.52005072497608],[-71.081897174936586,41.520144310938491],[-71.08253605928536,41.51996208858759],[-71.083205714436161,41.519616199859399],[-71.083570673940969,41.519276482544178],[-71.083570813385109,41.51899683070549],[-71.082870771596347,41.518748371113219],[-71.081622530672703,41.51844665700721],[-71.080282688254471,41.517993779788405],[-71.078487058480675,41.516827908819238],[-71.077604112901696,41.516510039490854],[-71.077269596466934,41.516299999991716],[-71.076934259401625,41.516396169550887],[-71.076964470117062,41.516755796712118],[-71.077481999870031,41.517098241578317],[-71.078913770298882,41.517720851194198],[-71.080679058214031,41.518860132583072],[-71.08058725326552,41.519159163671375],[-71.080648552022851,41.519842584783113],[-71.081105426429573,41.52005072497608]]]},"properties":{"NAME":"BUZZARDS BAY","BAS_ID":24}},{"type":"Feature","geometry":{"type":"Polygon","coordinates":[[[-71.063298164025696,41.517029332239424],[-71.064637931148255,41.517014221615881],[-71.065033690055159,41.516808655734664],[-71.065063674775814,41.516556128901435],[-71.064850514371059,41.516280701164852],[-71.064363529521856,41.516072829860256],[-71.063694077285817,41.515868846938034],[-71.062811499966742,41.515298762059352],[-71.062384835170789,41.515153599751571],[-71.062020489328347,41.515250153651721],[-71.061929230090556,41.516053375178672],[-71.062142237728679,41.51641938435715],[-71.062750663221351,41.516876953582639],[-71.063298164025696,41.517029332239424]]]},"properties":{"NAME":"BUZZARDS BAY","BAS_ID":24}},{"type":"Feature","geometry":{"type":"Polygon","coordinates":[[[-71.081164224831966,41.514058494083493],[-71.081651906074001,41.514220647362038],[-71.083142442146737,41.514221090332235],[-71.083446944302679,41.514350509981796],[-71.083568978025056,41.514834902210538],[-71.083873571477511,41.515135389740742],[-71.084482004540334,41.515151664763636],[-71.085212500727479,41.515039000781485],[-71.08579076238945,41.514533579102121],[-71.08627765771007,41.514262995868151],[-71.086825580100708,41.513667332196675],[-71.086490652721011,41.513574365441286],[-71.084999489720133,41.513691641347108],[-71.085151666911315,41.512499759030568],[-71.084694858870151,41.512435603069235],[-71.084360031832517,41.512550343756502],[-71.08341681415996,41.513161922104864],[-71.082473210879257,41.513259744935844],[-71.081620967069767,41.513509877837343],[-71.081133767815246,41.513824827845859],[-71.081164224831966,41.514058494083493]]]},"properties":{"NAME":"BUZZARDS BAY","BAS_ID":24}},{"type":"Feature","geometry":{"type":"Polygon","coordinates":[[[-71.05836759533365,41.51408128149027],[-71.058915277013071,41.514080530388],[-71.060711831301205,41.513003192157647],[-71.061016359648164,41.512736512680007],[-71.060985427067124,41.512250737363949],[-71.060772302077908,41.511957294765843],[-71.060163593054213,41.511427684654336],[-71.059677000165351,41.511309830865734],[-71.05900708046083,41.511339912588383],[-71.058306997924532,41.511749105787267],[-71.057759243683108,41.511884817989063],[-71.057577493142006,41.512185190889198],[-71.057637644490597,41.513328256032679],[-71.057941338040123,41.513827520228119],[-71.05836759533365,41.51408128149027]]]},"properties":{"NAME":"BUZZARDS BAY","BAS_ID":24}}]}