stationNumber,stationName,latitude,longitude,date,precip_in
MA-BA-115,Pocasset 1.0 NNW,41.6994,-70.6222,2025-07-20,0.0
MA-BA-115,Pocasset 1.0 NNW,41.6994,-70.6222,2025-07-21,0.03
MA-BA-115,Pocasset 1.0 NNW,41.6994,-70.6222,2025-07-22,0.0
MA-BA-115,Pocasset 1.0 NNW,41.6994,-70.6222,2025-07-23,0.0
MA-BA-115,Pocasset 1.0 NNW,41.6994,-70.6222,2025-07-25,0.0
MA-BA-115,Pocasset 1.0 NNW,41.6994,-70.6222,2025-07-27,0.0
MA-BA-115,Pocasset 1.0 NNW,41.6994,-70.6222,2025-07-28,0.0
MA-BA-115,Pocasset 1.0 NNW,41.6994,-70.6222,2025-07-30,0.0
MA-BA-115,Pocasset 1.0 NNW,41.6994,-70.6222,2025-08-01,0.26
MA-BA-115,Pocasset 1.0 NNW,41.6994,-70.6222,2025-08-02,0.13
MA-BA-115,Pocasset 1.0 NNW,41.6994,-70.6222,2025-08-03,0.0
MA-BA-115,Pocasset 1.0 NNW,41.6994,-70.6222,2025-08-04,0.0
MA-BA-115,Pocasset 1.0 NNW,41.6994,-70.6222,2025-08-05,0.0
MA-BA-115,Pocasset 1.0 NNW,41.6994,-70.6222,2025-08-06,0.0
MA-BA-115,Pocasset 1.0 NNW,41.6994,-70.6222,2025-08-08,0.0
MA-BA-115,Pocasset 1.0 NNW,41.6994,-70.6222,2025-08-09,0.0
MA-BA-115,Pocasset 1.0 NNW,41.6994,-70.6222,2025-08-10,0.0
MA-BA-115,Pocasset 1.0 NNW,41.6994,-70.6222,2025-08-11,0.0
MA-BA-115,Pocasset 1.0 NNW,41.6994,-70.6222,2025-08-12,0.0
MA-BA-115,Pocasset 1.0 NNW,41.6994,-70.6222,2025-08-13,0.0
MA-BA-115,Pocasset 1.0 NNW,41.6994,-70.6222,2025-08-14,0.0
MA-BA-115,Pocasset 1.0 NNW,41.6994,-70.6222,2025-08-15,0.0
MA-BA-115,Pocasset 1.0 NNW,41.6994,-70.6222,2025-08-16,0.0
MA-BA-115,Pocasset 1.0 NNW,41.6994,-70.6222,2025-08-18,0.04
MA-BA-115,Pocasset 1.0 NNW,41.6994,-70.6222,2025-08-19,0.0
MA-BA-115,Pocasset 1.0 NNW,41.6994,-70.6222,2025-08-20,0.0
MA-BA-115,Pocasset 1.0 NNW,41.6994,-70.6222,2025-08-21,1.08
MA-BA-115,Pocasset 1.0 NNW,41.6994,-70.6222,2025-08-22,0.0
MA-BA-115,Pocasset 1.0 NNW,41.6994,-70.6222,2025-08-23,0.0
MA-BA-115,Pocasset 1.0 NNW,41.6994,-70.6222,2025-08-24,0.0
MA-BA-115,Pocasset 1.0 NNW,41.6994,-70.6222,2025-08-25,0.0
MA-BA-115,Pocasset 1.0 NNW,41.6994,-70.6222,2025-08-26,0.0
MA-BA-115,Pocasset 1.0 NNW,41.6994,-70.6222,2025-08-27,0.0
MA-BA-115,Pocasset 1.0 NNW,41.6994,-70.6222,2025-08-28,0.01
MA-BA-115,Pocasset 1.0 NNW,41.6994,-70.6222,2025-08-29,0.0
MA-BA-115,Pocasset 1.0 NNW,41.6994,-70.6222,2025-08-31,0.0
MA-BA-115,Pocasset 1.0 NNW,41.6994,-70.6222,2025-09-01,0.0
MA-BA-115,Pocasset 1.0 NNW,41.6994,-70.6222,2025-09-02,0.0
MA-BA-115,Pocasset 1.0 NNW,41.6994,-70.6222,2025-09-03,0.0
MA-BA-115,Pocasset 1.0 NNW,41.6994,-70.6222,2025-09-04,0.0
MA-BA-115,Pocasset 1.0 NNW,41.6994,-70.6222,2025-09-05,0.0
MA-BA-115,Pocasset 1.0 NNW,41.6994,-70.6222,2025-09-06,0.02
MA-BA-115,Pocasset 1.0 NNW,41.6994,-70.6222,2025-09-07,0.01
MA-BA-115,Pocasset 1.0 NNW,41.6994,-70.6222,2025-09-08,0.7
MA-BA-115,Pocasset 1.0 NNW,41.6994,-70.6222,2025-09-09,0.0
MA-BA-115,Pocasset 1.0 NNW,41.6994,-70.6222,2025-09-10,0.0
MA-BA-115,Pocasset 1.0 NNW,41.6994,-70.6222,2025-09-11,0.0
MA-BA-115,Pocasset 1.0 NNW,41.6994,-70.6222,2025-09-12,0.0
MA-BA-115,Pocasset 1.0 NNW,41.6994,-70.6222,2025-09-13,0.0
MA-BA-115,Pocasset 1.0 NNW,41.6994,-70.6222,2025-09-14,0.0
MA-BA-115,Pocasset 1.0 NNW,41.6994,-70.6222,2025-09-16,0.0
MA-BA-115,Pocasset 1.0 NNW,41.6994,-70.6222,2025-09-17,0.0
MA-BA-115,Pocasset 1.0 NNW,41.6994,-70.6222,2025-09-18,0.79
MA-BA-115,Pocasset 1.0 NNW,41.6994,-70.6222,2025-09-20,0.0
MA-BA-115,Pocasset 1.0 NNW,41.6994,-70.6222,2025-09-21,0.0
MA-BA-115,Pocasset 1.0 NNW,41.6994,-70.6222,2025-09-22,0.0
MA-BA-115,Pocasset 1.0 NNW,41.6994,-70.6222,2025-09-23,0.0
MA-BA-115,Pocasset 1.0 NNW,41.6994,-70.6222,2025-09-24,0.0
MA-BA-115,Pocasset 1.0 NNW,41.6994,-70.6222,2025-09-25,1.17
MA-BA-115,Pocasset 1.0 NNW,41.6994,-70.6222,2025-09-26,1.28
MA-BA-115,Pocasset 1.0 NNW,41.6994,-70.6222,2025-09-27,0.0
MA-BA-115,Pocasset 1.0 NNW,41.6994,-70.6222,2025-09-28,0.06
MA-BA-115,Pocasset 1.0 NNW,41.6994,-70.6222,2025-09-29,0.0
MA-BA-115,Pocasset 1.0 NNW,41.6994,-70.6222,2025-09-30,0.0
MA-BA-115,Pocasset 1.0 NNW,41.6994,-70.6222,2025-10-01,0.0
MA-BA-115,Pocasset 1.0 NNW,41.6994,-70.6222,2025-10-02,0.0
MA-BA-115,Pocasset 1.0 NNW,41.6994,-70.6222,2025-10-03,0.0
MA-BA-115,Pocasset 1.0 NNW,41.6994,-70.6222,2025-10-04,0.0
MA-BA-115,Pocasset 1.0 NNW,41.6994,-70.6222,2025-10-05,0.0
MA-BA-115,Pocasset 1.0 NNW,41.6994,-70.6222,2025-10-06,0.0
MA-BA-115,Pocasset 1.0 NNW,41.6994,-70.6222,2025-10-07,0.0
MA-BA-115,Pocasset 1.0 NNW,41.6994,-70.6222,2025-10-09,0.69
MA-BA-115,Pocasset 1.0 NNW,41.6994,-70.6222,2025-10-10,0.0
MA-BA-115,Pocasset 1.0 NNW,41.6994,-70.6222,2025-10-11,0.0
MA-BA-115,Pocasset 1.0 NNW,41.6994,-70.6222,2025-10-12,0.0
MA-BA-115,Pocasset 1.0 NNW,41.6994,-70.6222,2025-10-13,1.99
MA-BA-115,Pocasset 1.0 NNW,41.6994,-70.6222,2025-10-14,2.56
MA-BA-115,Pocasset 1.0 NNW,41.6994,-70.6222,2025-10-15,0.0
MA-BA-115,Pocasset 1.0 NNW,41.6994,-70.6222,2025-10-16,0.0
MA-BA-115,Pocasset 1.0 NNW,41.6994,-70.6222,2025-10-17,0.0
MA-BA-115,Pocasset 1.0 NNW,41.6994,-70.6222,2025-10-18,0.0
MA-BA-115,Pocasset 1.0 NNW,41.6994,-70.6222,2025-10-19,0.0
MA-BA-115,Pocasset 1.0 NNW,41.6994,-70.6222,2025-10-20,0.0
MA-BA-115,Pocasset 1.0 NNW,41.6994,-70.6222,2025-10-21,0.86
MA-BA-115,Pocasset 1.0 NNW,41.6994,-70.6222,2025-10-22,0.0
MA-BA-115,Pocasset 1.0 NNW,41.6994,-70.6222,2025-10-23,0.03
MA-BA-115,Pocasset 1.0 NNW,41.6994,-70.6222,2025-10-24,0.0
MA-BA-115,Pocasset 1.0 NNW,41.6994,-70.6222,2025-10-25,0.0
MA-BA-115,Pocasset 1.0 NNW,41.6994,-70.6222,2025-10-26,0.0
MA-BA-115,Pocasset 1.0 NNW,41.6994,-70.6222,2025-10-27,0.0
MA-BA-115,Pocasset 1.0 NNW,41.6994,-70.6222,2025-10-28,0.02
MA-BA-115,Pocasset 1.0 NNW,41.6994,-70.6222,2025-10-30,0.07
MA-BA-115,Pocasset 1.0 NNW,41.6994,-70.6222,2025-10-31,1.69
MA-BA-115,Pocasset 1.0 NNW,41.6994,-70.6222,2025-11-01,0.0
MA-BA-115,Pocasset 1.0 NNW,41.6994,-70.6222,2025-11-02,0.0
MA-BA-115,Pocasset 1.0 NNW,41.6994,-70.6222,2025-11-03,0.0
MA-BA-115,Pocasset 1.0 NNW,41.6994,-70.6222,2025-11-04,0.24
MA-BA-115,Pocasset 1.0 NNW,41.6994,-70.6222,2025-11-06,0.04
MA-BA-115,Pocasset 1.0 NNW,41.6994,-70.6222,2025-11-07,0.0
MA-BA-115,Pocasset 1.0 NNW,41.6994,-70.6222,2025-11-08,0.02
MA-BA-115,Pocasset 1.0 NNW,41.6994,-70.6222,2025-11-09,0.01
MA-BA-115,Pocasset 1.0 NNW,41.6994,-70.6222,2025-11-10,1.54
MA-BA-115,Pocasset 1.0 NNW,41.6994,-70.6222,2025-11-11,0.4
MA-BA-115,Pocasset 1.0 NNW,41.6994,-70.6222,2025-11-12,0.0
MA-BA-115,Pocasset 1.0 NNW,41.6994,-70.6222,2025-11-13,0.0
MA-BA-115,Pocasset 1.0 NNW,41.6994,-70.6222,2025-11-14,0.0
MA-BA-115,Pocasset 1.0 NNW,41.6994,-70.6222,2025-11-15,0.0
MA-BA-115,Pocasset 1.0 NNW,41.6994,-70.6222,2025-11-16,0.78
MA-BA-115,Pocasset 1.0 NNW,41.6994,-70.6222,2025-11-17,0.0
MA-BA-115,Pocasset 1.0 NNW,41.6994,-70.6222,2025-11-18,0.0
MA-BA-115,Pocasset 1.0 NNW,41.6994,-70.6222,2025-11-20,0.0
MA-BA-115,Pocasset 1.0 NNW,41.6994,-70.6222,2025-11-21,0.0
MA-BA-115,Pocasset 1.0 NNW,41.6994,-70.6222,2025-11-22,0.0
MA-BA-115,Pocasset 1.0 NNW,41.6994,-70.6222,2025-11-23,0.33
MA-BA-115,Pocasset 1.0 NNW,41.6994,-70.6222,2025-11-24,0.02
MA-BA-115,Pocasset 1.0 NNW,41.6994,-70.6222,2025-11-25,0.0
MA-BA-115,Pocasset 1.0 NNW,41.6994,-70.6222,2025-11-27,0.03
MA-BA-115,Pocasset 1.0 NNW,41.6994,-70.6222,2025-11-28,0.0
MA-BA-115,Pocasset 1.0 NNW,41.6994,-70.6222,2025-11-29,0.0
MA-BA-115,Pocasset 1.0 NNW,41.6994,-70.6222,2025-11-30,0.0
MA-BA-115,Pocasset 1.0 NNW,41.6994,-70.6222,2025-12-01,0.45
MA-BA-115,Pocasset 1.0 NNW,41.6994,-70.6222,2025-12-02,0.0
MA-BA-115,Pocasset 1.0 NNW,41.6994,-70.6222,2025-12-04,0.0
MA-BA-115,Pocasset 1.0 NNW,41.6994,-70.6222,2025-12-05,0.0
MA-BA-115,Pocasset 1.0 NNW,41.6994,-70.6222,2025-12-06,0.0
MA-BA-115,Pocasset 1.0 NNW,41.6994,-70.6222,2025-12-07,0.01
MA-BA-115,Pocasset 1.0 NNW,41.6994,-70.6222,2025-12-08,0.0
MA-BA-115,Pocasset 1.0 NNW,41.6994,-70.6222,2025-12-09,0.0
MA-BA-115,Pocasset 1.0 NNW,41.6994,-70.6222,2025-12-10,0.04
MA-BA-115,Pocasset 1.0 NNW,41.6994,-70.6222,2025-12-12,0.0
MA-BA-115,Pocasset 1.0 NNW,41.6994,-70.6222,2025-12-13,0.0
MA-BA-115,Pocasset 1.0 NNW,41.6994,-70.6222,2025-12-14,0.03
MA-BA-115,Pocasset 1.0 NNW,41.6994,-70.6222,2025-12-15,0.32
MA-BA-115,Pocasset 1.0 NNW,41.6994,-70.6222,2025-12-16,0.0
MA-BA-115,Pocasset 1.0 NNW,41.6994,-70.6222,2025-12-17,0.0
MA-BA-115,Pocasset 1.0 NNW,41.6994,-70.6222,2025-12-18,0.0
MA-BA-115,Pocasset 1.0 NNW,41.6994,-70.6222,2025-12-19,0.05
MA-BA-115,Pocasset 1.0 NNW,41.6994,-70.6222,2025-12-20,0.41
MA-BA-115,Pocasset 1.0 NNW,41.6994,-70.6222,2025-12-22,0.0
MA-BA-115,Pocasset 1.0 NNW,41.6994,-70.6222,2025-12-23,0.0
MA-BA-115,Pocasset 1.0 NNW,41.6994,-70.6222,2025-12-24,0.12
MA-BA-115,Pocasset 1.0 NNW,41.6994,-70.6222,2025-12-25,0.0
MA-BA-115,Pocasset 1.0 NNW,41.6994,-70.6222,2025-12-26,0.0
MA-BA-115,Pocasset 1.0 NNW,41.6994,-70.6222,2025-12-27,0.04
MA-BA-115,Pocasset 1.0 NNW,41.6994,-70.6222,2025-12-29,0.26
MA-BA-115,Pocasset 1.0 NNW,41.6994,-70.6222,2025-12-30,0.26
MA-BA-115,Pocasset 1.0 NNW,41.6994,-70.6222,2025-12-31,0.0
MA-BA-115,Pocasset 1.0 NNW,41.6994,-70.6222,2026-01-02,0.13
MA-BA-115,Pocasset 1.0 NNW,41.6994,-70.6222,2026-01-05,0.0
MA-BA-115,Pocasset 1.0 NNW,41.6994,-70.6222,2026-01-07,0.0
MA-BA-115,Pocasset 1.0 NNW,41.6994,-70.6222,2026-01-08,0.06
MA-BA-115,Pocasset 1.0 NNW,41.6994,-70.6222,2026-01-09,0.0
MA-BA-115,Pocasset 1.0 NNW,41.6994,-70.6222,2026-01-10,0.08
MA-BA-115,Pocasset 1.0 NNW,41.6994,-70.6222,2026-01-11,0.74
MA-BA-115,Pocasset 1.0 NNW,41.6994,-70.6222,2026-01-12,0.0
MA-BA-115,Pocasset 1.0 NNW,41.6994,-70.6222,2026-01-14,0.0
MA-BA-115,Pocasset 1.0 NNW,41.6994,-70.6222,2026-01-15,0.0
MA-BA-115,Pocasset 1.0 NNW,41.6994,-70.6222,2026-01-16,0.0
MA-BA-115,Pocasset 1.0 NNW,41.6994,-70.6222,2026-01-17,0.0
MA-BA-115,Pocasset 1.0 NNW,41.6994,-70.6222,2026-01-19,0.43
MA-BA-115,Pocasset 1.0 NNW,41.6994,-70.6222,2026-01-20,0.0
MA-BA-115,Pocasset 1.0 NNW,41.6994,-70.6222,2026-01-21,0.0
MA-BA-115,Pocasset 1.0 NNW,41.6994,-70.6222,2026-01-22,0.0
MA-BA-115,Pocasset 1.0 NNW,41.6994,-70.6222,2026-01-23,0.0
MA-BA-115,Pocasset 1.0 NNW,41.6994,-70.6222,2026-01-24,0.0
MA-BA-115,Pocasset 1.0 NNW,41.6994,-70.6222,2026-01-26,1.33
MA-BA-115,Pocasset 1.0 NNW,41.6994,-70.6222,2026-01-27,0.0
MA-BA-115,Pocasset 1.0 NNW,41.6994,-70.6222,2026-01-28,0.0
MA-BA-115,Pocasset 1.0 NNW,41.6994,-70.6222,2026-01-29,0.0
MA-BA-115,Pocasset 1.0 NNW,41.6994,-70.6222,2026-02-01,0.0
MA-BA-115,Pocasset 1.0 NNW,41.6994,-70.6222,2026-02-02,0.0
MA-BA-115,Pocasset 1.0 NNW,41.6994,-70.6222,2026-02-04,0.0
MA-BA-115,Pocasset 1.0 NNW,41.6994,-70.6222,2026-02-05,0.0
MA-BA-115,Pocasset 1.0 NNW,41.6994,-70.6222,2026-02-06,0.0
MA-BA-115,Pocasset 1.0 NNW,41.6994,-70.6222,2026-02-08,0.17
MA-BA-115,Pocasset 1.0 NNW,41.6994,-70.6222,2026-02-09,0.0
MA-BA-115,Pocasset 1.0 NNW,41.6994,-70.6222,2026-02-10,0.0
MA-BA-115,Pocasset 1.0 NNW,41.6994,-70.6222,2026-02-11,0.18
MA-BA-115,Pocasset 1.0 NNW,41.6994,-70.6222,2026-02-12,0.0
MA-BA-115,Pocasset 1.0 NNW,41.6994,-70.6222,2026-02-13,0.0
MA-BA-115,Pocasset 1.0 NNW,41.6994,-70.6222,2026-02-14,0.0
MA-BA-115,Pocasset 1.0 NNW,41.6994,-70.6222,2026-02-16,0.0
MA-BA-115,Pocasset 1.0 NNW,41.6994,-70.6222,2026-02-17,0.0
MA-BA-115,Pocasset 1.0 NNW,41.6994,-70.6222,2026-02-18,0.0
MA-BA-115,Pocasset 1.0 NNW,41.6994,-70.6222,2026-02-19,0.14
MA-BA-115,Pocasset 1.0 NNW,41.6994,-70.6222,2026-02-20,0.0
MA-BA-115,Pocasset 1.0 NNW,41.6994,-70.6222,2026-02-21,0.52
MA-BA-115,Pocasset 1.0 NNW,41.6994,-70.6222,2026-02-22,0.04
MA-BA-115,Pocasset 1.0 NNW,41.6994,-70.6222,2026-02-23,0.41
MA-BA-115,Pocasset 1.0 NNW,41.6994,-70.6222,2026-02-25,0.0
MA-BA-115,Pocasset 1.0 NNW,41.6994,-70.6222,2026-02-26,0.0
MA-BA-115,Pocasset 1.0 NNW,41.6994,-70.6222,2026-02-28,0.0
MA-BA-115,Pocasset 1.0 NNW,41.6994,-70.6222,2026-03-02,0.0
MA-BA-115,Pocasset 1.0 NNW,41.6994,-70.6222,2026-03-03,0.0
MA-BA-115,Pocasset 1.0 NNW,41.6994,-70.6222,2026-03-04,0.61
MA-BA-115,Pocasset 1.0 NNW,41.6994,-70.6222,2026-03-05,0.0
MA-BA-115,Pocasset 1.0 NNW,41.6994,-70.6222,2026-03-06,0.88
MA-BA-115,Pocasset 1.0 NNW,41.6994,-70.6222,2026-03-07,0.08
MA-BA-115,Pocasset 1.0 NNW,41.6994,-70.6222,2026-03-09,0.01
MA-BA-115,Pocasset 1.0 NNW,41.6994,-70.6222,2026-03-10,0.01
MA-BA-115,Pocasset 1.0 NNW,41.6994,-70.6222,2026-03-11,0.0
MA-BA-115,Pocasset 1.0 NNW,41.6994,-70.6222,2026-03-12,0.05
MA-BA-115,Pocasset 1.0 NNW,41.6994,-70.6222,2026-03-13,0.04
MA-BA-115,Pocasset 1.0 NNW,41.6994,-70.6222,2026-03-14,0.01
MA-BA-115,Pocasset 1.0 NNW,41.6994,-70.6222,2026-03-16,0.0
MA-BA-115,Pocasset 1.0 NNW,41.6994,-70.6222,2026-03-17,1.04
MA-BA-115,Pocasset 1.0 NNW,41.6994,-70.6222,2026-03-18,0.0
MA-BA-115,Pocasset 1.0 NNW,41.6994,-70.6222,2026-03-19,0.0
MA-BA-115,Pocasset 1.0 NNW,41.6994,-70.6222,2026-03-20,0.0
MA-BA-115,Pocasset 1.0 NNW,41.6994,-70.6222,2026-03-21,0.23
MA-BA-115,Pocasset 1.0 NNW,41.6994,-70.6222,2026-03-22,0.0
MA-BA-115,Pocasset 1.0 NNW,41.6994,-70.6222,2026-03-23,1.1
MA-BA-115,Pocasset 1.0 NNW,41.6994,-70.6222,2026-03-25,0.0
MA-BA-115,Pocasset 1.0 NNW,41.6994,-70.6222,2026-03-26,0.0
MA-BA-115,Pocasset 1.0 NNW,41.6994,-70.6222,2026-03-28,0.0
MA-BA-115,Pocasset 1.0 NNW,41.6994,-70.6222,2026-03-30,0.0
MA-BA-115,Pocasset 1.0 NNW,41.6994,-70.6222,2026-03-31,0.0
MA-BA-115,Pocasset 1.0 NNW,41.6994,-70.6222,2026-04-01,0.19
MA-BA-115,Pocasset 1.0 NNW,41.6994,-70.6222,2026-04-02,0.67
MA-BA-115,Pocasset 1.0 NNW,41.6994,-70.6222,2026-04-04,0.01
MA-BA-115,Pocasset 1.0 NNW,41.6994,-70.6222,2026-04-05,0.01
MA-BA-115,Pocasset 1.0 NNW,41.6994,-70.6222,2026-04-06,0.15
MA-BA-115,Pocasset 1.0 NNW,41.6994,-70.6222,2026-04-07,0.0
MA-BA-115,Pocasset 1.0 NNW,41.6994,-70.6222,2026-04-08,0.08
MA-BA-115,Pocasset 1.0 NNW,41.6994,-70.6222,2026-04-09,0.0
MA-BA-115,Pocasset 1.0 NNW,41.6994,-70.6222,2026-04-10,0.0
MA-BA-115,Pocasset 1.0 NNW,41.6994,-70.6222,2026-04-12,0.0
MA-BA-115,Pocasset 1.0 NNW,41.6994,-70.6222,2026-04-13,0.03
MA-BA-115,Pocasset 1.0 NNW,41.6994,-70.6222,2026-04-17,0.0
MA-BA-115,Pocasset 1.0 NNW,41.6994,-70.6222,2026-04-18,0.03
MA-BA-115,Pocasset 1.0 NNW,41.6994,-70.6222,2026-04-19,0.01
MA-BA-115,Pocasset 1.0 NNW,41.6994,-70.6222,2026-04-20,0.11
MA-BA-115,Pocasset 1.0 NNW,41.6994,-70.6222,2026-04-21,0.07
MA-BA-115,Pocasset 1.0 NNW,41.6994,-70.6222,2026-04-24,0.0
MA-BA-115,Pocasset 1.0 NNW,41.6994,-70.6222,2026-04-25,0.0
MA-BA-115,Pocasset 1.0 NNW,41.6994,-70.6222,2026-04-26,0.0
MA-BA-115,Pocasset 1.0 NNW,41.6994,-70.6222,2026-04-28,0.01
MA-BA-115,Pocasset 1.0 NNW,41.6994,-70.6222,2026-04-29,0.0
MA-BA-115,Pocasset 1.0 NNW,41.6994,-70.6222,2026-05-01,0.04
MA-BA-115,Pocasset 1.0 NNW,41.6994,-70.6222,2026-05-02,0.01
MA-BA-115,Pocasset 1.0 NNW,41.6994,-70.6222,2026-05-03,0.4
MA-BA-115,Pocasset 1.0 NNW,41.6994,-70.6222,2026-05-06,0.01
MA-BA-115,Pocasset 1.0 NNW,41.6994,-70.6222,2026-05-07,0.53
MA-BA-115,Pocasset 1.0 NNW,41.6994,-70.6222,2026-05-09,0.0
MA-BA-115,Pocasset 1.0 NNW,41.6994,-70.6222,2026-05-10,0.23
MA-BA-115,Pocasset 1.0 NNW,41.6994,-70.6222,2026-05-11,0.06
MA-BA-115,Pocasset 1.0 NNW,41.6994,-70.6222,2026-05-14,0.0
MA-BA-115,Pocasset 1.0 NNW,41.6994,-70.6222,2026-05-15,0.09
MA-BA-115,Pocasset 1.0 NNW,41.6994,-70.6222,2026-05-16,0.01
MA-BA-115,Pocasset 1.0 NNW,41.6994,-70.6222,2026-05-17,0.0
MA-BA-115,Pocasset 1.0 NNW,41.6994,-70.6222,2026-05-18,0.0
MA-BA-115,Pocasset 1.0 NNW,41.6994,-70.6222,2026-05-19,0.0
MA-BA-115,Pocasset 1.0 NNW,41.6994,-70.6222,2026-05-22,0.02
MA-BA-115,Pocasset 1.0 NNW,41.6994,-70.6222,2026-05-23,0.0
MA-BA-115,Pocasset 1.0 NNW,41.6994,-70.6222,2026-05-24,0.03
MA-BA-115,Pocasset 1.0 NNW,41.6994,-70.6222,2026-05-25,0.51
MA-BA-115,Pocasset 1.0 NNW,41.6994,-70.6222,2026-05-26,0.08
MA-BA-115,Pocasset 1.0 NNW,41.6994,-70.6222,2026-05-27,0.03
MA-BA-115,Pocasset 1.0 NNW,41.6994,-70.6222,2026-05-28,0.0
MA-BA-115,Pocasset 1.0 NNW,41.6994,-70.6222,2026-05-29,0.32
MA-BA-115,Pocasset 1.0 NNW,41.6994,-70.6222,2026-05-30,0.37
MA-BA-115,Pocasset 1.0 NNW,41.6994,-70.6222,2026-06-01,0.2
MA-BA-115,Pocasset 1.0 NNW,41.6994,-70.6222,2026-06-02,0.0
MA-BA-115,Pocasset 1.0 NNW,41.6994,-70.6222,2026-06-03,0.02
MA-BA-115,Pocasset 1.0 NNW,41.6994,-70.6222,2026-06-04,0.0
MA-BA-115,Pocasset 1.0 NNW,41.6994,-70.6222,2026-06-05,0.0
MA-BA-115,Pocasset 1.0 NNW,41.6994,-70.6222,2026-06-06,0.0
MA-BA-115,Pocasset 1.0 NNW,41.6994,-70.6222,2026-06-07,0.07
MA-BA-115,Pocasset 1.0 NNW,41.6994,-70.6222,2026-06-08,0.0
MA-BA-115,Pocasset 1.0 NNW,41.6994,-70.6222,2026-06-09,0.0
MA-BA-115,Pocasset 1.0 NNW,41.6994,-70.6222,2026-06-10,0.0
MA-BA-115,Pocasset 1.0 NNW,41.6994,-70.6222,2026-06-11,0.03
MA-BA-115,Pocasset 1.0 NNW,41.6994,-70.6222,2026-06-12,0.35
MA-BA-115,Pocasset 1.0 NNW,41.6994,-70.6222,2026-06-13,0.0
MA-BA-115,Pocasset 1.0 NNW,41.6994,-70.6222,2026-06-15,0.11
MA-BA-115,Pocasset 1.0 NNW,41.6994,-70.6222,2026-06-16,0.0
MA-BA-115,Pocasset 1.0 NNW,41.6994,-70.6222,2026-06-17,0.0
MA-BA-115,Pocasset 1.0 NNW,41.6994,-70.6222,2026-06-18,0.0
MA-BA-115,Pocasset 1.0 NNW,41.6994,-70.6222,2026-06-19,0.0
MA-BA-115,Pocasset 1.0 NNW,41.6994,-70.6222,2026-06-20,0.0
MA-BA-115,Pocasset 1.0 NNW,41.6994,-70.6222,2026-06-21,0.0
MA-BA-115,Pocasset 1.0 NNW,41.6994,-70.6222,2026-06-22,0.01
MA-BA-115,Pocasset 1.0 NNW,41.6994,-70.6222,2026-06-23,0.58
MA-BA-115,Pocasset 1.0 NNW,41.6994,-70.6222,2026-06-24,1.42
MA-BA-115,Pocasset 1.0 NNW,41.6994,-70.6222,2026-06-25,0.0
MA-BA-115,Pocasset 1.0 NNW,41.6994,-70.6222,2026-06-26,0.0
MA-BA-115,Pocasset 1.0 NNW,41.6994,-70.6222,2026-06-27,0.0
MA-BA-115,Pocasset 1.0 NNW,41.6994,-70.6222,2026-06-28,0.02
MA-BA-115,Pocasset 1.0 NNW,41.6994,-70.6222,2026-06-29,0.02
MA-BA-115,Pocasset 1.0 NNW,41.6994,-70.6222,2026-06-30,0.01
MA-BA-115,Pocasset 1.0 NNW,41.6994,-70.6222,2026-07-01,0.0
MA-BA-115,Pocasset 1.0 NNW,41.6994,-70.6222,2026-07-02,0.0
MA-BA-115,Pocasset 1.0 NNW,41.6994,-70.6222,2026-07-03,0.0
MA-BA-115,Pocasset 1.0 NNW,41.6994,-70.6222,2026-07-04,0.0
MA-BA-115,Pocasset 1.0 NNW,41.6994,-70.6222,2026-07-05,0.22
MA-BA-115,Pocasset 1.0 NNW,41.6994,-70.6222,2026-07-06,0.14
MA-BA-115,Pocasset 1.0 NNW,41.6994,-70.6222,2026-07-07,0.93
MA-BA-115,Pocasset 1.0 NNW,41.6994,-70.6222,2026-07-08,1.42
MA-BA-115,Pocasset 1.0 NNW,41.6994,-70.6222,2026-07-09,0.0
MA-BA-115,Pocasset 1.0 NNW,41.6994,-70.6222,2026-07-10,0.0
MA-BA-115,Pocasset 1.0 NNW,41.6994,-70.6222,2026-07-11,0.43
MA-BA-115,Pocasset 1.0 NNW,41.6994,-70.6222,2026-07-12,0.0
MA-BA-115,Pocasset 1.0 NNW,41.6994,-70.6222,2026-07-13,0.0
MA-BA-115,Pocasset 1.0 NNW,41.6994,-70.6222,2026-07-14,0.0
MA-BA-115,Pocasset 1.0 NNW,41.6994,-70.6222,2026-07-15,0.0
MA-BA-115,Pocasset 1.0 NNW,41.6994,-70.6222,2026-07-16,0.0
MA-BA-115,Pocasset 1.0 NNW,41.6994,-70.6222,2026-07-17,0.0
MA-BA-115,Pocasset 1.0 NNW,41.6994,-70.6222,2026-07-18,0.0
MA-BA-115,Pocasset 1.0 NNW,41.6994,-70.6222,2026-07-19,1.26
MA-BA-115,Pocasset 1.0 NNW,41.6994,-70.6222,2026-07-20,0.0
MA-BA-115,Pocasset 1.0 NNW,41.6994,-70.6222,2026-07-21,0.0
MA-BA-115,Pocasset 1.0 NNW,41.6994,-70.6222,2026-07-23,0.0
MA-BA-115,Pocasset 1.0 NNW,41.6994,-70.6222,2026-07-24,0.0
MA-BA-115,Pocasset 1.0 NNW,41.6994,-70.6222,2026-07-25,0.0
MA-BA-115,Pocasset 1.0 NNW,41.6994,-70.6222,2026-07-27,0.0
MA-BA-115,Pocasset 1.0 NNW,41.6994,-70.6222,2026-07-28,0.0
MA-BA-115,Pocasset 1.0 NNW,41.6994,-70.6222,2026-07-29,0.0
MA-BA-115,Pocasset 1.0 NNW,41.6994,-70.6222,2026-07-30,0.36
MA-BA-115,Pocasset 1.0 NNW,41.6994,-70.6222,2026-07-31,0.2
MA-BA-115,Pocasset 1.0 NNW,41.6994,-70.6222,2026-08-01,0.01
MA-BA-115,Pocasset 1.0 NNW,41.6994,-70.6222,2026-08-02,0.0
MA-BA-115,Pocasset 1.0 NNW,41.6994,-70.6222,2026-08-03,0.0
MA-BA-13,Falmouth 0.6 NNW,41.5538,-70.6115,2025-01-01,0.55
MA-BA-13,Falmouth 0.6 NNW,41.5538,-70.6115,2025-01-02,0.17
MA-BA-13,Falmouth 0.6 NNW,41.5538,-70.6115,2025-01-03,0.0
MA-BA-13,Falmouth 0.6 NNW,41.5538,-70.6115,2025-01-04,0.0
MA-BA-13,Falmouth 0.6 NNW,41.5538,-70.6115,2025-01-05,0.0
MA-BA-13,Falmouth 0.6 NNW,41.5538,-70.6115,2025-01-06,0.0
MA-BA-13,Falmouth 0.6 NNW,41.5538,-70.6115,2025-01-07,0.0
MA-BA-13,Falmouth 0.6 NNW,41.5538,-70.6115,2025-01-08,0.0
MA-BA-13,Falmouth 0.6 NNW,41.5538,-70.6115,2025-01-09,0.0
MA-BA-13,Falmouth 0.6 NNW,41.5538,-70.6115,2025-01-10,0.0
MA-BA-13,Falmouth 0.6 NNW,41.5538,-70.6115,2025-01-11,0.01
MA-BA-13,Falmouth 0.6 NNW,41.5538,-70.6115,2025-01-12,0.05
MA-BA-13,Falmouth 0.6 NNW,41.5538,-70.6115,2025-01-13,0.0
MA-BA-13,Falmouth 0.6 NNW,41.5538,-70.6115,2025-01-14,0.0
MA-BA-13,Falmouth 0.6 NNW,41.5538,-70.6115,2025-01-15,0.0
MA-BA-13,Falmouth 0.6 NNW,41.5538,-70.6115,2025-01-16,0.0
MA-BA-13,Falmouth 0.6 NNW,41.5538,-70.6115,2025-01-17,0.01
MA-BA-13,Falmouth 0.6 NNW,41.5538,-70.6115,2025-01-18,0.0
MA-BA-13,Falmouth 0.6 NNW,41.5538,-70.6115,2025-01-19,0.43
MA-BA-13,Falmouth 0.6 NNW,41.5538,-70.6115,2025-01-20,0.44
MA-BA-13,Falmouth 0.6 NNW,41.5538,-70.6115,2025-01-21,0.0
MA-BA-13,Falmouth 0.6 NNW,41.5538,-70.6115,2025-01-22,0.02
MA-BA-13,Falmouth 0.6 NNW,41.5538,-70.6115,2025-01-23,0.0
MA-BA-13,Falmouth 0.6 NNW,41.5538,-70.6115,2025-01-24,0.0
MA-BA-13,Falmouth 0.6 NNW,41.5538,-70.6115,2025-01-25,0.0
MA-BA-13,Falmouth 0.6 NNW,41.5538,-70.6115,2025-01-26,0.0
MA-BA-13,Falmouth 0.6 NNW,41.5538,-70.6115,2025-01-27,0.0
MA-BA-13,Falmouth 0.6 NNW,41.5538,-70.6115,2025-01-28,0.0
MA-BA-13,Falmouth 0.6 NNW,41.5538,-70.6115,2025-01-29,0.0
MA-BA-13,Falmouth 0.6 NNW,41.5538,-70.6115,2025-01-30,0.0
MA-BA-13,Falmouth 0.6 NNW,41.5538,-70.6115,2025-01-31,0.0
MA-BA-13,Falmouth 0.6 NNW,41.5538,-70.6115,2025-02-01,0.67
MA-BA-13,Falmouth 0.6 NNW,41.5538,-70.6115,2025-02-02,0.03
MA-BA-13,Falmouth 0.6 NNW,41.5538,-70.6115,2025-02-03,0.21
MA-BA-13,Falmouth 0.6 NNW,41.5538,-70.6115,2025-02-04,0.0
MA-BA-13,Falmouth 0.6 NNW,41.5538,-70.6115,2025-02-05,0.0
MA-BA-13,Falmouth 0.6 NNW,41.5538,-70.6115,2025-02-06,0.0
MA-BA-13,Falmouth 0.6 NNW,41.5538,-70.6115,2025-02-07,0.21
MA-BA-13,Falmouth 0.6 NNW,41.5538,-70.6115,2025-02-08,0.0
MA-BA-13,Falmouth 0.6 NNW,41.5538,-70.6115,2025-02-09,0.57
MA-BA-13,Falmouth 0.6 NNW,41.5538,-70.6115,2025-02-10,0.0
MA-BA-13,Falmouth 0.6 NNW,41.5538,-70.6115,2025-02-11,0.0
MA-BA-13,Falmouth 0.6 NNW,41.5538,-70.6115,2025-02-12,0.04
MA-BA-13,Falmouth 0.6 NNW,41.5538,-70.6115,2025-02-13,0.2
MA-BA-13,Falmouth 0.6 NNW,41.5538,-70.6115,2025-02-14,0.1
MA-BA-13,Falmouth 0.6 NNW,41.5538,-70.6115,2025-02-15,0.0
MA-BA-13,Falmouth 0.6 NNW,41.5538,-70.6115,2025-02-16,0.75
MA-BA-13,Falmouth 0.6 NNW,41.5538,-70.6115,2025-02-17,0.97
MA-BA-13,Falmouth 0.6 NNW,41.5538,-70.6115,2025-02-18,0.0
MA-BA-13,Falmouth 0.6 NNW,41.5538,-70.6115,2025-02-19,0.0
MA-BA-13,Falmouth 0.6 NNW,41.5538,-70.6115,2025-02-20,0.0
MA-BA-13,Falmouth 0.6 NNW,41.5538,-70.6115,2025-02-21,0.0
MA-BA-13,Falmouth 0.6 NNW,41.5538,-70.6115,2025-02-22,0.0
MA-BA-13,Falmouth 0.6 NNW,41.5538,-70.6115,2025-02-23,0.0
MA-BA-13,Falmouth 0.6 NNW,41.5538,-70.6115,2025-02-24,0.0
MA-BA-13,Falmouth 0.6 NNW,41.5538,-70.6115,2025-02-25,0.0
MA-BA-13,Falmouth 0.6 NNW,41.5538,-70.6115,2025-02-26,0.0
MA-BA-13,Falmouth 0.6 NNW,41.5538,-70.6115,2025-02-27,0.01
MA-BA-13,Falmouth 0.6 NNW,41.5538,-70.6115,2025-02-28,0.05
MA-BA-13,Falmouth 0.6 NNW,41.5538,-70.6115,2025-03-01,0.0
MA-BA-13,Falmouth 0.6 NNW,41.5538,-70.6115,2025-03-02,0.0
MA-BA-13,Falmouth 0.6 NNW,41.5538,-70.6115,2025-03-03,0.0
MA-BA-13,Falmouth 0.6 NNW,41.5538,-70.6115,2025-03-04,0.0
MA-BA-13,Falmouth 0.6 NNW,41.5538,-70.6115,2025-03-05,0.0
MA-BA-13,Falmouth 0.6 NNW,41.5538,-70.6115,2025-03-06,0.82
MA-BA-13,Falmouth 0.6 NNW,41.5538,-70.6115,2025-03-07,0.05
MA-BA-13,Falmouth 0.6 NNW,41.5538,-70.6115,2025-03-08,0.0
MA-BA-13,Falmouth 0.6 NNW,41.5538,-70.6115,2025-03-09,0.0
MA-BA-13,Falmouth 0.6 NNW,41.5538,-70.6115,2025-03-10,0.0
MA-BA-13,Falmouth 0.6 NNW,41.5538,-70.6115,2025-03-11,0.0
MA-BA-13,Falmouth 0.6 NNW,41.5538,-70.6115,2025-03-12,0.0
MA-BA-13,Falmouth 0.6 NNW,41.5538,-70.6115,2025-03-13,0.0
MA-BA-13,Falmouth 0.6 NNW,41.5538,-70.6115,2025-03-14,0.0
MA-BA-13,Falmouth 0.6 NNW,41.5538,-70.6115,2025-03-15,0.0
MA-BA-13,Falmouth 0.6 NNW,41.5538,-70.6115,2025-03-16,0.0
MA-BA-13,Falmouth 0.6 NNW,41.5538,-70.6115,2025-03-17,0.32
MA-BA-13,Falmouth 0.6 NNW,41.5538,-70.6115,2025-03-18,1.99
MA-BA-13,Falmouth 0.6 NNW,41.5538,-70.6115,2025-03-19,0.0
MA-BA-13,Falmouth 0.6 NNW,41.5538,-70.6115,2025-03-20,0.0
MA-BA-13,Falmouth 0.6 NNW,41.5538,-70.6115,2025-03-21,0.42
MA-BA-13,Falmouth 0.6 NNW,41.5538,-70.6115,2025-03-22,0.07
MA-BA-13,Falmouth 0.6 NNW,41.5538,-70.6115,2025-03-23,0.0
MA-BA-13,Falmouth 0.6 NNW,41.5538,-70.6115,2025-03-24,0.0
MA-BA-13,Falmouth 0.6 NNW,41.5538,-70.6115,2025-03-25,0.48
MA-BA-13,Falmouth 0.6 NNW,41.5538,-70.6115,2025-03-26,0.0
MA-BA-13,Falmouth 0.6 NNW,41.5538,-70.6115,2025-03-27,0.0
MA-BA-13,Falmouth 0.6 NNW,41.5538,-70.6115,2025-03-28,0.0
MA-BA-13,Falmouth 0.6 NNW,41.5538,-70.6115,2025-03-29,0.05
MA-BA-13,Falmouth 0.6 NNW,41.5538,-70.6115,2025-03-30,0.08
MA-BA-13,Falmouth 0.6 NNW,41.5538,-70.6115,2025-03-31,0.0
MA-BA-13,Falmouth 0.6 NNW,41.5538,-70.6115,2025-04-01,0.27
MA-BA-13,Falmouth 0.6 NNW,41.5538,-70.6115,2025-04-02,0.0
MA-BA-13,Falmouth 0.6 NNW,41.5538,-70.6115,2025-04-03,0.13
MA-BA-13,Falmouth 0.6 NNW,41.5538,-70.6115,2025-04-04,0.15
MA-BA-13,Falmouth 0.6 NNW,41.5538,-70.6115,2025-04-05,0.0
MA-BA-13,Falmouth 0.6 NNW,41.5538,-70.6115,2025-04-06,0.84
MA-BA-13,Falmouth 0.6 NNW,41.5538,-70.6115,2025-04-07,0.03
MA-BA-13,Falmouth 0.6 NNW,41.5538,-70.6115,2025-04-08,0.59
MA-BA-13,Falmouth 0.6 NNW,41.5538,-70.6115,2025-04-09,0.01
MA-BA-13,Falmouth 0.6 NNW,41.5538,-70.6115,2025-04-10,0.0
MA-BA-13,Falmouth 0.6 NNW,41.5538,-70.6115,2025-04-11,0.06
MA-BA-13,Falmouth 0.6 NNW,41.5538,-70.6115,2025-04-12,0.32
MA-BA-13,Falmouth 0.6 NNW,41.5538,-70.6115,2025-04-13,0.21
MA-BA-13,Falmouth 0.6 NNW,41.5538,-70.6115,2025-04-14,0.6
MA-BA-13,Falmouth 0.6 NNW,41.5538,-70.6115,2025-04-15,0.08
MA-BA-13,Falmouth 0.6 NNW,41.5538,-70.6115,2025-04-16,0.02
MA-BA-13,Falmouth 0.6 NNW,41.5538,-70.6115,2025-04-17,0.0
MA-BA-13,Falmouth 0.6 NNW,41.5538,-70.6115,2025-04-18,0.0
MA-BA-13,Falmouth 0.6 NNW,41.5538,-70.6115,2025-04-19,0.0
MA-BA-13,Falmouth 0.6 NNW,41.5538,-70.6115,2025-04-20,0.0
MA-BA-13,Falmouth 0.6 NNW,41.5538,-70.6115,2025-04-21,0.0
MA-BA-13,Falmouth 0.6 NNW,41.5538,-70.6115,2025-04-22,0.07
MA-BA-13,Falmouth 0.6 NNW,41.5538,-70.6115,2025-04-23,0.0
MA-BA-13,Falmouth 0.6 NNW,41.5538,-70.6115,2025-04-24,0.0
MA-BA-13,Falmouth 0.6 NNW,41.5538,-70.6115,2025-04-25,0.0
MA-BA-13,Falmouth 0.6 NNW,41.5538,-70.6115,2025-04-26,0.0
MA-BA-13,Falmouth 0.6 NNW,41.5538,-70.6115,2025-04-27,1.58
MA-BA-13,Falmouth 0.6 NNW,41.5538,-70.6115,2025-04-28,0.0
MA-BA-13,Falmouth 0.6 NNW,41.5538,-70.6115,2025-04-29,0.0
MA-BA-13,Falmouth 0.6 NNW,41.5538,-70.6115,2025-04-30,0.0
MA-BA-13,Falmouth 0.6 NNW,41.5538,-70.6115,2025-05-01,0.0
MA-BA-13,Falmouth 0.6 NNW,41.5538,-70.6115,2025-05-02,0.57
MA-BA-13,Falmouth 0.6 NNW,41.5538,-70.6115,2025-05-03,0.01
MA-BA-13,Falmouth 0.6 NNW,41.5538,-70.6115,2025-05-04,0.0
MA-BA-13,Falmouth 0.6 NNW,41.5538,-70.6115,2025-05-05,0.15
MA-BA-13,Falmouth 0.6 NNW,41.5538,-70.6115,2025-05-06,0.0
MA-BA-13,Falmouth 0.6 NNW,41.5538,-70.6115,2025-05-07,0.16
MA-BA-13,Falmouth 0.6 NNW,41.5538,-70.6115,2025-05-08,0.0
MA-BA-13,Falmouth 0.6 NNW,41.5538,-70.6115,2025-05-09,0.0
MA-BA-13,Falmouth 0.6 NNW,41.5538,-70.6115,2025-05-10,1.23
MA-BA-13,Falmouth 0.6 NNW,41.5538,-70.6115,2025-05-11,0.01
MA-BA-13,Falmouth 0.6 NNW,41.5538,-70.6115,2025-05-12,0.0
MA-BA-13,Falmouth 0.6 NNW,41.5538,-70.6115,2025-05-13,0.0
MA-BA-13,Falmouth 0.6 NNW,41.5538,-70.6115,2025-05-14,0.0
MA-BA-13,Falmouth 0.6 NNW,41.5538,-70.6115,2025-05-15,0.0
MA-BA-13,Falmouth 0.6 NNW,41.5538,-70.6115,2025-05-16,0.0
MA-BA-13,Falmouth 0.6 NNW,41.5538,-70.6115,2025-05-17,0.0
MA-BA-13,Falmouth 0.6 NNW,41.5538,-70.6115,2025-05-18,0.0
MA-BA-13,Falmouth 0.6 NNW,41.5538,-70.6115,2025-05-19,0.0
MA-BA-13,Falmouth 0.6 NNW,41.5538,-70.6115,2025-05-20,0.0
MA-BA-13,Falmouth 0.6 NNW,41.5538,-70.6115,2025-05-21,0.0
MA-BA-13,Falmouth 0.6 NNW,41.5538,-70.6115,2025-05-22,0.02
MA-BA-13,Falmouth 0.6 NNW,41.5538,-70.6115,2025-05-23,5.3
MA-BA-13,Falmouth 0.6 NNW,41.5538,-70.6115,2025-05-24,0.01
MA-BA-13,Falmouth 0.6 NNW,41.5538,-70.6115,2025-05-25,0.07
MA-BA-13,Falmouth 0.6 NNW,41.5538,-70.6115,2025-05-26,0.0
MA-BA-13,Falmouth 0.6 NNW,41.5538,-70.6115,2025-05-27,0.0
MA-BA-13,Falmouth 0.6 NNW,41.5538,-70.6115,2025-05-28,0.0
MA-BA-13,Falmouth 0.6 NNW,41.5538,-70.6115,2025-05-29,0.17
MA-BA-13,Falmouth 0.6 NNW,41.5538,-70.6115,2025-05-30,0.09
MA-BA-13,Falmouth 0.6 NNW,41.5538,-70.6115,2025-05-31,0.32
MA-BA-13,Falmouth 0.6 NNW,41.5538,-70.6115,2025-06-01,0.0
MA-BA-13,Falmouth 0.6 NNW,41.5538,-70.6115,2025-06-02,0.0
MA-BA-13,Falmouth 0.6 NNW,41.5538,-70.6115,2025-06-03,0.0
MA-BA-13,Falmouth 0.6 NNW,41.5538,-70.6115,2025-06-04,0.0
MA-BA-13,Falmouth 0.6 NNW,41.5538,-70.6115,2025-06-05,0.0
MA-BA-13,Falmouth 0.6 NNW,41.5538,-70.6115,2025-06-06,0.0
MA-BA-13,Falmouth 0.6 NNW,41.5538,-70.6115,2025-06-07,0.0
MA-BA-13,Falmouth 0.6 NNW,41.5538,-70.6115,2025-06-08,0.08
MA-BA-13,Falmouth 0.6 NNW,41.5538,-70.6115,2025-06-09,0.0
MA-BA-13,Falmouth 0.6 NNW,41.5538,-70.6115,2025-06-10,0.1
MA-BA-13,Falmouth 0.6 NNW,41.5538,-70.6115,2025-06-11,0.86
MA-BA-13,Falmouth 0.6 NNW,41.5538,-70.6115,2025-06-12,0.0
MA-BA-13,Falmouth 0.6 NNW,41.5538,-70.6115,2025-06-13,0.0
MA-BA-13,Falmouth 0.6 NNW,41.5538,-70.6115,2025-06-14,0.0
MA-BA-13,Falmouth 0.6 NNW,41.5538,-70.6115,2025-06-15,0.28
MA-BA-13,Falmouth 0.6 NNW,41.5538,-70.6115,2025-06-16,0.0
MA-BA-13,Falmouth 0.6 NNW,41.5538,-70.6115,2025-06-17,0.01
MA-BA-13,Falmouth 0.6 NNW,41.5538,-70.6115,2025-06-18,0.0
MA-BA-13,Falmouth 0.6 NNW,41.5538,-70.6115,2025-06-19,0.0
MA-BA-13,Falmouth 0.6 NNW,41.5538,-70.6115,2025-06-20,0.0
MA-BA-13,Falmouth 0.6 NNW,41.5538,-70.6115,2025-06-21,0.0
MA-BA-13,Falmouth 0.6 NNW,41.5538,-70.6115,2025-06-22,0.0
MA-BA-13,Falmouth 0.6 NNW,41.5538,-70.6115,2025-06-23,0.0
MA-BA-13,Falmouth 0.6 NNW,41.5538,-70.6115,2025-06-24,0.0
MA-BA-13,Falmouth 0.6 NNW,41.5538,-70.6115,2025-06-25,0.0
MA-BA-13,Falmouth 0.6 NNW,41.5538,-70.6115,2025-06-26,0.0
MA-BA-13,Falmouth 0.6 NNW,41.5538,-70.6115,2025-06-27,0.0
MA-BA-13,Falmouth 0.6 NNW,41.5538,-70.6115,2025-06-28,0.0
MA-BA-13,Falmouth 0.6 NNW,41.5538,-70.6115,2025-06-29,0.0
MA-BA-13,Falmouth 0.6 NNW,41.5538,-70.6115,2025-06-30,0.0
MA-BA-13,Falmouth 0.6 NNW,41.5538,-70.6115,2025-07-01,0.05
MA-BA-13,Falmouth 0.6 NNW,41.5538,-70.6115,2025-07-02,0.02
MA-BA-13,Falmouth 0.6 NNW,41.5538,-70.6115,2025-07-03,0.02
MA-BA-13,Falmouth 0.6 NNW,41.5538,-70.6115,2025-07-04,0.01
MA-BA-13,Falmouth 0.6 NNW,41.5538,-70.6115,2025-07-05,0.0
MA-BA-13,Falmouth 0.6 NNW,41.5538,-70.6115,2025-07-06,0.0
MA-BA-13,Falmouth 0.6 NNW,41.5538,-70.6115,2025-07-07,0.0
MA-BA-13,Falmouth 0.6 NNW,41.5538,-70.6115,2025-07-08,0.12
MA-BA-13,Falmouth 0.6 NNW,41.5538,-70.6115,2025-07-09,1.32
MA-BA-13,Falmouth 0.6 NNW,41.5538,-70.6115,2025-07-10,0.2
MA-BA-13,Falmouth 0.6 NNW,41.5538,-70.6115,2025-07-11,0.22
MA-BA-13,Falmouth 0.6 NNW,41.5538,-70.6115,2025-07-12,0.01
MA-BA-13,Falmouth 0.6 NNW,41.5538,-70.6115,2025-07-13,0.0
MA-BA-13,Falmouth 0.6 NNW,41.5538,-70.6115,2025-07-14,0.0
MA-BA-13,Falmouth 0.6 NNW,41.5538,-70.6115,2025-07-15,0.08
MA-BA-13,Falmouth 0.6 NNW,41.5538,-70.6115,2025-07-16,0.01
MA-BA-13,Falmouth 0.6 NNW,41.5538,-70.6115,2025-07-17,0.0
MA-BA-13,Falmouth 0.6 NNW,41.5538,-70.6115,2025-07-18,0.05
MA-BA-13,Falmouth 0.6 NNW,41.5538,-70.6115,2025-07-19,0.0
MA-BA-13,Falmouth 0.6 NNW,41.5538,-70.6115,2025-07-20,0.0
MA-BA-13,Falmouth 0.6 NNW,41.5538,-70.6115,2025-07-21,0.0
MA-BA-13,Falmouth 0.6 NNW,41.5538,-70.6115,2025-07-22,0.0
MA-BA-13,Falmouth 0.6 NNW,41.5538,-70.6115,2025-07-23,0.0
MA-BA-13,Falmouth 0.6 NNW,41.5538,-70.6115,2025-07-24,0.0
MA-BA-13,Falmouth 0.6 NNW,41.5538,-70.6115,2025-07-25,0.0
MA-BA-13,Falmouth 0.6 NNW,41.5538,-70.6115,2025-07-26,0.05
MA-BA-13,Falmouth 0.6 NNW,41.5538,-70.6115,2025-07-27,0.0
MA-BA-13,Falmouth 0.6 NNW,41.5538,-70.6115,2025-07-28,0.0
MA-BA-13,Falmouth 0.6 NNW,41.5538,-70.6115,2025-07-29,0.0
MA-BA-13,Falmouth 0.6 NNW,41.5538,-70.6115,2025-07-30,0.0
MA-BA-13,Falmouth 0.6 NNW,41.5538,-70.6115,2025-07-31,0.0
MA-BA-13,Falmouth 0.6 NNW,41.5538,-70.6115,2025-08-01,0.31
MA-BA-13,Falmouth 0.6 NNW,41.5538,-70.6115,2025-08-02,0.07
MA-BA-13,Falmouth 0.6 NNW,41.5538,-70.6115,2025-08-03,0.0
MA-BA-13,Falmouth 0.6 NNW,41.5538,-70.6115,2025-08-04,0.0
MA-BA-13,Falmouth 0.6 NNW,41.5538,-70.6115,2025-08-05,0.0
MA-BA-13,Falmouth 0.6 NNW,41.5538,-70.6115,2025-08-06,0.0
MA-BA-13,Falmouth 0.6 NNW,41.5538,-70.6115,2025-08-07,0.0
MA-BA-13,Falmouth 0.6 NNW,41.5538,-70.6115,2025-08-08,0.0
MA-BA-13,Falmouth 0.6 NNW,41.5538,-70.6115,2025-08-09,0.0
MA-BA-13,Falmouth 0.6 NNW,41.5538,-70.6115,2025-08-10,0.0
MA-BA-13,Falmouth 0.6 NNW,41.5538,-70.6115,2025-08-11,0.0
MA-BA-13,Falmouth 0.6 NNW,41.5538,-70.6115,2025-08-12,0.0
MA-BA-13,Falmouth 0.6 NNW,41.5538,-70.6115,2025-08-13,0.0
MA-BA-13,Falmouth 0.6 NNW,41.5538,-70.6115,2025-08-14,0.0
MA-BA-13,Falmouth 0.6 NNW,41.5538,-70.6115,2025-08-15,0.0
MA-BA-13,Falmouth 0.6 NNW,41.5538,-70.6115,2025-08-16,0.0
MA-BA-13,Falmouth 0.6 NNW,41.5538,-70.6115,2025-08-17,0.0
MA-BA-13,Falmouth 0.6 NNW,41.5538,-70.6115,2025-08-18,0.0
MA-BA-13,Falmouth 0.6 NNW,41.5538,-70.6115,2025-08-19,0.0
MA-BA-13,Falmouth 0.6 NNW,41.5538,-70.6115,2025-08-20,0.0
MA-BA-13,Falmouth 0.6 NNW,41.5538,-70.6115,2025-08-21,1.54
MA-BA-13,Falmouth 0.6 NNW,41.5538,-70.6115,2025-08-22,0.0
MA-BA-13,Falmouth 0.6 NNW,41.5538,-70.6115,2025-08-23,0.0
MA-BA-13,Falmouth 0.6 NNW,41.5538,-70.6115,2025-08-24,0.0
MA-BA-13,Falmouth 0.6 NNW,41.5538,-70.6115,2025-08-25,0.0
MA-BA-13,Falmouth 0.6 NNW,41.5538,-70.6115,2025-08-26,0.02
MA-BA-13,Falmouth 0.6 NNW,41.5538,-70.6115,2025-08-27,0.0
MA-BA-13,Falmouth 0.6 NNW,41.5538,-70.6115,2025-08-28,0.0
MA-BA-13,Falmouth 0.6 NNW,41.5538,-70.6115,2025-08-29,0.0
MA-BA-13,Falmouth 0.6 NNW,41.5538,-70.6115,2025-08-30,0.22
MA-BA-13,Falmouth 0.6 NNW,41.5538,-70.6115,2025-08-31,0.0
MA-BA-13,Falmouth 0.6 NNW,41.5538,-70.6115,2025-09-01,0.0
MA-BA-13,Falmouth 0.6 NNW,41.5538,-70.6115,2025-09-02,0.0
MA-BA-13,Falmouth 0.6 NNW,41.5538,-70.6115,2025-09-03,0.0
MA-BA-13,Falmouth 0.6 NNW,41.5538,-70.6115,2025-09-04,0.0
MA-BA-13,Falmouth 0.6 NNW,41.5538,-70.6115,2025-09-05,0.0
MA-BA-13,Falmouth 0.6 NNW,41.5538,-70.6115,2025-09-06,0.0
MA-BA-13,Falmouth 0.6 NNW,41.5538,-70.6115,2025-09-07,0.04
MA-BA-13,Falmouth 0.6 NNW,41.5538,-70.6115,2025-09-08,0.56
MA-BA-13,Falmouth 0.6 NNW,41.5538,-70.6115,2025-09-09,0.0
MA-BA-13,Falmouth 0.6 NNW,41.5538,-70.6115,2025-09-10,0.0
MA-BA-13,Falmouth 0.6 NNW,41.5538,-70.6115,2025-09-11,0.0
MA-BA-13,Falmouth 0.6 NNW,41.5538,-70.6115,2025-09-12,0.0
MA-BA-13,Falmouth 0.6 NNW,41.5538,-70.6115,2025-09-13,0.0
MA-BA-13,Falmouth 0.6 NNW,41.5538,-70.6115,2025-09-14,0.0
MA-BA-13,Falmouth 0.6 NNW,41.5538,-70.6115,2025-09-15,0.0
MA-BA-13,Falmouth 0.6 NNW,41.5538,-70.6115,2025-09-16,0.0
MA-BA-13,Falmouth 0.6 NNW,41.5538,-70.6115,2025-09-17,0.0
MA-BA-13,Falmouth 0.6 NNW,41.5538,-70.6115,2025-09-18,0.14
MA-BA-13,Falmouth 0.6 NNW,41.5538,-70.6115,2025-09-19,0.01
MA-BA-13,Falmouth 0.6 NNW,41.5538,-70.6115,2025-09-20,0.0
MA-BA-13,Falmouth 0.6 NNW,41.5538,-70.6115,2025-09-22,0.0
MA-BA-13,Falmouth 0.6 NNW,41.5538,-70.6115,2025-09-23,0.0
MA-BA-13,Falmouth 0.6 NNW,41.5538,-70.6115,2025-09-24,0.0
MA-BA-13,Falmouth 0.6 NNW,41.5538,-70.6115,2025-09-25,1.37
MA-BA-13,Falmouth 0.6 NNW,41.5538,-70.6115,2025-09-26,0.35
MA-BA-13,Falmouth 0.6 NNW,41.5538,-70.6115,2025-09-27,0.0
MA-BA-13,Falmouth 0.6 NNW,41.5538,-70.6115,2025-09-28,0.1
MA-BA-13,Falmouth 0.6 NNW,41.5538,-70.6115,2025-09-29,0.0
MA-BA-13,Falmouth 0.6 NNW,41.5538,-70.6115,2025-09-30,0.0
MA-BA-13,Falmouth 0.6 NNW,41.5538,-70.6115,2025-10-01,0.0
MA-BA-13,Falmouth 0.6 NNW,41.5538,-70.6115,2025-10-02,0.0
MA-BA-13,Falmouth 0.6 NNW,41.5538,-70.6115,2025-10-03,0.0
MA-BA-13,Falmouth 0.6 NNW,41.5538,-70.6115,2025-10-04,0.0
MA-BA-13,Falmouth 0.6 NNW,41.5538,-70.6115,2025-10-05,0.0
MA-BA-13,Falmouth 0.6 NNW,41.5538,-70.6115,2025-10-06,0.0
MA-BA-13,Falmouth 0.6 NNW,41.5538,-70.6115,2025-10-07,0.0
MA-BA-13,Falmouth 0.6 NNW,41.5538,-70.6115,2025-10-08,0.01
MA-BA-13,Falmouth 0.6 NNW,41.5538,-70.6115,2025-10-09,0.97
MA-BA-13,Falmouth 0.6 NNW,41.5538,-70.6115,2025-10-10,0.0
MA-BA-13,Falmouth 0.6 NNW,41.5538,-70.6115,2025-10-11,0.0
MA-BA-13,Falmouth 0.6 NNW,41.5538,-70.6115,2025-10-12,0.0
MA-BA-13,Falmouth 0.6 NNW,41.5538,-70.6115,2025-10-13,2.32
MA-BA-13,Falmouth 0.6 NNW,41.5538,-70.6115,2025-10-14,0.97
MA-BA-13,Falmouth 0.6 NNW,41.5538,-70.6115,2025-10-15,0.32
MA-BA-13,Falmouth 0.6 NNW,41.5538,-70.6115,2025-10-16,0.0
MA-BA-13,Falmouth 0.6 NNW,41.5538,-70.6115,2025-10-17,0.0
MA-BA-13,Falmouth 0.6 NNW,41.5538,-70.6115,2025-10-18,0.0
MA-BA-13,Falmouth 0.6 NNW,41.5538,-70.6115,2025-10-19,0.0
MA-BA-13,Falmouth 0.6 NNW,41.5538,-70.6115,2025-10-20,0.0
MA-BA-13,Falmouth 0.6 NNW,41.5538,-70.6115,2025-10-21,0.67
MA-BA-13,Falmouth 0.6 NNW,41.5538,-70.6115,2025-10-22,0.01
MA-BA-13,Falmouth 0.6 NNW,41.5538,-70.6115,2025-10-23,0.01
MA-BA-13,Falmouth 0.6 NNW,41.5538,-70.6115,2025-10-24,0.0
MA-BA-13,Falmouth 0.6 NNW,41.5538,-70.6115,2025-10-25,0.0
MA-BA-13,Falmouth 0.6 NNW,41.5538,-70.6115,2025-10-26,0.0
MA-BA-13,Falmouth 0.6 NNW,41.5538,-70.6115,2025-10-27,0.0
MA-BA-13,Falmouth 0.6 NNW,41.5538,-70.6115,2025-10-28,0.01
MA-BA-13,Falmouth 0.6 NNW,41.5538,-70.6115,2025-10-29,0.02
MA-BA-13,Falmouth 0.6 NNW,41.5538,-70.6115,2025-10-30,0.05
MA-BA-13,Falmouth 0.6 NNW,41.5538,-70.6115,2025-10-31,1.54
MA-BA-13,Falmouth 0.6 NNW,41.5538,-70.6115,2025-11-01,0.01
MA-BA-13,Falmouth 0.6 NNW,41.5538,-70.6115,2025-11-02,0.0
MA-BA-13,Falmouth 0.6 NNW,41.5538,-70.6115,2025-11-03,0.0
MA-BA-13,Falmouth 0.6 NNW,41.5538,-70.6115,2025-11-04,0.24
MA-BA-13,Falmouth 0.6 NNW,41.5538,-70.6115,2025-11-05,0.0
MA-BA-13,Falmouth 0.6 NNW,41.5538,-70.6115,2025-11-06,0.02
MA-BA-13,Falmouth 0.6 NNW,41.5538,-70.6115,2025-11-07,0.0
MA-BA-13,Falmouth 0.6 NNW,41.5538,-70.6115,2025-11-08,0.17
MA-BA-13,Falmouth 0.6 NNW,41.5538,-70.6115,2025-11-09,0.03
MA-BA-13,Falmouth 0.6 NNW,41.5538,-70.6115,2025-11-10,2.04
MA-BA-13,Falmouth 0.6 NNW,41.5538,-70.6115,2025-11-11,0.33
MA-BA-13,Falmouth 0.6 NNW,41.5538,-70.6115,2025-11-12,0.0
MA-BA-13,Falmouth 0.6 NNW,41.5538,-70.6115,2025-11-13,0.0
MA-BA-13,Falmouth 0.6 NNW,41.5538,-70.6115,2025-11-14,0.01
MA-BA-13,Falmouth 0.6 NNW,41.5538,-70.6115,2025-11-15,0.0
MA-BA-13,Falmouth 0.6 NNW,41.5538,-70.6115,2025-11-16,0.82
MA-BA-13,Falmouth 0.6 NNW,41.5538,-70.6115,2025-11-17,0.0
MA-BA-13,Falmouth 0.6 NNW,41.5538,-70.6115,2025-11-18,0.0
MA-BA-13,Falmouth 0.6 NNW,41.5538,-70.6115,2025-11-19,0.0
MA-BA-13,Falmouth 0.6 NNW,41.5538,-70.6115,2025-11-20,0.0
MA-BA-13,Falmouth 0.6 NNW,41.5538,-70.6115,2025-11-21,0.0
MA-BA-13,Falmouth 0.6 NNW,41.5538,-70.6115,2025-11-22,0.03
MA-BA-13,Falmouth 0.6 NNW,41.5538,-70.6115,2025-11-23,0.16
MA-BA-13,Falmouth 0.6 NNW,41.5538,-70.6115,2025-11-24,0.02
MA-BA-13,Falmouth 0.6 NNW,41.5538,-70.6115,2025-11-25,0.0
MA-BA-13,Falmouth 0.6 NNW,41.5538,-70.6115,2025-11-26,0.23
MA-BA-13,Falmouth 0.6 NNW,41.5538,-70.6115,2025-11-27,0.04
MA-BA-13,Falmouth 0.6 NNW,41.5538,-70.6115,2025-11-28,0.0
MA-BA-13,Falmouth 0.6 NNW,41.5538,-70.6115,2025-11-29,0.0
MA-BA-13,Falmouth 0.6 NNW,41.5538,-70.6115,2025-11-30,0.0
MA-BA-13,Falmouth 0.6 NNW,41.5538,-70.6115,2025-12-01,0.34
MA-BA-13,Falmouth 0.6 NNW,41.5538,-70.6115,2025-12-02,0.0
MA-BA-13,Falmouth 0.6 NNW,41.5538,-70.6115,2025-12-03,0.97
MA-BA-13,Falmouth 0.6 NNW,41.5538,-70.6115,2025-12-04,0.0
MA-BA-13,Falmouth 0.6 NNW,41.5538,-70.6115,2025-12-05,0.0
MA-BA-13,Falmouth 0.6 NNW,41.5538,-70.6115,2025-12-06,0.0
MA-BA-13,Falmouth 0.6 NNW,41.5538,-70.6115,2025-12-07,0.03
MA-BA-13,Falmouth 0.6 NNW,41.5538,-70.6115,2025-12-08,0.0
MA-BA-13,Falmouth 0.6 NNW,41.5538,-70.6115,2025-12-09,0.0
MA-BA-13,Falmouth 0.6 NNW,41.5538,-70.6115,2025-12-10,0.04
MA-BA-13,Falmouth 0.6 NNW,41.5538,-70.6115,2025-12-11,0.01
MA-BA-13,Falmouth 0.6 NNW,41.5538,-70.6115,2025-12-12,0.0
MA-BA-13,Falmouth 0.6 NNW,41.5538,-70.6115,2025-12-13,0.0
MA-BA-13,Falmouth 0.6 NNW,41.5538,-70.6115,2025-12-14,0.2
MA-BA-13,Falmouth 0.6 NNW,41.5538,-70.6115,2025-12-15,0.11
MA-BA-13,Falmouth 0.6 NNW,41.5538,-70.6115,2025-12-16,0.0
MA-BA-13,Falmouth 0.6 NNW,41.5538,-70.6115,2025-12-17,0.0
MA-BA-13,Falmouth 0.6 NNW,41.5538,-70.6115,2025-12-18,0.0
MA-BA-13,Falmouth 0.6 NNW,41.5538,-70.6115,2025-12-19,0.09
MA-BA-13,Falmouth 0.6 NNW,41.5538,-70.6115,2025-12-20,0.33
MA-BA-13,Falmouth 0.6 NNW,41.5538,-70.6115,2025-12-21,0.0
MA-BA-13,Falmouth 0.6 NNW,41.5538,-70.6115,2025-12-22,0.0
MA-BA-13,Falmouth 0.6 NNW,41.5538,-70.6115,2025-12-23,0.0
MA-BA-13,Falmouth 0.6 NNW,41.5538,-70.6115,2025-12-24,0.13
MA-BA-13,Falmouth 0.6 NNW,41.5538,-70.6115,2025-12-25,0.0
MA-BA-13,Falmouth 0.6 NNW,41.5538,-70.6115,2025-12-26,0.0
MA-BA-13,Falmouth 0.6 NNW,41.5538,-70.6115,2025-12-27,0.22
MA-BA-13,Falmouth 0.6 NNW,41.5538,-70.6115,2025-12-28,0.0
MA-BA-13,Falmouth 0.6 NNW,41.5538,-70.6115,2025-12-29,0.26
MA-BA-13,Falmouth 0.6 NNW,41.5538,-70.6115,2025-12-30,0.24
MA-BA-13,Falmouth 0.6 NNW,41.5538,-70.6115,2025-12-31,0.0
MA-BA-13,Falmouth 0.6 NNW,41.5538,-70.6115,2026-01-01,0.23
MA-BA-13,Falmouth 0.6 NNW,41.5538,-70.6115,2026-01-02,0.02
MA-BA-13,Falmouth 0.6 NNW,41.5538,-70.6115,2026-01-03,0.0
MA-BA-13,Falmouth 0.6 NNW,41.5538,-70.6115,2026-01-04,0.0
MA-BA-13,Falmouth 0.6 NNW,41.5538,-70.6115,2026-01-05,0.0
MA-BA-13,Falmouth 0.6 NNW,41.5538,-70.6115,2026-01-06,0.04
MA-BA-13,Falmouth 0.6 NNW,41.5538,-70.6115,2026-01-07,0.02
MA-BA-13,Falmouth 0.6 NNW,41.5538,-70.6115,2026-01-08,0.01
MA-BA-13,Falmouth 0.6 NNW,41.5538,-70.6115,2026-01-09,0.0
MA-BA-13,Falmouth 0.6 NNW,41.5538,-70.6115,2026-01-10,0.06
MA-BA-13,Falmouth 0.6 NNW,41.5538,-70.6115,2026-01-11,1.07
MA-BA-13,Falmouth 0.6 NNW,41.5538,-70.6115,2026-01-12,0.02
MA-BA-13,Falmouth 0.6 NNW,41.5538,-70.6115,2026-01-13,0.0
MA-BA-13,Falmouth 0.6 NNW,41.5538,-70.6115,2026-01-14,0.0
MA-BA-13,Falmouth 0.6 NNW,41.5538,-70.6115,2026-01-15,0.0
MA-BA-13,Falmouth 0.6 NNW,41.5538,-70.6115,2026-01-16,0.0
MA-BA-13,Falmouth 0.6 NNW,41.5538,-70.6115,2026-01-17,0.0
MA-BA-13,Falmouth 0.6 NNW,41.5538,-70.6115,2026-01-18,0.0
MA-BA-13,Falmouth 0.6 NNW,41.5538,-70.6115,2026-01-19,0.8
MA-BA-13,Falmouth 0.6 NNW,41.5538,-70.6115,2026-01-20,0.0
MA-BA-13,Falmouth 0.6 NNW,41.5538,-70.6115,2026-01-21,0.0
MA-BA-13,Falmouth 0.6 NNW,41.5538,-70.6115,2026-01-22,0.0
MA-BA-13,Falmouth 0.6 NNW,41.5538,-70.6115,2026-01-23,0.0
MA-BA-13,Falmouth 0.6 NNW,41.5538,-70.6115,2026-01-24,0.0
MA-BA-13,Falmouth 0.6 NNW,41.5538,-70.6115,2026-01-25,0.0
MA-BA-13,Falmouth 0.6 NNW,41.5538,-70.6115,2026-01-26,1.51
MA-BA-13,Falmouth 0.6 NNW,41.5538,-70.6115,2026-01-27,0.07
MA-BA-13,Falmouth 0.6 NNW,41.5538,-70.6115,2026-01-28,0.0
MA-BA-13,Falmouth 0.6 NNW,41.5538,-70.6115,2026-01-29,0.0
MA-BA-13,Falmouth 0.6 NNW,41.5538,-70.6115,2026-01-30,0.0
MA-BA-13,Falmouth 0.6 NNW,41.5538,-70.6115,2026-01-31,0.0
MA-BA-13,Falmouth 0.6 NNW,41.5538,-70.6115,2026-02-01,0.0
MA-BA-13,Falmouth 0.6 NNW,41.5538,-70.6115,2026-02-02,0.01
MA-BA-13,Falmouth 0.6 NNW,41.5538,-70.6115,2026-02-03,0.0
MA-BA-13,Falmouth 0.6 NNW,41.5538,-70.6115,2026-02-04,0.0
MA-BA-13,Falmouth 0.6 NNW,41.5538,-70.6115,2026-02-05,0.0
MA-BA-13,Falmouth 0.6 NNW,41.5538,-70.6115,2026-02-06,0.0
MA-BA-13,Falmouth 0.6 NNW,41.5538,-70.6115,2026-02-07,0.04
MA-BA-13,Falmouth 0.6 NNW,41.5538,-70.6115,2026-02-08,0.12
MA-BA-13,Falmouth 0.6 NNW,41.5538,-70.6115,2026-02-09,0.0
MA-BA-13,Falmouth 0.6 NNW,41.5538,-70.6115,2026-02-10,0.0
MA-BA-13,Falmouth 0.6 NNW,41.5538,-70.6115,2026-02-11,0.17
MA-BA-13,Falmouth 0.6 NNW,41.5538,-70.6115,2026-02-12,0.0
MA-BA-13,Falmouth 0.6 NNW,41.5538,-70.6115,2026-02-13,0.0
MA-BA-13,Falmouth 0.6 NNW,41.5538,-70.6115,2026-02-14,0.0
MA-BA-13,Falmouth 0.6 NNW,41.5538,-70.6115,2026-02-15,0.0
MA-BA-13,Falmouth 0.6 NNW,41.5538,-70.6115,2026-02-16,0.0
MA-BA-13,Falmouth 0.6 NNW,41.5538,-70.6115,2026-02-17,0.0
MA-BA-13,Falmouth 0.6 NNW,41.5538,-70.6115,2026-02-18,0.0
MA-BA-13,Falmouth 0.6 NNW,41.5538,-70.6115,2026-02-19,0.19
MA-BA-13,Falmouth 0.6 NNW,41.5538,-70.6115,2026-02-20,0.0
MA-BA-13,Falmouth 0.6 NNW,41.5538,-70.6115,2026-02-21,0.62
MA-BA-13,Falmouth 0.6 NNW,41.5538,-70.6115,2026-02-22,0.0
MA-BA-13,Falmouth 0.6 NNW,41.5538,-70.6115,2026-02-23,1.72
MA-BA-13,Falmouth 0.6 NNW,41.5538,-70.6115,2026-02-24,1.65
MA-BA-13,Falmouth 0.6 NNW,41.5538,-70.6115,2026-02-25,0.0
MA-BA-13,Falmouth 0.6 NNW,41.5538,-70.6115,2026-02-26,0.05
MA-BA-13,Falmouth 0.6 NNW,41.5538,-70.6115,2026-02-27,0.0
MA-BA-13,Falmouth 0.6 NNW,41.5538,-70.6115,2026-02-28,0.0
MA-BA-13,Falmouth 0.6 NNW,41.5538,-70.6115,2026-03-01,0.0
MA-BA-13,Falmouth 0.6 NNW,41.5538,-70.6115,2026-03-02,0.0
MA-BA-13,Falmouth 0.6 NNW,41.5538,-70.6115,2026-03-03,0.0
MA-BA-13,Falmouth 0.6 NNW,41.5538,-70.6115,2026-03-04,0.69
MA-BA-13,Falmouth 0.6 NNW,41.5538,-70.6115,2026-03-05,0.0
MA-BA-13,Falmouth 0.6 NNW,41.5538,-70.6115,2026-03-06,1.12
MA-BA-13,Falmouth 0.6 NNW,41.5538,-70.6115,2026-03-07,0.11
MA-BA-13,Falmouth 0.6 NNW,41.5538,-70.6115,2026-03-08,0.0
MA-BA-13,Falmouth 0.6 NNW,41.5538,-70.6115,2026-03-09,0.0
MA-BA-13,Falmouth 0.6 NNW,41.5538,-70.6115,2026-03-10,0.0
MA-BA-13,Falmouth 0.6 NNW,41.5538,-70.6115,2026-03-11,0.0
MA-BA-13,Falmouth 0.6 NNW,41.5538,-70.6115,2026-03-12,0.0
MA-BA-13,Falmouth 0.6 NNW,41.5538,-70.6115,2026-03-13,0.08
MA-BA-13,Falmouth 0.6 NNW,41.5538,-70.6115,2026-03-14,0.0
MA-BA-13,Falmouth 0.6 NNW,41.5538,-70.6115,2026-03-15,0.0
MA-BA-13,Falmouth 0.6 NNW,41.5538,-70.6115,2026-03-16,0.02
MA-BA-13,Falmouth 0.6 NNW,41.5538,-70.6115,2026-03-17,0.94
MA-BA-13,Falmouth 0.6 NNW,41.5538,-70.6115,2026-03-18,0.0
MA-BA-13,Falmouth 0.6 NNW,41.5538,-70.6115,2026-03-19,0.0
MA-BA-13,Falmouth 0.6 NNW,41.5538,-70.6115,2026-03-20,0.0
MA-BA-13,Falmouth 0.6 NNW,41.5538,-70.6115,2026-03-21,0.23
MA-BA-13,Falmouth 0.6 NNW,41.5538,-70.6115,2026-03-22,0.0
MA-BA-13,Falmouth 0.6 NNW,41.5538,-70.6115,2026-03-23,0.98
MA-BA-13,Falmouth 0.6 NNW,41.5538,-70.6115,2026-03-24,0.28
MA-BA-13,Falmouth 0.6 NNW,41.5538,-70.6115,2026-03-25,0.0
MA-BA-13,Falmouth 0.6 NNW,41.5538,-70.6115,2026-03-26,0.0
MA-BA-13,Falmouth 0.6 NNW,41.5538,-70.6115,2026-03-27,0.11
MA-BA-13,Falmouth 0.6 NNW,41.5538,-70.6115,2026-03-28,0.0
MA-BA-13,Falmouth 0.6 NNW,41.5538,-70.6115,2026-03-29,0.0
MA-BA-13,Falmouth 0.6 NNW,41.5538,-70.6115,2026-03-30,0.0
MA-BA-13,Falmouth 0.6 NNW,41.5538,-70.6115,2026-03-31,0.0
MA-BA-13,Falmouth 0.6 NNW,41.5538,-70.6115,2026-04-01,0.01
MA-BA-13,Falmouth 0.6 NNW,41.5538,-70.6115,2026-04-02,0.56
MA-BA-13,Falmouth 0.6 NNW,41.5538,-70.6115,2026-04-03,0.19
MA-BA-13,Falmouth 0.6 NNW,41.5538,-70.6115,2026-04-04,0.01
MA-BA-13,Falmouth 0.6 NNW,41.5538,-70.6115,2026-04-05,0.0
MA-BA-13,Falmouth 0.6 NNW,41.5538,-70.6115,2026-04-06,0.22
MA-BA-13,Falmouth 0.6 NNW,41.5538,-70.6115,2026-04-07,0.0
MA-BA-13,Falmouth 0.6 NNW,41.5538,-70.6115,2026-04-08,0.02
MA-BA-13,Falmouth 0.6 NNW,41.5538,-70.6115,2026-04-09,0.0
MA-BA-13,Falmouth 0.6 NNW,41.5538,-70.6115,2026-04-10,0.0
MA-BA-13,Falmouth 0.6 NNW,41.5538,-70.6115,2026-04-11,0.0
MA-BA-13,Falmouth 0.6 NNW,41.5538,-70.6115,2026-04-12,0.0
MA-BA-13,Falmouth 0.6 NNW,41.5538,-70.6115,2026-04-13,0.03
MA-BA-13,Falmouth 0.6 NNW,41.5538,-70.6115,2026-04-14,0.0
MA-BA-13,Falmouth 0.6 NNW,41.5538,-70.6115,2026-04-15,0.0
MA-BA-13,Falmouth 0.6 NNW,41.5538,-70.6115,2026-04-16,0.02
MA-BA-13,Falmouth 0.6 NNW,41.5538,-70.6115,2026-04-17,0.0
MA-BA-13,Falmouth 0.6 NNW,41.5538,-70.6115,2026-04-18,0.02
MA-BA-13,Falmouth 0.6 NNW,41.5538,-70.6115,2026-04-19,0.01
MA-BA-13,Falmouth 0.6 NNW,41.5538,-70.6115,2026-04-20,0.08
MA-BA-13,Falmouth 0.6 NNW,41.5538,-70.6115,2026-04-21,0.16
MA-BA-13,Falmouth 0.6 NNW,41.5538,-70.6115,2026-04-22,0.0
MA-BA-13,Falmouth 0.6 NNW,41.5538,-70.6115,2026-04-23,0.0
MA-BA-13,Falmouth 0.6 NNW,41.5538,-70.6115,2026-04-24,0.0
MA-BA-13,Falmouth 0.6 NNW,41.5538,-70.6115,2026-04-25,0.0
MA-BA-13,Falmouth 0.6 NNW,41.5538,-70.6115,2026-04-26,0.07
MA-BA-13,Falmouth 0.6 NNW,41.5538,-70.6115,2026-04-27,0.01
MA-BA-13,Falmouth 0.6 NNW,41.5538,-70.6115,2026-04-28,0.0
MA-BA-13,Falmouth 0.6 NNW,41.5538,-70.6115,2026-04-29,0.0
MA-BA-13,Falmouth 0.6 NNW,41.5538,-70.6115,2026-04-30,0.02
MA-BA-13,Falmouth 0.6 NNW,41.5538,-70.6115,2026-05-01,0.0
MA-BA-13,Falmouth 0.6 NNW,41.5538,-70.6115,2026-05-02,0.0
MA-BA-13,Falmouth 0.6 NNW,41.5538,-70.6115,2026-05-03,0.57
MA-BA-13,Falmouth 0.6 NNW,41.5538,-70.6115,2026-05-04,0.0
MA-BA-13,Falmouth 0.6 NNW,41.5538,-70.6115,2026-05-05,0.0
MA-BA-13,Falmouth 0.6 NNW,41.5538,-70.6115,2026-05-06,0.0
MA-BA-13,Falmouth 0.6 NNW,41.5538,-70.6115,2026-05-07,0.38
MA-BA-13,Falmouth 0.6 NNW,41.5538,-70.6115,2026-05-08,0.02
MA-BA-13,Falmouth 0.6 NNW,41.5538,-70.6115,2026-05-09,0.02
MA-BA-13,Falmouth 0.6 NNW,41.5538,-70.6115,2026-05-10,0.14
MA-BA-13,Falmouth 0.6 NNW,41.5538,-70.6115,2026-05-11,0.27
MA-BA-13,Falmouth 0.6 NNW,41.5538,-70.6115,2026-05-12,0.0
MA-BA-13,Falmouth 0.6 NNW,41.5538,-70.6115,2026-05-13,0.0
MA-BA-13,Falmouth 0.6 NNW,41.5538,-70.6115,2026-05-14,0.0
MA-BA-13,Falmouth 0.6 NNW,41.5538,-70.6115,2026-05-15,0.11
MA-BA-13,Falmouth 0.6 NNW,41.5538,-70.6115,2026-05-16,0.0
MA-BA-13,Falmouth 0.6 NNW,41.5538,-70.6115,2026-05-17,0.0
MA-BA-13,Falmouth 0.6 NNW,41.5538,-70.6115,2026-05-18,0.0
MA-BA-13,Falmouth 0.6 NNW,41.5538,-70.6115,2026-05-19,0.0
MA-BA-13,Falmouth 0.6 NNW,41.5538,-70.6115,2026-05-20,0.0
MA-BA-13,Falmouth 0.6 NNW,41.5538,-70.6115,2026-05-21,0.26
MA-BA-13,Falmouth 0.6 NNW,41.5538,-70.6115,2026-05-22,0.0
MA-BA-13,Falmouth 0.6 NNW,41.5538,-70.6115,2026-05-23,0.0
MA-BA-13,Falmouth 0.6 NNW,41.5538,-70.6115,2026-05-24,0.1
MA-BA-13,Falmouth 0.6 NNW,41.5538,-70.6115,2026-05-25,0.85
MA-BA-13,Falmouth 0.6 NNW,41.5538,-70.6115,2026-05-26,0.15
MA-BA-13,Falmouth 0.6 NNW,41.5538,-70.6115,2026-05-27,0.0
MA-BA-13,Falmouth 0.6 NNW,41.5538,-70.6115,2026-05-28,0.0
MA-BA-13,Falmouth 0.6 NNW,41.5538,-70.6115,2026-05-29,0.15
MA-BA-13,Falmouth 0.6 NNW,41.5538,-70.6115,2026-05-30,0.1
MA-BA-13,Falmouth 0.6 NNW,41.5538,-70.6115,2026-05-31,0.2
MA-BA-13,Falmouth 0.6 NNW,41.5538,-70.6115,2026-06-01,0.11
MA-BA-13,Falmouth 0.6 NNW,41.5538,-70.6115,2026-06-02,0.0
MA-BA-13,Falmouth 0.6 NNW,41.5538,-70.6115,2026-06-03,0.0
MA-BA-13,Falmouth 0.6 NNW,41.5538,-70.6115,2026-06-04,0.0
MA-BA-13,Falmouth 0.6 NNW,41.5538,-70.6115,2026-06-05,0.0
MA-BA-13,Falmouth 0.6 NNW,41.5538,-70.6115,2026-06-06,0.0
MA-BA-13,Falmouth 0.6 NNW,41.5538,-70.6115,2026-06-07,0.03
MA-BA-13,Falmouth 0.6 NNW,41.5538,-70.6115,2026-06-08,0.0
MA-BA-13,Falmouth 0.6 NNW,41.5538,-70.6115,2026-06-09,0.0
MA-BA-13,Falmouth 0.6 NNW,41.5538,-70.6115,2026-06-10,0.0
MA-BA-13,Falmouth 0.6 NNW,41.5538,-70.6115,2026-06-11,0.33
MA-BA-13,Falmouth 0.6 NNW,41.5538,-70.6115,2026-06-12,0.03
MA-BA-13,Falmouth 0.6 NNW,41.5538,-70.6115,2026-06-13,0.0
MA-BA-13,Falmouth 0.6 NNW,41.5538,-70.6115,2026-06-14,0.0
MA-BA-13,Falmouth 0.6 NNW,41.5538,-70.6115,2026-06-15,0.14
MA-BA-13,Falmouth 0.6 NNW,41.5538,-70.6115,2026-06-16,0.0
MA-BA-13,Falmouth 0.6 NNW,41.5538,-70.6115,2026-06-17,0.0
MA-BA-13,Falmouth 0.6 NNW,41.5538,-70.6115,2026-06-18,0.0
MA-BA-13,Falmouth 0.6 NNW,41.5538,-70.6115,2026-06-19,0.0
MA-BA-13,Falmouth 0.6 NNW,41.5538,-70.6115,2026-06-20,0.0
MA-BA-13,Falmouth 0.6 NNW,41.5538,-70.6115,2026-06-21,0.0
MA-BA-13,Falmouth 0.6 NNW,41.5538,-70.6115,2026-06-22,0.0
MA-BA-13,Falmouth 0.6 NNW,41.5538,-70.6115,2026-06-23,0.67
MA-BA-13,Falmouth 0.6 NNW,41.5538,-70.6115,2026-06-24,0.2
MA-BA-13,Falmouth 0.6 NNW,41.5538,-70.6115,2026-06-25,0.0
MA-BA-13,Falmouth 0.6 NNW,41.5538,-70.6115,2026-06-26,0.0
MA-BA-13,Falmouth 0.6 NNW,41.5538,-70.6115,2026-06-27,0.02
MA-BA-13,Falmouth 0.6 NNW,41.5538,-70.6115,2026-06-28,0.02
MA-BA-13,Falmouth 0.6 NNW,41.5538,-70.6115,2026-06-29,0.0
MA-BA-13,Falmouth 0.6 NNW,41.5538,-70.6115,2026-06-30,0.0
MA-BA-13,Falmouth 0.6 NNW,41.5538,-70.6115,2026-07-01,0.0
MA-BA-13,Falmouth 0.6 NNW,41.5538,-70.6115,2026-07-02,0.0
MA-BA-13,Falmouth 0.6 NNW,41.5538,-70.6115,2026-07-03,0.0
MA-BA-13,Falmouth 0.6 NNW,41.5538,-70.6115,2026-07-04,0.0
MA-BA-13,Falmouth 0.6 NNW,41.5538,-70.6115,2026-07-05,0.68
MA-BA-13,Falmouth 0.6 NNW,41.5538,-70.6115,2026-07-06,0.34
MA-BA-13,Falmouth 0.6 NNW,41.5538,-70.6115,2026-07-07,1.2
MA-BA-13,Falmouth 0.6 NNW,41.5538,-70.6115,2026-07-08,4.39
MA-BA-13,Falmouth 0.6 NNW,41.5538,-70.6115,2026-07-09,0.0
MA-BA-13,Falmouth 0.6 NNW,41.5538,-70.6115,2026-07-10,0.0
MA-BA-13,Falmouth 0.6 NNW,41.5538,-70.6115,2026-07-11,0.22
MA-BA-13,Falmouth 0.6 NNW,41.5538,-70.6115,2026-07-12,0.0
MA-BA-13,Falmouth 0.6 NNW,41.5538,-70.6115,2026-07-13,0.0
MA-BA-13,Falmouth 0.6 NNW,41.5538,-70.6115,2026-07-14,0.0
MA-BA-13,Falmouth 0.6 NNW,41.5538,-70.6115,2026-07-15,0.0
MA-BA-13,Falmouth 0.6 NNW,41.5538,-70.6115,2026-07-16,0.0
MA-BA-13,Falmouth 0.6 NNW,41.5538,-70.6115,2026-07-17,0.0
MA-BA-13,Falmouth 0.6 NNW,41.5538,-70.6115,2026-07-18,0.0
MA-BA-13,Falmouth 0.6 NNW,41.5538,-70.6115,2026-07-19,2.18
MA-BA-13,Falmouth 0.6 NNW,41.5538,-70.6115,2026-07-20,0.0
MA-BA-13,Falmouth 0.6 NNW,41.5538,-70.6115,2026-07-21,0.0
MA-BA-13,Falmouth 0.6 NNW,41.5538,-70.6115,2026-07-22,2.21
MA-BA-13,Falmouth 0.6 NNW,41.5538,-70.6115,2026-07-23,0.01
MA-BA-13,Falmouth 0.6 NNW,41.5538,-70.6115,2026-07-24,0.0
MA-BA-13,Falmouth 0.6 NNW,41.5538,-70.6115,2026-07-25,0.0
MA-BA-13,Falmouth 0.6 NNW,41.5538,-70.6115,2026-07-26,0.0
MA-BA-13,Falmouth 0.6 NNW,41.5538,-70.6115,2026-07-27,0.0
MA-BA-13,Falmouth 0.6 NNW,41.5538,-70.6115,2026-07-28,0.0
MA-BA-13,Falmouth 0.6 NNW,41.5538,-70.6115,2026-07-29,0.0
MA-BA-13,Falmouth 0.6 NNW,41.5538,-70.6115,2026-07-30,0.24
MA-BA-13,Falmouth 0.6 NNW,41.5538,-70.6115,2026-07-31,0.5
MA-BA-13,Falmouth 0.6 NNW,41.5538,-70.6115,2026-08-01,0.03
MA-BA-13,Falmouth 0.6 NNW,41.5538,-70.6115,2026-08-02,0.0
MA-BA-13,Falmouth 0.6 NNW,41.5538,-70.6115,2026-08-03,0.02
MA-BA-2,Falmouth 3.1 NNW,41.5871,-70.6321,2025-01-01,0.56
MA-BA-2,Falmouth 3.1 NNW,41.5871,-70.6321,2025-01-02,0.12
MA-BA-2,Falmouth 3.1 NNW,41.5871,-70.6321,2025-01-03,0.0
MA-BA-2,Falmouth 3.1 NNW,41.5871,-70.6321,2025-01-04,0.0
MA-BA-2,Falmouth 3.1 NNW,41.5871,-70.6321,2025-01-05,0.0
MA-BA-2,Falmouth 3.1 NNW,41.5871,-70.6321,2025-01-06,0.0
MA-BA-2,Falmouth 3.1 NNW,41.5871,-70.6321,2025-01-07,0.0
MA-BA-2,Falmouth 3.1 NNW,41.5871,-70.6321,2025-01-08,0.0
MA-BA-2,Falmouth 3.1 NNW,41.5871,-70.6321,2025-01-09,0.0
MA-BA-2,Falmouth 3.1 NNW,41.5871,-70.6321,2025-01-10,0.0
MA-BA-2,Falmouth 3.1 NNW,41.5871,-70.6321,2025-01-11,0.0
MA-BA-2,Falmouth 3.1 NNW,41.5871,-70.6321,2025-01-12,0.1
MA-BA-2,Falmouth 3.1 NNW,41.5871,-70.6321,2025-01-13,0.0
MA-BA-2,Falmouth 3.1 NNW,41.5871,-70.6321,2025-01-14,0.0
MA-BA-2,Falmouth 3.1 NNW,41.5871,-70.6321,2025-01-15,0.0
MA-BA-2,Falmouth 3.1 NNW,41.5871,-70.6321,2025-01-16,0.0
MA-BA-2,Falmouth 3.1 NNW,41.5871,-70.6321,2025-01-17,0.01
MA-BA-2,Falmouth 3.1 NNW,41.5871,-70.6321,2025-01-18,0.0
MA-BA-2,Falmouth 3.1 NNW,41.5871,-70.6321,2025-01-19,0.51
MA-BA-2,Falmouth 3.1 NNW,41.5871,-70.6321,2025-01-20,0.41
MA-BA-2,Falmouth 3.1 NNW,41.5871,-70.6321,2025-01-21,0.0
MA-BA-2,Falmouth 3.1 NNW,41.5871,-70.6321,2025-01-22,0.01
MA-BA-2,Falmouth 3.1 NNW,41.5871,-70.6321,2025-01-23,0.0
MA-BA-2,Falmouth 3.1 NNW,41.5871,-70.6321,2025-01-24,0.0
MA-BA-2,Falmouth 3.1 NNW,41.5871,-70.6321,2025-01-25,0.0
MA-BA-2,Falmouth 3.1 NNW,41.5871,-70.6321,2025-01-26,0.0
MA-BA-2,Falmouth 3.1 NNW,41.5871,-70.6321,2025-01-27,0.0
MA-BA-2,Falmouth 3.1 NNW,41.5871,-70.6321,2025-01-28,0.0
MA-BA-2,Falmouth 3.1 NNW,41.5871,-70.6321,2025-01-29,0.0
MA-BA-2,Falmouth 3.1 NNW,41.5871,-70.6321,2025-01-30,0.0
MA-BA-2,Falmouth 3.1 NNW,41.5871,-70.6321,2025-01-31,0.0
MA-BA-2,Falmouth 3.1 NNW,41.5871,-70.6321,2025-02-01,0.71
MA-BA-2,Falmouth 3.1 NNW,41.5871,-70.6321,2025-02-02,0.05
MA-BA-2,Falmouth 3.1 NNW,41.5871,-70.6321,2025-02-03,0.16
MA-BA-2,Falmouth 3.1 NNW,41.5871,-70.6321,2025-02-04,0.0
MA-BA-2,Falmouth 3.1 NNW,41.5871,-70.6321,2025-02-05,0.0
MA-BA-2,Falmouth 3.1 NNW,41.5871,-70.6321,2025-02-06,0.0
MA-BA-2,Falmouth 3.1 NNW,41.5871,-70.6321,2025-02-07,0.26
MA-BA-2,Falmouth 3.1 NNW,41.5871,-70.6321,2025-02-08,0.0
MA-BA-2,Falmouth 3.1 NNW,41.5871,-70.6321,2025-02-09,0.51
MA-BA-2,Falmouth 3.1 NNW,41.5871,-70.6321,2025-02-10,0.0
MA-BA-2,Falmouth 3.1 NNW,41.5871,-70.6321,2025-02-11,0.0
MA-BA-2,Falmouth 3.1 NNW,41.5871,-70.6321,2025-02-12,0.02
MA-BA-2,Falmouth 3.1 NNW,41.5871,-70.6321,2025-02-13,0.21
MA-BA-2,Falmouth 3.1 NNW,41.5871,-70.6321,2025-02-14,0.08
MA-BA-2,Falmouth 3.1 NNW,41.5871,-70.6321,2025-02-15,0.0
MA-BA-2,Falmouth 3.1 NNW,41.5871,-70.6321,2025-02-16,0.71
MA-BA-2,Falmouth 3.1 NNW,41.5871,-70.6321,2025-02-17,1.19
MA-BA-2,Falmouth 3.1 NNW,41.5871,-70.6321,2025-02-18,0.0
MA-BA-2,Falmouth 3.1 NNW,41.5871,-70.6321,2025-02-19,0.0
MA-BA-2,Falmouth 3.1 NNW,41.5871,-70.6321,2025-02-20,0.0
MA-BA-2,Falmouth 3.1 NNW,41.5871,-70.6321,2025-02-21,0.0
MA-BA-2,Falmouth 3.1 NNW,41.5871,-70.6321,2025-02-22,0.0
MA-BA-2,Falmouth 3.1 NNW,41.5871,-70.6321,2025-02-23,0.0
MA-BA-2,Falmouth 3.1 NNW,41.5871,-70.6321,2025-02-24,0.0
MA-BA-2,Falmouth 3.1 NNW,41.5871,-70.6321,2025-02-25,0.0
MA-BA-2,Falmouth 3.1 NNW,41.5871,-70.6321,2025-02-26,0.0
MA-BA-2,Falmouth 3.1 NNW,41.5871,-70.6321,2025-02-27,0.03
MA-BA-2,Falmouth 3.1 NNW,41.5871,-70.6321,2025-02-28,0.06
MA-BA-2,Falmouth 3.1 NNW,41.5871,-70.6321,2025-03-01,0.0
MA-BA-2,Falmouth 3.1 NNW,41.5871,-70.6321,2025-03-02,0.0
MA-BA-2,Falmouth 3.1 NNW,41.5871,-70.6321,2025-03-03,0.0
MA-BA-2,Falmouth 3.1 NNW,41.5871,-70.6321,2025-03-04,0.0
MA-BA-2,Falmouth 3.1 NNW,41.5871,-70.6321,2025-03-05,0.0
MA-BA-2,Falmouth 3.1 NNW,41.5871,-70.6321,2025-03-06,0.67
MA-BA-2,Falmouth 3.1 NNW,41.5871,-70.6321,2025-03-07,0.03
MA-BA-2,Falmouth 3.1 NNW,41.5871,-70.6321,2025-03-08,0.0
MA-BA-2,Falmouth 3.1 NNW,41.5871,-70.6321,2025-03-09,0.0
MA-BA-2,Falmouth 3.1 NNW,41.5871,-70.6321,2025-03-10,0.0
MA-BA-2,Falmouth 3.1 NNW,41.5871,-70.6321,2025-03-11,0.0
MA-BA-2,Falmouth 3.1 NNW,41.5871,-70.6321,2025-03-12,0.0
MA-BA-2,Falmouth 3.1 NNW,41.5871,-70.6321,2025-03-13,0.0
MA-BA-2,Falmouth 3.1 NNW,41.5871,-70.6321,2025-03-14,0.0
MA-BA-2,Falmouth 3.1 NNW,41.5871,-70.6321,2025-03-15,0.0
MA-BA-2,Falmouth 3.1 NNW,41.5871,-70.6321,2025-03-16,0.0
MA-BA-2,Falmouth 3.1 NNW,41.5871,-70.6321,2025-03-17,0.33
MA-BA-2,Falmouth 3.1 NNW,41.5871,-70.6321,2025-03-18,1.89
MA-BA-2,Falmouth 3.1 NNW,41.5871,-70.6321,2025-03-19,0.0
MA-BA-2,Falmouth 3.1 NNW,41.5871,-70.6321,2025-03-20,0.0
MA-BA-2,Falmouth 3.1 NNW,41.5871,-70.6321,2025-03-21,0.36
MA-BA-2,Falmouth 3.1 NNW,41.5871,-70.6321,2025-03-22,0.07
MA-BA-2,Falmouth 3.1 NNW,41.5871,-70.6321,2025-03-23,0.0
MA-BA-2,Falmouth 3.1 NNW,41.5871,-70.6321,2025-03-24,0.0
MA-BA-2,Falmouth 3.1 NNW,41.5871,-70.6321,2025-03-25,0.54
MA-BA-2,Falmouth 3.1 NNW,41.5871,-70.6321,2025-03-26,0.0
MA-BA-2,Falmouth 3.1 NNW,41.5871,-70.6321,2025-03-27,0.0
MA-BA-2,Falmouth 3.1 NNW,41.5871,-70.6321,2025-03-28,0.0
MA-BA-2,Falmouth 3.1 NNW,41.5871,-70.6321,2025-03-29,0.05
MA-BA-2,Falmouth 3.1 NNW,41.5871,-70.6321,2025-03-30,0.07
MA-BA-2,Falmouth 3.1 NNW,41.5871,-70.6321,2025-03-31,0.0
MA-BA-2,Falmouth 3.1 NNW,41.5871,-70.6321,2025-04-01,0.19
MA-BA-2,Falmouth 3.1 NNW,41.5871,-70.6321,2025-04-02,0.09
MA-BA-2,Falmouth 3.1 NNW,41.5871,-70.6321,2025-04-03,0.17
MA-BA-2,Falmouth 3.1 NNW,41.5871,-70.6321,2025-04-04,0.15
MA-BA-2,Falmouth 3.1 NNW,41.5871,-70.6321,2025-04-05,0.0
MA-BA-2,Falmouth 3.1 NNW,41.5871,-70.6321,2025-04-06,0.81
MA-BA-2,Falmouth 3.1 NNW,41.5871,-70.6321,2025-04-07,0.02
MA-BA-2,Falmouth 3.1 NNW,41.5871,-70.6321,2025-04-08,0.63
MA-BA-2,Falmouth 3.1 NNW,41.5871,-70.6321,2025-04-09,0.02
MA-BA-2,Falmouth 3.1 NNW,41.5871,-70.6321,2025-04-10,0.0
MA-BA-2,Falmouth 3.1 NNW,41.5871,-70.6321,2025-04-11,0.06
MA-BA-2,Falmouth 3.1 NNW,41.5871,-70.6321,2025-04-12,0.33
MA-BA-2,Falmouth 3.1 NNW,41.5871,-70.6321,2025-04-13,0.19
MA-BA-2,Falmouth 3.1 NNW,41.5871,-70.6321,2025-04-14,0.61
MA-BA-2,Falmouth 3.1 NNW,41.5871,-70.6321,2025-04-15,0.07
MA-BA-2,Falmouth 3.1 NNW,41.5871,-70.6321,2025-04-16,0.01
MA-BA-2,Falmouth 3.1 NNW,41.5871,-70.6321,2025-04-17,0.0
MA-BA-2,Falmouth 3.1 NNW,41.5871,-70.6321,2025-04-18,0.0
MA-BA-2,Falmouth 3.1 NNW,41.5871,-70.6321,2025-04-19,0.0
MA-BA-2,Falmouth 3.1 NNW,41.5871,-70.6321,2025-04-20,0.0
MA-BA-2,Falmouth 3.1 NNW,41.5871,-70.6321,2025-04-21,0.0
MA-BA-2,Falmouth 3.1 NNW,41.5871,-70.6321,2025-04-22,0.08
MA-BA-2,Falmouth 3.1 NNW,41.5871,-70.6321,2025-04-23,0.0
MA-BA-2,Falmouth 3.1 NNW,41.5871,-70.6321,2025-04-24,0.0
MA-BA-2,Falmouth 3.1 NNW,41.5871,-70.6321,2025-04-25,0.0
MA-BA-2,Falmouth 3.1 NNW,41.5871,-70.6321,2025-04-26,0.0
MA-BA-2,Falmouth 3.1 NNW,41.5871,-70.6321,2025-04-27,0.95
MA-BA-2,Falmouth 3.1 NNW,41.5871,-70.6321,2025-04-28,0.0
MA-BA-2,Falmouth 3.1 NNW,41.5871,-70.6321,2025-04-29,0.0
MA-BA-2,Falmouth 3.1 NNW,41.5871,-70.6321,2025-04-30,0.0
MA-BA-2,Falmouth 3.1 NNW,41.5871,-70.6321,2025-05-01,0.0
MA-BA-2,Falmouth 3.1 NNW,41.5871,-70.6321,2025-05-02,0.47
MA-BA-2,Falmouth 3.1 NNW,41.5871,-70.6321,2025-05-03,0.0
MA-BA-2,Falmouth 3.1 NNW,41.5871,-70.6321,2025-05-04,0.0
MA-BA-2,Falmouth 3.1 NNW,41.5871,-70.6321,2025-05-05,0.12
MA-BA-2,Falmouth 3.1 NNW,41.5871,-70.6321,2025-05-06,0.0
MA-BA-2,Falmouth 3.1 NNW,41.5871,-70.6321,2025-05-07,0.12
MA-BA-2,Falmouth 3.1 NNW,41.5871,-70.6321,2025-05-08,0.0
MA-BA-2,Falmouth 3.1 NNW,41.5871,-70.6321,2025-05-09,0.0
MA-BA-2,Falmouth 3.1 NNW,41.5871,-70.6321,2025-05-10,1.09
MA-BA-2,Falmouth 3.1 NNW,41.5871,-70.6321,2025-05-11,0.01
MA-BA-2,Falmouth 3.1 NNW,41.5871,-70.6321,2025-05-12,0.0
MA-BA-2,Falmouth 3.1 NNW,41.5871,-70.6321,2025-05-13,0.0
MA-BA-2,Falmouth 3.1 NNW,41.5871,-70.6321,2025-05-14,0.0
MA-BA-2,Falmouth 3.1 NNW,41.5871,-70.6321,2025-05-15,0.0
MA-BA-2,Falmouth 3.1 NNW,41.5871,-70.6321,2025-05-16,0.0
MA-BA-2,Falmouth 3.1 NNW,41.5871,-70.6321,2025-05-17,0.0
MA-BA-2,Falmouth 3.1 NNW,41.5871,-70.6321,2025-05-18,0.01
MA-BA-2,Falmouth 3.1 NNW,41.5871,-70.6321,2025-05-19,0.0
MA-BA-2,Falmouth 3.1 NNW,41.5871,-70.6321,2025-05-20,0.0
MA-BA-2,Falmouth 3.1 NNW,41.5871,-70.6321,2025-05-21,0.0
MA-BA-2,Falmouth 3.1 NNW,41.5871,-70.6321,2025-05-22,0.02
MA-BA-2,Falmouth 3.1 NNW,41.5871,-70.6321,2025-05-23,4.81
MA-BA-2,Falmouth 3.1 NNW,41.5871,-70.6321,2025-05-24,0.0
MA-BA-2,Falmouth 3.1 NNW,41.5871,-70.6321,2025-05-25,0.04
MA-BA-2,Falmouth 3.1 NNW,41.5871,-70.6321,2025-05-26,0.0
MA-BA-2,Falmouth 3.1 NNW,41.5871,-70.6321,2025-05-27,0.0
MA-BA-2,Falmouth 3.1 NNW,41.5871,-70.6321,2025-05-28,0.0
MA-BA-2,Falmouth 3.1 NNW,41.5871,-70.6321,2025-05-29,0.16
MA-BA-2,Falmouth 3.1 NNW,41.5871,-70.6321,2025-05-30,0.06
MA-BA-2,Falmouth 3.1 NNW,41.5871,-70.6321,2025-05-31,0.19
MA-BA-2,Falmouth 3.1 NNW,41.5871,-70.6321,2025-06-01,0.0
MA-BA-2,Falmouth 3.1 NNW,41.5871,-70.6321,2025-06-02,0.0
MA-BA-2,Falmouth 3.1 NNW,41.5871,-70.6321,2025-06-03,0.0
MA-BA-2,Falmouth 3.1 NNW,41.5871,-70.6321,2025-06-04,0.0
MA-BA-2,Falmouth 3.1 NNW,41.5871,-70.6321,2025-06-05,0.0
MA-BA-2,Falmouth 3.1 NNW,41.5871,-70.6321,2025-06-06,0.0
MA-BA-2,Falmouth 3.1 NNW,41.5871,-70.6321,2025-06-07,0.0
MA-BA-2,Falmouth 3.1 NNW,41.5871,-70.6321,2025-06-08,0.08
MA-BA-2,Falmouth 3.1 NNW,41.5871,-70.6321,2025-06-09,0.0
MA-BA-2,Falmouth 3.1 NNW,41.5871,-70.6321,2025-06-10,0.06
MA-BA-2,Falmouth 3.1 NNW,41.5871,-70.6321,2025-06-11,0.81
MA-BA-2,Falmouth 3.1 NNW,41.5871,-70.6321,2025-06-12,0.0
MA-BA-2,Falmouth 3.1 NNW,41.5871,-70.6321,2025-06-13,0.0
MA-BA-2,Falmouth 3.1 NNW,41.5871,-70.6321,2025-06-14,0.0
MA-BA-2,Falmouth 3.1 NNW,41.5871,-70.6321,2025-06-15,0.18
MA-BA-2,Falmouth 3.1 NNW,41.5871,-70.6321,2025-06-16,0.0
MA-BA-2,Falmouth 3.1 NNW,41.5871,-70.6321,2025-06-17,0.0
MA-BA-2,Falmouth 3.1 NNW,41.5871,-70.6321,2025-06-18,0.0
MA-BA-2,Falmouth 3.1 NNW,41.5871,-70.6321,2025-06-19,0.0
MA-BA-2,Falmouth 3.1 NNW,41.5871,-70.6321,2025-06-20,0.0
MA-BA-2,Falmouth 3.1 NNW,41.5871,-70.6321,2025-06-21,0.0
MA-BA-2,Falmouth 3.1 NNW,41.5871,-70.6321,2025-06-22,0.0
MA-BA-2,Falmouth 3.1 NNW,41.5871,-70.6321,2025-06-23,0.0
MA-BA-2,Falmouth 3.1 NNW,41.5871,-70.6321,2025-06-24,0.0
MA-BA-2,Falmouth 3.1 NNW,41.5871,-70.6321,2025-06-25,0.0
MA-BA-2,Falmouth 3.1 NNW,41.5871,-70.6321,2025-06-26,0.0
MA-BA-2,Falmouth 3.1 NNW,41.5871,-70.6321,2025-06-27,0.01
MA-BA-2,Falmouth 3.1 NNW,41.5871,-70.6321,2025-06-28,0.0
MA-BA-2,Falmouth 3.1 NNW,41.5871,-70.6321,2025-06-29,0.0
MA-BA-2,Falmouth 3.1 NNW,41.5871,-70.6321,2025-06-30,0.0
MA-BA-2,Falmouth 3.1 NNW,41.5871,-70.6321,2025-07-01,0.02
MA-BA-2,Falmouth 3.1 NNW,41.5871,-70.6321,2025-07-02,0.01
MA-BA-2,Falmouth 3.1 NNW,41.5871,-70.6321,2025-07-03,0.01
MA-BA-2,Falmouth 3.1 NNW,41.5871,-70.6321,2025-07-04,0.05
MA-BA-2,Falmouth 3.1 NNW,41.5871,-70.6321,2025-07-05,0.0
MA-BA-2,Falmouth 3.1 NNW,41.5871,-70.6321,2025-07-06,0.0
MA-BA-2,Falmouth 3.1 NNW,41.5871,-70.6321,2025-07-07,0.0
MA-BA-2,Falmouth 3.1 NNW,41.5871,-70.6321,2025-07-08,0.2
MA-BA-2,Falmouth 3.1 NNW,41.5871,-70.6321,2025-07-09,0.94
MA-BA-2,Falmouth 3.1 NNW,41.5871,-70.6321,2025-07-10,0.19
MA-BA-2,Falmouth 3.1 NNW,41.5871,-70.6321,2025-07-11,0.18
MA-BA-2,Falmouth 3.1 NNW,41.5871,-70.6321,2025-07-12,0.0
MA-BA-2,Falmouth 3.1 NNW,41.5871,-70.6321,2025-07-13,0.0
MA-BA-2,Falmouth 3.1 NNW,41.5871,-70.6321,2025-07-14,0.0
MA-BA-2,Falmouth 3.1 NNW,41.5871,-70.6321,2025-07-15,0.08
MA-BA-2,Falmouth 3.1 NNW,41.5871,-70.6321,2025-07-16,0.01
MA-BA-2,Falmouth 3.1 NNW,41.5871,-70.6321,2025-07-17,0.0
MA-BA-2,Falmouth 3.1 NNW,41.5871,-70.6321,2025-07-18,0.01
MA-BA-2,Falmouth 3.1 NNW,41.5871,-70.6321,2025-07-19,0.0
MA-BA-2,Falmouth 3.1 NNW,41.5871,-70.6321,2025-07-20,0.0
MA-BA-2,Falmouth 3.1 NNW,41.5871,-70.6321,2025-07-21,0.01
MA-BA-2,Falmouth 3.1 NNW,41.5871,-70.6321,2025-07-22,0.0
MA-BA-2,Falmouth 3.1 NNW,41.5871,-70.6321,2025-07-23,0.0
MA-BA-2,Falmouth 3.1 NNW,41.5871,-70.6321,2025-07-24,0.0
MA-BA-2,Falmouth 3.1 NNW,41.5871,-70.6321,2025-07-25,0.0
MA-BA-2,Falmouth 3.1 NNW,41.5871,-70.6321,2025-07-26,0.05
MA-BA-2,Falmouth 3.1 NNW,41.5871,-70.6321,2025-07-27,0.0
MA-BA-2,Falmouth 3.1 NNW,41.5871,-70.6321,2025-07-28,0.0
MA-BA-2,Falmouth 3.1 NNW,41.5871,-70.6321,2025-07-29,0.0
MA-BA-2,Falmouth 3.1 NNW,41.5871,-70.6321,2025-07-30,0.0
MA-BA-2,Falmouth 3.1 NNW,41.5871,-70.6321,2025-07-31,0.0
MA-BA-2,Falmouth 3.1 NNW,41.5871,-70.6321,2025-08-01,0.34
MA-BA-2,Falmouth 3.1 NNW,41.5871,-70.6321,2025-08-02,0.12
MA-BA-2,Falmouth 3.1 NNW,41.5871,-70.6321,2025-08-03,0.0
MA-BA-2,Falmouth 3.1 NNW,41.5871,-70.6321,2025-08-04,0.0
MA-BA-2,Falmouth 3.1 NNW,41.5871,-70.6321,2025-08-05,0.0
MA-BA-2,Falmouth 3.1 NNW,41.5871,-70.6321,2025-08-06,0.0
MA-BA-2,Falmouth 3.1 NNW,41.5871,-70.6321,2025-08-07,0.0
MA-BA-2,Falmouth 3.1 NNW,41.5871,-70.6321,2025-08-08,0.0
MA-BA-2,Falmouth 3.1 NNW,41.5871,-70.6321,2025-08-09,0.0
MA-BA-2,Falmouth 3.1 NNW,41.5871,-70.6321,2025-08-10,0.0
MA-BA-2,Falmouth 3.1 NNW,41.5871,-70.6321,2025-08-11,0.0
MA-BA-2,Falmouth 3.1 NNW,41.5871,-70.6321,2025-08-12,0.0
MA-BA-2,Falmouth 3.1 NNW,41.5871,-70.6321,2025-08-13,0.0
MA-BA-2,Falmouth 3.1 NNW,41.5871,-70.6321,2025-08-14,0.0
MA-BA-2,Falmouth 3.1 NNW,41.5871,-70.6321,2025-08-15,0.0
MA-BA-2,Falmouth 3.1 NNW,41.5871,-70.6321,2025-08-16,0.0
MA-BA-2,Falmouth 3.1 NNW,41.5871,-70.6321,2025-08-17,0.0
MA-BA-2,Falmouth 3.1 NNW,41.5871,-70.6321,2025-08-18,0.0
MA-BA-2,Falmouth 3.1 NNW,41.5871,-70.6321,2025-08-19,0.0
MA-BA-2,Falmouth 3.1 NNW,41.5871,-70.6321,2025-08-20,0.0
MA-BA-2,Falmouth 3.1 NNW,41.5871,-70.6321,2025-08-21,1.47
MA-BA-2,Falmouth 3.1 NNW,41.5871,-70.6321,2025-08-22,0.0
MA-BA-2,Falmouth 3.1 NNW,41.5871,-70.6321,2025-08-23,0.0
MA-BA-2,Falmouth 3.1 NNW,41.5871,-70.6321,2025-08-24,0.0
MA-BA-2,Falmouth 3.1 NNW,41.5871,-70.6321,2025-08-25,0.0
MA-BA-2,Falmouth 3.1 NNW,41.5871,-70.6321,2025-08-26,0.05
MA-BA-2,Falmouth 3.1 NNW,41.5871,-70.6321,2025-08-27,0.0
MA-BA-2,Falmouth 3.1 NNW,41.5871,-70.6321,2025-08-28,0.0
MA-BA-2,Falmouth 3.1 NNW,41.5871,-70.6321,2025-08-29,0.0
MA-BA-2,Falmouth 3.1 NNW,41.5871,-70.6321,2025-08-30,0.41
MA-BA-2,Falmouth 3.1 NNW,41.5871,-70.6321,2025-08-31,0.0
MA-BA-2,Falmouth 3.1 NNW,41.5871,-70.6321,2025-09-01,0.0
MA-BA-2,Falmouth 3.1 NNW,41.5871,-70.6321,2025-09-02,0.0
MA-BA-2,Falmouth 3.1 NNW,41.5871,-70.6321,2025-09-03,0.0
MA-BA-2,Falmouth 3.1 NNW,41.5871,-70.6321,2025-09-04,0.0
MA-BA-2,Falmouth 3.1 NNW,41.5871,-70.6321,2025-09-05,0.0
MA-BA-2,Falmouth 3.1 NNW,41.5871,-70.6321,2025-09-06,0.0
MA-BA-2,Falmouth 3.1 NNW,41.5871,-70.6321,2025-09-07,0.03
MA-BA-2,Falmouth 3.1 NNW,41.5871,-70.6321,2025-09-08,0.86
MA-BA-2,Falmouth 3.1 NNW,41.5871,-70.6321,2025-09-09,0.0
MA-BA-2,Falmouth 3.1 NNW,41.5871,-70.6321,2025-09-10,0.0
MA-BA-2,Falmouth 3.1 NNW,41.5871,-70.6321,2025-09-11,0.0
MA-BA-2,Falmouth 3.1 NNW,41.5871,-70.6321,2025-09-12,0.0
MA-BA-2,Falmouth 3.1 NNW,41.5871,-70.6321,2025-09-13,0.0
MA-BA-2,Falmouth 3.1 NNW,41.5871,-70.6321,2025-09-14,0.0
MA-BA-2,Falmouth 3.1 NNW,41.5871,-70.6321,2025-09-15,0.0
MA-BA-2,Falmouth 3.1 NNW,41.5871,-70.6321,2025-09-16,0.0
MA-BA-2,Falmouth 3.1 NNW,41.5871,-70.6321,2025-09-17,0.0
MA-BA-2,Falmouth 3.1 NNW,41.5871,-70.6321,2025-09-18,0.31
MA-BA-2,Falmouth 3.1 NNW,41.5871,-70.6321,2025-09-19,0.01
MA-BA-2,Falmouth 3.1 NNW,41.5871,-70.6321,2025-09-20,0.0
MA-BA-2,Falmouth 3.1 NNW,41.5871,-70.6321,2025-09-21,0.0
MA-BA-2,Falmouth 3.1 NNW,41.5871,-70.6321,2025-09-22,0.0
MA-BA-2,Falmouth 3.1 NNW,41.5871,-70.6321,2025-09-23,0.0
MA-BA-2,Falmouth 3.1 NNW,41.5871,-70.6321,2025-09-24,0.0
MA-BA-2,Falmouth 3.1 NNW,41.5871,-70.6321,2025-09-25,1.47
MA-BA-2,Falmouth 3.1 NNW,41.5871,-70.6321,2025-09-26,0.41
MA-BA-2,Falmouth 3.1 NNW,41.5871,-70.6321,2025-09-27,0.0
MA-BA-2,Falmouth 3.1 NNW,41.5871,-70.6321,2025-09-28,0.1
MA-BA-2,Falmouth 3.1 NNW,41.5871,-70.6321,2025-09-29,0.0
MA-BA-2,Falmouth 3.1 NNW,41.5871,-70.6321,2025-09-30,0.0
MA-BA-2,Falmouth 3.1 NNW,41.5871,-70.6321,2025-10-01,0.0
MA-BA-2,Falmouth 3.1 NNW,41.5871,-70.6321,2025-10-02,0.0
MA-BA-2,Falmouth 3.1 NNW,41.5871,-70.6321,2025-10-03,0.0
MA-BA-2,Falmouth 3.1 NNW,41.5871,-70.6321,2025-10-04,0.0
MA-BA-2,Falmouth 3.1 NNW,41.5871,-70.6321,2025-10-05,0.0
MA-BA-2,Falmouth 3.1 NNW,41.5871,-70.6321,2025-10-06,0.0
MA-BA-2,Falmouth 3.1 NNW,41.5871,-70.6321,2025-10-07,0.0
MA-BA-2,Falmouth 3.1 NNW,41.5871,-70.6321,2025-10-08,0.0
MA-BA-2,Falmouth 3.1 NNW,41.5871,-70.6321,2025-10-09,0.75
MA-BA-2,Falmouth 3.1 NNW,41.5871,-70.6321,2025-10-10,0.0
MA-BA-2,Falmouth 3.1 NNW,41.5871,-70.6321,2025-10-11,0.0
MA-BA-2,Falmouth 3.1 NNW,41.5871,-70.6321,2025-10-12,0.0
MA-BA-2,Falmouth 3.1 NNW,41.5871,-70.6321,2025-10-13,2.21
MA-BA-2,Falmouth 3.1 NNW,41.5871,-70.6321,2025-10-14,1.39
MA-BA-2,Falmouth 3.1 NNW,41.5871,-70.6321,2025-10-15,0.27
MA-BA-2,Falmouth 3.1 NNW,41.5871,-70.6321,2025-10-16,0.0
MA-BA-2,Falmouth 3.1 NNW,41.5871,-70.6321,2025-10-17,0.0
MA-BA-2,Falmouth 3.1 NNW,41.5871,-70.6321,2025-10-18,0.0
MA-BA-2,Falmouth 3.1 NNW,41.5871,-70.6321,2025-10-19,0.0
MA-BA-2,Falmouth 3.1 NNW,41.5871,-70.6321,2025-10-20,0.0
MA-BA-2,Falmouth 3.1 NNW,41.5871,-70.6321,2025-10-21,0.82
MA-BA-2,Falmouth 3.1 NNW,41.5871,-70.6321,2025-10-22,0.0
MA-BA-2,Falmouth 3.1 NNW,41.5871,-70.6321,2025-10-23,0.02
MA-BA-2,Falmouth 3.1 NNW,41.5871,-70.6321,2025-10-24,0.0
MA-BA-2,Falmouth 3.1 NNW,41.5871,-70.6321,2025-10-25,0.0
MA-BA-2,Falmouth 3.1 NNW,41.5871,-70.6321,2025-10-26,0.0
MA-BA-2,Falmouth 3.1 NNW,41.5871,-70.6321,2025-10-27,0.0
MA-BA-2,Falmouth 3.1 NNW,41.5871,-70.6321,2025-10-28,0.01
MA-BA-2,Falmouth 3.1 NNW,41.5871,-70.6321,2025-10-29,0.03
MA-BA-2,Falmouth 3.1 NNW,41.5871,-70.6321,2025-10-30,0.05
MA-BA-2,Falmouth 3.1 NNW,41.5871,-70.6321,2025-10-31,1.68
MA-BA-2,Falmouth 3.1 NNW,41.5871,-70.6321,2025-11-01,0.0
MA-BA-2,Falmouth 3.1 NNW,41.5871,-70.6321,2025-11-02,0.0
MA-BA-2,Falmouth 3.1 NNW,41.5871,-70.6321,2025-11-03,0.0
MA-BA-2,Falmouth 3.1 NNW,41.5871,-70.6321,2025-11-04,0.24
MA-BA-2,Falmouth 3.1 NNW,41.5871,-70.6321,2025-11-05,0.0
MA-BA-2,Falmouth 3.1 NNW,41.5871,-70.6321,2025-11-06,0.01
MA-BA-2,Falmouth 3.1 NNW,41.5871,-70.6321,2025-11-07,0.0
MA-BA-2,Falmouth 3.1 NNW,41.5871,-70.6321,2025-11-08,0.11
MA-BA-2,Falmouth 3.1 NNW,41.5871,-70.6321,2025-11-09,0.02
MA-BA-2,Falmouth 3.1 NNW,41.5871,-70.6321,2025-11-10,2.33
MA-BA-2,Falmouth 3.1 NNW,41.5871,-70.6321,2025-11-11,0.51
MA-BA-2,Falmouth 3.1 NNW,41.5871,-70.6321,2025-11-12,0.0
MA-BA-2,Falmouth 3.1 NNW,41.5871,-70.6321,2025-11-13,0.0
MA-BA-2,Falmouth 3.1 NNW,41.5871,-70.6321,2025-11-14,0.0
MA-BA-2,Falmouth 3.1 NNW,41.5871,-70.6321,2025-11-15,0.0
MA-BA-2,Falmouth 3.1 NNW,41.5871,-70.6321,2025-11-16,0.76
MA-BA-2,Falmouth 3.1 NNW,41.5871,-70.6321,2025-11-17,0.0
MA-BA-2,Falmouth 3.1 NNW,41.5871,-70.6321,2025-11-18,0.0
MA-BA-2,Falmouth 3.1 NNW,41.5871,-70.6321,2025-11-19,0.0
MA-BA-2,Falmouth 3.1 NNW,41.5871,-70.6321,2025-11-20,0.0
MA-BA-2,Falmouth 3.1 NNW,41.5871,-70.6321,2025-11-21,0.0
MA-BA-2,Falmouth 3.1 NNW,41.5871,-70.6321,2025-11-22,0.0
MA-BA-2,Falmouth 3.1 NNW,41.5871,-70.6321,2025-11-23,0.18
MA-BA-2,Falmouth 3.1 NNW,41.5871,-70.6321,2025-11-24,0.01
MA-BA-2,Falmouth 3.1 NNW,41.5871,-70.6321,2025-11-25,0.0
MA-BA-2,Falmouth 3.1 NNW,41.5871,-70.6321,2025-11-26,0.26
MA-BA-2,Falmouth 3.1 NNW,41.5871,-70.6321,2025-11-27,0.03
MA-BA-2,Falmouth 3.1 NNW,41.5871,-70.6321,2025-11-28,0.0
MA-BA-2,Falmouth 3.1 NNW,41.5871,-70.6321,2025-11-29,0.0
MA-BA-2,Falmouth 3.1 NNW,41.5871,-70.6321,2025-11-30,0.0
MA-BA-2,Falmouth 3.1 NNW,41.5871,-70.6321,2025-12-01,0.27
MA-BA-2,Falmouth 3.1 NNW,41.5871,-70.6321,2025-12-02,0.0
MA-BA-2,Falmouth 3.1 NNW,41.5871,-70.6321,2025-12-03,1.01
MA-BA-2,Falmouth 3.1 NNW,41.5871,-70.6321,2025-12-04,0.0
MA-BA-2,Falmouth 3.1 NNW,41.5871,-70.6321,2025-12-05,0.0
MA-BA-2,Falmouth 3.1 NNW,41.5871,-70.6321,2025-12-06,0.0
MA-BA-2,Falmouth 3.1 NNW,41.5871,-70.6321,2025-12-07,0.02
MA-BA-2,Falmouth 3.1 NNW,41.5871,-70.6321,2025-12-08,0.0
MA-BA-2,Falmouth 3.1 NNW,41.5871,-70.6321,2025-12-09,0.0
MA-BA-2,Falmouth 3.1 NNW,41.5871,-70.6321,2025-12-10,0.03
MA-BA-2,Falmouth 3.1 NNW,41.5871,-70.6321,2025-12-11,0.0
MA-BA-2,Falmouth 3.1 NNW,41.5871,-70.6321,2025-12-12,0.0
MA-BA-2,Falmouth 3.1 NNW,41.5871,-70.6321,2025-12-13,0.0
MA-BA-2,Falmouth 3.1 NNW,41.5871,-70.6321,2025-12-14,0.17
MA-BA-2,Falmouth 3.1 NNW,41.5871,-70.6321,2025-12-15,0.16
MA-BA-2,Falmouth 3.1 NNW,41.5871,-70.6321,2025-12-16,0.0
MA-BA-2,Falmouth 3.1 NNW,41.5871,-70.6321,2025-12-17,0.0
MA-BA-2,Falmouth 3.1 NNW,41.5871,-70.6321,2025-12-18,0.0
MA-BA-2,Falmouth 3.1 NNW,41.5871,-70.6321,2025-12-19,0.11
MA-BA-2,Falmouth 3.1 NNW,41.5871,-70.6321,2025-12-20,0.38
MA-BA-2,Falmouth 3.1 NNW,41.5871,-70.6321,2025-12-21,0.0
MA-BA-2,Falmouth 3.1 NNW,41.5871,-70.6321,2025-12-22,0.0
MA-BA-2,Falmouth 3.1 NNW,41.5871,-70.6321,2025-12-23,0.0
MA-BA-2,Falmouth 3.1 NNW,41.5871,-70.6321,2025-12-24,0.12
MA-BA-2,Falmouth 3.1 NNW,41.5871,-70.6321,2025-12-25,0.0
MA-BA-2,Falmouth 3.1 NNW,41.5871,-70.6321,2025-12-26,0.0
MA-BA-2,Falmouth 3.1 NNW,41.5871,-70.6321,2025-12-27,0.27
MA-BA-2,Falmouth 3.1 NNW,41.5871,-70.6321,2025-12-28,0.01
MA-BA-2,Falmouth 3.1 NNW,41.5871,-70.6321,2025-12-29,0.31
MA-BA-2,Falmouth 3.1 NNW,41.5871,-70.6321,2025-12-30,0.21
MA-BA-2,Falmouth 3.1 NNW,41.5871,-70.6321,2025-12-31,0.0
MA-BA-2,Falmouth 3.1 NNW,41.5871,-70.6321,2026-01-01,0.23
MA-BA-2,Falmouth 3.1 NNW,41.5871,-70.6321,2026-01-02,0.06
MA-BA-2,Falmouth 3.1 NNW,41.5871,-70.6321,2026-01-03,0.0
MA-BA-2,Falmouth 3.1 NNW,41.5871,-70.6321,2026-01-04,0.0
MA-BA-2,Falmouth 3.1 NNW,41.5871,-70.6321,2026-01-05,0.01
MA-BA-2,Falmouth 3.1 NNW,41.5871,-70.6321,2026-01-06,0.03
MA-BA-2,Falmouth 3.1 NNW,41.5871,-70.6321,2026-01-07,0.03
MA-BA-2,Falmouth 3.1 NNW,41.5871,-70.6321,2026-01-08,0.01
MA-BA-2,Falmouth 3.1 NNW,41.5871,-70.6321,2026-01-09,0.0
MA-BA-2,Falmouth 3.1 NNW,41.5871,-70.6321,2026-01-10,0.05
MA-BA-2,Falmouth 3.1 NNW,41.5871,-70.6321,2026-01-11,0.83
MA-BA-2,Falmouth 3.1 NNW,41.5871,-70.6321,2026-01-12,0.01
MA-BA-2,Falmouth 3.1 NNW,41.5871,-70.6321,2026-01-13,0.0
MA-BA-2,Falmouth 3.1 NNW,41.5871,-70.6321,2026-01-14,0.0
MA-BA-2,Falmouth 3.1 NNW,41.5871,-70.6321,2026-01-15,0.0
MA-BA-2,Falmouth 3.1 NNW,41.5871,-70.6321,2026-01-16,0.0
MA-BA-2,Falmouth 3.1 NNW,41.5871,-70.6321,2026-01-17,0.0
MA-BA-2,Falmouth 3.1 NNW,41.5871,-70.6321,2026-01-18,0.0
MA-BA-2,Falmouth 3.1 NNW,41.5871,-70.6321,2026-01-19,0.94
MA-BA-2,Falmouth 3.1 NNW,41.5871,-70.6321,2026-01-20,0.01
MA-BA-2,Falmouth 3.1 NNW,41.5871,-70.6321,2026-01-21,0.0
MA-BA-2,Falmouth 3.1 NNW,41.5871,-70.6321,2026-01-22,0.0
MA-BA-2,Falmouth 3.1 NNW,41.5871,-70.6321,2026-01-23,0.0
MA-BA-2,Falmouth 3.1 NNW,41.5871,-70.6321,2026-01-24,0.0
MA-BA-2,Falmouth 3.1 NNW,41.5871,-70.6321,2026-01-25,0.0
MA-BA-2,Falmouth 3.1 NNW,41.5871,-70.6321,2026-01-26,1.93
MA-BA-2,Falmouth 3.1 NNW,41.5871,-70.6321,2026-01-27,0.14
MA-BA-2,Falmouth 3.1 NNW,41.5871,-70.6321,2026-01-28,0.0
MA-BA-2,Falmouth 3.1 NNW,41.5871,-70.6321,2026-01-29,0.0
MA-BA-2,Falmouth 3.1 NNW,41.5871,-70.6321,2026-01-30,0.0
MA-BA-2,Falmouth 3.1 NNW,41.5871,-70.6321,2026-01-31,0.0
MA-BA-2,Falmouth 3.1 NNW,41.5871,-70.6321,2026-02-01,0.0
MA-BA-2,Falmouth 3.1 NNW,41.5871,-70.6321,2026-02-02,0.07
MA-BA-2,Falmouth 3.1 NNW,41.5871,-70.6321,2026-02-03,0.0
MA-BA-2,Falmouth 3.1 NNW,41.5871,-70.6321,2026-02-04,0.0
MA-BA-2,Falmouth 3.1 NNW,41.5871,-70.6321,2026-02-05,0.0
MA-BA-2,Falmouth 3.1 NNW,41.5871,-70.6321,2026-02-06,0.0
MA-BA-2,Falmouth 3.1 NNW,41.5871,-70.6321,2026-02-07,0.02
MA-BA-2,Falmouth 3.1 NNW,41.5871,-70.6321,2026-02-08,0.2
MA-BA-2,Falmouth 3.1 NNW,41.5871,-70.6321,2026-02-09,0.0
MA-BA-2,Falmouth 3.1 NNW,41.5871,-70.6321,2026-02-10,0.0
MA-BA-2,Falmouth 3.1 NNW,41.5871,-70.6321,2026-02-11,0.15
MA-BA-2,Falmouth 3.1 NNW,41.5871,-70.6321,2026-02-12,0.0
MA-BA-2,Falmouth 3.1 NNW,41.5871,-70.6321,2026-02-13,0.0
MA-BA-2,Falmouth 3.1 NNW,41.5871,-70.6321,2026-02-14,0.0
MA-BA-2,Falmouth 3.1 NNW,41.5871,-70.6321,2026-02-15,0.0
MA-BA-2,Falmouth 3.1 NNW,41.5871,-70.6321,2026-02-16,0.0
MA-BA-2,Falmouth 3.1 NNW,41.5871,-70.6321,2026-02-17,0.0
MA-BA-2,Falmouth 3.1 NNW,41.5871,-70.6321,2026-02-18,0.0
MA-BA-2,Falmouth 3.1 NNW,41.5871,-70.6321,2026-02-19,0.19
MA-BA-2,Falmouth 3.1 NNW,41.5871,-70.6321,2026-02-20,0.0
MA-BA-2,Falmouth 3.1 NNW,41.5871,-70.6321,2026-02-21,0.57
MA-BA-2,Falmouth 3.1 NNW,41.5871,-70.6321,2026-02-22,0.01
MA-BA-2,Falmouth 3.1 NNW,41.5871,-70.6321,2026-02-23,0.33
MA-BA-2,Falmouth 3.1 NNW,41.5871,-70.6321,2026-02-24,2.08
MA-BA-2,Falmouth 3.1 NNW,41.5871,-70.6321,2026-02-25,0.0
MA-BA-2,Falmouth 3.1 NNW,41.5871,-70.6321,2026-02-26,0.02
MA-BA-2,Falmouth 3.1 NNW,41.5871,-70.6321,2026-02-27,0.0
MA-BA-2,Falmouth 3.1 NNW,41.5871,-70.6321,2026-02-28,0.0
MA-BA-2,Falmouth 3.1 NNW,41.5871,-70.6321,2026-03-01,0.0
MA-BA-2,Falmouth 3.1 NNW,41.5871,-70.6321,2026-03-02,0.01
MA-BA-2,Falmouth 3.1 NNW,41.5871,-70.6321,2026-03-03,0.0
MA-BA-2,Falmouth 3.1 NNW,41.5871,-70.6321,2026-03-04,0.69
MA-BA-2,Falmouth 3.1 NNW,41.5871,-70.6321,2026-03-05,0.0
MA-BA-2,Falmouth 3.1 NNW,41.5871,-70.6321,2026-03-06,1.14
MA-BA-2,Falmouth 3.1 NNW,41.5871,-70.6321,2026-03-07,0.11
MA-BA-2,Falmouth 3.1 NNW,41.5871,-70.6321,2026-03-08,0.01
MA-BA-2,Falmouth 3.1 NNW,41.5871,-70.6321,2026-03-09,0.02
MA-BA-2,Falmouth 3.1 NNW,41.5871,-70.6321,2026-03-10,0.0
MA-BA-2,Falmouth 3.1 NNW,41.5871,-70.6321,2026-03-11,0.0
MA-BA-2,Falmouth 3.1 NNW,41.5871,-70.6321,2026-03-12,0.0
MA-BA-2,Falmouth 3.1 NNW,41.5871,-70.6321,2026-03-13,0.07
MA-BA-2,Falmouth 3.1 NNW,41.5871,-70.6321,2026-03-14,0.01
MA-BA-2,Falmouth 3.1 NNW,41.5871,-70.6321,2026-03-15,0.0
MA-BA-2,Falmouth 3.1 NNW,41.5871,-70.6321,2026-03-16,0.05
MA-BA-2,Falmouth 3.1 NNW,41.5871,-70.6321,2026-03-17,0.93
MA-BA-2,Falmouth 3.1 NNW,41.5871,-70.6321,2026-03-18,0.0
MA-BA-2,Falmouth 3.1 NNW,41.5871,-70.6321,2026-03-19,0.0
MA-BA-2,Falmouth 3.1 NNW,41.5871,-70.6321,2026-03-20,0.0
MA-BA-2,Falmouth 3.1 NNW,41.5871,-70.6321,2026-03-21,0.23
MA-BA-2,Falmouth 3.1 NNW,41.5871,-70.6321,2026-03-22,0.0
MA-BA-2,Falmouth 3.1 NNW,41.5871,-70.6321,2026-03-23,1.09
MA-BA-2,Falmouth 3.1 NNW,41.5871,-70.6321,2026-03-24,0.42
MA-BA-2,Falmouth 3.1 NNW,41.5871,-70.6321,2026-03-25,0.0
MA-BA-2,Falmouth 3.1 NNW,41.5871,-70.6321,2026-03-26,0.01
MA-BA-2,Falmouth 3.1 NNW,41.5871,-70.6321,2026-03-27,0.12
MA-BA-2,Falmouth 3.1 NNW,41.5871,-70.6321,2026-03-28,0.0
MA-BA-2,Falmouth 3.1 NNW,41.5871,-70.6321,2026-03-29,0.0
MA-BA-2,Falmouth 3.1 NNW,41.5871,-70.6321,2026-03-30,0.0
MA-BA-2,Falmouth 3.1 NNW,41.5871,-70.6321,2026-03-31,0.0
MA-BA-2,Falmouth 3.1 NNW,41.5871,-70.6321,2026-04-01,0.02
MA-BA-2,Falmouth 3.1 NNW,41.5871,-70.6321,2026-04-02,0.64
MA-BA-2,Falmouth 3.1 NNW,41.5871,-70.6321,2026-04-03,0.21
MA-BA-2,Falmouth 3.1 NNW,41.5871,-70.6321,2026-04-04,0.01
MA-BA-2,Falmouth 3.1 NNW,41.5871,-70.6321,2026-04-05,0.01
MA-BA-2,Falmouth 3.1 NNW,41.5871,-70.6321,2026-04-06,0.15
MA-BA-2,Falmouth 3.1 NNW,41.5871,-70.6321,2026-04-07,0.0
MA-BA-2,Falmouth 3.1 NNW,41.5871,-70.6321,2026-04-08,0.02
MA-BA-2,Falmouth 3.1 NNW,41.5871,-70.6321,2026-04-09,0.0
MA-BA-2,Falmouth 3.1 NNW,41.5871,-70.6321,2026-04-10,0.0
MA-BA-2,Falmouth 3.1 NNW,41.5871,-70.6321,2026-04-11,0.0
MA-BA-2,Falmouth 3.1 NNW,41.5871,-70.6321,2026-04-12,0.0
MA-BA-2,Falmouth 3.1 NNW,41.5871,-70.6321,2026-04-13,0.04
MA-BA-2,Falmouth 3.1 NNW,41.5871,-70.6321,2026-04-14,0.0
MA-BA-2,Falmouth 3.1 NNW,41.5871,-70.6321,2026-04-15,0.0
MA-BA-2,Falmouth 3.1 NNW,41.5871,-70.6321,2026-04-16,0.05
MA-BA-2,Falmouth 3.1 NNW,41.5871,-70.6321,2026-04-17,0.0
MA-BA-2,Falmouth 3.1 NNW,41.5871,-70.6321,2026-04-18,0.02
MA-BA-2,Falmouth 3.1 NNW,41.5871,-70.6321,2026-04-19,0.01
MA-BA-2,Falmouth 3.1 NNW,41.5871,-70.6321,2026-04-20,0.05
MA-BA-2,Falmouth 3.1 NNW,41.5871,-70.6321,2026-04-21,0.12
MA-BA-2,Falmouth 3.1 NNW,41.5871,-70.6321,2026-04-22,0.0
MA-BA-2,Falmouth 3.1 NNW,41.5871,-70.6321,2026-04-23,0.0
MA-BA-2,Falmouth 3.1 NNW,41.5871,-70.6321,2026-04-24,0.0
MA-BA-2,Falmouth 3.1 NNW,41.5871,-70.6321,2026-04-25,0.0
MA-BA-2,Falmouth 3.1 NNW,41.5871,-70.6321,2026-04-26,0.05
MA-BA-2,Falmouth 3.1 NNW,41.5871,-70.6321,2026-04-27,0.02
MA-BA-2,Falmouth 3.1 NNW,41.5871,-70.6321,2026-04-28,0.0
MA-BA-2,Falmouth 3.1 NNW,41.5871,-70.6321,2026-04-29,0.0
MA-BA-2,Falmouth 3.1 NNW,41.5871,-70.6321,2026-04-30,0.02
MA-BA-2,Falmouth 3.1 NNW,41.5871,-70.6321,2026-05-01,0.04
MA-BA-2,Falmouth 3.1 NNW,41.5871,-70.6321,2026-05-02,0.0
MA-BA-2,Falmouth 3.1 NNW,41.5871,-70.6321,2026-05-03,0.59
MA-BA-2,Falmouth 3.1 NNW,41.5871,-70.6321,2026-05-04,0.0
MA-BA-2,Falmouth 3.1 NNW,41.5871,-70.6321,2026-05-05,0.0
MA-BA-2,Falmouth 3.1 NNW,41.5871,-70.6321,2026-05-06,0.0
MA-BA-2,Falmouth 3.1 NNW,41.5871,-70.6321,2026-05-07,0.63
MA-BA-2,Falmouth 3.1 NNW,41.5871,-70.6321,2026-05-08,0.05
MA-BA-2,Falmouth 3.1 NNW,41.5871,-70.6321,2026-05-09,0.01
MA-BA-2,Falmouth 3.1 NNW,41.5871,-70.6321,2026-05-10,0.17
MA-BA-2,Falmouth 3.1 NNW,41.5871,-70.6321,2026-05-11,0.28
MA-BA-2,Falmouth 3.1 NNW,41.5871,-70.6321,2026-05-12,0.0
MA-BA-2,Falmouth 3.1 NNW,41.5871,-70.6321,2026-05-13,0.0
MA-BA-2,Falmouth 3.1 NNW,41.5871,-70.6321,2026-05-14,0.0
MA-BA-2,Falmouth 3.1 NNW,41.5871,-70.6321,2026-05-15,0.08
MA-BA-2,Falmouth 3.1 NNW,41.5871,-70.6321,2026-05-16,0.0
MA-BA-2,Falmouth 3.1 NNW,41.5871,-70.6321,2026-05-17,0.0
MA-BA-2,Falmouth 3.1 NNW,41.5871,-70.6321,2026-05-18,0.0
MA-BA-2,Falmouth 3.1 NNW,41.5871,-70.6321,2026-05-19,0.0
MA-BA-2,Falmouth 3.1 NNW,41.5871,-70.6321,2026-05-20,0.0
MA-BA-2,Falmouth 3.1 NNW,41.5871,-70.6321,2026-05-21,0.2
MA-BA-2,Falmouth 3.1 NNW,41.5871,-70.6321,2026-05-22,0.01
MA-BA-2,Falmouth 3.1 NNW,41.5871,-70.6321,2026-05-23,0.0
MA-BA-2,Falmouth 3.1 NNW,41.5871,-70.6321,2026-05-24,0.08
MA-BA-2,Falmouth 3.1 NNW,41.5871,-70.6321,2026-05-25,0.89
MA-BA-2,Falmouth 3.1 NNW,41.5871,-70.6321,2026-05-26,0.08
MA-BA-2,Falmouth 3.1 NNW,41.5871,-70.6321,2026-05-27,0.0
MA-BA-2,Falmouth 3.1 NNW,41.5871,-70.6321,2026-05-28,0.0
MA-BA-2,Falmouth 3.1 NNW,41.5871,-70.6321,2026-05-29,0.16
MA-BA-2,Falmouth 3.1 NNW,41.5871,-70.6321,2026-05-30,0.22
MA-BA-2,Falmouth 3.1 NNW,41.5871,-70.6321,2026-05-31,0.36
MA-BA-2,Falmouth 3.1 NNW,41.5871,-70.6321,2026-06-01,0.13
MA-BA-2,Falmouth 3.1 NNW,41.5871,-70.6321,2026-06-02,0.0
MA-BA-2,Falmouth 3.1 NNW,41.5871,-70.6321,2026-06-03,0.0
MA-BA-2,Falmouth 3.1 NNW,41.5871,-70.6321,2026-06-04,0.0
MA-BA-2,Falmouth 3.1 NNW,41.5871,-70.6321,2026-06-05,0.0
MA-BA-2,Falmouth 3.1 NNW,41.5871,-70.6321,2026-06-06,0.0
MA-BA-2,Falmouth 3.1 NNW,41.5871,-70.6321,2026-06-07,0.03
MA-BA-2,Falmouth 3.1 NNW,41.5871,-70.6321,2026-06-08,0.0
MA-BA-2,Falmouth 3.1 NNW,41.5871,-70.6321,2026-06-09,0.0
MA-BA-2,Falmouth 3.1 NNW,41.5871,-70.6321,2026-06-10,0.0
MA-BA-2,Falmouth 3.1 NNW,41.5871,-70.6321,2026-06-11,0.44
MA-BA-2,Falmouth 3.1 NNW,41.5871,-70.6321,2026-06-12,0.03
MA-BA-2,Falmouth 3.1 NNW,41.5871,-70.6321,2026-06-13,0.0
MA-BA-2,Falmouth 3.1 NNW,41.5871,-70.6321,2026-06-14,0.0
MA-BA-2,Falmouth 3.1 NNW,41.5871,-70.6321,2026-06-15,0.09
MA-BA-2,Falmouth 3.1 NNW,41.5871,-70.6321,2026-06-16,0.0
MA-BA-2,Falmouth 3.1 NNW,41.5871,-70.6321,2026-06-17,0.0
MA-BA-2,Falmouth 3.1 NNW,41.5871,-70.6321,2026-06-18,0.0
MA-BA-2,Falmouth 3.1 NNW,41.5871,-70.6321,2026-06-19,0.0
MA-BA-2,Falmouth 3.1 NNW,41.5871,-70.6321,2026-06-20,0.0
MA-BA-2,Falmouth 3.1 NNW,41.5871,-70.6321,2026-06-21,0.0
MA-BA-2,Falmouth 3.1 NNW,41.5871,-70.6321,2026-06-22,0.0
MA-BA-2,Falmouth 3.1 NNW,41.5871,-70.6321,2026-06-23,1.41
MA-BA-2,Falmouth 3.1 NNW,41.5871,-70.6321,2026-06-24,0.57
MA-BA-2,Falmouth 3.1 NNW,41.5871,-70.6321,2026-06-25,0.0
MA-BA-2,Falmouth 3.1 NNW,41.5871,-70.6321,2026-06-26,0.0
MA-BA-2,Falmouth 3.1 NNW,41.5871,-70.6321,2026-06-27,0.02
MA-BA-2,Falmouth 3.1 NNW,41.5871,-70.6321,2026-06-28,0.01
MA-BA-2,Falmouth 3.1 NNW,41.5871,-70.6321,2026-06-29,0.0
MA-BA-2,Falmouth 3.1 NNW,41.5871,-70.6321,2026-06-30,0.0
MA-BA-2,Falmouth 3.1 NNW,41.5871,-70.6321,2026-07-01,0.0
MA-BA-2,Falmouth 3.1 NNW,41.5871,-70.6321,2026-07-02,0.0
MA-BA-2,Falmouth 3.1 NNW,41.5871,-70.6321,2026-07-03,0.0
MA-BA-2,Falmouth 3.1 NNW,41.5871,-70.6321,2026-07-04,0.0
MA-BA-2,Falmouth 3.1 NNW,41.5871,-70.6321,2026-07-05,0.46
MA-BA-2,Falmouth 3.1 NNW,41.5871,-70.6321,2026-07-06,0.45
MA-BA-2,Falmouth 3.1 NNW,41.5871,-70.6321,2026-07-07,1.15
MA-BA-2,Falmouth 3.1 NNW,41.5871,-70.6321,2026-07-08,3.65
MA-BA-2,Falmouth 3.1 NNW,41.5871,-70.6321,2026-07-09,0.0
MA-BA-2,Falmouth 3.1 NNW,41.5871,-70.6321,2026-07-10,0.0
MA-BA-2,Falmouth 3.1 NNW,41.5871,-70.6321,2026-07-11,0.13
MA-BA-2,Falmouth 3.1 NNW,41.5871,-70.6321,2026-07-12,0.0
MA-BA-2,Falmouth 3.1 NNW,41.5871,-70.6321,2026-07-13,0.0
MA-BA-2,Falmouth 3.1 NNW,41.5871,-70.6321,2026-07-14,0.0
MA-BA-2,Falmouth 3.1 NNW,41.5871,-70.6321,2026-07-15,0.0
MA-BA-2,Falmouth 3.1 NNW,41.5871,-70.6321,2026-07-16,0.0
MA-BA-2,Falmouth 3.1 NNW,41.5871,-70.6321,2026-07-17,0.0
MA-BA-2,Falmouth 3.1 NNW,41.5871,-70.6321,2026-07-18,0.0
MA-BA-2,Falmouth 3.1 NNW,41.5871,-70.6321,2026-07-19,1.71
MA-BA-2,Falmouth 3.1 NNW,41.5871,-70.6321,2026-07-20,0.0
MA-BA-2,Falmouth 3.1 NNW,41.5871,-70.6321,2026-07-21,0.0
MA-BA-2,Falmouth 3.1 NNW,41.5871,-70.6321,2026-07-22,1.93
MA-BA-2,Falmouth 3.1 NNW,41.5871,-70.6321,2026-07-23,0.0
MA-BA-2,Falmouth 3.1 NNW,41.5871,-70.6321,2026-07-24,0.0
MA-BA-2,Falmouth 3.1 NNW,41.5871,-70.6321,2026-07-25,0.0
MA-BA-2,Falmouth 3.1 NNW,41.5871,-70.6321,2026-07-26,0.0
MA-BA-2,Falmouth 3.1 NNW,41.5871,-70.6321,2026-07-27,0.0
MA-BA-2,Falmouth 3.1 NNW,41.5871,-70.6321,2026-07-28,0.0
MA-BA-2,Falmouth 3.1 NNW,41.5871,-70.6321,2026-07-29,0.0
MA-BA-2,Falmouth 3.1 NNW,41.5871,-70.6321,2026-07-30,0.29
MA-BA-2,Falmouth 3.1 NNW,41.5871,-70.6321,2026-07-31,0.45
MA-BA-2,Falmouth 3.1 NNW,41.5871,-70.6321,2026-08-01,0.01
MA-BA-2,Falmouth 3.1 NNW,41.5871,-70.6321,2026-08-02,0.0
MA-BA-2,Falmouth 3.1 NNW,41.5871,-70.6321,2026-08-03,0.04
MA-BA-57,Falmouth 5.7 N,41.628365,-70.623234,2025-01-01,0.57
MA-BA-57,Falmouth 5.7 N,41.628365,-70.623234,2025-01-02,0.08
MA-BA-57,Falmouth 5.7 N,41.628365,-70.623234,2025-01-03,0.0
MA-BA-57,Falmouth 5.7 N,41.628365,-70.623234,2025-01-04,0.0
MA-BA-57,Falmouth 5.7 N,41.628365,-70.623234,2025-01-05,0.0
MA-BA-57,Falmouth 5.7 N,41.628365,-70.623234,2025-01-06,0.0
MA-BA-57,Falmouth 5.7 N,41.628365,-70.623234,2025-01-07,0.0
MA-BA-57,Falmouth 5.7 N,41.628365,-70.623234,2025-01-08,0.0
MA-BA-57,Falmouth 5.7 N,41.628365,-70.623234,2025-01-09,0.0
MA-BA-57,Falmouth 5.7 N,41.628365,-70.623234,2025-01-10,0.0
MA-BA-57,Falmouth 5.7 N,41.628365,-70.623234,2025-01-11,0.01
MA-BA-57,Falmouth 5.7 N,41.628365,-70.623234,2025-01-12,0.1
MA-BA-57,Falmouth 5.7 N,41.628365,-70.623234,2025-01-13,0.0
MA-BA-57,Falmouth 5.7 N,41.628365,-70.623234,2025-01-14,0.0
MA-BA-57,Falmouth 5.7 N,41.628365,-70.623234,2025-01-15,0.0
MA-BA-57,Falmouth 5.7 N,41.628365,-70.623234,2025-01-16,0.0
MA-BA-57,Falmouth 5.7 N,41.628365,-70.623234,2025-01-17,0.01
MA-BA-57,Falmouth 5.7 N,41.628365,-70.623234,2025-01-18,0.0
MA-BA-57,Falmouth 5.7 N,41.628365,-70.623234,2025-01-19,0.48
MA-BA-57,Falmouth 5.7 N,41.628365,-70.623234,2025-01-20,0.52
MA-BA-57,Falmouth 5.7 N,41.628365,-70.623234,2025-01-21,0.0
MA-BA-57,Falmouth 5.7 N,41.628365,-70.623234,2025-01-22,0.01
MA-BA-57,Falmouth 5.7 N,41.628365,-70.623234,2025-01-23,0.0
MA-BA-57,Falmouth 5.7 N,41.628365,-70.623234,2025-01-24,0.0
MA-BA-57,Falmouth 5.7 N,41.628365,-70.623234,2025-01-25,0.0
MA-BA-57,Falmouth 5.7 N,41.628365,-70.623234,2025-01-26,0.0
MA-BA-57,Falmouth 5.7 N,41.628365,-70.623234,2025-01-27,0.0
MA-BA-57,Falmouth 5.7 N,41.628365,-70.623234,2025-01-28,0.0
MA-BA-57,Falmouth 5.7 N,41.628365,-70.623234,2025-01-29,0.0
MA-BA-57,Falmouth 5.7 N,41.628365,-70.623234,2025-01-30,0.0
MA-BA-57,Falmouth 5.7 N,41.628365,-70.623234,2025-01-31,0.0
MA-BA-57,Falmouth 5.7 N,41.628365,-70.623234,2025-02-01,0.73
MA-BA-57,Falmouth 5.7 N,41.628365,-70.623234,2025-02-02,0.04
MA-BA-57,Falmouth 5.7 N,41.628365,-70.623234,2025-02-03,0.2
MA-BA-57,Falmouth 5.7 N,41.628365,-70.623234,2025-02-09,0.57
MA-BA-57,Falmouth 5.7 N,41.628365,-70.623234,2025-02-10,0.0
MA-BA-57,Falmouth 5.7 N,41.628365,-70.623234,2025-02-11,0.0
MA-BA-57,Falmouth 5.7 N,41.628365,-70.623234,2025-02-12,0.02
MA-BA-57,Falmouth 5.7 N,41.628365,-70.623234,2025-02-13,0.2
MA-BA-57,Falmouth 5.7 N,41.628365,-70.623234,2025-02-14,0.06
MA-BA-57,Falmouth 5.7 N,41.628365,-70.623234,2025-02-15,0.0
MA-BA-57,Falmouth 5.7 N,41.628365,-70.623234,2025-02-16,0.7
MA-BA-57,Falmouth 5.7 N,41.628365,-70.623234,2025-02-17,1.13
MA-BA-57,Falmouth 5.7 N,41.628365,-70.623234,2025-02-18,0.0
MA-BA-57,Falmouth 5.7 N,41.628365,-70.623234,2025-02-19,0.0
MA-BA-57,Falmouth 5.7 N,41.628365,-70.623234,2025-02-20,0.0
MA-BA-57,Falmouth 5.7 N,41.628365,-70.623234,2025-02-21,0.01
MA-BA-57,Falmouth 5.7 N,41.628365,-70.623234,2025-02-22,0.0
MA-BA-57,Falmouth 5.7 N,41.628365,-70.623234,2025-02-23,0.0
MA-BA-57,Falmouth 5.7 N,41.628365,-70.623234,2025-02-24,0.0
MA-BA-57,Falmouth 5.7 N,41.628365,-70.623234,2025-02-25,0.0
MA-BA-57,Falmouth 5.7 N,41.628365,-70.623234,2025-02-26,0.0
MA-BA-57,Falmouth 5.7 N,41.628365,-70.623234,2025-02-27,0.04
MA-BA-57,Falmouth 5.7 N,41.628365,-70.623234,2025-02-28,0.05
MA-BA-57,Falmouth 5.7 N,41.628365,-70.623234,2025-03-01,0.0
MA-BA-57,Falmouth 5.7 N,41.628365,-70.623234,2025-03-02,0.0
MA-BA-57,Falmouth 5.7 N,41.628365,-70.623234,2025-03-03,0.0
MA-BA-57,Falmouth 5.7 N,41.628365,-70.623234,2025-03-04,0.0
MA-BA-57,Falmouth 5.7 N,41.628365,-70.623234,2025-03-05,0.0
MA-BA-57,Falmouth 5.7 N,41.628365,-70.623234,2025-03-06,0.42
MA-BA-57,Falmouth 5.7 N,41.628365,-70.623234,2025-03-07,0.05
MA-BA-57,Falmouth 5.7 N,41.628365,-70.623234,2025-03-08,0.0
MA-BA-57,Falmouth 5.7 N,41.628365,-70.623234,2025-03-09,0.0
MA-BA-57,Falmouth 5.7 N,41.628365,-70.623234,2025-03-10,0.0
MA-BA-57,Falmouth 5.7 N,41.628365,-70.623234,2025-03-11,0.0
MA-BA-57,Falmouth 5.7 N,41.628365,-70.623234,2025-03-12,0.0
MA-BA-57,Falmouth 5.7 N,41.628365,-70.623234,2025-03-13,0.0
MA-BA-57,Falmouth 5.7 N,41.628365,-70.623234,2025-03-14,0.0
MA-BA-57,Falmouth 5.7 N,41.628365,-70.623234,2025-03-15,0.0
MA-BA-57,Falmouth 5.7 N,41.628365,-70.623234,2025-03-16,0.0
MA-BA-57,Falmouth 5.7 N,41.628365,-70.623234,2025-03-17,0.31
MA-BA-57,Falmouth 5.7 N,41.628365,-70.623234,2025-03-20,0.01
MA-BA-57,Falmouth 5.7 N,41.628365,-70.623234,2025-03-21,0.35
MA-BA-57,Falmouth 5.7 N,41.628365,-70.623234,2025-03-22,0.12
MA-BA-57,Falmouth 5.7 N,41.628365,-70.623234,2025-03-23,0.0
MA-BA-57,Falmouth 5.7 N,41.628365,-70.623234,2025-03-24,0.0
MA-BA-57,Falmouth 5.7 N,41.628365,-70.623234,2025-03-25,0.51
MA-BA-57,Falmouth 5.7 N,41.628365,-70.623234,2025-03-26,0.0
MA-BA-57,Falmouth 5.7 N,41.628365,-70.623234,2025-03-27,0.0
MA-BA-57,Falmouth 5.7 N,41.628365,-70.623234,2025-03-28,0.0
MA-BA-57,Falmouth 5.7 N,41.628365,-70.623234,2025-03-29,0.03
MA-BA-57,Falmouth 5.7 N,41.628365,-70.623234,2025-03-30,0.09
MA-BA-57,Falmouth 5.7 N,41.628365,-70.623234,2025-03-31,0.0
MA-BA-57,Falmouth 5.7 N,41.628365,-70.623234,2025-04-01,0.19
MA-BA-57,Falmouth 5.7 N,41.628365,-70.623234,2025-04-02,0.0
MA-BA-57,Falmouth 5.7 N,41.628365,-70.623234,2025-04-03,0.25
MA-BA-57,Falmouth 5.7 N,41.628365,-70.623234,2025-04-04,0.15
MA-BA-57,Falmouth 5.7 N,41.628365,-70.623234,2025-04-05,0.0
MA-BA-57,Falmouth 5.7 N,41.628365,-70.623234,2025-04-06,0.73
MA-BA-57,Falmouth 5.7 N,41.628365,-70.623234,2025-04-07,0.03
MA-BA-57,Falmouth 5.7 N,41.628365,-70.623234,2025-04-08,0.58
MA-BA-57,Falmouth 5.7 N,41.628365,-70.623234,2025-04-09,0.03
MA-BA-57,Falmouth 5.7 N,41.628365,-70.623234,2025-04-10,0.0
MA-BA-57,Falmouth 5.7 N,41.628365,-70.623234,2025-04-11,0.05
MA-BA-57,Falmouth 5.7 N,41.628365,-70.623234,2025-04-12,0.33
MA-BA-57,Falmouth 5.7 N,41.628365,-70.623234,2025-04-13,0.18
MA-BA-57,Falmouth 5.7 N,41.628365,-70.623234,2025-04-14,0.55
MA-BA-57,Falmouth 5.7 N,41.628365,-70.623234,2025-04-15,0.11
MA-BA-57,Falmouth 5.7 N,41.628365,-70.623234,2025-04-16,0.03
MA-BA-57,Falmouth 5.7 N,41.628365,-70.623234,2025-04-17,0.0
MA-BA-57,Falmouth 5.7 N,41.628365,-70.623234,2025-04-18,0.0
MA-BA-57,Falmouth 5.7 N,41.628365,-70.623234,2025-04-19,0.0
MA-BA-57,Falmouth 5.7 N,41.628365,-70.623234,2025-04-20,0.0
MA-BA-57,Falmouth 5.7 N,41.628365,-70.623234,2025-04-21,0.0
MA-BA-57,Falmouth 5.7 N,41.628365,-70.623234,2025-04-22,0.08
MA-BA-57,Falmouth 5.7 N,41.628365,-70.623234,2025-04-23,0.0
MA-BA-57,Falmouth 5.7 N,41.628365,-70.623234,2025-04-24,0.0
MA-BA-57,Falmouth 5.7 N,41.628365,-70.623234,2025-04-25,0.0
MA-BA-57,Falmouth 5.7 N,41.628365,-70.623234,2025-04-26,0.01
MA-BA-57,Falmouth 5.7 N,41.628365,-70.623234,2025-04-27,0.6
MA-BA-57,Falmouth 5.7 N,41.628365,-70.623234,2025-04-28,0.0
MA-BA-57,Falmouth 5.7 N,41.628365,-70.623234,2025-04-29,0.0
MA-BA-57,Falmouth 5.7 N,41.628365,-70.623234,2025-04-30,0.0
MA-BA-57,Falmouth 5.7 N,41.628365,-70.623234,2025-05-01,0.0
MA-BA-57,Falmouth 5.7 N,41.628365,-70.623234,2025-05-02,0.54
MA-BA-57,Falmouth 5.7 N,41.628365,-70.623234,2025-05-03,0.0
MA-BA-57,Falmouth 5.7 N,41.628365,-70.623234,2025-05-04,0.0
MA-BA-57,Falmouth 5.7 N,41.628365,-70.623234,2025-05-05,0.14
MA-BA-57,Falmouth 5.7 N,41.628365,-70.623234,2025-05-06,0.01
MA-BA-57,Falmouth 5.7 N,41.628365,-70.623234,2025-05-07,0.06
MA-BA-57,Falmouth 5.7 N,41.628365,-70.623234,2025-05-08,0.0
MA-BA-57,Falmouth 5.7 N,41.628365,-70.623234,2025-05-09,0.0
MA-BA-57,Falmouth 5.7 N,41.628365,-70.623234,2025-05-10,1.29
MA-BA-57,Falmouth 5.7 N,41.628365,-70.623234,2025-05-11,0.0
MA-BA-57,Falmouth 5.7 N,41.628365,-70.623234,2025-05-12,0.0
MA-BA-57,Falmouth 5.7 N,41.628365,-70.623234,2025-05-13,0.0
MA-BA-57,Falmouth 5.7 N,41.628365,-70.623234,2025-05-14,0.0
MA-BA-57,Falmouth 5.7 N,41.628365,-70.623234,2025-05-15,0.0
MA-BA-57,Falmouth 5.7 N,41.628365,-70.623234,2025-05-16,0.0
MA-BA-57,Falmouth 5.7 N,41.628365,-70.623234,2025-05-17,0.0
MA-BA-57,Falmouth 5.7 N,41.628365,-70.623234,2025-05-18,0.0
MA-BA-57,Falmouth 5.7 N,41.628365,-70.623234,2025-05-19,0.0
MA-BA-57,Falmouth 5.7 N,41.628365,-70.623234,2025-05-20,0.0
MA-BA-57,Falmouth 5.7 N,41.628365,-70.623234,2025-05-21,0.0
MA-BA-57,Falmouth 5.7 N,41.628365,-70.623234,2025-05-22,0.01
MA-BA-57,Falmouth 5.7 N,41.628365,-70.623234,2025-05-23,4.66
MA-BA-57,Falmouth 5.7 N,41.628365,-70.623234,2025-05-24,0.0
MA-BA-57,Falmouth 5.7 N,41.628365,-70.623234,2025-05-25,0.03
MA-BA-57,Falmouth 5.7 N,41.628365,-70.623234,2025-05-26,0.0
MA-BA-57,Falmouth 5.7 N,41.628365,-70.623234,2025-05-27,0.0
MA-BA-57,Falmouth 5.7 N,41.628365,-70.623234,2025-05-28,0.0
MA-BA-57,Falmouth 5.7 N,41.628365,-70.623234,2025-05-29,0.14
MA-BA-57,Falmouth 5.7 N,41.628365,-70.623234,2025-05-30,0.05
MA-BA-57,Falmouth 5.7 N,41.628365,-70.623234,2025-05-31,0.19
MA-BA-57,Falmouth 5.7 N,41.628365,-70.623234,2025-06-01,0.0
MA-BA-57,Falmouth 5.7 N,41.628365,-70.623234,2025-06-02,0.0
MA-BA-57,Falmouth 5.7 N,41.628365,-70.623234,2025-06-03,0.0
MA-BA-57,Falmouth 5.7 N,41.628365,-70.623234,2025-06-04,0.0
MA-BA-57,Falmouth 5.7 N,41.628365,-70.623234,2025-06-05,0.0
MA-BA-57,Falmouth 5.7 N,41.628365,-70.623234,2025-06-06,0.0
MA-BA-57,Falmouth 5.7 N,41.628365,-70.623234,2025-06-07,0.01
MA-BA-57,Falmouth 5.7 N,41.628365,-70.623234,2025-06-08,0.21
MA-BA-57,Falmouth 5.7 N,41.628365,-70.623234,2025-06-09,0.0
MA-BA-57,Falmouth 5.7 N,41.628365,-70.623234,2025-06-10,0.09
MA-BA-57,Falmouth 5.7 N,41.628365,-70.623234,2025-06-11,0.71
MA-BA-57,Falmouth 5.7 N,41.628365,-70.623234,2025-06-12,0.0
MA-BA-57,Falmouth 5.7 N,41.628365,-70.623234,2025-06-13,0.0
MA-BA-57,Falmouth 5.7 N,41.628365,-70.623234,2025-06-14,0.0
MA-BA-57,Falmouth 5.7 N,41.628365,-70.623234,2025-06-15,0.17
MA-BA-57,Falmouth 5.7 N,41.628365,-70.623234,2025-06-16,0.0
MA-BA-57,Falmouth 5.7 N,41.628365,-70.623234,2025-06-17,0.0
MA-BA-57,Falmouth 5.7 N,41.628365,-70.623234,2025-06-18,0.0
MA-BA-57,Falmouth 5.7 N,41.628365,-70.623234,2025-06-19,0.0
MA-BA-57,Falmouth 5.7 N,41.628365,-70.623234,2025-06-20,0.0
MA-BA-57,Falmouth 5.7 N,41.628365,-70.623234,2025-06-21,0.0
MA-BA-57,Falmouth 5.7 N,41.628365,-70.623234,2025-06-22,0.0
MA-BA-57,Falmouth 5.7 N,41.628365,-70.623234,2025-06-23,0.0
MA-BA-57,Falmouth 5.7 N,41.628365,-70.623234,2025-06-24,0.0
MA-BA-57,Falmouth 5.7 N,41.628365,-70.623234,2025-06-25,0.0
MA-BA-57,Falmouth 5.7 N,41.628365,-70.623234,2025-06-26,0.0
MA-BA-57,Falmouth 5.7 N,41.628365,-70.623234,2025-06-27,0.0
MA-BA-57,Falmouth 5.7 N,41.628365,-70.623234,2025-06-28,0.0
MA-BA-57,Falmouth 5.7 N,41.628365,-70.623234,2025-06-29,0.01
MA-BA-57,Falmouth 5.7 N,41.628365,-70.623234,2025-06-30,0.0
MA-BA-57,Falmouth 5.7 N,41.628365,-70.623234,2025-07-01,0.0
MA-BA-57,Falmouth 5.7 N,41.628365,-70.623234,2025-07-02,0.01
MA-BA-57,Falmouth 5.7 N,41.628365,-70.623234,2025-07-03,0.0
MA-BA-57,Falmouth 5.7 N,41.628365,-70.623234,2025-07-04,0.04
MA-BA-57,Falmouth 5.7 N,41.628365,-70.623234,2025-07-05,0.0
MA-BA-57,Falmouth 5.7 N,41.628365,-70.623234,2025-07-06,0.0
MA-BA-57,Falmouth 5.7 N,41.628365,-70.623234,2025-07-07,0.0
MA-BA-57,Falmouth 5.7 N,41.628365,-70.623234,2025-07-08,0.15
MA-BA-57,Falmouth 5.7 N,41.628365,-70.623234,2025-07-09,0.48
MA-BA-57,Falmouth 5.7 N,41.628365,-70.623234,2025-07-10,0.19
MA-BA-57,Falmouth 5.7 N,41.628365,-70.623234,2025-07-11,0.17
MA-BA-57,Falmouth 5.7 N,41.628365,-70.623234,2025-07-12,0.0
MA-BA-57,Falmouth 5.7 N,41.628365,-70.623234,2025-07-13,0.0
MA-BA-57,Falmouth 5.7 N,41.628365,-70.623234,2025-07-14,0.0
MA-BA-57,Falmouth 5.7 N,41.628365,-70.623234,2025-07-19,0.0
MA-BA-57,Falmouth 5.7 N,41.628365,-70.623234,2025-07-20,0.0
MA-BA-57,Falmouth 5.7 N,41.628365,-70.623234,2025-07-21,0.08
MA-BA-57,Falmouth 5.7 N,41.628365,-70.623234,2025-07-22,0.0
MA-BA-57,Falmouth 5.7 N,41.628365,-70.623234,2025-07-23,0.0
MA-BA-57,Falmouth 5.7 N,41.628365,-70.623234,2025-07-24,0.0
MA-BA-57,Falmouth 5.7 N,41.628365,-70.623234,2025-07-25,0.0
MA-BA-57,Falmouth 5.7 N,41.628365,-70.623234,2025-07-26,0.04
MA-BA-57,Falmouth 5.7 N,41.628365,-70.623234,2025-07-27,0.0
MA-BA-57,Falmouth 5.7 N,41.628365,-70.623234,2025-07-28,0.01
MA-BA-57,Falmouth 5.7 N,41.628365,-70.623234,2025-07-29,0.0
MA-BA-57,Falmouth 5.7 N,41.628365,-70.623234,2025-07-30,0.0
MA-BA-57,Falmouth 5.7 N,41.628365,-70.623234,2025-07-31,0.0
MA-BA-57,Falmouth 5.7 N,41.628365,-70.623234,2025-08-01,0.25
MA-BA-57,Falmouth 5.7 N,41.628365,-70.623234,2025-08-02,0.12
MA-BA-57,Falmouth 5.7 N,41.628365,-70.623234,2025-08-03,0.0
MA-BA-57,Falmouth 5.7 N,41.628365,-70.623234,2025-08-04,0.0
MA-BA-57,Falmouth 5.7 N,41.628365,-70.623234,2025-08-05,0.0
MA-BA-57,Falmouth 5.7 N,41.628365,-70.623234,2025-08-06,0.0
MA-BA-57,Falmouth 5.7 N,41.628365,-70.623234,2025-08-07,0.0
MA-BA-57,Falmouth 5.7 N,41.628365,-70.623234,2025-08-08,0.0
MA-BA-57,Falmouth 5.7 N,41.628365,-70.623234,2025-08-09,0.0
MA-BA-57,Falmouth 5.7 N,41.628365,-70.623234,2025-08-10,0.0
MA-BA-57,Falmouth 5.7 N,41.628365,-70.623234,2025-08-11,0.0
MA-BA-57,Falmouth 5.7 N,41.628365,-70.623234,2025-08-12,0.0
MA-BA-57,Falmouth 5.7 N,41.628365,-70.623234,2025-08-13,0.0
MA-BA-57,Falmouth 5.7 N,41.628365,-70.623234,2025-08-14,0.0
MA-BA-57,Falmouth 5.7 N,41.628365,-70.623234,2025-08-15,0.0
MA-BA-57,Falmouth 5.7 N,41.628365,-70.623234,2025-08-16,0.0
MA-BA-57,Falmouth 5.7 N,41.628365,-70.623234,2025-08-17,0.0
MA-BA-57,Falmouth 5.7 N,41.628365,-70.623234,2025-08-18,0.0
MA-BA-57,Falmouth 5.7 N,41.628365,-70.623234,2025-08-19,0.0
MA-BA-57,Falmouth 5.7 N,41.628365,-70.623234,2025-08-20,0.0
MA-BA-57,Falmouth 5.7 N,41.628365,-70.623234,2025-08-21,1.44
MA-BA-57,Falmouth 5.7 N,41.628365,-70.623234,2025-08-22,0.0
MA-BA-57,Falmouth 5.7 N,41.628365,-70.623234,2025-08-23,0.0
MA-BA-57,Falmouth 5.7 N,41.628365,-70.623234,2025-08-24,0.0
MA-BA-57,Falmouth 5.7 N,41.628365,-70.623234,2025-08-25,0.0
MA-BA-57,Falmouth 5.7 N,41.628365,-70.623234,2025-08-26,0.02
MA-BA-57,Falmouth 5.7 N,41.628365,-70.623234,2025-08-27,0.0
MA-BA-57,Falmouth 5.7 N,41.628365,-70.623234,2025-08-28,0.0
MA-BA-57,Falmouth 5.7 N,41.628365,-70.623234,2025-08-29,0.0
MA-BA-57,Falmouth 5.7 N,41.628365,-70.623234,2025-08-30,0.36
MA-BA-57,Falmouth 5.7 N,41.628365,-70.623234,2025-08-31,0.0
MA-BA-57,Falmouth 5.7 N,41.628365,-70.623234,2025-09-01,0.0
MA-BA-57,Falmouth 5.7 N,41.628365,-70.623234,2025-09-02,0.0
MA-BA-57,Falmouth 5.7 N,41.628365,-70.623234,2025-09-03,0.0
MA-BA-57,Falmouth 5.7 N,41.628365,-70.623234,2025-09-04,0.0
MA-BA-57,Falmouth 5.7 N,41.628365,-70.623234,2025-09-05,0.0
MA-BA-57,Falmouth 5.7 N,41.628365,-70.623234,2025-09-06,0.0
MA-BA-57,Falmouth 5.7 N,41.628365,-70.623234,2025-09-07,0.03
MA-BA-57,Falmouth 5.7 N,41.628365,-70.623234,2025-09-08,0.83
MA-BA-57,Falmouth 5.7 N,41.628365,-70.623234,2025-09-09,0.0
MA-BA-57,Falmouth 5.7 N,41.628365,-70.623234,2025-09-10,0.0
MA-BA-57,Falmouth 5.7 N,41.628365,-70.623234,2025-09-11,0.0
MA-BA-57,Falmouth 5.7 N,41.628365,-70.623234,2025-09-12,0.0
MA-BA-57,Falmouth 5.7 N,41.628365,-70.623234,2025-09-13,0.0
MA-BA-57,Falmouth 5.7 N,41.628365,-70.623234,2025-09-14,0.0
MA-BA-57,Falmouth 5.7 N,41.628365,-70.623234,2025-09-15,0.0
MA-BA-57,Falmouth 5.7 N,41.628365,-70.623234,2025-09-16,0.0
MA-BA-57,Falmouth 5.7 N,41.628365,-70.623234,2025-09-17,0.0
MA-BA-57,Falmouth 5.7 N,41.628365,-70.623234,2025-09-18,0.24
MA-BA-57,Falmouth 5.7 N,41.628365,-70.623234,2025-09-19,0.0
MA-BA-57,Falmouth 5.7 N,41.628365,-70.623234,2025-09-20,0.0
MA-BA-57,Falmouth 5.7 N,41.628365,-70.623234,2025-09-21,0.0
MA-BA-57,Falmouth 5.7 N,41.628365,-70.623234,2025-09-22,0.0
MA-BA-57,Falmouth 5.7 N,41.628365,-70.623234,2025-09-23,0.0
MA-BA-57,Falmouth 5.7 N,41.628365,-70.623234,2025-09-24,0.0
MA-BA-57,Falmouth 5.7 N,41.628365,-70.623234,2025-09-25,2.49
MA-BA-57,Falmouth 5.7 N,41.628365,-70.623234,2025-09-26,0.83
MA-BA-57,Falmouth 5.7 N,41.628365,-70.623234,2025-09-27,0.0
MA-BA-57,Falmouth 5.7 N,41.628365,-70.623234,2025-09-28,0.08
MA-BA-57,Falmouth 5.7 N,41.628365,-70.623234,2025-09-29,0.0
MA-BA-57,Falmouth 5.7 N,41.628365,-70.623234,2025-09-30,0.0
MA-BA-57,Falmouth 5.7 N,41.628365,-70.623234,2025-10-01,0.0
MA-BA-57,Falmouth 5.7 N,41.628365,-70.623234,2025-10-02,0.0
MA-BA-57,Falmouth 5.7 N,41.628365,-70.623234,2025-10-03,0.0
MA-BA-57,Falmouth 5.7 N,41.628365,-70.623234,2025-10-04,0.0
MA-BA-57,Falmouth 5.7 N,41.628365,-70.623234,2025-10-05,0.0
MA-BA-57,Falmouth 5.7 N,41.628365,-70.623234,2025-10-06,0.0
MA-BA-57,Falmouth 5.7 N,41.628365,-70.623234,2025-10-07,0.0
MA-BA-57,Falmouth 5.7 N,41.628365,-70.623234,2025-10-08,0.0
MA-BA-57,Falmouth 5.7 N,41.628365,-70.623234,2025-10-09,0.79
MA-BA-57,Falmouth 5.7 N,41.628365,-70.623234,2025-10-10,0.0
MA-BA-57,Falmouth 5.7 N,41.628365,-70.623234,2025-10-11,0.0
MA-BA-57,Falmouth 5.7 N,41.628365,-70.623234,2025-10-12,0.0
MA-BA-57,Falmouth 5.7 N,41.628365,-70.623234,2025-10-13,2.46
MA-BA-57,Falmouth 5.7 N,41.628365,-70.623234,2025-10-14,1.81
MA-BA-57,Falmouth 5.7 N,41.628365,-70.623234,2025-10-15,0.36
MA-BA-57,Falmouth 5.7 N,41.628365,-70.623234,2025-10-16,0.0
MA-BA-57,Falmouth 5.7 N,41.628365,-70.623234,2025-10-17,0.0
MA-BA-57,Falmouth 5.7 N,41.628365,-70.623234,2025-10-18,0.0
MA-BA-57,Falmouth 5.7 N,41.628365,-70.623234,2025-10-19,0.0
MA-BA-57,Falmouth 5.7 N,41.628365,-70.623234,2025-10-20,0.0
MA-BA-57,Falmouth 5.7 N,41.628365,-70.623234,2025-10-21,0.83
MA-BA-57,Falmouth 5.7 N,41.628365,-70.623234,2025-10-22,0.0
MA-BA-57,Falmouth 5.7 N,41.628365,-70.623234,2025-10-23,0.02
MA-BA-57,Falmouth 5.7 N,41.628365,-70.623234,2025-10-24,0.0
MA-BA-57,Falmouth 5.7 N,41.628365,-70.623234,2025-10-25,0.0
MA-BA-57,Falmouth 5.7 N,41.628365,-70.623234,2025-10-26,0.0
MA-BA-57,Falmouth 5.7 N,41.628365,-70.623234,2025-10-27,0.0
MA-BA-57,Falmouth 5.7 N,41.628365,-70.623234,2025-10-28,0.02
MA-BA-57,Falmouth 5.7 N,41.628365,-70.623234,2025-10-29,0.02
MA-BA-57,Falmouth 5.7 N,41.628365,-70.623234,2025-10-30,0.05
MA-BA-57,Falmouth 5.7 N,41.628365,-70.623234,2025-10-31,2.07
MA-BA-57,Falmouth 5.7 N,41.628365,-70.623234,2025-11-01,0.0
MA-BA-57,Falmouth 5.7 N,41.628365,-70.623234,2025-11-02,0.0
MA-BA-57,Falmouth 5.7 N,41.628365,-70.623234,2025-11-03,0.0
MA-BA-57,Falmouth 5.7 N,41.628365,-70.623234,2025-11-04,0.35
MA-BA-57,Falmouth 5.7 N,41.628365,-70.623234,2025-11-05,0.0
MA-BA-57,Falmouth 5.7 N,41.628365,-70.623234,2025-11-06,0.01
MA-BA-57,Falmouth 5.7 N,41.628365,-70.623234,2025-11-07,0.0
MA-BA-57,Falmouth 5.7 N,41.628365,-70.623234,2025-11-08,0.01
MA-BA-57,Falmouth 5.7 N,41.628365,-70.623234,2025-11-09,0.01
MA-BA-57,Falmouth 5.7 N,41.628365,-70.623234,2025-11-10,2.61
MA-BA-57,Falmouth 5.7 N,41.628365,-70.623234,2025-11-11,0.57
MA-BA-57,Falmouth 5.7 N,41.628365,-70.623234,2025-11-12,0.0
MA-BA-57,Falmouth 5.7 N,41.628365,-70.623234,2025-11-13,0.0
MA-BA-57,Falmouth 5.7 N,41.628365,-70.623234,2025-11-14,0.0
MA-BA-57,Falmouth 5.7 N,41.628365,-70.623234,2025-11-15,0.0
MA-BA-57,Falmouth 5.7 N,41.628365,-70.623234,2025-11-16,0.72
MA-BA-57,Falmouth 5.7 N,41.628365,-70.623234,2025-11-17,0.0
MA-BA-57,Falmouth 5.7 N,41.628365,-70.623234,2025-11-18,0.0
MA-BA-57,Falmouth 5.7 N,41.628365,-70.623234,2025-11-19,0.0
MA-BA-57,Falmouth 5.7 N,41.628365,-70.623234,2025-11-20,0.0
MA-BA-57,Falmouth 5.7 N,41.628365,-70.623234,2025-11-21,0.0
MA-BA-57,Falmouth 5.7 N,41.628365,-70.623234,2025-11-22,0.01
MA-BA-57,Falmouth 5.7 N,41.628365,-70.623234,2025-11-23,0.2
MA-BA-57,Falmouth 5.7 N,41.628365,-70.623234,2025-11-24,0.0
MA-BA-57,Falmouth 5.7 N,41.628365,-70.623234,2025-11-25,0.0
MA-BA-57,Falmouth 5.7 N,41.628365,-70.623234,2025-11-26,0.18
MA-BA-57,Falmouth 5.7 N,41.628365,-70.623234,2025-11-27,0.03
MA-BA-57,Falmouth 5.7 N,41.628365,-70.623234,2025-11-28,0.0
MA-BA-57,Falmouth 5.7 N,41.628365,-70.623234,2025-11-29,0.0
MA-BA-57,Falmouth 5.7 N,41.628365,-70.623234,2025-11-30,0.0
MA-BA-57,Falmouth 5.7 N,41.628365,-70.623234,2025-12-01,0.2
MA-BA-57,Falmouth 5.7 N,41.628365,-70.623234,2025-12-02,0.0
MA-BA-57,Falmouth 5.7 N,41.628365,-70.623234,2025-12-03,1.06
MA-BA-57,Falmouth 5.7 N,41.628365,-70.623234,2025-12-04,0.0
MA-BA-57,Falmouth 5.7 N,41.628365,-70.623234,2025-12-05,0.0
MA-BA-57,Falmouth 5.7 N,41.628365,-70.623234,2025-12-06,0.0
MA-BA-57,Falmouth 5.7 N,41.628365,-70.623234,2025-12-07,0.0
MA-BA-57,Falmouth 5.7 N,41.628365,-70.623234,2025-12-08,0.0
MA-BA-57,Falmouth 5.7 N,41.628365,-70.623234,2025-12-09,0.0
MA-BA-57,Falmouth 5.7 N,41.628365,-70.623234,2025-12-10,0.03
MA-BA-57,Falmouth 5.7 N,41.628365,-70.623234,2025-12-12,0.0
MA-BA-57,Falmouth 5.7 N,41.628365,-70.623234,2025-12-13,0.0
MA-BA-57,Falmouth 5.7 N,41.628365,-70.623234,2025-12-14,0.17
MA-BA-57,Falmouth 5.7 N,41.628365,-70.623234,2025-12-15,0.16
MA-BA-57,Falmouth 5.7 N,41.628365,-70.623234,2025-12-16,0.0
MA-BA-57,Falmouth 5.7 N,41.628365,-70.623234,2025-12-17,0.0
MA-BA-57,Falmouth 5.7 N,41.628365,-70.623234,2025-12-18,0.0
MA-BA-57,Falmouth 5.7 N,41.628365,-70.623234,2025-12-19,0.11
MA-BA-57,Falmouth 5.7 N,41.628365,-70.623234,2025-12-20,0.3
MA-BA-57,Falmouth 5.7 N,41.628365,-70.623234,2025-12-21,0.0
MA-BA-57,Falmouth 5.7 N,41.628365,-70.623234,2025-12-22,0.0
MA-BA-57,Falmouth 5.7 N,41.628365,-70.623234,2025-12-23,0.0
MA-BA-57,Falmouth 5.7 N,41.628365,-70.623234,2025-12-24,0.14
MA-BA-57,Falmouth 5.7 N,41.628365,-70.623234,2025-12-25,0.0
MA-BA-57,Falmouth 5.7 N,41.628365,-70.623234,2025-12-26,0.0
MA-BA-57,Falmouth 5.7 N,41.628365,-70.623234,2025-12-27,0.24
MA-BA-57,Falmouth 5.7 N,41.628365,-70.623234,2025-12-28,0.01
MA-BA-57,Falmouth 5.7 N,41.628365,-70.623234,2025-12-29,0.3
MA-BA-57,Falmouth 5.7 N,41.628365,-70.623234,2025-12-30,0.22
MA-BA-57,Falmouth 5.7 N,41.628365,-70.623234,2025-12-31,0.0
MA-BA-57,Falmouth 5.7 N,41.628365,-70.623234,2026-01-01,0.18
MA-BA-57,Falmouth 5.7 N,41.628365,-70.623234,2026-01-02,0.04
MA-BA-57,Falmouth 5.7 N,41.628365,-70.623234,2026-01-03,0.0
MA-BA-57,Falmouth 5.7 N,41.628365,-70.623234,2026-01-04,0.0
MA-BA-57,Falmouth 5.7 N,41.628365,-70.623234,2026-01-05,0.01
MA-BA-57,Falmouth 5.7 N,41.628365,-70.623234,2026-01-06,0.04
MA-BA-57,Falmouth 5.7 N,41.628365,-70.623234,2026-01-07,0.04
MA-BA-57,Falmouth 5.7 N,41.628365,-70.623234,2026-01-08,0.02
MA-BA-57,Falmouth 5.7 N,41.628365,-70.623234,2026-01-09,0.0
MA-BA-57,Falmouth 5.7 N,41.628365,-70.623234,2026-01-10,0.05
MA-BA-57,Falmouth 5.7 N,41.628365,-70.623234,2026-01-11,0.86
MA-BA-57,Falmouth 5.7 N,41.628365,-70.623234,2026-01-12,0.0
MA-BA-57,Falmouth 5.7 N,41.628365,-70.623234,2026-01-13,0.0
MA-BA-57,Falmouth 5.7 N,41.628365,-70.623234,2026-01-14,0.0
MA-BA-57,Falmouth 5.7 N,41.628365,-70.623234,2026-01-15,0.0
MA-BA-57,Falmouth 5.7 N,41.628365,-70.623234,2026-01-16,0.0
MA-BA-57,Falmouth 5.7 N,41.628365,-70.623234,2026-01-17,0.0
MA-BA-57,Falmouth 5.7 N,41.628365,-70.623234,2026-01-18,0.0
MA-BA-57,Falmouth 5.7 N,41.628365,-70.623234,2026-01-19,1.08
MA-BA-57,Falmouth 5.7 N,41.628365,-70.623234,2026-01-20,0.02
MA-BA-57,Falmouth 5.7 N,41.628365,-70.623234,2026-01-21,0.0
MA-BA-57,Falmouth 5.7 N,41.628365,-70.623234,2026-01-22,0.0
MA-BA-57,Falmouth 5.7 N,41.628365,-70.623234,2026-01-23,0.0
MA-BA-57,Falmouth 5.7 N,41.628365,-70.623234,2026-01-24,0.0
MA-BA-57,Falmouth 5.7 N,41.628365,-70.623234,2026-01-25,0.0
MA-BA-57,Falmouth 5.7 N,41.628365,-70.623234,2026-01-26,1.69
MA-BA-57,Falmouth 5.7 N,41.628365,-70.623234,2026-01-27,0.17
MA-BA-57,Falmouth 5.7 N,41.628365,-70.623234,2026-01-28,0.0
MA-BA-57,Falmouth 5.7 N,41.628365,-70.623234,2026-01-29,0.0
MA-BA-57,Falmouth 5.7 N,41.628365,-70.623234,2026-01-30,0.0
MA-BA-57,Falmouth 5.7 N,41.628365,-70.623234,2026-01-31,0.0
MA-BA-57,Falmouth 5.7 N,41.628365,-70.623234,2026-02-01,0.02
MA-BA-57,Falmouth 5.7 N,41.628365,-70.623234,2026-02-02,0.04
MA-BA-57,Falmouth 5.7 N,41.628365,-70.623234,2026-02-03,0.0
MA-BA-57,Falmouth 5.7 N,41.628365,-70.623234,2026-02-04,0.0
MA-BA-57,Falmouth 5.7 N,41.628365,-70.623234,2026-02-05,0.0
MA-BA-57,Falmouth 5.7 N,41.628365,-70.623234,2026-02-06,0.0
MA-BA-57,Falmouth 5.7 N,41.628365,-70.623234,2026-02-07,0.02
MA-BA-57,Falmouth 5.7 N,41.628365,-70.623234,2026-02-08,0.15
MA-BA-57,Falmouth 5.7 N,41.628365,-70.623234,2026-02-09,0.0
MA-BA-57,Falmouth 5.7 N,41.628365,-70.623234,2026-02-10,0.0
MA-BA-57,Falmouth 5.7 N,41.628365,-70.623234,2026-02-11,0.16
MA-BA-57,Falmouth 5.7 N,41.628365,-70.623234,2026-02-12,0.0
MA-BA-57,Falmouth 5.7 N,41.628365,-70.623234,2026-02-13,0.0
MA-BA-57,Falmouth 5.7 N,41.628365,-70.623234,2026-02-14,0.0
MA-BA-57,Falmouth 5.7 N,41.628365,-70.623234,2026-02-15,0.0
MA-BA-57,Falmouth 5.7 N,41.628365,-70.623234,2026-02-16,0.0
MA-BA-57,Falmouth 5.7 N,41.628365,-70.623234,2026-02-17,0.0
MA-BA-57,Falmouth 5.7 N,41.628365,-70.623234,2026-02-18,0.0
MA-BA-57,Falmouth 5.7 N,41.628365,-70.623234,2026-02-19,0.21
MA-BA-57,Falmouth 5.7 N,41.628365,-70.623234,2026-02-20,0.0
MA-BA-57,Falmouth 5.7 N,41.628365,-70.623234,2026-02-21,0.63
MA-BA-57,Falmouth 5.7 N,41.628365,-70.623234,2026-02-22,0.02
MA-BA-57,Falmouth 5.7 N,41.628365,-70.623234,2026-02-23,1.01
MA-BA-57,Falmouth 5.7 N,41.628365,-70.623234,2026-02-24,2.76
MA-BA-57,Falmouth 5.7 N,41.628365,-70.623234,2026-02-25,
MA-BA-57,Falmouth 5.7 N,41.628365,-70.623234,2026-02-26,0.05
MA-BA-57,Falmouth 5.7 N,41.628365,-70.623234,2026-02-27,0.0
MA-BA-57,Falmouth 5.7 N,41.628365,-70.623234,2026-02-28,0.0
MA-BA-57,Falmouth 5.7 N,41.628365,-70.623234,2026-03-01,0.0
MA-BA-57,Falmouth 5.7 N,41.628365,-70.623234,2026-03-02,0.02
MA-BA-57,Falmouth 5.7 N,41.628365,-70.623234,2026-03-03,0.0
MA-BA-57,Falmouth 5.7 N,41.628365,-70.623234,2026-03-04,0.77
MA-BA-57,Falmouth 5.7 N,41.628365,-70.623234,2026-03-05,0.0
MA-BA-57,Falmouth 5.7 N,41.628365,-70.623234,2026-03-06,1.2
MA-BA-57,Falmouth 5.7 N,41.628365,-70.623234,2026-03-07,0.09
MA-BA-57,Falmouth 5.7 N,41.628365,-70.623234,2026-03-08,0.03
MA-BA-57,Falmouth 5.7 N,41.628365,-70.623234,2026-03-09,0.03
MA-BA-57,Falmouth 5.7 N,41.628365,-70.623234,2026-03-10,0.01
MA-BA-57,Falmouth 5.7 N,41.628365,-70.623234,2026-03-11,0.0
MA-BA-57,Falmouth 5.7 N,41.628365,-70.623234,2026-03-12,0.02
MA-BA-57,Falmouth 5.7 N,41.628365,-70.623234,2026-03-13,0.04
MA-BA-57,Falmouth 5.7 N,41.628365,-70.623234,2026-03-14,0.0
MA-BA-57,Falmouth 5.7 N,41.628365,-70.623234,2026-03-15,0.0
MA-BA-57,Falmouth 5.7 N,41.628365,-70.623234,2026-03-16,0.08
MA-BA-57,Falmouth 5.7 N,41.628365,-70.623234,2026-03-17,0.96
MA-BA-57,Falmouth 5.7 N,41.628365,-70.623234,2026-03-18,0.0
MA-BA-57,Falmouth 5.7 N,41.628365,-70.623234,2026-03-19,0.0
MA-BA-57,Falmouth 5.7 N,41.628365,-70.623234,2026-03-20,0.0
MA-BA-57,Falmouth 5.7 N,41.628365,-70.623234,2026-03-21,0.21
MA-BA-57,Falmouth 5.7 N,41.628365,-70.623234,2026-03-22,0.0
MA-BA-57,Falmouth 5.7 N,41.628365,-70.623234,2026-03-23,1.34
MA-BA-57,Falmouth 5.7 N,41.628365,-70.623234,2026-03-24,0.47
MA-BA-57,Falmouth 5.7 N,41.628365,-70.623234,2026-03-25,0.0
MA-BA-57,Falmouth 5.7 N,41.628365,-70.623234,2026-03-26,0.0
MA-BA-57,Falmouth 5.7 N,41.628365,-70.623234,2026-03-27,0.11
MA-BA-57,Falmouth 5.7 N,41.628365,-70.623234,2026-03-28,0.0
MA-BA-57,Falmouth 5.7 N,41.628365,-70.623234,2026-03-29,0.0
MA-BA-57,Falmouth 5.7 N,41.628365,-70.623234,2026-03-30,0.0
MA-BA-57,Falmouth 5.7 N,41.628365,-70.623234,2026-03-31,0.0
MA-BA-57,Falmouth 5.7 N,41.628365,-70.623234,2026-04-01,0.19
MA-BA-57,Falmouth 5.7 N,41.628365,-70.623234,2026-04-02,0.72
MA-BA-57,Falmouth 5.7 N,41.628365,-70.623234,2026-04-03,0.22
MA-BA-57,Falmouth 5.7 N,41.628365,-70.623234,2026-04-04,0.01
MA-BA-57,Falmouth 5.7 N,41.628365,-70.623234,2026-04-05,0.01
MA-BA-57,Falmouth 5.7 N,41.628365,-70.623234,2026-04-06,0.14
MA-BA-57,Falmouth 5.7 N,41.628365,-70.623234,2026-04-07,0.0
MA-BA-57,Falmouth 5.7 N,41.628365,-70.623234,2026-04-08,0.05
MA-BA-57,Falmouth 5.7 N,41.628365,-70.623234,2026-04-09,0.0
MA-BA-57,Falmouth 5.7 N,41.628365,-70.623234,2026-04-10,0.0
MA-BA-57,Falmouth 5.7 N,41.628365,-70.623234,2026-04-11,0.0
MA-BA-57,Falmouth 5.7 N,41.628365,-70.623234,2026-04-12,0.0
MA-BA-57,Falmouth 5.7 N,41.628365,-70.623234,2026-04-13,0.02
MA-BA-57,Falmouth 5.7 N,41.628365,-70.623234,2026-04-14,0.0
MA-BA-57,Falmouth 5.7 N,41.628365,-70.623234,2026-04-15,0.0
MA-BA-57,Falmouth 5.7 N,41.628365,-70.623234,2026-04-16,0.19
MA-BA-57,Falmouth 5.7 N,41.628365,-70.623234,2026-04-17,0.0
MA-BA-57,Falmouth 5.7 N,41.628365,-70.623234,2026-04-18,0.02
MA-BA-57,Falmouth 5.7 N,41.628365,-70.623234,2026-04-19,0.02
MA-BA-57,Falmouth 5.7 N,41.628365,-70.623234,2026-04-20,0.13
MA-BA-57,Falmouth 5.7 N,41.628365,-70.623234,2026-04-21,0.2
MA-BA-57,Falmouth 5.7 N,41.628365,-70.623234,2026-04-22,0.0
MA-BA-57,Falmouth 5.7 N,41.628365,-70.623234,2026-04-23,0.01
MA-BA-57,Falmouth 5.7 N,41.628365,-70.623234,2026-04-24,0.0
MA-BA-57,Falmouth 5.7 N,41.628365,-70.623234,2026-04-25,0.0
MA-BA-57,Falmouth 5.7 N,41.628365,-70.623234,2026-04-26,0.04
MA-BA-57,Falmouth 5.7 N,41.628365,-70.623234,2026-04-27,0.0
MA-BA-57,Falmouth 5.7 N,41.628365,-70.623234,2026-04-28,0.0
MA-BA-57,Falmouth 5.7 N,41.628365,-70.623234,2026-04-29,0.0
MA-BA-57,Falmouth 5.7 N,41.628365,-70.623234,2026-04-30,0.02
MA-BA-57,Falmouth 5.7 N,41.628365,-70.623234,2026-05-01,0.06
MA-BA-57,Falmouth 5.7 N,41.628365,-70.623234,2026-05-02,0.0
MA-BA-57,Falmouth 5.7 N,41.628365,-70.623234,2026-05-03,0.57
MA-BA-57,Falmouth 5.7 N,41.628365,-70.623234,2026-05-04,0.0
MA-BA-57,Falmouth 5.7 N,41.628365,-70.623234,2026-05-05,0.0
MA-BA-57,Falmouth 5.7 N,41.628365,-70.623234,2026-05-06,0.0
MA-BA-57,Falmouth 5.7 N,41.628365,-70.623234,2026-05-07,0.63
MA-BA-57,Falmouth 5.7 N,41.628365,-70.623234,2026-05-08,0.06
MA-BA-57,Falmouth 5.7 N,41.628365,-70.623234,2026-05-09,0.0
MA-BA-57,Falmouth 5.7 N,41.628365,-70.623234,2026-05-10,0.18
MA-BA-57,Falmouth 5.7 N,41.628365,-70.623234,2026-05-11,0.28
MA-BA-57,Falmouth 5.7 N,41.628365,-70.623234,2026-05-12,0.01
MA-BA-57,Falmouth 5.7 N,41.628365,-70.623234,2026-05-13,0.0
MA-BA-57,Falmouth 5.7 N,41.628365,-70.623234,2026-05-14,0.0
MA-BA-57,Falmouth 5.7 N,41.628365,-70.623234,2026-05-15,0.09
MA-BA-57,Falmouth 5.7 N,41.628365,-70.623234,2026-05-16,0.0
MA-BA-57,Falmouth 5.7 N,41.628365,-70.623234,2026-05-17,0.0
MA-BA-57,Falmouth 5.7 N,41.628365,-70.623234,2026-05-18,0.0
MA-BA-57,Falmouth 5.7 N,41.628365,-70.623234,2026-05-19,0.0
MA-BA-57,Falmouth 5.7 N,41.628365,-70.623234,2026-05-20,0.0
MA-BA-57,Falmouth 5.7 N,41.628365,-70.623234,2026-05-21,0.08
MA-BA-57,Falmouth 5.7 N,41.628365,-70.623234,2026-05-22,0.0
MA-BA-57,Falmouth 5.7 N,41.628365,-70.623234,2026-05-23,0.0
MA-BA-57,Falmouth 5.7 N,41.628365,-70.623234,2026-05-24,0.05
MA-BA-57,Falmouth 5.7 N,41.628365,-70.623234,2026-05-25,0.73
MA-BA-57,Falmouth 5.7 N,41.628365,-70.623234,2026-05-26,0.08
MA-BA-57,Falmouth 5.7 N,41.628365,-70.623234,2026-05-27,0.0
MA-BA-57,Falmouth 5.7 N,41.628365,-70.623234,2026-05-28,0.0
MA-BA-57,Falmouth 5.7 N,41.628365,-70.623234,2026-05-29,0.12
MA-BA-57,Falmouth 5.7 N,41.628365,-70.623234,2026-05-30,0.31
MA-BA-57,Falmouth 5.7 N,41.628365,-70.623234,2026-05-31,0.35
MA-BA-57,Falmouth 5.7 N,41.628365,-70.623234,2026-06-01,0.17
MA-BA-57,Falmouth 5.7 N,41.628365,-70.623234,2026-06-02,0.0
MA-BA-57,Falmouth 5.7 N,41.628365,-70.623234,2026-06-03,0.0
MA-BA-57,Falmouth 5.7 N,41.628365,-70.623234,2026-06-04,0.0
MA-BA-57,Falmouth 5.7 N,41.628365,-70.623234,2026-06-05,0.0
MA-BA-57,Falmouth 5.7 N,41.628365,-70.623234,2026-06-06,0.0
MA-BA-57,Falmouth 5.7 N,41.628365,-70.623234,2026-06-07,0.03
MA-BA-57,Falmouth 5.7 N,41.628365,-70.623234,2026-06-08,0.0
MA-BA-57,Falmouth 5.7 N,41.628365,-70.623234,2026-06-09,0.0
MA-BA-57,Falmouth 5.7 N,41.628365,-70.623234,2026-06-10,0.0
MA-BA-57,Falmouth 5.7 N,41.628365,-70.623234,2026-06-11,0.2
MA-BA-57,Falmouth 5.7 N,41.628365,-70.623234,2026-06-12,0.05
MA-BA-57,Falmouth 5.7 N,41.628365,-70.623234,2026-06-13,0.0
MA-BA-57,Falmouth 5.7 N,41.628365,-70.623234,2026-06-14,0.0
MA-BA-57,Falmouth 5.7 N,41.628365,-70.623234,2026-06-15,0.07
MA-BA-57,Falmouth 5.7 N,41.628365,-70.623234,2026-06-16,0.0
MA-BA-57,Falmouth 5.7 N,41.628365,-70.623234,2026-06-17,0.0
MA-BA-57,Falmouth 5.7 N,41.628365,-70.623234,2026-06-18,0.0
MA-BA-57,Falmouth 5.7 N,41.628365,-70.623234,2026-06-19,0.0
MA-BA-57,Falmouth 5.7 N,41.628365,-70.623234,2026-06-20,0.0
MA-BA-57,Falmouth 5.7 N,41.628365,-70.623234,2026-06-21,0.0
MA-BA-57,Falmouth 5.7 N,41.628365,-70.623234,2026-06-22,0.0
MA-BA-57,Falmouth 5.7 N,41.628365,-70.623234,2026-06-23,0.86
MA-BA-57,Falmouth 5.7 N,41.628365,-70.623234,2026-06-24,1.01
MA-BA-57,Falmouth 5.7 N,41.628365,-70.623234,2026-06-25,0.0
MA-BA-57,Falmouth 5.7 N,41.628365,-70.623234,2026-06-26,0.0
MA-BA-57,Falmouth 5.7 N,41.628365,-70.623234,2026-06-27,0.0
MA-BA-57,Falmouth 5.7 N,41.628365,-70.623234,2026-06-28,0.01
MA-BA-57,Falmouth 5.7 N,41.628365,-70.623234,2026-06-29,0.0
MA-BA-57,Falmouth 5.7 N,41.628365,-70.623234,2026-06-30,0.0
MA-BA-57,Falmouth 5.7 N,41.628365,-70.623234,2026-07-01,0.0
MA-BA-57,Falmouth 5.7 N,41.628365,-70.623234,2026-07-02,0.0
MA-BA-57,Falmouth 5.7 N,41.628365,-70.623234,2026-07-03,0.0
MA-BA-57,Falmouth 5.7 N,41.628365,-70.623234,2026-07-04,0.0
MA-BA-57,Falmouth 5.7 N,41.628365,-70.623234,2026-07-05,0.37
MA-BA-57,Falmouth 5.7 N,41.628365,-70.623234,2026-07-06,0.31
MA-BA-57,Falmouth 5.7 N,41.628365,-70.623234,2026-07-07,1.07
MA-BA-57,Falmouth 5.7 N,41.628365,-70.623234,2026-07-08,3.35
MA-BA-57,Falmouth 5.7 N,41.628365,-70.623234,2026-07-09,0.0
MA-BA-57,Falmouth 5.7 N,41.628365,-70.623234,2026-07-10,0.0
MA-BA-57,Falmouth 5.7 N,41.628365,-70.623234,2026-07-11,0.09
MA-BA-57,Falmouth 5.7 N,41.628365,-70.623234,2026-07-12,0.0
MA-BA-57,Falmouth 5.7 N,41.628365,-70.623234,2026-07-13,0.0
MA-BA-57,Falmouth 5.7 N,41.628365,-70.623234,2026-07-14,0.0
MA-BA-57,Falmouth 5.7 N,41.628365,-70.623234,2026-07-15,0.0
MA-BA-57,Falmouth 5.7 N,41.628365,-70.623234,2026-07-16,0.0
MA-BA-57,Falmouth 5.7 N,41.628365,-70.623234,2026-07-17,0.0
MA-BA-57,Falmouth 5.7 N,41.628365,-70.623234,2026-07-18,0.0
MA-BA-57,Falmouth 5.7 N,41.628365,-70.623234,2026-07-19,1.82
MA-BA-57,Falmouth 5.7 N,41.628365,-70.623234,2026-07-20,0.0
MA-BA-57,Falmouth 5.7 N,41.628365,-70.623234,2026-07-21,0.0
MA-BA-57,Falmouth 5.7 N,41.628365,-70.623234,2026-07-22,2.01
MA-BA-57,Falmouth 5.7 N,41.628365,-70.623234,2026-07-23,0.0
MA-BA-57,Falmouth 5.7 N,41.628365,-70.623234,2026-07-24,0.0
MA-BA-57,Falmouth 5.7 N,41.628365,-70.623234,2026-07-25,0.0
MA-BA-57,Falmouth 5.7 N,41.628365,-70.623234,2026-07-26,0.0
MA-BA-57,Falmouth 5.7 N,41.628365,-70.623234,2026-07-27,0.0
MA-BA-57,Falmouth 5.7 N,41.628365,-70.623234,2026-07-28,0.0
MA-BA-57,Falmouth 5.7 N,41.628365,-70.623234,2026-07-29,0.0
MA-BA-57,Falmouth 5.7 N,41.628365,-70.623234,2026-07-30,0.51
MA-BA-57,Falmouth 5.7 N,41.628365,-70.623234,2026-07-31,0.38
MA-BA-57,Falmouth 5.7 N,41.628365,-70.623234,2026-08-01,0.0
MA-BA-57,Falmouth 5.7 N,41.628365,-70.623234,2026-08-02,0.0
MA-BA-57,Falmouth 5.7 N,41.628365,-70.623234,2026-08-03,0.01
MA-BA-87,Falmouth 1.5 NNW,41.566667,-70.615556,2025-01-01,0.54
MA-BA-87,Falmouth 1.5 NNW,41.566667,-70.615556,2025-01-02,0.17
MA-BA-87,Falmouth 1.5 NNW,41.566667,-70.615556,2025-01-03,0.0
MA-BA-87,Falmouth 1.5 NNW,41.566667,-70.615556,2025-01-04,0.0
MA-BA-87,Falmouth 1.5 NNW,41.566667,-70.615556,2025-01-05,0.0
MA-BA-87,Falmouth 1.5 NNW,41.566667,-70.615556,2025-01-06,0.0
MA-BA-87,Falmouth 1.5 NNW,41.566667,-70.615556,2025-01-07,0.0
MA-BA-87,Falmouth 1.5 NNW,41.566667,-70.615556,2025-01-08,0.0
MA-BA-87,Falmouth 1.5 NNW,41.566667,-70.615556,2025-01-09,0.0
MA-BA-87,Falmouth 1.5 NNW,41.566667,-70.615556,2025-01-10,0.0
MA-BA-87,Falmouth 1.5 NNW,41.566667,-70.615556,2025-01-11,0.0
MA-BA-87,Falmouth 1.5 NNW,41.566667,-70.615556,2025-01-12,0.04
MA-BA-87,Falmouth 1.5 NNW,41.566667,-70.615556,2025-01-13,0.0
MA-BA-87,Falmouth 1.5 NNW,41.566667,-70.615556,2025-01-14,0.0
MA-BA-87,Falmouth 1.5 NNW,41.566667,-70.615556,2025-01-15,0.0
MA-BA-87,Falmouth 1.5 NNW,41.566667,-70.615556,2025-01-16,0.0
MA-BA-87,Falmouth 1.5 NNW,41.566667,-70.615556,2025-01-17,0.01
MA-BA-87,Falmouth 1.5 NNW,41.566667,-70.615556,2025-01-18,0.0
MA-BA-87,Falmouth 1.5 NNW,41.566667,-70.615556,2025-01-19,0.45
MA-BA-87,Falmouth 1.5 NNW,41.566667,-70.615556,2025-01-20,0.41
MA-BA-87,Falmouth 1.5 NNW,41.566667,-70.615556,2025-01-21,0.0
MA-BA-87,Falmouth 1.5 NNW,41.566667,-70.615556,2025-01-22,0.04
MA-BA-87,Falmouth 1.5 NNW,41.566667,-70.615556,2025-01-23,0.0
MA-BA-87,Falmouth 1.5 NNW,41.566667,-70.615556,2025-01-24,0.0
MA-BA-87,Falmouth 1.5 NNW,41.566667,-70.615556,2025-01-25,0.0
MA-BA-87,Falmouth 1.5 NNW,41.566667,-70.615556,2025-01-26,0.0
MA-BA-87,Falmouth 1.5 NNW,41.566667,-70.615556,2025-01-27,0.0
MA-BA-87,Falmouth 1.5 NNW,41.566667,-70.615556,2025-01-28,0.0
MA-BA-87,Falmouth 1.5 NNW,41.566667,-70.615556,2025-01-29,0.0
MA-BA-87,Falmouth 1.5 NNW,41.566667,-70.615556,2025-01-30,0.0
MA-BA-87,Falmouth 1.5 NNW,41.566667,-70.615556,2025-01-31,0.0
MA-BA-87,Falmouth 1.5 NNW,41.566667,-70.615556,2025-02-01,0.63
MA-BA-87,Falmouth 1.5 NNW,41.566667,-70.615556,2025-02-02,0.05
MA-BA-87,Falmouth 1.5 NNW,41.566667,-70.615556,2025-02-03,0.14
MA-BA-87,Falmouth 1.5 NNW,41.566667,-70.615556,2025-02-04,0.0
MA-BA-87,Falmouth 1.5 NNW,41.566667,-70.615556,2025-02-05,0.0
MA-BA-87,Falmouth 1.5 NNW,41.566667,-70.615556,2025-02-06,0.0
MA-BA-87,Falmouth 1.5 NNW,41.566667,-70.615556,2025-02-07,0.18
MA-BA-87,Falmouth 1.5 NNW,41.566667,-70.615556,2025-02-08,0.0
MA-BA-87,Falmouth 1.5 NNW,41.566667,-70.615556,2025-02-09,0.56
MA-BA-87,Falmouth 1.5 NNW,41.566667,-70.615556,2025-02-11,0.0
MA-BA-87,Falmouth 1.5 NNW,41.566667,-70.615556,2025-02-12,0.04
MA-BA-87,Falmouth 1.5 NNW,41.566667,-70.615556,2025-02-13,0.22
MA-BA-87,Falmouth 1.5 NNW,41.566667,-70.615556,2025-02-14,0.08
MA-BA-87,Falmouth 1.5 NNW,41.566667,-70.615556,2025-02-15,0.0
MA-BA-87,Falmouth 1.5 NNW,41.566667,-70.615556,2025-02-16,0.7
MA-BA-87,Falmouth 1.5 NNW,41.566667,-70.615556,2025-02-17,0.99
MA-BA-87,Falmouth 1.5 NNW,41.566667,-70.615556,2025-02-18,0.0
MA-BA-87,Falmouth 1.5 NNW,41.566667,-70.615556,2025-02-19,0.0
MA-BA-87,Falmouth 1.5 NNW,41.566667,-70.615556,2025-02-20,0.0
MA-BA-87,Falmouth 1.5 NNW,41.566667,-70.615556,2025-02-21,0.0
MA-BA-87,Falmouth 1.5 NNW,41.566667,-70.615556,2025-02-22,0.0
MA-BA-87,Falmouth 1.5 NNW,41.566667,-70.615556,2025-02-23,0.0
MA-BA-87,Falmouth 1.5 NNW,41.566667,-70.615556,2025-02-24,0.0
MA-BA-87,Falmouth 1.5 NNW,41.566667,-70.615556,2025-02-25,0.0
MA-BA-87,Falmouth 1.5 NNW,41.566667,-70.615556,2025-02-26,0.0
MA-BA-87,Falmouth 1.5 NNW,41.566667,-70.615556,2025-02-27,0.02
MA-BA-87,Falmouth 1.5 NNW,41.566667,-70.615556,2025-02-28,0.06
MA-BA-87,Falmouth 1.5 NNW,41.566667,-70.615556,2025-03-01,0.0
MA-BA-87,Falmouth 1.5 NNW,41.566667,-70.615556,2025-03-02,0.0
MA-BA-87,Falmouth 1.5 NNW,41.566667,-70.615556,2025-03-03,0.0
MA-BA-87,Falmouth 1.5 NNW,41.566667,-70.615556,2025-03-04,0.0
MA-BA-87,Falmouth 1.5 NNW,41.566667,-70.615556,2025-03-05,0.0
MA-BA-87,Falmouth 1.5 NNW,41.566667,-70.615556,2025-03-06,0.62
MA-BA-87,Falmouth 1.5 NNW,41.566667,-70.615556,2025-03-07,0.05
MA-BA-87,Falmouth 1.5 NNW,41.566667,-70.615556,2025-03-08,0.0
MA-BA-87,Falmouth 1.5 NNW,41.566667,-70.615556,2025-03-09,0.0
MA-BA-87,Falmouth 1.5 NNW,41.566667,-70.615556,2025-03-10,0.0
MA-BA-87,Falmouth 1.5 NNW,41.566667,-70.615556,2025-03-11,0.0
MA-BA-87,Falmouth 1.5 NNW,41.566667,-70.615556,2025-03-12,0.0
MA-BA-87,Falmouth 1.5 NNW,41.566667,-70.615556,2025-03-13,0.0
MA-BA-87,Falmouth 1.5 NNW,41.566667,-70.615556,2025-03-14,0.0
MA-BA-87,Falmouth 1.5 NNW,41.566667,-70.615556,2025-03-15,0.01
MA-BA-87,Falmouth 1.5 NNW,41.566667,-70.615556,2025-03-16,0.0
MA-BA-87,Falmouth 1.5 NNW,41.566667,-70.615556,2025-03-17,0.32
MA-BA-87,Falmouth 1.5 NNW,41.566667,-70.615556,2025-03-18,1.63
MA-BA-87,Falmouth 1.5 NNW,41.566667,-70.615556,2025-03-19,0.0
MA-BA-87,Falmouth 1.5 NNW,41.566667,-70.615556,2025-03-20,0.01
MA-BA-87,Falmouth 1.5 NNW,41.566667,-70.615556,2025-03-21,0.39
MA-BA-87,Falmouth 1.5 NNW,41.566667,-70.615556,2025-03-22,0.06
MA-BA-87,Falmouth 1.5 NNW,41.566667,-70.615556,2025-03-23,0.0
MA-BA-87,Falmouth 1.5 NNW,41.566667,-70.615556,2025-03-24,0.0
MA-BA-87,Falmouth 1.5 NNW,41.566667,-70.615556,2025-03-25,0.39
MA-BA-87,Falmouth 1.5 NNW,41.566667,-70.615556,2025-03-26,0.0
MA-BA-87,Falmouth 1.5 NNW,41.566667,-70.615556,2025-03-27,0.0
MA-BA-87,Falmouth 1.5 NNW,41.566667,-70.615556,2025-03-28,0.0
MA-BA-87,Falmouth 1.5 NNW,41.566667,-70.615556,2025-03-29,0.06
MA-BA-87,Falmouth 1.5 NNW,41.566667,-70.615556,2025-03-30,0.1
MA-BA-87,Falmouth 1.5 NNW,41.566667,-70.615556,2025-03-31,0.0
MA-BA-87,Falmouth 1.5 NNW,41.566667,-70.615556,2025-04-01,0.17
MA-BA-87,Falmouth 1.5 NNW,41.566667,-70.615556,2025-04-02,0.07
MA-BA-87,Falmouth 1.5 NNW,41.566667,-70.615556,2025-04-03,0.12
MA-BA-87,Falmouth 1.5 NNW,41.566667,-70.615556,2025-04-04,0.14
MA-BA-87,Falmouth 1.5 NNW,41.566667,-70.615556,2025-04-05,0.0
MA-BA-87,Falmouth 1.5 NNW,41.566667,-70.615556,2025-04-06,0.8
MA-BA-87,Falmouth 1.5 NNW,41.566667,-70.615556,2025-04-07,0.04
MA-BA-87,Falmouth 1.5 NNW,41.566667,-70.615556,2025-04-08,0.63
MA-BA-87,Falmouth 1.5 NNW,41.566667,-70.615556,2025-04-09,0.03
MA-BA-87,Falmouth 1.5 NNW,41.566667,-70.615556,2025-04-10,0.0
MA-BA-87,Falmouth 1.5 NNW,41.566667,-70.615556,2025-04-11,0.07
MA-BA-87,Falmouth 1.5 NNW,41.566667,-70.615556,2025-04-12,0.34
MA-BA-87,Falmouth 1.5 NNW,41.566667,-70.615556,2025-04-13,0.21
MA-BA-87,Falmouth 1.5 NNW,41.566667,-70.615556,2025-04-14,0.63
MA-BA-87,Falmouth 1.5 NNW,41.566667,-70.615556,2025-04-15,0.08
MA-BA-87,Falmouth 1.5 NNW,41.566667,-70.615556,2025-04-16,0.02
MA-BA-87,Falmouth 1.5 NNW,41.566667,-70.615556,2025-04-17,0.0
MA-BA-87,Falmouth 1.5 NNW,41.566667,-70.615556,2025-04-18,0.0
MA-BA-87,Falmouth 1.5 NNW,41.566667,-70.615556,2025-04-19,0.0
MA-BA-87,Falmouth 1.5 NNW,41.566667,-70.615556,2025-04-20,0.0
MA-BA-87,Falmouth 1.5 NNW,41.566667,-70.615556,2025-04-21,0.0
MA-BA-87,Falmouth 1.5 NNW,41.566667,-70.615556,2025-04-22,0.06
MA-BA-87,Falmouth 1.5 NNW,41.566667,-70.615556,2025-04-23,0.0
MA-BA-87,Falmouth 1.5 NNW,41.566667,-70.615556,2025-04-24,0.0
MA-BA-87,Falmouth 1.5 NNW,41.566667,-70.615556,2025-04-25,0.0
MA-BA-87,Falmouth 1.5 NNW,41.566667,-70.615556,2025-04-26,0.0
MA-BA-87,Falmouth 1.5 NNW,41.566667,-70.615556,2025-04-27,1.27
MA-BA-87,Falmouth 1.5 NNW,41.566667,-70.615556,2025-04-28,0.02
MA-BA-87,Falmouth 1.5 NNW,41.566667,-70.615556,2025-04-29,0.0
MA-BA-87,Falmouth 1.5 NNW,41.566667,-70.615556,2025-04-30,0.0
MA-BA-87,Falmouth 1.5 NNW,41.566667,-70.615556,2025-05-01,0.0
MA-BA-87,Falmouth 1.5 NNW,41.566667,-70.615556,2025-05-04,0.0
MA-BA-87,Falmouth 1.5 NNW,41.566667,-70.615556,2025-05-05,0.17
MA-BA-87,Falmouth 1.5 NNW,41.566667,-70.615556,2025-05-06,0.0
MA-BA-87,Falmouth 1.5 NNW,41.566667,-70.615556,2025-05-07,0.18
MA-BA-87,Falmouth 1.5 NNW,41.566667,-70.615556,2025-05-08,0.0
MA-BA-87,Falmouth 1.5 NNW,41.566667,-70.615556,2025-05-09,0.0
MA-BA-87,Falmouth 1.5 NNW,41.566667,-70.615556,2025-05-10,1.26
MA-BA-87,Falmouth 1.5 NNW,41.566667,-70.615556,2025-05-11,0.02
MA-BA-87,Falmouth 1.5 NNW,41.566667,-70.615556,2025-05-12,0.0
MA-BA-87,Falmouth 1.5 NNW,41.566667,-70.615556,2025-05-13,0.0
MA-BA-87,Falmouth 1.5 NNW,41.566667,-70.615556,2025-05-21,0.0
MA-BA-87,Falmouth 1.5 NNW,41.566667,-70.615556,2025-05-22,0.02
MA-BA-87,Falmouth 1.5 NNW,41.566667,-70.615556,2025-05-23,5.13
MA-BA-87,Falmouth 1.5 NNW,41.566667,-70.615556,2025-05-24,0.02
MA-BA-87,Falmouth 1.5 NNW,41.566667,-70.615556,2025-05-25,0.05
MA-BA-87,Falmouth 1.5 NNW,41.566667,-70.615556,2025-05-26,0.0
MA-BA-87,Falmouth 1.5 NNW,41.566667,-70.615556,2025-05-27,0.0
MA-BA-87,Falmouth 1.5 NNW,41.566667,-70.615556,2025-05-28,0.0
MA-BA-87,Falmouth 1.5 NNW,41.566667,-70.615556,2025-05-31,0.22
MA-BA-87,Falmouth 1.5 NNW,41.566667,-70.615556,2025-06-01,0.0
MA-BA-87,Falmouth 1.5 NNW,41.566667,-70.615556,2025-06-04,0.0
MA-BA-87,Falmouth 1.5 NNW,41.566667,-70.615556,2025-06-05,0.0
MA-BA-87,Falmouth 1.5 NNW,41.566667,-70.615556,2025-06-06,0.0
MA-BA-87,Falmouth 1.5 NNW,41.566667,-70.615556,2025-06-07,0.0
MA-BA-87,Falmouth 1.5 NNW,41.566667,-70.615556,2025-06-08,0.06
MA-BA-87,Falmouth 1.5 NNW,41.566667,-70.615556,2025-06-09,0.0
MA-BA-87,Falmouth 1.5 NNW,41.566667,-70.615556,2025-06-10,0.09
MA-BA-87,Falmouth 1.5 NNW,41.566667,-70.615556,2025-06-11,0.74
MA-BA-87,Falmouth 1.5 NNW,41.566667,-70.615556,2025-06-12,0.0
MA-BA-87,Falmouth 1.5 NNW,41.566667,-70.615556,2025-06-13,0.0
MA-BA-87,Falmouth 1.5 NNW,41.566667,-70.615556,2025-06-14,0.0
MA-BA-87,Falmouth 1.5 NNW,41.566667,-70.615556,2025-06-15,0.27
MA-BA-87,Falmouth 1.5 NNW,41.566667,-70.615556,2025-06-16,0.0
MA-BA-87,Falmouth 1.5 NNW,41.566667,-70.615556,2025-06-17,0.0
MA-BA-87,Falmouth 1.5 NNW,41.566667,-70.615556,2025-06-18,0.0
MA-BA-87,Falmouth 1.5 NNW,41.566667,-70.615556,2025-06-19,0.0
MA-BA-87,Falmouth 1.5 NNW,41.566667,-70.615556,2025-06-20,0.0
MA-BA-87,Falmouth 1.5 NNW,41.566667,-70.615556,2025-06-21,0.0
MA-BA-87,Falmouth 1.5 NNW,41.566667,-70.615556,2025-06-22,0.0
MA-BA-87,Falmouth 1.5 NNW,41.566667,-70.615556,2025-06-23,0.0
MA-BA-87,Falmouth 1.5 NNW,41.566667,-70.615556,2025-06-24,0.0
MA-BA-87,Falmouth 1.5 NNW,41.566667,-70.615556,2025-06-25,0.0
MA-BA-87,Falmouth 1.5 NNW,41.566667,-70.615556,2025-06-26,0.0
MA-BA-87,Falmouth 1.5 NNW,41.566667,-70.615556,2025-06-27,0.02
MA-BA-87,Falmouth 1.5 NNW,41.566667,-70.615556,2025-06-28,0.0
MA-BA-87,Falmouth 1.5 NNW,41.566667,-70.615556,2025-06-29,0.0
MA-BA-87,Falmouth 1.5 NNW,41.566667,-70.615556,2025-06-30,0.0
MA-BA-87,Falmouth 1.5 NNW,41.566667,-70.615556,2025-07-01,0.02
MA-BA-87,Falmouth 1.5 NNW,41.566667,-70.615556,2025-07-02,0.02
MA-BA-87,Falmouth 1.5 NNW,41.566667,-70.615556,2025-07-03,0.02
MA-BA-87,Falmouth 1.5 NNW,41.566667,-70.615556,2025-07-04,0.02
MA-BA-87,Falmouth 1.5 NNW,41.566667,-70.615556,2025-07-05,0.0
MA-BA-87,Falmouth 1.5 NNW,41.566667,-70.615556,2025-07-06,0.0
MA-BA-87,Falmouth 1.5 NNW,41.566667,-70.615556,2025-07-07,0.0
MA-BA-87,Falmouth 1.5 NNW,41.566667,-70.615556,2025-07-08,0.09
MA-BA-87,Falmouth 1.5 NNW,41.566667,-70.615556,2025-07-09,1.08
MA-BA-87,Falmouth 1.5 NNW,41.566667,-70.615556,2025-07-10,0.2
MA-BA-87,Falmouth 1.5 NNW,41.566667,-70.615556,2025-07-11,0.15
MA-BA-87,Falmouth 1.5 NNW,41.566667,-70.615556,2025-07-12,0.0
MA-BA-87,Falmouth 1.5 NNW,41.566667,-70.615556,2025-07-13,0.0
MA-BA-87,Falmouth 1.5 NNW,41.566667,-70.615556,2025-07-14,0.0
MA-BA-87,Falmouth 1.5 NNW,41.566667,-70.615556,2025-07-15,0.07
MA-BA-87,Falmouth 1.5 NNW,41.566667,-70.615556,2025-07-16,0.04
MA-BA-87,Falmouth 1.5 NNW,41.566667,-70.615556,2025-07-17,0.0
MA-BA-87,Falmouth 1.5 NNW,41.566667,-70.615556,2025-07-18,0.03
MA-BA-87,Falmouth 1.5 NNW,41.566667,-70.615556,2025-07-19,0.0
MA-BA-87,Falmouth 1.5 NNW,41.566667,-70.615556,2025-07-20,0.0
MA-BA-87,Falmouth 1.5 NNW,41.566667,-70.615556,2025-07-21,0.0
MA-BA-87,Falmouth 1.5 NNW,41.566667,-70.615556,2025-07-22,0.0
MA-BA-87,Falmouth 1.5 NNW,41.566667,-70.615556,2025-07-23,0.0
MA-BA-87,Falmouth 1.5 NNW,41.566667,-70.615556,2025-07-24,0.0
MA-BA-87,Falmouth 1.5 NNW,41.566667,-70.615556,2025-07-25,0.0
MA-BA-87,Falmouth 1.5 NNW,41.566667,-70.615556,2025-07-26,0.04
MA-BA-87,Falmouth 1.5 NNW,41.566667,-70.615556,2025-07-27,0.0
MA-BA-87,Falmouth 1.5 NNW,41.566667,-70.615556,2025-07-28,0.0
MA-BA-87,Falmouth 1.5 NNW,41.566667,-70.615556,2025-07-29,0.0
MA-BA-87,Falmouth 1.5 NNW,41.566667,-70.615556,2025-07-30,0.0
MA-BA-87,Falmouth 1.5 NNW,41.566667,-70.615556,2025-07-31,0.0
MA-BA-87,Falmouth 1.5 NNW,41.566667,-70.615556,2025-08-01,0.3
MA-BA-87,Falmouth 1.5 NNW,41.566667,-70.615556,2025-08-02,0.29
MA-BA-87,Falmouth 1.5 NNW,41.566667,-70.615556,2025-08-03,0.0
MA-BA-87,Falmouth 1.5 NNW,41.566667,-70.615556,2025-08-04,0.0
MA-BA-87,Falmouth 1.5 NNW,41.566667,-70.615556,2025-08-05,0.0
MA-BA-87,Falmouth 1.5 NNW,41.566667,-70.615556,2025-08-06,0.0
MA-BA-87,Falmouth 1.5 NNW,41.566667,-70.615556,2025-08-07,0.0
MA-BA-87,Falmouth 1.5 NNW,41.566667,-70.615556,2025-08-08,0.0
MA-BA-87,Falmouth 1.5 NNW,41.566667,-70.615556,2025-08-09,0.0
MA-BA-87,Falmouth 1.5 NNW,41.566667,-70.615556,2025-08-10,0.0
MA-BA-87,Falmouth 1.5 NNW,41.566667,-70.615556,2025-08-11,0.0
MA-BA-87,Falmouth 1.5 NNW,41.566667,-70.615556,2025-08-12,0.0
MA-BA-87,Falmouth 1.5 NNW,41.566667,-70.615556,2025-08-13,0.0
MA-BA-87,Falmouth 1.5 NNW,41.566667,-70.615556,2025-08-14,0.0
MA-BA-87,Falmouth 1.5 NNW,41.566667,-70.615556,2025-08-15,0.0
MA-BA-87,Falmouth 1.5 NNW,41.566667,-70.615556,2025-08-16,0.0
MA-BA-87,Falmouth 1.5 NNW,41.566667,-70.615556,2025-08-17,0.0
MA-BA-87,Falmouth 1.5 NNW,41.566667,-70.615556,2025-08-18,0.0
MA-BA-87,Falmouth 1.5 NNW,41.566667,-70.615556,2025-08-19,0.0
MA-BA-87,Falmouth 1.5 NNW,41.566667,-70.615556,2025-08-20,0.0
MA-BA-87,Falmouth 1.5 NNW,41.566667,-70.615556,2025-08-21,1.6
MA-BA-87,Falmouth 1.5 NNW,41.566667,-70.615556,2025-08-22,0.01
MA-BA-87,Falmouth 1.5 NNW,41.566667,-70.615556,2025-08-23,0.0
MA-BA-87,Falmouth 1.5 NNW,41.566667,-70.615556,2025-08-24,0.0
MA-BA-87,Falmouth 1.5 NNW,41.566667,-70.615556,2025-08-25,0.0
MA-BA-87,Falmouth 1.5 NNW,41.566667,-70.615556,2025-08-26,0.03
MA-BA-87,Falmouth 1.5 NNW,41.566667,-70.615556,2025-08-27,0.0
MA-BA-87,Falmouth 1.5 NNW,41.566667,-70.615556,2025-08-28,0.0
MA-BA-87,Falmouth 1.5 NNW,41.566667,-70.615556,2025-08-29,0.0
MA-BA-87,Falmouth 1.5 NNW,41.566667,-70.615556,2025-08-30,0.49
MA-BA-87,Falmouth 1.5 NNW,41.566667,-70.615556,2025-08-31,0.0
MA-BA-87,Falmouth 1.5 NNW,41.566667,-70.615556,2025-09-01,0.0
MA-BA-87,Falmouth 1.5 NNW,41.566667,-70.615556,2025-09-02,0.0
MA-BA-87,Falmouth 1.5 NNW,41.566667,-70.615556,2025-09-03,0.0
MA-BA-87,Falmouth 1.5 NNW,41.566667,-70.615556,2025-09-04,0.0
MA-BA-87,Falmouth 1.5 NNW,41.566667,-70.615556,2025-09-05,0.0
MA-BA-87,Falmouth 1.5 NNW,41.566667,-70.615556,2025-09-06,0.0
MA-BA-87,Falmouth 1.5 NNW,41.566667,-70.615556,2025-09-07,0.03
MA-BA-87,Falmouth 1.5 NNW,41.566667,-70.615556,2025-09-08,0.55
MA-BA-87,Falmouth 1.5 NNW,41.566667,-70.615556,2025-09-09,0.0
MA-BA-87,Falmouth 1.5 NNW,41.566667,-70.615556,2025-09-10,0.0
MA-BA-87,Falmouth 1.5 NNW,41.566667,-70.615556,2025-09-11,0.0
MA-BA-87,Falmouth 1.5 NNW,41.566667,-70.615556,2025-09-12,0.0
MA-BA-87,Falmouth 1.5 NNW,41.566667,-70.615556,2025-09-13,0.0
MA-BA-87,Falmouth 1.5 NNW,41.566667,-70.615556,2025-09-14,0.0
MA-BA-87,Falmouth 1.5 NNW,41.566667,-70.615556,2025-09-15,0.0
MA-BA-87,Falmouth 1.5 NNW,41.566667,-70.615556,2025-09-16,0.0
MA-BA-87,Falmouth 1.5 NNW,41.566667,-70.615556,2025-09-17,0.0
MA-BA-87,Falmouth 1.5 NNW,41.566667,-70.615556,2025-09-18,0.16
MA-BA-87,Falmouth 1.5 NNW,41.566667,-70.615556,2025-09-19,0.01
MA-BA-87,Falmouth 1.5 NNW,41.566667,-70.615556,2025-09-20,0.0
MA-BA-87,Falmouth 1.5 NNW,41.566667,-70.615556,2025-09-21,0.0
MA-BA-87,Falmouth 1.5 NNW,41.566667,-70.615556,2025-09-22,0.0
MA-BA-87,Falmouth 1.5 NNW,41.566667,-70.615556,2025-09-23,0.0
MA-BA-87,Falmouth 1.5 NNW,41.566667,-70.615556,2025-09-24,0.0
MA-BA-87,Falmouth 1.5 NNW,41.566667,-70.615556,2025-09-25,1.27
MA-BA-87,Falmouth 1.5 NNW,41.566667,-70.615556,2025-09-26,0.24
MA-BA-87,Falmouth 1.5 NNW,41.566667,-70.615556,2025-09-27,0.0
MA-BA-87,Falmouth 1.5 NNW,41.566667,-70.615556,2025-09-28,0.11
MA-BA-87,Falmouth 1.5 NNW,41.566667,-70.615556,2025-09-29,0.0
MA-BA-87,Falmouth 1.5 NNW,41.566667,-70.615556,2025-09-30,0.0
MA-BA-87,Falmouth 1.5 NNW,41.566667,-70.615556,2025-10-01,0.0
MA-BA-87,Falmouth 1.5 NNW,41.566667,-70.615556,2025-10-02,0.0
MA-BA-87,Falmouth 1.5 NNW,41.566667,-70.615556,2025-10-03,0.0
MA-BA-87,Falmouth 1.5 NNW,41.566667,-70.615556,2025-10-04,0.0
MA-BA-87,Falmouth 1.5 NNW,41.566667,-70.615556,2025-10-05,0.0
MA-BA-87,Falmouth 1.5 NNW,41.566667,-70.615556,2025-10-06,0.0
MA-BA-87,Falmouth 1.5 NNW,41.566667,-70.615556,2025-10-07,0.0
MA-BA-87,Falmouth 1.5 NNW,41.566667,-70.615556,2025-10-08,0.0
MA-BA-87,Falmouth 1.5 NNW,41.566667,-70.615556,2025-10-09,0.74
MA-BA-87,Falmouth 1.5 NNW,41.566667,-70.615556,2025-10-10,0.0
MA-BA-87,Falmouth 1.5 NNW,41.566667,-70.615556,2025-10-11,0.0
MA-BA-87,Falmouth 1.5 NNW,41.566667,-70.615556,2025-10-12,0.0
MA-BA-87,Falmouth 1.5 NNW,41.566667,-70.615556,2025-10-13,2.2
MA-BA-87,Falmouth 1.5 NNW,41.566667,-70.615556,2025-10-14,1.11
MA-BA-87,Falmouth 1.5 NNW,41.566667,-70.615556,2025-10-15,0.32
MA-BA-87,Falmouth 1.5 NNW,41.566667,-70.615556,2025-10-16,0.0
MA-BA-87,Falmouth 1.5 NNW,41.566667,-70.615556,2025-10-17,0.0
MA-BA-87,Falmouth 1.5 NNW,41.566667,-70.615556,2025-10-18,0.0
MA-BA-87,Falmouth 1.5 NNW,41.566667,-70.615556,2025-10-19,0.0
MA-BA-87,Falmouth 1.5 NNW,41.566667,-70.615556,2025-10-20,0.0
MA-BA-87,Falmouth 1.5 NNW,41.566667,-70.615556,2025-10-21,0.58
MA-BA-87,Falmouth 1.5 NNW,41.566667,-70.615556,2025-10-22,0.0
MA-BA-87,Falmouth 1.5 NNW,41.566667,-70.615556,2025-10-23,0.03
MA-BA-87,Falmouth 1.5 NNW,41.566667,-70.615556,2025-10-24,0.0
MA-BA-87,Falmouth 1.5 NNW,41.566667,-70.615556,2025-10-25,0.0
MA-BA-87,Falmouth 1.5 NNW,41.566667,-70.615556,2025-10-26,0.0
MA-BA-87,Falmouth 1.5 NNW,41.566667,-70.615556,2025-10-27,0.0
MA-BA-87,Falmouth 1.5 NNW,41.566667,-70.615556,2025-10-28,0.02
MA-BA-87,Falmouth 1.5 NNW,41.566667,-70.615556,2025-10-29,0.03
MA-BA-87,Falmouth 1.5 NNW,41.566667,-70.615556,2025-10-30,0.08
MA-BA-87,Falmouth 1.5 NNW,41.566667,-70.615556,2025-10-31,1.52
MA-BA-87,Falmouth 1.5 NNW,41.566667,-70.615556,2025-11-01,0.03
MA-BA-87,Falmouth 1.5 NNW,41.566667,-70.615556,2025-11-02,0.0
MA-BA-87,Falmouth 1.5 NNW,41.566667,-70.615556,2025-11-03,0.0
MA-BA-87,Falmouth 1.5 NNW,41.566667,-70.615556,2025-11-04,0.24
MA-BA-87,Falmouth 1.5 NNW,41.566667,-70.615556,2025-11-05,0.0
MA-BA-87,Falmouth 1.5 NNW,41.566667,-70.615556,2025-11-06,0.02
MA-BA-87,Falmouth 1.5 NNW,41.566667,-70.615556,2025-11-07,0.0
MA-BA-87,Falmouth 1.5 NNW,41.566667,-70.615556,2025-11-08,0.14
MA-BA-87,Falmouth 1.5 NNW,41.566667,-70.615556,2025-11-09,0.03
MA-BA-87,Falmouth 1.5 NNW,41.566667,-70.615556,2025-11-10,2.43
MA-BA-87,Falmouth 1.5 NNW,41.566667,-70.615556,2025-11-11,0.42
MA-BA-87,Falmouth 1.5 NNW,41.566667,-70.615556,2025-11-12,0.0
MA-BA-87,Falmouth 1.5 NNW,41.566667,-70.615556,2025-11-13,0.0
MA-BA-87,Falmouth 1.5 NNW,41.566667,-70.615556,2025-11-14,0.02
MA-BA-87,Falmouth 1.5 NNW,41.566667,-70.615556,2025-11-15,0.0
MA-BA-87,Falmouth 1.5 NNW,41.566667,-70.615556,2025-11-16,0.67
MA-BA-87,Falmouth 1.5 NNW,41.566667,-70.615556,2025-11-17,0.0
MA-BA-87,Falmouth 1.5 NNW,41.566667,-70.615556,2025-11-18,0.0
MA-BA-87,Falmouth 1.5 NNW,41.566667,-70.615556,2025-11-19,0.0
MA-BA-87,Falmouth 1.5 NNW,41.566667,-70.615556,2025-11-20,0.0
MA-BA-87,Falmouth 1.5 NNW,41.566667,-70.615556,2025-11-21,0.0
MA-BA-87,Falmouth 1.5 NNW,41.566667,-70.615556,2025-11-22,0.02
MA-BA-87,Falmouth 1.5 NNW,41.566667,-70.615556,2025-11-23,0.18
MA-BA-87,Falmouth 1.5 NNW,41.566667,-70.615556,2025-11-24,0.01
MA-BA-87,Falmouth 1.5 NNW,41.566667,-70.615556,2025-11-25,0.0
MA-BA-87,Falmouth 1.5 NNW,41.566667,-70.615556,2025-11-26,0.21
MA-BA-87,Falmouth 1.5 NNW,41.566667,-70.615556,2025-11-27,0.04
MA-BA-87,Falmouth 1.5 NNW,41.566667,-70.615556,2025-11-28,0.0
MA-BA-87,Falmouth 1.5 NNW,41.566667,-70.615556,2025-11-29,0.0
MA-BA-87,Falmouth 1.5 NNW,41.566667,-70.615556,2025-11-30,0.0
MA-BA-87,Falmouth 1.5 NNW,41.566667,-70.615556,2025-12-01,0.3
MA-BA-87,Falmouth 1.5 NNW,41.566667,-70.615556,2025-12-02,0.0
MA-BA-87,Falmouth 1.5 NNW,41.566667,-70.615556,2025-12-03,0.95
MA-BA-87,Falmouth 1.5 NNW,41.566667,-70.615556,2025-12-04,0.0
MA-BA-87,Falmouth 1.5 NNW,41.566667,-70.615556,2025-12-05,0.0
MA-BA-87,Falmouth 1.5 NNW,41.566667,-70.615556,2025-12-06,0.0
MA-BA-87,Falmouth 1.5 NNW,41.566667,-70.615556,2025-12-07,0.04
MA-BA-87,Falmouth 1.5 NNW,41.566667,-70.615556,2025-12-08,0.0
MA-BA-87,Falmouth 1.5 NNW,41.566667,-70.615556,2025-12-09,0.0
MA-BA-87,Falmouth 1.5 NNW,41.566667,-70.615556,2025-12-10,0.04
MA-BA-87,Falmouth 1.5 NNW,41.566667,-70.615556,2025-12-11,0.02
MA-BA-87,Falmouth 1.5 NNW,41.566667,-70.615556,2025-12-12,0.0
MA-BA-87,Falmouth 1.5 NNW,41.566667,-70.615556,2025-12-13,0.0
MA-BA-87,Falmouth 1.5 NNW,41.566667,-70.615556,2025-12-14,0.17
MA-BA-87,Falmouth 1.5 NNW,41.566667,-70.615556,2025-12-15,0.08
MA-BA-87,Falmouth 1.5 NNW,41.566667,-70.615556,2025-12-16,0.0
MA-BA-87,Falmouth 1.5 NNW,41.566667,-70.615556,2025-12-18,0.0
MA-BA-87,Falmouth 1.5 NNW,41.566667,-70.615556,2025-12-19,0.07
MA-BA-87,Falmouth 1.5 NNW,41.566667,-70.615556,2025-12-20,0.3
MA-BA-87,Falmouth 1.5 NNW,41.566667,-70.615556,2025-12-21,0.0
MA-BA-87,Falmouth 1.5 NNW,41.566667,-70.615556,2025-12-22,0.0
MA-BA-87,Falmouth 1.5 NNW,41.566667,-70.615556,2025-12-23,0.0
MA-BA-87,Falmouth 1.5 NNW,41.566667,-70.615556,2025-12-24,0.09
MA-BA-87,Falmouth 1.5 NNW,41.566667,-70.615556,2025-12-25,0.0
MA-BA-87,Falmouth 1.5 NNW,41.566667,-70.615556,2025-12-26,0.0
MA-BA-87,Falmouth 1.5 NNW,41.566667,-70.615556,2025-12-27,0.24
MA-BA-87,Falmouth 1.5 NNW,41.566667,-70.615556,2025-12-28,0.0
MA-BA-87,Falmouth 1.5 NNW,41.566667,-70.615556,2025-12-29,0.27
MA-BA-87,Falmouth 1.5 NNW,41.566667,-70.615556,2025-12-30,0.22
MA-BA-87,Falmouth 1.5 NNW,41.566667,-70.615556,2025-12-31,0.0
MA-BA-87,Falmouth 1.5 NNW,41.566667,-70.615556,2026-01-01,0.17
MA-BA-87,Falmouth 1.5 NNW,41.566667,-70.615556,2026-01-02,0.01
MA-BA-87,Falmouth 1.5 NNW,41.566667,-70.615556,2026-01-03,0.0
MA-BA-87,Falmouth 1.5 NNW,41.566667,-70.615556,2026-01-04,0.0
MA-BA-87,Falmouth 1.5 NNW,41.566667,-70.615556,2026-01-05,0.0
MA-BA-87,Falmouth 1.5 NNW,41.566667,-70.615556,2026-01-06,0.04
MA-BA-87,Falmouth 1.5 NNW,41.566667,-70.615556,2026-01-07,0.03
MA-BA-87,Falmouth 1.5 NNW,41.566667,-70.615556,2026-01-08,0.01
MA-BA-87,Falmouth 1.5 NNW,41.566667,-70.615556,2026-01-09,0.0
MA-BA-87,Falmouth 1.5 NNW,41.566667,-70.615556,2026-01-10,0.05
MA-BA-87,Falmouth 1.5 NNW,41.566667,-70.615556,2026-01-11,0.84
MA-BA-87,Falmouth 1.5 NNW,41.566667,-70.615556,2026-01-12,0.0
MA-BA-87,Falmouth 1.5 NNW,41.566667,-70.615556,2026-01-13,0.0
MA-BA-87,Falmouth 1.5 NNW,41.566667,-70.615556,2026-01-14,0.0
MA-BA-87,Falmouth 1.5 NNW,41.566667,-70.615556,2026-01-15,0.0
MA-BA-87,Falmouth 1.5 NNW,41.566667,-70.615556,2026-01-16,0.0
MA-BA-87,Falmouth 1.5 NNW,41.566667,-70.615556,2026-01-17,0.0
MA-BA-87,Falmouth 1.5 NNW,41.566667,-70.615556,2026-01-18,0.0
MA-BA-87,Falmouth 1.5 NNW,41.566667,-70.615556,2026-01-19,0.73
MA-BA-87,Falmouth 1.5 NNW,41.566667,-70.615556,2026-01-20,0.0
MA-BA-87,Falmouth 1.5 NNW,41.566667,-70.615556,2026-01-21,0.0
MA-BA-87,Falmouth 1.5 NNW,41.566667,-70.615556,2026-01-22,0.0
MA-BA-87,Falmouth 1.5 NNW,41.566667,-70.615556,2026-01-23,0.0
MA-BA-87,Falmouth 1.5 NNW,41.566667,-70.615556,2026-01-24,0.0
MA-BA-87,Falmouth 1.5 NNW,41.566667,-70.615556,2026-01-25,0.0
MA-BA-87,Falmouth 1.5 NNW,41.566667,-70.615556,2026-01-26,1.76
MA-BA-87,Falmouth 1.5 NNW,41.566667,-70.615556,2026-01-27,0.06
MA-BA-87,Falmouth 1.5 NNW,41.566667,-70.615556,2026-01-28,0.0
MA-BA-87,Falmouth 1.5 NNW,41.566667,-70.615556,2026-01-29,0.0
MA-BA-87,Falmouth 1.5 NNW,41.566667,-70.615556,2026-01-30,0.0
MA-BA-87,Falmouth 1.5 NNW,41.566667,-70.615556,2026-01-31,0.0
MA-BA-87,Falmouth 1.5 NNW,41.566667,-70.615556,2026-02-01,0.0
MA-BA-87,Falmouth 1.5 NNW,41.566667,-70.615556,2026-02-02,0.03
MA-BA-87,Falmouth 1.5 NNW,41.566667,-70.615556,2026-02-03,0.0
MA-BA-87,Falmouth 1.5 NNW,41.566667,-70.615556,2026-02-04,0.0
MA-BA-87,Falmouth 1.5 NNW,41.566667,-70.615556,2026-02-05,0.0
MA-BA-87,Falmouth 1.5 NNW,41.566667,-70.615556,2026-02-06,0.0
MA-BA-87,Falmouth 1.5 NNW,41.566667,-70.615556,2026-02-07,0.03
MA-BA-87,Falmouth 1.5 NNW,41.566667,-70.615556,2026-02-08,0.13
MA-BA-87,Falmouth 1.5 NNW,41.566667,-70.615556,2026-02-09,0.0
MA-BA-87,Falmouth 1.5 NNW,41.566667,-70.615556,2026-02-10,0.0
MA-BA-87,Falmouth 1.5 NNW,41.566667,-70.615556,2026-02-11,0.14
MA-BA-87,Falmouth 1.5 NNW,41.566667,-70.615556,2026-02-12,0.0
MA-BA-87,Falmouth 1.5 NNW,41.566667,-70.615556,2026-02-13,0.0
MA-BA-87,Falmouth 1.5 NNW,41.566667,-70.615556,2026-02-14,0.0
MA-BA-87,Falmouth 1.5 NNW,41.566667,-70.615556,2026-02-15,0.0
MA-BA-87,Falmouth 1.5 NNW,41.566667,-70.615556,2026-02-16,0.0
MA-BA-87,Falmouth 1.5 NNW,41.566667,-70.615556,2026-02-17,0.0
MA-BA-87,Falmouth 1.5 NNW,41.566667,-70.615556,2026-02-18,0.0
MA-BA-87,Falmouth 1.5 NNW,41.566667,-70.615556,2026-02-19,0.18
MA-BA-87,Falmouth 1.5 NNW,41.566667,-70.615556,2026-02-20,0.0
MA-BA-87,Falmouth 1.5 NNW,41.566667,-70.615556,2026-02-21,0.52
MA-BA-87,Falmouth 1.5 NNW,41.566667,-70.615556,2026-02-22,0.03
MA-BA-87,Falmouth 1.5 NNW,41.566667,-70.615556,2026-03-05,0.0
MA-BA-87,Falmouth 1.5 NNW,41.566667,-70.615556,2026-03-06,1.18
MA-BA-87,Falmouth 1.5 NNW,41.566667,-70.615556,2026-03-07,0.12
MA-BA-87,Falmouth 1.5 NNW,41.566667,-70.615556,2026-03-08,0.03
MA-BA-87,Falmouth 1.5 NNW,41.566667,-70.615556,2026-03-09,0.01
MA-BA-87,Falmouth 1.5 NNW,41.566667,-70.615556,2026-03-10,0.0
MA-BA-87,Falmouth 1.5 NNW,41.566667,-70.615556,2026-03-11,0.0
MA-BA-87,Falmouth 1.5 NNW,41.566667,-70.615556,2026-03-12,0.01
MA-BA-87,Falmouth 1.5 NNW,41.566667,-70.615556,2026-03-13,0.07
MA-BA-87,Falmouth 1.5 NNW,41.566667,-70.615556,2026-03-14,0.02
MA-BA-87,Falmouth 1.5 NNW,41.566667,-70.615556,2026-03-15,0.0
MA-BA-87,Falmouth 1.5 NNW,41.566667,-70.615556,2026-03-16,0.05
MA-BA-87,Falmouth 1.5 NNW,41.566667,-70.615556,2026-03-17,0.84
MA-BA-87,Falmouth 1.5 NNW,41.566667,-70.615556,2026-03-18,0.0
MA-BA-87,Falmouth 1.5 NNW,41.566667,-70.615556,2026-03-19,0.0
MA-BA-87,Falmouth 1.5 NNW,41.566667,-70.615556,2026-03-20,0.0
MA-BA-87,Falmouth 1.5 NNW,41.566667,-70.615556,2026-03-21,0.18
MA-BA-87,Falmouth 1.5 NNW,41.566667,-70.615556,2026-03-22,0.0
MA-BA-87,Falmouth 1.5 NNW,41.566667,-70.615556,2026-03-23,0.93
MA-BA-87,Falmouth 1.5 NNW,41.566667,-70.615556,2026-03-24,0.36
MA-BA-87,Falmouth 1.5 NNW,41.566667,-70.615556,2026-03-25,0.0
MA-BA-87,Falmouth 1.5 NNW,41.566667,-70.615556,2026-03-26,0.0
MA-BA-87,Falmouth 1.5 NNW,41.566667,-70.615556,2026-03-27,0.1
MA-BA-87,Falmouth 1.5 NNW,41.566667,-70.615556,2026-03-28,0.0
MA-BA-87,Falmouth 1.5 NNW,41.566667,-70.615556,2026-03-29,0.0
MA-BA-87,Falmouth 1.5 NNW,41.566667,-70.615556,2026-03-30,0.0
MA-BA-87,Falmouth 1.5 NNW,41.566667,-70.615556,2026-03-31,0.0
MA-BA-87,Falmouth 1.5 NNW,41.566667,-70.615556,2026-04-01,0.02
MA-BA-87,Falmouth 1.5 NNW,41.566667,-70.615556,2026-04-02,0.64
MA-BA-87,Falmouth 1.5 NNW,41.566667,-70.615556,2026-04-03,0.19
MA-BA-87,Falmouth 1.5 NNW,41.566667,-70.615556,2026-04-04,0.02
MA-BA-87,Falmouth 1.5 NNW,41.566667,-70.615556,2026-04-05,0.03
MA-BA-87,Falmouth 1.5 NNW,41.566667,-70.615556,2026-04-06,0.12
MA-BA-87,Falmouth 1.5 NNW,41.566667,-70.615556,2026-04-07,0.0
MA-BA-87,Falmouth 1.5 NNW,41.566667,-70.615556,2026-04-08,0.03
MA-BA-87,Falmouth 1.5 NNW,41.566667,-70.615556,2026-04-09,0.0
MA-BA-87,Falmouth 1.5 NNW,41.566667,-70.615556,2026-04-10,0.0
MA-BA-87,Falmouth 1.5 NNW,41.566667,-70.615556,2026-04-11,0.0
MA-BA-87,Falmouth 1.5 NNW,41.566667,-70.615556,2026-04-12,0.0
MA-BA-87,Falmouth 1.5 NNW,41.566667,-70.615556,2026-04-13,0.04
MA-BA-87,Falmouth 1.5 NNW,41.566667,-70.615556,2026-04-14,0.0
MA-BA-87,Falmouth 1.5 NNW,41.566667,-70.615556,2026-04-15,0.0
MA-BA-87,Falmouth 1.5 NNW,41.566667,-70.615556,2026-04-16,0.04
MA-BA-87,Falmouth 1.5 NNW,41.566667,-70.615556,2026-04-17,0.0
MA-BA-87,Falmouth 1.5 NNW,41.566667,-70.615556,2026-04-18,0.04
MA-BA-87,Falmouth 1.5 NNW,41.566667,-70.615556,2026-04-19,0.03
MA-BA-87,Falmouth 1.5 NNW,41.566667,-70.615556,2026-04-22,0.0
MA-BA-87,Falmouth 1.5 NNW,41.566667,-70.615556,2026-04-23,0.0
MA-BA-87,Falmouth 1.5 NNW,41.566667,-70.615556,2026-04-24,0.0
MA-BA-87,Falmouth 1.5 NNW,41.566667,-70.615556,2026-04-25,0.0
MA-BA-87,Falmouth 1.5 NNW,41.566667,-70.615556,2026-04-26,0.08
MA-BA-87,Falmouth 1.5 NNW,41.566667,-70.615556,2026-04-27,0.02
MA-BA-87,Falmouth 1.5 NNW,41.566667,-70.615556,2026-04-28,0.0
MA-BA-87,Falmouth 1.5 NNW,41.566667,-70.615556,2026-04-29,0.0
MA-BA-87,Falmouth 1.5 NNW,41.566667,-70.615556,2026-04-30,0.03
MA-BA-87,Falmouth 1.5 NNW,41.566667,-70.615556,2026-05-01,0.02
MA-BA-87,Falmouth 1.5 NNW,41.566667,-70.615556,2026-05-02,0.0
MA-BA-87,Falmouth 1.5 NNW,41.566667,-70.615556,2026-05-03,0.58
MA-BA-87,Falmouth 1.5 NNW,41.566667,-70.615556,2026-05-04,0.01
MA-BA-87,Falmouth 1.5 NNW,41.566667,-70.615556,2026-05-05,0.0
MA-BA-87,Falmouth 1.5 NNW,41.566667,-70.615556,2026-05-06,0.0
MA-BA-87,Falmouth 1.5 NNW,41.566667,-70.615556,2026-05-07,0.31
MA-BA-87,Falmouth 1.5 NNW,41.566667,-70.615556,2026-05-08,0.06
MA-BA-87,Falmouth 1.5 NNW,41.566667,-70.615556,2026-05-09,0.03
MA-BA-87,Falmouth 1.5 NNW,41.566667,-70.615556,2026-05-10,0.12
MA-BA-87,Falmouth 1.5 NNW,41.566667,-70.615556,2026-05-11,0.26
MA-BA-87,Falmouth 1.5 NNW,41.566667,-70.615556,2026-05-20,0.0
MA-BA-87,Falmouth 1.5 NNW,41.566667,-70.615556,2026-05-21,0.15
MA-BA-87,Falmouth 1.5 NNW,41.566667,-70.615556,2026-05-22,0.02
MA-BA-87,Falmouth 1.5 NNW,41.566667,-70.615556,2026-05-23,0.0
MA-BA-87,Falmouth 1.5 NNW,41.566667,-70.615556,2026-05-24,0.1
MA-BA-87,Falmouth 1.5 NNW,41.566667,-70.615556,2026-05-25,0.7
MA-BA-87,Falmouth 1.5 NNW,41.566667,-70.615556,2026-05-26,0.06
MA-BA-87,Falmouth 1.5 NNW,41.566667,-70.615556,2026-05-27,0.0
MA-BA-87,Falmouth 1.5 NNW,41.566667,-70.615556,2026-05-28,0.0
MA-BA-87,Falmouth 1.5 NNW,41.566667,-70.615556,2026-05-29,0.11
MA-BA-87,Falmouth 1.5 NNW,41.566667,-70.615556,2026-05-30,0.1
MA-BA-87,Falmouth 1.5 NNW,41.566667,-70.615556,2026-05-31,0.3
MA-BA-87,Falmouth 1.5 NNW,41.566667,-70.615556,2026-06-01,0.1
MA-BA-87,Falmouth 1.5 NNW,41.566667,-70.615556,2026-06-02,0.0
MA-BA-87,Falmouth 1.5 NNW,41.566667,-70.615556,2026-06-03,0.0
MA-BA-87,Falmouth 1.5 NNW,41.566667,-70.615556,2026-06-04,0.0
MA-BA-87,Falmouth 1.5 NNW,41.566667,-70.615556,2026-06-05,0.0
MA-BA-87,Falmouth 1.5 NNW,41.566667,-70.615556,2026-06-06,0.0
MA-BA-87,Falmouth 1.5 NNW,41.566667,-70.615556,2026-06-07,0.05
MA-BA-87,Falmouth 1.5 NNW,41.566667,-70.615556,2026-06-08,0.0
MA-BA-87,Falmouth 1.5 NNW,41.566667,-70.615556,2026-06-09,0.0
MA-BA-87,Falmouth 1.5 NNW,41.566667,-70.615556,2026-06-10,0.0
MA-BA-87,Falmouth 1.5 NNW,41.566667,-70.615556,2026-06-14,0.0
MA-BA-87,Falmouth 1.5 NNW,41.566667,-70.615556,2026-06-15,0.1
MA-BA-87,Falmouth 1.5 NNW,41.566667,-70.615556,2026-06-16,0.0
MA-BA-87,Falmouth 1.5 NNW,41.566667,-70.615556,2026-06-17,0.0
MA-BA-87,Falmouth 1.5 NNW,41.566667,-70.615556,2026-06-18,0.0
MA-BA-87,Falmouth 1.5 NNW,41.566667,-70.615556,2026-06-19,0.0
MA-BA-87,Falmouth 1.5 NNW,41.566667,-70.615556,2026-06-20,0.0
MA-BA-87,Falmouth 1.5 NNW,41.566667,-70.615556,2026-06-21,0.0
MA-BA-87,Falmouth 1.5 NNW,41.566667,-70.615556,2026-06-22,0.0
MA-BA-87,Falmouth 1.5 NNW,41.566667,-70.615556,2026-06-23,0.62
MA-BA-87,Falmouth 1.5 NNW,41.566667,-70.615556,2026-06-24,0.21
MA-BA-87,Falmouth 1.5 NNW,41.566667,-70.615556,2026-06-25,0.0
MA-BA-87,Falmouth 1.5 NNW,41.566667,-70.615556,2026-06-26,0.0
MA-BA-87,Falmouth 1.5 NNW,41.566667,-70.615556,2026-06-27,0.06
MA-BA-87,Falmouth 1.5 NNW,41.566667,-70.615556,2026-06-28,0.03
MA-BA-87,Falmouth 1.5 NNW,41.566667,-70.615556,2026-06-30,0.0
MA-BA-87,Falmouth 1.5 NNW,41.566667,-70.615556,2026-07-01,0.0
MA-BA-87,Falmouth 1.5 NNW,41.566667,-70.615556,2026-07-02,0.0
MA-BA-87,Falmouth 1.5 NNW,41.566667,-70.615556,2026-07-03,0.0
MA-BA-87,Falmouth 1.5 NNW,41.566667,-70.615556,2026-07-04,0.0
MA-BA-87,Falmouth 1.5 NNW,41.566667,-70.615556,2026-07-05,0.37
MA-BA-87,Falmouth 1.5 NNW,41.566667,-70.615556,2026-07-06,0.44
MA-BA-87,Falmouth 1.5 NNW,41.566667,-70.615556,2026-07-07,1.13
MA-BA-87,Falmouth 1.5 NNW,41.566667,-70.615556,2026-07-08,3.7
MA-BA-87,Falmouth 1.5 NNW,41.566667,-70.615556,2026-07-09,0.0
MA-BA-87,Falmouth 1.5 NNW,41.566667,-70.615556,2026-07-10,0.0
MA-BA-87,Falmouth 1.5 NNW,41.566667,-70.615556,2026-07-11,0.16
MA-BA-87,Falmouth 1.5 NNW,41.566667,-70.615556,2026-07-12,0.0
MA-BA-87,Falmouth 1.5 NNW,41.566667,-70.615556,2026-07-13,0.0
MA-BA-87,Falmouth 1.5 NNW,41.566667,-70.615556,2026-07-14,0.0
MA-BA-87,Falmouth 1.5 NNW,41.566667,-70.615556,2026-07-15,0.0
MA-BA-87,Falmouth 1.5 NNW,41.566667,-70.615556,2026-07-16,0.0
MA-BA-87,Falmouth 1.5 NNW,41.566667,-70.615556,2026-07-17,0.0
MA-BA-87,Falmouth 1.5 NNW,41.566667,-70.615556,2026-07-18,0.0
MA-BA-87,Falmouth 1.5 NNW,41.566667,-70.615556,2026-07-19,1.37
MA-BA-87,Falmouth 1.5 NNW,41.566667,-70.615556,2026-07-20,0.0
MA-BA-87,Falmouth 1.5 NNW,41.566667,-70.615556,2026-07-21,0.0
MA-BA-87,Falmouth 1.5 NNW,41.566667,-70.615556,2026-07-22,1.52
MA-BA-87,Falmouth 1.5 NNW,41.566667,-70.615556,2026-07-23,0.02
MA-BA-87,Falmouth 1.5 NNW,41.566667,-70.615556,2026-07-24,0.0
MA-BA-87,Falmouth 1.5 NNW,41.566667,-70.615556,2026-07-25,0.0
MA-BA-87,Falmouth 1.5 NNW,41.566667,-70.615556,2026-07-26,0.0
MA-BA-87,Falmouth 1.5 NNW,41.566667,-70.615556,2026-07-27,0.0
MA-BA-87,Falmouth 1.5 NNW,41.566667,-70.615556,2026-07-28,0.0
MA-BA-87,Falmouth 1.5 NNW,41.566667,-70.615556,2026-07-29,0.0
MA-BA-87,Falmouth 1.5 NNW,41.566667,-70.615556,2026-07-30,0.24
MA-BA-87,Falmouth 1.5 NNW,41.566667,-70.615556,2026-07-31,0.49
MA-BA-87,Falmouth 1.5 NNW,41.566667,-70.615556,2026-08-01,0.04
MA-BA-87,Falmouth 1.5 NNW,41.566667,-70.615556,2026-08-02,0.0
MA-BA-87,Falmouth 1.5 NNW,41.566667,-70.615556,2026-08-03,0.02
MA-BA-101,North Falmouth 1.2 SE,41.6328232,-70.614358,2025-10-09,0.9
MA-BA-101,North Falmouth 1.2 SE,41.6328232,-70.614358,2025-10-10,0.0
MA-BA-101,North Falmouth 1.2 SE,41.6328232,-70.614358,2025-10-11,0.0
MA-BA-101,North Falmouth 1.2 SE,41.6328232,-70.614358,2025-10-12,0.0
MA-BA-101,North Falmouth 1.2 SE,41.6328232,-70.614358,2025-10-13,2.48
MA-BA-101,North Falmouth 1.2 SE,41.6328232,-70.614358,2025-10-14,1.36
MA-BA-101,North Falmouth 1.2 SE,41.6328232,-70.614358,2025-10-16,0.0
MA-BA-101,North Falmouth 1.2 SE,41.6328232,-70.614358,2025-10-17,0.0
MA-BA-101,North Falmouth 1.2 SE,41.6328232,-70.614358,2025-10-18,0.0
MA-BA-101,North Falmouth 1.2 SE,41.6328232,-70.614358,2025-10-19,0.0
MA-BA-101,North Falmouth 1.2 SE,41.6328232,-70.614358,2025-10-20,0.0
MA-BA-101,North Falmouth 1.2 SE,41.6328232,-70.614358,2025-10-21,0.78
MA-BA-101,North Falmouth 1.2 SE,41.6328232,-70.614358,2025-10-25,0.0
MA-BA-101,North Falmouth 1.2 SE,41.6328232,-70.614358,2025-11-01,0.01
MA-BA-101,North Falmouth 1.2 SE,41.6328232,-70.614358,2025-11-03,0.0
MA-BA-101,North Falmouth 1.2 SE,41.6328232,-70.614358,2025-11-04,0.35
MA-BA-101,North Falmouth 1.2 SE,41.6328232,-70.614358,2025-11-09,0.03
MA-BA-101,North Falmouth 1.2 SE,41.6328232,-70.614358,2025-11-10,2.27
MA-BA-101,North Falmouth 1.2 SE,41.6328232,-70.614358,2025-11-11,0.47
MA-BA-101,North Falmouth 1.2 SE,41.6328232,-70.614358,2025-12-20,0.42
MA-BA-101,North Falmouth 1.2 SE,41.6328232,-70.614358,2025-12-21,0.0
MA-BA-101,North Falmouth 1.2 SE,41.6328232,-70.614358,2026-03-13,0.06
MA-BA-101,North Falmouth 1.2 SE,41.6328232,-70.614358,2026-03-27,0.14
MA-BA-101,North Falmouth 1.2 SE,41.6328232,-70.614358,2026-04-01,0.24
MA-BA-101,North Falmouth 1.2 SE,41.6328232,-70.614358,2026-04-03,0.21
MA-BA-101,North Falmouth 1.2 SE,41.6328232,-70.614358,2026-04-04,0.02
MA-BA-101,North Falmouth 1.2 SE,41.6328232,-70.614358,2026-05-03,0.61
MA-BA-101,North Falmouth 1.2 SE,41.6328232,-70.614358,2026-05-04,0.01
MA-BA-101,North Falmouth 1.2 SE,41.6328232,-70.614358,2026-05-05,0.0
MA-BA-101,North Falmouth 1.2 SE,41.6328232,-70.614358,2026-05-06,0.0
MA-BA-101,North Falmouth 1.2 SE,41.6328232,-70.614358,2026-05-07,0.57
MA-BA-101,North Falmouth 1.2 SE,41.6328232,-70.614358,2026-05-09,0.2
MA-BA-101,North Falmouth 1.2 SE,41.6328232,-70.614358,2026-05-10,0.16
MA-BA-101,North Falmouth 1.2 SE,41.6328232,-70.614358,2026-05-15,0.12
MA-BA-101,North Falmouth 1.2 SE,41.6328232,-70.614358,2026-05-16,0.0
MA-BA-101,North Falmouth 1.2 SE,41.6328232,-70.614358,2026-05-17,0.0
MA-BA-101,North Falmouth 1.2 SE,41.6328232,-70.614358,2026-05-18,0.0
MA-BA-101,North Falmouth 1.2 SE,41.6328232,-70.614358,2026-05-20,0.0
MA-BA-101,North Falmouth 1.2 SE,41.6328232,-70.614358,2026-05-26,0.08
MA-BA-101,North Falmouth 1.2 SE,41.6328232,-70.614358,2026-05-29,0.16
MA-BA-101,North Falmouth 1.2 SE,41.6328232,-70.614358,2026-05-30,0.27
MA-BA-101,North Falmouth 1.2 SE,41.6328232,-70.614358,2026-05-31,0.41
MA-BA-101,North Falmouth 1.2 SE,41.6328232,-70.614358,2026-06-01,0.19
MA-BA-101,North Falmouth 1.2 SE,41.6328232,-70.614358,2026-06-02,0.02
MA-BA-101,North Falmouth 1.2 SE,41.6328232,-70.614358,2026-06-16,0.0
MA-BA-101,North Falmouth 1.2 SE,41.6328232,-70.614358,2026-07-07,0.66
MA-BA-101,North Falmouth 1.2 SE,41.6328232,-70.614358,2026-07-08,2.72
MA-BA-105,Falmouth 4.9 NNW,41.6104,-70.6463,2025-01-01,0.56
MA-BA-105,Falmouth 4.9 NNW,41.6104,-70.6463,2025-01-02,0.1
MA-BA-105,Falmouth 4.9 NNW,41.6104,-70.6463,2025-01-03,0.0
MA-BA-105,Falmouth 4.9 NNW,41.6104,-70.6463,2025-01-04,0.0
MA-BA-105,Falmouth 4.9 NNW,41.6104,-70.6463,2025-01-05,0.0
MA-BA-105,Falmouth 4.9 NNW,41.6104,-70.6463,2025-01-06,0.0
MA-BA-105,Falmouth 4.9 NNW,41.6104,-70.6463,2025-01-07,0.0
MA-BA-105,Falmouth 4.9 NNW,41.6104,-70.6463,2025-01-08,0.0
MA-BA-105,Falmouth 4.9 NNW,41.6104,-70.6463,2025-01-09,0.0
MA-BA-105,Falmouth 4.9 NNW,41.6104,-70.6463,2025-01-10,0.0
MA-BA-105,Falmouth 4.9 NNW,41.6104,-70.6463,2025-01-11,0.0
MA-BA-105,Falmouth 4.9 NNW,41.6104,-70.6463,2025-01-12,0.04
MA-BA-105,Falmouth 4.9 NNW,41.6104,-70.6463,2025-01-13,0.0
MA-BA-105,Falmouth 4.9 NNW,41.6104,-70.6463,2025-01-14,0.0
MA-BA-105,Falmouth 4.9 NNW,41.6104,-70.6463,2025-01-15,0.0
MA-BA-105,Falmouth 4.9 NNW,41.6104,-70.6463,2025-01-16,0.0
MA-BA-105,Falmouth 4.9 NNW,41.6104,-70.6463,2025-01-17,0.0
MA-BA-105,Falmouth 4.9 NNW,41.6104,-70.6463,2025-01-18,0.0
MA-BA-105,Falmouth 4.9 NNW,41.6104,-70.6463,2025-01-19,0.53
MA-BA-105,Falmouth 4.9 NNW,41.6104,-70.6463,2025-01-20,0.47
MA-BA-105,Falmouth 4.9 NNW,41.6104,-70.6463,2025-01-21,0.0
MA-BA-105,Falmouth 4.9 NNW,41.6104,-70.6463,2025-01-22,0.01
MA-BA-105,Falmouth 4.9 NNW,41.6104,-70.6463,2025-01-23,0.0
MA-BA-105,Falmouth 4.9 NNW,41.6104,-70.6463,2025-01-24,0.0
MA-BA-105,Falmouth 4.9 NNW,41.6104,-70.6463,2025-01-25,0.0
MA-BA-105,Falmouth 4.9 NNW,41.6104,-70.6463,2025-01-26,0.0
MA-BA-105,Falmouth 4.9 NNW,41.6104,-70.6463,2025-01-27,0.0
MA-BA-105,Falmouth 4.9 NNW,41.6104,-70.6463,2025-01-28,0.0
MA-BA-105,Falmouth 4.9 NNW,41.6104,-70.6463,2025-01-29,0.0
MA-BA-105,Falmouth 4.9 NNW,41.6104,-70.6463,2025-01-30,0.0
MA-BA-105,Falmouth 4.9 NNW,41.6104,-70.6463,2025-01-31,0.0
MA-BA-105,Falmouth 4.9 NNW,41.6104,-70.6463,2025-02-01,0.69
MA-BA-105,Falmouth 4.9 NNW,41.6104,-70.6463,2025-02-04,0.0
MA-BA-105,Falmouth 4.9 NNW,41.6104,-70.6463,2025-02-05,0.0
MA-BA-105,Falmouth 4.9 NNW,41.6104,-70.6463,2025-02-06,0.0
MA-BA-105,Falmouth 4.9 NNW,41.6104,-70.6463,2025-02-07,0.26
MA-BA-105,Falmouth 4.9 NNW,41.6104,-70.6463,2025-02-08,0.0
MA-BA-105,Falmouth 4.9 NNW,41.6104,-70.6463,2025-02-09,0.53
MA-BA-105,Falmouth 4.9 NNW,41.6104,-70.6463,2025-02-10,0.0
MA-BA-105,Falmouth 4.9 NNW,41.6104,-70.6463,2025-02-11,0.0
MA-BA-105,Falmouth 4.9 NNW,41.6104,-70.6463,2025-02-12,0.01
MA-BA-105,Falmouth 4.9 NNW,41.6104,-70.6463,2025-02-13,0.15
MA-BA-105,Falmouth 4.9 NNW,41.6104,-70.6463,2025-02-14,0.02
MA-BA-105,Falmouth 4.9 NNW,41.6104,-70.6463,2025-02-15,0.0
MA-BA-105,Falmouth 4.9 NNW,41.6104,-70.6463,2025-02-17,1.16
MA-BA-105,Falmouth 4.9 NNW,41.6104,-70.6463,2025-02-18,0.0
MA-BA-105,Falmouth 4.9 NNW,41.6104,-70.6463,2025-02-19,0.0
MA-BA-105,Falmouth 4.9 NNW,41.6104,-70.6463,2025-02-20,0.0
MA-BA-105,Falmouth 4.9 NNW,41.6104,-70.6463,2025-02-21,0.0
MA-BA-105,Falmouth 4.9 NNW,41.6104,-70.6463,2025-02-22,0.0
MA-BA-105,Falmouth 4.9 NNW,41.6104,-70.6463,2025-02-23,0.0
MA-BA-105,Falmouth 4.9 NNW,41.6104,-70.6463,2025-02-24,0.0
MA-BA-105,Falmouth 4.9 NNW,41.6104,-70.6463,2025-02-25,0.0
MA-BA-105,Falmouth 4.9 NNW,41.6104,-70.6463,2025-02-26,0.0
MA-BA-105,Falmouth 4.9 NNW,41.6104,-70.6463,2025-02-27,0.02
MA-BA-105,Falmouth 4.9 NNW,41.6104,-70.6463,2025-02-28,0.04
MA-BA-105,Falmouth 4.9 NNW,41.6104,-70.6463,2025-03-01,0.0
MA-BA-105,Falmouth 4.9 NNW,41.6104,-70.6463,2025-03-02,0.0
MA-BA-105,Falmouth 4.9 NNW,41.6104,-70.6463,2025-03-03,0.0
MA-BA-105,Falmouth 4.9 NNW,41.6104,-70.6463,2025-03-04,0.0
MA-BA-105,Falmouth 4.9 NNW,41.6104,-70.6463,2025-03-05,0.0
MA-BA-105,Falmouth 4.9 NNW,41.6104,-70.6463,2025-03-06,0.44
MA-BA-105,Falmouth 4.9 NNW,41.6104,-70.6463,2025-03-07,0.04
MA-BA-105,Falmouth 4.9 NNW,41.6104,-70.6463,2025-03-08,0.0
MA-BA-105,Falmouth 4.9 NNW,41.6104,-70.6463,2025-03-09,0.0
MA-BA-105,Falmouth 4.9 NNW,41.6104,-70.6463,2025-03-10,0.0
MA-BA-105,Falmouth 4.9 NNW,41.6104,-70.6463,2025-03-11,0.0
MA-BA-105,Falmouth 4.9 NNW,41.6104,-70.6463,2025-03-12,0.0
MA-BA-105,Falmouth 4.9 NNW,41.6104,-70.6463,2025-03-13,0.0
MA-BA-105,Falmouth 4.9 NNW,41.6104,-70.6463,2025-03-14,0.0
MA-BA-105,Falmouth 4.9 NNW,41.6104,-70.6463,2025-03-15,0.0
MA-BA-105,Falmouth 4.9 NNW,41.6104,-70.6463,2025-03-16,0.0
MA-BA-105,Falmouth 4.9 NNW,41.6104,-70.6463,2025-03-17,0.43
MA-BA-105,Falmouth 4.9 NNW,41.6104,-70.6463,2025-03-18,1.82
MA-BA-105,Falmouth 4.9 NNW,41.6104,-70.6463,2025-03-19,0.0
MA-BA-105,Falmouth 4.9 NNW,41.6104,-70.6463,2025-03-20,0.01
MA-BA-105,Falmouth 4.9 NNW,41.6104,-70.6463,2025-03-21,0.28
MA-BA-105,Falmouth 4.9 NNW,41.6104,-70.6463,2025-03-22,0.12
MA-BA-105,Falmouth 4.9 NNW,41.6104,-70.6463,2025-03-23,0.0
MA-BA-105,Falmouth 4.9 NNW,41.6104,-70.6463,2025-03-24,0.0
MA-BA-105,Falmouth 4.9 NNW,41.6104,-70.6463,2025-03-25,0.54
MA-BA-105,Falmouth 4.9 NNW,41.6104,-70.6463,2025-03-26,0.0
MA-BA-105,Falmouth 4.9 NNW,41.6104,-70.6463,2025-03-27,0.0
MA-BA-105,Falmouth 4.9 NNW,41.6104,-70.6463,2025-03-28,0.0
MA-BA-105,Falmouth 4.9 NNW,41.6104,-70.6463,2025-03-29,0.05
MA-BA-105,Falmouth 4.9 NNW,41.6104,-70.6463,2025-03-30,0.09
MA-BA-105,Falmouth 4.9 NNW,41.6104,-70.6463,2025-03-31,0.01
MA-BA-105,Falmouth 4.9 NNW,41.6104,-70.6463,2025-04-01,0.21
MA-BA-105,Falmouth 4.9 NNW,41.6104,-70.6463,2025-04-02,0.06
MA-BA-105,Falmouth 4.9 NNW,41.6104,-70.6463,2025-04-03,0.2
MA-BA-105,Falmouth 4.9 NNW,41.6104,-70.6463,2025-04-04,0.18
MA-BA-105,Falmouth 4.9 NNW,41.6104,-70.6463,2025-04-05,0.0
MA-BA-105,Falmouth 4.9 NNW,41.6104,-70.6463,2025-04-06,0.78
MA-BA-105,Falmouth 4.9 NNW,41.6104,-70.6463,2025-04-07,0.03
MA-BA-105,Falmouth 4.9 NNW,41.6104,-70.6463,2025-04-08,0.56
MA-BA-105,Falmouth 4.9 NNW,41.6104,-70.6463,2025-04-09,0.04
MA-BA-105,Falmouth 4.9 NNW,41.6104,-70.6463,2025-04-12,0.35
MA-BA-105,Falmouth 4.9 NNW,41.6104,-70.6463,2025-04-13,0.18
MA-BA-105,Falmouth 4.9 NNW,41.6104,-70.6463,2025-04-22,0.1
MA-BA-105,Falmouth 4.9 NNW,41.6104,-70.6463,2025-04-23,0.01
MA-BA-105,Falmouth 4.9 NNW,41.6104,-70.6463,2025-04-24,0.0
MA-BA-105,Falmouth 4.9 NNW,41.6104,-70.6463,2025-04-25,0.0
MA-BA-105,Falmouth 4.9 NNW,41.6104,-70.6463,2025-04-26,0.0
MA-BA-105,Falmouth 4.9 NNW,41.6104,-70.6463,2025-04-27,0.8
MA-BA-105,Falmouth 4.9 NNW,41.6104,-70.6463,2025-04-28,0.01
MA-BA-105,Falmouth 4.9 NNW,41.6104,-70.6463,2025-04-29,0.0
MA-BA-105,Falmouth 4.9 NNW,41.6104,-70.6463,2025-04-30,0.0
MA-BA-105,Falmouth 4.9 NNW,41.6104,-70.6463,2025-05-01,0.0
MA-BA-105,Falmouth 4.9 NNW,41.6104,-70.6463,2025-05-02,0.56
MA-BA-105,Falmouth 4.9 NNW,41.6104,-70.6463,2025-05-03,0.0
MA-BA-105,Falmouth 4.9 NNW,41.6104,-70.6463,2025-05-04,0.0
MA-BA-105,Falmouth 4.9 NNW,41.6104,-70.6463,2025-05-05,0.13
MA-BA-105,Falmouth 4.9 NNW,41.6104,-70.6463,2025-05-06,0.01
MA-BA-105,Falmouth 4.9 NNW,41.6104,-70.6463,2025-05-07,0.11
MA-BA-105,Falmouth 4.9 NNW,41.6104,-70.6463,2025-05-08,0.0
MA-BA-105,Falmouth 4.9 NNW,41.6104,-70.6463,2025-05-09,0.0
MA-BA-105,Falmouth 4.9 NNW,41.6104,-70.6463,2025-05-10,1.1
MA-BA-105,Falmouth 4.9 NNW,41.6104,-70.6463,2025-05-11,0.01
MA-BA-105,Falmouth 4.9 NNW,41.6104,-70.6463,2025-05-12,0.0
MA-BA-105,Falmouth 4.9 NNW,41.6104,-70.6463,2025-05-13,0.0
MA-BA-105,Falmouth 4.9 NNW,41.6104,-70.6463,2025-05-15,0.01
MA-BA-105,Falmouth 4.9 NNW,41.6104,-70.6463,2025-05-16,0.02
MA-BA-105,Falmouth 4.9 NNW,41.6104,-70.6463,2025-05-17,0.0
MA-BA-105,Falmouth 4.9 NNW,41.6104,-70.6463,2025-05-18,0.01
MA-BA-105,Falmouth 4.9 NNW,41.6104,-70.6463,2025-05-19,0.0
MA-BA-105,Falmouth 4.9 NNW,41.6104,-70.6463,2025-05-20,0.0
MA-BA-105,Falmouth 4.9 NNW,41.6104,-70.6463,2025-05-21,0.0
MA-BA-105,Falmouth 4.9 NNW,41.6104,-70.6463,2025-05-23,4.47
MA-BA-105,Falmouth 4.9 NNW,41.6104,-70.6463,2025-05-24,0.01
MA-BA-105,Falmouth 4.9 NNW,41.6104,-70.6463,2025-05-25,0.04
MA-BA-105,Falmouth 4.9 NNW,41.6104,-70.6463,2025-05-26,0.0
MA-BA-105,Falmouth 4.9 NNW,41.6104,-70.6463,2025-05-27,0.0
MA-BA-105,Falmouth 4.9 NNW,41.6104,-70.6463,2025-05-29,0.17
MA-BA-105,Falmouth 4.9 NNW,41.6104,-70.6463,2025-05-30,0.04
MA-BA-105,Falmouth 4.9 NNW,41.6104,-70.6463,2025-05-31,0.17
MA-BA-105,Falmouth 4.9 NNW,41.6104,-70.6463,2025-06-01,0.0
MA-BA-105,Falmouth 4.9 NNW,41.6104,-70.6463,2025-06-02,0.0
MA-BA-105,Falmouth 4.9 NNW,41.6104,-70.6463,2025-06-03,0.0
MA-BA-105,Falmouth 4.9 NNW,41.6104,-70.6463,2025-06-04,0.0
MA-BA-105,Falmouth 4.9 NNW,41.6104,-70.6463,2025-06-05,0.0
MA-BA-105,Falmouth 4.9 NNW,41.6104,-70.6463,2025-06-06,0.0
MA-BA-105,Falmouth 4.9 NNW,41.6104,-70.6463,2025-06-07,0.0
MA-BA-105,Falmouth 4.9 NNW,41.6104,-70.6463,2025-06-08,0.15
MA-BA-105,Falmouth 4.9 NNW,41.6104,-70.6463,2025-06-09,0.0
MA-BA-105,Falmouth 4.9 NNW,41.6104,-70.6463,2025-06-10,0.05
MA-BA-105,Falmouth 4.9 NNW,41.6104,-70.6463,2025-06-11,0.64
MA-BA-105,Falmouth 4.9 NNW,41.6104,-70.6463,2025-06-12,0.0
MA-BA-105,Falmouth 4.9 NNW,41.6104,-70.6463,2025-06-13,0.0
MA-BA-105,Falmouth 4.9 NNW,41.6104,-70.6463,2025-06-14,0.0
MA-BA-105,Falmouth 4.9 NNW,41.6104,-70.6463,2025-06-15,0.17
MA-BA-105,Falmouth 4.9 NNW,41.6104,-70.6463,2025-06-16,0.0
MA-BA-105,Falmouth 4.9 NNW,41.6104,-70.6463,2025-06-17,0.0
MA-BA-105,Falmouth 4.9 NNW,41.6104,-70.6463,2025-06-18,0.0
MA-BA-105,Falmouth 4.9 NNW,41.6104,-70.6463,2025-06-19,0.0
MA-BA-105,Falmouth 4.9 NNW,41.6104,-70.6463,2025-06-20,0.0
MA-BA-105,Falmouth 4.9 NNW,41.6104,-70.6463,2025-06-22,0.0
MA-BA-105,Falmouth 4.9 NNW,41.6104,-70.6463,2025-06-23,0.0
MA-BA-105,Falmouth 4.9 NNW,41.6104,-70.6463,2025-06-24,0.0
MA-BA-105,Falmouth 4.9 NNW,41.6104,-70.6463,2025-06-25,0.0
MA-BA-105,Falmouth 4.9 NNW,41.6104,-70.6463,2025-06-26,0.0
MA-BA-105,Falmouth 4.9 NNW,41.6104,-70.6463,2025-06-27,0.0
MA-BA-105,Falmouth 4.9 NNW,41.6104,-70.6463,2025-07-05,0.0
MA-BA-105,Falmouth 4.9 NNW,41.6104,-70.6463,2025-07-06,0.0
MA-BA-105,Falmouth 4.9 NNW,41.6104,-70.6463,2025-07-07,0.0
MA-BA-105,Falmouth 4.9 NNW,41.6104,-70.6463,2025-07-08,0.19
MA-BA-105,Falmouth 4.9 NNW,41.6104,-70.6463,2025-07-09,0.45
MA-BA-105,Falmouth 4.9 NNW,41.6104,-70.6463,2025-07-12,0.0
MA-BA-105,Falmouth 4.9 NNW,41.6104,-70.6463,2025-07-13,0.0
MA-BA-105,Falmouth 4.9 NNW,41.6104,-70.6463,2025-07-14,0.0
MA-BA-105,Falmouth 4.9 NNW,41.6104,-70.6463,2025-07-15,0.07
MA-BA-105,Falmouth 4.9 NNW,41.6104,-70.6463,2025-07-19,0.01
MA-BA-105,Falmouth 4.9 NNW,41.6104,-70.6463,2025-07-20,0.0
MA-BA-105,Falmouth 4.9 NNW,41.6104,-70.6463,2025-07-21,0.06
MA-BA-105,Falmouth 4.9 NNW,41.6104,-70.6463,2025-07-22,0.0
MA-BA-105,Falmouth 4.9 NNW,41.6104,-70.6463,2025-07-23,0.0
MA-BA-105,Falmouth 4.9 NNW,41.6104,-70.6463,2025-07-24,0.0
MA-BA-105,Falmouth 4.9 NNW,41.6104,-70.6463,2025-07-25,0.0
MA-BA-105,Falmouth 4.9 NNW,41.6104,-70.6463,2025-07-26,0.07
MA-BA-105,Falmouth 4.9 NNW,41.6104,-70.6463,2025-07-27,0.0
MA-BA-105,Falmouth 4.9 NNW,41.6104,-70.6463,2025-07-28,0.01
MA-BA-105,Falmouth 4.9 NNW,41.6104,-70.6463,2025-07-29,0.0
MA-BA-105,Falmouth 4.9 NNW,41.6104,-70.6463,2025-07-30,0.0
MA-BA-105,Falmouth 4.9 NNW,41.6104,-70.6463,2025-07-31,0.0
MA-BA-105,Falmouth 4.9 NNW,41.6104,-70.6463,2025-08-03,0.0
MA-BA-105,Falmouth 4.9 NNW,41.6104,-70.6463,2025-08-04,0.0
MA-BA-105,Falmouth 4.9 NNW,41.6104,-70.6463,2025-08-05,0.0
MA-BA-105,Falmouth 4.9 NNW,41.6104,-70.6463,2025-08-06,0.0
MA-BA-105,Falmouth 4.9 NNW,41.6104,-70.6463,2025-08-07,0.0
MA-BA-105,Falmouth 4.9 NNW,41.6104,-70.6463,2025-08-08,0.0
MA-BA-105,Falmouth 4.9 NNW,41.6104,-70.6463,2025-08-09,0.0
MA-BA-105,Falmouth 4.9 NNW,41.6104,-70.6463,2025-08-10,0.0
MA-BA-105,Falmouth 4.9 NNW,41.6104,-70.6463,2025-08-11,0.0
MA-BA-105,Falmouth 4.9 NNW,41.6104,-70.6463,2025-08-12,0.0
MA-BA-105,Falmouth 4.9 NNW,41.6104,-70.6463,2025-08-13,0.0
MA-BA-105,Falmouth 4.9 NNW,41.6104,-70.6463,2025-08-14,0.0
MA-BA-105,Falmouth 4.9 NNW,41.6104,-70.6463,2025-08-15,0.0
MA-BA-105,Falmouth 4.9 NNW,41.6104,-70.6463,2025-08-16,0.0
MA-BA-105,Falmouth 4.9 NNW,41.6104,-70.6463,2025-08-17,0.0
MA-BA-105,Falmouth 4.9 NNW,41.6104,-70.6463,2025-08-18,0.0
MA-BA-105,Falmouth 4.9 NNW,41.6104,-70.6463,2025-08-19,0.0
MA-BA-105,Falmouth 4.9 NNW,41.6104,-70.6463,2025-08-20,0.0
MA-BA-105,Falmouth 4.9 NNW,41.6104,-70.6463,2025-08-21,1.27
MA-BA-105,Falmouth 4.9 NNW,41.6104,-70.6463,2025-08-22,0.02
MA-BA-105,Falmouth 4.9 NNW,41.6104,-70.6463,2025-08-23,0.0
MA-BA-105,Falmouth 4.9 NNW,41.6104,-70.6463,2025-08-24,0.0
MA-BA-105,Falmouth 4.9 NNW,41.6104,-70.6463,2025-08-25,0.0
MA-BA-105,Falmouth 4.9 NNW,41.6104,-70.6463,2025-08-26,0.0
MA-BA-105,Falmouth 4.9 NNW,41.6104,-70.6463,2025-08-27,0.0
MA-BA-105,Falmouth 4.9 NNW,41.6104,-70.6463,2025-08-28,0.0
MA-BA-105,Falmouth 4.9 NNW,41.6104,-70.6463,2025-08-29,0.0
MA-BA-105,Falmouth 4.9 NNW,41.6104,-70.6463,2025-08-30,0.37
MA-BA-105,Falmouth 4.9 NNW,41.6104,-70.6463,2025-08-31,0.0
MA-BA-105,Falmouth 4.9 NNW,41.6104,-70.6463,2025-09-01,0.0
MA-BA-105,Falmouth 4.9 NNW,41.6104,-70.6463,2025-09-02,0.0
MA-BA-105,Falmouth 4.9 NNW,41.6104,-70.6463,2025-09-03,0.0
MA-BA-105,Falmouth 4.9 NNW,41.6104,-70.6463,2025-09-04,0.0
MA-BA-105,Falmouth 4.9 NNW,41.6104,-70.6463,2025-09-05,0.0
MA-BA-105,Falmouth 4.9 NNW,41.6104,-70.6463,2025-09-06,0.0
MA-BA-105,Falmouth 4.9 NNW,41.6104,-70.6463,2025-09-07,0.05
MA-BA-105,Falmouth 4.9 NNW,41.6104,-70.6463,2025-09-08,0.88
MA-BA-105,Falmouth 4.9 NNW,41.6104,-70.6463,2025-09-09,0.0
MA-BA-105,Falmouth 4.9 NNW,41.6104,-70.6463,2025-09-10,0.0
MA-BA-105,Falmouth 4.9 NNW,41.6104,-70.6463,2025-09-11,0.0
MA-BA-105,Falmouth 4.9 NNW,41.6104,-70.6463,2025-09-12,0.0
MA-BA-105,Falmouth 4.9 NNW,41.6104,-70.6463,2025-09-13,0.0
MA-BA-105,Falmouth 4.9 NNW,41.6104,-70.6463,2025-09-14,0.0
MA-BA-105,Falmouth 4.9 NNW,41.6104,-70.6463,2025-09-15,0.0
MA-BA-105,Falmouth 4.9 NNW,41.6104,-70.6463,2025-09-16,0.0
MA-BA-105,Falmouth 4.9 NNW,41.6104,-70.6463,2025-09-17,0.0
MA-BA-105,Falmouth 4.9 NNW,41.6104,-70.6463,2025-09-18,0.31
MA-BA-105,Falmouth 4.9 NNW,41.6104,-70.6463,2025-09-19,0.0
MA-BA-105,Falmouth 4.9 NNW,41.6104,-70.6463,2025-09-20,0.0
MA-BA-105,Falmouth 4.9 NNW,41.6104,-70.6463,2025-09-21,0.0
MA-BA-105,Falmouth 4.9 NNW,41.6104,-70.6463,2025-09-22,0.0
MA-BA-105,Falmouth 4.9 NNW,41.6104,-70.6463,2025-09-23,0.0
MA-BA-105,Falmouth 4.9 NNW,41.6104,-70.6463,2025-09-24,0.0
MA-BA-105,Falmouth 4.9 NNW,41.6104,-70.6463,2025-09-27,0.0
MA-BA-105,Falmouth 4.9 NNW,41.6104,-70.6463,2025-09-28,0.1
MA-BA-105,Falmouth 4.9 NNW,41.6104,-70.6463,2025-09-29,0.0
MA-BA-105,Falmouth 4.9 NNW,41.6104,-70.6463,2025-09-30,0.0
MA-BA-105,Falmouth 4.9 NNW,41.6104,-70.6463,2025-10-01,0.0
MA-BA-105,Falmouth 4.9 NNW,41.6104,-70.6463,2025-10-02,0.0
MA-BA-105,Falmouth 4.9 NNW,41.6104,-70.6463,2025-10-03,0.0
MA-BA-105,Falmouth 4.9 NNW,41.6104,-70.6463,2025-10-04,0.0
MA-BA-105,Falmouth 4.9 NNW,41.6104,-70.6463,2025-10-05,0.0
MA-BA-105,Falmouth 4.9 NNW,41.6104,-70.6463,2025-10-06,0.0
MA-BA-105,Falmouth 4.9 NNW,41.6104,-70.6463,2025-10-07,0.0
MA-BA-105,Falmouth 4.9 NNW,41.6104,-70.6463,2025-10-08,0.0
MA-BA-105,Falmouth 4.9 NNW,41.6104,-70.6463,2025-10-09,0.78
MA-BA-105,Falmouth 4.9 NNW,41.6104,-70.6463,2025-10-10,0.0
MA-BA-105,Falmouth 4.9 NNW,41.6104,-70.6463,2025-10-11,0.0
MA-BA-105,Falmouth 4.9 NNW,41.6104,-70.6463,2025-10-13,2.25
MA-BA-105,Falmouth 4.9 NNW,41.6104,-70.6463,2025-10-14,1.5
MA-BA-105,Falmouth 4.9 NNW,41.6104,-70.6463,2025-10-15,0.28
MA-BA-105,Falmouth 4.9 NNW,41.6104,-70.6463,2025-10-16,0.0
MA-BA-105,Falmouth 4.9 NNW,41.6104,-70.6463,2025-10-17,0.0
MA-BA-105,Falmouth 4.9 NNW,41.6104,-70.6463,2025-10-18,0.0
MA-BA-105,Falmouth 4.9 NNW,41.6104,-70.6463,2025-10-19,0.0
MA-BA-105,Falmouth 4.9 NNW,41.6104,-70.6463,2025-10-20,0.0
MA-BA-105,Falmouth 4.9 NNW,41.6104,-70.6463,2025-10-21,0.84
MA-BA-105,Falmouth 4.9 NNW,41.6104,-70.6463,2025-10-23,0.02
MA-BA-105,Falmouth 4.9 NNW,41.6104,-70.6463,2025-10-24,0.0
MA-BA-105,Falmouth 4.9 NNW,41.6104,-70.6463,2025-10-25,0.0
MA-BA-105,Falmouth 4.9 NNW,41.6104,-70.6463,2025-10-26,0.0
MA-BA-105,Falmouth 4.9 NNW,41.6104,-70.6463,2025-10-27,0.0
MA-BA-105,Falmouth 4.9 NNW,41.6104,-70.6463,2025-10-28,0.02
MA-BA-105,Falmouth 4.9 NNW,41.6104,-70.6463,2025-10-29,0.02
MA-BA-105,Falmouth 4.9 NNW,41.6104,-70.6463,2025-10-30,0.1
MA-BA-105,Falmouth 4.9 NNW,41.6104,-70.6463,2025-10-31,1.69
MA-BA-105,Falmouth 4.9 NNW,41.6104,-70.6463,2025-11-01,0.0
MA-BA-105,Falmouth 4.9 NNW,41.6104,-70.6463,2025-11-02,0.0
MA-BA-105,Falmouth 4.9 NNW,41.6104,-70.6463,2025-11-03,0.0
MA-BA-105,Falmouth 4.9 NNW,41.6104,-70.6463,2025-11-04,0.28
MA-BA-105,Falmouth 4.9 NNW,41.6104,-70.6463,2025-11-05,0.0
MA-BA-105,Falmouth 4.9 NNW,41.6104,-70.6463,2025-11-06,0.02
MA-BA-105,Falmouth 4.9 NNW,41.6104,-70.6463,2025-11-07,0.0
MA-BA-105,Falmouth 4.9 NNW,41.6104,-70.6463,2025-11-08,0.03
MA-BA-105,Falmouth 4.9 NNW,41.6104,-70.6463,2025-11-09,0.03
MA-BA-105,Falmouth 4.9 NNW,41.6104,-70.6463,2025-11-10,2.28
MA-BA-105,Falmouth 4.9 NNW,41.6104,-70.6463,2025-11-11,0.43
MA-BA-105,Falmouth 4.9 NNW,41.6104,-70.6463,2025-11-12,0.0
MA-BA-105,Falmouth 4.9 NNW,41.6104,-70.6463,2025-11-13,0.0
MA-BA-105,Falmouth 4.9 NNW,41.6104,-70.6463,2025-11-14,0.0
MA-BA-105,Falmouth 4.9 NNW,41.6104,-70.6463,2025-11-15,0.0
MA-BA-105,Falmouth 4.9 NNW,41.6104,-70.6463,2025-11-16,0.81
MA-BA-105,Falmouth 4.9 NNW,41.6104,-70.6463,2025-11-17,0.0
MA-BA-105,Falmouth 4.9 NNW,41.6104,-70.6463,2025-11-18,0.0
MA-BA-105,Falmouth 4.9 NNW,41.6104,-70.6463,2025-11-19,0.0
MA-BA-105,Falmouth 4.9 NNW,41.6104,-70.6463,2025-11-20,0.0
MA-BA-105,Falmouth 4.9 NNW,41.6104,-70.6463,2025-11-21,0.0
MA-BA-105,Falmouth 4.9 NNW,41.6104,-70.6463,2025-11-22,0.05
MA-BA-105,Falmouth 4.9 NNW,41.6104,-70.6463,2025-11-23,0.17
MA-BA-105,Falmouth 4.9 NNW,41.6104,-70.6463,2025-11-24,0.01
MA-BA-105,Falmouth 4.9 NNW,41.6104,-70.6463,2025-11-25,0.0
MA-BA-105,Falmouth 4.9 NNW,41.6104,-70.6463,2025-11-26,0.25
MA-BA-105,Falmouth 4.9 NNW,41.6104,-70.6463,2025-11-27,0.05
MA-BA-105,Falmouth 4.9 NNW,41.6104,-70.6463,2025-11-28,0.0
MA-BA-105,Falmouth 4.9 NNW,41.6104,-70.6463,2025-11-29,0.0
MA-BA-105,Falmouth 4.9 NNW,41.6104,-70.6463,2025-11-30,0.0
MA-BA-105,Falmouth 4.9 NNW,41.6104,-70.6463,2025-12-01,0.34
MA-BA-105,Falmouth 4.9 NNW,41.6104,-70.6463,2025-12-02,0.0
MA-BA-105,Falmouth 4.9 NNW,41.6104,-70.6463,2025-12-03,0.91
MA-BA-105,Falmouth 4.9 NNW,41.6104,-70.6463,2025-12-04,0.0
MA-BA-105,Falmouth 4.9 NNW,41.6104,-70.6463,2025-12-05,0.0
MA-BA-105,Falmouth 4.9 NNW,41.6104,-70.6463,2025-12-07,0.03
MA-BA-105,Falmouth 4.9 NNW,41.6104,-70.6463,2025-12-08,0.0
MA-BA-105,Falmouth 4.9 NNW,41.6104,-70.6463,2025-12-09,0.0
MA-BA-105,Falmouth 4.9 NNW,41.6104,-70.6463,2025-12-10,0.04
MA-BA-105,Falmouth 4.9 NNW,41.6104,-70.6463,2025-12-11,0.0
MA-BA-105,Falmouth 4.9 NNW,41.6104,-70.6463,2025-12-13,0.0
MA-BA-105,Falmouth 4.9 NNW,41.6104,-70.6463,2025-12-14,0.29
MA-BA-105,Falmouth 4.9 NNW,41.6104,-70.6463,2025-12-15,0.01
MA-BA-105,Falmouth 4.9 NNW,41.6104,-70.6463,2025-12-16,0.0
MA-BA-105,Falmouth 4.9 NNW,41.6104,-70.6463,2025-12-17,0.0
MA-BA-105,Falmouth 4.9 NNW,41.6104,-70.6463,2025-12-18,0.0
MA-BA-105,Falmouth 4.9 NNW,41.6104,-70.6463,2025-12-19,0.09
MA-BA-105,Falmouth 4.9 NNW,41.6104,-70.6463,2025-12-20,0.43
MA-BA-105,Falmouth 4.9 NNW,41.6104,-70.6463,2025-12-21,0.0
MA-BA-105,Falmouth 4.9 NNW,41.6104,-70.6463,2025-12-22,0.0
MA-BA-105,Falmouth 4.9 NNW,41.6104,-70.6463,2025-12-23,0.0
MA-BA-105,Falmouth 4.9 NNW,41.6104,-70.6463,2025-12-24,0.11
MA-BA-105,Falmouth 4.9 NNW,41.6104,-70.6463,2025-12-25,0.0
MA-BA-105,Falmouth 4.9 NNW,41.6104,-70.6463,2025-12-26,0.0
MA-BA-105,Falmouth 4.9 NNW,41.6104,-70.6463,2025-12-27,0.26
MA-BA-105,Falmouth 4.9 NNW,41.6104,-70.6463,2025-12-28,0.0
MA-BA-105,Falmouth 4.9 NNW,41.6104,-70.6463,2025-12-29,0.31
MA-BA-105,Falmouth 4.9 NNW,41.6104,-70.6463,2025-12-30,0.2
MA-BA-105,Falmouth 4.9 NNW,41.6104,-70.6463,2025-12-31,0.0
MA-BA-105,Falmouth 4.9 NNW,41.6104,-70.6463,2026-01-01,0.25
MA-BA-105,Falmouth 4.9 NNW,41.6104,-70.6463,2026-01-02,0.0
MA-BA-105,Falmouth 4.9 NNW,41.6104,-70.6463,2026-01-03,0.0
MA-BA-105,Falmouth 4.9 NNW,41.6104,-70.6463,2026-01-04,0.0
MA-BA-105,Falmouth 4.9 NNW,41.6104,-70.6463,2026-01-05,0.01
MA-BA-105,Falmouth 4.9 NNW,41.6104,-70.6463,2026-01-13,0.0
MA-BA-105,Falmouth 4.9 NNW,41.6104,-70.6463,2026-01-14,0.0
MA-BA-105,Falmouth 4.9 NNW,41.6104,-70.6463,2026-01-15,0.0
MA-BA-105,Falmouth 4.9 NNW,41.6104,-70.6463,2026-01-16,0.0
MA-BA-105,Falmouth 4.9 NNW,41.6104,-70.6463,2026-01-17,0.0
MA-BA-105,Falmouth 4.9 NNW,41.6104,-70.6463,2026-01-18,0.0
MA-BA-105,Falmouth 4.9 NNW,41.6104,-70.6463,2026-01-19,0.85
MA-BA-105,Falmouth 4.9 NNW,41.6104,-70.6463,2026-01-20,0.01
MA-BA-105,Falmouth 4.9 NNW,41.6104,-70.6463,2026-01-21,0.0
MA-BA-105,Falmouth 4.9 NNW,41.6104,-70.6463,2026-01-22,0.0
MA-BA-105,Falmouth 4.9 NNW,41.6104,-70.6463,2026-01-23,0.0
MA-BA-105,Falmouth 4.9 NNW,41.6104,-70.6463,2026-01-24,0.0
MA-BA-105,Falmouth 4.9 NNW,41.6104,-70.6463,2026-01-25,0.0
MA-BA-105,Falmouth 4.9 NNW,41.6104,-70.6463,2026-01-26,1.91
MA-BA-105,Falmouth 4.9 NNW,41.6104,-70.6463,2026-01-27,0.09
MA-BA-105,Falmouth 4.9 NNW,41.6104,-70.6463,2026-01-28,0.0
MA-BA-105,Falmouth 4.9 NNW,41.6104,-70.6463,2026-01-29,0.0
MA-BA-105,Falmouth 4.9 NNW,41.6104,-70.6463,2026-01-30,0.0
MA-BA-105,Falmouth 4.9 NNW,41.6104,-70.6463,2026-01-31,0.0
MA-BA-105,Falmouth 4.9 NNW,41.6104,-70.6463,2026-02-01,0.0
MA-BA-105,Falmouth 4.9 NNW,41.6104,-70.6463,2026-02-02,0.02
MA-BA-105,Falmouth 4.9 NNW,41.6104,-70.6463,2026-02-03,0.0
MA-BA-105,Falmouth 4.9 NNW,41.6104,-70.6463,2026-02-04,0.0
MA-BA-105,Falmouth 4.9 NNW,41.6104,-70.6463,2026-02-05,0.0
MA-BA-105,Falmouth 4.9 NNW,41.6104,-70.6463,2026-02-06,0.0
MA-BA-105,Falmouth 4.9 NNW,41.6104,-70.6463,2026-02-07,0.02
MA-BA-105,Falmouth 4.9 NNW,41.6104,-70.6463,2026-02-08,0.13
MA-BA-105,Falmouth 4.9 NNW,41.6104,-70.6463,2026-02-09,0.0
MA-BA-105,Falmouth 4.9 NNW,41.6104,-70.6463,2026-02-10,0.0
MA-BA-105,Falmouth 4.9 NNW,41.6104,-70.6463,2026-02-11,0.12
MA-BA-105,Falmouth 4.9 NNW,41.6104,-70.6463,2026-02-12,0.0
MA-BA-105,Falmouth 4.9 NNW,41.6104,-70.6463,2026-02-13,0.0
MA-BA-105,Falmouth 4.9 NNW,41.6104,-70.6463,2026-02-14,0.0
MA-BA-105,Falmouth 4.9 NNW,41.6104,-70.6463,2026-02-15,0.0
MA-BA-105,Falmouth 4.9 NNW,41.6104,-70.6463,2026-02-16,0.0
MA-BA-105,Falmouth 4.9 NNW,41.6104,-70.6463,2026-02-17,0.0
MA-BA-105,Falmouth 4.9 NNW,41.6104,-70.6463,2026-02-18,0.0
MA-BA-105,Falmouth 4.9 NNW,41.6104,-70.6463,2026-02-19,0.16
MA-BA-105,Falmouth 4.9 NNW,41.6104,-70.6463,2026-02-20,0.0
MA-BA-105,Falmouth 4.9 NNW,41.6104,-70.6463,2026-02-21,0.57
MA-BA-105,Falmouth 4.9 NNW,41.6104,-70.6463,2026-02-22,0.0
MA-BA-105,Falmouth 4.9 NNW,41.6104,-70.6463,2026-02-25,0.0
MA-BA-105,Falmouth 4.9 NNW,41.6104,-70.6463,2026-02-27,0.0
MA-BA-105,Falmouth 4.9 NNW,41.6104,-70.6463,2026-02-28,0.0
MA-BA-105,Falmouth 4.9 NNW,41.6104,-70.6463,2026-03-01,0.0
MA-BA-105,Falmouth 4.9 NNW,41.6104,-70.6463,2026-03-02,0.01
MA-BA-105,Falmouth 4.9 NNW,41.6104,-70.6463,2026-03-03,0.0
MA-BA-105,Falmouth 4.9 NNW,41.6104,-70.6463,2026-03-09,0.01
MA-BA-105,Falmouth 4.9 NNW,41.6104,-70.6463,2026-03-10,0.0
MA-BA-105,Falmouth 4.9 NNW,41.6104,-70.6463,2026-03-11,0.0
MA-BA-105,Falmouth 4.9 NNW,41.6104,-70.6463,2026-03-14,0.01
MA-BA-105,Falmouth 4.9 NNW,41.6104,-70.6463,2026-03-15,0.0
MA-BA-105,Falmouth 4.9 NNW,41.6104,-70.6463,2026-03-16,0.15
MA-BA-105,Falmouth 4.9 NNW,41.6104,-70.6463,2026-03-17,0.81
MA-BA-105,Falmouth 4.9 NNW,41.6104,-70.6463,2026-03-18,0.0
MA-BA-105,Falmouth 4.9 NNW,41.6104,-70.6463,2026-03-19,0.0
MA-BA-105,Falmouth 4.9 NNW,41.6104,-70.6463,2026-03-20,0.0
MA-BA-105,Falmouth 4.9 NNW,41.6104,-70.6463,2026-03-21,0.25
MA-BA-105,Falmouth 4.9 NNW,41.6104,-70.6463,2026-03-23,1.24
MA-BA-105,Falmouth 4.9 NNW,41.6104,-70.6463,2026-03-24,0.44
MA-BA-105,Falmouth 4.9 NNW,41.6104,-70.6463,2026-03-25,0.0
MA-BA-105,Falmouth 4.9 NNW,41.6104,-70.6463,2026-03-28,0.0
MA-BA-105,Falmouth 4.9 NNW,41.6104,-70.6463,2026-03-29,0.0
MA-BA-105,Falmouth 4.9 NNW,41.6104,-70.6463,2026-03-30,0.0
MA-BA-105,Falmouth 4.9 NNW,41.6104,-70.6463,2026-03-31,0.0
MA-BA-105,Falmouth 4.9 NNW,41.6104,-70.6463,2026-04-04,0.0
MA-BA-105,Falmouth 4.9 NNW,41.6104,-70.6463,2026-04-05,0.0
MA-BA-105,Falmouth 4.9 NNW,41.6104,-70.6463,2026-04-06,0.17
MA-BA-105,Falmouth 4.9 NNW,41.6104,-70.6463,2026-04-07,0.0
MA-BA-105,Falmouth 4.9 NNW,41.6104,-70.6463,2026-04-08,0.01
MA-BA-105,Falmouth 4.9 NNW,41.6104,-70.6463,2026-04-09,0.0
MA-BA-105,Falmouth 4.9 NNW,41.6104,-70.6463,2026-04-10,0.0
MA-BA-105,Falmouth 4.9 NNW,41.6104,-70.6463,2026-04-11,0.0
MA-BA-105,Falmouth 4.9 NNW,41.6104,-70.6463,2026-04-12,0.0
MA-BA-105,Falmouth 4.9 NNW,41.6104,-70.6463,2026-04-13,0.04
MA-BA-105,Falmouth 4.9 NNW,41.6104,-70.6463,2026-04-14,0.0
MA-BA-105,Falmouth 4.9 NNW,41.6104,-70.6463,2026-04-15,0.0
MA-BA-105,Falmouth 4.9 NNW,41.6104,-70.6463,2026-04-16,0.15
MA-BA-105,Falmouth 4.9 NNW,41.6104,-70.6463,2026-04-17,0.0
MA-BA-105,Falmouth 4.9 NNW,41.6104,-70.6463,2026-04-18,0.02
MA-BA-105,Falmouth 4.9 NNW,41.6104,-70.6463,2026-04-19,0.02
MA-BA-105,Falmouth 4.9 NNW,41.6104,-70.6463,2026-04-20,0.14
MA-BA-105,Falmouth 4.9 NNW,41.6104,-70.6463,2026-04-21,0.17
MA-BA-105,Falmouth 4.9 NNW,41.6104,-70.6463,2026-04-22,0.0
MA-BA-105,Falmouth 4.9 NNW,41.6104,-70.6463,2026-04-23,0.0
MA-BA-105,Falmouth 4.9 NNW,41.6104,-70.6463,2026-04-24,0.0
MA-BA-105,Falmouth 4.9 NNW,41.6104,-70.6463,2026-04-25,0.0
MA-BA-105,Falmouth 4.9 NNW,41.6104,-70.6463,2026-04-28,0.0
MA-BA-105,Falmouth 4.9 NNW,41.6104,-70.6463,2026-04-29,0.0
MA-BA-105,Falmouth 4.9 NNW,41.6104,-70.6463,2026-04-30,0.01
MA-BA-105,Falmouth 4.9 NNW,41.6104,-70.6463,2026-05-01,0.06
MA-BA-105,Falmouth 4.9 NNW,41.6104,-70.6463,2026-05-02,0.0
MA-BA-105,Falmouth 4.9 NNW,41.6104,-70.6463,2026-05-03,0.55
MA-BA-105,Falmouth 4.9 NNW,41.6104,-70.6463,2026-05-04,0.0
MA-BA-105,Falmouth 4.9 NNW,41.6104,-70.6463,2026-05-05,0.0
MA-BA-105,Falmouth 4.9 NNW,41.6104,-70.6463,2026-05-06,0.0
MA-BA-105,Falmouth 4.9 NNW,41.6104,-70.6463,2026-05-07,
MA-BA-105,Falmouth 4.9 NNW,41.6104,-70.6463,2026-05-09,0.02
MA-BA-105,Falmouth 4.9 NNW,41.6104,-70.6463,2026-05-10,0.17
MA-BA-105,Falmouth 4.9 NNW,41.6104,-70.6463,2026-05-11,0.27
MA-BA-105,Falmouth 4.9 NNW,41.6104,-70.6463,2026-05-12,0.01
MA-BA-105,Falmouth 4.9 NNW,41.6104,-70.6463,2026-05-13,0.0
MA-BA-105,Falmouth 4.9 NNW,41.6104,-70.6463,2026-05-14,0.0
MA-BA-105,Falmouth 4.9 NNW,41.6104,-70.6463,2026-05-15,0.07
MA-BA-105,Falmouth 4.9 NNW,41.6104,-70.6463,2026-05-16,0.0
MA-BA-105,Falmouth 4.9 NNW,41.6104,-70.6463,2026-05-17,0.0
MA-BA-105,Falmouth 4.9 NNW,41.6104,-70.6463,2026-05-18,0.0
MA-BA-105,Falmouth 4.9 NNW,41.6104,-70.6463,2026-05-19,0.0
MA-BA-105,Falmouth 4.9 NNW,41.6104,-70.6463,2026-05-20,0.0
MA-BA-105,Falmouth 4.9 NNW,41.6104,-70.6463,2026-05-23,0.0
MA-BA-105,Falmouth 4.9 NNW,41.6104,-70.6463,2026-05-24,0.06
MA-BA-105,Falmouth 4.9 NNW,41.6104,-70.6463,2026-05-25,0.71
MA-BA-105,Falmouth 4.9 NNW,41.6104,-70.6463,2026-05-26,0.05
MA-BA-105,Falmouth 4.9 NNW,41.6104,-70.6463,2026-05-27,0.0
MA-BA-105,Falmouth 4.9 NNW,41.6104,-70.6463,2026-05-28,0.0
MA-BA-105,Falmouth 4.9 NNW,41.6104,-70.6463,2026-05-29,0.19
MA-BA-105,Falmouth 4.9 NNW,41.6104,-70.6463,2026-05-30,0.31
MA-BA-105,Falmouth 4.9 NNW,41.6104,-70.6463,2026-05-31,0.35
MA-BA-105,Falmouth 4.9 NNW,41.6104,-70.6463,2026-06-01,0.14
MA-BA-105,Falmouth 4.9 NNW,41.6104,-70.6463,2026-06-02,0.0
MA-BA-105,Falmouth 4.9 NNW,41.6104,-70.6463,2026-06-03,0.0
MA-BA-105,Falmouth 4.9 NNW,41.6104,-70.6463,2026-06-04,0.0
MA-BA-105,Falmouth 4.9 NNW,41.6104,-70.6463,2026-06-05,0.0
MA-BA-105,Falmouth 4.9 NNW,41.6104,-70.6463,2026-06-07,0.02
MA-BA-105,Falmouth 4.9 NNW,41.6104,-70.6463,2026-06-08,0.0
MA-BA-105,Falmouth 4.9 NNW,41.6104,-70.6463,2026-06-09,0.0
MA-BA-105,Falmouth 4.9 NNW,41.6104,-70.6463,2026-06-10,0.0
MA-BA-105,Falmouth 4.9 NNW,41.6104,-70.6463,2026-06-13,0.0
MA-BA-105,Falmouth 4.9 NNW,41.6104,-70.6463,2026-06-14,0.0
MA-BA-105,Falmouth 4.9 NNW,41.6104,-70.6463,2026-06-15,0.09
MA-BA-105,Falmouth 4.9 NNW,41.6104,-70.6463,2026-06-16,0.0
MA-BA-105,Falmouth 4.9 NNW,41.6104,-70.6463,2026-06-17,0.0
MA-BA-105,Falmouth 4.9 NNW,41.6104,-70.6463,2026-06-18,0.0
MA-BA-105,Falmouth 4.9 NNW,41.6104,-70.6463,2026-06-19,0.0
MA-BA-105,Falmouth 4.9 NNW,41.6104,-70.6463,2026-06-20,0.0
MA-BA-105,Falmouth 4.9 NNW,41.6104,-70.6463,2026-06-21,0.0
MA-BA-105,Falmouth 4.9 NNW,41.6104,-70.6463,2026-06-22,0.0
MA-BA-105,Falmouth 4.9 NNW,41.6104,-70.6463,2026-06-23,0.68
MA-BA-105,Falmouth 4.9 NNW,41.6104,-70.6463,2026-06-24,0.77
MA-BA-105,Falmouth 4.9 NNW,41.6104,-70.6463,2026-06-25,0.0
MA-BA-105,Falmouth 4.9 NNW,41.6104,-70.6463,2026-06-26,0.0
MA-BA-105,Falmouth 4.9 NNW,41.6104,-70.6463,2026-06-27,0.0
MA-BA-105,Falmouth 4.9 NNW,41.6104,-70.6463,2026-06-28,0.01
MA-BA-105,Falmouth 4.9 NNW,41.6104,-70.6463,2026-06-29,0.0
MA-BA-105,Falmouth 4.9 NNW,41.6104,-70.6463,2026-06-30,0.0
MA-BA-105,Falmouth 4.9 NNW,41.6104,-70.6463,2026-07-01,0.0
MA-BA-105,Falmouth 4.9 NNW,41.6104,-70.6463,2026-07-02,0.0
MA-BA-105,Falmouth 4.9 NNW,41.6104,-70.6463,2026-07-03,0.0
MA-BA-105,Falmouth 4.9 NNW,41.6104,-70.6463,2026-07-04,0.0
MA-BA-105,Falmouth 4.9 NNW,41.6104,-70.6463,2026-07-05,0.44
MA-BA-105,Falmouth 4.9 NNW,41.6104,-70.6463,2026-07-06,0.31
MA-BA-105,Falmouth 4.9 NNW,41.6104,-70.6463,2026-07-07,0.89
MA-BA-105,Falmouth 4.9 NNW,41.6104,-70.6463,2026-07-08,2.98
MA-BA-105,Falmouth 4.9 NNW,41.6104,-70.6463,2026-07-09,0.0
MA-BA-105,Falmouth 4.9 NNW,41.6104,-70.6463,2026-07-10,0.0
MA-BA-105,Falmouth 4.9 NNW,41.6104,-70.6463,2026-07-11,0.14
MA-BA-105,Falmouth 4.9 NNW,41.6104,-70.6463,2026-07-12,0.0
MA-BA-105,Falmouth 4.9 NNW,41.6104,-70.6463,2026-07-13,0.0
MA-BA-105,Falmouth 4.9 NNW,41.6104,-70.6463,2026-07-14,0.0
MA-BA-105,Falmouth 4.9 NNW,41.6104,-70.6463,2026-07-15,0.0
MA-BA-105,Falmouth 4.9 NNW,41.6104,-70.6463,2026-07-16,0.0
MA-BA-105,Falmouth 4.9 NNW,41.6104,-70.6463,2026-07-17,0.0
MA-BA-105,Falmouth 4.9 NNW,41.6104,-70.6463,2026-07-18,0.0
MA-BA-105,Falmouth 4.9 NNW,41.6104,-70.6463,2026-07-19,2.17
MA-BA-105,Falmouth 4.9 NNW,41.6104,-70.6463,2026-07-20,0.0
MA-BA-105,Falmouth 4.9 NNW,41.6104,-70.6463,2026-07-21,0.0
MA-BA-105,Falmouth 4.9 NNW,41.6104,-70.6463,2026-07-22,1.99
MA-BA-105,Falmouth 4.9 NNW,41.6104,-70.6463,2026-07-23,0.0
MA-BA-105,Falmouth 4.9 NNW,41.6104,-70.6463,2026-07-24,0.0
MA-BA-105,Falmouth 4.9 NNW,41.6104,-70.6463,2026-07-25,0.0
MA-BA-105,Falmouth 4.9 NNW,41.6104,-70.6463,2026-07-26,0.0
MA-BA-105,Falmouth 4.9 NNW,41.6104,-70.6463,2026-07-27,0.0
MA-BA-105,Falmouth 4.9 NNW,41.6104,-70.6463,2026-07-28,0.0
MA-BA-105,Falmouth 4.9 NNW,41.6104,-70.6463,2026-08-02,0.0
MA-BA-105,Falmouth 4.9 NNW,41.6104,-70.6463,2026-08-03,0.04
MA-BA-109,N Falmouth 0.7 E,41.643684,-70.608876,2025-01-01,0.51
MA-BA-109,N Falmouth 0.7 E,41.643684,-70.608876,2025-01-02,0.13
MA-BA-109,N Falmouth 0.7 E,41.643684,-70.608876,2025-01-03,0.0
MA-BA-109,N Falmouth 0.7 E,41.643684,-70.608876,2025-01-04,0.0
MA-BA-109,N Falmouth 0.7 E,41.643684,-70.608876,2025-01-05,0.0
MA-BA-109,N Falmouth 0.7 E,41.643684,-70.608876,2025-01-06,0.0
MA-BA-109,N Falmouth 0.7 E,41.643684,-70.608876,2025-01-07,0.0
MA-BA-109,N Falmouth 0.7 E,41.643684,-70.608876,2025-01-08,0.0
MA-BA-109,N Falmouth 0.7 E,41.643684,-70.608876,2025-01-09,0.0
MA-BA-109,N Falmouth 0.7 E,41.643684,-70.608876,2025-01-10,0.0
MA-BA-109,N Falmouth 0.7 E,41.643684,-70.608876,2025-01-11,0.01
MA-BA-109,N Falmouth 0.7 E,41.643684,-70.608876,2025-01-12,0.12
MA-BA-109,N Falmouth 0.7 E,41.643684,-70.608876,2025-01-13,0.0
MA-BA-109,N Falmouth 0.7 E,41.643684,-70.608876,2025-01-14,0.0
MA-BA-109,N Falmouth 0.7 E,41.643684,-70.608876,2025-01-15,0.0
MA-BA-109,N Falmouth 0.7 E,41.643684,-70.608876,2025-01-16,0.0
MA-BA-109,N Falmouth 0.7 E,41.643684,-70.608876,2025-01-17,0.01
MA-BA-109,N Falmouth 0.7 E,41.643684,-70.608876,2025-01-18,0.0
MA-BA-109,N Falmouth 0.7 E,41.643684,-70.608876,2025-01-19,0.56
MA-BA-109,N Falmouth 0.7 E,41.643684,-70.608876,2025-01-20,0.51
MA-BA-109,N Falmouth 0.7 E,41.643684,-70.608876,2025-01-21,0.0
MA-BA-109,N Falmouth 0.7 E,41.643684,-70.608876,2025-01-22,0.02
MA-BA-109,N Falmouth 0.7 E,41.643684,-70.608876,2025-01-23,0.0
MA-BA-109,N Falmouth 0.7 E,41.643684,-70.608876,2025-01-24,0.0
MA-BA-109,N Falmouth 0.7 E,41.643684,-70.608876,2025-01-25,0.0
MA-BA-109,N Falmouth 0.7 E,41.643684,-70.608876,2025-01-26,0.0
MA-BA-109,N Falmouth 0.7 E,41.643684,-70.608876,2025-01-27,0.0
MA-BA-109,N Falmouth 0.7 E,41.643684,-70.608876,2025-01-28,0.0
MA-BA-109,N Falmouth 0.7 E,41.643684,-70.608876,2025-01-29,0.0
MA-BA-109,N Falmouth 0.7 E,41.643684,-70.608876,2025-01-30,0.0
MA-BA-109,N Falmouth 0.7 E,41.643684,-70.608876,2025-01-31,0.0
MA-BA-109,N Falmouth 0.7 E,41.643684,-70.608876,2025-02-01,0.72
MA-BA-109,N Falmouth 0.7 E,41.643684,-70.608876,2025-02-02,0.06
MA-BA-109,N Falmouth 0.7 E,41.643684,-70.608876,2025-02-03,0.23
MA-BA-109,N Falmouth 0.7 E,41.643684,-70.608876,2025-02-04,0.0
MA-BA-109,N Falmouth 0.7 E,41.643684,-70.608876,2025-02-05,0.0
MA-BA-109,N Falmouth 0.7 E,41.643684,-70.608876,2025-02-06,0.0
MA-BA-109,N Falmouth 0.7 E,41.643684,-70.608876,2025-02-07,0.3
MA-BA-109,N Falmouth 0.7 E,41.643684,-70.608876,2025-02-08,0.0
MA-BA-109,N Falmouth 0.7 E,41.643684,-70.608876,2025-02-09,0.59
MA-BA-109,N Falmouth 0.7 E,41.643684,-70.608876,2025-02-10,0.0
MA-BA-109,N Falmouth 0.7 E,41.643684,-70.608876,2025-02-11,0.0
MA-BA-109,N Falmouth 0.7 E,41.643684,-70.608876,2025-02-12,0.01
MA-BA-109,N Falmouth 0.7 E,41.643684,-70.608876,2025-02-13,0.18
MA-BA-109,N Falmouth 0.7 E,41.643684,-70.608876,2025-02-14,0.05
MA-BA-109,N Falmouth 0.7 E,41.643684,-70.608876,2025-02-15,0.0
MA-BA-109,N Falmouth 0.7 E,41.643684,-70.608876,2025-02-16,0.61
MA-BA-109,N Falmouth 0.7 E,41.643684,-70.608876,2025-02-17,1.34
MA-BA-109,N Falmouth 0.7 E,41.643684,-70.608876,2025-02-18,0.0
MA-BA-109,N Falmouth 0.7 E,41.643684,-70.608876,2025-02-19,0.0
MA-BA-109,N Falmouth 0.7 E,41.643684,-70.608876,2025-02-20,0.0
MA-BA-109,N Falmouth 0.7 E,41.643684,-70.608876,2025-02-21,0.01
MA-BA-109,N Falmouth 0.7 E,41.643684,-70.608876,2025-02-22,0.0
MA-BA-109,N Falmouth 0.7 E,41.643684,-70.608876,2025-02-23,0.0
MA-BA-109,N Falmouth 0.7 E,41.643684,-70.608876,2025-02-24,0.0
MA-BA-109,N Falmouth 0.7 E,41.643684,-70.608876,2025-02-25,0.0
MA-BA-109,N Falmouth 0.7 E,41.643684,-70.608876,2025-02-26,0.0
MA-BA-109,N Falmouth 0.7 E,41.643684,-70.608876,2025-02-27,0.02
MA-BA-109,N Falmouth 0.7 E,41.643684,-70.608876,2025-02-28,0.06
MA-BA-109,N Falmouth 0.7 E,41.643684,-70.608876,2025-03-01,0.0
MA-BA-109,N Falmouth 0.7 E,41.643684,-70.608876,2025-03-02,0.0
MA-BA-109,N Falmouth 0.7 E,41.643684,-70.608876,2025-03-03,0.0
MA-BA-109,N Falmouth 0.7 E,41.643684,-70.608876,2025-03-04,0.0
MA-BA-109,N Falmouth 0.7 E,41.643684,-70.608876,2025-03-05,0.0
MA-BA-109,N Falmouth 0.7 E,41.643684,-70.608876,2025-03-06,0.58
MA-BA-109,N Falmouth 0.7 E,41.643684,-70.608876,2025-03-07,0.03
MA-BA-109,N Falmouth 0.7 E,41.643684,-70.608876,2025-03-08,0.0
MA-BA-109,N Falmouth 0.7 E,41.643684,-70.608876,2025-03-09,0.0
MA-BA-109,N Falmouth 0.7 E,41.643684,-70.608876,2025-03-10,0.0
MA-BA-109,N Falmouth 0.7 E,41.643684,-70.608876,2025-03-11,0.0
MA-BA-109,N Falmouth 0.7 E,41.643684,-70.608876,2025-03-12,0.0
MA-BA-109,N Falmouth 0.7 E,41.643684,-70.608876,2025-03-13,0.0
MA-BA-109,N Falmouth 0.7 E,41.643684,-70.608876,2025-03-14,0.0
MA-BA-109,N Falmouth 0.7 E,41.643684,-70.608876,2025-03-15,0.0
MA-BA-109,N Falmouth 0.7 E,41.643684,-70.608876,2025-03-16,0.0
MA-BA-109,N Falmouth 0.7 E,41.643684,-70.608876,2025-03-17,0.32
MA-BA-109,N Falmouth 0.7 E,41.643684,-70.608876,2025-03-18,2.06
MA-BA-109,N Falmouth 0.7 E,41.643684,-70.608876,2025-03-19,0.0
MA-BA-109,N Falmouth 0.7 E,41.643684,-70.608876,2025-03-20,0.01
MA-BA-109,N Falmouth 0.7 E,41.643684,-70.608876,2025-03-21,0.32
MA-BA-109,N Falmouth 0.7 E,41.643684,-70.608876,2025-03-22,0.14
MA-BA-109,N Falmouth 0.7 E,41.643684,-70.608876,2025-03-23,0.0
MA-BA-109,N Falmouth 0.7 E,41.643684,-70.608876,2025-03-24,0.0
MA-BA-109,N Falmouth 0.7 E,41.643684,-70.608876,2025-03-25,0.57
MA-BA-109,N Falmouth 0.7 E,41.643684,-70.608876,2025-03-26,0.0
MA-BA-109,N Falmouth 0.7 E,41.643684,-70.608876,2025-03-27,0.01
MA-BA-109,N Falmouth 0.7 E,41.643684,-70.608876,2025-03-28,0.0
MA-BA-109,N Falmouth 0.7 E,41.643684,-70.608876,2025-03-29,0.04
MA-BA-109,N Falmouth 0.7 E,41.643684,-70.608876,2025-03-30,0.09
MA-BA-109,N Falmouth 0.7 E,41.643684,-70.608876,2025-03-31,0.0
MA-BA-109,N Falmouth 0.7 E,41.643684,-70.608876,2025-04-01,0.2
MA-BA-109,N Falmouth 0.7 E,41.643684,-70.608876,2025-04-02,0.09
MA-BA-109,N Falmouth 0.7 E,41.643684,-70.608876,2025-04-03,0.17
MA-BA-109,N Falmouth 0.7 E,41.643684,-70.608876,2025-04-05,0.0
MA-BA-109,N Falmouth 0.7 E,41.643684,-70.608876,2025-04-06,0.65
MA-BA-109,N Falmouth 0.7 E,41.643684,-70.608876,2025-04-07,0.03
MA-BA-109,N Falmouth 0.7 E,41.643684,-70.608876,2025-04-08,0.57
MA-BA-109,N Falmouth 0.7 E,41.643684,-70.608876,2025-04-09,0.03
MA-BA-109,N Falmouth 0.7 E,41.643684,-70.608876,2025-04-10,0.0
MA-BA-109,N Falmouth 0.7 E,41.643684,-70.608876,2025-04-11,0.04
MA-BA-109,N Falmouth 0.7 E,41.643684,-70.608876,2025-04-12,0.33
MA-BA-109,N Falmouth 0.7 E,41.643684,-70.608876,2025-04-13,0.17
MA-BA-109,N Falmouth 0.7 E,41.643684,-70.608876,2025-04-14,0.51
MA-BA-109,N Falmouth 0.7 E,41.643684,-70.608876,2025-04-15,0.09
MA-BA-109,N Falmouth 0.7 E,41.643684,-70.608876,2025-04-16,0.05
MA-BA-109,N Falmouth 0.7 E,41.643684,-70.608876,2025-04-17,0.0
MA-BA-109,N Falmouth 0.7 E,41.643684,-70.608876,2025-04-18,0.0
MA-BA-109,N Falmouth 0.7 E,41.643684,-70.608876,2025-04-19,0.0
MA-BA-109,N Falmouth 0.7 E,41.643684,-70.608876,2025-04-20,0.0
MA-BA-109,N Falmouth 0.7 E,41.643684,-70.608876,2025-04-21,0.0
MA-BA-109,N Falmouth 0.7 E,41.643684,-70.608876,2025-04-22,0.14
MA-BA-109,N Falmouth 0.7 E,41.643684,-70.608876,2025-04-23,0.0
MA-BA-109,N Falmouth 0.7 E,41.643684,-70.608876,2025-04-24,0.0
MA-BA-109,N Falmouth 0.7 E,41.643684,-70.608876,2025-04-25,0.0
MA-BA-109,N Falmouth 0.7 E,41.643684,-70.608876,2025-04-26,0.0
MA-BA-109,N Falmouth 0.7 E,41.643684,-70.608876,2025-04-27,0.86
MA-BA-109,N Falmouth 0.7 E,41.643684,-70.608876,2025-04-28,0.0
MA-BA-109,N Falmouth 0.7 E,41.643684,-70.608876,2025-04-29,0.0
MA-BA-109,N Falmouth 0.7 E,41.643684,-70.608876,2025-04-30,0.0
MA-BA-109,N Falmouth 0.7 E,41.643684,-70.608876,2025-05-01,0.0
MA-BA-109,N Falmouth 0.7 E,41.643684,-70.608876,2025-05-02,0.41
MA-BA-109,N Falmouth 0.7 E,41.643684,-70.608876,2025-05-03,0.0
MA-BA-109,N Falmouth 0.7 E,41.643684,-70.608876,2025-05-04,0.0
MA-BA-109,N Falmouth 0.7 E,41.643684,-70.608876,2025-05-05,0.16
MA-BA-109,N Falmouth 0.7 E,41.643684,-70.608876,2025-05-06,0.01
MA-BA-109,N Falmouth 0.7 E,41.643684,-70.608876,2025-05-07,0.13
MA-BA-109,N Falmouth 0.7 E,41.643684,-70.608876,2025-05-08,0.0
MA-BA-109,N Falmouth 0.7 E,41.643684,-70.608876,2025-05-09,0.0
MA-BA-109,N Falmouth 0.7 E,41.643684,-70.608876,2025-05-10,1.19
MA-BA-109,N Falmouth 0.7 E,41.643684,-70.608876,2025-05-11,0.02
MA-BA-109,N Falmouth 0.7 E,41.643684,-70.608876,2025-05-12,0.0
MA-BA-109,N Falmouth 0.7 E,41.643684,-70.608876,2025-05-13,0.0
MA-BA-109,N Falmouth 0.7 E,41.643684,-70.608876,2025-05-14,0.0
MA-BA-109,N Falmouth 0.7 E,41.643684,-70.608876,2025-05-15,0.0
MA-BA-109,N Falmouth 0.7 E,41.643684,-70.608876,2025-05-16,0.02
MA-BA-109,N Falmouth 0.7 E,41.643684,-70.608876,2025-05-17,0.0
MA-BA-109,N Falmouth 0.7 E,41.643684,-70.608876,2025-05-18,0.02
MA-BA-109,N Falmouth 0.7 E,41.643684,-70.608876,2025-05-19,0.0
MA-BA-109,N Falmouth 0.7 E,41.643684,-70.608876,2025-05-20,0.0
MA-BA-109,N Falmouth 0.7 E,41.643684,-70.608876,2025-05-21,0.0
MA-BA-109,N Falmouth 0.7 E,41.643684,-70.608876,2025-05-22,0.02
MA-BA-109,N Falmouth 0.7 E,41.643684,-70.608876,2025-05-23,4.09
MA-BA-109,N Falmouth 0.7 E,41.643684,-70.608876,2025-05-24,0.02
MA-BA-109,N Falmouth 0.7 E,41.643684,-70.608876,2025-05-25,0.08
MA-BA-109,N Falmouth 0.7 E,41.643684,-70.608876,2025-05-26,0.0
MA-BA-109,N Falmouth 0.7 E,41.643684,-70.608876,2025-05-27,0.0
MA-BA-109,N Falmouth 0.7 E,41.643684,-70.608876,2025-05-28,0.0
MA-BA-109,N Falmouth 0.7 E,41.643684,-70.608876,2025-05-29,0.13
MA-BA-109,N Falmouth 0.7 E,41.643684,-70.608876,2025-05-30,0.1
MA-BA-109,N Falmouth 0.7 E,41.643684,-70.608876,2025-05-31,0.19
MA-BA-109,N Falmouth 0.7 E,41.643684,-70.608876,2025-06-01,0.0
MA-BA-109,N Falmouth 0.7 E,41.643684,-70.608876,2025-06-02,0.0
MA-BA-109,N Falmouth 0.7 E,41.643684,-70.608876,2025-06-03,0.0
MA-BA-109,N Falmouth 0.7 E,41.643684,-70.608876,2025-06-04,0.0
MA-BA-109,N Falmouth 0.7 E,41.643684,-70.608876,2025-06-05,0.0
MA-BA-109,N Falmouth 0.7 E,41.643684,-70.608876,2025-06-06,0.0
MA-BA-109,N Falmouth 0.7 E,41.643684,-70.608876,2025-06-07,0.0
MA-BA-109,N Falmouth 0.7 E,41.643684,-70.608876,2025-06-08,0.32
MA-BA-109,N Falmouth 0.7 E,41.643684,-70.608876,2025-06-09,0.0
MA-BA-109,N Falmouth 0.7 E,41.643684,-70.608876,2025-06-10,0.08
MA-BA-109,N Falmouth 0.7 E,41.643684,-70.608876,2025-06-11,0.65
MA-BA-109,N Falmouth 0.7 E,41.643684,-70.608876,2025-06-12,0.0
MA-BA-109,N Falmouth 0.7 E,41.643684,-70.608876,2025-06-13,0.0
MA-BA-109,N Falmouth 0.7 E,41.643684,-70.608876,2025-06-14,0.0
MA-BA-109,N Falmouth 0.7 E,41.643684,-70.608876,2025-06-15,0.19
MA-BA-109,N Falmouth 0.7 E,41.643684,-70.608876,2025-06-16,0.0
MA-BA-109,N Falmouth 0.7 E,41.643684,-70.608876,2025-06-17,0.0
MA-BA-109,N Falmouth 0.7 E,41.643684,-70.608876,2025-06-18,0.0
MA-BA-109,N Falmouth 0.7 E,41.643684,-70.608876,2025-06-19,0.0
MA-BA-109,N Falmouth 0.7 E,41.643684,-70.608876,2025-06-20,0.0
MA-BA-109,N Falmouth 0.7 E,41.643684,-70.608876,2025-06-21,0.0
MA-BA-109,N Falmouth 0.7 E,41.643684,-70.608876,2025-06-22,0.0
MA-BA-109,N Falmouth 0.7 E,41.643684,-70.608876,2025-06-23,0.0
MA-BA-109,N Falmouth 0.7 E,41.643684,-70.608876,2025-06-24,0.0
MA-BA-109,N Falmouth 0.7 E,41.643684,-70.608876,2025-06-25,0.0
MA-BA-109,N Falmouth 0.7 E,41.643684,-70.608876,2025-06-26,0.0
MA-BA-109,N Falmouth 0.7 E,41.643684,-70.608876,2025-06-27,0.0
MA-BA-109,N Falmouth 0.7 E,41.643684,-70.608876,2025-06-28,0.0
MA-BA-109,N Falmouth 0.7 E,41.643684,-70.608876,2025-06-29,0.01
MA-BA-109,N Falmouth 0.7 E,41.643684,-70.608876,2025-06-30,0.0
MA-BA-109,N Falmouth 0.7 E,41.643684,-70.608876,2025-07-01,0.0
MA-BA-109,N Falmouth 0.7 E,41.643684,-70.608876,2025-07-02,0.02
MA-BA-109,N Falmouth 0.7 E,41.643684,-70.608876,2025-07-03,0.01
MA-BA-109,N Falmouth 0.7 E,41.643684,-70.608876,2025-07-04,0.09
MA-BA-109,N Falmouth 0.7 E,41.643684,-70.608876,2025-07-05,0.0
MA-BA-109,N Falmouth 0.7 E,41.643684,-70.608876,2025-07-06,0.0
MA-BA-109,N Falmouth 0.7 E,41.643684,-70.608876,2025-07-07,0.0
MA-BA-109,N Falmouth 0.7 E,41.643684,-70.608876,2025-07-08,0.17
MA-BA-109,N Falmouth 0.7 E,41.643684,-70.608876,2025-07-09,0.54
MA-BA-109,N Falmouth 0.7 E,41.643684,-70.608876,2025-07-10,0.17
MA-BA-109,N Falmouth 0.7 E,41.643684,-70.608876,2025-07-11,0.19
MA-BA-109,N Falmouth 0.7 E,41.643684,-70.608876,2025-07-12,0.01
MA-BA-109,N Falmouth 0.7 E,41.643684,-70.608876,2025-07-13,0.0
MA-BA-109,N Falmouth 0.7 E,41.643684,-70.608876,2025-07-14,0.0
MA-BA-109,N Falmouth 0.7 E,41.643684,-70.608876,2025-07-15,0.07
MA-BA-109,N Falmouth 0.7 E,41.643684,-70.608876,2025-07-16,0.01
MA-BA-109,N Falmouth 0.7 E,41.643684,-70.608876,2025-07-17,0.01
MA-BA-109,N Falmouth 0.7 E,41.643684,-70.608876,2025-07-18,0.0
MA-BA-109,N Falmouth 0.7 E,41.643684,-70.608876,2025-07-19,0.0
MA-BA-109,N Falmouth 0.7 E,41.643684,-70.608876,2025-07-20,0.0
MA-BA-109,N Falmouth 0.7 E,41.643684,-70.608876,2025-07-21,0.08
MA-BA-109,N Falmouth 0.7 E,41.643684,-70.608876,2025-07-22,0.0
MA-BA-109,N Falmouth 0.7 E,41.643684,-70.608876,2025-07-23,0.0
MA-BA-109,N Falmouth 0.7 E,41.643684,-70.608876,2025-07-24,0.0
MA-BA-109,N Falmouth 0.7 E,41.643684,-70.608876,2025-07-25,0.0
MA-BA-109,N Falmouth 0.7 E,41.643684,-70.608876,2025-07-26,0.06
MA-BA-109,N Falmouth 0.7 E,41.643684,-70.608876,2025-07-27,0.0
MA-BA-109,N Falmouth 0.7 E,41.643684,-70.608876,2025-07-28,0.02
MA-BA-109,N Falmouth 0.7 E,41.643684,-70.608876,2025-07-30,0.0
MA-BA-109,N Falmouth 0.7 E,41.643684,-70.608876,2025-07-31,0.0
MA-BA-109,N Falmouth 0.7 E,41.643684,-70.608876,2025-08-01,0.48
MA-BA-109,N Falmouth 0.7 E,41.643684,-70.608876,2025-08-02,0.09
MA-BA-109,N Falmouth 0.7 E,41.643684,-70.608876,2025-08-03,0.0
MA-BA-109,N Falmouth 0.7 E,41.643684,-70.608876,2025-08-04,0.0
MA-BA-109,N Falmouth 0.7 E,41.643684,-70.608876,2025-08-05,0.0
MA-BA-109,N Falmouth 0.7 E,41.643684,-70.608876,2025-08-06,0.0
MA-BA-109,N Falmouth 0.7 E,41.643684,-70.608876,2025-08-07,0.0
MA-BA-109,N Falmouth 0.7 E,41.643684,-70.608876,2025-08-08,0.0
MA-BA-109,N Falmouth 0.7 E,41.643684,-70.608876,2025-08-09,0.0
MA-BA-109,N Falmouth 0.7 E,41.643684,-70.608876,2025-08-10,0.0
MA-BA-109,N Falmouth 0.7 E,41.643684,-70.608876,2025-08-11,0.0
MA-BA-109,N Falmouth 0.7 E,41.643684,-70.608876,2025-08-12,0.0
MA-BA-109,N Falmouth 0.7 E,41.643684,-70.608876,2025-08-13,0.0
MA-BA-109,N Falmouth 0.7 E,41.643684,-70.608876,2025-08-14,0.0
MA-BA-109,N Falmouth 0.7 E,41.643684,-70.608876,2025-08-15,0.0
MA-BA-109,N Falmouth 0.7 E,41.643684,-70.608876,2025-08-16,0.0
MA-BA-109,N Falmouth 0.7 E,41.643684,-70.608876,2025-08-17,0.0
MA-BA-109,N Falmouth 0.7 E,41.643684,-70.608876,2025-08-18,0.0
MA-BA-109,N Falmouth 0.7 E,41.643684,-70.608876,2025-08-19,0.0
MA-BA-109,N Falmouth 0.7 E,41.643684,-70.608876,2025-08-20,0.0
MA-BA-109,N Falmouth 0.7 E,41.643684,-70.608876,2025-08-21,1.13
MA-BA-109,N Falmouth 0.7 E,41.643684,-70.608876,2025-08-22,0.0
MA-BA-109,N Falmouth 0.7 E,41.643684,-70.608876,2025-08-23,0.0
MA-BA-109,N Falmouth 0.7 E,41.643684,-70.608876,2025-08-24,0.0
MA-BA-109,N Falmouth 0.7 E,41.643684,-70.608876,2025-08-25,0.0
MA-BA-109,N Falmouth 0.7 E,41.643684,-70.608876,2025-08-26,0.0
MA-BA-109,N Falmouth 0.7 E,41.643684,-70.608876,2025-08-27,0.0
MA-BA-109,N Falmouth 0.7 E,41.643684,-70.608876,2025-08-28,0.0
MA-BA-109,N Falmouth 0.7 E,41.643684,-70.608876,2025-08-29,0.0
MA-BA-109,N Falmouth 0.7 E,41.643684,-70.608876,2025-08-30,0.54
MA-BA-109,N Falmouth 0.7 E,41.643684,-70.608876,2025-08-31,0.0
MA-BA-109,N Falmouth 0.7 E,41.643684,-70.608876,2025-09-01,0.0
MA-BA-109,N Falmouth 0.7 E,41.643684,-70.608876,2025-09-02,0.0
MA-BA-109,N Falmouth 0.7 E,41.643684,-70.608876,2025-09-03,0.0
MA-BA-109,N Falmouth 0.7 E,41.643684,-70.608876,2025-09-04,0.0
MA-BA-109,N Falmouth 0.7 E,41.643684,-70.608876,2025-09-05,0.01
MA-BA-109,N Falmouth 0.7 E,41.643684,-70.608876,2025-09-06,0.0
MA-BA-109,N Falmouth 0.7 E,41.643684,-70.608876,2025-09-07,0.02
MA-BA-109,N Falmouth 0.7 E,41.643684,-70.608876,2025-09-08,0.86
MA-BA-109,N Falmouth 0.7 E,41.643684,-70.608876,2025-09-09,0.0
MA-BA-109,N Falmouth 0.7 E,41.643684,-70.608876,2025-09-10,0.0
MA-BA-109,N Falmouth 0.7 E,41.643684,-70.608876,2025-09-11,0.0
MA-BA-109,N Falmouth 0.7 E,41.643684,-70.608876,2025-09-12,0.0
MA-BA-109,N Falmouth 0.7 E,41.643684,-70.608876,2025-09-13,0.0
MA-BA-109,N Falmouth 0.7 E,41.643684,-70.608876,2025-09-14,0.0
MA-BA-109,N Falmouth 0.7 E,41.643684,-70.608876,2025-09-15,0.0
MA-BA-109,N Falmouth 0.7 E,41.643684,-70.608876,2025-09-16,0.0
MA-BA-109,N Falmouth 0.7 E,41.643684,-70.608876,2025-09-17,0.0
MA-BA-109,N Falmouth 0.7 E,41.643684,-70.608876,2025-09-18,0.19
MA-BA-109,N Falmouth 0.7 E,41.643684,-70.608876,2025-09-19,0.0
MA-BA-109,N Falmouth 0.7 E,41.643684,-70.608876,2025-09-20,0.0
MA-BA-109,N Falmouth 0.7 E,41.643684,-70.608876,2025-09-21,0.0
MA-BA-109,N Falmouth 0.7 E,41.643684,-70.608876,2025-09-22,0.0
MA-BA-109,N Falmouth 0.7 E,41.643684,-70.608876,2025-09-23,0.0
MA-BA-109,N Falmouth 0.7 E,41.643684,-70.608876,2025-09-24,0.0
MA-BA-109,N Falmouth 0.7 E,41.643684,-70.608876,2025-09-25,1.75
MA-BA-109,N Falmouth 0.7 E,41.643684,-70.608876,2025-09-26,0.61
MA-BA-109,N Falmouth 0.7 E,41.643684,-70.608876,2025-09-27,0.0
MA-BA-109,N Falmouth 0.7 E,41.643684,-70.608876,2025-09-28,0.1
MA-BA-109,N Falmouth 0.7 E,41.643684,-70.608876,2025-09-29,0.0
MA-BA-109,N Falmouth 0.7 E,41.643684,-70.608876,2025-09-30,0.0
MA-BA-109,N Falmouth 0.7 E,41.643684,-70.608876,2025-10-01,0.0
MA-BA-109,N Falmouth 0.7 E,41.643684,-70.608876,2025-10-02,0.0
MA-BA-109,N Falmouth 0.7 E,41.643684,-70.608876,2025-10-03,0.0
MA-BA-109,N Falmouth 0.7 E,41.643684,-70.608876,2025-10-04,0.0
MA-BA-109,N Falmouth 0.7 E,41.643684,-70.608876,2025-10-05,0.0
MA-BA-109,N Falmouth 0.7 E,41.643684,-70.608876,2025-10-06,0.0
MA-BA-109,N Falmouth 0.7 E,41.643684,-70.608876,2025-10-07,0.0
MA-BA-109,N Falmouth 0.7 E,41.643684,-70.608876,2025-10-08,0.0
MA-BA-109,N Falmouth 0.7 E,41.643684,-70.608876,2025-10-09,0.84
MA-BA-109,N Falmouth 0.7 E,41.643684,-70.608876,2025-10-10,0.0
MA-BA-109,N Falmouth 0.7 E,41.643684,-70.608876,2025-10-11,0.0
MA-BA-109,N Falmouth 0.7 E,41.643684,-70.608876,2025-10-12,0.0
MA-BA-109,N Falmouth 0.7 E,41.643684,-70.608876,2025-10-13,2.23
MA-BA-109,N Falmouth 0.7 E,41.643684,-70.608876,2025-10-14,1.59
MA-BA-109,N Falmouth 0.7 E,41.643684,-70.608876,2025-10-15,0.48
MA-BA-109,N Falmouth 0.7 E,41.643684,-70.608876,2025-10-16,0.0
MA-BA-109,N Falmouth 0.7 E,41.643684,-70.608876,2025-10-17,0.0
MA-BA-109,N Falmouth 0.7 E,41.643684,-70.608876,2025-10-18,0.0
MA-BA-109,N Falmouth 0.7 E,41.643684,-70.608876,2025-10-19,0.0
MA-BA-109,N Falmouth 0.7 E,41.643684,-70.608876,2025-10-20,0.0
MA-BA-109,N Falmouth 0.7 E,41.643684,-70.608876,2025-10-21,0.79
MA-BA-109,N Falmouth 0.7 E,41.643684,-70.608876,2025-10-22,0.0
MA-BA-109,N Falmouth 0.7 E,41.643684,-70.608876,2025-10-23,0.02
MA-BA-109,N Falmouth 0.7 E,41.643684,-70.608876,2025-10-24,0.0
MA-BA-109,N Falmouth 0.7 E,41.643684,-70.608876,2025-10-25,0.0
MA-BA-109,N Falmouth 0.7 E,41.643684,-70.608876,2025-10-26,0.0
MA-BA-109,N Falmouth 0.7 E,41.643684,-70.608876,2025-10-27,0.0
MA-BA-109,N Falmouth 0.7 E,41.643684,-70.608876,2025-10-28,0.03
MA-BA-109,N Falmouth 0.7 E,41.643684,-70.608876,2025-10-29,0.02
MA-BA-109,N Falmouth 0.7 E,41.643684,-70.608876,2025-10-30,0.06
MA-BA-109,N Falmouth 0.7 E,41.643684,-70.608876,2025-10-31,1.76
MA-BA-109,N Falmouth 0.7 E,41.643684,-70.608876,2025-11-01,0.0
MA-BA-109,N Falmouth 0.7 E,41.643684,-70.608876,2025-11-02,0.0
MA-BA-109,N Falmouth 0.7 E,41.643684,-70.608876,2025-11-03,0.0
MA-BA-109,N Falmouth 0.7 E,41.643684,-70.608876,2025-11-04,0.38
MA-BA-109,N Falmouth 0.7 E,41.643684,-70.608876,2025-11-05,0.0
MA-BA-109,N Falmouth 0.7 E,41.643684,-70.608876,2025-11-06,0.02
MA-BA-109,N Falmouth 0.7 E,41.643684,-70.608876,2025-11-07,0.0
MA-BA-109,N Falmouth 0.7 E,41.643684,-70.608876,2025-11-08,0.04
MA-BA-109,N Falmouth 0.7 E,41.643684,-70.608876,2025-11-09,0.03
MA-BA-109,N Falmouth 0.7 E,41.643684,-70.608876,2025-11-10,2.32
MA-BA-109,N Falmouth 0.7 E,41.643684,-70.608876,2025-11-11,0.5
MA-BA-109,N Falmouth 0.7 E,41.643684,-70.608876,2025-11-12,0.0
MA-BA-109,N Falmouth 0.7 E,41.643684,-70.608876,2025-11-13,0.0
MA-BA-109,N Falmouth 0.7 E,41.643684,-70.608876,2025-11-14,0.01
MA-BA-109,N Falmouth 0.7 E,41.643684,-70.608876,2025-11-15,0.0
MA-BA-109,N Falmouth 0.7 E,41.643684,-70.608876,2025-11-16,0.75
MA-BA-109,N Falmouth 0.7 E,41.643684,-70.608876,2025-11-17,0.0
MA-BA-109,N Falmouth 0.7 E,41.643684,-70.608876,2025-11-18,0.0
MA-BA-109,N Falmouth 0.7 E,41.643684,-70.608876,2025-11-19,0.0
MA-BA-109,N Falmouth 0.7 E,41.643684,-70.608876,2025-11-20,0.0
MA-BA-109,N Falmouth 0.7 E,41.643684,-70.608876,2025-11-21,0.0
MA-BA-109,N Falmouth 0.7 E,41.643684,-70.608876,2025-11-22,0.02
MA-BA-109,N Falmouth 0.7 E,41.643684,-70.608876,2025-11-23,0.21
MA-BA-109,N Falmouth 0.7 E,41.643684,-70.608876,2025-11-24,0.01
MA-BA-109,N Falmouth 0.7 E,41.643684,-70.608876,2025-11-25,0.0
MA-BA-109,N Falmouth 0.7 E,41.643684,-70.608876,2025-11-26,0.23
MA-BA-109,N Falmouth 0.7 E,41.643684,-70.608876,2025-11-27,0.05
MA-BA-109,N Falmouth 0.7 E,41.643684,-70.608876,2025-11-28,0.0
MA-BA-109,N Falmouth 0.7 E,41.643684,-70.608876,2025-11-29,0.0
MA-BA-109,N Falmouth 0.7 E,41.643684,-70.608876,2025-11-30,0.0
MA-BA-109,N Falmouth 0.7 E,41.643684,-70.608876,2025-12-01,0.3
MA-BA-109,N Falmouth 0.7 E,41.643684,-70.608876,2025-12-02,0.0
MA-BA-109,N Falmouth 0.7 E,41.643684,-70.608876,2025-12-03,0.97
MA-BA-109,N Falmouth 0.7 E,41.643684,-70.608876,2025-12-04,0.0
MA-BA-109,N Falmouth 0.7 E,41.643684,-70.608876,2025-12-05,0.0
MA-BA-109,N Falmouth 0.7 E,41.643684,-70.608876,2025-12-06,0.0
MA-BA-109,N Falmouth 0.7 E,41.643684,-70.608876,2025-12-07,0.03
MA-BA-109,N Falmouth 0.7 E,41.643684,-70.608876,2025-12-08,0.0
MA-BA-109,N Falmouth 0.7 E,41.643684,-70.608876,2025-12-09,0.0
MA-BA-109,N Falmouth 0.7 E,41.643684,-70.608876,2025-12-10,0.05
MA-BA-109,N Falmouth 0.7 E,41.643684,-70.608876,2025-12-11,0.01
MA-BA-109,N Falmouth 0.7 E,41.643684,-70.608876,2025-12-12,0.0
MA-BA-109,N Falmouth 0.7 E,41.643684,-70.608876,2025-12-13,0.0
MA-BA-109,N Falmouth 0.7 E,41.643684,-70.608876,2025-12-14,0.2
MA-BA-109,N Falmouth 0.7 E,41.643684,-70.608876,2025-12-15,0.19
MA-BA-109,N Falmouth 0.7 E,41.643684,-70.608876,2025-12-16,0.0
MA-BA-109,N Falmouth 0.7 E,41.643684,-70.608876,2025-12-17,0.0
MA-BA-109,N Falmouth 0.7 E,41.643684,-70.608876,2025-12-18,0.0
MA-BA-109,N Falmouth 0.7 E,41.643684,-70.608876,2025-12-19,0.14
MA-BA-109,N Falmouth 0.7 E,41.643684,-70.608876,2025-12-20,0.43
MA-BA-109,N Falmouth 0.7 E,41.643684,-70.608876,2025-12-21,0.0
MA-BA-109,N Falmouth 0.7 E,41.643684,-70.608876,2025-12-22,0.0
MA-BA-109,N Falmouth 0.7 E,41.643684,-70.608876,2025-12-23,0.0
MA-BA-109,N Falmouth 0.7 E,41.643684,-70.608876,2025-12-24,0.14
MA-BA-109,N Falmouth 0.7 E,41.643684,-70.608876,2025-12-25,0.0
MA-BA-109,N Falmouth 0.7 E,41.643684,-70.608876,2025-12-26,0.0
MA-BA-109,N Falmouth 0.7 E,41.643684,-70.608876,2025-12-27,0.25
MA-BA-109,N Falmouth 0.7 E,41.643684,-70.608876,2025-12-28,0.01
MA-BA-109,N Falmouth 0.7 E,41.643684,-70.608876,2025-12-29,0.29
MA-BA-109,N Falmouth 0.7 E,41.643684,-70.608876,2025-12-30,0.26
MA-BA-109,N Falmouth 0.7 E,41.643684,-70.608876,2025-12-31,0.0
MA-BA-109,N Falmouth 0.7 E,41.643684,-70.608876,2026-01-01,0.23
MA-BA-109,N Falmouth 0.7 E,41.643684,-70.608876,2026-01-02,0.11
MA-BA-109,N Falmouth 0.7 E,41.643684,-70.608876,2026-01-03,0.0
MA-BA-109,N Falmouth 0.7 E,41.643684,-70.608876,2026-01-04,0.0
MA-BA-109,N Falmouth 0.7 E,41.643684,-70.608876,2026-01-05,0.02
MA-BA-109,N Falmouth 0.7 E,41.643684,-70.608876,2026-01-06,0.06
MA-BA-109,N Falmouth 0.7 E,41.643684,-70.608876,2026-01-07,0.04
MA-BA-109,N Falmouth 0.7 E,41.643684,-70.608876,2026-01-08,0.03
MA-BA-109,N Falmouth 0.7 E,41.643684,-70.608876,2026-01-09,0.0
MA-BA-109,N Falmouth 0.7 E,41.643684,-70.608876,2026-01-10,0.06
MA-BA-109,N Falmouth 0.7 E,41.643684,-70.608876,2026-01-11,0.81
MA-BA-109,N Falmouth 0.7 E,41.643684,-70.608876,2026-01-12,0.01
MA-BA-109,N Falmouth 0.7 E,41.643684,-70.608876,2026-01-13,0.0
MA-BA-109,N Falmouth 0.7 E,41.643684,-70.608876,2026-01-14,0.0
MA-BA-109,N Falmouth 0.7 E,41.643684,-70.608876,2026-01-15,0.0
MA-BA-109,N Falmouth 0.7 E,41.643684,-70.608876,2026-01-16,0.0
MA-BA-109,N Falmouth 0.7 E,41.643684,-70.608876,2026-01-17,0.0
MA-BA-109,N Falmouth 0.7 E,41.643684,-70.608876,2026-01-18,0.0
MA-BA-109,N Falmouth 0.7 E,41.643684,-70.608876,2026-01-19,0.85
MA-BA-109,N Falmouth 0.7 E,41.643684,-70.608876,2026-01-20,0.01
MA-BA-109,N Falmouth 0.7 E,41.643684,-70.608876,2026-01-21,0.0
MA-BA-109,N Falmouth 0.7 E,41.643684,-70.608876,2026-01-22,0.0
MA-BA-109,N Falmouth 0.7 E,41.643684,-70.608876,2026-01-23,0.0
MA-BA-109,N Falmouth 0.7 E,41.643684,-70.608876,2026-01-24,0.0
MA-BA-109,N Falmouth 0.7 E,41.643684,-70.608876,2026-01-25,0.0
MA-BA-109,N Falmouth 0.7 E,41.643684,-70.608876,2026-01-26,1.91
MA-BA-109,N Falmouth 0.7 E,41.643684,-70.608876,2026-01-27,0.22
MA-BA-109,N Falmouth 0.7 E,41.643684,-70.608876,2026-01-28,0.0
MA-BA-109,N Falmouth 0.7 E,41.643684,-70.608876,2026-01-29,0.0
MA-BA-109,N Falmouth 0.7 E,41.643684,-70.608876,2026-01-30,0.0
MA-BA-109,N Falmouth 0.7 E,41.643684,-70.608876,2026-01-31,0.0
MA-BA-109,N Falmouth 0.7 E,41.643684,-70.608876,2026-02-01,0.01
MA-BA-109,N Falmouth 0.7 E,41.643684,-70.608876,2026-02-02,0.07
MA-BA-109,N Falmouth 0.7 E,41.643684,-70.608876,2026-02-03,0.0
MA-BA-109,N Falmouth 0.7 E,41.643684,-70.608876,2026-02-04,0.0
MA-BA-109,N Falmouth 0.7 E,41.643684,-70.608876,2026-02-05,0.0
MA-BA-109,N Falmouth 0.7 E,41.643684,-70.608876,2026-02-06,0.0
MA-BA-109,N Falmouth 0.7 E,41.643684,-70.608876,2026-02-07,0.02
MA-BA-109,N Falmouth 0.7 E,41.643684,-70.608876,2026-02-08,0.16
MA-BA-109,N Falmouth 0.7 E,41.643684,-70.608876,2026-02-09,0.0
MA-BA-109,N Falmouth 0.7 E,41.643684,-70.608876,2026-02-10,0.0
MA-BA-109,N Falmouth 0.7 E,41.643684,-70.608876,2026-02-11,0.13
MA-BA-109,N Falmouth 0.7 E,41.643684,-70.608876,2026-02-12,0.0
MA-BA-109,N Falmouth 0.7 E,41.643684,-70.608876,2026-02-13,0.0
MA-BA-109,N Falmouth 0.7 E,41.643684,-70.608876,2026-02-14,0.0
MA-BA-109,N Falmouth 0.7 E,41.643684,-70.608876,2026-02-15,0.0
MA-BA-109,N Falmouth 0.7 E,41.643684,-70.608876,2026-02-16,0.0
MA-BA-109,N Falmouth 0.7 E,41.643684,-70.608876,2026-02-17,0.0
MA-BA-109,N Falmouth 0.7 E,41.643684,-70.608876,2026-02-18,0.0
MA-BA-109,N Falmouth 0.7 E,41.643684,-70.608876,2026-02-19,0.15
MA-BA-109,N Falmouth 0.7 E,41.643684,-70.608876,2026-02-20,0.0
MA-BA-109,N Falmouth 0.7 E,41.643684,-70.608876,2026-02-21,0.59
MA-BA-109,N Falmouth 0.7 E,41.643684,-70.608876,2026-02-22,0.02
MA-BA-109,N Falmouth 0.7 E,41.643684,-70.608876,2026-02-23,1.42
MA-BA-109,N Falmouth 0.7 E,41.643684,-70.608876,2026-02-24,1.23
MA-BA-109,N Falmouth 0.7 E,41.643684,-70.608876,2026-02-25,0.0
MA-BA-109,N Falmouth 0.7 E,41.643684,-70.608876,2026-02-26,0.04
MA-BA-109,N Falmouth 0.7 E,41.643684,-70.608876,2026-02-27,0.0
MA-BA-109,N Falmouth 0.7 E,41.643684,-70.608876,2026-02-28,0.0
MA-BA-109,N Falmouth 0.7 E,41.643684,-70.608876,2026-03-01,0.0
MA-BA-109,N Falmouth 0.7 E,41.643684,-70.608876,2026-03-02,0.01
MA-BA-109,N Falmouth 0.7 E,41.643684,-70.608876,2026-03-03,0.0
MA-BA-109,N Falmouth 0.7 E,41.643684,-70.608876,2026-03-04,0.68
MA-BA-109,N Falmouth 0.7 E,41.643684,-70.608876,2026-03-05,0.0
MA-BA-109,N Falmouth 0.7 E,41.643684,-70.608876,2026-03-06,1.05
MA-BA-109,N Falmouth 0.7 E,41.643684,-70.608876,2026-03-07,0.08
MA-BA-109,N Falmouth 0.7 E,41.643684,-70.608876,2026-03-08,0.01
MA-BA-109,N Falmouth 0.7 E,41.643684,-70.608876,2026-03-09,0.02
MA-BA-109,N Falmouth 0.7 E,41.643684,-70.608876,2026-03-10,0.0
MA-BA-109,N Falmouth 0.7 E,41.643684,-70.608876,2026-03-11,0.0
MA-BA-109,N Falmouth 0.7 E,41.643684,-70.608876,2026-03-12,0.02
MA-BA-109,N Falmouth 0.7 E,41.643684,-70.608876,2026-03-13,0.07
MA-BA-109,N Falmouth 0.7 E,41.643684,-70.608876,2026-03-14,0.01
MA-BA-109,N Falmouth 0.7 E,41.643684,-70.608876,2026-03-16,0.08
MA-BA-109,N Falmouth 0.7 E,41.643684,-70.608876,2026-03-17,0.94
MA-BA-109,N Falmouth 0.7 E,41.643684,-70.608876,2026-03-18,0.0
MA-BA-109,N Falmouth 0.7 E,41.643684,-70.608876,2026-03-19,0.0
MA-BA-109,N Falmouth 0.7 E,41.643684,-70.608876,2026-03-20,0.0
MA-BA-109,N Falmouth 0.7 E,41.643684,-70.608876,2026-03-21,0.24
MA-BA-109,N Falmouth 0.7 E,41.643684,-70.608876,2026-03-22,0.0
MA-BA-109,N Falmouth 0.7 E,41.643684,-70.608876,2026-03-23,1.47
MA-BA-109,N Falmouth 0.7 E,41.643684,-70.608876,2026-03-24,0.37
MA-BA-109,N Falmouth 0.7 E,41.643684,-70.608876,2026-03-25,0.0
MA-BA-109,N Falmouth 0.7 E,41.643684,-70.608876,2026-03-26,0.0
MA-BA-109,N Falmouth 0.7 E,41.643684,-70.608876,2026-03-27,0.16
MA-BA-109,N Falmouth 0.7 E,41.643684,-70.608876,2026-03-28,0.0
MA-BA-109,N Falmouth 0.7 E,41.643684,-70.608876,2026-03-29,0.0
MA-BA-109,N Falmouth 0.7 E,41.643684,-70.608876,2026-03-30,0.0
MA-BA-109,N Falmouth 0.7 E,41.643684,-70.608876,2026-03-31,0.0
MA-BA-109,N Falmouth 0.7 E,41.643684,-70.608876,2026-04-01,0.33
MA-BA-109,N Falmouth 0.7 E,41.643684,-70.608876,2026-04-02,0.79
MA-BA-109,N Falmouth 0.7 E,41.643684,-70.608876,2026-04-03,0.2
MA-BA-109,N Falmouth 0.7 E,41.643684,-70.608876,2026-04-04,0.0
MA-BA-109,N Falmouth 0.7 E,41.643684,-70.608876,2026-04-05,0.0
MA-BA-109,N Falmouth 0.7 E,41.643684,-70.608876,2026-04-06,0.17
MA-BA-109,N Falmouth 0.7 E,41.643684,-70.608876,2026-04-07,0.0
MA-BA-109,N Falmouth 0.7 E,41.643684,-70.608876,2026-04-08,0.11
MA-BA-109,N Falmouth 0.7 E,41.643684,-70.608876,2026-04-09,0.0
MA-BA-109,N Falmouth 0.7 E,41.643684,-70.608876,2026-04-10,0.0
MA-BA-109,N Falmouth 0.7 E,41.643684,-70.608876,2026-04-11,0.01
MA-BA-109,N Falmouth 0.7 E,41.643684,-70.608876,2026-04-12,0.0
MA-BA-109,N Falmouth 0.7 E,41.643684,-70.608876,2026-04-13,0.03
MA-BA-109,N Falmouth 0.7 E,41.643684,-70.608876,2026-04-14,0.0
MA-BA-109,N Falmouth 0.7 E,41.643684,-70.608876,2026-04-15,0.0
MA-BA-109,N Falmouth 0.7 E,41.643684,-70.608876,2026-04-16,0.32
MA-BA-109,N Falmouth 0.7 E,41.643684,-70.608876,2026-04-17,0.0
MA-BA-109,N Falmouth 0.7 E,41.643684,-70.608876,2026-04-18,0.03
MA-BA-109,N Falmouth 0.7 E,41.643684,-70.608876,2026-04-19,0.0
MA-BA-109,N Falmouth 0.7 E,41.643684,-70.608876,2026-04-20,0.18
MA-BA-109,N Falmouth 0.7 E,41.643684,-70.608876,2026-04-21,0.12
MA-BA-109,N Falmouth 0.7 E,41.643684,-70.608876,2026-04-22,0.0
MA-BA-109,N Falmouth 0.7 E,41.643684,-70.608876,2026-04-23,0.03
MA-BA-109,N Falmouth 0.7 E,41.643684,-70.608876,2026-04-24,0.0
MA-BA-109,N Falmouth 0.7 E,41.643684,-70.608876,2026-04-25,0.0
MA-BA-109,N Falmouth 0.7 E,41.643684,-70.608876,2026-04-26,0.01
MA-BA-109,N Falmouth 0.7 E,41.643684,-70.608876,2026-04-27,0.0
MA-BA-109,N Falmouth 0.7 E,41.643684,-70.608876,2026-04-28,0.0
MA-BA-109,N Falmouth 0.7 E,41.643684,-70.608876,2026-04-29,0.0
MA-BA-109,N Falmouth 0.7 E,41.643684,-70.608876,2026-04-30,0.04
MA-BA-109,N Falmouth 0.7 E,41.643684,-70.608876,2026-05-01,0.07
MA-BA-109,N Falmouth 0.7 E,41.643684,-70.608876,2026-05-02,0.0
MA-BA-109,N Falmouth 0.7 E,41.643684,-70.608876,2026-05-03,0.54
MA-BA-109,N Falmouth 0.7 E,41.643684,-70.608876,2026-05-04,0.0
MA-BA-109,N Falmouth 0.7 E,41.643684,-70.608876,2026-05-05,0.0
MA-BA-109,N Falmouth 0.7 E,41.643684,-70.608876,2026-05-06,0.0
MA-BA-109,N Falmouth 0.7 E,41.643684,-70.608876,2026-05-07,0.54
MA-BA-109,N Falmouth 0.7 E,41.643684,-70.608876,2026-05-08,0.07
MA-BA-109,N Falmouth 0.7 E,41.643684,-70.608876,2026-05-09,0.0
MA-BA-109,N Falmouth 0.7 E,41.643684,-70.608876,2026-05-10,0.19
MA-BA-109,N Falmouth 0.7 E,41.643684,-70.608876,2026-05-11,0.27
MA-BA-109,N Falmouth 0.7 E,41.643684,-70.608876,2026-05-12,0.0
MA-BA-109,N Falmouth 0.7 E,41.643684,-70.608876,2026-05-13,0.0
MA-BA-109,N Falmouth 0.7 E,41.643684,-70.608876,2026-05-14,0.0
MA-BA-109,N Falmouth 0.7 E,41.643684,-70.608876,2026-05-15,0.1
MA-BA-109,N Falmouth 0.7 E,41.643684,-70.608876,2026-05-16,0.0
MA-BA-109,N Falmouth 0.7 E,41.643684,-70.608876,2026-05-17,0.0
MA-BA-109,N Falmouth 0.7 E,41.643684,-70.608876,2026-05-18,0.0
MA-BA-109,N Falmouth 0.7 E,41.643684,-70.608876,2026-05-19,0.0
MA-BA-109,N Falmouth 0.7 E,41.643684,-70.608876,2026-05-20,0.0
MA-BA-109,N Falmouth 0.7 E,41.643684,-70.608876,2026-05-21,0.08
MA-BA-109,N Falmouth 0.7 E,41.643684,-70.608876,2026-05-22,0.0
MA-BA-109,N Falmouth 0.7 E,41.643684,-70.608876,2026-05-23,0.0
MA-BA-109,N Falmouth 0.7 E,41.643684,-70.608876,2026-05-24,0.07
MA-BA-109,N Falmouth 0.7 E,41.643684,-70.608876,2026-05-25,0.67
MA-BA-109,N Falmouth 0.7 E,41.643684,-70.608876,2026-05-26,0.09
MA-BA-109,N Falmouth 0.7 E,41.643684,-70.608876,2026-05-27,0.0
MA-BA-109,N Falmouth 0.7 E,41.643684,-70.608876,2026-05-28,0.0
MA-BA-109,N Falmouth 0.7 E,41.643684,-70.608876,2026-05-29,0.25
MA-BA-109,N Falmouth 0.7 E,41.643684,-70.608876,2026-05-30,0.26
MA-BA-109,N Falmouth 0.7 E,41.643684,-70.608876,2026-05-31,0.41
MA-BA-109,N Falmouth 0.7 E,41.643684,-70.608876,2026-06-01,0.19
MA-BA-109,N Falmouth 0.7 E,41.643684,-70.608876,2026-06-02,0.0
MA-BA-109,N Falmouth 0.7 E,41.643684,-70.608876,2026-06-03,0.0
MA-BA-109,N Falmouth 0.7 E,41.643684,-70.608876,2026-06-04,0.0
MA-BA-109,N Falmouth 0.7 E,41.643684,-70.608876,2026-06-05,0.0
MA-BA-109,N Falmouth 0.7 E,41.643684,-70.608876,2026-06-06,0.0
MA-BA-109,N Falmouth 0.7 E,41.643684,-70.608876,2026-06-07,0.05
MA-BA-109,N Falmouth 0.7 E,41.643684,-70.608876,2026-06-08,0.0
MA-BA-109,N Falmouth 0.7 E,41.643684,-70.608876,2026-06-09,0.0
MA-BA-109,N Falmouth 0.7 E,41.643684,-70.608876,2026-06-10,0.0
MA-BA-109,N Falmouth 0.7 E,41.643684,-70.608876,2026-06-11,0.28
MA-BA-109,N Falmouth 0.7 E,41.643684,-70.608876,2026-06-12,0.0
MA-BA-109,N Falmouth 0.7 E,41.643684,-70.608876,2026-06-13,0.0
MA-BA-109,N Falmouth 0.7 E,41.643684,-70.608876,2026-06-14,0.0
MA-BA-109,N Falmouth 0.7 E,41.643684,-70.608876,2026-06-15,0.09
MA-BA-109,N Falmouth 0.7 E,41.643684,-70.608876,2026-06-16,0.0
MA-BA-109,N Falmouth 0.7 E,41.643684,-70.608876,2026-06-17,0.0
MA-BA-109,N Falmouth 0.7 E,41.643684,-70.608876,2026-06-18,0.0
MA-BA-109,N Falmouth 0.7 E,41.643684,-70.608876,2026-06-19,0.0
MA-BA-109,N Falmouth 0.7 E,41.643684,-70.608876,2026-06-20,0.0
MA-BA-109,N Falmouth 0.7 E,41.643684,-70.608876,2026-06-21,0.0
MA-BA-109,N Falmouth 0.7 E,41.643684,-70.608876,2026-06-22,0.0
MA-BA-109,N Falmouth 0.7 E,41.643684,-70.608876,2026-06-23,0.8
MA-BA-109,N Falmouth 0.7 E,41.643684,-70.608876,2026-06-24,1.19
MA-BA-109,N Falmouth 0.7 E,41.643684,-70.608876,2026-06-25,0.0
MA-BA-109,N Falmouth 0.7 E,41.643684,-70.608876,2026-06-26,0.0
MA-BA-109,N Falmouth 0.7 E,41.643684,-70.608876,2026-06-27,0.0
MA-BA-109,N Falmouth 0.7 E,41.643684,-70.608876,2026-06-28,0.01
MA-BA-109,N Falmouth 0.7 E,41.643684,-70.608876,2026-06-29,0.0
MA-BA-109,N Falmouth 0.7 E,41.643684,-70.608876,2026-06-30,0.0
MA-BA-109,N Falmouth 0.7 E,41.643684,-70.608876,2026-07-01,0.0
MA-BA-109,N Falmouth 0.7 E,41.643684,-70.608876,2026-07-02,0.0
MA-BA-109,N Falmouth 0.7 E,41.643684,-70.608876,2026-07-03,0.0
MA-BA-109,N Falmouth 0.7 E,41.643684,-70.608876,2026-07-04,0.0
MA-BA-109,N Falmouth 0.7 E,41.643684,-70.608876,2026-07-05,0.37
MA-BA-109,N Falmouth 0.7 E,41.643684,-70.608876,2026-07-06,0.26
MA-BA-109,N Falmouth 0.7 E,41.643684,-70.608876,2026-07-07,0.93
MA-BA-109,N Falmouth 0.7 E,41.643684,-70.608876,2026-07-08,2.28
MA-BA-109,N Falmouth 0.7 E,41.643684,-70.608876,2026-07-09,0.0
MA-BA-109,N Falmouth 0.7 E,41.643684,-70.608876,2026-07-10,0.0
MA-BA-109,N Falmouth 0.7 E,41.643684,-70.608876,2026-07-11,0.15
MA-BA-109,N Falmouth 0.7 E,41.643684,-70.608876,2026-07-12,0.0
MA-BA-109,N Falmouth 0.7 E,41.643684,-70.608876,2026-07-13,0.0
MA-BA-109,N Falmouth 0.7 E,41.643684,-70.608876,2026-07-14,0.0
MA-BA-109,N Falmouth 0.7 E,41.643684,-70.608876,2026-07-15,0.0
MA-BA-109,N Falmouth 0.7 E,41.643684,-70.608876,2026-07-16,0.0
MA-BA-109,N Falmouth 0.7 E,41.643684,-70.608876,2026-07-17,0.0
MA-BA-109,N Falmouth 0.7 E,41.643684,-70.608876,2026-07-18,0.0
MA-BA-109,N Falmouth 0.7 E,41.643684,-70.608876,2026-07-19,1.88
MA-BA-109,N Falmouth 0.7 E,41.643684,-70.608876,2026-07-20,0.0
MA-BA-109,N Falmouth 0.7 E,41.643684,-70.608876,2026-07-21,0.0
MA-BA-109,N Falmouth 0.7 E,41.643684,-70.608876,2026-07-22,1.89
MA-BA-109,N Falmouth 0.7 E,41.643684,-70.608876,2026-07-23,0.0
MA-BA-109,N Falmouth 0.7 E,41.643684,-70.608876,2026-07-24,0.0
MA-BA-109,N Falmouth 0.7 E,41.643684,-70.608876,2026-07-25,0.0
MA-BA-109,N Falmouth 0.7 E,41.643684,-70.608876,2026-07-26,0.0
MA-BA-109,N Falmouth 0.7 E,41.643684,-70.608876,2026-07-27,0.0
MA-BA-109,N Falmouth 0.7 E,41.643684,-70.608876,2026-07-28,0.0
MA-BA-109,N Falmouth 0.7 E,41.643684,-70.608876,2026-07-29,0.0
MA-BA-109,N Falmouth 0.7 E,41.643684,-70.608876,2026-07-30,0.42
MA-BA-109,N Falmouth 0.7 E,41.643684,-70.608876,2026-07-31,0.27
MA-BA-109,N Falmouth 0.7 E,41.643684,-70.608876,2026-08-01,0.02
MA-BA-109,N Falmouth 0.7 E,41.643684,-70.608876,2026-08-02,0.0
MA-BA-109,N Falmouth 0.7 E,41.643684,-70.608876,2026-08-03,0.04
MA-BA-113,Falmouth 3.2 WSW,41.53048,-70.66651,2025-07-02,0.06
MA-BA-113,Falmouth 3.2 WSW,41.53048,-70.66651,2025-07-03,0.01
MA-BA-113,Falmouth 3.2 WSW,41.53048,-70.66651,2025-07-08,0.18
MA-BA-113,Falmouth 3.2 WSW,41.53048,-70.66651,2025-07-09,1.1
MA-BA-113,Falmouth 3.2 WSW,41.53048,-70.66651,2025-07-10,0.18
MA-BA-113,Falmouth 3.2 WSW,41.53048,-70.66651,2025-07-11,0.18
MA-BA-113,Falmouth 3.2 WSW,41.53048,-70.66651,2025-07-17,0.01
MA-BA-113,Falmouth 3.2 WSW,41.53048,-70.66651,2025-07-26,0.18
MA-BA-113,Falmouth 3.2 WSW,41.53048,-70.66651,2025-08-01,0.2
MA-BA-113,Falmouth 3.2 WSW,41.53048,-70.66651,2025-08-02,0.04
MA-BA-113,Falmouth 3.2 WSW,41.53048,-70.66651,2025-08-10,0.0
MA-BA-113,Falmouth 3.2 WSW,41.53048,-70.66651,2025-08-11,0.0
MA-BA-113,Falmouth 3.2 WSW,41.53048,-70.66651,2025-08-12,0.0
MA-BA-113,Falmouth 3.2 WSW,41.53048,-70.66651,2025-08-13,0.0
MA-BA-113,Falmouth 3.2 WSW,41.53048,-70.66651,2025-08-16,0.0
MA-BA-113,Falmouth 3.2 WSW,41.53048,-70.66651,2025-08-17,0.0
MA-BA-113,Falmouth 3.2 WSW,41.53048,-70.66651,2025-08-18,0.05
MA-BA-113,Falmouth 3.2 WSW,41.53048,-70.66651,2025-08-19,0.0
MA-BA-113,Falmouth 3.2 WSW,41.53048,-70.66651,2025-08-20,0.0
MA-BA-113,Falmouth 3.2 WSW,41.53048,-70.66651,2025-08-21,1.5
MA-BA-113,Falmouth 3.2 WSW,41.53048,-70.66651,2025-08-22,0.01
MA-BA-113,Falmouth 3.2 WSW,41.53048,-70.66651,2025-08-24,0.0
MA-BA-113,Falmouth 3.2 WSW,41.53048,-70.66651,2025-08-25,0.0
MA-BA-113,Falmouth 3.2 WSW,41.53048,-70.66651,2025-08-26,0.03
MA-BA-113,Falmouth 3.2 WSW,41.53048,-70.66651,2025-08-27,0.0
MA-BA-113,Falmouth 3.2 WSW,41.53048,-70.66651,2025-08-29,0.0
MA-BA-113,Falmouth 3.2 WSW,41.53048,-70.66651,2025-08-30,0.35
MA-BA-113,Falmouth 3.2 WSW,41.53048,-70.66651,2025-09-02,0.0
MA-BA-113,Falmouth 3.2 WSW,41.53048,-70.66651,2025-09-05,0.0
MA-BA-113,Falmouth 3.2 WSW,41.53048,-70.66651,2025-09-07,0.0
MA-BA-113,Falmouth 3.2 WSW,41.53048,-70.66651,2025-09-08,0.56
MA-BA-113,Falmouth 3.2 WSW,41.53048,-70.66651,2025-09-09,0.0
MA-BA-113,Falmouth 3.2 WSW,41.53048,-70.66651,2025-09-10,0.0
MA-BA-113,Falmouth 3.2 WSW,41.53048,-70.66651,2025-09-11,0.0
MA-BA-113,Falmouth 3.2 WSW,41.53048,-70.66651,2025-09-13,0.0
MA-BA-113,Falmouth 3.2 WSW,41.53048,-70.66651,2025-09-14,0.0
MA-BA-113,Falmouth 3.2 WSW,41.53048,-70.66651,2025-09-15,0.0
MA-BA-113,Falmouth 3.2 WSW,41.53048,-70.66651,2025-09-16,0.0
MA-BA-113,Falmouth 3.2 WSW,41.53048,-70.66651,2025-09-17,0.0
MA-BA-113,Falmouth 3.2 WSW,41.53048,-70.66651,2025-09-18,0.29
MA-BA-113,Falmouth 3.2 WSW,41.53048,-70.66651,2025-09-19,0.0
MA-BA-113,Falmouth 3.2 WSW,41.53048,-70.66651,2025-09-20,0.0
MA-BA-113,Falmouth 3.2 WSW,41.53048,-70.66651,2025-09-21,0.0
MA-BA-113,Falmouth 3.2 WSW,41.53048,-70.66651,2025-09-22,0.0
MA-BA-113,Falmouth 3.2 WSW,41.53048,-70.66651,2025-09-24,0.0
MA-BA-113,Falmouth 3.2 WSW,41.53048,-70.66651,2025-09-25,0.78
MA-BA-113,Falmouth 3.2 WSW,41.53048,-70.66651,2025-09-26,0.38
MA-BA-113,Falmouth 3.2 WSW,41.53048,-70.66651,2025-09-27,0.0
MA-BA-113,Falmouth 3.2 WSW,41.53048,-70.66651,2025-09-28,0.1
MA-BA-113,Falmouth 3.2 WSW,41.53048,-70.66651,2025-09-29,0.0
MA-BA-113,Falmouth 3.2 WSW,41.53048,-70.66651,2025-09-30,0.0
MA-BA-113,Falmouth 3.2 WSW,41.53048,-70.66651,2025-10-04,0.0
MA-BA-113,Falmouth 3.2 WSW,41.53048,-70.66651,2025-10-13,1.75
MA-BA-113,Falmouth 3.2 WSW,41.53048,-70.66651,2025-10-14,3.0
MA-BA-113,Falmouth 3.2 WSW,41.53048,-70.66651,2025-10-23,0.03
MA-BA-113,Falmouth 3.2 WSW,41.53048,-70.66651,2025-10-24,0.0
MA-BA-113,Falmouth 3.2 WSW,41.53048,-70.66651,2025-10-27,0.0
MA-BA-113,Falmouth 3.2 WSW,41.53048,-70.66651,2025-10-28,0.0
MA-BA-113,Falmouth 3.2 WSW,41.53048,-70.66651,2025-10-29,0.02
MA-BA-113,Falmouth 3.2 WSW,41.53048,-70.66651,2025-10-30,0.03
MA-BA-113,Falmouth 3.2 WSW,41.53048,-70.66651,2025-10-31,1.55
MA-BA-113,Falmouth 3.2 WSW,41.53048,-70.66651,2025-11-01,0.01
MA-BA-113,Falmouth 3.2 WSW,41.53048,-70.66651,2025-11-02,0.0
MA-BA-113,Falmouth 3.2 WSW,41.53048,-70.66651,2025-11-04,0.27
MA-BA-113,Falmouth 3.2 WSW,41.53048,-70.66651,2025-11-05,0.0
MA-BA-113,Falmouth 3.2 WSW,41.53048,-70.66651,2025-11-06,0.01
MA-BA-113,Falmouth 3.2 WSW,41.53048,-70.66651,2025-11-07,0.0
MA-BA-113,Falmouth 3.2 WSW,41.53048,-70.66651,2025-11-08,0.17
MA-BA-113,Falmouth 3.2 WSW,41.53048,-70.66651,2025-11-09,0.02
MA-BA-113,Falmouth 3.2 WSW,41.53048,-70.66651,2025-11-10,2.11
MA-BA-113,Falmouth 3.2 WSW,41.53048,-70.66651,2025-11-11,0.46
MA-BA-113,Falmouth 3.2 WSW,41.53048,-70.66651,2026-05-07,0.33
MA-BA-113,Falmouth 3.2 WSW,41.53048,-70.66651,2026-05-08,0.03
MA-BA-113,Falmouth 3.2 WSW,41.53048,-70.66651,2026-05-10,0.16
MA-BA-113,Falmouth 3.2 WSW,41.53048,-70.66651,2026-05-11,0.27
MA-BA-113,Falmouth 3.2 WSW,41.53048,-70.66651,2026-05-15,0.06
MA-BA-113,Falmouth 3.2 WSW,41.53048,-70.66651,2026-05-21,0.28
MA-BA-113,Falmouth 3.2 WSW,41.53048,-70.66651,2026-05-22,0.01
MA-BA-113,Falmouth 3.2 WSW,41.53048,-70.66651,2026-05-24,0.08
MA-BA-113,Falmouth 3.2 WSW,41.53048,-70.66651,2026-05-25,0.68
MA-BA-113,Falmouth 3.2 WSW,41.53048,-70.66651,2026-05-26,0.1
MA-BA-113,Falmouth 3.2 WSW,41.53048,-70.66651,2026-06-01,0.09
MA-BA-113,Falmouth 3.2 WSW,41.53048,-70.66651,2026-06-07,0.06
MA-BA-113,Falmouth 3.2 WSW,41.53048,-70.66651,2026-06-10,0.0
MA-BA-113,Falmouth 3.2 WSW,41.53048,-70.66651,2026-06-11,0.23
MA-BA-113,Falmouth 3.2 WSW,41.53048,-70.66651,2026-06-12,0.01
MA-BA-113,Falmouth 3.2 WSW,41.53048,-70.66651,2026-06-14,0.0
MA-BA-113,Falmouth 3.2 WSW,41.53048,-70.66651,2026-06-15,0.08
MA-BA-113,Falmouth 3.2 WSW,41.53048,-70.66651,2026-06-19,0.0
MA-BA-113,Falmouth 3.2 WSW,41.53048,-70.66651,2026-06-21,0.0
MA-BA-113,Falmouth 3.2 WSW,41.53048,-70.66651,2026-06-23,0.72
MA-BA-113,Falmouth 3.2 WSW,41.53048,-70.66651,2026-06-24,0.27
MA-BA-113,Falmouth 3.2 WSW,41.53048,-70.66651,2026-06-27,0.02
MA-BA-113,Falmouth 3.2 WSW,41.53048,-70.66651,2026-06-28,0.02
MA-BA-113,Falmouth 3.2 WSW,41.53048,-70.66651,2026-06-29,0.0
MA-BA-113,Falmouth 3.2 WSW,41.53048,-70.66651,2026-06-30,0.0
MA-BA-113,Falmouth 3.2 WSW,41.53048,-70.66651,2026-07-01,0.0
MA-BA-113,Falmouth 3.2 WSW,41.53048,-70.66651,2026-07-05,0.83
MA-BA-113,Falmouth 3.2 WSW,41.53048,-70.66651,2026-07-06,0.3
MA-BA-113,Falmouth 3.2 WSW,41.53048,-70.66651,2026-07-09,0.0
MA-BA-113,Falmouth 3.2 WSW,41.53048,-70.66651,2026-07-11,0.45
MA-BA-113,Falmouth 3.2 WSW,41.53048,-70.66651,2026-07-12,0.0
MA-BA-113,Falmouth 3.2 WSW,41.53048,-70.66651,2026-07-13,0.0
MA-BA-113,Falmouth 3.2 WSW,41.53048,-70.66651,2026-07-14,0.0
MA-BA-113,Falmouth 3.2 WSW,41.53048,-70.66651,2026-07-15,0.0
MA-BA-113,Falmouth 3.2 WSW,41.53048,-70.66651,2026-07-17,0.0
MA-BA-113,Falmouth 3.2 WSW,41.53048,-70.66651,2026-07-19,2.5
MA-BA-113,Falmouth 3.2 WSW,41.53048,-70.66651,2026-07-20,0.0
MA-BA-113,Falmouth 3.2 WSW,41.53048,-70.66651,2026-07-21,0.0
MA-BA-113,Falmouth 3.2 WSW,41.53048,-70.66651,2026-07-22,2.36
MA-BA-113,Falmouth 3.2 WSW,41.53048,-70.66651,2026-07-23,0.0
MA-BA-113,Falmouth 3.2 WSW,41.53048,-70.66651,2026-07-24,0.0
MA-BA-113,Falmouth 3.2 WSW,41.53048,-70.66651,2026-07-25,0.0
MA-BA-113,Falmouth 3.2 WSW,41.53048,-70.66651,2026-07-27,0.0
MA-BA-113,Falmouth 3.2 WSW,41.53048,-70.66651,2026-07-28,0.0
MA-BA-113,Falmouth 3.2 WSW,41.53048,-70.66651,2026-07-29,0.0
MA-BA-113,Falmouth 3.2 WSW,41.53048,-70.66651,2026-07-30,0.4
MA-BA-113,Falmouth 3.2 WSW,41.53048,-70.66651,2026-07-31,0.45
MA-BA-113,Falmouth 3.2 WSW,41.53048,-70.66651,2026-08-02,0.0
MA-BA-113,Falmouth 3.2 WSW,41.53048,-70.66651,2026-08-03,0.01
MA-BR-14,Dartmouth 2.5 SSW,41.534589,-71.021972,2025-01-01,0.75
MA-BR-14,Dartmouth 2.5 SSW,41.534589,-71.021972,2025-01-02,0.21
MA-BR-14,Dartmouth 2.5 SSW,41.534589,-71.021972,2025-01-03,0.0
MA-BR-14,Dartmouth 2.5 SSW,41.534589,-71.021972,2025-01-04,0.0
MA-BR-14,Dartmouth 2.5 SSW,41.534589,-71.021972,2025-01-05,0.0
MA-BR-14,Dartmouth 2.5 SSW,41.534589,-71.021972,2025-01-06,0.0
MA-BR-14,Dartmouth 2.5 SSW,41.534589,-71.021972,2025-01-07,0.0
MA-BR-14,Dartmouth 2.5 SSW,41.534589,-71.021972,2025-01-08,0.0
MA-BR-14,Dartmouth 2.5 SSW,41.534589,-71.021972,2025-01-09,0.0
MA-BR-14,Dartmouth 2.5 SSW,41.534589,-71.021972,2025-01-10,0.0
MA-BR-14,Dartmouth 2.5 SSW,41.534589,-71.021972,2025-01-11,0.0
MA-BR-14,Dartmouth 2.5 SSW,41.534589,-71.021972,2025-01-12,0.03
MA-BR-14,Dartmouth 2.5 SSW,41.534589,-71.021972,2025-01-13,0.0
MA-BR-14,Dartmouth 2.5 SSW,41.534589,-71.021972,2025-01-14,0.0
MA-BR-14,Dartmouth 2.5 SSW,41.534589,-71.021972,2025-01-15,0.0
MA-BR-14,Dartmouth 2.5 SSW,41.534589,-71.021972,2025-01-16,0.0
MA-BR-14,Dartmouth 2.5 SSW,41.534589,-71.021972,2025-01-17,0.0
MA-BR-14,Dartmouth 2.5 SSW,41.534589,-71.021972,2025-01-18,0.0
MA-BR-14,Dartmouth 2.5 SSW,41.534589,-71.021972,2025-01-19,0.52
MA-BR-14,Dartmouth 2.5 SSW,41.534589,-71.021972,2025-01-20,0.43
MA-BR-14,Dartmouth 2.5 SSW,41.534589,-71.021972,2025-01-21,0.0
MA-BR-14,Dartmouth 2.5 SSW,41.534589,-71.021972,2025-01-22,0.0
MA-BR-14,Dartmouth 2.5 SSW,41.534589,-71.021972,2025-01-23,0.0
MA-BR-14,Dartmouth 2.5 SSW,41.534589,-71.021972,2025-01-24,0.0
MA-BR-14,Dartmouth 2.5 SSW,41.534589,-71.021972,2025-01-25,0.0
MA-BR-14,Dartmouth 2.5 SSW,41.534589,-71.021972,2025-01-26,0.0
MA-BR-14,Dartmouth 2.5 SSW,41.534589,-71.021972,2025-01-27,0.0
MA-BR-14,Dartmouth 2.5 SSW,41.534589,-71.021972,2025-01-28,0.0
MA-BR-14,Dartmouth 2.5 SSW,41.534589,-71.021972,2025-01-29,0.0
MA-BR-14,Dartmouth 2.5 SSW,41.534589,-71.021972,2025-01-30,0.0
MA-BR-14,Dartmouth 2.5 SSW,41.534589,-71.021972,2025-01-31,0.0
MA-BR-14,Dartmouth 2.5 SSW,41.534589,-71.021972,2025-02-01,0.5
MA-BR-14,Dartmouth 2.5 SSW,41.534589,-71.021972,2025-02-02,0.01
MA-BR-14,Dartmouth 2.5 SSW,41.534589,-71.021972,2025-02-03,0.19
MA-BR-14,Dartmouth 2.5 SSW,41.534589,-71.021972,2025-02-04,0.0
MA-BR-14,Dartmouth 2.5 SSW,41.534589,-71.021972,2025-02-05,0.0
MA-BR-14,Dartmouth 2.5 SSW,41.534589,-71.021972,2025-02-06,0.0
MA-BR-14,Dartmouth 2.5 SSW,41.534589,-71.021972,2025-02-07,0.3
MA-BR-14,Dartmouth 2.5 SSW,41.534589,-71.021972,2025-02-08,0.0
MA-BR-14,Dartmouth 2.5 SSW,41.534589,-71.021972,2025-02-09,0.38
MA-BR-14,Dartmouth 2.5 SSW,41.534589,-71.021972,2025-02-10,0.03
MA-BR-14,Dartmouth 2.5 SSW,41.534589,-71.021972,2025-02-11,0.0
MA-BR-14,Dartmouth 2.5 SSW,41.534589,-71.021972,2025-02-12,0.02
MA-BR-14,Dartmouth 2.5 SSW,41.534589,-71.021972,2025-02-13,0.26
MA-BR-14,Dartmouth 2.5 SSW,41.534589,-71.021972,2025-02-14,0.14
MA-BR-14,Dartmouth 2.5 SSW,41.534589,-71.021972,2025-02-15,0.0
MA-BR-14,Dartmouth 2.5 SSW,41.534589,-71.021972,2025-02-16,0.57
MA-BR-14,Dartmouth 2.5 SSW,41.534589,-71.021972,2025-02-17,1.34
MA-BR-14,Dartmouth 2.5 SSW,41.534589,-71.021972,2025-02-18,0.0
MA-BR-14,Dartmouth 2.5 SSW,41.534589,-71.021972,2025-02-19,0.0
MA-BR-14,Dartmouth 2.5 SSW,41.534589,-71.021972,2025-02-20,0.0
MA-BR-14,Dartmouth 2.5 SSW,41.534589,-71.021972,2025-02-21,0.0
MA-BR-14,Dartmouth 2.5 SSW,41.534589,-71.021972,2025-02-22,0.0
MA-BR-14,Dartmouth 2.5 SSW,41.534589,-71.021972,2025-02-23,0.0
MA-BR-14,Dartmouth 2.5 SSW,41.534589,-71.021972,2025-02-24,0.0
MA-BR-14,Dartmouth 2.5 SSW,41.534589,-71.021972,2025-02-25,0.0
MA-BR-14,Dartmouth 2.5 SSW,41.534589,-71.021972,2025-02-26,0.0
MA-BR-14,Dartmouth 2.5 SSW,41.534589,-71.021972,2025-02-27,0.0
MA-BR-14,Dartmouth 2.5 SSW,41.534589,-71.021972,2025-02-28,0.09
MA-BR-14,Dartmouth 2.5 SSW,41.534589,-71.021972,2025-03-01,0.0
MA-BR-14,Dartmouth 2.5 SSW,41.534589,-71.021972,2025-03-02,0.0
MA-BR-14,Dartmouth 2.5 SSW,41.534589,-71.021972,2025-03-03,0.0
MA-BR-14,Dartmouth 2.5 SSW,41.534589,-71.021972,2025-03-04,0.0
MA-BR-14,Dartmouth 2.5 SSW,41.534589,-71.021972,2025-03-05,0.0
MA-BR-14,Dartmouth 2.5 SSW,41.534589,-71.021972,2025-03-06,0.33
MA-BR-14,Dartmouth 2.5 SSW,41.534589,-71.021972,2025-03-07,0.07
MA-BR-14,Dartmouth 2.5 SSW,41.534589,-71.021972,2025-03-08,0.0
MA-BR-14,Dartmouth 2.5 SSW,41.534589,-71.021972,2025-03-09,0.0
MA-BR-14,Dartmouth 2.5 SSW,41.534589,-71.021972,2025-03-10,0.0
MA-BR-14,Dartmouth 2.5 SSW,41.534589,-71.021972,2025-03-11,0.0
MA-BR-14,Dartmouth 2.5 SSW,41.534589,-71.021972,2025-03-12,0.0
MA-BR-14,Dartmouth 2.5 SSW,41.534589,-71.021972,2025-03-13,0.0
MA-BR-14,Dartmouth 2.5 SSW,41.534589,-71.021972,2025-03-14,0.0
MA-BR-14,Dartmouth 2.5 SSW,41.534589,-71.021972,2025-03-15,0.0
MA-BR-14,Dartmouth 2.5 SSW,41.534589,-71.021972,2025-03-16,0.0
MA-BR-14,Dartmouth 2.5 SSW,41.534589,-71.021972,2025-03-17,0.83
MA-BR-14,Dartmouth 2.5 SSW,41.534589,-71.021972,2025-03-18,1.14
MA-BR-14,Dartmouth 2.5 SSW,41.534589,-71.021972,2025-03-19,0.0
MA-BR-14,Dartmouth 2.5 SSW,41.534589,-71.021972,2025-03-20,0.0
MA-BR-14,Dartmouth 2.5 SSW,41.534589,-71.021972,2025-03-21,0.23
MA-BR-14,Dartmouth 2.5 SSW,41.534589,-71.021972,2025-03-22,0.03
MA-BR-14,Dartmouth 2.5 SSW,41.534589,-71.021972,2025-03-23,0.0
MA-BR-14,Dartmouth 2.5 SSW,41.534589,-71.021972,2025-03-24,0.0
MA-BR-14,Dartmouth 2.5 SSW,41.534589,-71.021972,2025-03-25,0.66
MA-BR-14,Dartmouth 2.5 SSW,41.534589,-71.021972,2025-03-26,0.0
MA-BR-14,Dartmouth 2.5 SSW,41.534589,-71.021972,2025-03-27,0.0
MA-BR-14,Dartmouth 2.5 SSW,41.534589,-71.021972,2025-03-28,0.0
MA-BR-14,Dartmouth 2.5 SSW,41.534589,-71.021972,2025-03-29,0.08
MA-BR-14,Dartmouth 2.5 SSW,41.534589,-71.021972,2025-03-30,0.15
MA-BR-14,Dartmouth 2.5 SSW,41.534589,-71.021972,2025-03-31,0.01
MA-BR-14,Dartmouth 2.5 SSW,41.534589,-71.021972,2025-04-01,0.25
MA-BR-14,Dartmouth 2.5 SSW,41.534589,-71.021972,2025-04-02,0.07
MA-BR-14,Dartmouth 2.5 SSW,41.534589,-71.021972,2025-04-03,0.01
MA-BR-14,Dartmouth 2.5 SSW,41.534589,-71.021972,2025-04-04,0.23
MA-BR-14,Dartmouth 2.5 SSW,41.534589,-71.021972,2025-04-05,0.0
MA-BR-14,Dartmouth 2.5 SSW,41.534589,-71.021972,2025-04-06,0.71
MA-BR-14,Dartmouth 2.5 SSW,41.534589,-71.021972,2025-04-07,0.0
MA-BR-14,Dartmouth 2.5 SSW,41.534589,-71.021972,2025-04-08,0.32
MA-BR-14,Dartmouth 2.5 SSW,41.534589,-71.021972,2025-04-09,0.03
MA-BR-14,Dartmouth 2.5 SSW,41.534589,-71.021972,2025-04-10,0.0
MA-BR-14,Dartmouth 2.5 SSW,41.534589,-71.021972,2025-04-11,0.04
MA-BR-14,Dartmouth 2.5 SSW,41.534589,-71.021972,2025-04-12,0.34
MA-BR-14,Dartmouth 2.5 SSW,41.534589,-71.021972,2025-04-13,0.12
MA-BR-14,Dartmouth 2.5 SSW,41.534589,-71.021972,2025-04-14,0.38
MA-BR-14,Dartmouth 2.5 SSW,41.534589,-71.021972,2025-04-15,0.1
MA-BR-14,Dartmouth 2.5 SSW,41.534589,-71.021972,2025-04-16,0.03
MA-BR-14,Dartmouth 2.5 SSW,41.534589,-71.021972,2025-04-17,0.0
MA-BR-14,Dartmouth 2.5 SSW,41.534589,-71.021972,2025-04-18,0.0
MA-BR-14,Dartmouth 2.5 SSW,41.534589,-71.021972,2025-04-19,0.0
MA-BR-14,Dartmouth 2.5 SSW,41.534589,-71.021972,2025-04-20,0.0
MA-BR-14,Dartmouth 2.5 SSW,41.534589,-71.021972,2025-04-21,0.0
MA-BR-14,Dartmouth 2.5 SSW,41.534589,-71.021972,2025-04-22,0.09
MA-BR-14,Dartmouth 2.5 SSW,41.534589,-71.021972,2025-04-23,0.0
MA-BR-14,Dartmouth 2.5 SSW,41.534589,-71.021972,2025-04-24,0.0
MA-BR-14,Dartmouth 2.5 SSW,41.534589,-71.021972,2025-04-25,0.0
MA-BR-14,Dartmouth 2.5 SSW,41.534589,-71.021972,2025-04-26,0.0
MA-BR-14,Dartmouth 2.5 SSW,41.534589,-71.021972,2025-04-27,0.74
MA-BR-14,Dartmouth 2.5 SSW,41.534589,-71.021972,2025-04-28,0.0
MA-BR-14,Dartmouth 2.5 SSW,41.534589,-71.021972,2025-04-29,0.0
MA-BR-14,Dartmouth 2.5 SSW,41.534589,-71.021972,2025-04-30,0.0
MA-BR-14,Dartmouth 2.5 SSW,41.534589,-71.021972,2025-05-01,0.0
MA-BR-14,Dartmouth 2.5 SSW,41.534589,-71.021972,2025-05-02,0.3
MA-BR-14,Dartmouth 2.5 SSW,41.534589,-71.021972,2025-05-03,0.0
MA-BR-14,Dartmouth 2.5 SSW,41.534589,-71.021972,2025-05-04,0.0
MA-BR-14,Dartmouth 2.5 SSW,41.534589,-71.021972,2025-05-05,0.02
MA-BR-14,Dartmouth 2.5 SSW,41.534589,-71.021972,2025-05-06,0.11
MA-BR-14,Dartmouth 2.5 SSW,41.534589,-71.021972,2025-05-07,0.13
MA-BR-14,Dartmouth 2.5 SSW,41.534589,-71.021972,2025-05-08,0.0
MA-BR-14,Dartmouth 2.5 SSW,41.534589,-71.021972,2025-05-09,0.0
MA-BR-14,Dartmouth 2.5 SSW,41.534589,-71.021972,2025-05-10,2.07
MA-BR-14,Dartmouth 2.5 SSW,41.534589,-71.021972,2025-05-11,0.0
MA-BR-14,Dartmouth 2.5 SSW,41.534589,-71.021972,2025-05-12,0.0
MA-BR-14,Dartmouth 2.5 SSW,41.534589,-71.021972,2025-05-13,0.0
MA-BR-14,Dartmouth 2.5 SSW,41.534589,-71.021972,2025-05-14,0.0
MA-BR-14,Dartmouth 2.5 SSW,41.534589,-71.021972,2025-05-15,0.52
MA-BR-14,Dartmouth 2.5 SSW,41.534589,-71.021972,2025-05-16,0.0
MA-BR-14,Dartmouth 2.5 SSW,41.534589,-71.021972,2025-05-17,0.0
MA-BR-14,Dartmouth 2.5 SSW,41.534589,-71.021972,2025-05-18,0.03
MA-BR-14,Dartmouth 2.5 SSW,41.534589,-71.021972,2025-05-19,0.0
MA-BR-14,Dartmouth 2.5 SSW,41.534589,-71.021972,2025-05-20,0.0
MA-BR-14,Dartmouth 2.5 SSW,41.534589,-71.021972,2025-05-21,0.0
MA-BR-14,Dartmouth 2.5 SSW,41.534589,-71.021972,2025-05-22,0.03
MA-BR-14,Dartmouth 2.5 SSW,41.534589,-71.021972,2025-05-23,2.2
MA-BR-14,Dartmouth 2.5 SSW,41.534589,-71.021972,2025-05-24,0.0
MA-BR-14,Dartmouth 2.5 SSW,41.534589,-71.021972,2025-05-25,0.03
MA-BR-14,Dartmouth 2.5 SSW,41.534589,-71.021972,2025-05-26,0.0
MA-BR-14,Dartmouth 2.5 SSW,41.534589,-71.021972,2025-05-27,0.0
MA-BR-14,Dartmouth 2.5 SSW,41.534589,-71.021972,2025-05-28,0.0
MA-BR-14,Dartmouth 2.5 SSW,41.534589,-71.021972,2025-05-29,0.16
MA-BR-14,Dartmouth 2.5 SSW,41.534589,-71.021972,2025-05-30,0.06
MA-BR-14,Dartmouth 2.5 SSW,41.534589,-71.021972,2025-05-31,0.36
MA-BR-14,Dartmouth 2.5 SSW,41.534589,-71.021972,2025-06-01,0.01
MA-BR-14,Dartmouth 2.5 SSW,41.534589,-71.021972,2025-06-02,0.0
MA-BR-14,Dartmouth 2.5 SSW,41.534589,-71.021972,2025-06-03,0.0
MA-BR-14,Dartmouth 2.5 SSW,41.534589,-71.021972,2025-06-04,0.0
MA-BR-14,Dartmouth 2.5 SSW,41.534589,-71.021972,2025-06-05,0.0
MA-BR-14,Dartmouth 2.5 SSW,41.534589,-71.021972,2025-06-06,0.0
MA-BR-14,Dartmouth 2.5 SSW,41.534589,-71.021972,2025-06-07,0.0
MA-BR-14,Dartmouth 2.5 SSW,41.534589,-71.021972,2025-06-08,0.06
MA-BR-14,Dartmouth 2.5 SSW,41.534589,-71.021972,2025-06-09,0.0
MA-BR-14,Dartmouth 2.5 SSW,41.534589,-71.021972,2025-06-10,0.08
MA-BR-14,Dartmouth 2.5 SSW,41.534589,-71.021972,2025-06-11,0.57
MA-BR-14,Dartmouth 2.5 SSW,41.534589,-71.021972,2025-06-12,0.0
MA-BR-14,Dartmouth 2.5 SSW,41.534589,-71.021972,2025-06-13,0.0
MA-BR-14,Dartmouth 2.5 SSW,41.534589,-71.021972,2025-06-14,0.0
MA-BR-14,Dartmouth 2.5 SSW,41.534589,-71.021972,2025-06-15,0.08
MA-BR-14,Dartmouth 2.5 SSW,41.534589,-71.021972,2025-06-16,0.0
MA-BR-14,Dartmouth 2.5 SSW,41.534589,-71.021972,2025-06-17,0.01
MA-BR-14,Dartmouth 2.5 SSW,41.534589,-71.021972,2025-06-18,0.0
MA-BR-14,Dartmouth 2.5 SSW,41.534589,-71.021972,2025-06-19,0.01
MA-BR-14,Dartmouth 2.5 SSW,41.534589,-71.021972,2025-06-20,0.0
MA-BR-14,Dartmouth 2.5 SSW,41.534589,-71.021972,2025-06-21,0.0
MA-BR-14,Dartmouth 2.5 SSW,41.534589,-71.021972,2025-06-22,0.0
MA-BR-14,Dartmouth 2.5 SSW,41.534589,-71.021972,2025-06-23,0.02
MA-BR-14,Dartmouth 2.5 SSW,41.534589,-71.021972,2025-06-24,0.0
MA-BR-14,Dartmouth 2.5 SSW,41.534589,-71.021972,2025-06-25,0.0
MA-BR-14,Dartmouth 2.5 SSW,41.534589,-71.021972,2025-06-26,0.08
MA-BR-14,Dartmouth 2.5 SSW,41.534589,-71.021972,2025-06-27,0.07
MA-BR-14,Dartmouth 2.5 SSW,41.534589,-71.021972,2025-06-28,0.0
MA-BR-14,Dartmouth 2.5 SSW,41.534589,-71.021972,2025-06-29,0.0
MA-BR-14,Dartmouth 2.5 SSW,41.534589,-71.021972,2025-06-30,0.0
MA-BR-14,Dartmouth 2.5 SSW,41.534589,-71.021972,2025-07-01,0.02
MA-BR-14,Dartmouth 2.5 SSW,41.534589,-71.021972,2025-07-02,0.1
MA-BR-14,Dartmouth 2.5 SSW,41.534589,-71.021972,2025-07-03,0.01
MA-BR-14,Dartmouth 2.5 SSW,41.534589,-71.021972,2025-07-04,0.09
MA-BR-14,Dartmouth 2.5 SSW,41.534589,-71.021972,2025-07-05,0.0
MA-BR-14,Dartmouth 2.5 SSW,41.534589,-71.021972,2025-07-06,0.0
MA-BR-14,Dartmouth 2.5 SSW,41.534589,-71.021972,2025-07-07,0.0
MA-BR-14,Dartmouth 2.5 SSW,41.534589,-71.021972,2025-07-08,0.38
MA-BR-14,Dartmouth 2.5 SSW,41.534589,-71.021972,2025-07-09,0.28
MA-BR-14,Dartmouth 2.5 SSW,41.534589,-71.021972,2025-07-10,0.22
MA-BR-14,Dartmouth 2.5 SSW,41.534589,-71.021972,2025-07-11,0.14
MA-BR-14,Dartmouth 2.5 SSW,41.534589,-71.021972,2025-07-12,0.0
MA-BR-14,Dartmouth 2.5 SSW,41.534589,-71.021972,2025-07-13,0.0
MA-BR-14,Dartmouth 2.5 SSW,41.534589,-71.021972,2025-07-14,0.0
MA-BR-14,Dartmouth 2.5 SSW,41.534589,-71.021972,2025-07-15,0.01
MA-BR-14,Dartmouth 2.5 SSW,41.534589,-71.021972,2025-07-16,0.0
MA-BR-14,Dartmouth 2.5 SSW,41.534589,-71.021972,2025-07-17,0.0
MA-BR-14,Dartmouth 2.5 SSW,41.534589,-71.021972,2025-07-18,0.01
MA-BR-14,Dartmouth 2.5 SSW,41.534589,-71.021972,2025-07-19,0.0
MA-BR-14,Dartmouth 2.5 SSW,41.534589,-71.021972,2025-07-20,0.0
MA-BR-14,Dartmouth 2.5 SSW,41.534589,-71.021972,2025-07-21,0.04
MA-BR-14,Dartmouth 2.5 SSW,41.534589,-71.021972,2025-07-22,0.01
MA-BR-14,Dartmouth 2.5 SSW,41.534589,-71.021972,2025-07-23,0.0
MA-BR-14,Dartmouth 2.5 SSW,41.534589,-71.021972,2025-07-24,0.0
MA-BR-14,Dartmouth 2.5 SSW,41.534589,-71.021972,2025-07-25,0.0
MA-BR-14,Dartmouth 2.5 SSW,41.534589,-71.021972,2025-07-26,0.09
MA-BR-14,Dartmouth 2.5 SSW,41.534589,-71.021972,2025-07-27,0.0
MA-BR-14,Dartmouth 2.5 SSW,41.534589,-71.021972,2025-07-28,0.01
MA-BR-14,Dartmouth 2.5 SSW,41.534589,-71.021972,2025-07-29,0.0
MA-BR-14,Dartmouth 2.5 SSW,41.534589,-71.021972,2025-07-30,0.0
MA-BR-14,Dartmouth 2.5 SSW,41.534589,-71.021972,2025-07-31,0.0
MA-BR-14,Dartmouth 2.5 SSW,41.534589,-71.021972,2025-08-01,0.36
MA-BR-14,Dartmouth 2.5 SSW,41.534589,-71.021972,2025-08-02,0.04
MA-BR-14,Dartmouth 2.5 SSW,41.534589,-71.021972,2025-08-03,0.0
MA-BR-14,Dartmouth 2.5 SSW,41.534589,-71.021972,2025-08-04,0.0
MA-BR-14,Dartmouth 2.5 SSW,41.534589,-71.021972,2025-08-05,0.0
MA-BR-14,Dartmouth 2.5 SSW,41.534589,-71.021972,2025-08-06,0.0
MA-BR-14,Dartmouth 2.5 SSW,41.534589,-71.021972,2025-08-07,0.0
MA-BR-14,Dartmouth 2.5 SSW,41.534589,-71.021972,2025-08-08,0.0
MA-BR-14,Dartmouth 2.5 SSW,41.534589,-71.021972,2025-08-09,0.0
MA-BR-14,Dartmouth 2.5 SSW,41.534589,-71.021972,2025-08-10,0.0
MA-BR-14,Dartmouth 2.5 SSW,41.534589,-71.021972,2025-08-11,0.0
MA-BR-14,Dartmouth 2.5 SSW,41.534589,-71.021972,2025-08-12,0.0
MA-BR-14,Dartmouth 2.5 SSW,41.534589,-71.021972,2025-08-13,0.0
MA-BR-14,Dartmouth 2.5 SSW,41.534589,-71.021972,2025-08-14,0.0
MA-BR-14,Dartmouth 2.5 SSW,41.534589,-71.021972,2025-08-15,0.03
MA-BR-14,Dartmouth 2.5 SSW,41.534589,-71.021972,2025-08-16,0.0
MA-BR-14,Dartmouth 2.5 SSW,41.534589,-71.021972,2025-08-17,0.0
MA-BR-14,Dartmouth 2.5 SSW,41.534589,-71.021972,2025-08-18,0.01
MA-BR-14,Dartmouth 2.5 SSW,41.534589,-71.021972,2025-08-19,0.0
MA-BR-14,Dartmouth 2.5 SSW,41.534589,-71.021972,2025-08-20,0.0
MA-BR-14,Dartmouth 2.5 SSW,41.534589,-71.021972,2025-08-21,1.64
MA-BR-14,Dartmouth 2.5 SSW,41.534589,-71.021972,2025-08-22,0.0
MA-BR-14,Dartmouth 2.5 SSW,41.534589,-71.021972,2025-08-23,0.0
MA-BR-14,Dartmouth 2.5 SSW,41.534589,-71.021972,2025-08-24,0.0
MA-BR-14,Dartmouth 2.5 SSW,41.534589,-71.021972,2025-08-25,0.0
MA-BR-14,Dartmouth 2.5 SSW,41.534589,-71.021972,2025-08-26,0.01
MA-BR-14,Dartmouth 2.5 SSW,41.534589,-71.021972,2025-08-27,0.0
MA-BR-14,Dartmouth 2.5 SSW,41.534589,-71.021972,2025-08-28,0.0
MA-BR-14,Dartmouth 2.5 SSW,41.534589,-71.021972,2025-08-29,0.0
MA-BR-14,Dartmouth 2.5 SSW,41.534589,-71.021972,2025-08-30,0.22
MA-BR-14,Dartmouth 2.5 SSW,41.534589,-71.021972,2025-08-31,0.0
MA-BR-14,Dartmouth 2.5 SSW,41.534589,-71.021972,2025-09-01,0.0
MA-BR-14,Dartmouth 2.5 SSW,41.534589,-71.021972,2025-09-02,0.0
MA-BR-14,Dartmouth 2.5 SSW,41.534589,-71.021972,2025-09-03,0.0
MA-BR-14,Dartmouth 2.5 SSW,41.534589,-71.021972,2025-09-04,0.0
MA-BR-14,Dartmouth 2.5 SSW,41.534589,-71.021972,2025-09-05,0.07
MA-BR-14,Dartmouth 2.5 SSW,41.534589,-71.021972,2025-09-06,0.0
MA-BR-14,Dartmouth 2.5 SSW,41.534589,-71.021972,2025-09-07,0.14
MA-BR-14,Dartmouth 2.5 SSW,41.534589,-71.021972,2025-09-08,0.9
MA-BR-14,Dartmouth 2.5 SSW,41.534589,-71.021972,2025-09-09,0.0
MA-BR-14,Dartmouth 2.5 SSW,41.534589,-71.021972,2025-09-10,0.01
MA-BR-14,Dartmouth 2.5 SSW,41.534589,-71.021972,2025-09-11,0.0
MA-BR-14,Dartmouth 2.5 SSW,41.534589,-71.021972,2025-09-12,0.0
MA-BR-14,Dartmouth 2.5 SSW,41.534589,-71.021972,2025-09-13,0.0
MA-BR-14,Dartmouth 2.5 SSW,41.534589,-71.021972,2025-09-14,0.0
MA-BR-14,Dartmouth 2.5 SSW,41.534589,-71.021972,2025-09-15,0.01
MA-BR-14,Dartmouth 2.5 SSW,41.534589,-71.021972,2025-09-16,0.0
MA-BR-14,Dartmouth 2.5 SSW,41.534589,-71.021972,2025-09-17,0.0
MA-BR-14,Dartmouth 2.5 SSW,41.534589,-71.021972,2025-09-18,0.18
MA-BR-14,Dartmouth 2.5 SSW,41.534589,-71.021972,2025-09-19,0.01
MA-BR-14,Dartmouth 2.5 SSW,41.534589,-71.021972,2025-09-20,0.0
MA-BR-14,Dartmouth 2.5 SSW,41.534589,-71.021972,2025-09-21,0.0
MA-BR-14,Dartmouth 2.5 SSW,41.534589,-71.021972,2025-09-22,0.0
MA-BR-14,Dartmouth 2.5 SSW,41.534589,-71.021972,2025-09-23,0.0
MA-BR-14,Dartmouth 2.5 SSW,41.534589,-71.021972,2025-09-24,0.0
MA-BR-14,Dartmouth 2.5 SSW,41.534589,-71.021972,2025-09-25,0.95
MA-BR-14,Dartmouth 2.5 SSW,41.534589,-71.021972,2025-09-26,0.51
MA-BR-14,Dartmouth 2.5 SSW,41.534589,-71.021972,2025-09-27,0.0
MA-BR-14,Dartmouth 2.5 SSW,41.534589,-71.021972,2025-09-28,0.05
MA-BR-14,Dartmouth 2.5 SSW,41.534589,-71.021972,2025-09-29,0.0
MA-BR-14,Dartmouth 2.5 SSW,41.534589,-71.021972,2025-09-30,0.0
MA-BR-14,Dartmouth 2.5 SSW,41.534589,-71.021972,2025-10-01,0.0
MA-BR-14,Dartmouth 2.5 SSW,41.534589,-71.021972,2025-10-02,0.0
MA-BR-14,Dartmouth 2.5 SSW,41.534589,-71.021972,2025-10-03,0.0
MA-BR-14,Dartmouth 2.5 SSW,41.534589,-71.021972,2025-10-04,0.0
MA-BR-14,Dartmouth 2.5 SSW,41.534589,-71.021972,2025-10-05,0.0
MA-BR-14,Dartmouth 2.5 SSW,41.534589,-71.021972,2025-10-06,0.02
MA-BR-14,Dartmouth 2.5 SSW,41.534589,-71.021972,2025-10-07,0.0
MA-BR-14,Dartmouth 2.5 SSW,41.534589,-71.021972,2025-10-08,0.02
MA-BR-14,Dartmouth 2.5 SSW,41.534589,-71.021972,2025-10-09,0.65
MA-BR-14,Dartmouth 2.5 SSW,41.534589,-71.021972,2025-10-10,0.0
MA-BR-14,Dartmouth 2.5 SSW,41.534589,-71.021972,2025-10-11,0.0
MA-BR-14,Dartmouth 2.5 SSW,41.534589,-71.021972,2025-10-12,0.0
MA-BR-14,Dartmouth 2.5 SSW,41.534589,-71.021972,2025-10-13,1.53
MA-BR-14,Dartmouth 2.5 SSW,41.534589,-71.021972,2025-10-14,1.32
MA-BR-14,Dartmouth 2.5 SSW,41.534589,-71.021972,2025-10-15,0.02
MA-BR-14,Dartmouth 2.5 SSW,41.534589,-71.021972,2025-10-16,0.0
MA-BR-14,Dartmouth 2.5 SSW,41.534589,-71.021972,2025-10-17,0.0
MA-BR-14,Dartmouth 2.5 SSW,41.534589,-71.021972,2025-10-18,0.0
MA-BR-14,Dartmouth 2.5 SSW,41.534589,-71.021972,2025-10-19,0.0
MA-BR-14,Dartmouth 2.5 SSW,41.534589,-71.021972,2025-10-20,0.0
MA-BR-14,Dartmouth 2.5 SSW,41.534589,-71.021972,2025-10-21,0.68
MA-BR-14,Dartmouth 2.5 SSW,41.534589,-71.021972,2025-10-22,0.0
MA-BR-14,Dartmouth 2.5 SSW,41.534589,-71.021972,2025-10-23,0.0
MA-BR-14,Dartmouth 2.5 SSW,41.534589,-71.021972,2025-10-24,0.0
MA-BR-14,Dartmouth 2.5 SSW,41.534589,-71.021972,2025-10-25,0.0
MA-BR-14,Dartmouth 2.5 SSW,41.534589,-71.021972,2025-10-26,0.0
MA-BR-14,Dartmouth 2.5 SSW,41.534589,-71.021972,2025-10-27,0.0
MA-BR-14,Dartmouth 2.5 SSW,41.534589,-71.021972,2025-10-28,0.0
MA-BR-14,Dartmouth 2.5 SSW,41.534589,-71.021972,2025-10-29,0.0
MA-BR-14,Dartmouth 2.5 SSW,41.534589,-71.021972,2025-10-30,0.01
MA-BR-14,Dartmouth 2.5 SSW,41.534589,-71.021972,2025-10-31,1.21
MA-BR-14,Dartmouth 2.5 SSW,41.534589,-71.021972,2025-11-01,0.0
MA-BR-14,Dartmouth 2.5 SSW,41.534589,-71.021972,2025-11-02,0.0
MA-BR-14,Dartmouth 2.5 SSW,41.534589,-71.021972,2025-11-03,0.0
MA-BR-14,Dartmouth 2.5 SSW,41.534589,-71.021972,2025-11-04,0.15
MA-BR-14,Dartmouth 2.5 SSW,41.534589,-71.021972,2025-11-05,0.0
MA-BR-14,Dartmouth 2.5 SSW,41.534589,-71.021972,2025-11-06,0.0
MA-BR-14,Dartmouth 2.5 SSW,41.534589,-71.021972,2025-11-07,0.0
MA-BR-14,Dartmouth 2.5 SSW,41.534589,-71.021972,2025-11-08,0.01
MA-BR-14,Dartmouth 2.5 SSW,41.534589,-71.021972,2025-11-09,0.02
MA-BR-14,Dartmouth 2.5 SSW,41.534589,-71.021972,2025-11-10,2.13
MA-BR-14,Dartmouth 2.5 SSW,41.534589,-71.021972,2025-11-11,0.04
MA-BR-14,Dartmouth 2.5 SSW,41.534589,-71.021972,2025-11-12,0.0
MA-BR-14,Dartmouth 2.5 SSW,41.534589,-71.021972,2025-11-13,0.0
MA-BR-14,Dartmouth 2.5 SSW,41.534589,-71.021972,2025-11-14,0.0
MA-BR-14,Dartmouth 2.5 SSW,41.534589,-71.021972,2025-11-15,0.0
MA-BR-14,Dartmouth 2.5 SSW,41.534589,-71.021972,2025-11-16,0.72
MA-BR-14,Dartmouth 2.5 SSW,41.534589,-71.021972,2025-11-17,0.0
MA-BR-14,Dartmouth 2.5 SSW,41.534589,-71.021972,2025-11-18,0.0
MA-BR-14,Dartmouth 2.5 SSW,41.534589,-71.021972,2025-11-19,0.0
MA-BR-14,Dartmouth 2.5 SSW,41.534589,-71.021972,2025-11-20,0.0
MA-BR-14,Dartmouth 2.5 SSW,41.534589,-71.021972,2025-11-21,0.0
MA-BR-14,Dartmouth 2.5 SSW,41.534589,-71.021972,2025-11-22,0.01
MA-BR-14,Dartmouth 2.5 SSW,41.534589,-71.021972,2025-11-23,0.16
MA-BR-14,Dartmouth 2.5 SSW,41.534589,-71.021972,2025-11-24,0.0
MA-BR-14,Dartmouth 2.5 SSW,41.534589,-71.021972,2025-11-25,0.0
MA-BR-14,Dartmouth 2.5 SSW,41.534589,-71.021972,2025-11-26,0.29
MA-BR-14,Dartmouth 2.5 SSW,41.534589,-71.021972,2025-11-27,0.03
MA-BR-14,Dartmouth 2.5 SSW,41.534589,-71.021972,2025-11-28,0.0
MA-BR-14,Dartmouth 2.5 SSW,41.534589,-71.021972,2025-11-29,0.0
MA-BR-14,Dartmouth 2.5 SSW,41.534589,-71.021972,2025-11-30,0.0
MA-BR-14,Dartmouth 2.5 SSW,41.534589,-71.021972,2025-12-01,1.05
MA-BR-14,Dartmouth 2.5 SSW,41.534589,-71.021972,2025-12-02,0.0
MA-BR-14,Dartmouth 2.5 SSW,41.534589,-71.021972,2025-12-03,0.84
MA-BR-14,Dartmouth 2.5 SSW,41.534589,-71.021972,2025-12-04,0.0
MA-BR-14,Dartmouth 2.5 SSW,41.534589,-71.021972,2025-12-05,0.0
MA-BR-14,Dartmouth 2.5 SSW,41.534589,-71.021972,2025-12-06,0.0
MA-BR-14,Dartmouth 2.5 SSW,41.534589,-71.021972,2025-12-07,0.05
MA-BR-14,Dartmouth 2.5 SSW,41.534589,-71.021972,2025-12-08,0.0
MA-BR-14,Dartmouth 2.5 SSW,41.534589,-71.021972,2025-12-09,0.0
MA-BR-14,Dartmouth 2.5 SSW,41.534589,-71.021972,2025-12-10,0.01
MA-BR-14,Dartmouth 2.5 SSW,41.534589,-71.021972,2025-12-11,0.02
MA-BR-14,Dartmouth 2.5 SSW,41.534589,-71.021972,2025-12-12,0.0
MA-BR-14,Dartmouth 2.5 SSW,41.534589,-71.021972,2025-12-13,0.0
MA-BR-14,Dartmouth 2.5 SSW,41.534589,-71.021972,2025-12-14,0.12
MA-BR-14,Dartmouth 2.5 SSW,41.534589,-71.021972,2025-12-15,0.13
MA-BR-14,Dartmouth 2.5 SSW,41.534589,-71.021972,2025-12-16,0.0
MA-BR-14,Dartmouth 2.5 SSW,41.534589,-71.021972,2025-12-17,0.0
MA-BR-14,Dartmouth 2.5 SSW,41.534589,-71.021972,2025-12-18,0.0
MA-BR-14,Dartmouth 2.5 SSW,41.534589,-71.021972,2025-12-19,0.01
MA-BR-14,Dartmouth 2.5 SSW,41.534589,-71.021972,2025-12-20,0.43
MA-BR-14,Dartmouth 2.5 SSW,41.534589,-71.021972,2025-12-21,0.0
MA-BR-14,Dartmouth 2.5 SSW,41.534589,-71.021972,2025-12-22,0.0
MA-BR-14,Dartmouth 2.5 SSW,41.534589,-71.021972,2025-12-23,0.0
MA-BR-14,Dartmouth 2.5 SSW,41.534589,-71.021972,2025-12-24,0.11
MA-BR-14,Dartmouth 2.5 SSW,41.534589,-71.021972,2025-12-25,0.0
MA-BR-14,Dartmouth 2.5 SSW,41.534589,-71.021972,2025-12-26,0.0
MA-BR-14,Dartmouth 2.5 SSW,41.534589,-71.021972,2025-12-27,0.27
MA-BR-14,Dartmouth 2.5 SSW,41.534589,-71.021972,2025-12-28,0.0
MA-BR-14,Dartmouth 2.5 SSW,41.534589,-71.021972,2025-12-29,0.34
MA-BR-14,Dartmouth 2.5 SSW,41.534589,-71.021972,2025-12-30,0.26
MA-BR-14,Dartmouth 2.5 SSW,41.534589,-71.021972,2025-12-31,0.0
MA-BR-14,Dartmouth 2.5 SSW,41.534589,-71.021972,2026-01-01,0.03
MA-BR-14,Dartmouth 2.5 SSW,41.534589,-71.021972,2026-01-02,0.05
MA-BR-14,Dartmouth 2.5 SSW,41.534589,-71.021972,2026-01-03,0.0
MA-BR-14,Dartmouth 2.5 SSW,41.534589,-71.021972,2026-01-04,0.0
MA-BR-14,Dartmouth 2.5 SSW,41.534589,-71.021972,2026-01-05,0.0
MA-BR-14,Dartmouth 2.5 SSW,41.534589,-71.021972,2026-01-06,0.01
MA-BR-14,Dartmouth 2.5 SSW,41.534589,-71.021972,2026-01-07,0.03
MA-BR-14,Dartmouth 2.5 SSW,41.534589,-71.021972,2026-01-08,0.01
MA-BR-14,Dartmouth 2.5 SSW,41.534589,-71.021972,2026-01-09,0.0
MA-BR-14,Dartmouth 2.5 SSW,41.534589,-71.021972,2026-01-10,0.1
MA-BR-14,Dartmouth 2.5 SSW,41.534589,-71.021972,2026-01-11,0.79
MA-BR-14,Dartmouth 2.5 SSW,41.534589,-71.021972,2026-01-12,0.01
MA-BR-14,Dartmouth 2.5 SSW,41.534589,-71.021972,2026-01-13,0.0
MA-BR-14,Dartmouth 2.5 SSW,41.534589,-71.021972,2026-01-14,0.0
MA-BR-14,Dartmouth 2.5 SSW,41.534589,-71.021972,2026-01-15,0.0
MA-BR-14,Dartmouth 2.5 SSW,41.534589,-71.021972,2026-01-16,0.0
MA-BR-14,Dartmouth 2.5 SSW,41.534589,-71.021972,2026-01-17,0.0
MA-BR-14,Dartmouth 2.5 SSW,41.534589,-71.021972,2026-01-18,0.0
MA-BR-14,Dartmouth 2.5 SSW,41.534589,-71.021972,2026-01-19,0.73
MA-BR-14,Dartmouth 2.5 SSW,41.534589,-71.021972,2026-01-20,0.0
MA-BR-14,Dartmouth 2.5 SSW,41.534589,-71.021972,2026-01-21,0.0
MA-BR-14,Dartmouth 2.5 SSW,41.534589,-71.021972,2026-01-22,0.0
MA-BR-14,Dartmouth 2.5 SSW,41.534589,-71.021972,2026-01-23,0.0
MA-BR-14,Dartmouth 2.5 SSW,41.534589,-71.021972,2026-01-24,0.0
MA-BR-14,Dartmouth 2.5 SSW,41.534589,-71.021972,2026-01-25,0.0
MA-BR-14,Dartmouth 2.5 SSW,41.534589,-71.021972,2026-01-26,1.66
MA-BR-14,Dartmouth 2.5 SSW,41.534589,-71.021972,2026-01-27,0.07
MA-BR-14,Dartmouth 2.5 SSW,41.534589,-71.021972,2026-01-28,0.0
MA-BR-14,Dartmouth 2.5 SSW,41.534589,-71.021972,2026-01-29,0.0
MA-BR-14,Dartmouth 2.5 SSW,41.534589,-71.021972,2026-01-30,0.0
MA-BR-14,Dartmouth 2.5 SSW,41.534589,-71.021972,2026-01-31,0.0
MA-BR-14,Dartmouth 2.5 SSW,41.534589,-71.021972,2026-02-01,0.0
MA-BR-14,Dartmouth 2.5 SSW,41.534589,-71.021972,2026-02-02,0.0
MA-BR-14,Dartmouth 2.5 SSW,41.534589,-71.021972,2026-02-03,0.0
MA-BR-14,Dartmouth 2.5 SSW,41.534589,-71.021972,2026-02-04,0.0
MA-BR-14,Dartmouth 2.5 SSW,41.534589,-71.021972,2026-02-05,0.0
MA-BR-14,Dartmouth 2.5 SSW,41.534589,-71.021972,2026-02-06,0.0
MA-BR-14,Dartmouth 2.5 SSW,41.534589,-71.021972,2026-02-07,0.06
MA-BR-14,Dartmouth 2.5 SSW,41.534589,-71.021972,2026-02-08,0.18
MA-BR-14,Dartmouth 2.5 SSW,41.534589,-71.021972,2026-02-09,0.0
MA-BR-14,Dartmouth 2.5 SSW,41.534589,-71.021972,2026-02-10,0.0
MA-BR-14,Dartmouth 2.5 SSW,41.534589,-71.021972,2026-02-11,0.17
MA-BR-14,Dartmouth 2.5 SSW,41.534589,-71.021972,2026-02-12,0.0
MA-BR-14,Dartmouth 2.5 SSW,41.534589,-71.021972,2026-02-13,0.0
MA-BR-14,Dartmouth 2.5 SSW,41.534589,-71.021972,2026-02-14,0.0
MA-BR-14,Dartmouth 2.5 SSW,41.534589,-71.021972,2026-02-15,0.0
MA-BR-14,Dartmouth 2.5 SSW,41.534589,-71.021972,2026-02-16,0.0
MA-BR-14,Dartmouth 2.5 SSW,41.534589,-71.021972,2026-02-17,0.0
MA-BR-14,Dartmouth 2.5 SSW,41.534589,-71.021972,2026-02-18,0.0
MA-BR-14,Dartmouth 2.5 SSW,41.534589,-71.021972,2026-02-19,0.28
MA-BR-14,Dartmouth 2.5 SSW,41.534589,-71.021972,2026-02-20,0.0
MA-BR-14,Dartmouth 2.5 SSW,41.534589,-71.021972,2026-02-21,0.59
MA-BR-14,Dartmouth 2.5 SSW,41.534589,-71.021972,2026-02-22,0.0
MA-BR-14,Dartmouth 2.5 SSW,41.534589,-71.021972,2026-02-23,1.18
MA-BR-14,Dartmouth 2.5 SSW,41.534589,-71.021972,2026-02-24,1.21
MA-BR-14,Dartmouth 2.5 SSW,41.534589,-71.021972,2026-02-25,0.0
MA-BR-14,Dartmouth 2.5 SSW,41.534589,-71.021972,2026-02-26,0.06
MA-BR-14,Dartmouth 2.5 SSW,41.534589,-71.021972,2026-02-27,0.0
MA-BR-14,Dartmouth 2.5 SSW,41.534589,-71.021972,2026-02-28,0.0
MA-BR-14,Dartmouth 2.5 SSW,41.534589,-71.021972,2026-03-01,0.0
MA-BR-14,Dartmouth 2.5 SSW,41.534589,-71.021972,2026-03-02,0.01
MA-BR-14,Dartmouth 2.5 SSW,41.534589,-71.021972,2026-03-03,0.0
MA-BR-14,Dartmouth 2.5 SSW,41.534589,-71.021972,2026-03-04,0.59
MA-BR-14,Dartmouth 2.5 SSW,41.534589,-71.021972,2026-03-05,0.0
MA-BR-14,Dartmouth 2.5 SSW,41.534589,-71.021972,2026-03-06,0.86
MA-BR-14,Dartmouth 2.5 SSW,41.534589,-71.021972,2026-03-07,0.04
MA-BR-14,Dartmouth 2.5 SSW,41.534589,-71.021972,2026-03-08,0.02
MA-BR-14,Dartmouth 2.5 SSW,41.534589,-71.021972,2026-03-09,0.0
MA-BR-14,Dartmouth 2.5 SSW,41.534589,-71.021972,2026-03-10,0.0
MA-BR-14,Dartmouth 2.5 SSW,41.534589,-71.021972,2026-03-11,0.0
MA-BR-14,Dartmouth 2.5 SSW,41.534589,-71.021972,2026-03-12,0.01
MA-BR-14,Dartmouth 2.5 SSW,41.534589,-71.021972,2026-03-13,0.08
MA-BR-14,Dartmouth 2.5 SSW,41.534589,-71.021972,2026-03-14,0.0
MA-BR-14,Dartmouth 2.5 SSW,41.534589,-71.021972,2026-03-15,0.0
MA-BR-14,Dartmouth 2.5 SSW,41.534589,-71.021972,2026-03-16,0.02
MA-BR-14,Dartmouth 2.5 SSW,41.534589,-71.021972,2026-03-17,1.12
MA-BR-14,Dartmouth 2.5 SSW,41.534589,-71.021972,2026-03-18,0.0
MA-BR-14,Dartmouth 2.5 SSW,41.534589,-71.021972,2026-03-19,0.0
MA-BR-14,Dartmouth 2.5 SSW,41.534589,-71.021972,2026-03-20,0.0
MA-BR-14,Dartmouth 2.5 SSW,41.534589,-71.021972,2026-03-21,0.33
MA-BR-14,Dartmouth 2.5 SSW,41.534589,-71.021972,2026-03-23,0.86
MA-BR-14,Dartmouth 2.5 SSW,41.534589,-71.021972,2026-03-24,0.48
MA-BR-14,Dartmouth 2.5 SSW,41.534589,-71.021972,2026-03-25,0.0
MA-BR-14,Dartmouth 2.5 SSW,41.534589,-71.021972,2026-03-26,0.01
MA-BR-14,Dartmouth 2.5 SSW,41.534589,-71.021972,2026-03-27,0.07
MA-BR-14,Dartmouth 2.5 SSW,41.534589,-71.021972,2026-03-28,0.0
MA-BR-14,Dartmouth 2.5 SSW,41.534589,-71.021972,2026-03-29,0.0
MA-BR-14,Dartmouth 2.5 SSW,41.534589,-71.021972,2026-03-30,0.0
MA-BR-14,Dartmouth 2.5 SSW,41.534589,-71.021972,2026-03-31,0.0
MA-BR-14,Dartmouth 2.5 SSW,41.534589,-71.021972,2026-04-01,0.0
MA-BR-14,Dartmouth 2.5 SSW,41.534589,-71.021972,2026-04-02,0.55
MA-BR-14,Dartmouth 2.5 SSW,41.534589,-71.021972,2026-04-03,0.14
MA-BR-14,Dartmouth 2.5 SSW,41.534589,-71.021972,2026-04-04,0.01
MA-BR-14,Dartmouth 2.5 SSW,41.534589,-71.021972,2026-04-05,0.01
MA-BR-14,Dartmouth 2.5 SSW,41.534589,-71.021972,2026-04-06,0.2
MA-BR-14,Dartmouth 2.5 SSW,41.534589,-71.021972,2026-04-07,0.0
MA-BR-14,Dartmouth 2.5 SSW,41.534589,-71.021972,2026-04-08,0.0
MA-BR-14,Dartmouth 2.5 SSW,41.534589,-71.021972,2026-04-09,0.0
MA-BR-14,Dartmouth 2.5 SSW,41.534589,-71.021972,2026-04-10,0.0
MA-BR-14,Dartmouth 2.5 SSW,41.534589,-71.021972,2026-04-11,0.0
MA-BR-14,Dartmouth 2.5 SSW,41.534589,-71.021972,2026-04-12,0.0
MA-BR-14,Dartmouth 2.5 SSW,41.534589,-71.021972,2026-04-13,0.02
MA-BR-14,Dartmouth 2.5 SSW,41.534589,-71.021972,2026-04-14,0.0
MA-BR-14,Dartmouth 2.5 SSW,41.534589,-71.021972,2026-04-15,0.0
MA-BR-14,Dartmouth 2.5 SSW,41.534589,-71.021972,2026-04-16,0.02
MA-BR-14,Dartmouth 2.5 SSW,41.534589,-71.021972,2026-04-17,0.01
MA-BR-14,Dartmouth 2.5 SSW,41.534589,-71.021972,2026-04-18,0.01
MA-BR-14,Dartmouth 2.5 SSW,41.534589,-71.021972,2026-04-19,0.01
MA-BR-14,Dartmouth 2.5 SSW,41.534589,-71.021972,2026-04-20,0.08
MA-BR-14,Dartmouth 2.5 SSW,41.534589,-71.021972,2026-04-21,0.09
MA-BR-14,Dartmouth 2.5 SSW,41.534589,-71.021972,2026-04-22,0.0
MA-BR-14,Dartmouth 2.5 SSW,41.534589,-71.021972,2026-04-23,0.0
MA-BR-14,Dartmouth 2.5 SSW,41.534589,-71.021972,2026-04-24,0.0
MA-BR-14,Dartmouth 2.5 SSW,41.534589,-71.021972,2026-04-25,0.0
MA-BR-14,Dartmouth 2.5 SSW,41.534589,-71.021972,2026-04-26,0.02
MA-BR-14,Dartmouth 2.5 SSW,41.534589,-71.021972,2026-04-27,0.0
MA-BR-14,Dartmouth 2.5 SSW,41.534589,-71.021972,2026-04-28,0.0
MA-BR-14,Dartmouth 2.5 SSW,41.534589,-71.021972,2026-04-29,0.0
MA-BR-14,Dartmouth 2.5 SSW,41.534589,-71.021972,2026-04-30,0.04
MA-BR-14,Dartmouth 2.5 SSW,41.534589,-71.021972,2026-05-01,0.13
MA-BR-14,Dartmouth 2.5 SSW,41.534589,-71.021972,2026-05-02,0.0
MA-BR-14,Dartmouth 2.5 SSW,41.534589,-71.021972,2026-05-03,0.2
MA-BR-14,Dartmouth 2.5 SSW,41.534589,-71.021972,2026-05-04,0.0
MA-BR-14,Dartmouth 2.5 SSW,41.534589,-71.021972,2026-05-05,0.0
MA-BR-14,Dartmouth 2.5 SSW,41.534589,-71.021972,2026-05-06,0.0
MA-BR-14,Dartmouth 2.5 SSW,41.534589,-71.021972,2026-05-07,0.49
MA-BR-14,Dartmouth 2.5 SSW,41.534589,-71.021972,2026-05-08,0.06
MA-BR-14,Dartmouth 2.5 SSW,41.534589,-71.021972,2026-05-09,0.08
MA-BR-14,Dartmouth 2.5 SSW,41.534589,-71.021972,2026-05-10,0.2
MA-BR-14,Dartmouth 2.5 SSW,41.534589,-71.021972,2026-05-11,0.2
MA-BR-14,Dartmouth 2.5 SSW,41.534589,-71.021972,2026-05-12,0.0
MA-BR-14,Dartmouth 2.5 SSW,41.534589,-71.021972,2026-05-13,0.0
MA-BR-14,Dartmouth 2.5 SSW,41.534589,-71.021972,2026-05-14,0.0
MA-BR-14,Dartmouth 2.5 SSW,41.534589,-71.021972,2026-05-15,0.19
MA-BR-14,Dartmouth 2.5 SSW,41.534589,-71.021972,2026-05-16,0.01
MA-BR-14,Dartmouth 2.5 SSW,41.534589,-71.021972,2026-05-17,0.0
MA-BR-14,Dartmouth 2.5 SSW,41.534589,-71.021972,2026-05-18,0.0
MA-BR-14,Dartmouth 2.5 SSW,41.534589,-71.021972,2026-05-19,0.0
MA-BR-14,Dartmouth 2.5 SSW,41.534589,-71.021972,2026-05-20,0.0
MA-BR-14,Dartmouth 2.5 SSW,41.534589,-71.021972,2026-05-21,0.16
MA-BR-14,Dartmouth 2.5 SSW,41.534589,-71.021972,2026-05-22,0.02
MA-BR-14,Dartmouth 2.5 SSW,41.534589,-71.021972,2026-05-23,0.0
MA-BR-14,Dartmouth 2.5 SSW,41.534589,-71.021972,2026-05-24,0.14
MA-BR-14,Dartmouth 2.5 SSW,41.534589,-71.021972,2026-05-25,1.34
MA-BR-14,Dartmouth 2.5 SSW,41.534589,-71.021972,2026-05-26,0.09
MA-BR-14,Dartmouth 2.5 SSW,41.534589,-71.021972,2026-05-27,0.0
MA-BR-14,Dartmouth 2.5 SSW,41.534589,-71.021972,2026-05-28,0.0
MA-BR-14,Dartmouth 2.5 SSW,41.534589,-71.021972,2026-05-29,0.4
MA-BR-14,Dartmouth 2.5 SSW,41.534589,-71.021972,2026-05-30,0.07
MA-BR-14,Dartmouth 2.5 SSW,41.534589,-71.021972,2026-05-31,0.09
MA-BR-14,Dartmouth 2.5 SSW,41.534589,-71.021972,2026-06-01,0.14
MA-BR-14,Dartmouth 2.5 SSW,41.534589,-71.021972,2026-06-02,0.0
MA-BR-14,Dartmouth 2.5 SSW,41.534589,-71.021972,2026-06-03,0.0
MA-BR-14,Dartmouth 2.5 SSW,41.534589,-71.021972,2026-06-04,0.0
MA-BR-14,Dartmouth 2.5 SSW,41.534589,-71.021972,2026-06-05,0.0
MA-BR-14,Dartmouth 2.5 SSW,41.534589,-71.021972,2026-06-06,0.0
MA-BR-14,Dartmouth 2.5 SSW,41.534589,-71.021972,2026-06-07,0.02
MA-BR-14,Dartmouth 2.5 SSW,41.534589,-71.021972,2026-06-08,0.06
MA-BR-14,Dartmouth 2.5 SSW,41.534589,-71.021972,2026-06-09,0.0
MA-BR-14,Dartmouth 2.5 SSW,41.534589,-71.021972,2026-06-10,0.0
MA-BR-14,Dartmouth 2.5 SSW,41.534589,-71.021972,2026-06-11,0.05
MA-BR-14,Dartmouth 2.5 SSW,41.534589,-71.021972,2026-06-12,0.0
MA-BR-14,Dartmouth 2.5 SSW,41.534589,-71.021972,2026-06-13,0.0
MA-BR-14,Dartmouth 2.5 SSW,41.534589,-71.021972,2026-06-14,0.0
MA-BR-14,Dartmouth 2.5 SSW,41.534589,-71.021972,2026-06-15,0.08
MA-BR-14,Dartmouth 2.5 SSW,41.534589,-71.021972,2026-06-16,0.0
MA-BR-14,Dartmouth 2.5 SSW,41.534589,-71.021972,2026-06-17,0.0
MA-BR-14,Dartmouth 2.5 SSW,41.534589,-71.021972,2026-06-18,0.0
MA-BR-14,Dartmouth 2.5 SSW,41.534589,-71.021972,2026-06-19,0.0
MA-BR-14,Dartmouth 2.5 SSW,41.534589,-71.021972,2026-06-20,0.0
MA-BR-14,Dartmouth 2.5 SSW,41.534589,-71.021972,2026-06-21,0.0
MA-BR-14,Dartmouth 2.5 SSW,41.534589,-71.021972,2026-06-22,0.0
MA-BR-14,Dartmouth 2.5 SSW,41.534589,-71.021972,2026-06-23,1.22
MA-BR-14,Dartmouth 2.5 SSW,41.534589,-71.021972,2026-06-24,0.17
MA-BR-14,Dartmouth 2.5 SSW,41.534589,-71.021972,2026-06-25,0.0
MA-BR-14,Dartmouth 2.5 SSW,41.534589,-71.021972,2026-06-26,0.0
MA-BR-14,Dartmouth 2.5 SSW,41.534589,-71.021972,2026-06-27,0.02
MA-BR-14,Dartmouth 2.5 SSW,41.534589,-71.021972,2026-06-28,0.01
MA-BR-14,Dartmouth 2.5 SSW,41.534589,-71.021972,2026-06-29,0.0
MA-BR-14,Dartmouth 2.5 SSW,41.534589,-71.021972,2026-06-30,0.01
MA-BR-14,Dartmouth 2.5 SSW,41.534589,-71.021972,2026-07-01,0.0
MA-BR-14,Dartmouth 2.5 SSW,41.534589,-71.021972,2026-07-02,0.0
MA-BR-14,Dartmouth 2.5 SSW,41.534589,-71.021972,2026-07-03,0.0
MA-BR-14,Dartmouth 2.5 SSW,41.534589,-71.021972,2026-07-04,0.0
MA-BR-14,Dartmouth 2.5 SSW,41.534589,-71.021972,2026-07-05,0.6
MA-BR-14,Dartmouth 2.5 SSW,41.534589,-71.021972,2026-07-06,0.24
MA-BR-14,Dartmouth 2.5 SSW,41.534589,-71.021972,2026-07-07,0.44
MA-BR-14,Dartmouth 2.5 SSW,41.534589,-71.021972,2026-07-08,2.18
MA-BR-14,Dartmouth 2.5 SSW,41.534589,-71.021972,2026-07-09,0.0
MA-BR-14,Dartmouth 2.5 SSW,41.534589,-71.021972,2026-07-10,0.0
MA-BR-14,Dartmouth 2.5 SSW,41.534589,-71.021972,2026-07-11,0.05
MA-BR-14,Dartmouth 2.5 SSW,41.534589,-71.021972,2026-07-12,0.0
MA-BR-14,Dartmouth 2.5 SSW,41.534589,-71.021972,2026-07-13,0.0
MA-BR-14,Dartmouth 2.5 SSW,41.534589,-71.021972,2026-07-14,0.0
MA-BR-14,Dartmouth 2.5 SSW,41.534589,-71.021972,2026-07-15,0.0
MA-BR-14,Dartmouth 2.5 SSW,41.534589,-71.021972,2026-07-16,0.0
MA-BR-14,Dartmouth 2.5 SSW,41.534589,-71.021972,2026-07-17,0.0
MA-BR-14,Dartmouth 2.5 SSW,41.534589,-71.021972,2026-07-18,0.0
MA-BR-14,Dartmouth 2.5 SSW,41.534589,-71.021972,2026-07-19,1.76
MA-BR-14,Dartmouth 2.5 SSW,41.534589,-71.021972,2026-07-20,0.0
MA-BR-14,Dartmouth 2.5 SSW,41.534589,-71.021972,2026-07-21,0.0
MA-BR-14,Dartmouth 2.5 SSW,41.534589,-71.021972,2026-07-22,1.4
MA-BR-14,Dartmouth 2.5 SSW,41.534589,-71.021972,2026-07-23,0.0
MA-BR-14,Dartmouth 2.5 SSW,41.534589,-71.021972,2026-07-24,0.0
MA-BR-14,Dartmouth 2.5 SSW,41.534589,-71.021972,2026-07-25,0.0
MA-BR-14,Dartmouth 2.5 SSW,41.534589,-71.021972,2026-07-26,0.0
MA-BR-14,Dartmouth 2.5 SSW,41.534589,-71.021972,2026-07-27,0.0
MA-BR-14,Dartmouth 2.5 SSW,41.534589,-71.021972,2026-07-28,0.0
MA-BR-14,Dartmouth 2.5 SSW,41.534589,-71.021972,2026-07-29,0.0
MA-BR-14,Dartmouth 2.5 SSW,41.534589,-71.021972,2026-07-30,0.44
MA-BR-14,Dartmouth 2.5 SSW,41.534589,-71.021972,2026-07-31,0.2
MA-BR-14,Dartmouth 2.5 SSW,41.534589,-71.021972,2026-08-01,0.0
MA-BR-14,Dartmouth 2.5 SSW,41.534589,-71.021972,2026-08-02,0.0
MA-BR-14,Dartmouth 2.5 SSW,41.534589,-71.021972,2026-08-03,0.1
MA-BR-18,Fairhaven 2.2 ESE,41.6219,-70.8667,2025-01-02,0.15
MA-BR-18,Fairhaven 2.2 ESE,41.6219,-70.8667,2025-01-03,0.0
MA-BR-18,Fairhaven 2.2 ESE,41.6219,-70.8667,2025-01-08,0.0
MA-BR-18,Fairhaven 2.2 ESE,41.6219,-70.8667,2025-01-09,0.0
MA-BR-18,Fairhaven 2.2 ESE,41.6219,-70.8667,2025-01-10,0.0
MA-BR-18,Fairhaven 2.2 ESE,41.6219,-70.8667,2025-01-11,0.02
MA-BR-18,Fairhaven 2.2 ESE,41.6219,-70.8667,2025-01-12,0.03
MA-BR-18,Fairhaven 2.2 ESE,41.6219,-70.8667,2025-01-13,0.0
MA-BR-18,Fairhaven 2.2 ESE,41.6219,-70.8667,2025-01-14,0.0
MA-BR-18,Fairhaven 2.2 ESE,41.6219,-70.8667,2025-01-15,0.0
MA-BR-18,Fairhaven 2.2 ESE,41.6219,-70.8667,2025-01-16,0.0
MA-BR-18,Fairhaven 2.2 ESE,41.6219,-70.8667,2025-01-20,0.45
MA-BR-18,Fairhaven 2.2 ESE,41.6219,-70.8667,2025-01-21,0.0
MA-BR-18,Fairhaven 2.2 ESE,41.6219,-70.8667,2025-01-26,0.0
MA-BR-18,Fairhaven 2.2 ESE,41.6219,-70.8667,2025-01-27,0.0
MA-BR-18,Fairhaven 2.2 ESE,41.6219,-70.8667,2025-01-28,0.0
MA-BR-18,Fairhaven 2.2 ESE,41.6219,-70.8667,2025-01-29,0.0
MA-BR-18,Fairhaven 2.2 ESE,41.6219,-70.8667,2025-01-30,0.0
MA-BR-18,Fairhaven 2.2 ESE,41.6219,-70.8667,2025-01-31,0.0
MA-BR-18,Fairhaven 2.2 ESE,41.6219,-70.8667,2025-02-01,0.68
MA-BR-18,Fairhaven 2.2 ESE,41.6219,-70.8667,2025-02-02,0.03
MA-BR-18,Fairhaven 2.2 ESE,41.6219,-70.8667,2025-02-03,0.23
MA-BR-18,Fairhaven 2.2 ESE,41.6219,-70.8667,2025-02-04,0.0
MA-BR-18,Fairhaven 2.2 ESE,41.6219,-70.8667,2025-02-05,0.0
MA-BR-18,Fairhaven 2.2 ESE,41.6219,-70.8667,2025-02-06,0.0
MA-BR-18,Fairhaven 2.2 ESE,41.6219,-70.8667,2025-02-07,0.25
MA-BR-18,Fairhaven 2.2 ESE,41.6219,-70.8667,2025-02-08,0.0
MA-BR-18,Fairhaven 2.2 ESE,41.6219,-70.8667,2025-02-09,0.45
MA-BR-18,Fairhaven 2.2 ESE,41.6219,-70.8667,2025-02-10,0.0
MA-BR-18,Fairhaven 2.2 ESE,41.6219,-70.8667,2025-02-12,0.02
MA-BR-18,Fairhaven 2.2 ESE,41.6219,-70.8667,2025-02-13,0.14
MA-BR-18,Fairhaven 2.2 ESE,41.6219,-70.8667,2025-02-14,0.1
MA-BR-18,Fairhaven 2.2 ESE,41.6219,-70.8667,2025-02-15,0.0
MA-BR-18,Fairhaven 2.2 ESE,41.6219,-70.8667,2025-02-19,0.0
MA-BR-18,Fairhaven 2.2 ESE,41.6219,-70.8667,2025-02-20,0.0
MA-BR-18,Fairhaven 2.2 ESE,41.6219,-70.8667,2025-02-21,0.0
MA-BR-18,Fairhaven 2.2 ESE,41.6219,-70.8667,2025-02-22,0.0
MA-BR-18,Fairhaven 2.2 ESE,41.6219,-70.8667,2025-02-23,0.0
MA-BR-18,Fairhaven 2.2 ESE,41.6219,-70.8667,2025-02-24,0.0
MA-BR-18,Fairhaven 2.2 ESE,41.6219,-70.8667,2025-02-25,0.0
MA-BR-18,Fairhaven 2.2 ESE,41.6219,-70.8667,2025-02-26,0.0
MA-BR-18,Fairhaven 2.2 ESE,41.6219,-70.8667,2025-02-27,0.02
MA-BR-18,Fairhaven 2.2 ESE,41.6219,-70.8667,2025-02-28,0.05
MA-BR-18,Fairhaven 2.2 ESE,41.6219,-70.8667,2025-03-05,0.0
MA-BR-18,Fairhaven 2.2 ESE,41.6219,-70.8667,2025-03-06,0.33
MA-BR-18,Fairhaven 2.2 ESE,41.6219,-70.8667,2025-03-07,0.07
MA-BR-18,Fairhaven 2.2 ESE,41.6219,-70.8667,2025-03-10,0.0
MA-BR-18,Fairhaven 2.2 ESE,41.6219,-70.8667,2025-03-11,0.0
MA-BR-18,Fairhaven 2.2 ESE,41.6219,-70.8667,2025-03-12,0.0
MA-BR-18,Fairhaven 2.2 ESE,41.6219,-70.8667,2025-03-13,0.0
MA-BR-18,Fairhaven 2.2 ESE,41.6219,-70.8667,2025-03-14,0.0
MA-BR-18,Fairhaven 2.2 ESE,41.6219,-70.8667,2025-03-15,0.01
MA-BR-18,Fairhaven 2.2 ESE,41.6219,-70.8667,2025-03-16,0.0
MA-BR-18,Fairhaven 2.2 ESE,41.6219,-70.8667,2025-03-17,0.86
MA-BR-18,Fairhaven 2.2 ESE,41.6219,-70.8667,2025-03-18,1.36
MA-BR-18,Fairhaven 2.2 ESE,41.6219,-70.8667,2025-03-19,0.0
MA-BR-18,Fairhaven 2.2 ESE,41.6219,-70.8667,2025-03-20,0.01
MA-BR-18,Fairhaven 2.2 ESE,41.6219,-70.8667,2025-03-21,0.35
MA-BR-18,Fairhaven 2.2 ESE,41.6219,-70.8667,2025-03-22,0.02
MA-BR-18,Fairhaven 2.2 ESE,41.6219,-70.8667,2025-03-30,0.08
MA-BR-18,Fairhaven 2.2 ESE,41.6219,-70.8667,2025-03-31,0.0
MA-BR-18,Fairhaven 2.2 ESE,41.6219,-70.8667,2025-04-01,0.35
MA-BR-18,Fairhaven 2.2 ESE,41.6219,-70.8667,2025-04-02,0.0
MA-BR-18,Fairhaven 2.2 ESE,41.6219,-70.8667,2025-04-03,0.22
MA-BR-18,Fairhaven 2.2 ESE,41.6219,-70.8667,2025-04-04,0.24
MA-BR-18,Fairhaven 2.2 ESE,41.6219,-70.8667,2025-04-05,0.0
MA-BR-18,Fairhaven 2.2 ESE,41.6219,-70.8667,2025-04-06,0.71
MA-BR-18,Fairhaven 2.2 ESE,41.6219,-70.8667,2025-04-07,0.02
MA-BR-18,Fairhaven 2.2 ESE,41.6219,-70.8667,2025-04-10,0.0
MA-BR-18,Fairhaven 2.2 ESE,41.6219,-70.8667,2025-04-11,0.04
MA-BR-18,Fairhaven 2.2 ESE,41.6219,-70.8667,2025-04-12,0.39
MA-BR-18,Fairhaven 2.2 ESE,41.6219,-70.8667,2025-04-13,0.14
MA-BR-18,Fairhaven 2.2 ESE,41.6219,-70.8667,2025-04-14,0.49
MA-BR-18,Fairhaven 2.2 ESE,41.6219,-70.8667,2025-04-15,0.16
MA-BR-18,Fairhaven 2.2 ESE,41.6219,-70.8667,2025-04-16,0.04
MA-BR-18,Fairhaven 2.2 ESE,41.6219,-70.8667,2025-04-17,0.0
MA-BR-18,Fairhaven 2.2 ESE,41.6219,-70.8667,2025-04-18,0.0
MA-BR-18,Fairhaven 2.2 ESE,41.6219,-70.8667,2025-04-19,0.0
MA-BR-18,Fairhaven 2.2 ESE,41.6219,-70.8667,2025-04-20,0.0
MA-BR-18,Fairhaven 2.2 ESE,41.6219,-70.8667,2025-04-21,0.0
MA-BR-18,Fairhaven 2.2 ESE,41.6219,-70.8667,2025-04-22,0.12
MA-BR-18,Fairhaven 2.2 ESE,41.6219,-70.8667,2025-04-23,0.0
MA-BR-18,Fairhaven 2.2 ESE,41.6219,-70.8667,2025-04-24,0.0
MA-BR-18,Fairhaven 2.2 ESE,41.6219,-70.8667,2025-04-25,0.0
MA-BR-18,Fairhaven 2.2 ESE,41.6219,-70.8667,2025-04-26,0.0
MA-BR-18,Fairhaven 2.2 ESE,41.6219,-70.8667,2025-04-27,0.95
MA-BR-18,Fairhaven 2.2 ESE,41.6219,-70.8667,2025-04-28,0.0
MA-BR-18,Fairhaven 2.2 ESE,41.6219,-70.8667,2025-04-29,0.0
MA-BR-18,Fairhaven 2.2 ESE,41.6219,-70.8667,2025-04-30,0.0
MA-BR-18,Fairhaven 2.2 ESE,41.6219,-70.8667,2025-05-01,0.0
MA-BR-18,Fairhaven 2.2 ESE,41.6219,-70.8667,2025-05-02,0.49
MA-BR-18,Fairhaven 2.2 ESE,41.6219,-70.8667,2025-05-03,0.0
MA-BR-18,Fairhaven 2.2 ESE,41.6219,-70.8667,2025-05-04,0.0
MA-BR-18,Fairhaven 2.2 ESE,41.6219,-70.8667,2025-05-05,0.09
MA-BR-18,Fairhaven 2.2 ESE,41.6219,-70.8667,2025-05-06,0.0
MA-BR-18,Fairhaven 2.2 ESE,41.6219,-70.8667,2025-05-07,0.55
MA-BR-18,Fairhaven 2.2 ESE,41.6219,-70.8667,2025-05-08,0.0
MA-BR-18,Fairhaven 2.2 ESE,41.6219,-70.8667,2025-05-09,0.0
MA-BR-18,Fairhaven 2.2 ESE,41.6219,-70.8667,2025-05-10,1.78
MA-BR-18,Fairhaven 2.2 ESE,41.6219,-70.8667,2025-05-11,0.0
MA-BR-18,Fairhaven 2.2 ESE,41.6219,-70.8667,2025-05-12,0.0
MA-BR-18,Fairhaven 2.2 ESE,41.6219,-70.8667,2025-05-13,0.0
MA-BR-18,Fairhaven 2.2 ESE,41.6219,-70.8667,2025-05-14,0.0
MA-BR-18,Fairhaven 2.2 ESE,41.6219,-70.8667,2025-05-15,0.31
MA-BR-18,Fairhaven 2.2 ESE,41.6219,-70.8667,2025-05-16,0.03
MA-BR-18,Fairhaven 2.2 ESE,41.6219,-70.8667,2025-05-17,0.0
MA-BR-18,Fairhaven 2.2 ESE,41.6219,-70.8667,2025-05-18,0.0
MA-BR-18,Fairhaven 2.2 ESE,41.6219,-70.8667,2025-05-19,0.0
MA-BR-18,Fairhaven 2.2 ESE,41.6219,-70.8667,2025-05-24,0.0
MA-BR-18,Fairhaven 2.2 ESE,41.6219,-70.8667,2025-05-25,0.03
MA-BR-18,Fairhaven 2.2 ESE,41.6219,-70.8667,2025-05-26,0.0
MA-BR-18,Fairhaven 2.2 ESE,41.6219,-70.8667,2025-05-27,0.0
MA-BR-18,Fairhaven 2.2 ESE,41.6219,-70.8667,2025-05-28,0.0
MA-BR-18,Fairhaven 2.2 ESE,41.6219,-70.8667,2025-05-29,0.17
MA-BR-18,Fairhaven 2.2 ESE,41.6219,-70.8667,2025-05-30,0.05
MA-BR-18,Fairhaven 2.2 ESE,41.6219,-70.8667,2025-05-31,0.28
MA-BR-18,Fairhaven 2.2 ESE,41.6219,-70.8667,2025-06-01,0.0
MA-BR-18,Fairhaven 2.2 ESE,41.6219,-70.8667,2025-06-02,0.0
MA-BR-18,Fairhaven 2.2 ESE,41.6219,-70.8667,2025-06-03,0.0
MA-BR-18,Fairhaven 2.2 ESE,41.6219,-70.8667,2025-06-04,0.0
MA-BR-18,Fairhaven 2.2 ESE,41.6219,-70.8667,2025-06-05,0.0
MA-BR-18,Fairhaven 2.2 ESE,41.6219,-70.8667,2025-06-06,0.01
MA-BR-18,Fairhaven 2.2 ESE,41.6219,-70.8667,2025-06-07,0.0
MA-BR-18,Fairhaven 2.2 ESE,41.6219,-70.8667,2025-06-08,0.31
MA-BR-18,Fairhaven 2.2 ESE,41.6219,-70.8667,2025-06-09,0.0
MA-BR-18,Fairhaven 2.2 ESE,41.6219,-70.8667,2025-06-10,0.05
MA-BR-18,Fairhaven 2.2 ESE,41.6219,-70.8667,2025-06-11,0.52
MA-BR-18,Fairhaven 2.2 ESE,41.6219,-70.8667,2025-06-12,0.0
MA-BR-18,Fairhaven 2.2 ESE,41.6219,-70.8667,2025-06-13,0.0
MA-BR-18,Fairhaven 2.2 ESE,41.6219,-70.8667,2025-06-14,0.0
MA-BR-18,Fairhaven 2.2 ESE,41.6219,-70.8667,2025-06-15,0.08
MA-BR-18,Fairhaven 2.2 ESE,41.6219,-70.8667,2025-06-16,0.0
MA-BR-18,Fairhaven 2.2 ESE,41.6219,-70.8667,2025-06-17,0.0
MA-BR-18,Fairhaven 2.2 ESE,41.6219,-70.8667,2025-06-27,0.0
MA-BR-18,Fairhaven 2.2 ESE,41.6219,-70.8667,2025-06-28,0.0
MA-BR-18,Fairhaven 2.2 ESE,41.6219,-70.8667,2025-06-29,0.02
MA-BR-18,Fairhaven 2.2 ESE,41.6219,-70.8667,2025-06-30,0.0
MA-BR-18,Fairhaven 2.2 ESE,41.6219,-70.8667,2025-07-01,0.01
MA-BR-18,Fairhaven 2.2 ESE,41.6219,-70.8667,2025-07-02,0.04
MA-BR-18,Fairhaven 2.2 ESE,41.6219,-70.8667,2025-07-03,0.0
MA-BR-18,Fairhaven 2.2 ESE,41.6219,-70.8667,2025-07-04,0.31
MA-BR-18,Fairhaven 2.2 ESE,41.6219,-70.8667,2025-07-05,0.0
MA-BR-18,Fairhaven 2.2 ESE,41.6219,-70.8667,2025-07-06,0.0
MA-BR-18,Fairhaven 2.2 ESE,41.6219,-70.8667,2025-07-07,0.0
MA-BR-18,Fairhaven 2.2 ESE,41.6219,-70.8667,2025-07-08,0.43
MA-BR-18,Fairhaven 2.2 ESE,41.6219,-70.8667,2025-07-09,0.71
MA-BR-18,Fairhaven 2.2 ESE,41.6219,-70.8667,2025-07-10,0.21
MA-BR-18,Fairhaven 2.2 ESE,41.6219,-70.8667,2025-07-11,0.19
MA-BR-18,Fairhaven 2.2 ESE,41.6219,-70.8667,2025-07-12,0.0
MA-BR-18,Fairhaven 2.2 ESE,41.6219,-70.8667,2025-07-13,0.0
MA-BR-18,Fairhaven 2.2 ESE,41.6219,-70.8667,2025-07-14,0.0
MA-BR-18,Fairhaven 2.2 ESE,41.6219,-70.8667,2025-07-25,0.0
MA-BR-18,Fairhaven 2.2 ESE,41.6219,-70.8667,2025-07-28,0.0
MA-BR-18,Fairhaven 2.2 ESE,41.6219,-70.8667,2025-07-30,0.0
MA-BR-18,Fairhaven 2.2 ESE,41.6219,-70.8667,2025-07-31,0.0
MA-BR-18,Fairhaven 2.2 ESE,41.6219,-70.8667,2025-08-01,0.36
MA-BR-18,Fairhaven 2.2 ESE,41.6219,-70.8667,2025-08-02,0.0
MA-BR-18,Fairhaven 2.2 ESE,41.6219,-70.8667,2025-08-03,0.0
MA-BR-18,Fairhaven 2.2 ESE,41.6219,-70.8667,2025-08-04,0.0
MA-BR-18,Fairhaven 2.2 ESE,41.6219,-70.8667,2025-08-05,0.0
MA-BR-18,Fairhaven 2.2 ESE,41.6219,-70.8667,2025-08-06,0.0
MA-BR-18,Fairhaven 2.2 ESE,41.6219,-70.8667,2025-08-07,0.0
MA-BR-18,Fairhaven 2.2 ESE,41.6219,-70.8667,2025-08-08,0.0
MA-BR-18,Fairhaven 2.2 ESE,41.6219,-70.8667,2025-08-09,0.0
MA-BR-18,Fairhaven 2.2 ESE,41.6219,-70.8667,2025-08-14,0.0
MA-BR-18,Fairhaven 2.2 ESE,41.6219,-70.8667,2025-08-15,0.0
MA-BR-18,Fairhaven 2.2 ESE,41.6219,-70.8667,2025-08-16,0.0
MA-BR-18,Fairhaven 2.2 ESE,41.6219,-70.8667,2025-08-17,0.0
MA-BR-18,Fairhaven 2.2 ESE,41.6219,-70.8667,2025-08-18,0.0
MA-BR-18,Fairhaven 2.2 ESE,41.6219,-70.8667,2025-08-19,0.0
MA-BR-18,Fairhaven 2.2 ESE,41.6219,-70.8667,2025-08-20,0.0
MA-BR-18,Fairhaven 2.2 ESE,41.6219,-70.8667,2025-08-21,1.09
MA-BR-18,Fairhaven 2.2 ESE,41.6219,-70.8667,2025-08-22,0.0
MA-BR-18,Fairhaven 2.2 ESE,41.6219,-70.8667,2025-08-23,0.0
MA-BR-18,Fairhaven 2.2 ESE,41.6219,-70.8667,2025-08-24,0.0
MA-BR-18,Fairhaven 2.2 ESE,41.6219,-70.8667,2025-08-25,0.01
MA-BR-18,Fairhaven 2.2 ESE,41.6219,-70.8667,2025-08-28,0.0
MA-BR-18,Fairhaven 2.2 ESE,41.6219,-70.8667,2025-08-29,0.0
MA-BR-18,Fairhaven 2.2 ESE,41.6219,-70.8667,2025-08-30,0.72
MA-BR-18,Fairhaven 2.2 ESE,41.6219,-70.8667,2025-08-31,0.0
MA-BR-18,Fairhaven 2.2 ESE,41.6219,-70.8667,2025-09-01,0.0
MA-BR-18,Fairhaven 2.2 ESE,41.6219,-70.8667,2025-09-02,0.0
MA-BR-18,Fairhaven 2.2 ESE,41.6219,-70.8667,2025-09-03,0.0
MA-BR-18,Fairhaven 2.2 ESE,41.6219,-70.8667,2025-09-04,0.0
MA-BR-18,Fairhaven 2.2 ESE,41.6219,-70.8667,2025-09-09,0.0
MA-BR-18,Fairhaven 2.2 ESE,41.6219,-70.8667,2025-09-15,0.31
MA-BR-18,Fairhaven 2.2 ESE,41.6219,-70.8667,2025-09-16,0.0
MA-BR-18,Fairhaven 2.2 ESE,41.6219,-70.8667,2025-09-17,0.0
MA-BR-18,Fairhaven 2.2 ESE,41.6219,-70.8667,2025-09-18,0.28
MA-BR-18,Fairhaven 2.2 ESE,41.6219,-70.8667,2025-09-19,0.01
MA-BR-18,Fairhaven 2.2 ESE,41.6219,-70.8667,2025-09-20,0.0
MA-BR-18,Fairhaven 2.2 ESE,41.6219,-70.8667,2025-09-21,0.0
MA-BR-18,Fairhaven 2.2 ESE,41.6219,-70.8667,2025-09-22,0.0
MA-BR-18,Fairhaven 2.2 ESE,41.6219,-70.8667,2025-09-23,0.0
MA-BR-18,Fairhaven 2.2 ESE,41.6219,-70.8667,2025-09-24,0.0
MA-BR-18,Fairhaven 2.2 ESE,41.6219,-70.8667,2025-09-25,0.85
MA-BR-18,Fairhaven 2.2 ESE,41.6219,-70.8667,2025-09-26,1.82
MA-BR-18,Fairhaven 2.2 ESE,41.6219,-70.8667,2025-09-27,0.0
MA-BR-18,Fairhaven 2.2 ESE,41.6219,-70.8667,2025-09-28,0.05
MA-BR-18,Fairhaven 2.2 ESE,41.6219,-70.8667,2025-09-29,0.0
MA-BR-18,Fairhaven 2.2 ESE,41.6219,-70.8667,2025-09-30,0.0
MA-BR-18,Fairhaven 2.2 ESE,41.6219,-70.8667,2025-10-01,0.0
MA-BR-18,Fairhaven 2.2 ESE,41.6219,-70.8667,2025-10-02,0.0
MA-BR-18,Fairhaven 2.2 ESE,41.6219,-70.8667,2025-10-03,0.0
MA-BR-18,Fairhaven 2.2 ESE,41.6219,-70.8667,2025-10-04,0.0
MA-BR-18,Fairhaven 2.2 ESE,41.6219,-70.8667,2025-10-05,0.0
MA-BR-18,Fairhaven 2.2 ESE,41.6219,-70.8667,2025-10-06,0.0
MA-BR-18,Fairhaven 2.2 ESE,41.6219,-70.8667,2025-10-07,0.0
MA-BR-18,Fairhaven 2.2 ESE,41.6219,-70.8667,2025-10-08,0.0
MA-BR-18,Fairhaven 2.2 ESE,41.6219,-70.8667,2025-10-09,0.88
MA-BR-18,Fairhaven 2.2 ESE,41.6219,-70.8667,2025-10-10,0.0
MA-BR-18,Fairhaven 2.2 ESE,41.6219,-70.8667,2025-10-14,0.96
MA-BR-18,Fairhaven 2.2 ESE,41.6219,-70.8667,2025-10-15,0.06
MA-BR-18,Fairhaven 2.2 ESE,41.6219,-70.8667,2025-10-16,0.0
MA-BR-18,Fairhaven 2.2 ESE,41.6219,-70.8667,2025-10-21,0.8
MA-BR-18,Fairhaven 2.2 ESE,41.6219,-70.8667,2025-10-22,0.0
MA-BR-18,Fairhaven 2.2 ESE,41.6219,-70.8667,2025-10-23,0.04
MA-BR-18,Fairhaven 2.2 ESE,41.6219,-70.8667,2025-10-24,0.0
MA-BR-18,Fairhaven 2.2 ESE,41.6219,-70.8667,2025-10-25,0.0
MA-BR-18,Fairhaven 2.2 ESE,41.6219,-70.8667,2025-10-26,0.0
MA-BR-18,Fairhaven 2.2 ESE,41.6219,-70.8667,2025-10-27,0.0
MA-BR-18,Fairhaven 2.2 ESE,41.6219,-70.8667,2025-10-28,0.0
MA-BR-18,Fairhaven 2.2 ESE,41.6219,-70.8667,2025-10-29,0.0
MA-BR-18,Fairhaven 2.2 ESE,41.6219,-70.8667,2025-10-30,0.04
MA-BR-18,Fairhaven 2.2 ESE,41.6219,-70.8667,2025-10-31,1.6
MA-BR-18,Fairhaven 2.2 ESE,41.6219,-70.8667,2025-11-01,0.0
MA-BR-18,Fairhaven 2.2 ESE,41.6219,-70.8667,2025-11-02,0.0
MA-BR-18,Fairhaven 2.2 ESE,41.6219,-70.8667,2025-11-03,0.0
MA-BR-18,Fairhaven 2.2 ESE,41.6219,-70.8667,2025-11-04,0.19
MA-BR-18,Fairhaven 2.2 ESE,41.6219,-70.8667,2025-11-05,0.0
MA-BR-18,Fairhaven 2.2 ESE,41.6219,-70.8667,2025-11-06,0.0
MA-BR-18,Fairhaven 2.2 ESE,41.6219,-70.8667,2025-11-07,0.0
MA-BR-18,Fairhaven 2.2 ESE,41.6219,-70.8667,2025-11-08,0.02
MA-BR-18,Fairhaven 2.2 ESE,41.6219,-70.8667,2025-11-09,0.03
MA-BR-18,Fairhaven 2.2 ESE,41.6219,-70.8667,2025-11-10,2.11
MA-BR-18,Fairhaven 2.2 ESE,41.6219,-70.8667,2025-11-11,0.09
MA-BR-18,Fairhaven 2.2 ESE,41.6219,-70.8667,2025-11-12,0.0
MA-BR-18,Fairhaven 2.2 ESE,41.6219,-70.8667,2025-11-13,0.0
MA-BR-18,Fairhaven 2.2 ESE,41.6219,-70.8667,2025-11-14,0.0
MA-BR-18,Fairhaven 2.2 ESE,41.6219,-70.8667,2025-11-15,0.0
MA-BR-18,Fairhaven 2.2 ESE,41.6219,-70.8667,2025-11-16,0.93
MA-BR-18,Fairhaven 2.2 ESE,41.6219,-70.8667,2025-11-17,0.0
MA-BR-18,Fairhaven 2.2 ESE,41.6219,-70.8667,2025-11-18,0.0
MA-BR-18,Fairhaven 2.2 ESE,41.6219,-70.8667,2025-11-19,0.0
MA-BR-18,Fairhaven 2.2 ESE,41.6219,-70.8667,2025-11-20,0.0
MA-BR-18,Fairhaven 2.2 ESE,41.6219,-70.8667,2025-11-21,0.0
MA-BR-18,Fairhaven 2.2 ESE,41.6219,-70.8667,2025-11-22,0.03
MA-BR-18,Fairhaven 2.2 ESE,41.6219,-70.8667,2025-11-23,0.29
MA-BR-18,Fairhaven 2.2 ESE,41.6219,-70.8667,2025-11-24,0.0
MA-BR-18,Fairhaven 2.2 ESE,41.6219,-70.8667,2025-11-25,0.0
MA-BR-18,Fairhaven 2.2 ESE,41.6219,-70.8667,2025-11-26,0.26
MA-BR-18,Fairhaven 2.2 ESE,41.6219,-70.8667,2025-11-29,0.0
MA-BR-18,Fairhaven 2.2 ESE,41.6219,-70.8667,2025-11-30,0.0
MA-BR-18,Fairhaven 2.2 ESE,41.6219,-70.8667,2025-12-01,1.44
MA-BR-18,Fairhaven 2.2 ESE,41.6219,-70.8667,2025-12-02,0.0
MA-BR-18,Fairhaven 2.2 ESE,41.6219,-70.8667,2025-12-03,0.97
MA-BR-18,Fairhaven 2.2 ESE,41.6219,-70.8667,2025-12-04,0.0
MA-BR-18,Fairhaven 2.2 ESE,41.6219,-70.8667,2025-12-05,0.0
MA-BR-18,Fairhaven 2.2 ESE,41.6219,-70.8667,2025-12-06,0.0
MA-BR-18,Fairhaven 2.2 ESE,41.6219,-70.8667,2025-12-07,0.04
MA-BR-18,Fairhaven 2.2 ESE,41.6219,-70.8667,2025-12-08,0.0
MA-BR-18,Fairhaven 2.2 ESE,41.6219,-70.8667,2025-12-09,0.0
MA-BR-18,Fairhaven 2.2 ESE,41.6219,-70.8667,2025-12-10,0.0
MA-BR-18,Fairhaven 2.2 ESE,41.6219,-70.8667,2025-12-11,0.0
MA-BR-18,Fairhaven 2.2 ESE,41.6219,-70.8667,2025-12-12,0.0
MA-BR-18,Fairhaven 2.2 ESE,41.6219,-70.8667,2025-12-13,0.0
MA-BR-18,Fairhaven 2.2 ESE,41.6219,-70.8667,2025-12-14,0.11
MA-BR-18,Fairhaven 2.2 ESE,41.6219,-70.8667,2025-12-15,0.14
MA-BR-18,Fairhaven 2.2 ESE,41.6219,-70.8667,2025-12-16,0.0
MA-BR-18,Fairhaven 2.2 ESE,41.6219,-70.8667,2025-12-17,0.0
MA-BR-18,Fairhaven 2.2 ESE,41.6219,-70.8667,2025-12-18,0.0
MA-BR-18,Fairhaven 2.2 ESE,41.6219,-70.8667,2025-12-22,0.0
MA-BR-18,Fairhaven 2.2 ESE,41.6219,-70.8667,2025-12-23,0.0
MA-BR-18,Fairhaven 2.2 ESE,41.6219,-70.8667,2025-12-24,0.1
MA-BR-18,Fairhaven 2.2 ESE,41.6219,-70.8667,2025-12-25,0.0
MA-BR-18,Fairhaven 2.2 ESE,41.6219,-70.8667,2025-12-26,0.0
MA-BR-18,Fairhaven 2.2 ESE,41.6219,-70.8667,2025-12-27,0.29
MA-BR-18,Fairhaven 2.2 ESE,41.6219,-70.8667,2025-12-28,0.0
MA-BR-18,Fairhaven 2.2 ESE,41.6219,-70.8667,2026-01-07,0.05
MA-BR-18,Fairhaven 2.2 ESE,41.6219,-70.8667,2026-01-08,0.01
MA-BR-18,Fairhaven 2.2 ESE,41.6219,-70.8667,2026-01-09,0.0
MA-BR-18,Fairhaven 2.2 ESE,41.6219,-70.8667,2026-01-10,0.08
MA-BR-18,Fairhaven 2.2 ESE,41.6219,-70.8667,2026-01-11,0.72
MA-BR-18,Fairhaven 2.2 ESE,41.6219,-70.8667,2026-01-15,0.0
MA-BR-18,Fairhaven 2.2 ESE,41.6219,-70.8667,2026-01-16,0.0
MA-BR-18,Fairhaven 2.2 ESE,41.6219,-70.8667,2026-01-17,0.0
MA-BR-18,Fairhaven 2.2 ESE,41.6219,-70.8667,2026-01-18,0.0
MA-BR-18,Fairhaven 2.2 ESE,41.6219,-70.8667,2026-01-19,0.6
MA-BR-18,Fairhaven 2.2 ESE,41.6219,-70.8667,2026-01-20,0.01
MA-BR-18,Fairhaven 2.2 ESE,41.6219,-70.8667,2026-01-21,0.0
MA-BR-18,Fairhaven 2.2 ESE,41.6219,-70.8667,2026-01-22,0.0
MA-BR-18,Fairhaven 2.2 ESE,41.6219,-70.8667,2026-01-23,0.0
MA-BR-18,Fairhaven 2.2 ESE,41.6219,-70.8667,2026-01-24,0.0
MA-BR-18,Fairhaven 2.2 ESE,41.6219,-70.8667,2026-01-25,0.0
MA-BR-18,Fairhaven 2.2 ESE,41.6219,-70.8667,2026-01-26,1.4
MA-BR-18,Fairhaven 2.2 ESE,41.6219,-70.8667,2026-01-27,0.06
MA-BR-18,Fairhaven 2.2 ESE,41.6219,-70.8667,2026-01-28,0.0
MA-BR-18,Fairhaven 2.2 ESE,41.6219,-70.8667,2026-01-29,0.0
MA-BR-18,Fairhaven 2.2 ESE,41.6219,-70.8667,2026-01-30,0.0
MA-BR-18,Fairhaven 2.2 ESE,41.6219,-70.8667,2026-01-31,0.0
MA-BR-18,Fairhaven 2.2 ESE,41.6219,-70.8667,2026-02-01,0.0
MA-BR-18,Fairhaven 2.2 ESE,41.6219,-70.8667,2026-02-02,0.0
MA-BR-18,Fairhaven 2.2 ESE,41.6219,-70.8667,2026-02-03,0.0
MA-BR-18,Fairhaven 2.2 ESE,41.6219,-70.8667,2026-02-04,0.0
MA-BR-18,Fairhaven 2.2 ESE,41.6219,-70.8667,2026-02-05,0.0
MA-BR-18,Fairhaven 2.2 ESE,41.6219,-70.8667,2026-02-06,0.0
MA-BR-18,Fairhaven 2.2 ESE,41.6219,-70.8667,2026-02-07,0.06
MA-BR-18,Fairhaven 2.2 ESE,41.6219,-70.8667,2026-02-08,0.17
MA-BR-18,Fairhaven 2.2 ESE,41.6219,-70.8667,2026-02-10,0.0
MA-BR-18,Fairhaven 2.2 ESE,41.6219,-70.8667,2026-02-11,0.15
MA-BR-18,Fairhaven 2.2 ESE,41.6219,-70.8667,2026-02-17,0.0
MA-BR-18,Fairhaven 2.2 ESE,41.6219,-70.8667,2026-02-18,0.0
MA-BR-18,Fairhaven 2.2 ESE,41.6219,-70.8667,2026-02-19,0.2
MA-BR-18,Fairhaven 2.2 ESE,41.6219,-70.8667,2026-02-20,0.0
MA-BR-18,Fairhaven 2.2 ESE,41.6219,-70.8667,2026-02-21,0.53
MA-BR-18,Fairhaven 2.2 ESE,41.6219,-70.8667,2026-02-22,0.01
MA-BR-18,Fairhaven 2.2 ESE,41.6219,-70.8667,2026-02-23,1.55
MA-BR-18,Fairhaven 2.2 ESE,41.6219,-70.8667,2026-02-24,0.7
MA-BR-18,Fairhaven 2.2 ESE,41.6219,-70.8667,2026-02-25,0.0
MA-BR-18,Fairhaven 2.2 ESE,41.6219,-70.8667,2026-02-26,0.06
MA-BR-18,Fairhaven 2.2 ESE,41.6219,-70.8667,2026-02-27,0.0
MA-BR-18,Fairhaven 2.2 ESE,41.6219,-70.8667,2026-03-05,0.0
MA-BR-18,Fairhaven 2.2 ESE,41.6219,-70.8667,2026-03-06,0.94
MA-BR-18,Fairhaven 2.2 ESE,41.6219,-70.8667,2026-03-07,0.06
MA-BR-18,Fairhaven 2.2 ESE,41.6219,-70.8667,2026-03-08,0.02
MA-BR-18,Fairhaven 2.2 ESE,41.6219,-70.8667,2026-03-09,0.0
MA-BR-18,Fairhaven 2.2 ESE,41.6219,-70.8667,2026-03-10,0.0
MA-BR-18,Fairhaven 2.2 ESE,41.6219,-70.8667,2026-03-11,0.0
MA-BR-18,Fairhaven 2.2 ESE,41.6219,-70.8667,2026-03-12,0.05
MA-BR-18,Fairhaven 2.2 ESE,41.6219,-70.8667,2026-03-13,0.0
MA-BR-18,Fairhaven 2.2 ESE,41.6219,-70.8667,2026-03-17,1.24
MA-BR-18,Fairhaven 2.2 ESE,41.6219,-70.8667,2026-03-18,0.0
MA-BR-18,Fairhaven 2.2 ESE,41.6219,-70.8667,2026-03-21,0.24
MA-BR-18,Fairhaven 2.2 ESE,41.6219,-70.8667,2026-03-22,0.0
MA-BR-18,Fairhaven 2.2 ESE,41.6219,-70.8667,2026-03-25,0.0
MA-BR-18,Fairhaven 2.2 ESE,41.6219,-70.8667,2026-03-28,0.0
MA-BR-18,Fairhaven 2.2 ESE,41.6219,-70.8667,2026-03-29,0.0
MA-BR-18,Fairhaven 2.2 ESE,41.6219,-70.8667,2026-03-30,0.0
MA-BR-18,Fairhaven 2.2 ESE,41.6219,-70.8667,2026-03-31,0.0
MA-BR-18,Fairhaven 2.2 ESE,41.6219,-70.8667,2026-04-01,0.28
MA-BR-18,Fairhaven 2.2 ESE,41.6219,-70.8667,2026-04-04,0.02
MA-BR-18,Fairhaven 2.2 ESE,41.6219,-70.8667,2026-04-05,0.01
MA-BR-18,Fairhaven 2.2 ESE,41.6219,-70.8667,2026-04-06,
MA-BR-18,Fairhaven 2.2 ESE,41.6219,-70.8667,2026-04-07,0.0
MA-BR-18,Fairhaven 2.2 ESE,41.6219,-70.8667,2026-04-08,0.26
MA-BR-18,Fairhaven 2.2 ESE,41.6219,-70.8667,2026-04-09,0.0
MA-BR-18,Fairhaven 2.2 ESE,41.6219,-70.8667,2026-04-10,0.0
MA-BR-18,Fairhaven 2.2 ESE,41.6219,-70.8667,2026-04-11,0.0
MA-BR-18,Fairhaven 2.2 ESE,41.6219,-70.8667,2026-04-12,0.0
MA-BR-18,Fairhaven 2.2 ESE,41.6219,-70.8667,2026-04-13,0.0
MA-BR-18,Fairhaven 2.2 ESE,41.6219,-70.8667,2026-04-26,0.03
MA-BR-18,Fairhaven 2.2 ESE,41.6219,-70.8667,2026-04-27,0.0
MA-BR-18,Fairhaven 2.2 ESE,41.6219,-70.8667,2026-04-28,0.0
MA-BR-18,Fairhaven 2.2 ESE,41.6219,-70.8667,2026-04-29,0.0
MA-BR-18,Fairhaven 2.2 ESE,41.6219,-70.8667,2026-04-30,0.04
MA-BR-18,Fairhaven 2.2 ESE,41.6219,-70.8667,2026-05-01,0.09
MA-BR-18,Fairhaven 2.2 ESE,41.6219,-70.8667,2026-05-02,0.0
MA-BR-18,Fairhaven 2.2 ESE,41.6219,-70.8667,2026-05-03,0.3
MA-BR-18,Fairhaven 2.2 ESE,41.6219,-70.8667,2026-05-11,0.19
MA-BR-18,Fairhaven 2.2 ESE,41.6219,-70.8667,2026-05-12,0.0
MA-BR-18,Fairhaven 2.2 ESE,41.6219,-70.8667,2026-05-13,0.0
MA-BR-18,Fairhaven 2.2 ESE,41.6219,-70.8667,2026-05-19,0.0
MA-BR-18,Fairhaven 2.2 ESE,41.6219,-70.8667,2026-05-20,0.0
MA-BR-18,Fairhaven 2.2 ESE,41.6219,-70.8667,2026-05-21,0.06
MA-BR-18,Fairhaven 2.2 ESE,41.6219,-70.8667,2026-05-22,0.02
MA-BR-18,Fairhaven 2.2 ESE,41.6219,-70.8667,2026-05-23,0.0
MA-BR-18,Fairhaven 2.2 ESE,41.6219,-70.8667,2026-05-24,0.09
MA-BR-18,Fairhaven 2.2 ESE,41.6219,-70.8667,2026-05-25,0.89
MA-BR-18,Fairhaven 2.2 ESE,41.6219,-70.8667,2026-05-26,0.02
MA-BR-18,Fairhaven 2.2 ESE,41.6219,-70.8667,2026-05-27,0.0
MA-BR-18,Fairhaven 2.2 ESE,41.6219,-70.8667,2026-05-28,0.0
MA-BR-18,Fairhaven 2.2 ESE,41.6219,-70.8667,2026-05-29,0.21
MA-BR-18,Fairhaven 2.2 ESE,41.6219,-70.8667,2026-05-30,0.2
MA-BR-18,Fairhaven 2.2 ESE,41.6219,-70.8667,2026-05-31,0.14
MA-BR-18,Fairhaven 2.2 ESE,41.6219,-70.8667,2026-06-01,0.17
MA-BR-18,Fairhaven 2.2 ESE,41.6219,-70.8667,2026-06-02,0.0
MA-BR-18,Fairhaven 2.2 ESE,41.6219,-70.8667,2026-06-03,0.0
MA-BR-18,Fairhaven 2.2 ESE,41.6219,-70.8667,2026-06-04,0.0
MA-BR-18,Fairhaven 2.2 ESE,41.6219,-70.8667,2026-06-05,0.0
MA-BR-18,Fairhaven 2.2 ESE,41.6219,-70.8667,2026-06-06,0.0
MA-BR-18,Fairhaven 2.2 ESE,41.6219,-70.8667,2026-06-07,0.04
MA-BR-18,Fairhaven 2.2 ESE,41.6219,-70.8667,2026-06-08,0.04
MA-BR-18,Fairhaven 2.2 ESE,41.6219,-70.8667,2026-06-09,0.0
MA-BR-18,Fairhaven 2.2 ESE,41.6219,-70.8667,2026-06-10,0.0
MA-BR-18,Fairhaven 2.2 ESE,41.6219,-70.8667,2026-06-11,0.09
MA-BR-18,Fairhaven 2.2 ESE,41.6219,-70.8667,2026-06-12,0.0
MA-BR-18,Fairhaven 2.2 ESE,41.6219,-70.8667,2026-06-13,0.0
MA-BR-18,Fairhaven 2.2 ESE,41.6219,-70.8667,2026-06-14,0.0
MA-BR-18,Fairhaven 2.2 ESE,41.6219,-70.8667,2026-06-15,0.13
MA-BR-18,Fairhaven 2.2 ESE,41.6219,-70.8667,2026-06-16,0.0
MA-BR-18,Fairhaven 2.2 ESE,41.6219,-70.8667,2026-06-17,0.0
MA-BR-18,Fairhaven 2.2 ESE,41.6219,-70.8667,2026-06-18,0.0
MA-BR-18,Fairhaven 2.2 ESE,41.6219,-70.8667,2026-06-19,0.0
MA-BR-18,Fairhaven 2.2 ESE,41.6219,-70.8667,2026-06-20,0.0
MA-BR-18,Fairhaven 2.2 ESE,41.6219,-70.8667,2026-06-21,0.06
MA-BR-18,Fairhaven 2.2 ESE,41.6219,-70.8667,2026-06-22,0.0
MA-BR-18,Fairhaven 2.2 ESE,41.6219,-70.8667,2026-06-23,2.15
MA-BR-18,Fairhaven 2.2 ESE,41.6219,-70.8667,2026-06-24,0.2
MA-BR-18,Fairhaven 2.2 ESE,41.6219,-70.8667,2026-06-25,0.0
MA-BR-18,Fairhaven 2.2 ESE,41.6219,-70.8667,2026-06-26,0.0
MA-BR-18,Fairhaven 2.2 ESE,41.6219,-70.8667,2026-07-08,1.95
MA-BR-18,Fairhaven 2.2 ESE,41.6219,-70.8667,2026-07-09,0.0
MA-BR-18,Fairhaven 2.2 ESE,41.6219,-70.8667,2026-07-10,0.0
MA-BR-18,Fairhaven 2.2 ESE,41.6219,-70.8667,2026-07-11,1.25
MA-BR-18,Fairhaven 2.2 ESE,41.6219,-70.8667,2026-07-12,0.0
MA-BR-18,Fairhaven 2.2 ESE,41.6219,-70.8667,2026-07-13,0.0
MA-BR-18,Fairhaven 2.2 ESE,41.6219,-70.8667,2026-07-14,0.0
MA-BR-18,Fairhaven 2.2 ESE,41.6219,-70.8667,2026-07-15,0.0
MA-BR-18,Fairhaven 2.2 ESE,41.6219,-70.8667,2026-07-16,0.0
MA-BR-18,Fairhaven 2.2 ESE,41.6219,-70.8667,2026-07-17,0.0
MA-BR-18,Fairhaven 2.2 ESE,41.6219,-70.8667,2026-07-18,0.0
MA-BR-18,Fairhaven 2.2 ESE,41.6219,-70.8667,2026-07-19,1.34
MA-BR-52,New Bedford 4.3 N,41.72305,-70.944,2025-01-01,0.75
MA-BR-52,New Bedford 4.3 N,41.72305,-70.944,2025-01-02,0.13
MA-BR-52,New Bedford 4.3 N,41.72305,-70.944,2025-01-03,0.0
MA-BR-52,New Bedford 4.3 N,41.72305,-70.944,2025-01-04,0.0
MA-BR-52,New Bedford 4.3 N,41.72305,-70.944,2025-01-05,0.0
MA-BR-52,New Bedford 4.3 N,41.72305,-70.944,2025-01-06,0.0
MA-BR-52,New Bedford 4.3 N,41.72305,-70.944,2025-01-07,0.0
MA-BR-52,New Bedford 4.3 N,41.72305,-70.944,2025-01-08,0.0
MA-BR-52,New Bedford 4.3 N,41.72305,-70.944,2025-01-09,0.0
MA-BR-52,New Bedford 4.3 N,41.72305,-70.944,2025-01-10,0.0
MA-BR-52,New Bedford 4.3 N,41.72305,-70.944,2025-01-11,0.0
MA-BR-52,New Bedford 4.3 N,41.72305,-70.944,2025-01-12,0.03
MA-BR-52,New Bedford 4.3 N,41.72305,-70.944,2025-01-13,0.0
MA-BR-52,New Bedford 4.3 N,41.72305,-70.944,2025-01-14,0.0
MA-BR-52,New Bedford 4.3 N,41.72305,-70.944,2025-01-15,0.0
MA-BR-52,New Bedford 4.3 N,41.72305,-70.944,2025-01-16,0.0
MA-BR-52,New Bedford 4.3 N,41.72305,-70.944,2025-01-17,0.0
MA-BR-52,New Bedford 4.3 N,41.72305,-70.944,2025-01-18,0.0
MA-BR-52,New Bedford 4.3 N,41.72305,-70.944,2025-01-19,0.49
MA-BR-52,New Bedford 4.3 N,41.72305,-70.944,2025-01-20,0.42
MA-BR-52,New Bedford 4.3 N,41.72305,-70.944,2025-01-21,0.0
MA-BR-52,New Bedford 4.3 N,41.72305,-70.944,2025-01-22,0.0
MA-BR-52,New Bedford 4.3 N,41.72305,-70.944,2025-01-23,0.0
MA-BR-52,New Bedford 4.3 N,41.72305,-70.944,2025-01-24,0.0
MA-BR-52,New Bedford 4.3 N,41.72305,-70.944,2025-01-25,0.0
MA-BR-52,New Bedford 4.3 N,41.72305,-70.944,2025-01-26,0.0
MA-BR-52,New Bedford 4.3 N,41.72305,-70.944,2025-01-27,0.0
MA-BR-52,New Bedford 4.3 N,41.72305,-70.944,2025-01-28,0.0
MA-BR-52,New Bedford 4.3 N,41.72305,-70.944,2025-01-29,0.0
MA-BR-52,New Bedford 4.3 N,41.72305,-70.944,2025-01-30,0.0
MA-BR-52,New Bedford 4.3 N,41.72305,-70.944,2025-01-31,0.0
MA-BR-52,New Bedford 4.3 N,41.72305,-70.944,2025-02-01,
MA-BR-52,New Bedford 4.3 N,41.72305,-70.944,2025-02-02,0.04
MA-BR-52,New Bedford 4.3 N,41.72305,-70.944,2025-02-03,0.2
MA-BR-52,New Bedford 4.3 N,41.72305,-70.944,2025-02-04,0.02
MA-BR-52,New Bedford 4.3 N,41.72305,-70.944,2025-02-05,0.0
MA-BR-52,New Bedford 4.3 N,41.72305,-70.944,2025-02-06,0.0
MA-BR-52,New Bedford 4.3 N,41.72305,-70.944,2025-02-07,0.2
MA-BR-52,New Bedford 4.3 N,41.72305,-70.944,2025-02-08,0.0
MA-BR-52,New Bedford 4.3 N,41.72305,-70.944,2025-02-09,0.49
MA-BR-52,New Bedford 4.3 N,41.72305,-70.944,2025-02-10,0.0
MA-BR-52,New Bedford 4.3 N,41.72305,-70.944,2025-02-11,0.0
MA-BR-52,New Bedford 4.3 N,41.72305,-70.944,2025-02-12,0.0
MA-BR-52,New Bedford 4.3 N,41.72305,-70.944,2025-02-13,0.18
MA-BR-52,New Bedford 4.3 N,41.72305,-70.944,2025-02-14,0.06
MA-BR-52,New Bedford 4.3 N,41.72305,-70.944,2025-02-15,0.0
MA-BR-52,New Bedford 4.3 N,41.72305,-70.944,2025-02-16,0.53
MA-BR-52,New Bedford 4.3 N,41.72305,-70.944,2025-02-17,1.15
MA-BR-52,New Bedford 4.3 N,41.72305,-70.944,2025-02-18,0.0
MA-BR-52,New Bedford 4.3 N,41.72305,-70.944,2025-02-19,0.0
MA-BR-52,New Bedford 4.3 N,41.72305,-70.944,2025-02-20,0.0
MA-BR-52,New Bedford 4.3 N,41.72305,-70.944,2025-02-21,0.0
MA-BR-52,New Bedford 4.3 N,41.72305,-70.944,2025-02-22,0.0
MA-BR-52,New Bedford 4.3 N,41.72305,-70.944,2025-02-23,0.0
MA-BR-52,New Bedford 4.3 N,41.72305,-70.944,2025-02-24,0.0
MA-BR-52,New Bedford 4.3 N,41.72305,-70.944,2025-02-25,0.0
MA-BR-52,New Bedford 4.3 N,41.72305,-70.944,2025-02-26,0.0
MA-BR-52,New Bedford 4.3 N,41.72305,-70.944,2025-02-27,0.03
MA-BR-52,New Bedford 4.3 N,41.72305,-70.944,2025-02-28,0.09
MA-BR-52,New Bedford 4.3 N,41.72305,-70.944,2025-03-01,0.0
MA-BR-52,New Bedford 4.3 N,41.72305,-70.944,2025-03-02,0.0
MA-BR-52,New Bedford 4.3 N,41.72305,-70.944,2025-03-03,0.0
MA-BR-52,New Bedford 4.3 N,41.72305,-70.944,2025-03-04,0.0
MA-BR-52,New Bedford 4.3 N,41.72305,-70.944,2025-03-05,0.0
MA-BR-52,New Bedford 4.3 N,41.72305,-70.944,2025-03-06,0.56
MA-BR-52,New Bedford 4.3 N,41.72305,-70.944,2025-03-07,0.08
MA-BR-52,New Bedford 4.3 N,41.72305,-70.944,2025-03-08,0.0
MA-BR-52,New Bedford 4.3 N,41.72305,-70.944,2025-03-09,0.0
MA-BR-52,New Bedford 4.3 N,41.72305,-70.944,2025-03-10,0.0
MA-BR-52,New Bedford 4.3 N,41.72305,-70.944,2025-03-11,0.0
MA-BR-52,New Bedford 4.3 N,41.72305,-70.944,2025-03-12,0.0
MA-BR-52,New Bedford 4.3 N,41.72305,-70.944,2025-03-13,0.0
MA-BR-52,New Bedford 4.3 N,41.72305,-70.944,2025-03-14,0.0
MA-BR-52,New Bedford 4.3 N,41.72305,-70.944,2025-03-15,0.01
MA-BR-52,New Bedford 4.3 N,41.72305,-70.944,2025-03-16,0.01
MA-BR-52,New Bedford 4.3 N,41.72305,-70.944,2025-03-17,1.12
MA-BR-52,New Bedford 4.3 N,41.72305,-70.944,2025-03-18,0.55
MA-BR-52,New Bedford 4.3 N,41.72305,-70.944,2025-03-19,0.0
MA-BR-52,New Bedford 4.3 N,41.72305,-70.944,2025-03-20,0.0
MA-BR-52,New Bedford 4.3 N,41.72305,-70.944,2025-03-21,0.35
MA-BR-52,New Bedford 4.3 N,41.72305,-70.944,2025-03-22,0.06
MA-BR-52,New Bedford 4.3 N,41.72305,-70.944,2025-03-23,0.0
MA-BR-52,New Bedford 4.3 N,41.72305,-70.944,2025-03-24,0.02
MA-BR-52,New Bedford 4.3 N,41.72305,-70.944,2025-03-25,0.73
MA-BR-52,New Bedford 4.3 N,41.72305,-70.944,2025-03-26,0.0
MA-BR-52,New Bedford 4.3 N,41.72305,-70.944,2025-03-27,0.0
MA-BR-52,New Bedford 4.3 N,41.72305,-70.944,2025-03-28,0.0
MA-BR-52,New Bedford 4.3 N,41.72305,-70.944,2025-03-29,0.05
MA-BR-52,New Bedford 4.3 N,41.72305,-70.944,2025-03-30,0.07
MA-BR-52,New Bedford 4.3 N,41.72305,-70.944,2025-03-31,0.02
MA-BR-52,New Bedford 4.3 N,41.72305,-70.944,2025-04-01,0.21
MA-BR-52,New Bedford 4.3 N,41.72305,-70.944,2025-04-03,0.14
MA-BR-52,New Bedford 4.3 N,41.72305,-70.944,2025-04-04,0.2
MA-BR-52,New Bedford 4.3 N,41.72305,-70.944,2025-04-05,0.0
MA-BR-52,New Bedford 4.3 N,41.72305,-70.944,2025-04-06,0.55
MA-BR-52,New Bedford 4.3 N,41.72305,-70.944,2025-04-07,0.07
MA-BR-52,New Bedford 4.3 N,41.72305,-70.944,2025-04-08,0.25
MA-BR-52,New Bedford 4.3 N,41.72305,-70.944,2025-04-09,0.04
MA-BR-52,New Bedford 4.3 N,41.72305,-70.944,2025-04-10,0.0
MA-BR-52,New Bedford 4.3 N,41.72305,-70.944,2025-04-11,0.1
MA-BR-52,New Bedford 4.3 N,41.72305,-70.944,2025-04-12,0.4
MA-BR-52,New Bedford 4.3 N,41.72305,-70.944,2025-04-13,0.13
MA-BR-52,New Bedford 4.3 N,41.72305,-70.944,2025-04-14,0.39
MA-BR-52,New Bedford 4.3 N,41.72305,-70.944,2025-04-15,0.18
MA-BR-52,New Bedford 4.3 N,41.72305,-70.944,2025-04-16,0.06
MA-BR-52,New Bedford 4.3 N,41.72305,-70.944,2025-04-17,0.0
MA-BR-52,New Bedford 4.3 N,41.72305,-70.944,2025-04-18,0.0
MA-BR-52,New Bedford 4.3 N,41.72305,-70.944,2025-04-19,0.0
MA-BR-52,New Bedford 4.3 N,41.72305,-70.944,2025-04-20,0.0
MA-BR-52,New Bedford 4.3 N,41.72305,-70.944,2025-04-21,0.0
MA-BR-52,New Bedford 4.3 N,41.72305,-70.944,2025-04-22,0.1
MA-BR-52,New Bedford 4.3 N,41.72305,-70.944,2025-04-23,0.0
MA-BR-52,New Bedford 4.3 N,41.72305,-70.944,2025-04-24,0.0
MA-BR-52,New Bedford 4.3 N,41.72305,-70.944,2025-04-25,0.0
MA-BR-52,New Bedford 4.3 N,41.72305,-70.944,2025-04-26,0.0
MA-BR-52,New Bedford 4.3 N,41.72305,-70.944,2025-04-27,1.08
MA-BR-52,New Bedford 4.3 N,41.72305,-70.944,2025-04-28,0.0
MA-BR-52,New Bedford 4.3 N,41.72305,-70.944,2025-04-29,0.0
MA-BR-52,New Bedford 4.3 N,41.72305,-70.944,2025-04-30,0.0
MA-BR-52,New Bedford 4.3 N,41.72305,-70.944,2025-05-01,0.0
MA-BR-52,New Bedford 4.3 N,41.72305,-70.944,2025-05-02,0.12
MA-BR-52,New Bedford 4.3 N,41.72305,-70.944,2025-05-03,0.0
MA-BR-52,New Bedford 4.3 N,41.72305,-70.944,2025-05-04,0.0
MA-BR-52,New Bedford 4.3 N,41.72305,-70.944,2025-05-05,0.03
MA-BR-52,New Bedford 4.3 N,41.72305,-70.944,2025-05-06,0.02
MA-BR-52,New Bedford 4.3 N,41.72305,-70.944,2025-05-07,0.15
MA-BR-52,New Bedford 4.3 N,41.72305,-70.944,2025-05-08,0.01
MA-BR-52,New Bedford 4.3 N,41.72305,-70.944,2025-05-09,0.0
MA-BR-52,New Bedford 4.3 N,41.72305,-70.944,2025-05-10,1.38
MA-BR-52,New Bedford 4.3 N,41.72305,-70.944,2025-05-11,0.03
MA-BR-52,New Bedford 4.3 N,41.72305,-70.944,2025-05-12,0.0
MA-BR-52,New Bedford 4.3 N,41.72305,-70.944,2025-05-13,0.0
MA-BR-52,New Bedford 4.3 N,41.72305,-70.944,2025-05-14,0.0
MA-BR-52,New Bedford 4.3 N,41.72305,-70.944,2025-05-15,0.6
MA-BR-52,New Bedford 4.3 N,41.72305,-70.944,2025-05-16,0.02
MA-BR-52,New Bedford 4.3 N,41.72305,-70.944,2025-05-17,0.0
MA-BR-52,New Bedford 4.3 N,41.72305,-70.944,2025-05-18,0.0
MA-BR-52,New Bedford 4.3 N,41.72305,-70.944,2025-05-19,0.0
MA-BR-52,New Bedford 4.3 N,41.72305,-70.944,2025-05-20,0.0
MA-BR-52,New Bedford 4.3 N,41.72305,-70.944,2025-05-21,0.0
MA-BR-52,New Bedford 4.3 N,41.72305,-70.944,2025-05-22,0.04
MA-BR-52,New Bedford 4.3 N,41.72305,-70.944,2025-05-23,3.06
MA-BR-52,New Bedford 4.3 N,41.72305,-70.944,2025-05-24,0.0
MA-BR-52,New Bedford 4.3 N,41.72305,-70.944,2025-05-25,0.07
MA-BR-52,New Bedford 4.3 N,41.72305,-70.944,2025-05-26,0.0
MA-BR-52,New Bedford 4.3 N,41.72305,-70.944,2025-05-27,0.0
MA-BR-52,New Bedford 4.3 N,41.72305,-70.944,2025-05-28,0.0
MA-BR-52,New Bedford 4.3 N,41.72305,-70.944,2025-05-29,0.12
MA-BR-52,New Bedford 4.3 N,41.72305,-70.944,2025-05-30,0.0
MA-BR-52,New Bedford 4.3 N,41.72305,-70.944,2025-05-31,0.25
MA-BR-52,New Bedford 4.3 N,41.72305,-70.944,2025-06-01,0.0
MA-BR-52,New Bedford 4.3 N,41.72305,-70.944,2025-06-02,0.02
MA-BR-52,New Bedford 4.3 N,41.72305,-70.944,2025-06-03,0.0
MA-BR-52,New Bedford 4.3 N,41.72305,-70.944,2025-06-04,0.0
MA-BR-52,New Bedford 4.3 N,41.72305,-70.944,2025-06-05,0.0
MA-BR-52,New Bedford 4.3 N,41.72305,-70.944,2025-06-06,0.0
MA-BR-52,New Bedford 4.3 N,41.72305,-70.944,2025-06-07,0.0
MA-BR-52,New Bedford 4.3 N,41.72305,-70.944,2025-06-08,0.38
MA-BR-52,New Bedford 4.3 N,41.72305,-70.944,2025-06-09,0.0
MA-BR-52,New Bedford 4.3 N,41.72305,-70.944,2025-06-10,0.04
MA-BR-52,New Bedford 4.3 N,41.72305,-70.944,2025-06-11,0.38
MA-BR-52,New Bedford 4.3 N,41.72305,-70.944,2025-06-12,0.0
MA-BR-52,New Bedford 4.3 N,41.72305,-70.944,2025-06-13,0.0
MA-BR-52,New Bedford 4.3 N,41.72305,-70.944,2025-06-14,0.0
MA-BR-52,New Bedford 4.3 N,41.72305,-70.944,2025-06-15,0.08
MA-BR-52,New Bedford 4.3 N,41.72305,-70.944,2025-06-16,0.0
MA-BR-52,New Bedford 4.3 N,41.72305,-70.944,2025-06-17,0.0
MA-BR-52,New Bedford 4.3 N,41.72305,-70.944,2025-06-18,0.05
MA-BR-52,New Bedford 4.3 N,41.72305,-70.944,2025-06-19,0.0
MA-BR-52,New Bedford 4.3 N,41.72305,-70.944,2025-06-20,0.0
MA-BR-52,New Bedford 4.3 N,41.72305,-70.944,2025-06-21,0.0
MA-BR-52,New Bedford 4.3 N,41.72305,-70.944,2025-06-22,0.01
MA-BR-52,New Bedford 4.3 N,41.72305,-70.944,2025-06-23,0.0
MA-BR-52,New Bedford 4.3 N,41.72305,-70.944,2025-06-24,0.02
MA-BR-52,New Bedford 4.3 N,41.72305,-70.944,2025-06-27,0.05
MA-BR-52,New Bedford 4.3 N,41.72305,-70.944,2025-06-28,0.0
MA-BR-52,New Bedford 4.3 N,41.72305,-70.944,2025-06-29,0.01
MA-BR-52,New Bedford 4.3 N,41.72305,-70.944,2025-06-30,0.0
MA-BR-52,New Bedford 4.3 N,41.72305,-70.944,2025-07-01,0.0
MA-BR-52,New Bedford 4.3 N,41.72305,-70.944,2025-07-02,0.07
MA-BR-52,New Bedford 4.3 N,41.72305,-70.944,2025-07-03,0.03
MA-BR-52,New Bedford 4.3 N,41.72305,-70.944,2025-07-04,1.28
MA-BR-52,New Bedford 4.3 N,41.72305,-70.944,2025-07-05,0.0
MA-BR-52,New Bedford 4.3 N,41.72305,-70.944,2025-07-06,0.0
MA-BR-52,New Bedford 4.3 N,41.72305,-70.944,2025-07-07,0.0
MA-BR-52,New Bedford 4.3 N,41.72305,-70.944,2025-07-08,0.02
MA-BR-52,New Bedford 4.3 N,41.72305,-70.944,2025-07-09,1.35
MA-BR-52,New Bedford 4.3 N,41.72305,-70.944,2025-07-10,0.49
MA-BR-52,New Bedford 4.3 N,41.72305,-70.944,2025-07-11,0.18
MA-BR-52,New Bedford 4.3 N,41.72305,-70.944,2025-07-12,0.02
MA-BR-52,New Bedford 4.3 N,41.72305,-70.944,2025-07-13,0.0
MA-BR-52,New Bedford 4.3 N,41.72305,-70.944,2025-07-14,0.0
MA-BR-52,New Bedford 4.3 N,41.72305,-70.944,2025-07-15,0.03
MA-BR-52,New Bedford 4.3 N,41.72305,-70.944,2025-07-16,0.0
MA-BR-52,New Bedford 4.3 N,41.72305,-70.944,2025-07-17,0.0
MA-BR-52,New Bedford 4.3 N,41.72305,-70.944,2025-07-18,0.0
MA-BR-52,New Bedford 4.3 N,41.72305,-70.944,2025-07-19,0.0
MA-BR-52,New Bedford 4.3 N,41.72305,-70.944,2025-07-20,0.0
MA-BR-52,New Bedford 4.3 N,41.72305,-70.944,2025-07-21,0.0
MA-BR-52,New Bedford 4.3 N,41.72305,-70.944,2025-07-22,0.0
MA-BR-52,New Bedford 4.3 N,41.72305,-70.944,2025-07-24,0.0
MA-BR-52,New Bedford 4.3 N,41.72305,-70.944,2025-07-25,0.0
MA-BR-52,New Bedford 4.3 N,41.72305,-70.944,2025-07-26,0.65
MA-BR-52,New Bedford 4.3 N,41.72305,-70.944,2025-07-27,0.0
MA-BR-52,New Bedford 4.3 N,41.72305,-70.944,2025-07-28,0.05
MA-BR-52,New Bedford 4.3 N,41.72305,-70.944,2025-07-29,0.0
MA-BR-52,New Bedford 4.3 N,41.72305,-70.944,2025-07-30,0.0
MA-BR-52,New Bedford 4.3 N,41.72305,-70.944,2025-07-31,0.0
MA-BR-52,New Bedford 4.3 N,41.72305,-70.944,2025-08-01,0.45
MA-BR-52,New Bedford 4.3 N,41.72305,-70.944,2025-08-02,0.0
MA-BR-52,New Bedford 4.3 N,41.72305,-70.944,2025-08-03,0.0
MA-BR-52,New Bedford 4.3 N,41.72305,-70.944,2025-08-04,0.0
MA-BR-52,New Bedford 4.3 N,41.72305,-70.944,2025-08-05,0.0
MA-BR-52,New Bedford 4.3 N,41.72305,-70.944,2025-08-06,0.0
MA-BR-52,New Bedford 4.3 N,41.72305,-70.944,2025-08-07,0.0
MA-BR-52,New Bedford 4.3 N,41.72305,-70.944,2025-08-08,0.0
MA-BR-52,New Bedford 4.3 N,41.72305,-70.944,2025-08-09,0.0
MA-BR-52,New Bedford 4.3 N,41.72305,-70.944,2025-08-10,0.0
MA-BR-52,New Bedford 4.3 N,41.72305,-70.944,2025-08-11,0.0
MA-BR-52,New Bedford 4.3 N,41.72305,-70.944,2025-08-12,0.0
MA-BR-52,New Bedford 4.3 N,41.72305,-70.944,2025-08-13,0.0
MA-BR-52,New Bedford 4.3 N,41.72305,-70.944,2025-08-14,0.0
MA-BR-52,New Bedford 4.3 N,41.72305,-70.944,2025-08-15,0.35
MA-BR-52,New Bedford 4.3 N,41.72305,-70.944,2025-08-16,0.0
MA-BR-52,New Bedford 4.3 N,41.72305,-70.944,2025-08-17,0.0
MA-BR-52,New Bedford 4.3 N,41.72305,-70.944,2025-08-18,0.0
MA-BR-52,New Bedford 4.3 N,41.72305,-70.944,2025-08-19,0.0
MA-BR-52,New Bedford 4.3 N,41.72305,-70.944,2025-08-20,0.0
MA-BR-52,New Bedford 4.3 N,41.72305,-70.944,2025-08-21,0.79
MA-BR-52,New Bedford 4.3 N,41.72305,-70.944,2025-08-22,0.0
MA-BR-52,New Bedford 4.3 N,41.72305,-70.944,2025-08-23,0.0
MA-BR-52,New Bedford 4.3 N,41.72305,-70.944,2025-08-24,0.0
MA-BR-52,New Bedford 4.3 N,41.72305,-70.944,2025-08-25,0.0
MA-BR-52,New Bedford 4.3 N,41.72305,-70.944,2025-08-26,0.0
MA-BR-52,New Bedford 4.3 N,41.72305,-70.944,2025-08-27,0.0
MA-BR-52,New Bedford 4.3 N,41.72305,-70.944,2025-08-28,0.0
MA-BR-52,New Bedford 4.3 N,41.72305,-70.944,2025-08-29,0.0
MA-BR-52,New Bedford 4.3 N,41.72305,-70.944,2025-08-30,0.45
MA-BR-52,New Bedford 4.3 N,41.72305,-70.944,2025-08-31,0.0
MA-BR-52,New Bedford 4.3 N,41.72305,-70.944,2025-09-01,0.0
MA-BR-52,New Bedford 4.3 N,41.72305,-70.944,2025-09-02,0.0
MA-BR-52,New Bedford 4.3 N,41.72305,-70.944,2025-09-03,0.0
MA-BR-52,New Bedford 4.3 N,41.72305,-70.944,2025-09-04,0.0
MA-BR-52,New Bedford 4.3 N,41.72305,-70.944,2025-09-05,0.04
MA-BR-52,New Bedford 4.3 N,41.72305,-70.944,2025-09-06,0.0
MA-BR-52,New Bedford 4.3 N,41.72305,-70.944,2025-09-07,0.18
MA-BR-52,New Bedford 4.3 N,41.72305,-70.944,2025-09-08,0.54
MA-BR-52,New Bedford 4.3 N,41.72305,-70.944,2025-09-09,0.0
MA-BR-52,New Bedford 4.3 N,41.72305,-70.944,2025-09-10,0.0
MA-BR-52,New Bedford 4.3 N,41.72305,-70.944,2025-09-11,0.0
MA-BR-52,New Bedford 4.3 N,41.72305,-70.944,2025-09-12,0.0
MA-BR-52,New Bedford 4.3 N,41.72305,-70.944,2025-09-13,0.0
MA-BR-52,New Bedford 4.3 N,41.72305,-70.944,2025-09-14,0.0
MA-BR-52,New Bedford 4.3 N,41.72305,-70.944,2025-09-15,0.03
MA-BR-52,New Bedford 4.3 N,41.72305,-70.944,2025-09-16,0.0
MA-BR-52,New Bedford 4.3 N,41.72305,-70.944,2025-09-17,0.0
MA-BR-52,New Bedford 4.3 N,41.72305,-70.944,2025-09-18,0.6
MA-BR-52,New Bedford 4.3 N,41.72305,-70.944,2025-09-19,0.0
MA-BR-52,New Bedford 4.3 N,41.72305,-70.944,2025-09-20,0.0
MA-BR-52,New Bedford 4.3 N,41.72305,-70.944,2025-09-21,0.0
MA-BR-52,New Bedford 4.3 N,41.72305,-70.944,2025-09-22,0.0
MA-BR-52,New Bedford 4.3 N,41.72305,-70.944,2025-09-23,0.0
MA-BR-52,New Bedford 4.3 N,41.72305,-70.944,2025-09-24,1.23
MA-BR-52,New Bedford 4.3 N,41.72305,-70.944,2025-09-25,1.45
MA-BR-52,New Bedford 4.3 N,41.72305,-70.944,2025-09-26,1.05
MA-BR-52,New Bedford 4.3 N,41.72305,-70.944,2025-09-27,0.0
MA-BR-52,New Bedford 4.3 N,41.72305,-70.944,2025-09-28,0.05
MA-BR-52,New Bedford 4.3 N,41.72305,-70.944,2025-09-29,0.0
MA-BR-52,New Bedford 4.3 N,41.72305,-70.944,2025-09-30,0.0
MA-BR-52,New Bedford 4.3 N,41.72305,-70.944,2025-10-01,0.0
MA-BR-52,New Bedford 4.3 N,41.72305,-70.944,2025-10-02,0.0
MA-BR-52,New Bedford 4.3 N,41.72305,-70.944,2025-10-03,0.0
MA-BR-52,New Bedford 4.3 N,41.72305,-70.944,2025-10-04,0.0
MA-BR-52,New Bedford 4.3 N,41.72305,-70.944,2025-10-05,0.0
MA-BR-52,New Bedford 4.3 N,41.72305,-70.944,2025-10-06,0.0
MA-BR-52,New Bedford 4.3 N,41.72305,-70.944,2025-10-07,0.0
MA-BR-52,New Bedford 4.3 N,41.72305,-70.944,2025-10-08,0.03
MA-BR-52,New Bedford 4.3 N,41.72305,-70.944,2025-10-09,0.72
MA-BR-52,New Bedford 4.3 N,41.72305,-70.944,2025-10-10,0.0
MA-BR-52,New Bedford 4.3 N,41.72305,-70.944,2025-10-11,0.0
MA-BR-52,New Bedford 4.3 N,41.72305,-70.944,2025-10-12,0.0
MA-BR-52,New Bedford 4.3 N,41.72305,-70.944,2025-10-13,1.65
MA-BR-52,New Bedford 4.3 N,41.72305,-70.944,2025-10-14,1.95
MA-BR-52,New Bedford 4.3 N,41.72305,-70.944,2025-10-15,0.09
MA-BR-52,New Bedford 4.3 N,41.72305,-70.944,2025-10-16,0.0
MA-BR-52,New Bedford 4.3 N,41.72305,-70.944,2025-10-17,0.0
MA-BR-52,New Bedford 4.3 N,41.72305,-70.944,2025-10-18,0.0
MA-BR-52,New Bedford 4.3 N,41.72305,-70.944,2025-10-19,0.0
MA-BR-52,New Bedford 4.3 N,41.72305,-70.944,2025-10-20,0.0
MA-BR-52,New Bedford 4.3 N,41.72305,-70.944,2025-10-21,0.85
MA-BR-52,New Bedford 4.3 N,41.72305,-70.944,2025-10-22,0.0
MA-BR-52,New Bedford 4.3 N,41.72305,-70.944,2025-10-23,0.0
MA-BR-52,New Bedford 4.3 N,41.72305,-70.944,2025-10-24,0.0
MA-BR-52,New Bedford 4.3 N,41.72305,-70.944,2025-10-25,0.0
MA-BR-52,New Bedford 4.3 N,41.72305,-70.944,2025-10-26,0.0
MA-BR-52,New Bedford 4.3 N,41.72305,-70.944,2025-10-27,0.0
MA-BR-52,New Bedford 4.3 N,41.72305,-70.944,2025-10-28,0.0
MA-BR-52,New Bedford 4.3 N,41.72305,-70.944,2025-10-29,0.0
MA-BR-52,New Bedford 4.3 N,41.72305,-70.944,2025-10-30,0.07
MA-BR-52,New Bedford 4.3 N,41.72305,-70.944,2025-10-31,0.95
MA-BR-52,New Bedford 4.3 N,41.72305,-70.944,2025-11-01,0.0
MA-BR-52,New Bedford 4.3 N,41.72305,-70.944,2025-11-02,0.0
MA-BR-52,New Bedford 4.3 N,41.72305,-70.944,2025-11-03,0.0
MA-BR-52,New Bedford 4.3 N,41.72305,-70.944,2025-11-04,0.15
MA-BR-52,New Bedford 4.3 N,41.72305,-70.944,2025-11-05,0.0
MA-BR-52,New Bedford 4.3 N,41.72305,-70.944,2025-11-06,0.05
MA-BR-52,New Bedford 4.3 N,41.72305,-70.944,2025-11-07,0.0
MA-BR-52,New Bedford 4.3 N,41.72305,-70.944,2025-11-08,0.02
MA-BR-52,New Bedford 4.3 N,41.72305,-70.944,2025-11-09,0.04
MA-BR-52,New Bedford 4.3 N,41.72305,-70.944,2025-11-10,0.55
MA-BR-52,New Bedford 4.3 N,41.72305,-70.944,2025-11-11,0.02
MA-BR-52,New Bedford 4.3 N,41.72305,-70.944,2025-11-12,0.02
MA-BR-52,New Bedford 4.3 N,41.72305,-70.944,2025-11-13,0.0
MA-BR-52,New Bedford 4.3 N,41.72305,-70.944,2025-11-14,0.0
MA-BR-52,New Bedford 4.3 N,41.72305,-70.944,2025-11-15,0.0
MA-BR-52,New Bedford 4.3 N,41.72305,-70.944,2025-11-16,0.82
MA-BR-52,New Bedford 4.3 N,41.72305,-70.944,2025-11-17,0.0
MA-BR-52,New Bedford 4.3 N,41.72305,-70.944,2025-11-18,0.0
MA-BR-52,New Bedford 4.3 N,41.72305,-70.944,2025-11-19,0.0
MA-BR-52,New Bedford 4.3 N,41.72305,-70.944,2025-11-20,0.0
MA-BR-52,New Bedford 4.3 N,41.72305,-70.944,2025-11-21,0.0
MA-BR-52,New Bedford 4.3 N,41.72305,-70.944,2025-11-22,0.12
MA-BR-52,New Bedford 4.3 N,41.72305,-70.944,2025-11-23,0.3
MA-BR-52,New Bedford 4.3 N,41.72305,-70.944,2025-11-24,0.03
MA-BR-52,New Bedford 4.3 N,41.72305,-70.944,2025-11-25,0.0
MA-BR-52,New Bedford 4.3 N,41.72305,-70.944,2025-11-26,0.25
MA-BR-52,New Bedford 4.3 N,41.72305,-70.944,2025-11-27,0.02
MA-BR-52,New Bedford 4.3 N,41.72305,-70.944,2025-11-28,0.0
MA-BR-52,New Bedford 4.3 N,41.72305,-70.944,2025-11-29,0.0
MA-BR-52,New Bedford 4.3 N,41.72305,-70.944,2025-11-30,0.0
MA-BR-52,New Bedford 4.3 N,41.72305,-70.944,2025-12-01,0.78
MA-BR-52,New Bedford 4.3 N,41.72305,-70.944,2025-12-02,0.02
MA-BR-52,New Bedford 4.3 N,41.72305,-70.944,2025-12-03,0.76
MA-BR-52,New Bedford 4.3 N,41.72305,-70.944,2025-12-04,0.02
MA-BR-52,New Bedford 4.3 N,41.72305,-70.944,2025-12-05,0.0
MA-BR-52,New Bedford 4.3 N,41.72305,-70.944,2025-12-06,0.0
MA-BR-52,New Bedford 4.3 N,41.72305,-70.944,2025-12-07,0.04
MA-BR-52,New Bedford 4.3 N,41.72305,-70.944,2025-12-08,0.0
MA-BR-52,New Bedford 4.3 N,41.72305,-70.944,2025-12-09,0.0
MA-BR-52,New Bedford 4.3 N,41.72305,-70.944,2025-12-10,0.02
MA-BR-52,New Bedford 4.3 N,41.72305,-70.944,2025-12-11,0.0
MA-BR-52,New Bedford 4.3 N,41.72305,-70.944,2025-12-12,0.0
MA-BR-52,New Bedford 4.3 N,41.72305,-70.944,2025-12-13,0.0
MA-BR-52,New Bedford 4.3 N,41.72305,-70.944,2025-12-14,
MA-BR-52,New Bedford 4.3 N,41.72305,-70.944,2025-12-15,
MA-BR-52,New Bedford 4.3 N,41.72305,-70.944,2025-12-16,0.0
MA-BR-52,New Bedford 4.3 N,41.72305,-70.944,2025-12-17,0.0
MA-BR-52,New Bedford 4.3 N,41.72305,-70.944,2025-12-18,0.0
MA-BR-52,New Bedford 4.3 N,41.72305,-70.944,2025-12-19,0.05
MA-BR-52,New Bedford 4.3 N,41.72305,-70.944,2025-12-20,0.61
MA-BR-52,New Bedford 4.3 N,41.72305,-70.944,2025-12-21,0.0
MA-BR-52,New Bedford 4.3 N,41.72305,-70.944,2025-12-22,0.0
MA-BR-52,New Bedford 4.3 N,41.72305,-70.944,2025-12-23,0.0
MA-BR-52,New Bedford 4.3 N,41.72305,-70.944,2025-12-24,0.15
MA-BR-52,New Bedford 4.3 N,41.72305,-70.944,2025-12-25,0.0
MA-BR-52,New Bedford 4.3 N,41.72305,-70.944,2025-12-26,0.0
MA-BR-52,New Bedford 4.3 N,41.72305,-70.944,2025-12-27,0.3
MA-BR-52,New Bedford 4.3 N,41.72305,-70.944,2025-12-28,0.0
MA-BR-52,New Bedford 4.3 N,41.72305,-70.944,2025-12-29,0.28
MA-BR-52,New Bedford 4.3 N,41.72305,-70.944,2025-12-30,0.32
MA-BR-52,New Bedford 4.3 N,41.72305,-70.944,2025-12-31,0.0
MA-BR-52,New Bedford 4.3 N,41.72305,-70.944,2026-01-01,0.15
MA-BR-52,New Bedford 4.3 N,41.72305,-70.944,2026-01-02,0.0
MA-BR-52,New Bedford 4.3 N,41.72305,-70.944,2026-01-03,0.0
MA-BR-52,New Bedford 4.3 N,41.72305,-70.944,2026-01-04,0.0
MA-BR-52,New Bedford 4.3 N,41.72305,-70.944,2026-01-05,0.0
MA-BR-52,New Bedford 4.3 N,41.72305,-70.944,2026-01-06,0.0
MA-BR-52,New Bedford 4.3 N,41.72305,-70.944,2026-01-07,0.21
MA-BR-52,New Bedford 4.3 N,41.72305,-70.944,2026-01-08,0.05
MA-BR-52,New Bedford 4.3 N,41.72305,-70.944,2026-01-09,0.01
MA-BR-52,New Bedford 4.3 N,41.72305,-70.944,2026-01-10,0.06
MA-BR-52,New Bedford 4.3 N,41.72305,-70.944,2026-01-11,0.65
MA-BR-52,New Bedford 4.3 N,41.72305,-70.944,2026-01-12,0.04
MA-BR-52,New Bedford 4.3 N,41.72305,-70.944,2026-01-13,0.0
MA-BR-52,New Bedford 4.3 N,41.72305,-70.944,2026-01-14,0.0
MA-BR-52,New Bedford 4.3 N,41.72305,-70.944,2026-01-15,0.0
MA-BR-52,New Bedford 4.3 N,41.72305,-70.944,2026-01-16,0.0
MA-BR-52,New Bedford 4.3 N,41.72305,-70.944,2026-01-17,0.0
MA-BR-52,New Bedford 4.3 N,41.72305,-70.944,2026-01-18,0.0
MA-BR-52,New Bedford 4.3 N,41.72305,-70.944,2026-01-19,0.78
MA-BR-52,New Bedford 4.3 N,41.72305,-70.944,2026-01-20,0.04
MA-BR-52,New Bedford 4.3 N,41.72305,-70.944,2026-01-21,0.0
MA-BR-52,New Bedford 4.3 N,41.72305,-70.944,2026-01-22,0.0
MA-BR-52,New Bedford 4.3 N,41.72305,-70.944,2026-01-23,0.0
MA-BR-52,New Bedford 4.3 N,41.72305,-70.944,2026-01-24,0.0
MA-BR-52,New Bedford 4.3 N,41.72305,-70.944,2026-01-25,0.0
MA-BR-52,New Bedford 4.3 N,41.72305,-70.944,2026-01-26,1.45
MA-BR-52,New Bedford 4.3 N,41.72305,-70.944,2026-01-27,0.14
MA-BR-52,New Bedford 4.3 N,41.72305,-70.944,2026-01-28,0.0
MA-BR-52,New Bedford 4.3 N,41.72305,-70.944,2026-01-29,0.0
MA-BR-52,New Bedford 4.3 N,41.72305,-70.944,2026-01-30,0.0
MA-BR-52,New Bedford 4.3 N,41.72305,-70.944,2026-01-31,0.0
MA-BR-52,New Bedford 4.3 N,41.72305,-70.944,2026-02-01,0.0
MA-BR-52,New Bedford 4.3 N,41.72305,-70.944,2026-02-02,0.0
MA-BR-52,New Bedford 4.3 N,41.72305,-70.944,2026-02-03,0.0
MA-BR-52,New Bedford 4.3 N,41.72305,-70.944,2026-02-04,0.0
MA-BR-52,New Bedford 4.3 N,41.72305,-70.944,2026-02-05,0.0
MA-BR-52,New Bedford 4.3 N,41.72305,-70.944,2026-02-06,0.0
MA-BR-52,New Bedford 4.3 N,41.72305,-70.944,2026-02-07,0.17
MA-BR-52,New Bedford 4.3 N,41.72305,-70.944,2026-02-08,0.19
MA-BR-52,New Bedford 4.3 N,41.72305,-70.944,2026-02-09,0.0
MA-BR-52,New Bedford 4.3 N,41.72305,-70.944,2026-02-10,0.0
MA-BR-52,New Bedford 4.3 N,41.72305,-70.944,2026-02-11,0.36
MA-BR-52,New Bedford 4.3 N,41.72305,-70.944,2026-02-12,0.0
MA-BR-52,New Bedford 4.3 N,41.72305,-70.944,2026-02-13,0.0
MA-BR-52,New Bedford 4.3 N,41.72305,-70.944,2026-02-14,0.0
MA-BR-52,New Bedford 4.3 N,41.72305,-70.944,2026-02-15,0.0
MA-BR-52,New Bedford 4.3 N,41.72305,-70.944,2026-02-16,0.0
MA-BR-52,New Bedford 4.3 N,41.72305,-70.944,2026-02-17,0.0
MA-BR-52,New Bedford 4.3 N,41.72305,-70.944,2026-02-18,0.0
MA-BR-52,New Bedford 4.3 N,41.72305,-70.944,2026-02-19,0.18
MA-BR-52,New Bedford 4.3 N,41.72305,-70.944,2026-02-20,0.0
MA-BR-52,New Bedford 4.3 N,41.72305,-70.944,2026-02-21,0.42
MA-BR-52,New Bedford 4.3 N,41.72305,-70.944,2026-02-22,0.0
MA-BR-52,New Bedford 4.3 N,41.72305,-70.944,2026-02-24,
MA-BR-52,New Bedford 4.3 N,41.72305,-70.944,2026-02-25,0.0
MA-BR-52,New Bedford 4.3 N,41.72305,-70.944,2026-02-26,0.07
MA-BR-52,New Bedford 4.3 N,41.72305,-70.944,2026-02-27,0.0
MA-BR-52,New Bedford 4.3 N,41.72305,-70.944,2026-02-28,0.0
MA-BR-52,New Bedford 4.3 N,41.72305,-70.944,2026-03-01,0.0
MA-BR-52,New Bedford 4.3 N,41.72305,-70.944,2026-03-02,0.0
MA-BR-52,New Bedford 4.3 N,41.72305,-70.944,2026-03-03,0.0
MA-BR-52,New Bedford 4.3 N,41.72305,-70.944,2026-03-04,0.62
MA-BR-52,New Bedford 4.3 N,41.72305,-70.944,2026-03-05,0.01
MA-BR-52,New Bedford 4.3 N,41.72305,-70.944,2026-03-06,0.85
MA-BR-52,New Bedford 4.3 N,41.72305,-70.944,2026-03-07,0.07
MA-BR-52,New Bedford 4.3 N,41.72305,-70.944,2026-03-08,0.05
MA-BR-52,New Bedford 4.3 N,41.72305,-70.944,2026-03-09,0.02
MA-BR-52,New Bedford 4.3 N,41.72305,-70.944,2026-03-10,0.0
MA-BR-52,New Bedford 4.3 N,41.72305,-70.944,2026-03-11,0.0
MA-BR-52,New Bedford 4.3 N,41.72305,-70.944,2026-03-12,0.04
MA-BR-52,New Bedford 4.3 N,41.72305,-70.944,2026-03-13,0.05
MA-BR-52,New Bedford 4.3 N,41.72305,-70.944,2026-03-14,0.02
MA-BR-52,New Bedford 4.3 N,41.72305,-70.944,2026-03-15,0.0
MA-BR-52,New Bedford 4.3 N,41.72305,-70.944,2026-03-16,0.55
MA-BR-52,New Bedford 4.3 N,41.72305,-70.944,2026-03-17,1.18
MA-BR-52,New Bedford 4.3 N,41.72305,-70.944,2026-03-18,0.0
MA-BR-52,New Bedford 4.3 N,41.72305,-70.944,2026-03-19,0.0
MA-BR-52,New Bedford 4.3 N,41.72305,-70.944,2026-03-20,0.0
MA-BR-52,New Bedford 4.3 N,41.72305,-70.944,2026-03-21,0.25
MA-BR-52,New Bedford 4.3 N,41.72305,-70.944,2026-03-22,0.0
MA-BR-52,New Bedford 4.3 N,41.72305,-70.944,2026-03-23,1.55
MA-BR-52,New Bedford 4.3 N,41.72305,-70.944,2026-03-24,0.5
MA-BR-52,New Bedford 4.3 N,41.72305,-70.944,2026-03-25,0.0
MA-BR-52,New Bedford 4.3 N,41.72305,-70.944,2026-03-26,0.02
MA-BR-52,New Bedford 4.3 N,41.72305,-70.944,2026-03-27,0.13
MA-BR-52,New Bedford 4.3 N,41.72305,-70.944,2026-03-28,0.0
MA-BR-52,New Bedford 4.3 N,41.72305,-70.944,2026-03-29,0.0
MA-BR-52,New Bedford 4.3 N,41.72305,-70.944,2026-03-30,0.0
MA-BR-52,New Bedford 4.3 N,41.72305,-70.944,2026-03-31,0.06
MA-BR-52,New Bedford 4.3 N,41.72305,-70.944,2026-04-01,0.06
MA-BR-52,New Bedford 4.3 N,41.72305,-70.944,2026-04-02,0.75
MA-BR-52,New Bedford 4.3 N,41.72305,-70.944,2026-04-03,0.1
MA-BR-52,New Bedford 4.3 N,41.72305,-70.944,2026-04-04,0.01
MA-BR-52,New Bedford 4.3 N,41.72305,-70.944,2026-04-05,0.02
MA-BR-52,New Bedford 4.3 N,41.72305,-70.944,2026-04-06,0.15
MA-BR-52,New Bedford 4.3 N,41.72305,-70.944,2026-04-07,0.0
MA-BR-52,New Bedford 4.3 N,41.72305,-70.944,2026-04-08,0.03
MA-BR-52,New Bedford 4.3 N,41.72305,-70.944,2026-04-09,0.0
MA-BR-52,New Bedford 4.3 N,41.72305,-70.944,2026-04-10,0.0
MA-BR-52,New Bedford 4.3 N,41.72305,-70.944,2026-04-11,0.0
MA-BR-52,New Bedford 4.3 N,41.72305,-70.944,2026-04-12,0.0
MA-BR-52,New Bedford 4.3 N,41.72305,-70.944,2026-04-13,0.03
MA-BR-52,New Bedford 4.3 N,41.72305,-70.944,2026-04-14,0.0
MA-BR-52,New Bedford 4.3 N,41.72305,-70.944,2026-04-15,0.02
MA-BR-52,New Bedford 4.3 N,41.72305,-70.944,2026-04-16,0.17
MA-BR-52,New Bedford 4.3 N,41.72305,-70.944,2026-04-17,0.0
MA-BR-52,New Bedford 4.3 N,41.72305,-70.944,2026-04-18,0.03
MA-BR-52,New Bedford 4.3 N,41.72305,-70.944,2026-04-19,0.01
MA-BR-52,New Bedford 4.3 N,41.72305,-70.944,2026-04-20,0.18
MA-BR-52,New Bedford 4.3 N,41.72305,-70.944,2026-04-21,0.03
MA-BR-52,New Bedford 4.3 N,41.72305,-70.944,2026-04-22,0.0
MA-BR-52,New Bedford 4.3 N,41.72305,-70.944,2026-04-23,0.01
MA-BR-52,New Bedford 4.3 N,41.72305,-70.944,2026-04-24,0.0
MA-BR-52,New Bedford 4.3 N,41.72305,-70.944,2026-04-25,0.0
MA-BR-52,New Bedford 4.3 N,41.72305,-70.944,2026-04-26,0.02
MA-BR-52,New Bedford 4.3 N,41.72305,-70.944,2026-04-27,0.0
MA-BR-52,New Bedford 4.3 N,41.72305,-70.944,2026-04-28,0.0
MA-BR-52,New Bedford 4.3 N,41.72305,-70.944,2026-04-29,0.0
MA-BR-52,New Bedford 4.3 N,41.72305,-70.944,2026-04-30,0.05
MA-BR-52,New Bedford 4.3 N,41.72305,-70.944,2026-05-01,0.08
MA-BR-52,New Bedford 4.3 N,41.72305,-70.944,2026-05-02,0.0
MA-BR-52,New Bedford 4.3 N,41.72305,-70.944,2026-05-03,0.11
MA-BR-52,New Bedford 4.3 N,41.72305,-70.944,2026-05-04,0.0
MA-BR-52,New Bedford 4.3 N,41.72305,-70.944,2026-05-05,0.0
MA-BR-52,New Bedford 4.3 N,41.72305,-70.944,2026-05-06,0.0
MA-BR-52,New Bedford 4.3 N,41.72305,-70.944,2026-05-07,0.55
MA-BR-52,New Bedford 4.3 N,41.72305,-70.944,2026-05-08,0.02
MA-BR-52,New Bedford 4.3 N,41.72305,-70.944,2026-05-09,0.02
MA-BR-52,New Bedford 4.3 N,41.72305,-70.944,2026-05-10,0.12
MA-BR-52,New Bedford 4.3 N,41.72305,-70.944,2026-05-11,0.2
MA-BR-52,New Bedford 4.3 N,41.72305,-70.944,2026-05-12,0.0
MA-BR-52,New Bedford 4.3 N,41.72305,-70.944,2026-05-13,0.0
MA-BR-52,New Bedford 4.3 N,41.72305,-70.944,2026-05-14,0.0
MA-BR-52,New Bedford 4.3 N,41.72305,-70.944,2026-05-15,0.11
MA-BR-52,New Bedford 4.3 N,41.72305,-70.944,2026-05-16,0.02
MA-BR-52,New Bedford 4.3 N,41.72305,-70.944,2026-05-17,0.02
MA-BR-52,New Bedford 4.3 N,41.72305,-70.944,2026-05-18,0.0
MA-BR-52,New Bedford 4.3 N,41.72305,-70.944,2026-05-19,0.0
MA-BR-52,New Bedford 4.3 N,41.72305,-70.944,2026-05-20,0.0
MA-BR-52,New Bedford 4.3 N,41.72305,-70.944,2026-05-21,0.02
MA-BR-52,New Bedford 4.3 N,41.72305,-70.944,2026-05-22,0.0
MA-BR-52,New Bedford 4.3 N,41.72305,-70.944,2026-05-24,0.05
MA-BR-52,New Bedford 4.3 N,41.72305,-70.944,2026-05-25,0.45
MA-BR-52,New Bedford 4.3 N,41.72305,-70.944,2026-05-26,0.07
MA-BR-52,New Bedford 4.3 N,41.72305,-70.944,2026-05-27,0.0
MA-BR-52,New Bedford 4.3 N,41.72305,-70.944,2026-05-28,0.0
MA-BR-52,New Bedford 4.3 N,41.72305,-70.944,2026-05-29,0.14
MA-BR-52,New Bedford 4.3 N,41.72305,-70.944,2026-05-30,0.15
MA-BR-52,New Bedford 4.3 N,41.72305,-70.944,2026-05-31,0.23
MA-BR-52,New Bedford 4.3 N,41.72305,-70.944,2026-06-01,0.22
MA-BR-52,New Bedford 4.3 N,41.72305,-70.944,2026-06-02,0.0
MA-BR-52,New Bedford 4.3 N,41.72305,-70.944,2026-06-03,0.0
MA-BR-52,New Bedford 4.3 N,41.72305,-70.944,2026-06-04,0.0
MA-BR-52,New Bedford 4.3 N,41.72305,-70.944,2026-06-05,0.0
MA-BR-52,New Bedford 4.3 N,41.72305,-70.944,2026-06-06,0.0
MA-BR-52,New Bedford 4.3 N,41.72305,-70.944,2026-06-07,0.02
MA-BR-52,New Bedford 4.3 N,41.72305,-70.944,2026-06-08,0.07
MA-BR-52,New Bedford 4.3 N,41.72305,-70.944,2026-06-09,0.0
MA-BR-52,New Bedford 4.3 N,41.72305,-70.944,2026-06-10,0.0
MA-BR-52,New Bedford 4.3 N,41.72305,-70.944,2026-06-11,0.15
MA-BR-52,New Bedford 4.3 N,41.72305,-70.944,2026-06-12,0.02
MA-BR-52,New Bedford 4.3 N,41.72305,-70.944,2026-06-13,0.0
MA-BR-52,New Bedford 4.3 N,41.72305,-70.944,2026-06-14,0.0
MA-BR-52,New Bedford 4.3 N,41.72305,-70.944,2026-06-15,0.12
MA-BR-52,New Bedford 4.3 N,41.72305,-70.944,2026-06-16,0.0
MA-BR-52,New Bedford 4.3 N,41.72305,-70.944,2026-06-17,0.0
MA-BR-52,New Bedford 4.3 N,41.72305,-70.944,2026-06-18,0.0
MA-BR-52,New Bedford 4.3 N,41.72305,-70.944,2026-06-19,0.0
MA-BR-52,New Bedford 4.3 N,41.72305,-70.944,2026-06-20,0.0
MA-BR-52,New Bedford 4.3 N,41.72305,-70.944,2026-06-21,0.0
MA-BR-52,New Bedford 4.3 N,41.72305,-70.944,2026-06-22,0.0
MA-BR-52,New Bedford 4.3 N,41.72305,-70.944,2026-06-23,3.25
MA-BR-52,New Bedford 4.3 N,41.72305,-70.944,2026-06-24,0.15
MA-BR-52,New Bedford 4.3 N,41.72305,-70.944,2026-06-25,0.0
MA-BR-52,New Bedford 4.3 N,41.72305,-70.944,2026-06-26,0.02
MA-BR-52,New Bedford 4.3 N,41.72305,-70.944,2026-06-27,0.03
MA-BR-52,New Bedford 4.3 N,41.72305,-70.944,2026-06-28,0.0
MA-BR-52,New Bedford 4.3 N,41.72305,-70.944,2026-06-29,0.03
MA-BR-52,New Bedford 4.3 N,41.72305,-70.944,2026-06-30,0.0
MA-BR-52,New Bedford 4.3 N,41.72305,-70.944,2026-07-01,0.0
MA-BR-52,New Bedford 4.3 N,41.72305,-70.944,2026-07-02,0.02
MA-BR-52,New Bedford 4.3 N,41.72305,-70.944,2026-07-03,0.0
MA-BR-52,New Bedford 4.3 N,41.72305,-70.944,2026-07-04,0.0
MA-BR-52,New Bedford 4.3 N,41.72305,-70.944,2026-07-05,0.21
MA-BR-52,New Bedford 4.3 N,41.72305,-70.944,2026-07-06,0.36
MA-BR-52,New Bedford 4.3 N,41.72305,-70.944,2026-07-07,0.55
MA-BR-52,New Bedford 4.3 N,41.72305,-70.944,2026-07-08,1.59
MA-BR-52,New Bedford 4.3 N,41.72305,-70.944,2026-07-09,0.0
MA-BR-52,New Bedford 4.3 N,41.72305,-70.944,2026-07-10,0.0
MA-BR-52,New Bedford 4.3 N,41.72305,-70.944,2026-07-11,0.33
MA-BR-52,New Bedford 4.3 N,41.72305,-70.944,2026-07-12,0.0
MA-BR-52,New Bedford 4.3 N,41.72305,-70.944,2026-07-13,0.0
MA-BR-52,New Bedford 4.3 N,41.72305,-70.944,2026-07-14,0.0
MA-BR-52,New Bedford 4.3 N,41.72305,-70.944,2026-07-15,0.0
MA-BR-52,New Bedford 4.3 N,41.72305,-70.944,2026-07-16,0.0
MA-BR-52,New Bedford 4.3 N,41.72305,-70.944,2026-07-17,0.0
MA-BR-52,New Bedford 4.3 N,41.72305,-70.944,2026-07-18,0.0
MA-BR-52,New Bedford 4.3 N,41.72305,-70.944,2026-07-19,0.65
MA-BR-52,New Bedford 4.3 N,41.72305,-70.944,2026-07-20,0.0
MA-BR-52,New Bedford 4.3 N,41.72305,-70.944,2026-07-21,0.0
MA-BR-52,New Bedford 4.3 N,41.72305,-70.944,2026-07-22,1.12
MA-BR-52,New Bedford 4.3 N,41.72305,-70.944,2026-07-23,0.0
MA-BR-52,New Bedford 4.3 N,41.72305,-70.944,2026-07-24,0.0
MA-BR-52,New Bedford 4.3 N,41.72305,-70.944,2026-07-25,0.0
MA-BR-52,New Bedford 4.3 N,41.72305,-70.944,2026-07-26,0.0
MA-BR-52,New Bedford 4.3 N,41.72305,-70.944,2026-07-27,0.0
MA-BR-52,New Bedford 4.3 N,41.72305,-70.944,2026-07-28,0.0
MA-BR-52,New Bedford 4.3 N,41.72305,-70.944,2026-07-29,0.0
MA-BR-52,New Bedford 4.3 N,41.72305,-70.944,2026-07-30,0.58
MA-BR-52,New Bedford 4.3 N,41.72305,-70.944,2026-07-31,0.07
MA-BR-52,New Bedford 4.3 N,41.72305,-70.944,2026-08-01,0.03
MA-BR-52,New Bedford 4.3 N,41.72305,-70.944,2026-08-02,0.0
MA-BR-52,New Bedford 4.3 N,41.72305,-70.944,2026-08-03,0.1
MA-BR-79,Fairhaven 1.9 ENE,41.64602,-70.86737,2025-01-07,0.0
MA-BR-79,Fairhaven 1.9 ENE,41.64602,-70.86737,2025-01-08,0.0
MA-BR-79,Fairhaven 1.9 ENE,41.64602,-70.86737,2025-01-17,0.0
MA-BR-79,Fairhaven 1.9 ENE,41.64602,-70.86737,2025-02-09,0.43
MA-BR-79,Fairhaven 1.9 ENE,41.64602,-70.86737,2025-04-22,0.0
MA-BR-79,Fairhaven 1.9 ENE,41.64602,-70.86737,2025-05-14,0.0
MA-BR-79,Fairhaven 1.9 ENE,41.64602,-70.86737,2025-06-09,0.0
MA-BR-79,Fairhaven 1.9 ENE,41.64602,-70.86737,2025-06-10,0.08
MA-BR-79,Fairhaven 1.9 ENE,41.64602,-70.86737,2025-06-11,0.49
MA-BR-79,Fairhaven 1.9 ENE,41.64602,-70.86737,2025-06-12,0.0
MA-BR-79,Fairhaven 1.9 ENE,41.64602,-70.86737,2025-06-13,0.0
MA-BR-79,Fairhaven 1.9 ENE,41.64602,-70.86737,2025-06-14,0.0
MA-BR-79,Fairhaven 1.9 ENE,41.64602,-70.86737,2025-06-15,0.07
MA-BR-79,Fairhaven 1.9 ENE,41.64602,-70.86737,2025-06-16,0.0
MA-BR-79,Fairhaven 1.9 ENE,41.64602,-70.86737,2025-06-17,0.0
MA-BR-79,Fairhaven 1.9 ENE,41.64602,-70.86737,2025-06-18,0.02
MA-BR-79,Fairhaven 1.9 ENE,41.64602,-70.86737,2025-06-19,0.0
MA-BR-79,Fairhaven 1.9 ENE,41.64602,-70.86737,2025-06-20,0.0
MA-BR-79,Fairhaven 1.9 ENE,41.64602,-70.86737,2025-06-21,0.0
MA-BR-79,Fairhaven 1.9 ENE,41.64602,-70.86737,2025-06-22,0.0
MA-BR-79,Fairhaven 1.9 ENE,41.64602,-70.86737,2025-06-23,0.02
MA-BR-79,Fairhaven 1.9 ENE,41.64602,-70.86737,2025-06-24,0.0
MA-BR-79,Fairhaven 1.9 ENE,41.64602,-70.86737,2025-06-25,0.0
MA-BR-79,Fairhaven 1.9 ENE,41.64602,-70.86737,2025-06-26,0.16
MA-BR-79,Fairhaven 1.9 ENE,41.64602,-70.86737,2025-06-27,0.03
MA-BR-79,Fairhaven 1.9 ENE,41.64602,-70.86737,2025-06-28,0.0
MA-BR-79,Fairhaven 1.9 ENE,41.64602,-70.86737,2025-06-29,0.0
MA-BR-79,Fairhaven 1.9 ENE,41.64602,-70.86737,2025-06-30,0.0
MA-BR-79,Fairhaven 1.9 ENE,41.64602,-70.86737,2025-07-01,0.02
MA-BR-79,Fairhaven 1.9 ENE,41.64602,-70.86737,2025-07-02,0.06
MA-BR-79,Fairhaven 1.9 ENE,41.64602,-70.86737,2025-07-03,0.0
MA-BR-79,Fairhaven 1.9 ENE,41.64602,-70.86737,2025-07-04,0.28
MA-BR-79,Fairhaven 1.9 ENE,41.64602,-70.86737,2025-07-05,0.0
MA-BR-79,Fairhaven 1.9 ENE,41.64602,-70.86737,2025-07-06,0.0
MA-BR-79,Fairhaven 1.9 ENE,41.64602,-70.86737,2025-07-07,0.0
MA-BR-79,Fairhaven 1.9 ENE,41.64602,-70.86737,2025-07-08,0.23
MA-BR-79,Fairhaven 1.9 ENE,41.64602,-70.86737,2025-07-09,0.84
MA-BR-79,Fairhaven 1.9 ENE,41.64602,-70.86737,2025-07-10,0.18
MA-BR-79,Fairhaven 1.9 ENE,41.64602,-70.86737,2025-07-11,0.39
MA-BR-79,Fairhaven 1.9 ENE,41.64602,-70.86737,2025-07-12,0.0
MA-BR-79,Fairhaven 1.9 ENE,41.64602,-70.86737,2025-07-13,0.0
MA-BR-79,Fairhaven 1.9 ENE,41.64602,-70.86737,2025-07-14,0.0
MA-BR-79,Fairhaven 1.9 ENE,41.64602,-70.86737,2025-07-15,0.05
MA-BR-79,Fairhaven 1.9 ENE,41.64602,-70.86737,2025-07-16,0.02
MA-BR-79,Fairhaven 1.9 ENE,41.64602,-70.86737,2025-07-17,0.0
MA-BR-79,Fairhaven 1.9 ENE,41.64602,-70.86737,2025-07-18,0.0
MA-BR-79,Fairhaven 1.9 ENE,41.64602,-70.86737,2025-07-19,0.0
MA-BR-79,Fairhaven 1.9 ENE,41.64602,-70.86737,2025-07-20,0.0
MA-BR-79,Fairhaven 1.9 ENE,41.64602,-70.86737,2025-07-21,0.02
MA-BR-79,Fairhaven 1.9 ENE,41.64602,-70.86737,2025-07-22,0.0
MA-BR-79,Fairhaven 1.9 ENE,41.64602,-70.86737,2025-07-23,0.0
MA-BR-79,Fairhaven 1.9 ENE,41.64602,-70.86737,2025-07-24,0.0
MA-BR-79,Fairhaven 1.9 ENE,41.64602,-70.86737,2025-07-25,0.0
MA-BR-79,Fairhaven 1.9 ENE,41.64602,-70.86737,2025-07-26,0.31
MA-BR-79,Fairhaven 1.9 ENE,41.64602,-70.86737,2025-07-27,0.0
MA-BR-79,Fairhaven 1.9 ENE,41.64602,-70.86737,2025-07-28,0.0
MA-BR-79,Fairhaven 1.9 ENE,41.64602,-70.86737,2025-07-29,0.0
MA-BR-79,Fairhaven 1.9 ENE,41.64602,-70.86737,2025-07-30,0.0
MA-BR-79,Fairhaven 1.9 ENE,41.64602,-70.86737,2025-07-31,0.0
MA-BR-79,Fairhaven 1.9 ENE,41.64602,-70.86737,2025-08-01,0.43
MA-BR-79,Fairhaven 1.9 ENE,41.64602,-70.86737,2025-08-02,0.02
MA-BR-79,Fairhaven 1.9 ENE,41.64602,-70.86737,2025-08-03,0.0
MA-BR-79,Fairhaven 1.9 ENE,41.64602,-70.86737,2025-08-04,0.0
MA-BR-79,Fairhaven 1.9 ENE,41.64602,-70.86737,2025-08-05,0.0
MA-BR-79,Fairhaven 1.9 ENE,41.64602,-70.86737,2025-08-06,0.0
MA-BR-79,Fairhaven 1.9 ENE,41.64602,-70.86737,2025-08-07,0.0
MA-BR-79,Fairhaven 1.9 ENE,41.64602,-70.86737,2025-08-08,0.0
MA-BR-79,Fairhaven 1.9 ENE,41.64602,-70.86737,2025-08-09,0.0
MA-BR-79,Fairhaven 1.9 ENE,41.64602,-70.86737,2025-08-10,0.0
MA-BR-79,Fairhaven 1.9 ENE,41.64602,-70.86737,2025-08-11,0.0
MA-BR-79,Fairhaven 1.9 ENE,41.64602,-70.86737,2025-08-12,0.0
MA-BR-79,Fairhaven 1.9 ENE,41.64602,-70.86737,2025-08-13,0.0
MA-BR-79,Fairhaven 1.9 ENE,41.64602,-70.86737,2025-08-14,0.0
MA-BR-79,Fairhaven 1.9 ENE,41.64602,-70.86737,2025-08-15,0.04
MA-BR-79,Fairhaven 1.9 ENE,41.64602,-70.86737,2025-08-16,0.0
MA-BR-79,Fairhaven 1.9 ENE,41.64602,-70.86737,2025-08-17,0.0
MA-BR-79,Fairhaven 1.9 ENE,41.64602,-70.86737,2025-08-18,0.0
MA-BR-79,Fairhaven 1.9 ENE,41.64602,-70.86737,2025-08-19,0.0
MA-BR-79,Fairhaven 1.9 ENE,41.64602,-70.86737,2025-08-20,0.0
MA-BR-79,Fairhaven 1.9 ENE,41.64602,-70.86737,2025-08-21,1.15
MA-BR-79,Fairhaven 1.9 ENE,41.64602,-70.86737,2025-08-22,0.0
MA-BR-79,Fairhaven 1.9 ENE,41.64602,-70.86737,2025-08-23,0.0
MA-BR-79,Fairhaven 1.9 ENE,41.64602,-70.86737,2025-08-24,0.0
MA-BR-79,Fairhaven 1.9 ENE,41.64602,-70.86737,2025-08-25,0.0
MA-BR-79,Fairhaven 1.9 ENE,41.64602,-70.86737,2025-08-26,0.0
MA-BR-79,Fairhaven 1.9 ENE,41.64602,-70.86737,2025-08-27,0.0
MA-BR-79,Fairhaven 1.9 ENE,41.64602,-70.86737,2025-08-28,0.0
MA-BR-79,Fairhaven 1.9 ENE,41.64602,-70.86737,2025-08-30,1.16
MA-BR-79,Fairhaven 1.9 ENE,41.64602,-70.86737,2025-08-31,0.0
MA-BR-79,Fairhaven 1.9 ENE,41.64602,-70.86737,2025-09-01,0.0
MA-BR-79,Fairhaven 1.9 ENE,41.64602,-70.86737,2025-09-02,0.0
MA-BR-79,Fairhaven 1.9 ENE,41.64602,-70.86737,2025-09-03,0.0
MA-BR-79,Fairhaven 1.9 ENE,41.64602,-70.86737,2025-09-04,0.0
MA-BR-79,Fairhaven 1.9 ENE,41.64602,-70.86737,2025-09-05,0.12
MA-BR-79,Fairhaven 1.9 ENE,41.64602,-70.86737,2025-09-06,0.0
MA-BR-79,Fairhaven 1.9 ENE,41.64602,-70.86737,2025-09-07,0.1
MA-BR-79,Fairhaven 1.9 ENE,41.64602,-70.86737,2025-09-08,1.11
MA-BR-79,Fairhaven 1.9 ENE,41.64602,-70.86737,2025-09-09,0.0
MA-BR-79,Fairhaven 1.9 ENE,41.64602,-70.86737,2025-09-10,0.0
MA-BR-79,Fairhaven 1.9 ENE,41.64602,-70.86737,2025-09-11,0.0
MA-BR-79,Fairhaven 1.9 ENE,41.64602,-70.86737,2025-09-12,0.0
MA-BR-79,Fairhaven 1.9 ENE,41.64602,-70.86737,2025-09-13,0.0
MA-BR-79,Fairhaven 1.9 ENE,41.64602,-70.86737,2025-09-14,0.0
MA-BR-79,Fairhaven 1.9 ENE,41.64602,-70.86737,2025-09-15,0.38
MA-BR-79,Fairhaven 1.9 ENE,41.64602,-70.86737,2025-09-16,0.0
MA-BR-79,Fairhaven 1.9 ENE,41.64602,-70.86737,2025-09-17,0.0
MA-BR-79,Fairhaven 1.9 ENE,41.64602,-70.86737,2025-09-18,0.26
MA-BR-79,Fairhaven 1.9 ENE,41.64602,-70.86737,2025-09-19,0.0
MA-BR-79,Fairhaven 1.9 ENE,41.64602,-70.86737,2025-09-20,0.0
MA-BR-79,Fairhaven 1.9 ENE,41.64602,-70.86737,2025-09-21,0.0
MA-BR-79,Fairhaven 1.9 ENE,41.64602,-70.86737,2025-09-22,0.0
MA-BR-79,Fairhaven 1.9 ENE,41.64602,-70.86737,2025-09-23,0.0
MA-BR-79,Fairhaven 1.9 ENE,41.64602,-70.86737,2025-09-24,0.09
MA-BR-79,Fairhaven 1.9 ENE,41.64602,-70.86737,2025-09-25,1.25
MA-BR-79,Fairhaven 1.9 ENE,41.64602,-70.86737,2025-09-26,1.46
MA-BR-79,Fairhaven 1.9 ENE,41.64602,-70.86737,2025-09-27,0.0
MA-BR-79,Fairhaven 1.9 ENE,41.64602,-70.86737,2025-09-28,0.08
MA-BR-79,Fairhaven 1.9 ENE,41.64602,-70.86737,2025-09-29,0.0
MA-BR-79,Fairhaven 1.9 ENE,41.64602,-70.86737,2025-09-30,0.0
MA-BR-79,Fairhaven 1.9 ENE,41.64602,-70.86737,2025-10-01,0.0
MA-BR-79,Fairhaven 1.9 ENE,41.64602,-70.86737,2025-10-02,0.0
MA-BR-79,Fairhaven 1.9 ENE,41.64602,-70.86737,2025-10-03,0.0
MA-BR-79,Fairhaven 1.9 ENE,41.64602,-70.86737,2025-10-04,0.0
MA-BR-79,Fairhaven 1.9 ENE,41.64602,-70.86737,2025-10-05,0.0
MA-BR-79,Fairhaven 1.9 ENE,41.64602,-70.86737,2025-10-06,0.0
MA-BR-79,Fairhaven 1.9 ENE,41.64602,-70.86737,2025-10-07,0.0
MA-BR-79,Fairhaven 1.9 ENE,41.64602,-70.86737,2025-10-08,0.0
MA-BR-79,Fairhaven 1.9 ENE,41.64602,-70.86737,2025-10-09,0.73
MA-BR-79,Fairhaven 1.9 ENE,41.64602,-70.86737,2025-10-10,0.0
MA-BR-79,Fairhaven 1.9 ENE,41.64602,-70.86737,2025-10-11,0.0
MA-BR-79,Fairhaven 1.9 ENE,41.64602,-70.86737,2025-10-12,0.0
MA-BR-79,Fairhaven 1.9 ENE,41.64602,-70.86737,2025-10-13,1.89
MA-BR-79,Fairhaven 1.9 ENE,41.64602,-70.86737,2025-10-14,1.2
MA-BR-79,Fairhaven 1.9 ENE,41.64602,-70.86737,2025-10-15,0.08
MA-BR-79,Fairhaven 1.9 ENE,41.64602,-70.86737,2025-10-16,0.0
MA-BR-79,Fairhaven 1.9 ENE,41.64602,-70.86737,2025-10-17,0.0
MA-BR-79,Fairhaven 1.9 ENE,41.64602,-70.86737,2025-10-18,0.0
MA-BR-79,Fairhaven 1.9 ENE,41.64602,-70.86737,2025-10-19,0.0
MA-BR-79,Fairhaven 1.9 ENE,41.64602,-70.86737,2025-10-20,0.0
MA-BR-79,Fairhaven 1.9 ENE,41.64602,-70.86737,2025-10-21,0.72
MA-BR-79,Fairhaven 1.9 ENE,41.64602,-70.86737,2025-10-22,0.0
MA-BR-79,Fairhaven 1.9 ENE,41.64602,-70.86737,2025-10-23,0.03
MA-BR-79,Fairhaven 1.9 ENE,41.64602,-70.86737,2025-10-24,0.0
MA-BR-79,Fairhaven 1.9 ENE,41.64602,-70.86737,2025-10-25,0.0
MA-BR-79,Fairhaven 1.9 ENE,41.64602,-70.86737,2025-10-26,0.0
MA-BR-79,Fairhaven 1.9 ENE,41.64602,-70.86737,2025-10-27,0.0
MA-BR-79,Fairhaven 1.9 ENE,41.64602,-70.86737,2025-10-28,0.04
MA-BR-79,Fairhaven 1.9 ENE,41.64602,-70.86737,2025-10-29,0.06
MA-BR-79,Fairhaven 1.9 ENE,41.64602,-70.86737,2025-10-31,1.58
MA-BR-79,Fairhaven 1.9 ENE,41.64602,-70.86737,2025-11-01,0.0
MA-BR-79,Fairhaven 1.9 ENE,41.64602,-70.86737,2025-11-02,0.0
MA-BR-79,Fairhaven 1.9 ENE,41.64602,-70.86737,2025-11-03,0.0
MA-BR-79,Fairhaven 1.9 ENE,41.64602,-70.86737,2025-11-04,0.21
MA-BR-79,Fairhaven 1.9 ENE,41.64602,-70.86737,2025-11-05,0.0
MA-BR-79,Fairhaven 1.9 ENE,41.64602,-70.86737,2025-11-06,0.07
MA-BR-79,Fairhaven 1.9 ENE,41.64602,-70.86737,2025-11-07,0.0
MA-BR-79,Fairhaven 1.9 ENE,41.64602,-70.86737,2025-11-08,0.02
MA-BR-79,Fairhaven 1.9 ENE,41.64602,-70.86737,2025-11-09,0.03
MA-BR-79,Fairhaven 1.9 ENE,41.64602,-70.86737,2025-11-10,1.68
MA-BR-79,Fairhaven 1.9 ENE,41.64602,-70.86737,2025-11-11,0.09
MA-BR-79,Fairhaven 1.9 ENE,41.64602,-70.86737,2025-11-12,0.0
MA-BR-79,Fairhaven 1.9 ENE,41.64602,-70.86737,2025-11-13,0.0
MA-BR-79,Fairhaven 1.9 ENE,41.64602,-70.86737,2025-11-14,0.0
MA-BR-79,Fairhaven 1.9 ENE,41.64602,-70.86737,2025-11-15,0.0
MA-BR-79,Fairhaven 1.9 ENE,41.64602,-70.86737,2025-11-16,0.82
MA-BR-79,Fairhaven 1.9 ENE,41.64602,-70.86737,2025-11-17,0.0
MA-BR-79,Fairhaven 1.9 ENE,41.64602,-70.86737,2025-11-18,0.0
MA-BR-79,Fairhaven 1.9 ENE,41.64602,-70.86737,2025-11-19,0.0
MA-BR-79,Fairhaven 1.9 ENE,41.64602,-70.86737,2025-11-20,0.0
MA-BR-79,Fairhaven 1.9 ENE,41.64602,-70.86737,2025-11-21,0.0
MA-BR-79,Fairhaven 1.9 ENE,41.64602,-70.86737,2025-11-22,0.03
MA-BR-79,Fairhaven 1.9 ENE,41.64602,-70.86737,2025-11-23,0.38
MA-BR-79,Fairhaven 1.9 ENE,41.64602,-70.86737,2025-11-24,0.0
MA-BR-79,Fairhaven 1.9 ENE,41.64602,-70.86737,2025-11-25,0.0
MA-BR-79,Fairhaven 1.9 ENE,41.64602,-70.86737,2025-11-26,0.29
MA-BR-79,Fairhaven 1.9 ENE,41.64602,-70.86737,2025-11-27,0.03
MA-BR-79,Fairhaven 1.9 ENE,41.64602,-70.86737,2025-11-28,0.0
MA-BR-79,Fairhaven 1.9 ENE,41.64602,-70.86737,2025-11-29,0.0
MA-BR-79,Fairhaven 1.9 ENE,41.64602,-70.86737,2025-11-30,0.0
MA-BR-79,Fairhaven 1.9 ENE,41.64602,-70.86737,2025-12-01,0.99
MA-BR-79,Fairhaven 1.9 ENE,41.64602,-70.86737,2025-12-02,0.0
MA-BR-79,Fairhaven 1.9 ENE,41.64602,-70.86737,2025-12-03,0.98
MA-BR-79,Fairhaven 1.9 ENE,41.64602,-70.86737,2025-12-04,0.0
MA-BR-79,Fairhaven 1.9 ENE,41.64602,-70.86737,2025-12-05,0.0
MA-BR-79,Fairhaven 1.9 ENE,41.64602,-70.86737,2025-12-25,0.0
MA-BR-79,Fairhaven 1.9 ENE,41.64602,-70.86737,2026-01-06,0.0
MA-BR-79,Fairhaven 1.9 ENE,41.64602,-70.86737,2026-01-15,0.0
MA-BR-79,Fairhaven 1.9 ENE,41.64602,-70.86737,2026-01-18,0.0
MA-BR-79,Fairhaven 1.9 ENE,41.64602,-70.86737,2026-04-07,0.0
MA-BR-79,Fairhaven 1.9 ENE,41.64602,-70.86737,2026-04-23,0.0
MA-BR-79,Fairhaven 1.9 ENE,41.64602,-70.86737,2026-04-28,0.0
MA-BR-79,Fairhaven 1.9 ENE,41.64602,-70.86737,2026-04-29,0.0
MA-BR-79,Fairhaven 1.9 ENE,41.64602,-70.86737,2026-04-30,0.04
MA-BR-79,Fairhaven 1.9 ENE,41.64602,-70.86737,2026-05-01,0.12
MA-BR-79,Fairhaven 1.9 ENE,41.64602,-70.86737,2026-05-02,0.0
MA-BR-79,Fairhaven 1.9 ENE,41.64602,-70.86737,2026-05-03,0.27
MA-BR-79,Fairhaven 1.9 ENE,41.64602,-70.86737,2026-05-04,0.0
MA-BR-79,Fairhaven 1.9 ENE,41.64602,-70.86737,2026-05-05,0.0
MA-BR-79,Fairhaven 1.9 ENE,41.64602,-70.86737,2026-05-07,0.53
MA-BR-79,Fairhaven 1.9 ENE,41.64602,-70.86737,2026-05-08,0.07
MA-BR-79,Fairhaven 1.9 ENE,41.64602,-70.86737,2026-05-09,0.03
MA-BR-79,Fairhaven 1.9 ENE,41.64602,-70.86737,2026-05-10,0.22
MA-BR-79,Fairhaven 1.9 ENE,41.64602,-70.86737,2026-05-11,0.21
MA-BR-79,Fairhaven 1.9 ENE,41.64602,-70.86737,2026-05-12,0.0
MA-BR-79,Fairhaven 1.9 ENE,41.64602,-70.86737,2026-05-13,0.0
MA-BR-79,Fairhaven 1.9 ENE,41.64602,-70.86737,2026-05-14,0.03
MA-BR-79,Fairhaven 1.9 ENE,41.64602,-70.86737,2026-05-15,0.2
MA-BR-79,Fairhaven 1.9 ENE,41.64602,-70.86737,2026-05-16,0.0
MA-BR-79,Fairhaven 1.9 ENE,41.64602,-70.86737,2026-05-17,0.0
MA-BR-79,Fairhaven 1.9 ENE,41.64602,-70.86737,2026-05-18,0.0
MA-BR-79,Fairhaven 1.9 ENE,41.64602,-70.86737,2026-05-19,0.0
MA-BR-79,Fairhaven 1.9 ENE,41.64602,-70.86737,2026-05-20,0.0
MA-BR-79,Fairhaven 1.9 ENE,41.64602,-70.86737,2026-05-21,0.06
MA-BR-79,Fairhaven 1.9 ENE,41.64602,-70.86737,2026-05-22,0.03
MA-BR-79,Fairhaven 1.9 ENE,41.64602,-70.86737,2026-05-23,0.0
MA-BR-79,Fairhaven 1.9 ENE,41.64602,-70.86737,2026-05-24,0.08
MA-BR-79,Fairhaven 1.9 ENE,41.64602,-70.86737,2026-05-25,0.98
MA-BR-79,Fairhaven 1.9 ENE,41.64602,-70.86737,2026-05-26,0.07
MA-BR-79,Fairhaven 1.9 ENE,41.64602,-70.86737,2026-05-27,0.0
MA-BR-79,Fairhaven 1.9 ENE,41.64602,-70.86737,2026-05-28,0.0
MA-BR-79,Fairhaven 1.9 ENE,41.64602,-70.86737,2026-05-29,0.17
MA-BR-79,Fairhaven 1.9 ENE,41.64602,-70.86737,2026-05-30,0.28
MA-BR-79,Fairhaven 1.9 ENE,41.64602,-70.86737,2026-05-31,0.38
MA-BR-79,Fairhaven 1.9 ENE,41.64602,-70.86737,2026-06-01,0.18
MA-BR-79,Fairhaven 1.9 ENE,41.64602,-70.86737,2026-06-02,0.0
MA-BR-79,Fairhaven 1.9 ENE,41.64602,-70.86737,2026-06-03,0.0
MA-BR-79,Fairhaven 1.9 ENE,41.64602,-70.86737,2026-06-04,0.0
MA-BR-79,Fairhaven 1.9 ENE,41.64602,-70.86737,2026-06-05,0.0
MA-BR-79,Fairhaven 1.9 ENE,41.64602,-70.86737,2026-06-06,0.0
MA-BR-79,Fairhaven 1.9 ENE,41.64602,-70.86737,2026-06-07,0.04
MA-BR-79,Fairhaven 1.9 ENE,41.64602,-70.86737,2026-06-08,0.06
MA-BR-79,Fairhaven 1.9 ENE,41.64602,-70.86737,2026-06-09,0.0
MA-BR-79,Fairhaven 1.9 ENE,41.64602,-70.86737,2026-06-10,0.0
MA-BR-79,Fairhaven 1.9 ENE,41.64602,-70.86737,2026-06-11,0.15
MA-BR-79,Fairhaven 1.9 ENE,41.64602,-70.86737,2026-06-12,0.02
MA-BR-79,Fairhaven 1.9 ENE,41.64602,-70.86737,2026-06-13,0.0
MA-BR-79,Fairhaven 1.9 ENE,41.64602,-70.86737,2026-06-14,0.0
MA-BR-79,Fairhaven 1.9 ENE,41.64602,-70.86737,2026-06-15,0.09
MA-BR-79,Fairhaven 1.9 ENE,41.64602,-70.86737,2026-06-16,0.0
MA-BR-79,Fairhaven 1.9 ENE,41.64602,-70.86737,2026-06-17,0.0
MA-BR-79,Fairhaven 1.9 ENE,41.64602,-70.86737,2026-06-18,0.0
MA-BR-79,Fairhaven 1.9 ENE,41.64602,-70.86737,2026-06-19,0.0
MA-BR-79,Fairhaven 1.9 ENE,41.64602,-70.86737,2026-06-20,0.0
MA-BR-79,Fairhaven 1.9 ENE,41.64602,-70.86737,2026-06-21,0.0
MA-BR-79,Fairhaven 1.9 ENE,41.64602,-70.86737,2026-06-22,0.0
MA-BR-79,Fairhaven 1.9 ENE,41.64602,-70.86737,2026-06-23,2.2
MA-BR-79,Fairhaven 1.9 ENE,41.64602,-70.86737,2026-06-24,0.18
MA-BR-79,Fairhaven 1.9 ENE,41.64602,-70.86737,2026-06-25,0.0
MA-BR-79,Fairhaven 1.9 ENE,41.64602,-70.86737,2026-06-26,0.0
MA-BR-79,Fairhaven 1.9 ENE,41.64602,-70.86737,2026-06-27,0.01
MA-BR-79,Fairhaven 1.9 ENE,41.64602,-70.86737,2026-06-28,0.04
MA-BR-79,Fairhaven 1.9 ENE,41.64602,-70.86737,2026-06-29,0.0
MA-BR-79,Fairhaven 1.9 ENE,41.64602,-70.86737,2026-06-30,0.0
MA-BR-79,Fairhaven 1.9 ENE,41.64602,-70.86737,2026-07-01,0.0
MA-BR-79,Fairhaven 1.9 ENE,41.64602,-70.86737,2026-07-02,0.0
MA-BR-79,Fairhaven 1.9 ENE,41.64602,-70.86737,2026-07-03,0.0
MA-BR-79,Fairhaven 1.9 ENE,41.64602,-70.86737,2026-07-04,0.0
MA-BR-79,Fairhaven 1.9 ENE,41.64602,-70.86737,2026-07-05,0.39
MA-BR-79,Fairhaven 1.9 ENE,41.64602,-70.86737,2026-07-06,0.39
MA-BR-79,Fairhaven 1.9 ENE,41.64602,-70.86737,2026-07-07,1.21
MA-BR-79,Fairhaven 1.9 ENE,41.64602,-70.86737,2026-07-08,2.29
MA-BR-79,Fairhaven 1.9 ENE,41.64602,-70.86737,2026-07-09,0.0
MA-BR-79,Fairhaven 1.9 ENE,41.64602,-70.86737,2026-07-10,0.0
MA-BR-79,Fairhaven 1.9 ENE,41.64602,-70.86737,2026-07-11,0.96
MA-BR-79,Fairhaven 1.9 ENE,41.64602,-70.86737,2026-07-12,0.0
MA-BR-79,Fairhaven 1.9 ENE,41.64602,-70.86737,2026-07-13,0.0
MA-BR-79,Fairhaven 1.9 ENE,41.64602,-70.86737,2026-07-14,0.0
MA-BR-79,Fairhaven 1.9 ENE,41.64602,-70.86737,2026-07-15,0.0
MA-BR-79,Fairhaven 1.9 ENE,41.64602,-70.86737,2026-07-16,0.0
MA-BR-79,Fairhaven 1.9 ENE,41.64602,-70.86737,2026-07-17,0.0
MA-BR-79,Fairhaven 1.9 ENE,41.64602,-70.86737,2026-07-18,0.0
MA-BR-79,Fairhaven 1.9 ENE,41.64602,-70.86737,2026-07-19,1.29
MA-BR-79,Fairhaven 1.9 ENE,41.64602,-70.86737,2026-07-20,0.0
MA-BR-79,Fairhaven 1.9 ENE,41.64602,-70.86737,2026-07-21,0.0
MA-BR-79,Fairhaven 1.9 ENE,41.64602,-70.86737,2026-07-22,1.42
MA-BR-79,Fairhaven 1.9 ENE,41.64602,-70.86737,2026-07-23,0.0
MA-BR-79,Fairhaven 1.9 ENE,41.64602,-70.86737,2026-07-24,0.0
MA-BR-79,Fairhaven 1.9 ENE,41.64602,-70.86737,2026-07-25,0.0
MA-BR-79,Fairhaven 1.9 ENE,41.64602,-70.86737,2026-07-26,0.0
MA-BR-79,Fairhaven 1.9 ENE,41.64602,-70.86737,2026-07-27,0.0
MA-BR-79,Fairhaven 1.9 ENE,41.64602,-70.86737,2026-07-28,0.0
MA-BR-79,Fairhaven 1.9 ENE,41.64602,-70.86737,2026-07-29,0.0
MA-BR-79,Fairhaven 1.9 ENE,41.64602,-70.86737,2026-07-30,0.53
MA-BR-79,Fairhaven 1.9 ENE,41.64602,-70.86737,2026-07-31,0.12
MA-BR-79,Fairhaven 1.9 ENE,41.64602,-70.86737,2026-08-01,0.11
MA-BR-79,Fairhaven 1.9 ENE,41.64602,-70.86737,2026-08-02,0.0
MA-BR-79,Fairhaven 1.9 ENE,41.64602,-70.86737,2026-08-03,0.2
MA-PL-63,Wareham 5.6 NE,41.800413009,-70.632944092,2025-01-01,0.6
MA-PL-63,Wareham 5.6 NE,41.800413009,-70.632944092,2025-01-02,0.07
MA-PL-63,Wareham 5.6 NE,41.800413009,-70.632944092,2025-01-03,0.0
MA-PL-63,Wareham 5.6 NE,41.800413009,-70.632944092,2025-01-04,0.0
MA-PL-63,Wareham 5.6 NE,41.800413009,-70.632944092,2025-01-05,0.0
MA-PL-63,Wareham 5.6 NE,41.800413009,-70.632944092,2025-01-06,0.0
MA-PL-63,Wareham 5.6 NE,41.800413009,-70.632944092,2025-01-07,0.0
MA-PL-63,Wareham 5.6 NE,41.800413009,-70.632944092,2025-01-08,0.0
MA-PL-63,Wareham 5.6 NE,41.800413009,-70.632944092,2025-01-09,0.0
MA-PL-63,Wareham 5.6 NE,41.800413009,-70.632944092,2025-01-10,0.0
MA-PL-63,Wareham 5.6 NE,41.800413009,-70.632944092,2025-01-11,0.0
MA-PL-63,Wareham 5.6 NE,41.800413009,-70.632944092,2025-01-12,0.11
MA-PL-63,Wareham 5.6 NE,41.800413009,-70.632944092,2025-01-13,0.0
MA-PL-63,Wareham 5.6 NE,41.800413009,-70.632944092,2025-01-14,0.0
MA-PL-63,Wareham 5.6 NE,41.800413009,-70.632944092,2025-01-15,0.0
MA-PL-63,Wareham 5.6 NE,41.800413009,-70.632944092,2025-01-16,0.0
MA-PL-63,Wareham 5.6 NE,41.800413009,-70.632944092,2025-01-17,0.01
MA-PL-63,Wareham 5.6 NE,41.800413009,-70.632944092,2025-01-18,0.0
MA-PL-63,Wareham 5.6 NE,41.800413009,-70.632944092,2025-01-19,0.76
MA-PL-63,Wareham 5.6 NE,41.800413009,-70.632944092,2025-01-20,0.37
MA-PL-63,Wareham 5.6 NE,41.800413009,-70.632944092,2025-01-21,0.0
MA-PL-63,Wareham 5.6 NE,41.800413009,-70.632944092,2025-01-22,0.0
MA-PL-63,Wareham 5.6 NE,41.800413009,-70.632944092,2025-01-23,0.0
MA-PL-63,Wareham 5.6 NE,41.800413009,-70.632944092,2025-01-24,0.0
MA-PL-63,Wareham 5.6 NE,41.800413009,-70.632944092,2025-01-25,0.0
MA-PL-63,Wareham 5.6 NE,41.800413009,-70.632944092,2025-01-26,0.0
MA-PL-63,Wareham 5.6 NE,41.800413009,-70.632944092,2025-01-27,0.0
MA-PL-63,Wareham 5.6 NE,41.800413009,-70.632944092,2025-01-28,0.0
MA-PL-63,Wareham 5.6 NE,41.800413009,-70.632944092,2025-01-29,0.01
MA-PL-63,Wareham 5.6 NE,41.800413009,-70.632944092,2025-01-30,0.0
MA-PL-63,Wareham 5.6 NE,41.800413009,-70.632944092,2025-01-31,0.0
MA-PL-63,Wareham 5.6 NE,41.800413009,-70.632944092,2025-02-01,0.82
MA-PL-63,Wareham 5.6 NE,41.800413009,-70.632944092,2025-02-02,0.05
MA-PL-63,Wareham 5.6 NE,41.800413009,-70.632944092,2025-02-03,0.2
MA-PL-63,Wareham 5.6 NE,41.800413009,-70.632944092,2025-02-04,0.0
MA-PL-63,Wareham 5.6 NE,41.800413009,-70.632944092,2025-02-05,0.0
MA-PL-63,Wareham 5.6 NE,41.800413009,-70.632944092,2025-02-06,0.0
MA-PL-63,Wareham 5.6 NE,41.800413009,-70.632944092,2025-02-07,0.26
MA-PL-63,Wareham 5.6 NE,41.800413009,-70.632944092,2025-02-08,0.0
MA-PL-63,Wareham 5.6 NE,41.800413009,-70.632944092,2025-02-09,0.5
MA-PL-63,Wareham 5.6 NE,41.800413009,-70.632944092,2025-02-10,0.03
MA-PL-63,Wareham 5.6 NE,41.800413009,-70.632944092,2025-02-11,0.0
MA-PL-63,Wareham 5.6 NE,41.800413009,-70.632944092,2025-02-12,0.0
MA-PL-63,Wareham 5.6 NE,41.800413009,-70.632944092,2025-02-13,0.22
MA-PL-63,Wareham 5.6 NE,41.800413009,-70.632944092,2025-02-14,0.05
MA-PL-63,Wareham 5.6 NE,41.800413009,-70.632944092,2025-02-15,0.0
MA-PL-63,Wareham 5.6 NE,41.800413009,-70.632944092,2025-02-16,0.77
MA-PL-63,Wareham 5.6 NE,41.800413009,-70.632944092,2025-02-17,1.11
MA-PL-63,Wareham 5.6 NE,41.800413009,-70.632944092,2025-02-18,0.0
MA-PL-63,Wareham 5.6 NE,41.800413009,-70.632944092,2025-02-19,0.0
MA-PL-63,Wareham 5.6 NE,41.800413009,-70.632944092,2025-02-20,0.0
MA-PL-63,Wareham 5.6 NE,41.800413009,-70.632944092,2025-02-21,0.02
MA-PL-63,Wareham 5.6 NE,41.800413009,-70.632944092,2025-02-22,0.0
MA-PL-63,Wareham 5.6 NE,41.800413009,-70.632944092,2025-02-23,0.0
MA-PL-63,Wareham 5.6 NE,41.800413009,-70.632944092,2025-02-24,0.0
MA-PL-63,Wareham 5.6 NE,41.800413009,-70.632944092,2025-02-25,0.0
MA-PL-63,Wareham 5.6 NE,41.800413009,-70.632944092,2025-02-26,0.0
MA-PL-63,Wareham 5.6 NE,41.800413009,-70.632944092,2025-02-27,0.02
MA-PL-63,Wareham 5.6 NE,41.800413009,-70.632944092,2025-02-28,0.06
MA-PL-63,Wareham 5.6 NE,41.800413009,-70.632944092,2025-03-01,0.0
MA-PL-63,Wareham 5.6 NE,41.800413009,-70.632944092,2025-03-02,0.0
MA-PL-63,Wareham 5.6 NE,41.800413009,-70.632944092,2025-03-03,0.0
MA-PL-63,Wareham 5.6 NE,41.800413009,-70.632944092,2025-03-04,0.0
MA-PL-63,Wareham 5.6 NE,41.800413009,-70.632944092,2025-03-05,0.0
MA-PL-63,Wareham 5.6 NE,41.800413009,-70.632944092,2025-03-06,0.53
MA-PL-63,Wareham 5.6 NE,41.800413009,-70.632944092,2025-03-07,0.09
MA-PL-63,Wareham 5.6 NE,41.800413009,-70.632944092,2025-03-08,0.0
MA-PL-63,Wareham 5.6 NE,41.800413009,-70.632944092,2025-03-09,0.0
MA-PL-63,Wareham 5.6 NE,41.800413009,-70.632944092,2025-03-10,0.0
MA-PL-63,Wareham 5.6 NE,41.800413009,-70.632944092,2025-03-11,0.0
MA-PL-63,Wareham 5.6 NE,41.800413009,-70.632944092,2025-03-12,0.0
MA-PL-63,Wareham 5.6 NE,41.800413009,-70.632944092,2025-03-13,0.0
MA-PL-63,Wareham 5.6 NE,41.800413009,-70.632944092,2025-03-14,0.0
MA-PL-63,Wareham 5.6 NE,41.800413009,-70.632944092,2025-03-15,0.0
MA-PL-63,Wareham 5.6 NE,41.800413009,-70.632944092,2025-03-16,0.0
MA-PL-63,Wareham 5.6 NE,41.800413009,-70.632944092,2025-03-17,0.79
MA-PL-63,Wareham 5.6 NE,41.800413009,-70.632944092,2025-03-18,1.38
MA-PL-63,Wareham 5.6 NE,41.800413009,-70.632944092,2025-03-19,0.0
MA-PL-63,Wareham 5.6 NE,41.800413009,-70.632944092,2025-03-20,0.02
MA-PL-63,Wareham 5.6 NE,41.800413009,-70.632944092,2025-03-21,0.25
MA-PL-63,Wareham 5.6 NE,41.800413009,-70.632944092,2025-03-22,0.12
MA-PL-63,Wareham 5.6 NE,41.800413009,-70.632944092,2025-03-23,0.0
MA-PL-63,Wareham 5.6 NE,41.800413009,-70.632944092,2025-03-24,0.0
MA-PL-63,Wareham 5.6 NE,41.800413009,-70.632944092,2025-03-25,0.63
MA-PL-63,Wareham 5.6 NE,41.800413009,-70.632944092,2025-03-26,0.0
MA-PL-63,Wareham 5.6 NE,41.800413009,-70.632944092,2025-03-27,0.0
MA-PL-63,Wareham 5.6 NE,41.800413009,-70.632944092,2025-03-28,0.0
MA-PL-63,Wareham 5.6 NE,41.800413009,-70.632944092,2025-03-29,0.06
MA-PL-63,Wareham 5.6 NE,41.800413009,-70.632944092,2025-03-30,0.08
MA-PL-63,Wareham 5.6 NE,41.800413009,-70.632944092,2025-03-31,0.0
MA-PL-63,Wareham 5.6 NE,41.800413009,-70.632944092,2025-04-01,0.22
MA-PL-63,Wareham 5.6 NE,41.800413009,-70.632944092,2025-04-02,0.03
MA-PL-63,Wareham 5.6 NE,41.800413009,-70.632944092,2025-04-03,0.14
MA-PL-63,Wareham 5.6 NE,41.800413009,-70.632944092,2025-04-04,0.19
MA-PL-63,Wareham 5.6 NE,41.800413009,-70.632944092,2025-04-05,0.0
MA-PL-63,Wareham 5.6 NE,41.800413009,-70.632944092,2025-04-06,0.64
MA-PL-63,Wareham 5.6 NE,41.800413009,-70.632944092,2025-04-07,0.03
MA-PL-63,Wareham 5.6 NE,41.800413009,-70.632944092,2025-04-08,0.42
MA-PL-63,Wareham 5.6 NE,41.800413009,-70.632944092,2025-04-09,0.04
MA-PL-63,Wareham 5.6 NE,41.800413009,-70.632944092,2025-04-10,0.0
MA-PL-63,Wareham 5.6 NE,41.800413009,-70.632944092,2025-04-11,0.07
MA-PL-63,Wareham 5.6 NE,41.800413009,-70.632944092,2025-04-12,0.41
MA-PL-63,Wareham 5.6 NE,41.800413009,-70.632944092,2025-04-13,0.15
MA-PL-63,Wareham 5.6 NE,41.800413009,-70.632944092,2025-04-14,0.44
MA-PL-63,Wareham 5.6 NE,41.800413009,-70.632944092,2025-04-15,0.15
MA-PL-63,Wareham 5.6 NE,41.800413009,-70.632944092,2025-04-16,0.03
MA-PL-63,Wareham 5.6 NE,41.800413009,-70.632944092,2025-04-17,0.0
MA-PL-63,Wareham 5.6 NE,41.800413009,-70.632944092,2025-04-18,0.0
MA-PL-63,Wareham 5.6 NE,41.800413009,-70.632944092,2025-04-19,0.0
MA-PL-63,Wareham 5.6 NE,41.800413009,-70.632944092,2025-04-20,0.0
MA-PL-63,Wareham 5.6 NE,41.800413009,-70.632944092,2025-04-21,0.0
MA-PL-63,Wareham 5.6 NE,41.800413009,-70.632944092,2025-04-22,0.13
MA-PL-63,Wareham 5.6 NE,41.800413009,-70.632944092,2025-04-23,0.0
MA-PL-63,Wareham 5.6 NE,41.800413009,-70.632944092,2025-04-24,0.0
MA-PL-63,Wareham 5.6 NE,41.800413009,-70.632944092,2025-04-25,0.0
MA-PL-63,Wareham 5.6 NE,41.800413009,-70.632944092,2025-04-26,0.0
MA-PL-63,Wareham 5.6 NE,41.800413009,-70.632944092,2025-04-27,0.89
MA-PL-63,Wareham 5.6 NE,41.800413009,-70.632944092,2025-04-28,0.0
MA-PL-63,Wareham 5.6 NE,41.800413009,-70.632944092,2025-04-29,0.0
MA-PL-63,Wareham 5.6 NE,41.800413009,-70.632944092,2025-04-30,0.0
MA-PL-63,Wareham 5.6 NE,41.800413009,-70.632944092,2025-05-01,0.0
MA-PL-63,Wareham 5.6 NE,41.800413009,-70.632944092,2025-05-02,0.19
MA-PL-63,Wareham 5.6 NE,41.800413009,-70.632944092,2025-05-03,0.05
MA-PL-63,Wareham 5.6 NE,41.800413009,-70.632944092,2025-05-04,0.0
MA-PL-63,Wareham 5.6 NE,41.800413009,-70.632944092,2025-05-05,0.2
MA-PL-63,Wareham 5.6 NE,41.800413009,-70.632944092,2025-05-06,0.0
MA-PL-63,Wareham 5.6 NE,41.800413009,-70.632944092,2025-05-07,0.09
MA-PL-63,Wareham 5.6 NE,41.800413009,-70.632944092,2025-05-08,0.0
MA-PL-63,Wareham 5.6 NE,41.800413009,-70.632944092,2025-05-09,0.0
MA-PL-63,Wareham 5.6 NE,41.800413009,-70.632944092,2025-05-10,1.36
MA-PL-63,Wareham 5.6 NE,41.800413009,-70.632944092,2025-05-11,0.01
MA-PL-63,Wareham 5.6 NE,41.800413009,-70.632944092,2025-05-12,0.0
MA-PL-63,Wareham 5.6 NE,41.800413009,-70.632944092,2025-05-13,0.0
MA-PL-63,Wareham 5.6 NE,41.800413009,-70.632944092,2025-05-14,0.0
MA-PL-63,Wareham 5.6 NE,41.800413009,-70.632944092,2025-05-15,0.11
MA-PL-63,Wareham 5.6 NE,41.800413009,-70.632944092,2025-05-16,0.07
MA-PL-63,Wareham 5.6 NE,41.800413009,-70.632944092,2025-05-17,0.0
MA-PL-63,Wareham 5.6 NE,41.800413009,-70.632944092,2025-05-18,0.01
MA-PL-63,Wareham 5.6 NE,41.800413009,-70.632944092,2025-05-19,0.0
MA-PL-63,Wareham 5.6 NE,41.800413009,-70.632944092,2025-05-20,0.0
MA-PL-63,Wareham 5.6 NE,41.800413009,-70.632944092,2025-05-21,0.0
MA-PL-63,Wareham 5.6 NE,41.800413009,-70.632944092,2025-05-22,0.02
MA-PL-63,Wareham 5.6 NE,41.800413009,-70.632944092,2025-05-23,4.95
MA-PL-63,Wareham 5.6 NE,41.800413009,-70.632944092,2025-05-24,0.04
MA-PL-63,Wareham 5.6 NE,41.800413009,-70.632944092,2025-05-25,0.05
MA-PL-63,Wareham 5.6 NE,41.800413009,-70.632944092,2025-05-26,0.0
MA-PL-63,Wareham 5.6 NE,41.800413009,-70.632944092,2025-05-27,0.0
MA-PL-63,Wareham 5.6 NE,41.800413009,-70.632944092,2025-05-28,0.0
MA-PL-63,Wareham 5.6 NE,41.800413009,-70.632944092,2025-05-29,0.14
MA-PL-63,Wareham 5.6 NE,41.800413009,-70.632944092,2025-05-30,0.03
MA-PL-63,Wareham 5.6 NE,41.800413009,-70.632944092,2025-05-31,0.17
MA-PL-63,Wareham 5.6 NE,41.800413009,-70.632944092,2025-06-01,0.11
MA-PL-63,Wareham 5.6 NE,41.800413009,-70.632944092,2025-06-02,0.0
MA-PL-63,Wareham 5.6 NE,41.800413009,-70.632944092,2025-06-03,0.0
MA-PL-63,Wareham 5.6 NE,41.800413009,-70.632944092,2025-06-04,0.0
MA-PL-63,Wareham 5.6 NE,41.800413009,-70.632944092,2025-06-05,0.0
MA-PL-63,Wareham 5.6 NE,41.800413009,-70.632944092,2025-06-06,0.0
MA-PL-63,Wareham 5.6 NE,41.800413009,-70.632944092,2025-06-07,0.0
MA-PL-63,Wareham 5.6 NE,41.800413009,-70.632944092,2025-06-08,1.07
MA-PL-63,Wareham 5.6 NE,41.800413009,-70.632944092,2025-06-09,0.0
MA-PL-63,Wareham 5.6 NE,41.800413009,-70.632944092,2025-06-10,0.03
MA-PL-63,Wareham 5.6 NE,41.800413009,-70.632944092,2025-06-11,0.43
MA-PL-63,Wareham 5.6 NE,41.800413009,-70.632944092,2025-06-12,0.0
MA-PL-63,Wareham 5.6 NE,41.800413009,-70.632944092,2025-06-13,0.0
MA-PL-63,Wareham 5.6 NE,41.800413009,-70.632944092,2025-06-14,0.0
MA-PL-63,Wareham 5.6 NE,41.800413009,-70.632944092,2025-06-15,0.05
MA-PL-63,Wareham 5.6 NE,41.800413009,-70.632944092,2025-06-16,0.0
MA-PL-63,Wareham 5.6 NE,41.800413009,-70.632944092,2025-06-17,0.0
MA-PL-63,Wareham 5.6 NE,41.800413009,-70.632944092,2025-06-18,0.06
MA-PL-63,Wareham 5.6 NE,41.800413009,-70.632944092,2025-06-19,0.0
MA-PL-63,Wareham 5.6 NE,41.800413009,-70.632944092,2025-06-20,0.0
MA-PL-63,Wareham 5.6 NE,41.800413009,-70.632944092,2025-06-21,0.0
MA-PL-63,Wareham 5.6 NE,41.800413009,-70.632944092,2025-06-22,0.0
MA-PL-63,Wareham 5.6 NE,41.800413009,-70.632944092,2025-06-23,0.01
MA-PL-63,Wareham 5.6 NE,41.800413009,-70.632944092,2025-06-24,0.0
MA-PL-63,Wareham 5.6 NE,41.800413009,-70.632944092,2025-06-25,0.0
MA-PL-63,Wareham 5.6 NE,41.800413009,-70.632944092,2025-06-26,0.03
MA-PL-63,Wareham 5.6 NE,41.800413009,-70.632944092,2025-06-27,0.03
MA-PL-63,Wareham 5.6 NE,41.800413009,-70.632944092,2025-06-28,0.03
MA-PL-63,Wareham 5.6 NE,41.800413009,-70.632944092,2025-06-29,0.04
MA-PL-63,Wareham 5.6 NE,41.800413009,-70.632944092,2025-06-30,0.0
MA-PL-63,Wareham 5.6 NE,41.800413009,-70.632944092,2025-07-01,0.0
MA-PL-63,Wareham 5.6 NE,41.800413009,-70.632944092,2025-07-02,0.05
MA-PL-63,Wareham 5.6 NE,41.800413009,-70.632944092,2025-07-03,0.02
MA-PL-63,Wareham 5.6 NE,41.800413009,-70.632944092,2025-07-04,1.39
MA-PL-63,Wareham 5.6 NE,41.800413009,-70.632944092,2025-07-05,0.0
MA-PL-63,Wareham 5.6 NE,41.800413009,-70.632944092,2025-07-06,0.0
MA-PL-63,Wareham 5.6 NE,41.800413009,-70.632944092,2025-07-07,0.0
MA-PL-63,Wareham 5.6 NE,41.800413009,-70.632944092,2025-07-08,0.08
MA-PL-63,Wareham 5.6 NE,41.800413009,-70.632944092,2025-07-09,0.36
MA-PL-63,Wareham 5.6 NE,41.800413009,-70.632944092,2025-07-10,0.16
MA-PL-63,Wareham 5.6 NE,41.800413009,-70.632944092,2025-07-11,0.95
MA-PL-63,Wareham 5.6 NE,41.800413009,-70.632944092,2025-07-12,0.0
MA-PL-63,Wareham 5.6 NE,41.800413009,-70.632944092,2025-07-13,0.0
MA-PL-63,Wareham 5.6 NE,41.800413009,-70.632944092,2025-07-14,0.0
MA-PL-63,Wareham 5.6 NE,41.800413009,-70.632944092,2025-07-15,0.04
MA-PL-63,Wareham 5.6 NE,41.800413009,-70.632944092,2025-07-16,0.0
MA-PL-63,Wareham 5.6 NE,41.800413009,-70.632944092,2025-07-17,0.0
MA-PL-63,Wareham 5.6 NE,41.800413009,-70.632944092,2025-07-18,0.0
MA-PL-63,Wareham 5.6 NE,41.800413009,-70.632944092,2025-07-19,0.0
MA-PL-63,Wareham 5.6 NE,41.800413009,-70.632944092,2025-07-20,0.0
MA-PL-63,Wareham 5.6 NE,41.800413009,-70.632944092,2025-07-21,0.0
MA-PL-63,Wareham 5.6 NE,41.800413009,-70.632944092,2025-07-22,0.0
MA-PL-63,Wareham 5.6 NE,41.800413009,-70.632944092,2025-07-23,0.0
MA-PL-63,Wareham 5.6 NE,41.800413009,-70.632944092,2025-07-24,0.0
MA-PL-63,Wareham 5.6 NE,41.800413009,-70.632944092,2025-07-25,0.0
MA-PL-63,Wareham 5.6 NE,41.800413009,-70.632944092,2025-07-26,0.09
MA-PL-63,Wareham 5.6 NE,41.800413009,-70.632944092,2025-07-27,0.0
MA-PL-63,Wareham 5.6 NE,41.800413009,-70.632944092,2025-07-28,0.01
MA-PL-63,Wareham 5.6 NE,41.800413009,-70.632944092,2025-07-29,0.0
MA-PL-63,Wareham 5.6 NE,41.800413009,-70.632944092,2025-07-30,0.0
MA-PL-63,Wareham 5.6 NE,41.800413009,-70.632944092,2025-07-31,0.0
MA-PL-63,Wareham 5.6 NE,41.800413009,-70.632944092,2025-08-01,0.44
MA-PL-63,Wareham 5.6 NE,41.800413009,-70.632944092,2025-08-02,0.14
MA-PL-63,Wareham 5.6 NE,41.800413009,-70.632944092,2025-08-03,0.0
MA-PL-63,Wareham 5.6 NE,41.800413009,-70.632944092,2025-08-04,0.0
MA-PL-63,Wareham 5.6 NE,41.800413009,-70.632944092,2025-08-05,0.0
MA-PL-63,Wareham 5.6 NE,41.800413009,-70.632944092,2025-08-06,0.0
MA-PL-63,Wareham 5.6 NE,41.800413009,-70.632944092,2025-08-07,0.0
MA-PL-63,Wareham 5.6 NE,41.800413009,-70.632944092,2025-08-08,0.0
MA-PL-63,Wareham 5.6 NE,41.800413009,-70.632944092,2025-08-09,0.0
MA-PL-63,Wareham 5.6 NE,41.800413009,-70.632944092,2025-08-10,0.0
MA-PL-63,Wareham 5.6 NE,41.800413009,-70.632944092,2025-08-11,0.0
MA-PL-63,Wareham 5.6 NE,41.800413009,-70.632944092,2025-08-12,0.0
MA-PL-63,Wareham 5.6 NE,41.800413009,-70.632944092,2025-08-13,0.0
MA-PL-63,Wareham 5.6 NE,41.800413009,-70.632944092,2025-08-14,0.0
MA-PL-63,Wareham 5.6 NE,41.800413009,-70.632944092,2025-08-15,0.0
MA-PL-63,Wareham 5.6 NE,41.800413009,-70.632944092,2025-08-16,0.0
MA-PL-63,Wareham 5.6 NE,41.800413009,-70.632944092,2025-08-17,0.0
MA-PL-63,Wareham 5.6 NE,41.800413009,-70.632944092,2025-08-18,0.05
MA-PL-63,Wareham 5.6 NE,41.800413009,-70.632944092,2025-08-19,0.0
MA-PL-63,Wareham 5.6 NE,41.800413009,-70.632944092,2025-08-20,0.0
MA-PL-63,Wareham 5.6 NE,41.800413009,-70.632944092,2025-08-21,0.94
MA-PL-63,Wareham 5.6 NE,41.800413009,-70.632944092,2025-08-22,0.0
MA-PL-63,Wareham 5.6 NE,41.800413009,-70.632944092,2025-08-23,0.0
MA-PL-63,Wareham 5.6 NE,41.800413009,-70.632944092,2025-08-24,0.0
MA-PL-63,Wareham 5.6 NE,41.800413009,-70.632944092,2025-08-25,0.0
MA-PL-63,Wareham 5.6 NE,41.800413009,-70.632944092,2025-08-26,0.0
MA-PL-63,Wareham 5.6 NE,41.800413009,-70.632944092,2025-08-27,0.0
MA-PL-63,Wareham 5.6 NE,41.800413009,-70.632944092,2025-08-28,0.18
MA-PL-63,Wareham 5.6 NE,41.800413009,-70.632944092,2025-08-29,0.0
MA-PL-63,Wareham 5.6 NE,41.800413009,-70.632944092,2025-08-30,0.32
MA-PL-63,Wareham 5.6 NE,41.800413009,-70.632944092,2025-08-31,0.0
MA-PL-63,Wareham 5.6 NE,41.800413009,-70.632944092,2025-09-01,0.0
MA-PL-63,Wareham 5.6 NE,41.800413009,-70.632944092,2025-09-02,0.0
MA-PL-63,Wareham 5.6 NE,41.800413009,-70.632944092,2025-09-03,0.0
MA-PL-63,Wareham 5.6 NE,41.800413009,-70.632944092,2025-09-04,0.0
MA-PL-63,Wareham 5.6 NE,41.800413009,-70.632944092,2025-09-05,0.05
MA-PL-63,Wareham 5.6 NE,41.800413009,-70.632944092,2025-09-06,0.0
MA-PL-63,Wareham 5.6 NE,41.800413009,-70.632944092,2025-09-07,0.03
MA-PL-63,Wareham 5.6 NE,41.800413009,-70.632944092,2025-09-08,1.07
MA-PL-63,Wareham 5.6 NE,41.800413009,-70.632944092,2025-09-09,0.0
MA-PL-63,Wareham 5.6 NE,41.800413009,-70.632944092,2025-09-10,0.0
MA-PL-63,Wareham 5.6 NE,41.800413009,-70.632944092,2025-09-11,0.0
MA-PL-63,Wareham 5.6 NE,41.800413009,-70.632944092,2025-09-12,0.0
MA-PL-63,Wareham 5.6 NE,41.800413009,-70.632944092,2025-09-13,0.0
MA-PL-63,Wareham 5.6 NE,41.800413009,-70.632944092,2025-09-14,0.0
MA-PL-63,Wareham 5.6 NE,41.800413009,-70.632944092,2025-09-15,0.0
MA-PL-63,Wareham 5.6 NE,41.800413009,-70.632944092,2025-09-16,0.0
MA-PL-63,Wareham 5.6 NE,41.800413009,-70.632944092,2025-09-17,0.0
MA-PL-63,Wareham 5.6 NE,41.800413009,-70.632944092,2025-09-18,1.15
MA-PL-63,Wareham 5.6 NE,41.800413009,-70.632944092,2025-09-19,0.0
MA-PL-63,Wareham 5.6 NE,41.800413009,-70.632944092,2025-09-20,0.0
MA-PL-63,Wareham 5.6 NE,41.800413009,-70.632944092,2025-09-21,0.0
MA-PL-63,Wareham 5.6 NE,41.800413009,-70.632944092,2025-09-22,0.0
MA-PL-63,Wareham 5.6 NE,41.800413009,-70.632944092,2025-09-23,0.0
MA-PL-63,Wareham 5.6 NE,41.800413009,-70.632944092,2025-09-24,0.04
MA-PL-63,Wareham 5.6 NE,41.800413009,-70.632944092,2025-09-25,0.68
MA-PL-63,Wareham 5.6 NE,41.800413009,-70.632944092,2025-09-26,2.12
MA-PL-63,Wareham 5.6 NE,41.800413009,-70.632944092,2025-09-27,0.0
MA-PL-63,Wareham 5.6 NE,41.800413009,-70.632944092,2025-09-28,0.05
MA-PL-63,Wareham 5.6 NE,41.800413009,-70.632944092,2025-09-29,0.0
MA-PL-63,Wareham 5.6 NE,41.800413009,-70.632944092,2025-09-30,0.0
MA-PL-63,Wareham 5.6 NE,41.800413009,-70.632944092,2025-10-01,0.0
MA-PL-63,Wareham 5.6 NE,41.800413009,-70.632944092,2025-10-02,0.0
MA-PL-63,Wareham 5.6 NE,41.800413009,-70.632944092,2025-10-03,0.0
MA-PL-63,Wareham 5.6 NE,41.800413009,-70.632944092,2025-10-04,0.0
MA-PL-63,Wareham 5.6 NE,41.800413009,-70.632944092,2025-10-05,0.0
MA-PL-63,Wareham 5.6 NE,41.800413009,-70.632944092,2025-10-06,0.0
MA-PL-63,Wareham 5.6 NE,41.800413009,-70.632944092,2025-10-07,0.0
MA-PL-63,Wareham 5.6 NE,41.800413009,-70.632944092,2025-10-08,0.0
MA-PL-63,Wareham 5.6 NE,41.800413009,-70.632944092,2025-10-09,1.22
MA-PL-63,Wareham 5.6 NE,41.800413009,-70.632944092,2025-10-10,0.0
MA-PL-63,Wareham 5.6 NE,41.800413009,-70.632944092,2025-10-11,0.0
MA-PL-63,Wareham 5.6 NE,41.800413009,-70.632944092,2025-10-12,0.0
MA-PL-63,Wareham 5.6 NE,41.800413009,-70.632944092,2025-10-13,2.42
MA-PL-63,Wareham 5.6 NE,41.800413009,-70.632944092,2025-10-14,3.06
MA-PL-63,Wareham 5.6 NE,41.800413009,-70.632944092,2025-10-15,0.71
MA-PL-63,Wareham 5.6 NE,41.800413009,-70.632944092,2025-10-16,0.0
MA-PL-63,Wareham 5.6 NE,41.800413009,-70.632944092,2025-10-17,0.0
MA-PL-63,Wareham 5.6 NE,41.800413009,-70.632944092,2025-10-18,0.0
MA-PL-63,Wareham 5.6 NE,41.800413009,-70.632944092,2025-10-19,0.0
MA-PL-63,Wareham 5.6 NE,41.800413009,-70.632944092,2025-10-20,0.0
MA-PL-63,Wareham 5.6 NE,41.800413009,-70.632944092,2025-10-21,0.74
MA-PL-63,Wareham 5.6 NE,41.800413009,-70.632944092,2025-10-22,0.0
MA-PL-63,Wareham 5.6 NE,41.800413009,-70.632944092,2025-10-23,0.12
MA-PL-63,Wareham 5.6 NE,41.800413009,-70.632944092,2025-10-24,0.0
MA-PL-63,Wareham 5.6 NE,41.800413009,-70.632944092,2025-10-25,0.03
MA-PL-63,Wareham 5.6 NE,41.800413009,-70.632944092,2025-10-26,0.0
MA-PL-63,Wareham 5.6 NE,41.800413009,-70.632944092,2025-10-27,0.0
MA-PL-63,Wareham 5.6 NE,41.800413009,-70.632944092,2025-10-28,0.04
MA-PL-63,Wareham 5.6 NE,41.800413009,-70.632944092,2025-10-29,0.02
MA-PL-63,Wareham 5.6 NE,41.800413009,-70.632944092,2025-10-30,0.09
MA-PL-63,Wareham 5.6 NE,41.800413009,-70.632944092,2025-10-31,1.63
MA-PL-63,Wareham 5.6 NE,41.800413009,-70.632944092,2025-11-01,0.0
MA-PL-63,Wareham 5.6 NE,41.800413009,-70.632944092,2025-11-02,0.0
MA-PL-63,Wareham 5.6 NE,41.800413009,-70.632944092,2025-11-03,0.0
MA-PL-63,Wareham 5.6 NE,41.800413009,-70.632944092,2025-11-04,0.22
MA-PL-63,Wareham 5.6 NE,41.800413009,-70.632944092,2025-11-05,0.0
MA-PL-63,Wareham 5.6 NE,41.800413009,-70.632944092,2025-11-06,0.05
MA-PL-63,Wareham 5.6 NE,41.800413009,-70.632944092,2025-11-07,0.0
MA-PL-63,Wareham 5.6 NE,41.800413009,-70.632944092,2025-11-08,0.03
MA-PL-63,Wareham 5.6 NE,41.800413009,-70.632944092,2025-11-09,0.06
MA-PL-63,Wareham 5.6 NE,41.800413009,-70.632944092,2025-11-10,1.78
MA-PL-63,Wareham 5.6 NE,41.800413009,-70.632944092,2025-11-11,0.13
MA-PL-63,Wareham 5.6 NE,41.800413009,-70.632944092,2025-11-12,0.0
MA-PL-63,Wareham 5.6 NE,41.800413009,-70.632944092,2025-11-13,0.0
MA-PL-63,Wareham 5.6 NE,41.800413009,-70.632944092,2025-11-14,0.01
MA-PL-63,Wareham 5.6 NE,41.800413009,-70.632944092,2025-11-15,0.0
MA-PL-63,Wareham 5.6 NE,41.800413009,-70.632944092,2025-11-16,0.88
MA-PL-63,Wareham 5.6 NE,41.800413009,-70.632944092,2025-11-17,0.0
MA-PL-63,Wareham 5.6 NE,41.800413009,-70.632944092,2025-11-18,0.0
MA-PL-63,Wareham 5.6 NE,41.800413009,-70.632944092,2025-11-19,0.0
MA-PL-63,Wareham 5.6 NE,41.800413009,-70.632944092,2025-11-20,0.0
MA-PL-63,Wareham 5.6 NE,41.800413009,-70.632944092,2025-11-21,0.0
MA-PL-63,Wareham 5.6 NE,41.800413009,-70.632944092,2025-11-22,0.01
MA-PL-63,Wareham 5.6 NE,41.800413009,-70.632944092,2025-11-23,0.47
MA-PL-63,Wareham 5.6 NE,41.800413009,-70.632944092,2025-11-24,0.02
MA-PL-63,Wareham 5.6 NE,41.800413009,-70.632944092,2025-11-25,0.0
MA-PL-63,Wareham 5.6 NE,41.800413009,-70.632944092,2025-11-26,0.29
MA-PL-63,Wareham 5.6 NE,41.800413009,-70.632944092,2025-11-27,0.02
MA-PL-63,Wareham 5.6 NE,41.800413009,-70.632944092,2025-11-28,0.0
MA-PL-63,Wareham 5.6 NE,41.800413009,-70.632944092,2025-11-29,0.0
MA-PL-63,Wareham 5.6 NE,41.800413009,-70.632944092,2025-11-30,0.0
MA-PL-63,Wareham 5.6 NE,41.800413009,-70.632944092,2025-12-01,0.98
MA-PL-63,Wareham 5.6 NE,41.800413009,-70.632944092,2025-12-02,0.0
MA-PL-63,Wareham 5.6 NE,41.800413009,-70.632944092,2025-12-03,0.95
MA-PL-63,Wareham 5.6 NE,41.800413009,-70.632944092,2025-12-04,0.0
MA-PL-63,Wareham 5.6 NE,41.800413009,-70.632944092,2025-12-05,0.0
MA-PL-63,Wareham 5.6 NE,41.800413009,-70.632944092,2025-12-06,0.0
MA-PL-63,Wareham 5.6 NE,41.800413009,-70.632944092,2025-12-07,0.03
MA-PL-63,Wareham 5.6 NE,41.800413009,-70.632944092,2025-12-08,0.0
MA-PL-63,Wareham 5.6 NE,41.800413009,-70.632944092,2025-12-09,0.0
MA-PL-63,Wareham 5.6 NE,41.800413009,-70.632944092,2025-12-10,0.03
MA-PL-63,Wareham 5.6 NE,41.800413009,-70.632944092,2025-12-11,0.01
MA-PL-63,Wareham 5.6 NE,41.800413009,-70.632944092,2025-12-12,0.0
MA-PL-63,Wareham 5.6 NE,41.800413009,-70.632944092,2025-12-13,0.0
MA-PL-63,Wareham 5.6 NE,41.800413009,-70.632944092,2025-12-14,0.19
MA-PL-63,Wareham 5.6 NE,41.800413009,-70.632944092,2025-12-15,0.15
MA-PL-63,Wareham 5.6 NE,41.800413009,-70.632944092,2025-12-16,0.0
MA-PL-63,Wareham 5.6 NE,41.800413009,-70.632944092,2025-12-17,0.0
MA-PL-63,Wareham 5.6 NE,41.800413009,-70.632944092,2025-12-18,0.0
MA-PL-63,Wareham 5.6 NE,41.800413009,-70.632944092,2025-12-19,0.09
MA-PL-63,Wareham 5.6 NE,41.800413009,-70.632944092,2025-12-20,0.52
MA-PL-63,Wareham 5.6 NE,41.800413009,-70.632944092,2025-12-21,0.0
MA-PL-63,Wareham 5.6 NE,41.800413009,-70.632944092,2025-12-22,0.0
MA-PL-63,Wareham 5.6 NE,41.800413009,-70.632944092,2025-12-23,0.0
MA-PL-63,Wareham 5.6 NE,41.800413009,-70.632944092,2025-12-24,0.13
MA-PL-63,Wareham 5.6 NE,41.800413009,-70.632944092,2025-12-25,0.02
MA-PL-63,Wareham 5.6 NE,41.800413009,-70.632944092,2025-12-26,0.01
MA-PL-63,Wareham 5.6 NE,41.800413009,-70.632944092,2025-12-27,0.27
MA-PL-63,Wareham 5.6 NE,41.800413009,-70.632944092,2025-12-28,0.01
MA-PL-63,Wareham 5.6 NE,41.800413009,-70.632944092,2025-12-29,0.27
MA-PL-63,Wareham 5.6 NE,41.800413009,-70.632944092,2025-12-30,0.3
MA-PL-63,Wareham 5.6 NE,41.800413009,-70.632944092,2025-12-31,0.0
MA-PL-63,Wareham 5.6 NE,41.800413009,-70.632944092,2026-01-01,0.12
MA-PL-63,Wareham 5.6 NE,41.800413009,-70.632944092,2026-01-02,0.07
MA-PL-63,Wareham 5.6 NE,41.800413009,-70.632944092,2026-01-03,0.0
MA-PL-63,Wareham 5.6 NE,41.800413009,-70.632944092,2026-01-04,0.0
MA-PL-63,Wareham 5.6 NE,41.800413009,-70.632944092,2026-01-05,0.02
MA-PL-63,Wareham 5.6 NE,41.800413009,-70.632944092,2026-01-06,0.05
MA-PL-63,Wareham 5.6 NE,41.800413009,-70.632944092,2026-01-07,0.07
MA-PL-63,Wareham 5.6 NE,41.800413009,-70.632944092,2026-01-08,0.06
MA-PL-63,Wareham 5.6 NE,41.800413009,-70.632944092,2026-01-09,0.0
MA-PL-63,Wareham 5.6 NE,41.800413009,-70.632944092,2026-01-10,0.07
MA-PL-63,Wareham 5.6 NE,41.800413009,-70.632944092,2026-01-11,0.63
MA-PL-63,Wareham 5.6 NE,41.800413009,-70.632944092,2026-01-12,0.01
MA-PL-63,Wareham 5.6 NE,41.800413009,-70.632944092,2026-01-13,0.0
MA-PL-63,Wareham 5.6 NE,41.800413009,-70.632944092,2026-01-14,0.0
MA-PL-63,Wareham 5.6 NE,41.800413009,-70.632944092,2026-01-15,0.0
MA-PL-63,Wareham 5.6 NE,41.800413009,-70.632944092,2026-01-16,0.0
MA-PL-63,Wareham 5.6 NE,41.800413009,-70.632944092,2026-01-17,0.0
MA-PL-63,Wareham 5.6 NE,41.800413009,-70.632944092,2026-01-18,0.0
MA-PL-63,Wareham 5.6 NE,41.800413009,-70.632944092,2026-01-19,0.84
MA-PL-63,Wareham 5.6 NE,41.800413009,-70.632944092,2026-01-20,0.0
MA-PL-63,Wareham 5.6 NE,41.800413009,-70.632944092,2026-01-21,0.0
MA-PL-63,Wareham 5.6 NE,41.800413009,-70.632944092,2026-01-22,0.0
MA-PL-63,Wareham 5.6 NE,41.800413009,-70.632944092,2026-01-23,0.0
MA-PL-63,Wareham 5.6 NE,41.800413009,-70.632944092,2026-01-24,0.0
MA-PL-63,Wareham 5.6 NE,41.800413009,-70.632944092,2026-01-25,0.0
MA-PL-63,Wareham 5.6 NE,41.800413009,-70.632944092,2026-01-26,1.72
MA-PL-63,Wareham 5.6 NE,41.800413009,-70.632944092,2026-01-27,0.19
MA-PL-63,Wareham 5.6 NE,41.800413009,-70.632944092,2026-01-28,0.0
MA-PL-63,Wareham 5.6 NE,41.800413009,-70.632944092,2026-01-29,0.0
MA-PL-63,Wareham 5.6 NE,41.800413009,-70.632944092,2026-01-30,0.0
MA-PL-63,Wareham 5.6 NE,41.800413009,-70.632944092,2026-01-31,0.0
MA-PL-63,Wareham 5.6 NE,41.800413009,-70.632944092,2026-02-01,0.01
MA-PL-63,Wareham 5.6 NE,41.800413009,-70.632944092,2026-02-02,0.02
MA-PL-63,Wareham 5.6 NE,41.800413009,-70.632944092,2026-02-03,0.0
MA-PL-63,Wareham 5.6 NE,41.800413009,-70.632944092,2026-02-04,0.0
MA-PL-63,Wareham 5.6 NE,41.800413009,-70.632944092,2026-02-05,0.0
MA-PL-63,Wareham 5.6 NE,41.800413009,-70.632944092,2026-02-06,0.0
MA-PL-63,Wareham 5.6 NE,41.800413009,-70.632944092,2026-02-07,0.0
MA-PL-63,Wareham 5.6 NE,41.800413009,-70.632944092,2026-02-08,0.24
MA-PL-63,Wareham 5.6 NE,41.800413009,-70.632944092,2026-02-09,0.0
MA-PL-63,Wareham 5.6 NE,41.800413009,-70.632944092,2026-02-10,0.0
MA-PL-63,Wareham 5.6 NE,41.800413009,-70.632944092,2026-02-11,0.25
MA-PL-63,Wareham 5.6 NE,41.800413009,-70.632944092,2026-02-12,0.0
MA-PL-63,Wareham 5.6 NE,41.800413009,-70.632944092,2026-02-13,0.0
MA-PL-63,Wareham 5.6 NE,41.800413009,-70.632944092,2026-02-14,0.0
MA-PL-63,Wareham 5.6 NE,41.800413009,-70.632944092,2026-02-15,0.0
MA-PL-63,Wareham 5.6 NE,41.800413009,-70.632944092,2026-02-16,0.0
MA-PL-63,Wareham 5.6 NE,41.800413009,-70.632944092,2026-02-17,0.0
MA-PL-63,Wareham 5.6 NE,41.800413009,-70.632944092,2026-02-18,0.0
MA-PL-63,Wareham 5.6 NE,41.800413009,-70.632944092,2026-02-19,0.15
MA-PL-63,Wareham 5.6 NE,41.800413009,-70.632944092,2026-02-20,0.0
MA-PL-63,Wareham 5.6 NE,41.800413009,-70.632944092,2026-02-21,0.51
MA-PL-63,Wareham 5.6 NE,41.800413009,-70.632944092,2026-02-22,0.0
MA-PL-63,Wareham 5.6 NE,41.800413009,-70.632944092,2026-02-23,0.83
MA-PL-63,Wareham 5.6 NE,41.800413009,-70.632944092,2026-02-24,2.51
MA-PL-63,Wareham 5.6 NE,41.800413009,-70.632944092,2026-02-25,0.0
MA-PL-63,Wareham 5.6 NE,41.800413009,-70.632944092,2026-02-26,0.06
MA-PL-63,Wareham 5.6 NE,41.800413009,-70.632944092,2026-02-27,0.0
MA-PL-63,Wareham 5.6 NE,41.800413009,-70.632944092,2026-02-28,0.0
MA-PL-63,Wareham 5.6 NE,41.800413009,-70.632944092,2026-03-01,0.0
MA-PL-63,Wareham 5.6 NE,41.800413009,-70.632944092,2026-03-02,0.02
MA-PL-63,Wareham 5.6 NE,41.800413009,-70.632944092,2026-03-03,0.0
MA-PL-63,Wareham 5.6 NE,41.800413009,-70.632944092,2026-03-04,0.72
MA-PL-63,Wareham 5.6 NE,41.800413009,-70.632944092,2026-03-05,0.0
MA-PL-63,Wareham 5.6 NE,41.800413009,-70.632944092,2026-03-06,0.99
MA-PL-63,Wareham 5.6 NE,41.800413009,-70.632944092,2026-03-07,0.11
MA-PL-63,Wareham 5.6 NE,41.800413009,-70.632944092,2026-03-08,0.02
MA-PL-63,Wareham 5.6 NE,41.800413009,-70.632944092,2026-03-09,0.01
MA-PL-63,Wareham 5.6 NE,41.800413009,-70.632944092,2026-03-10,0.0
MA-PL-63,Wareham 5.6 NE,41.800413009,-70.632944092,2026-03-11,0.0
MA-PL-63,Wareham 5.6 NE,41.800413009,-70.632944092,2026-03-12,0.09
MA-PL-63,Wareham 5.6 NE,41.800413009,-70.632944092,2026-03-13,0.06
MA-PL-63,Wareham 5.6 NE,41.800413009,-70.632944092,2026-03-14,0.04
MA-PL-63,Wareham 5.6 NE,41.800413009,-70.632944092,2026-03-15,0.0
MA-PL-63,Wareham 5.6 NE,41.800413009,-70.632944092,2026-03-16,0.15
MA-PL-63,Wareham 5.6 NE,41.800413009,-70.632944092,2026-03-17,1.21
MA-PL-63,Wareham 5.6 NE,41.800413009,-70.632944092,2026-03-18,0.0
MA-PL-63,Wareham 5.6 NE,41.800413009,-70.632944092,2026-03-19,0.0
MA-PL-63,Wareham 5.6 NE,41.800413009,-70.632944092,2026-03-20,0.0
MA-PL-63,Wareham 5.6 NE,41.800413009,-70.632944092,2026-03-21,0.28
MA-PL-63,Wareham 5.6 NE,41.800413009,-70.632944092,2026-03-22,0.0
MA-PL-63,Wareham 5.6 NE,41.800413009,-70.632944092,2026-03-23,1.47
MA-PL-63,Wareham 5.6 NE,41.800413009,-70.632944092,2026-03-24,0.74
MA-PL-63,Wareham 5.6 NE,41.800413009,-70.632944092,2026-03-25,0.0
MA-PL-63,Wareham 5.6 NE,41.800413009,-70.632944092,2026-03-26,0.01
MA-PL-63,Wareham 5.6 NE,41.800413009,-70.632944092,2026-03-27,0.16
MA-PL-63,Wareham 5.6 NE,41.800413009,-70.632944092,2026-03-28,0.0
MA-PL-63,Wareham 5.6 NE,41.800413009,-70.632944092,2026-03-29,0.0
MA-PL-63,Wareham 5.6 NE,41.800413009,-70.632944092,2026-03-30,0.0
MA-PL-63,Wareham 5.6 NE,41.800413009,-70.632944092,2026-03-31,0.03
MA-PL-63,Wareham 5.6 NE,41.800413009,-70.632944092,2026-04-01,0.15
MA-PL-63,Wareham 5.6 NE,41.800413009,-70.632944092,2026-04-02,0.93
MA-PL-63,Wareham 5.6 NE,41.800413009,-70.632944092,2026-04-03,0.3
MA-PL-63,Wareham 5.6 NE,41.800413009,-70.632944092,2026-04-04,0.01
MA-PL-63,Wareham 5.6 NE,41.800413009,-70.632944092,2026-04-05,0.07
MA-PL-63,Wareham 5.6 NE,41.800413009,-70.632944092,2026-04-06,0.27
MA-PL-63,Wareham 5.6 NE,41.800413009,-70.632944092,2026-04-07,0.0
MA-PL-63,Wareham 5.6 NE,41.800413009,-70.632944092,2026-04-08,0.14
MA-PL-63,Wareham 5.6 NE,41.800413009,-70.632944092,2026-04-09,0.0
MA-PL-63,Wareham 5.6 NE,41.800413009,-70.632944092,2026-04-10,0.0
MA-PL-63,Wareham 5.6 NE,41.800413009,-70.632944092,2026-04-11,0.01
MA-PL-63,Wareham 5.6 NE,41.800413009,-70.632944092,2026-04-12,0.0
MA-PL-63,Wareham 5.6 NE,41.800413009,-70.632944092,2026-04-13,0.02
MA-PL-63,Wareham 5.6 NE,41.800413009,-70.632944092,2026-04-14,0.01
MA-PL-63,Wareham 5.6 NE,41.800413009,-70.632944092,2026-04-15,0.08
MA-PL-63,Wareham 5.6 NE,41.800413009,-70.632944092,2026-04-16,0.41
MA-PL-63,Wareham 5.6 NE,41.800413009,-70.632944092,2026-04-17,0.0
MA-PL-63,Wareham 5.6 NE,41.800413009,-70.632944092,2026-04-18,0.05
MA-PL-63,Wareham 5.6 NE,41.800413009,-70.632944092,2026-04-19,0.02
MA-PL-63,Wareham 5.6 NE,41.800413009,-70.632944092,2026-04-20,0.17
MA-PL-63,Wareham 5.6 NE,41.800413009,-70.632944092,2026-04-21,0.35
MA-PL-63,Wareham 5.6 NE,41.800413009,-70.632944092,2026-04-22,0.01
MA-PL-63,Wareham 5.6 NE,41.800413009,-70.632944092,2026-04-23,0.03
MA-PL-63,Wareham 5.6 NE,41.800413009,-70.632944092,2026-04-24,0.0
MA-PL-63,Wareham 5.6 NE,41.800413009,-70.632944092,2026-04-25,0.0
MA-PL-63,Wareham 5.6 NE,41.800413009,-70.632944092,2026-04-26,0.0
MA-PL-63,Wareham 5.6 NE,41.800413009,-70.632944092,2026-04-27,0.0
MA-PL-63,Wareham 5.6 NE,41.800413009,-70.632944092,2026-04-28,0.0
MA-PL-63,Wareham 5.6 NE,41.800413009,-70.632944092,2026-04-29,0.0
MA-PL-63,Wareham 5.6 NE,41.800413009,-70.632944092,2026-04-30,0.03
MA-PL-63,Wareham 5.6 NE,41.800413009,-70.632944092,2026-05-01,0.04
MA-PL-63,Wareham 5.6 NE,41.800413009,-70.632944092,2026-05-02,0.0
MA-PL-63,Wareham 5.6 NE,41.800413009,-70.632944092,2026-05-03,0.36
MA-PL-63,Wareham 5.6 NE,41.800413009,-70.632944092,2026-05-04,0.0
MA-PL-63,Wareham 5.6 NE,41.800413009,-70.632944092,2026-05-05,0.0
MA-PL-63,Wareham 5.6 NE,41.800413009,-70.632944092,2026-05-06,0.0
MA-PL-63,Wareham 5.6 NE,41.800413009,-70.632944092,2026-05-07,0.56
MA-PL-63,Wareham 5.6 NE,41.800413009,-70.632944092,2026-05-08,0.07
MA-PL-63,Wareham 5.6 NE,41.800413009,-70.632944092,2026-05-09,0.02
MA-PL-63,Wareham 5.6 NE,41.800413009,-70.632944092,2026-05-10,0.16
MA-PL-63,Wareham 5.6 NE,41.800413009,-70.632944092,2026-05-11,0.21
MA-PL-63,Wareham 5.6 NE,41.800413009,-70.632944092,2026-05-12,0.0
MA-PL-63,Wareham 5.6 NE,41.800413009,-70.632944092,2026-05-13,0.0
MA-PL-63,Wareham 5.6 NE,41.800413009,-70.632944092,2026-05-14,0.0
MA-PL-63,Wareham 5.6 NE,41.800413009,-70.632944092,2026-05-15,0.07
MA-PL-63,Wareham 5.6 NE,41.800413009,-70.632944092,2026-05-16,0.0
MA-PL-63,Wareham 5.6 NE,41.800413009,-70.632944092,2026-05-17,0.02
MA-PL-63,Wareham 5.6 NE,41.800413009,-70.632944092,2026-05-18,0.0
MA-PL-63,Wareham 5.6 NE,41.800413009,-70.632944092,2026-05-19,0.0
MA-PL-63,Wareham 5.6 NE,41.800413009,-70.632944092,2026-05-20,0.01
MA-PL-63,Wareham 5.6 NE,41.800413009,-70.632944092,2026-05-21,0.02
MA-PL-63,Wareham 5.6 NE,41.800413009,-70.632944092,2026-05-22,0.01
MA-PL-63,Wareham 5.6 NE,41.800413009,-70.632944092,2026-05-23,0.0
MA-PL-63,Wareham 5.6 NE,41.800413009,-70.632944092,2026-05-24,0.03
MA-PL-63,Wareham 5.6 NE,41.800413009,-70.632944092,2026-05-25,0.49
MA-PL-63,Wareham 5.6 NE,41.800413009,-70.632944092,2026-05-26,0.13
MA-PL-63,Wareham 5.6 NE,41.800413009,-70.632944092,2026-05-27,0.0
MA-PL-63,Wareham 5.6 NE,41.800413009,-70.632944092,2026-05-28,0.0
MA-PL-63,Wareham 5.6 NE,41.800413009,-70.632944092,2026-05-29,0.07
MA-PL-63,Wareham 5.6 NE,41.800413009,-70.632944092,2026-05-30,0.34
MA-PL-63,Wareham 5.6 NE,41.800413009,-70.632944092,2026-05-31,0.57
MA-PL-63,Wareham 5.6 NE,41.800413009,-70.632944092,2026-06-01,0.16
MA-PL-63,Wareham 5.6 NE,41.800413009,-70.632944092,2026-06-02,0.0
MA-PL-63,Wareham 5.6 NE,41.800413009,-70.632944092,2026-06-03,0.0
MA-PL-63,Wareham 5.6 NE,41.800413009,-70.632944092,2026-06-04,0.0
MA-PL-63,Wareham 5.6 NE,41.800413009,-70.632944092,2026-06-05,0.0
MA-PL-63,Wareham 5.6 NE,41.800413009,-70.632944092,2026-06-06,0.0
MA-PL-63,Wareham 5.6 NE,41.800413009,-70.632944092,2026-06-07,0.1
MA-PL-63,Wareham 5.6 NE,41.800413009,-70.632944092,2026-06-08,0.0
MA-PL-63,Wareham 5.6 NE,41.800413009,-70.632944092,2026-06-09,0.0
MA-PL-63,Wareham 5.6 NE,41.800413009,-70.632944092,2026-06-10,0.0
MA-PL-63,Wareham 5.6 NE,41.800413009,-70.632944092,2026-06-11,0.05
MA-PL-63,Wareham 5.6 NE,41.800413009,-70.632944092,2026-06-12,0.02
MA-PL-63,Wareham 5.6 NE,41.800413009,-70.632944092,2026-06-13,0.0
MA-PL-63,Wareham 5.6 NE,41.800413009,-70.632944092,2026-06-14,0.0
MA-PL-63,Wareham 5.6 NE,41.800413009,-70.632944092,2026-06-15,0.12
MA-PL-63,Wareham 5.6 NE,41.800413009,-70.632944092,2026-06-16,0.0
MA-PL-63,Wareham 5.6 NE,41.800413009,-70.632944092,2026-06-17,0.0
MA-PL-63,Wareham 5.6 NE,41.800413009,-70.632944092,2026-06-18,0.0
MA-PL-63,Wareham 5.6 NE,41.800413009,-70.632944092,2026-06-19,0.03
MA-PL-63,Wareham 5.6 NE,41.800413009,-70.632944092,2026-06-20,0.0
MA-PL-63,Wareham 5.6 NE,41.800413009,-70.632944092,2026-06-21,0.0
MA-PL-63,Wareham 5.6 NE,41.800413009,-70.632944092,2026-06-22,0.0
MA-PL-63,Wareham 5.6 NE,41.800413009,-70.632944092,2026-06-23,2.41
MA-PL-63,Wareham 5.6 NE,41.800413009,-70.632944092,2026-06-24,0.19
MA-PL-63,Wareham 5.6 NE,41.800413009,-70.632944092,2026-06-25,0.0
MA-PL-63,Wareham 5.6 NE,41.800413009,-70.632944092,2026-06-26,0.0
MA-PL-63,Wareham 5.6 NE,41.800413009,-70.632944092,2026-06-27,0.03
MA-PL-63,Wareham 5.6 NE,41.800413009,-70.632944092,2026-06-28,0.01
MA-PL-63,Wareham 5.6 NE,41.800413009,-70.632944092,2026-06-29,0.0
MA-PL-63,Wareham 5.6 NE,41.800413009,-70.632944092,2026-06-30,0.0
MA-PL-63,Wareham 5.6 NE,41.800413009,-70.632944092,2026-07-01,0.01
MA-PL-63,Wareham 5.6 NE,41.800413009,-70.632944092,2026-07-02,0.16
MA-PL-63,Wareham 5.6 NE,41.800413009,-70.632944092,2026-07-03,0.0
MA-PL-63,Wareham 5.6 NE,41.800413009,-70.632944092,2026-07-04,0.0
MA-PL-63,Wareham 5.6 NE,41.800413009,-70.632944092,2026-07-05,0.18
MA-PL-63,Wareham 5.6 NE,41.800413009,-70.632944092,2026-07-06,0.07
MA-PL-63,Wareham 5.6 NE,41.800413009,-70.632944092,2026-07-07,0.33
MA-PL-63,Wareham 5.6 NE,41.800413009,-70.632944092,2026-07-08,1.98
MA-PL-63,Wareham 5.6 NE,41.800413009,-70.632944092,2026-07-09,0.0
MA-PL-63,Wareham 5.6 NE,41.800413009,-70.632944092,2026-07-10,0.0
MA-PL-63,Wareham 5.6 NE,41.800413009,-70.632944092,2026-07-11,0.06
MA-PL-63,Wareham 5.6 NE,41.800413009,-70.632944092,2026-07-12,0.0
MA-PL-63,Wareham 5.6 NE,41.800413009,-70.632944092,2026-07-13,0.0
MA-PL-63,Wareham 5.6 NE,41.800413009,-70.632944092,2026-07-14,0.0
MA-PL-63,Wareham 5.6 NE,41.800413009,-70.632944092,2026-07-15,0.0
MA-PL-63,Wareham 5.6 NE,41.800413009,-70.632944092,2026-07-16,0.0
MA-PL-63,Wareham 5.6 NE,41.800413009,-70.632944092,2026-07-17,0.0
MA-PL-63,Wareham 5.6 NE,41.800413009,-70.632944092,2026-07-18,0.0
MA-PL-63,Wareham 5.6 NE,41.800413009,-70.632944092,2026-07-19,0.9
MA-PL-63,Wareham 5.6 NE,41.800413009,-70.632944092,2026-07-20,0.0
MA-PL-63,Wareham 5.6 NE,41.800413009,-70.632944092,2026-07-21,0.0
MA-PL-63,Wareham 5.6 NE,41.800413009,-70.632944092,2026-07-22,1.52
MA-PL-63,Wareham 5.6 NE,41.800413009,-70.632944092,2026-07-23,0.0
MA-PL-63,Wareham 5.6 NE,41.800413009,-70.632944092,2026-07-24,0.0
MA-PL-63,Wareham 5.6 NE,41.800413009,-70.632944092,2026-07-25,0.0
MA-PL-63,Wareham 5.6 NE,41.800413009,-70.632944092,2026-07-26,0.0
MA-PL-63,Wareham 5.6 NE,41.800413009,-70.632944092,2026-07-27,0.0
MA-PL-63,Wareham 5.6 NE,41.800413009,-70.632944092,2026-07-28,0.0
MA-PL-63,Wareham 5.6 NE,41.800413009,-70.632944092,2026-07-29,0.0
MA-PL-63,Wareham 5.6 NE,41.800413009,-70.632944092,2026-07-30,0.35
MA-PL-63,Wareham 5.6 NE,41.800413009,-70.632944092,2026-07-31,0.27
MA-PL-63,Wareham 5.6 NE,41.800413009,-70.632944092,2026-08-01,0.33
MA-PL-63,Wareham 5.6 NE,41.800413009,-70.632944092,2026-08-02,0.0
MA-PL-63,Wareham 5.6 NE,41.800413009,-70.632944092,2026-08-03,0.2
MA-PL-66,Marion 1.3 N,41.7223161,-70.7591872,2025-01-01,1.01
MA-PL-66,Marion 1.3 N,41.7223161,-70.7591872,2025-01-02,0.1
MA-PL-66,Marion 1.3 N,41.7223161,-70.7591872,2025-01-03,0.0
MA-PL-66,Marion 1.3 N,41.7223161,-70.7591872,2025-01-04,0.0
MA-PL-66,Marion 1.3 N,41.7223161,-70.7591872,2025-01-05,0.0
MA-PL-66,Marion 1.3 N,41.7223161,-70.7591872,2025-01-06,0.0
MA-PL-66,Marion 1.3 N,41.7223161,-70.7591872,2025-01-07,0.0
MA-PL-66,Marion 1.3 N,41.7223161,-70.7591872,2025-01-08,0.0
MA-PL-66,Marion 1.3 N,41.7223161,-70.7591872,2025-01-09,0.0
MA-PL-66,Marion 1.3 N,41.7223161,-70.7591872,2025-01-10,0.0
MA-PL-66,Marion 1.3 N,41.7223161,-70.7591872,2025-01-11,0.0
MA-PL-66,Marion 1.3 N,41.7223161,-70.7591872,2025-01-12,0.09
MA-PL-66,Marion 1.3 N,41.7223161,-70.7591872,2025-01-13,0.0
MA-PL-66,Marion 1.3 N,41.7223161,-70.7591872,2025-01-14,0.0
MA-PL-66,Marion 1.3 N,41.7223161,-70.7591872,2025-01-15,0.0
MA-PL-66,Marion 1.3 N,41.7223161,-70.7591872,2025-01-16,0.0
MA-PL-66,Marion 1.3 N,41.7223161,-70.7591872,2025-01-17,0.0
MA-PL-66,Marion 1.3 N,41.7223161,-70.7591872,2025-01-18,0.0
MA-PL-66,Marion 1.3 N,41.7223161,-70.7591872,2025-01-19,0.72
MA-PL-66,Marion 1.3 N,41.7223161,-70.7591872,2025-01-20,0.43
MA-PL-66,Marion 1.3 N,41.7223161,-70.7591872,2025-01-21,0.0
MA-PL-66,Marion 1.3 N,41.7223161,-70.7591872,2025-01-22,0.0
MA-PL-66,Marion 1.3 N,41.7223161,-70.7591872,2025-01-23,0.0
MA-PL-66,Marion 1.3 N,41.7223161,-70.7591872,2025-01-24,0.0
MA-PL-66,Marion 1.3 N,41.7223161,-70.7591872,2025-01-25,0.0
MA-PL-66,Marion 1.3 N,41.7223161,-70.7591872,2025-01-26,0.0
MA-PL-66,Marion 1.3 N,41.7223161,-70.7591872,2025-01-27,0.0
MA-PL-66,Marion 1.3 N,41.7223161,-70.7591872,2025-01-28,0.0
MA-PL-66,Marion 1.3 N,41.7223161,-70.7591872,2025-01-29,0.0
MA-PL-66,Marion 1.3 N,41.7223161,-70.7591872,2025-01-30,0.0
MA-PL-66,Marion 1.3 N,41.7223161,-70.7591872,2025-01-31,0.0
MA-PL-66,Marion 1.3 N,41.7223161,-70.7591872,2025-02-01,0.77
MA-PL-66,Marion 1.3 N,41.7223161,-70.7591872,2025-02-02,0.05
MA-PL-66,Marion 1.3 N,41.7223161,-70.7591872,2025-02-03,0.22
MA-PL-66,Marion 1.3 N,41.7223161,-70.7591872,2025-02-04,0.0
MA-PL-66,Marion 1.3 N,41.7223161,-70.7591872,2025-02-05,0.0
MA-PL-66,Marion 1.3 N,41.7223161,-70.7591872,2025-02-06,0.0
MA-PL-66,Marion 1.3 N,41.7223161,-70.7591872,2025-02-07,0.24
MA-PL-66,Marion 1.3 N,41.7223161,-70.7591872,2025-02-08,0.0
MA-PL-66,Marion 1.3 N,41.7223161,-70.7591872,2025-02-11,0.0
MA-PL-66,Marion 1.3 N,41.7223161,-70.7591872,2025-02-12,0.0
MA-PL-66,Marion 1.3 N,41.7223161,-70.7591872,2025-02-13,0.19
MA-PL-66,Marion 1.3 N,41.7223161,-70.7591872,2025-02-14,0.04
MA-PL-66,Marion 1.3 N,41.7223161,-70.7591872,2025-02-25,0.0
MA-PL-66,Marion 1.3 N,41.7223161,-70.7591872,2025-02-26,0.0
MA-PL-66,Marion 1.3 N,41.7223161,-70.7591872,2025-02-27,0.02
MA-PL-66,Marion 1.3 N,41.7223161,-70.7591872,2025-02-28,0.06
MA-PL-66,Marion 1.3 N,41.7223161,-70.7591872,2025-03-01,0.0
MA-PL-66,Marion 1.3 N,41.7223161,-70.7591872,2025-03-02,0.0
MA-PL-66,Marion 1.3 N,41.7223161,-70.7591872,2025-03-03,0.0
MA-PL-66,Marion 1.3 N,41.7223161,-70.7591872,2025-03-04,0.0
MA-PL-66,Marion 1.3 N,41.7223161,-70.7591872,2025-03-05,0.0
MA-PL-66,Marion 1.3 N,41.7223161,-70.7591872,2025-03-06,0.39
MA-PL-66,Marion 1.3 N,41.7223161,-70.7591872,2025-03-07,0.07
MA-PL-66,Marion 1.3 N,41.7223161,-70.7591872,2025-03-08,0.0
MA-PL-66,Marion 1.3 N,41.7223161,-70.7591872,2025-03-09,0.0
MA-PL-66,Marion 1.3 N,41.7223161,-70.7591872,2025-03-10,0.0
MA-PL-66,Marion 1.3 N,41.7223161,-70.7591872,2025-03-11,0.0
MA-PL-66,Marion 1.3 N,41.7223161,-70.7591872,2025-03-12,0.0
MA-PL-66,Marion 1.3 N,41.7223161,-70.7591872,2025-03-13,0.0
MA-PL-66,Marion 1.3 N,41.7223161,-70.7591872,2025-03-14,0.0
MA-PL-66,Marion 1.3 N,41.7223161,-70.7591872,2025-03-15,0.0
MA-PL-66,Marion 1.3 N,41.7223161,-70.7591872,2025-03-16,0.01
MA-PL-66,Marion 1.3 N,41.7223161,-70.7591872,2025-03-17,0.83
MA-PL-66,Marion 1.3 N,41.7223161,-70.7591872,2025-03-18,1.27
MA-PL-66,Marion 1.3 N,41.7223161,-70.7591872,2025-03-19,0.0
MA-PL-66,Marion 1.3 N,41.7223161,-70.7591872,2025-03-20,0.01
MA-PL-66,Marion 1.3 N,41.7223161,-70.7591872,2025-03-21,0.26
MA-PL-66,Marion 1.3 N,41.7223161,-70.7591872,2025-03-22,0.11
MA-PL-66,Marion 1.3 N,41.7223161,-70.7591872,2025-03-23,0.0
MA-PL-66,Marion 1.3 N,41.7223161,-70.7591872,2025-03-24,0.0
MA-PL-66,Marion 1.3 N,41.7223161,-70.7591872,2025-03-25,0.67
MA-PL-66,Marion 1.3 N,41.7223161,-70.7591872,2025-03-26,0.0
MA-PL-66,Marion 1.3 N,41.7223161,-70.7591872,2025-03-27,0.0
MA-PL-66,Marion 1.3 N,41.7223161,-70.7591872,2025-03-28,0.0
MA-PL-66,Marion 1.3 N,41.7223161,-70.7591872,2025-03-29,0.05
MA-PL-66,Marion 1.3 N,41.7223161,-70.7591872,2025-03-30,0.1
MA-PL-66,Marion 1.3 N,41.7223161,-70.7591872,2025-03-31,0.01
MA-PL-66,Marion 1.3 N,41.7223161,-70.7591872,2025-04-01,0.19
MA-PL-66,Marion 1.3 N,41.7223161,-70.7591872,2025-04-02,0.05
MA-PL-66,Marion 1.3 N,41.7223161,-70.7591872,2025-04-03,0.15
MA-PL-66,Marion 1.3 N,41.7223161,-70.7591872,2025-04-04,0.17
MA-PL-66,Marion 1.3 N,41.7223161,-70.7591872,2025-04-05,0.0
MA-PL-66,Marion 1.3 N,41.7223161,-70.7591872,2025-04-08,0.4
MA-PL-66,Marion 1.3 N,41.7223161,-70.7591872,2025-04-09,0.05
MA-PL-66,Marion 1.3 N,41.7223161,-70.7591872,2025-04-10,0.0
MA-PL-66,Marion 1.3 N,41.7223161,-70.7591872,2025-04-11,0.04
MA-PL-66,Marion 1.3 N,41.7223161,-70.7591872,2025-04-12,0.49
MA-PL-66,Marion 1.3 N,41.7223161,-70.7591872,2025-04-15,0.2
MA-PL-66,Marion 1.3 N,41.7223161,-70.7591872,2025-04-16,0.05
MA-PL-66,Marion 1.3 N,41.7223161,-70.7591872,2025-04-17,0.0
MA-PL-66,Marion 1.3 N,41.7223161,-70.7591872,2025-04-18,0.0
MA-PL-66,Marion 1.3 N,41.7223161,-70.7591872,2025-04-19,0.0
MA-PL-66,Marion 1.3 N,41.7223161,-70.7591872,2025-04-20,0.0
MA-PL-66,Marion 1.3 N,41.7223161,-70.7591872,2025-04-21,0.0
MA-PL-66,Marion 1.3 N,41.7223161,-70.7591872,2025-04-22,0.08
MA-PL-66,Marion 1.3 N,41.7223161,-70.7591872,2025-04-23,0.0
MA-PL-66,Marion 1.3 N,41.7223161,-70.7591872,2025-04-24,0.0
MA-PL-66,Marion 1.3 N,41.7223161,-70.7591872,2025-04-25,0.0
MA-PL-66,Marion 1.3 N,41.7223161,-70.7591872,2025-04-26,0.0
MA-PL-66,Marion 1.3 N,41.7223161,-70.7591872,2025-04-27,0.9
MA-PL-66,Marion 1.3 N,41.7223161,-70.7591872,2025-04-28,0.0
MA-PL-66,Marion 1.3 N,41.7223161,-70.7591872,2025-04-29,0.0
MA-PL-66,Marion 1.3 N,41.7223161,-70.7591872,2025-04-30,0.0
MA-PL-66,Marion 1.3 N,41.7223161,-70.7591872,2025-05-01,0.0
MA-PL-66,Marion 1.3 N,41.7223161,-70.7591872,2025-05-02,0.26
MA-PL-66,Marion 1.3 N,41.7223161,-70.7591872,2025-05-03,0.01
MA-PL-66,Marion 1.3 N,41.7223161,-70.7591872,2025-05-04,0.0
MA-PL-66,Marion 1.3 N,41.7223161,-70.7591872,2025-05-05,0.03
MA-PL-66,Marion 1.3 N,41.7223161,-70.7591872,2025-05-06,0.0
MA-PL-66,Marion 1.3 N,41.7223161,-70.7591872,2025-05-07,0.11
MA-PL-66,Marion 1.3 N,41.7223161,-70.7591872,2025-05-08,0.0
MA-PL-66,Marion 1.3 N,41.7223161,-70.7591872,2025-05-09,0.0
MA-PL-66,Marion 1.3 N,41.7223161,-70.7591872,2025-05-10,1.63
MA-PL-66,Marion 1.3 N,41.7223161,-70.7591872,2025-05-11,0.01
MA-PL-66,Marion 1.3 N,41.7223161,-70.7591872,2025-05-12,0.0
MA-PL-66,Marion 1.3 N,41.7223161,-70.7591872,2025-05-13,0.0
MA-PL-66,Marion 1.3 N,41.7223161,-70.7591872,2025-05-14,0.0
MA-PL-66,Marion 1.3 N,41.7223161,-70.7591872,2025-05-17,0.0
MA-PL-66,Marion 1.3 N,41.7223161,-70.7591872,2025-05-18,0.01
MA-PL-66,Marion 1.3 N,41.7223161,-70.7591872,2025-05-19,0.0
MA-PL-66,Marion 1.3 N,41.7223161,-70.7591872,2025-05-20,0.0
MA-PL-66,Marion 1.3 N,41.7223161,-70.7591872,2025-05-21,0.0
MA-PL-66,Marion 1.3 N,41.7223161,-70.7591872,2025-05-22,0.03
MA-PL-66,Marion 1.3 N,41.7223161,-70.7591872,2025-05-23,3.75
MA-PL-66,Marion 1.3 N,41.7223161,-70.7591872,2025-05-24,0.02
MA-PL-66,Marion 1.3 N,41.7223161,-70.7591872,2025-05-25,0.03
MA-PL-66,Marion 1.3 N,41.7223161,-70.7591872,2025-05-26,0.0
MA-PL-66,Marion 1.3 N,41.7223161,-70.7591872,2025-05-27,0.0
MA-PL-66,Marion 1.3 N,41.7223161,-70.7591872,2025-05-28,0.0
MA-PL-66,Marion 1.3 N,41.7223161,-70.7591872,2025-05-29,0.13
MA-PL-66,Marion 1.3 N,41.7223161,-70.7591872,2025-05-30,0.06
MA-PL-66,Marion 1.3 N,41.7223161,-70.7591872,2025-05-31,0.3
MA-PL-66,Marion 1.3 N,41.7223161,-70.7591872,2025-06-01,0.0
MA-PL-66,Marion 1.3 N,41.7223161,-70.7591872,2025-06-02,0.0
MA-PL-66,Marion 1.3 N,41.7223161,-70.7591872,2025-06-03,0.0
MA-PL-66,Marion 1.3 N,41.7223161,-70.7591872,2025-06-04,0.0
MA-PL-66,Marion 1.3 N,41.7223161,-70.7591872,2025-06-05,0.0
MA-PL-66,Marion 1.3 N,41.7223161,-70.7591872,2025-06-06,0.0
MA-PL-66,Marion 1.3 N,41.7223161,-70.7591872,2025-06-07,0.0
MA-PL-66,Marion 1.3 N,41.7223161,-70.7591872,2025-06-08,0.57
MA-PL-66,Marion 1.3 N,41.7223161,-70.7591872,2025-06-09,0.01
MA-PL-66,Marion 1.3 N,41.7223161,-70.7591872,2025-06-10,0.08
MA-PL-66,Marion 1.3 N,41.7223161,-70.7591872,2025-06-11,0.49
MA-PL-66,Marion 1.3 N,41.7223161,-70.7591872,2025-06-12,0.0
MA-PL-66,Marion 1.3 N,41.7223161,-70.7591872,2025-06-13,0.0
MA-PL-66,Marion 1.3 N,41.7223161,-70.7591872,2025-06-14,0.0
MA-PL-66,Marion 1.3 N,41.7223161,-70.7591872,2025-06-15,0.05
MA-PL-66,Marion 1.3 N,41.7223161,-70.7591872,2025-06-16,0.0
MA-PL-66,Marion 1.3 N,41.7223161,-70.7591872,2025-06-17,0.0
MA-PL-66,Marion 1.3 N,41.7223161,-70.7591872,2025-06-18,0.04
MA-PL-66,Marion 1.3 N,41.7223161,-70.7591872,2025-06-19,0.0
MA-PL-66,Marion 1.3 N,41.7223161,-70.7591872,2025-06-20,0.0
MA-PL-66,Marion 1.3 N,41.7223161,-70.7591872,2025-06-21,0.0
MA-PL-66,Marion 1.3 N,41.7223161,-70.7591872,2025-06-22,0.0
MA-PL-66,Marion 1.3 N,41.7223161,-70.7591872,2025-06-23,0.0
MA-PL-66,Marion 1.3 N,41.7223161,-70.7591872,2025-06-24,0.0
MA-PL-66,Marion 1.3 N,41.7223161,-70.7591872,2025-06-25,0.0
MA-PL-66,Marion 1.3 N,41.7223161,-70.7591872,2025-06-28,0.0
MA-PL-66,Marion 1.3 N,41.7223161,-70.7591872,2025-06-29,0.0
MA-PL-66,Marion 1.3 N,41.7223161,-70.7591872,2025-06-30,0.0
MA-PL-66,Marion 1.3 N,41.7223161,-70.7591872,2025-07-01,0.0
MA-PL-66,Marion 1.3 N,41.7223161,-70.7591872,2025-07-02,0.05
MA-PL-66,Marion 1.3 N,41.7223161,-70.7591872,2025-07-03,0.03
MA-PL-66,Marion 1.3 N,41.7223161,-70.7591872,2025-07-04,1.19
MA-PL-66,Marion 1.3 N,41.7223161,-70.7591872,2025-07-05,0.0
MA-PL-66,Marion 1.3 N,41.7223161,-70.7591872,2025-07-06,0.0
MA-PL-66,Marion 1.3 N,41.7223161,-70.7591872,2025-07-07,0.0
MA-PL-66,Marion 1.3 N,41.7223161,-70.7591872,2025-07-19,0.0
MA-PL-66,Marion 1.3 N,41.7223161,-70.7591872,2025-07-20,0.0
MA-PL-66,Marion 1.3 N,41.7223161,-70.7591872,2025-07-21,0.0
MA-PL-66,Marion 1.3 N,41.7223161,-70.7591872,2025-07-22,0.0
MA-PL-66,Marion 1.3 N,41.7223161,-70.7591872,2025-07-23,0.0
MA-PL-66,Marion 1.3 N,41.7223161,-70.7591872,2025-07-24,0.0
MA-PL-66,Marion 1.3 N,41.7223161,-70.7591872,2025-07-25,0.0
MA-PL-66,Marion 1.3 N,41.7223161,-70.7591872,2025-07-26,0.15
MA-PL-66,Marion 1.3 N,41.7223161,-70.7591872,2025-07-27,0.0
MA-PL-66,Marion 1.3 N,41.7223161,-70.7591872,2025-07-28,0.02
MA-PL-66,Marion 1.3 N,41.7223161,-70.7591872,2025-07-29,0.0
MA-PL-66,Marion 1.3 N,41.7223161,-70.7591872,2025-07-30,0.0
MA-PL-66,Marion 1.3 N,41.7223161,-70.7591872,2025-07-31,0.0
MA-PL-66,Marion 1.3 N,41.7223161,-70.7591872,2025-08-01,0.46
MA-PL-66,Marion 1.3 N,41.7223161,-70.7591872,2025-08-02,0.05
MA-PL-66,Marion 1.3 N,41.7223161,-70.7591872,2025-08-03,0.0
MA-PL-66,Marion 1.3 N,41.7223161,-70.7591872,2025-08-04,0.0
MA-PL-66,Marion 1.3 N,41.7223161,-70.7591872,2025-08-05,0.0
MA-PL-66,Marion 1.3 N,41.7223161,-70.7591872,2025-08-06,0.0
MA-PL-66,Marion 1.3 N,41.7223161,-70.7591872,2025-08-07,0.0
MA-PL-66,Marion 1.3 N,41.7223161,-70.7591872,2025-08-08,0.0
MA-PL-66,Marion 1.3 N,41.7223161,-70.7591872,2025-08-09,0.0
MA-PL-66,Marion 1.3 N,41.7223161,-70.7591872,2025-08-10,0.0
MA-PL-66,Marion 1.3 N,41.7223161,-70.7591872,2025-08-11,0.0
MA-PL-66,Marion 1.3 N,41.7223161,-70.7591872,2025-08-12,0.0
MA-PL-66,Marion 1.3 N,41.7223161,-70.7591872,2025-08-13,0.0
MA-PL-66,Marion 1.3 N,41.7223161,-70.7591872,2025-08-14,0.0
MA-PL-66,Marion 1.3 N,41.7223161,-70.7591872,2025-08-15,0.0
MA-PL-66,Marion 1.3 N,41.7223161,-70.7591872,2025-08-16,0.0
MA-PL-66,Marion 1.3 N,41.7223161,-70.7591872,2025-08-17,0.0
MA-PL-66,Marion 1.3 N,41.7223161,-70.7591872,2025-08-18,0.0
MA-PL-66,Marion 1.3 N,41.7223161,-70.7591872,2025-08-19,0.0
MA-PL-66,Marion 1.3 N,41.7223161,-70.7591872,2025-08-20,0.0
MA-PL-66,Marion 1.3 N,41.7223161,-70.7591872,2025-08-21,0.95
MA-PL-66,Marion 1.3 N,41.7223161,-70.7591872,2025-08-22,0.0
MA-PL-66,Marion 1.3 N,41.7223161,-70.7591872,2025-08-23,0.0
MA-PL-66,Marion 1.3 N,41.7223161,-70.7591872,2025-08-24,0.0
MA-PL-66,Marion 1.3 N,41.7223161,-70.7591872,2025-08-25,0.07
MA-PL-66,Marion 1.3 N,41.7223161,-70.7591872,2025-08-26,0.0
MA-PL-66,Marion 1.3 N,41.7223161,-70.7591872,2025-08-27,0.0
MA-PL-66,Marion 1.3 N,41.7223161,-70.7591872,2025-08-28,0.01
MA-PL-66,Marion 1.3 N,41.7223161,-70.7591872,2025-08-29,0.0
MA-PL-66,Marion 1.3 N,41.7223161,-70.7591872,2025-08-30,0.45
MA-PL-66,Marion 1.3 N,41.7223161,-70.7591872,2025-08-31,0.0
MA-PL-66,Marion 1.3 N,41.7223161,-70.7591872,2025-09-01,0.0
MA-PL-66,Marion 1.3 N,41.7223161,-70.7591872,2025-09-02,0.0
MA-PL-66,Marion 1.3 N,41.7223161,-70.7591872,2025-09-03,0.0
MA-PL-66,Marion 1.3 N,41.7223161,-70.7591872,2025-09-04,0.0
MA-PL-66,Marion 1.3 N,41.7223161,-70.7591872,2025-09-05,0.06
MA-PL-66,Marion 1.3 N,41.7223161,-70.7591872,2025-09-06,0.0
MA-PL-66,Marion 1.3 N,41.7223161,-70.7591872,2025-09-07,0.04
MA-PL-66,Marion 1.3 N,41.7223161,-70.7591872,2025-09-08,0.94
MA-PL-66,Marion 1.3 N,41.7223161,-70.7591872,2025-09-09,0.0
MA-PL-66,Marion 1.3 N,41.7223161,-70.7591872,2025-09-10,0.0
MA-PL-66,Marion 1.3 N,41.7223161,-70.7591872,2025-09-11,0.0
MA-PL-66,Marion 1.3 N,41.7223161,-70.7591872,2025-09-12,0.0
MA-PL-66,Marion 1.3 N,41.7223161,-70.7591872,2025-09-13,0.0
MA-PL-66,Marion 1.3 N,41.7223161,-70.7591872,2025-09-14,0.0
MA-PL-66,Marion 1.3 N,41.7223161,-70.7591872,2025-09-15,0.19
MA-PL-66,Marion 1.3 N,41.7223161,-70.7591872,2025-09-16,0.01
MA-PL-66,Marion 1.3 N,41.7223161,-70.7591872,2025-09-17,0.0
MA-PL-66,Marion 1.3 N,41.7223161,-70.7591872,2025-09-18,0.04
MA-PL-66,Marion 1.3 N,41.7223161,-70.7591872,2025-09-19,0.0
MA-PL-66,Marion 1.3 N,41.7223161,-70.7591872,2025-09-20,0.0
MA-PL-66,Marion 1.3 N,41.7223161,-70.7591872,2025-09-21,0.0
MA-PL-66,Marion 1.3 N,41.7223161,-70.7591872,2025-09-22,0.0
MA-PL-66,Marion 1.3 N,41.7223161,-70.7591872,2025-09-23,0.0
MA-PL-66,Marion 1.3 N,41.7223161,-70.7591872,2025-09-24,0.11
MA-PL-66,Marion 1.3 N,41.7223161,-70.7591872,2025-09-25,0.91
MA-PL-66,Marion 1.3 N,41.7223161,-70.7591872,2025-09-26,2.18
MA-PL-66,Marion 1.3 N,41.7223161,-70.7591872,2025-09-27,0.0
MA-PL-66,Marion 1.3 N,41.7223161,-70.7591872,2025-09-28,0.06
MA-PL-66,Marion 1.3 N,41.7223161,-70.7591872,2025-09-29,0.0
MA-PL-66,Marion 1.3 N,41.7223161,-70.7591872,2025-09-30,0.0
MA-PL-66,Marion 1.3 N,41.7223161,-70.7591872,2025-10-01,0.0
MA-PL-66,Marion 1.3 N,41.7223161,-70.7591872,2025-10-02,0.0
MA-PL-66,Marion 1.3 N,41.7223161,-70.7591872,2025-10-03,0.0
MA-PL-66,Marion 1.3 N,41.7223161,-70.7591872,2025-10-04,0.0
MA-PL-66,Marion 1.3 N,41.7223161,-70.7591872,2025-10-05,0.0
MA-PL-66,Marion 1.3 N,41.7223161,-70.7591872,2025-10-06,0.0
MA-PL-66,Marion 1.3 N,41.7223161,-70.7591872,2025-10-07,0.0
MA-PL-66,Marion 1.3 N,41.7223161,-70.7591872,2025-10-08,0.0
MA-PL-66,Marion 1.3 N,41.7223161,-70.7591872,2025-10-09,0.87
MA-PL-66,Marion 1.3 N,41.7223161,-70.7591872,2025-10-10,0.0
MA-PL-66,Marion 1.3 N,41.7223161,-70.7591872,2025-10-11,0.0
MA-PL-66,Marion 1.3 N,41.7223161,-70.7591872,2025-10-12,0.0
MA-PL-66,Marion 1.3 N,41.7223161,-70.7591872,2025-10-13,1.82
MA-PL-66,Marion 1.3 N,41.7223161,-70.7591872,2025-10-14,1.16
MA-PL-66,Marion 1.3 N,41.7223161,-70.7591872,2025-10-15,0.25
MA-PL-66,Marion 1.3 N,41.7223161,-70.7591872,2025-10-16,0.0
MA-PL-66,Marion 1.3 N,41.7223161,-70.7591872,2025-10-17,0.0
MA-PL-66,Marion 1.3 N,41.7223161,-70.7591872,2025-10-18,0.0
MA-PL-66,Marion 1.3 N,41.7223161,-70.7591872,2025-10-19,0.0
MA-PL-66,Marion 1.3 N,41.7223161,-70.7591872,2025-10-20,0.0
MA-PL-66,Marion 1.3 N,41.7223161,-70.7591872,2025-10-21,0.52
MA-PL-66,Marion 1.3 N,41.7223161,-70.7591872,2025-10-22,0.0
MA-PL-66,Marion 1.3 N,41.7223161,-70.7591872,2025-10-23,0.08
MA-PL-66,Marion 1.3 N,41.7223161,-70.7591872,2025-10-24,0.0
MA-PL-66,Marion 1.3 N,41.7223161,-70.7591872,2025-10-25,0.0
MA-PL-66,Marion 1.3 N,41.7223161,-70.7591872,2025-10-26,0.0
MA-PL-66,Marion 1.3 N,41.7223161,-70.7591872,2025-10-27,0.0
MA-PL-66,Marion 1.3 N,41.7223161,-70.7591872,2025-10-28,0.03
MA-PL-66,Marion 1.3 N,41.7223161,-70.7591872,2025-10-29,0.01
MA-PL-66,Marion 1.3 N,41.7223161,-70.7591872,2025-10-30,0.04
MA-PL-66,Marion 1.3 N,41.7223161,-70.7591872,2025-10-31,1.73
MA-PL-66,Marion 1.3 N,41.7223161,-70.7591872,2025-11-01,0.0
MA-PL-66,Marion 1.3 N,41.7223161,-70.7591872,2025-11-02,0.0
MA-PL-66,Marion 1.3 N,41.7223161,-70.7591872,2025-11-03,0.0
MA-PL-66,Marion 1.3 N,41.7223161,-70.7591872,2025-11-04,0.21
MA-PL-66,Marion 1.3 N,41.7223161,-70.7591872,2025-11-05,0.0
MA-PL-66,Marion 1.3 N,41.7223161,-70.7591872,2025-11-06,0.03
MA-PL-66,Marion 1.3 N,41.7223161,-70.7591872,2025-11-07,0.0
MA-PL-66,Marion 1.3 N,41.7223161,-70.7591872,2025-11-08,0.0
MA-PL-66,Marion 1.3 N,41.7223161,-70.7591872,2025-11-09,0.04
MA-PL-66,Marion 1.3 N,41.7223161,-70.7591872,2025-11-10,1.55
MA-PL-66,Marion 1.3 N,41.7223161,-70.7591872,2025-11-11,0.06
MA-PL-66,Marion 1.3 N,41.7223161,-70.7591872,2025-11-12,0.0
MA-PL-66,Marion 1.3 N,41.7223161,-70.7591872,2025-11-13,0.0
MA-PL-66,Marion 1.3 N,41.7223161,-70.7591872,2025-11-14,0.0
MA-PL-66,Marion 1.3 N,41.7223161,-70.7591872,2025-11-15,0.0
MA-PL-66,Marion 1.3 N,41.7223161,-70.7591872,2025-11-16,0.75
MA-PL-66,Marion 1.3 N,41.7223161,-70.7591872,2025-11-17,0.0
MA-PL-66,Marion 1.3 N,41.7223161,-70.7591872,2025-11-18,0.0
MA-PL-66,Marion 1.3 N,41.7223161,-70.7591872,2025-11-19,0.0
MA-PL-66,Marion 1.3 N,41.7223161,-70.7591872,2025-11-20,0.0
MA-PL-66,Marion 1.3 N,41.7223161,-70.7591872,2025-11-21,0.0
MA-PL-66,Marion 1.3 N,41.7223161,-70.7591872,2025-11-22,0.01
MA-PL-66,Marion 1.3 N,41.7223161,-70.7591872,2025-11-23,0.42
MA-PL-66,Marion 1.3 N,41.7223161,-70.7591872,2025-11-24,0.01
MA-PL-66,Marion 1.3 N,41.7223161,-70.7591872,2025-11-25,0.0
MA-PL-66,Marion 1.3 N,41.7223161,-70.7591872,2025-11-26,0.27
MA-PL-66,Marion 1.3 N,41.7223161,-70.7591872,2025-11-27,0.01
MA-PL-66,Marion 1.3 N,41.7223161,-70.7591872,2025-11-28,0.0
MA-PL-66,Marion 1.3 N,41.7223161,-70.7591872,2025-11-29,0.0
MA-PL-66,Marion 1.3 N,41.7223161,-70.7591872,2025-11-30,0.0
MA-PL-66,Marion 1.3 N,41.7223161,-70.7591872,2025-12-01,1.0
MA-PL-66,Marion 1.3 N,41.7223161,-70.7591872,2025-12-02,0.0
MA-PL-66,Marion 1.3 N,41.7223161,-70.7591872,2025-12-03,0.94
MA-PL-66,Marion 1.3 N,41.7223161,-70.7591872,2025-12-04,0.0
MA-PL-66,Marion 1.3 N,41.7223161,-70.7591872,2025-12-05,0.0
MA-PL-66,Marion 1.3 N,41.7223161,-70.7591872,2025-12-06,0.0
MA-PL-66,Marion 1.3 N,41.7223161,-70.7591872,2025-12-07,0.03
MA-PL-66,Marion 1.3 N,41.7223161,-70.7591872,2025-12-08,0.0
MA-PL-66,Marion 1.3 N,41.7223161,-70.7591872,2025-12-09,0.0
MA-PL-66,Marion 1.3 N,41.7223161,-70.7591872,2025-12-10,0.0
MA-PL-66,Marion 1.3 N,41.7223161,-70.7591872,2025-12-11,0.01
MA-PL-66,Marion 1.3 N,41.7223161,-70.7591872,2025-12-12,0.0
MA-PL-66,Marion 1.3 N,41.7223161,-70.7591872,2025-12-13,0.0
MA-PL-66,Marion 1.3 N,41.7223161,-70.7591872,2025-12-16,0.0
MA-PL-66,Marion 1.3 N,41.7223161,-70.7591872,2025-12-17,0.0
MA-PL-66,Marion 1.3 N,41.7223161,-70.7591872,2025-12-18,0.0
MA-PL-66,Marion 1.3 N,41.7223161,-70.7591872,2025-12-19,0.04
MA-PL-66,Marion 1.3 N,41.7223161,-70.7591872,2025-12-20,0.33
MA-PL-66,Marion 1.3 N,41.7223161,-70.7591872,2025-12-21,0.0
MA-PL-66,Marion 1.3 N,41.7223161,-70.7591872,2025-12-22,0.0
MA-PL-66,Marion 1.3 N,41.7223161,-70.7591872,2025-12-23,0.0
MA-PL-66,Marion 1.3 N,41.7223161,-70.7591872,2025-12-24,0.15
MA-PL-66,Marion 1.3 N,41.7223161,-70.7591872,2025-12-25,0.0
MA-PL-66,Marion 1.3 N,41.7223161,-70.7591872,2025-12-26,0.0
MA-PL-66,Marion 1.3 N,41.7223161,-70.7591872,2025-12-27,0.26
MA-PL-66,Marion 1.3 N,41.7223161,-70.7591872,2025-12-28,0.0
MA-PL-66,Marion 1.3 N,41.7223161,-70.7591872,2025-12-29,0.27
MA-PL-66,Marion 1.3 N,41.7223161,-70.7591872,2025-12-30,0.26
MA-PL-66,Marion 1.3 N,41.7223161,-70.7591872,2025-12-31,0.0
MA-PL-66,Marion 1.3 N,41.7223161,-70.7591872,2026-01-03,0.0
MA-PL-66,Marion 1.3 N,41.7223161,-70.7591872,2026-01-04,0.0
MA-PL-66,Marion 1.3 N,41.7223161,-70.7591872,2026-01-05,0.0
MA-PL-66,Marion 1.3 N,41.7223161,-70.7591872,2026-01-06,0.02
MA-PL-66,Marion 1.3 N,41.7223161,-70.7591872,2026-01-07,0.07
MA-PL-66,Marion 1.3 N,41.7223161,-70.7591872,2026-01-08,0.03
MA-PL-66,Marion 1.3 N,41.7223161,-70.7591872,2026-01-09,0.0
MA-PL-66,Marion 1.3 N,41.7223161,-70.7591872,2026-01-10,0.1
MA-PL-66,Marion 1.3 N,41.7223161,-70.7591872,2026-01-11,0.69
MA-PL-66,Marion 1.3 N,41.7223161,-70.7591872,2026-01-12,0.02
MA-PL-66,Marion 1.3 N,41.7223161,-70.7591872,2026-01-13,0.0
MA-PL-66,Marion 1.3 N,41.7223161,-70.7591872,2026-01-14,0.0
MA-PL-66,Marion 1.3 N,41.7223161,-70.7591872,2026-01-15,0.0
MA-PL-66,Marion 1.3 N,41.7223161,-70.7591872,2026-01-16,0.0
MA-PL-66,Marion 1.3 N,41.7223161,-70.7591872,2026-01-17,0.0
MA-PL-66,Marion 1.3 N,41.7223161,-70.7591872,2026-01-18,0.0
MA-PL-66,Marion 1.3 N,41.7223161,-70.7591872,2026-01-21,0.0
MA-PL-66,Marion 1.3 N,41.7223161,-70.7591872,2026-01-22,0.0
MA-PL-66,Marion 1.3 N,41.7223161,-70.7591872,2026-01-23,0.0
MA-PL-66,Marion 1.3 N,41.7223161,-70.7591872,2026-01-24,0.0
MA-PL-66,Marion 1.3 N,41.7223161,-70.7591872,2026-01-25,0.0
MA-PL-66,Marion 1.3 N,41.7223161,-70.7591872,2026-01-28,0.0
MA-PL-66,Marion 1.3 N,41.7223161,-70.7591872,2026-01-29,0.0
MA-PL-66,Marion 1.3 N,41.7223161,-70.7591872,2026-01-30,0.0
MA-PL-66,Marion 1.3 N,41.7223161,-70.7591872,2026-01-31,0.0
MA-PL-66,Marion 1.3 N,41.7223161,-70.7591872,2026-02-01,0.0
MA-PL-66,Marion 1.3 N,41.7223161,-70.7591872,2026-02-02,0.0
MA-PL-66,Marion 1.3 N,41.7223161,-70.7591872,2026-02-03,0.0
MA-PL-66,Marion 1.3 N,41.7223161,-70.7591872,2026-02-04,0.0
MA-PL-66,Marion 1.3 N,41.7223161,-70.7591872,2026-02-05,0.0
MA-PL-66,Marion 1.3 N,41.7223161,-70.7591872,2026-02-06,0.0
MA-PL-66,Marion 1.3 N,41.7223161,-70.7591872,2026-02-09,0.0
MA-PL-66,Marion 1.3 N,41.7223161,-70.7591872,2026-02-10,0.0
MA-PL-66,Marion 1.3 N,41.7223161,-70.7591872,2026-02-11,0.2
MA-PL-66,Marion 1.3 N,41.7223161,-70.7591872,2026-02-12,0.0
MA-PL-66,Marion 1.3 N,41.7223161,-70.7591872,2026-02-13,0.0
MA-PL-66,Marion 1.3 N,41.7223161,-70.7591872,2026-02-14,0.0
MA-PL-66,Marion 1.3 N,41.7223161,-70.7591872,2026-02-28,0.0
MA-PL-66,Marion 1.3 N,41.7223161,-70.7591872,2026-03-05,0.0
MA-PL-66,Marion 1.3 N,41.7223161,-70.7591872,2026-03-06,1.04
MA-PL-66,Marion 1.3 N,41.7223161,-70.7591872,2026-03-07,0.09
MA-PL-66,Marion 1.3 N,41.7223161,-70.7591872,2026-03-08,0.01
MA-PL-66,Marion 1.3 N,41.7223161,-70.7591872,2026-03-09,0.01
MA-PL-66,Marion 1.3 N,41.7223161,-70.7591872,2026-03-10,0.0
MA-PL-66,Marion 1.3 N,41.7223161,-70.7591872,2026-03-11,0.0
MA-PL-66,Marion 1.3 N,41.7223161,-70.7591872,2026-03-12,0.09
MA-PL-66,Marion 1.3 N,41.7223161,-70.7591872,2026-03-13,0.04
MA-PL-66,Marion 1.3 N,41.7223161,-70.7591872,2026-03-14,0.02
MA-PL-66,Marion 1.3 N,41.7223161,-70.7591872,2026-03-15,0.0
MA-PL-66,Marion 1.3 N,41.7223161,-70.7591872,2026-03-16,0.06
MA-PL-66,Marion 1.3 N,41.7223161,-70.7591872,2026-03-17,1.06
MA-PL-66,Marion 1.3 N,41.7223161,-70.7591872,2026-03-18,0.0
MA-PL-66,Marion 1.3 N,41.7223161,-70.7591872,2026-03-19,0.0
MA-PL-66,Marion 1.3 N,41.7223161,-70.7591872,2026-03-20,0.0
MA-PL-66,Marion 1.3 N,41.7223161,-70.7591872,2026-03-21,0.27
MA-PL-66,Marion 1.3 N,41.7223161,-70.7591872,2026-03-22,0.0
MA-PL-66,Marion 1.3 N,41.7223161,-70.7591872,2026-03-23,1.46
MA-PL-66,Marion 1.3 N,41.7223161,-70.7591872,2026-03-24,0.65
MA-PL-66,Marion 1.3 N,41.7223161,-70.7591872,2026-03-25,0.0
MA-PL-66,Marion 1.3 N,41.7223161,-70.7591872,2026-03-26,0.0
MA-PL-66,Marion 1.3 N,41.7223161,-70.7591872,2026-03-27,0.12
MA-PL-66,Marion 1.3 N,41.7223161,-70.7591872,2026-03-28,0.0
MA-PL-66,Marion 1.3 N,41.7223161,-70.7591872,2026-03-29,0.0
MA-PL-66,Marion 1.3 N,41.7223161,-70.7591872,2026-03-30,0.0
MA-PL-66,Marion 1.3 N,41.7223161,-70.7591872,2026-03-31,0.0
MA-PL-66,Marion 1.3 N,41.7223161,-70.7591872,2026-04-01,0.08
MA-PL-66,Marion 1.3 N,41.7223161,-70.7591872,2026-04-02,0.78
MA-PL-66,Marion 1.3 N,41.7223161,-70.7591872,2026-04-03,0.26
MA-PL-66,Marion 1.3 N,41.7223161,-70.7591872,2026-04-04,0.01
MA-PL-66,Marion 1.3 N,41.7223161,-70.7591872,2026-04-05,0.0
MA-PL-66,Marion 1.3 N,41.7223161,-70.7591872,2026-04-06,0.2
MA-PL-66,Marion 1.3 N,41.7223161,-70.7591872,2026-04-07,0.0
MA-PL-66,Marion 1.3 N,41.7223161,-70.7591872,2026-04-08,0.16
MA-PL-66,Marion 1.3 N,41.7223161,-70.7591872,2026-04-09,0.0
MA-PL-66,Marion 1.3 N,41.7223161,-70.7591872,2026-04-10,0.0
MA-PL-66,Marion 1.3 N,41.7223161,-70.7591872,2026-04-11,0.0
MA-PL-66,Marion 1.3 N,41.7223161,-70.7591872,2026-04-12,0.0
MA-PL-66,Marion 1.3 N,41.7223161,-70.7591872,2026-04-13,0.03
MA-PL-66,Marion 1.3 N,41.7223161,-70.7591872,2026-04-14,0.0
MA-PL-66,Marion 1.3 N,41.7223161,-70.7591872,2026-04-15,0.0
MA-PL-66,Marion 1.3 N,41.7223161,-70.7591872,2026-04-16,0.27
MA-PL-66,Marion 1.3 N,41.7223161,-70.7591872,2026-04-17,0.0
MA-PL-66,Marion 1.3 N,41.7223161,-70.7591872,2026-04-18,0.05
MA-PL-66,Marion 1.3 N,41.7223161,-70.7591872,2026-04-21,0.05
MA-PL-66,Marion 1.3 N,41.7223161,-70.7591872,2026-04-22,0.0
MA-PL-66,Marion 1.3 N,41.7223161,-70.7591872,2026-04-23,0.04
MA-PL-66,Marion 1.3 N,41.7223161,-70.7591872,2026-04-25,0.0
MA-PL-66,Marion 1.3 N,41.7223161,-70.7591872,2026-04-26,0.0
MA-PL-66,Marion 1.3 N,41.7223161,-70.7591872,2026-04-27,0.0
MA-PL-66,Marion 1.3 N,41.7223161,-70.7591872,2026-04-28,0.0
MA-PL-66,Marion 1.3 N,41.7223161,-70.7591872,2026-04-29,0.0
MA-PL-66,Marion 1.3 N,41.7223161,-70.7591872,2026-04-30,0.02
MA-PL-66,Marion 1.3 N,41.7223161,-70.7591872,2026-05-01,0.06
MA-PL-66,Marion 1.3 N,41.7223161,-70.7591872,2026-05-02,0.0
MA-PL-66,Marion 1.3 N,41.7223161,-70.7591872,2026-05-03,0.36
MA-PL-66,Marion 1.3 N,41.7223161,-70.7591872,2026-05-04,0.0
MA-PL-66,Marion 1.3 N,41.7223161,-70.7591872,2026-05-05,0.0
MA-PL-66,Marion 1.3 N,41.7223161,-70.7591872,2026-05-06,0.0
MA-PL-66,Marion 1.3 N,41.7223161,-70.7591872,2026-05-07,0.53
MA-PL-66,Marion 1.3 N,41.7223161,-70.7591872,2026-05-08,0.08
MA-PL-66,Marion 1.3 N,41.7223161,-70.7591872,2026-05-12,0.0
MA-PL-66,Marion 1.3 N,41.7223161,-70.7591872,2026-05-13,0.0
MA-PL-66,Marion 1.3 N,41.7223161,-70.7591872,2026-05-14,0.0
MA-PL-66,Marion 1.3 N,41.7223161,-70.7591872,2026-05-15,0.2
MA-PL-66,Marion 1.3 N,41.7223161,-70.7591872,2026-05-16,0.0
MA-PL-66,Marion 1.3 N,41.7223161,-70.7591872,2026-05-17,0.0
MA-PL-66,Marion 1.3 N,41.7223161,-70.7591872,2026-05-18,0.0
MA-PL-66,Marion 1.3 N,41.7223161,-70.7591872,2026-05-19,0.0
MA-PL-66,Marion 1.3 N,41.7223161,-70.7591872,2026-05-20,0.0
MA-PL-66,Marion 1.3 N,41.7223161,-70.7591872,2026-05-21,0.03
MA-PL-66,Marion 1.3 N,41.7223161,-70.7591872,2026-05-22,0.01
MA-PL-66,Marion 1.3 N,41.7223161,-70.7591872,2026-05-23,0.0
MA-PL-66,Marion 1.3 N,41.7223161,-70.7591872,2026-05-24,0.04
MA-PL-66,Marion 1.3 N,41.7223161,-70.7591872,2026-05-25,0.89
MA-PL-66,Marion 1.3 N,41.7223161,-70.7591872,2026-05-26,0.1
MA-PL-66,Marion 1.3 N,41.7223161,-70.7591872,2026-05-27,0.0
MA-PL-66,Marion 1.3 N,41.7223161,-70.7591872,2026-05-28,0.0
MA-PL-66,Marion 1.3 N,41.7223161,-70.7591872,2026-05-29,0.04
MA-PL-66,Marion 1.3 N,41.7223161,-70.7591872,2026-05-30,0.19
MA-PL-66,Marion 1.3 N,41.7223161,-70.7591872,2026-05-31,0.5
MA-PL-66,Marion 1.3 N,41.7223161,-70.7591872,2026-06-01,0.29
MA-PL-66,Marion 1.3 N,41.7223161,-70.7591872,2026-06-02,0.0
MA-PL-66,Marion 1.3 N,41.7223161,-70.7591872,2026-06-03,0.0
MA-PL-66,Marion 1.3 N,41.7223161,-70.7591872,2026-06-04,0.0
MA-PL-66,Marion 1.3 N,41.7223161,-70.7591872,2026-06-05,0.0
MA-PL-66,Marion 1.3 N,41.7223161,-70.7591872,2026-06-06,0.0
MA-PL-66,Marion 1.3 N,41.7223161,-70.7591872,2026-06-07,0.04
MA-PL-66,Marion 1.3 N,41.7223161,-70.7591872,2026-06-08,0.09
MA-PL-66,Marion 1.3 N,41.7223161,-70.7591872,2026-06-09,0.0
MA-PL-66,Marion 1.3 N,41.7223161,-70.7591872,2026-06-10,0.0
MA-PL-66,Marion 1.3 N,41.7223161,-70.7591872,2026-06-11,0.58
MA-PL-66,Marion 1.3 N,41.7223161,-70.7591872,2026-06-12,0.0
MA-PL-66,Marion 1.3 N,41.7223161,-70.7591872,2026-06-13,0.0
MA-PL-66,Marion 1.3 N,41.7223161,-70.7591872,2026-06-14,0.0
MA-PL-66,Marion 1.3 N,41.7223161,-70.7591872,2026-06-15,0.07
MA-PL-66,Marion 1.3 N,41.7223161,-70.7591872,2026-06-16,0.0
MA-PL-66,Marion 1.3 N,41.7223161,-70.7591872,2026-06-17,0.0
MA-PL-66,Marion 1.3 N,41.7223161,-70.7591872,2026-06-18,0.0
MA-PL-66,Marion 1.3 N,41.7223161,-70.7591872,2026-06-19,0.0
MA-PL-66,Marion 1.3 N,41.7223161,-70.7591872,2026-06-20,0.0
MA-PL-66,Marion 1.3 N,41.7223161,-70.7591872,2026-06-21,0.0
MA-PL-66,Marion 1.3 N,41.7223161,-70.7591872,2026-06-22,0.0
MA-PL-66,Marion 1.3 N,41.7223161,-70.7591872,2026-06-23,2.16
MA-PL-66,Marion 1.3 N,41.7223161,-70.7591872,2026-06-24,0.16
MA-PL-66,Marion 1.3 N,41.7223161,-70.7591872,2026-06-25,0.0
MA-PL-66,Marion 1.3 N,41.7223161,-70.7591872,2026-06-26,0.0
MA-PL-66,Marion 1.3 N,41.7223161,-70.7591872,2026-06-27,0.02
MA-PL-66,Marion 1.3 N,41.7223161,-70.7591872,2026-06-28,0.02
MA-PL-66,Marion 1.3 N,41.7223161,-70.7591872,2026-06-29,0.01
MA-PL-66,Marion 1.3 N,41.7223161,-70.7591872,2026-06-30,0.0
MA-PL-66,Marion 1.3 N,41.7223161,-70.7591872,2026-07-01,0.0
MA-PL-66,Marion 1.3 N,41.7223161,-70.7591872,2026-07-02,0.04
MA-PL-66,Marion 1.3 N,41.7223161,-70.7591872,2026-07-03,0.0
MA-PL-66,Marion 1.3 N,41.7223161,-70.7591872,2026-07-04,0.0
MA-PL-66,Marion 1.3 N,41.7223161,-70.7591872,2026-07-07,0.74
MA-PL-66,Marion 1.3 N,41.7223161,-70.7591872,2026-07-08,1.66
MA-PL-66,Marion 1.3 N,41.7223161,-70.7591872,2026-07-09,0.0
MA-PL-66,Marion 1.3 N,41.7223161,-70.7591872,2026-07-10,0.0
MA-PL-66,Marion 1.3 N,41.7223161,-70.7591872,2026-07-11,0.52
MA-PL-66,Marion 1.3 N,41.7223161,-70.7591872,2026-07-12,0.0
MA-PL-66,Marion 1.3 N,41.7223161,-70.7591872,2026-07-13,0.0
MA-PL-66,Marion 1.3 N,41.7223161,-70.7591872,2026-07-14,0.0
MA-PL-66,Marion 1.3 N,41.7223161,-70.7591872,2026-07-15,0.0
MA-PL-66,Marion 1.3 N,41.7223161,-70.7591872,2026-07-16,0.0
MA-PL-66,Marion 1.3 N,41.7223161,-70.7591872,2026-07-17,0.0
MA-PL-66,Marion 1.3 N,41.7223161,-70.7591872,2026-07-18,0.0
MA-PL-66,Marion 1.3 N,41.7223161,-70.7591872,2026-07-19,0.89
MA-PL-66,Marion 1.3 N,41.7223161,-70.7591872,2026-07-20,0.0
MA-PL-66,Marion 1.3 N,41.7223161,-70.7591872,2026-07-21,0.0
MA-PL-66,Marion 1.3 N,41.7223161,-70.7591872,2026-07-22,1.14
MA-PL-66,Marion 1.3 N,41.7223161,-70.7591872,2026-07-23,0.0
MA-PL-66,Marion 1.3 N,41.7223161,-70.7591872,2026-07-24,0.0
MA-PL-66,Marion 1.3 N,41.7223161,-70.7591872,2026-07-25,0.0
MA-PL-66,Marion 1.3 N,41.7223161,-70.7591872,2026-08-01,0.05
MA-PL-66,Marion 1.3 N,41.7223161,-70.7591872,2026-08-02,0.0
MA-PL-66,Marion 1.3 N,41.7223161,-70.7591872,2026-08-03,0.18
MA-BA-112,North Falmouth 1.0 NE,41.651097,-70.619223,2025-04-15,0.1
MA-BA-112,North Falmouth 1.0 NE,41.651097,-70.619223,2025-04-16,0.03
MA-BA-112,North Falmouth 1.0 NE,41.651097,-70.619223,2025-04-17,0.0
MA-BA-112,North Falmouth 1.0 NE,41.651097,-70.619223,2025-04-18,0.0
MA-BA-112,North Falmouth 1.0 NE,41.651097,-70.619223,2025-04-19,0.0
MA-BA-112,North Falmouth 1.0 NE,41.651097,-70.619223,2025-04-20,0.0
MA-BA-112,North Falmouth 1.0 NE,41.651097,-70.619223,2025-04-21,0.0
MA-BA-112,North Falmouth 1.0 NE,41.651097,-70.619223,2025-04-22,0.13
MA-BA-112,North Falmouth 1.0 NE,41.651097,-70.619223,2025-04-23,0.0
MA-BA-112,North Falmouth 1.0 NE,41.651097,-70.619223,2025-04-24,0.0
MA-BA-112,North Falmouth 1.0 NE,41.651097,-70.619223,2025-04-25,0.0
MA-BA-112,North Falmouth 1.0 NE,41.651097,-70.619223,2025-04-26,0.0
MA-BA-112,North Falmouth 1.0 NE,41.651097,-70.619223,2025-04-27,0.45
MA-BA-112,North Falmouth 1.0 NE,41.651097,-70.619223,2025-04-28,0.0
MA-BA-112,North Falmouth 1.0 NE,41.651097,-70.619223,2025-04-29,0.0
MA-BA-112,North Falmouth 1.0 NE,41.651097,-70.619223,2025-04-30,0.0
MA-BA-112,North Falmouth 1.0 NE,41.651097,-70.619223,2025-05-01,0.0
MA-BA-112,North Falmouth 1.0 NE,41.651097,-70.619223,2025-05-02,0.38
MA-BA-112,North Falmouth 1.0 NE,41.651097,-70.619223,2025-05-03,0.0
MA-BA-112,North Falmouth 1.0 NE,41.651097,-70.619223,2025-05-04,0.0
MA-BA-112,North Falmouth 1.0 NE,41.651097,-70.619223,2025-05-07,0.09
MA-BA-112,North Falmouth 1.0 NE,41.651097,-70.619223,2025-05-08,0.0
MA-BA-112,North Falmouth 1.0 NE,41.651097,-70.619223,2025-05-10,1.13
MA-BA-112,North Falmouth 1.0 NE,41.651097,-70.619223,2025-05-13,0.0
MA-BA-112,North Falmouth 1.0 NE,41.651097,-70.619223,2025-05-18,0.01
MA-BA-112,North Falmouth 1.0 NE,41.651097,-70.619223,2025-05-19,0.0
MA-BA-112,North Falmouth 1.0 NE,41.651097,-70.619223,2025-05-20,0.0
MA-BA-112,North Falmouth 1.0 NE,41.651097,-70.619223,2025-05-22,0.1
MA-BA-112,North Falmouth 1.0 NE,41.651097,-70.619223,2025-05-23,3.5
MA-BA-112,North Falmouth 1.0 NE,41.651097,-70.619223,2025-05-24,0.0
MA-BA-112,North Falmouth 1.0 NE,41.651097,-70.619223,2025-05-28,0.0
MA-BA-112,North Falmouth 1.0 NE,41.651097,-70.619223,2025-05-29,0.13
MA-BA-112,North Falmouth 1.0 NE,41.651097,-70.619223,2025-05-30,0.02
MA-BA-112,North Falmouth 1.0 NE,41.651097,-70.619223,2025-05-31,0.14
MA-BA-112,North Falmouth 1.0 NE,41.651097,-70.619223,2025-06-01,0.0
MA-BA-112,North Falmouth 1.0 NE,41.651097,-70.619223,2025-06-02,0.0
MA-BA-112,North Falmouth 1.0 NE,41.651097,-70.619223,2025-06-03,0.0
MA-BA-112,North Falmouth 1.0 NE,41.651097,-70.619223,2025-06-04,0.0
MA-BA-112,North Falmouth 1.0 NE,41.651097,-70.619223,2025-06-06,0.0
MA-BA-112,North Falmouth 1.0 NE,41.651097,-70.619223,2025-06-07,0.0
MA-BA-112,North Falmouth 1.0 NE,41.651097,-70.619223,2025-06-10,
MA-BA-112,North Falmouth 1.0 NE,41.651097,-70.619223,2025-06-11,0.55
MA-BA-112,North Falmouth 1.0 NE,41.651097,-70.619223,2025-06-12,0.0
MA-BA-112,North Falmouth 1.0 NE,41.651097,-70.619223,2025-06-13,0.0
MA-BA-112,North Falmouth 1.0 NE,41.651097,-70.619223,2025-06-14,0.0
MA-BA-112,North Falmouth 1.0 NE,41.651097,-70.619223,2025-06-20,0.0
MA-BA-112,North Falmouth 1.0 NE,41.651097,-70.619223,2025-06-21,0.0
MA-BA-112,North Falmouth 1.0 NE,41.651097,-70.619223,2025-06-22,0.0
MA-BA-112,North Falmouth 1.0 NE,41.651097,-70.619223,2025-06-23,0.0
MA-BA-112,North Falmouth 1.0 NE,41.651097,-70.619223,2025-06-24,0.0
MA-BA-112,North Falmouth 1.0 NE,41.651097,-70.619223,2025-06-25,0.0
MA-BA-112,North Falmouth 1.0 NE,41.651097,-70.619223,2025-06-26,0.0
MA-BA-112,North Falmouth 1.0 NE,41.651097,-70.619223,2025-06-29,0.0
MA-BA-112,North Falmouth 1.0 NE,41.651097,-70.619223,2025-06-30,0.0
MA-BA-112,North Falmouth 1.0 NE,41.651097,-70.619223,2025-07-03,0.0
MA-BA-112,North Falmouth 1.0 NE,41.651097,-70.619223,2025-07-04,0.12
MA-BA-112,North Falmouth 1.0 NE,41.651097,-70.619223,2025-07-05,0.0
MA-BA-112,North Falmouth 1.0 NE,41.651097,-70.619223,2025-07-06,0.0
MA-BA-112,North Falmouth 1.0 NE,41.651097,-70.619223,2025-07-09,0.52
MA-BA-112,North Falmouth 1.0 NE,41.651097,-70.619223,2025-07-19,0.0
MA-BA-112,North Falmouth 1.0 NE,41.651097,-70.619223,2025-08-06,0.0
MA-BA-112,North Falmouth 1.0 NE,41.651097,-70.619223,2025-08-07,0.0
MA-BA-112,North Falmouth 1.0 NE,41.651097,-70.619223,2025-08-08,0.0
MA-BA-112,North Falmouth 1.0 NE,41.651097,-70.619223,2025-08-09,0.0
MA-BA-112,North Falmouth 1.0 NE,41.651097,-70.619223,2025-08-10,0.0
MA-BA-112,North Falmouth 1.0 NE,41.651097,-70.619223,2025-08-11,0.0
MA-BA-112,North Falmouth 1.0 NE,41.651097,-70.619223,2025-08-12,0.0
MA-BA-112,North Falmouth 1.0 NE,41.651097,-70.619223,2025-08-13,0.0
MA-BA-112,North Falmouth 1.0 NE,41.651097,-70.619223,2025-08-20,0.0
MA-BA-112,North Falmouth 1.0 NE,41.651097,-70.619223,2025-08-21,1.08
MA-BA-112,North Falmouth 1.0 NE,41.651097,-70.619223,2025-08-22,0.0
MA-BA-112,North Falmouth 1.0 NE,41.651097,-70.619223,2025-08-23,0.0
MA-BA-112,North Falmouth 1.0 NE,41.651097,-70.619223,2025-08-24,0.0
MA-BA-112,North Falmouth 1.0 NE,41.651097,-70.619223,2025-08-25,0.0
MA-BA-112,North Falmouth 1.0 NE,41.651097,-70.619223,2025-08-26,0.0
MA-BA-112,North Falmouth 1.0 NE,41.651097,-70.619223,2025-08-27,0.0
MA-BA-112,North Falmouth 1.0 NE,41.651097,-70.619223,2025-09-04,0.0
MA-BA-112,North Falmouth 1.0 NE,41.651097,-70.619223,2025-09-05,0.01
MA-BA-112,North Falmouth 1.0 NE,41.651097,-70.619223,2025-09-06,0.0
MA-BA-112,North Falmouth 1.0 NE,41.651097,-70.619223,2025-09-07,0.02
MA-BA-112,North Falmouth 1.0 NE,41.651097,-70.619223,2025-09-08,0.96
MA-BA-112,North Falmouth 1.0 NE,41.651097,-70.619223,2025-09-09,0.0
MA-BA-112,North Falmouth 1.0 NE,41.651097,-70.619223,2025-09-24,0.07
MA-BA-112,North Falmouth 1.0 NE,41.651097,-70.619223,2025-09-25,1.56
MA-BA-112,North Falmouth 1.0 NE,41.651097,-70.619223,2025-09-26,0.46
MA-BA-112,North Falmouth 1.0 NE,41.651097,-70.619223,2025-09-27,0.0
MA-BA-112,North Falmouth 1.0 NE,41.651097,-70.619223,2025-10-01,0.0
MA-BA-112,North Falmouth 1.0 NE,41.651097,-70.619223,2025-10-02,0.0
MA-BA-112,North Falmouth 1.0 NE,41.651097,-70.619223,2025-10-03,0.0
MA-BA-112,North Falmouth 1.0 NE,41.651097,-70.619223,2025-10-17,0.0
MA-BA-112,North Falmouth 1.0 NE,41.651097,-70.619223,2025-10-18,0.0
MA-BA-112,North Falmouth 1.0 NE,41.651097,-70.619223,2025-10-19,0.0
MA-BA-112,North Falmouth 1.0 NE,41.651097,-70.619223,2025-10-20,0.0
MA-BA-112,North Falmouth 1.0 NE,41.651097,-70.619223,2025-10-21,0.69
MA-BA-112,North Falmouth 1.0 NE,41.651097,-70.619223,2025-10-22,0.01
MA-BA-112,North Falmouth 1.0 NE,41.651097,-70.619223,2025-10-23,0.0
MA-BA-112,North Falmouth 1.0 NE,41.651097,-70.619223,2025-10-24,0.0
MA-BA-112,North Falmouth 1.0 NE,41.651097,-70.619223,2025-10-25,0.0
MA-BA-112,North Falmouth 1.0 NE,41.651097,-70.619223,2025-10-26,0.0
MA-BA-112,North Falmouth 1.0 NE,41.651097,-70.619223,2025-10-27,0.0
MA-BA-112,North Falmouth 1.0 NE,41.651097,-70.619223,2025-10-28,0.01
MA-BA-112,North Falmouth 1.0 NE,41.651097,-70.619223,2025-10-29,0.01
MA-BA-112,North Falmouth 1.0 NE,41.651097,-70.619223,2025-10-30,0.04
MA-BA-112,North Falmouth 1.0 NE,41.651097,-70.619223,2025-10-31,1.59
MA-BA-112,North Falmouth 1.0 NE,41.651097,-70.619223,2025-11-01,0.0
MA-BA-112,North Falmouth 1.0 NE,41.651097,-70.619223,2025-11-05,0.0
MA-BA-112,North Falmouth 1.0 NE,41.651097,-70.619223,2025-11-09,0.02
MA-BA-112,North Falmouth 1.0 NE,41.651097,-70.619223,2025-11-12,0.0
MA-BA-112,North Falmouth 1.0 NE,41.651097,-70.619223,2025-11-13,0.0
MA-BA-112,North Falmouth 1.0 NE,41.651097,-70.619223,2025-11-14,0.0
MA-BA-112,North Falmouth 1.0 NE,41.651097,-70.619223,2025-11-15,0.0
MA-BA-112,North Falmouth 1.0 NE,41.651097,-70.619223,2025-11-16,0.64
MA-BA-112,North Falmouth 1.0 NE,41.651097,-70.619223,2025-11-17,0.0
MA-BA-112,North Falmouth 1.0 NE,41.651097,-70.619223,2025-11-18,0.0
MA-BA-112,North Falmouth 1.0 NE,41.651097,-70.619223,2025-11-19,0.0
MA-BA-112,North Falmouth 1.0 NE,41.651097,-70.619223,2025-11-20,0.0
MA-BA-112,North Falmouth 1.0 NE,41.651097,-70.619223,2025-11-21,0.0
MA-BA-112,North Falmouth 1.0 NE,41.651097,-70.619223,2025-11-23,0.23
MA-BA-112,North Falmouth 1.0 NE,41.651097,-70.619223,2025-12-03,0.74
MA-BA-112,North Falmouth 1.0 NE,41.651097,-70.619223,2025-12-04,0.0
MA-BA-112,North Falmouth 1.0 NE,41.651097,-70.619223,2025-12-05,0.0
MA-BA-112,North Falmouth 1.0 NE,41.651097,-70.619223,2025-12-10,0.03
MA-BA-112,North Falmouth 1.0 NE,41.651097,-70.619223,2025-12-13,0.0
MA-BA-112,North Falmouth 1.0 NE,41.651097,-70.619223,2025-12-14,0.18
MA-BA-112,North Falmouth 1.0 NE,41.651097,-70.619223,2025-12-15,0.14
MA-BA-112,North Falmouth 1.0 NE,41.651097,-70.619223,2025-12-16,0.0
MA-BA-112,North Falmouth 1.0 NE,41.651097,-70.619223,2025-12-17,0.0
MA-BA-112,North Falmouth 1.0 NE,41.651097,-70.619223,2025-12-30,0.18
MA-BA-112,North Falmouth 1.0 NE,41.651097,-70.619223,2025-12-31,0.0
MA-BA-112,North Falmouth 1.0 NE,41.651097,-70.619223,2026-01-05,0.0
MA-BA-112,North Falmouth 1.0 NE,41.651097,-70.619223,2026-01-06,0.02
MA-BA-112,North Falmouth 1.0 NE,41.651097,-70.619223,2026-01-07,0.02
MA-BA-112,North Falmouth 1.0 NE,41.651097,-70.619223,2026-01-08,0.06
MA-BA-112,North Falmouth 1.0 NE,41.651097,-70.619223,2026-01-12,0.0
MA-BA-112,North Falmouth 1.0 NE,41.651097,-70.619223,2026-01-14,0.0
MA-BA-112,North Falmouth 1.0 NE,41.651097,-70.619223,2026-01-15,0.0
MA-BA-112,North Falmouth 1.0 NE,41.651097,-70.619223,2026-01-16,0.0
MA-BA-112,North Falmouth 1.0 NE,41.651097,-70.619223,2026-01-17,0.0
MA-BA-112,North Falmouth 1.0 NE,41.651097,-70.619223,2026-01-18,0.0
MA-BA-112,North Falmouth 1.0 NE,41.651097,-70.619223,2026-01-19,0.76
MA-BA-112,North Falmouth 1.0 NE,41.651097,-70.619223,2026-01-20,0.0
MA-BA-112,North Falmouth 1.0 NE,41.651097,-70.619223,2026-01-21,0.0
MA-BA-112,North Falmouth 1.0 NE,41.651097,-70.619223,2026-01-22,0.0
MA-BA-112,North Falmouth 1.0 NE,41.651097,-70.619223,2026-01-23,0.0
MA-BA-112,North Falmouth 1.0 NE,41.651097,-70.619223,2026-01-24,0.0
MA-BA-112,North Falmouth 1.0 NE,41.651097,-70.619223,2026-01-25,0.0
MA-BA-112,North Falmouth 1.0 NE,41.651097,-70.619223,2026-01-26,1.21
MA-BA-112,North Falmouth 1.0 NE,41.651097,-70.619223,2026-01-27,0.13
MA-BA-112,North Falmouth 1.0 NE,41.651097,-70.619223,2026-01-28,0.0
MA-BA-112,North Falmouth 1.0 NE,41.651097,-70.619223,2026-01-29,0.0
MA-BA-112,North Falmouth 1.0 NE,41.651097,-70.619223,2026-01-30,0.0
MA-BA-112,North Falmouth 1.0 NE,41.651097,-70.619223,2026-01-31,0.0
MA-BA-112,North Falmouth 1.0 NE,41.651097,-70.619223,2026-02-01,0.0
MA-BA-112,North Falmouth 1.0 NE,41.651097,-70.619223,2026-02-02,0.01
MA-BA-112,North Falmouth 1.0 NE,41.651097,-70.619223,2026-02-03,0.0
MA-BA-112,North Falmouth 1.0 NE,41.651097,-70.619223,2026-02-04,0.0
MA-BA-112,North Falmouth 1.0 NE,41.651097,-70.619223,2026-02-05,0.0
MA-BA-112,North Falmouth 1.0 NE,41.651097,-70.619223,2026-02-06,0.0
MA-BA-112,North Falmouth 1.0 NE,41.651097,-70.619223,2026-02-07,0.01
MA-BA-112,North Falmouth 1.0 NE,41.651097,-70.619223,2026-02-19,0.14
MA-BA-112,North Falmouth 1.0 NE,41.651097,-70.619223,2026-02-20,0.0
MA-BA-112,North Falmouth 1.0 NE,41.651097,-70.619223,2026-02-21,0.54
MA-BA-112,North Falmouth 1.0 NE,41.651097,-70.619223,2026-02-22,0.0
MA-BA-112,North Falmouth 1.0 NE,41.651097,-70.619223,2026-02-23,
MA-BA-112,North Falmouth 1.0 NE,41.651097,-70.619223,2026-02-24,0.4
MA-BA-112,North Falmouth 1.0 NE,41.651097,-70.619223,2026-03-05,0.0
MA-BA-112,North Falmouth 1.0 NE,41.651097,-70.619223,2026-03-06,0.93
MA-BA-112,North Falmouth 1.0 NE,41.651097,-70.619223,2026-03-07,0.03
MA-BA-112,North Falmouth 1.0 NE,41.651097,-70.619223,2026-03-08,0.0
MA-BA-112,North Falmouth 1.0 NE,41.651097,-70.619223,2026-03-09,0.0
MA-BA-112,North Falmouth 1.0 NE,41.651097,-70.619223,2026-03-10,0.0
MA-BA-112,North Falmouth 1.0 NE,41.651097,-70.619223,2026-03-11,0.0
MA-BA-112,North Falmouth 1.0 NE,41.651097,-70.619223,2026-03-12,0.02
MA-BA-112,North Falmouth 1.0 NE,41.651097,-70.619223,2026-03-13,0.04
MA-BA-112,North Falmouth 1.0 NE,41.651097,-70.619223,2026-03-14,0.0
MA-BA-112,North Falmouth 1.0 NE,41.651097,-70.619223,2026-03-15,0.0
MA-BA-112,North Falmouth 1.0 NE,41.651097,-70.619223,2026-03-16,0.13
MA-BA-112,North Falmouth 1.0 NE,41.651097,-70.619223,2026-03-17,0.51
MA-BA-112,North Falmouth 1.0 NE,41.651097,-70.619223,2026-03-18,0.0
MA-BA-112,North Falmouth 1.0 NE,41.651097,-70.619223,2026-03-19,0.0
MA-BA-112,North Falmouth 1.0 NE,41.651097,-70.619223,2026-03-20,0.0
MA-BA-112,North Falmouth 1.0 NE,41.651097,-70.619223,2026-03-21,0.16
MA-BA-112,North Falmouth 1.0 NE,41.651097,-70.619223,2026-03-24,0.27
MA-BA-112,North Falmouth 1.0 NE,41.651097,-70.619223,2026-03-25,0.0
MA-BA-112,North Falmouth 1.0 NE,41.651097,-70.619223,2026-03-26,0.0
MA-BA-112,North Falmouth 1.0 NE,41.651097,-70.619223,2026-03-27,0.12
MA-BA-112,North Falmouth 1.0 NE,41.651097,-70.619223,2026-03-28,0.0
MA-BA-112,North Falmouth 1.0 NE,41.651097,-70.619223,2026-03-29,0.0
MA-BA-112,North Falmouth 1.0 NE,41.651097,-70.619223,2026-03-30,0.0
MA-BA-112,North Falmouth 1.0 NE,41.651097,-70.619223,2026-03-31,0.01
MA-BA-112,North Falmouth 1.0 NE,41.651097,-70.619223,2026-04-01,0.21
MA-BA-112,North Falmouth 1.0 NE,41.651097,-70.619223,2026-04-02,0.68
MA-BA-112,North Falmouth 1.0 NE,41.651097,-70.619223,2026-04-03,0.14
MA-BA-112,North Falmouth 1.0 NE,41.651097,-70.619223,2026-04-05,0.0
MA-BA-112,North Falmouth 1.0 NE,41.651097,-70.619223,2026-04-06,0.11
MA-BA-112,North Falmouth 1.0 NE,41.651097,-70.619223,2026-04-07,0.0
MA-BA-112,North Falmouth 1.0 NE,41.651097,-70.619223,2026-04-18,0.01
MA-BA-112,North Falmouth 1.0 NE,41.651097,-70.619223,2026-04-23,0.01
MA-BA-112,North Falmouth 1.0 NE,41.651097,-70.619223,2026-04-24,0.0
MA-BA-112,North Falmouth 1.0 NE,41.651097,-70.619223,2026-04-25,0.0
MA-BA-112,North Falmouth 1.0 NE,41.651097,-70.619223,2026-04-27,0.0
MA-BA-112,North Falmouth 1.0 NE,41.651097,-70.619223,2026-04-28,0.0
MA-BA-112,North Falmouth 1.0 NE,41.651097,-70.619223,2026-04-29,0.0
MA-BA-112,North Falmouth 1.0 NE,41.651097,-70.619223,2026-04-30,0.02
MA-BA-112,North Falmouth 1.0 NE,41.651097,-70.619223,2026-05-02,0.0
MA-BA-112,North Falmouth 1.0 NE,41.651097,-70.619223,2026-05-05,0.0
MA-BA-112,North Falmouth 1.0 NE,41.651097,-70.619223,2026-05-06,0.0
MA-BA-112,North Falmouth 1.0 NE,41.651097,-70.619223,2026-05-07,0.48
MA-BA-112,North Falmouth 1.0 NE,41.651097,-70.619223,2026-05-09,
MA-BA-112,North Falmouth 1.0 NE,41.651097,-70.619223,2026-05-10,0.14
MA-BA-112,North Falmouth 1.0 NE,41.651097,-70.619223,2026-05-11,0.24
MA-BA-112,North Falmouth 1.0 NE,41.651097,-70.619223,2026-05-12,0.0
MA-BA-112,North Falmouth 1.0 NE,41.651097,-70.619223,2026-05-13,0.0
MA-BA-112,North Falmouth 1.0 NE,41.651097,-70.619223,2026-05-14,0.0
MA-BA-112,North Falmouth 1.0 NE,41.651097,-70.619223,2026-05-15,0.1
MA-BA-112,North Falmouth 1.0 NE,41.651097,-70.619223,2026-05-18,0.0
MA-BA-112,North Falmouth 1.0 NE,41.651097,-70.619223,2026-05-19,0.0
MA-BA-112,North Falmouth 1.0 NE,41.651097,-70.619223,2026-05-20,0.0
MA-BA-112,North Falmouth 1.0 NE,41.651097,-70.619223,2026-05-21,0.05
MA-BA-112,North Falmouth 1.0 NE,41.651097,-70.619223,2026-05-22,0.01
MA-BA-112,North Falmouth 1.0 NE,41.651097,-70.619223,2026-05-23,0.0
MA-BA-112,North Falmouth 1.0 NE,41.651097,-70.619223,2026-05-24,0.04
MA-BA-112,North Falmouth 1.0 NE,41.651097,-70.619223,2026-05-27,0.0
MA-BA-112,North Falmouth 1.0 NE,41.651097,-70.619223,2026-05-28,0.0
MA-BA-112,North Falmouth 1.0 NE,41.651097,-70.619223,2026-05-29,0.2
MA-BA-112,North Falmouth 1.0 NE,41.651097,-70.619223,2026-05-30,0.22
MA-BA-112,North Falmouth 1.0 NE,41.651097,-70.619223,2026-05-31,0.29
MA-BA-112,North Falmouth 1.0 NE,41.651097,-70.619223,2026-06-01,0.19
MA-BA-112,North Falmouth 1.0 NE,41.651097,-70.619223,2026-06-02,0.0
MA-BA-112,North Falmouth 1.0 NE,41.651097,-70.619223,2026-06-03,0.0
MA-BA-112,North Falmouth 1.0 NE,41.651097,-70.619223,2026-06-04,0.0
MA-BA-112,North Falmouth 1.0 NE,41.651097,-70.619223,2026-06-05,0.0
MA-BA-112,North Falmouth 1.0 NE,41.651097,-70.619223,2026-06-06,0.0
MA-BA-112,North Falmouth 1.0 NE,41.651097,-70.619223,2026-06-07,0.03
MA-BA-112,North Falmouth 1.0 NE,41.651097,-70.619223,2026-06-08,0.0
MA-BA-112,North Falmouth 1.0 NE,41.651097,-70.619223,2026-06-09,0.0
MA-BA-112,North Falmouth 1.0 NE,41.651097,-70.619223,2026-06-10,0.0
MA-BA-112,North Falmouth 1.0 NE,41.651097,-70.619223,2026-06-11,0.21
MA-BA-112,North Falmouth 1.0 NE,41.651097,-70.619223,2026-06-12,0.0
MA-BA-112,North Falmouth 1.0 NE,41.651097,-70.619223,2026-06-13,0.0
MA-BA-112,North Falmouth 1.0 NE,41.651097,-70.619223,2026-06-14,0.0
MA-BA-112,North Falmouth 1.0 NE,41.651097,-70.619223,2026-06-19,0.0
MA-BA-112,North Falmouth 1.0 NE,41.651097,-70.619223,2026-06-20,0.0
MA-BA-112,North Falmouth 1.0 NE,41.651097,-70.619223,2026-06-21,0.0
MA-BA-112,North Falmouth 1.0 NE,41.651097,-70.619223,2026-06-22,0.0
MA-BA-112,North Falmouth 1.0 NE,41.651097,-70.619223,2026-06-23,1.94
MA-BA-112,North Falmouth 1.0 NE,41.651097,-70.619223,2026-06-24,0.22
MA-BA-112,North Falmouth 1.0 NE,41.651097,-70.619223,2026-06-26,0.0
MA-BA-112,North Falmouth 1.0 NE,41.651097,-70.619223,2026-06-29,0.0
MA-BA-112,North Falmouth 1.0 NE,41.651097,-70.619223,2026-07-03,0.0
MA-BA-112,North Falmouth 1.0 NE,41.651097,-70.619223,2026-07-07,0.79
MA-BA-112,North Falmouth 1.0 NE,41.651097,-70.619223,2026-07-08,1.86
MA-BA-112,North Falmouth 1.0 NE,41.651097,-70.619223,2026-07-09,0.0
MA-BA-112,North Falmouth 1.0 NE,41.651097,-70.619223,2026-07-10,0.0
MA-BA-112,North Falmouth 1.0 NE,41.651097,-70.619223,2026-07-13,0.0
MA-BA-112,North Falmouth 1.0 NE,41.651097,-70.619223,2026-07-14,0.0
MA-BA-112,North Falmouth 1.0 NE,41.651097,-70.619223,2026-07-15,0.0
MA-BA-112,North Falmouth 1.0 NE,41.651097,-70.619223,2026-07-16,0.0
MA-BA-112,North Falmouth 1.0 NE,41.651097,-70.619223,2026-07-17,0.0
MA-BA-112,North Falmouth 1.0 NE,41.651097,-70.619223,2026-07-18,0.0
MA-BA-112,North Falmouth 1.0 NE,41.651097,-70.619223,2026-07-19,1.5
MA-BA-112,North Falmouth 1.0 NE,41.651097,-70.619223,2026-07-20,0.0
MA-BA-112,North Falmouth 1.0 NE,41.651097,-70.619223,2026-07-21,0.0
MA-BA-112,North Falmouth 1.0 NE,41.651097,-70.619223,2026-07-22,1.45
MA-BA-112,North Falmouth 1.0 NE,41.651097,-70.619223,2026-07-23,0.0
MA-BA-112,North Falmouth 1.0 NE,41.651097,-70.619223,2026-07-24,0.0
MA-BA-112,North Falmouth 1.0 NE,41.651097,-70.619223,2026-07-25,0.0
MA-BA-112,North Falmouth 1.0 NE,41.651097,-70.619223,2026-07-26,0.0
MA-BA-112,North Falmouth 1.0 NE,41.651097,-70.619223,2026-07-27,0.0
MA-BA-112,North Falmouth 1.0 NE,41.651097,-70.619223,2026-07-28,0.0
MA-BA-112,North Falmouth 1.0 NE,41.651097,-70.619223,2026-07-31,0.16
MA-BA-112,North Falmouth 1.0 NE,41.651097,-70.619223,2026-08-01,0.01
MA-BA-112,North Falmouth 1.0 NE,41.651097,-70.619223,2026-08-02,0.0
MA-BA-112,North Falmouth 1.0 NE,41.651097,-70.619223,2026-08-03,0.02
