stationNumber,stationName,latitude,longitude,date,precip_in,aorc_in
MA-BA-115,Pocasset 1.0 NNW,41.6994,-70.6222,2025-07-20,0.0,0.0
MA-BA-115,Pocasset 1.0 NNW,41.6994,-70.6222,2025-07-21,0.03,0.02755905552877216
MA-BA-115,Pocasset 1.0 NNW,41.6994,-70.6222,2025-07-22,0.0,0.0
MA-BA-115,Pocasset 1.0 NNW,41.6994,-70.6222,2025-07-23,0.0,0.0
MA-BA-115,Pocasset 1.0 NNW,41.6994,-70.6222,2025-07-25,0.0,0.0
MA-BA-115,Pocasset 1.0 NNW,41.6994,-70.6222,2025-07-27,0.0,0.0
MA-BA-115,Pocasset 1.0 NNW,41.6994,-70.6222,2025-07-28,0.0,0.04724409519218085
MA-BA-115,Pocasset 1.0 NNW,41.6994,-70.6222,2025-07-30,0.0,0.0
MA-BA-115,Pocasset 1.0 NNW,41.6994,-70.6222,2025-08-01,0.26,0.39763780120085546
MA-BA-115,Pocasset 1.0 NNW,41.6994,-70.6222,2025-08-02,0.13,0.11023622211508864
MA-BA-115,Pocasset 1.0 NNW,41.6994,-70.6222,2025-08-03,0.0,0.0
MA-BA-115,Pocasset 1.0 NNW,41.6994,-70.6222,2025-08-04,0.0,0.0
MA-BA-115,Pocasset 1.0 NNW,41.6994,-70.6222,2025-08-05,0.0,0.0
MA-BA-115,Pocasset 1.0 NNW,41.6994,-70.6222,2025-08-06,0.0,0.0
MA-BA-115,Pocasset 1.0 NNW,41.6994,-70.6222,2025-08-08,0.0,0.0
MA-BA-115,Pocasset 1.0 NNW,41.6994,-70.6222,2025-08-09,0.0,0.0
MA-BA-115,Pocasset 1.0 NNW,41.6994,-70.6222,2025-08-10,0.0,0.0
MA-BA-115,Pocasset 1.0 NNW,41.6994,-70.6222,2025-08-11,0.0,0.0
MA-BA-115,Pocasset 1.0 NNW,41.6994,-70.6222,2025-08-12,0.0,0.0
MA-BA-115,Pocasset 1.0 NNW,41.6994,-70.6222,2025-08-13,0.0,0.0
MA-BA-115,Pocasset 1.0 NNW,41.6994,-70.6222,2025-08-14,0.0,0.0
MA-BA-115,Pocasset 1.0 NNW,41.6994,-70.6222,2025-08-15,0.0,0.0
MA-BA-115,Pocasset 1.0 NNW,41.6994,-70.6222,2025-08-16,0.0,0.0
MA-BA-115,Pocasset 1.0 NNW,41.6994,-70.6222,2025-08-18,0.04,0.1062992141824069
MA-BA-115,Pocasset 1.0 NNW,41.6994,-70.6222,2025-08-19,0.0,0.0
MA-BA-115,Pocasset 1.0 NNW,41.6994,-70.6222,2025-08-20,0.0,0.0
MA-BA-115,Pocasset 1.0 NNW,41.6994,-70.6222,2025-08-21,1.08,1.0157480466318882
MA-BA-115,Pocasset 1.0 NNW,41.6994,-70.6222,2025-08-22,0.0,0.0
MA-BA-115,Pocasset 1.0 NNW,41.6994,-70.6222,2025-08-23,0.0,0.0
MA-BA-115,Pocasset 1.0 NNW,41.6994,-70.6222,2025-08-24,0.0,0.0
MA-BA-115,Pocasset 1.0 NNW,41.6994,-70.6222,2025-08-25,0.0,0.0
MA-BA-115,Pocasset 1.0 NNW,41.6994,-70.6222,2025-08-26,0.0,0.0
MA-BA-115,Pocasset 1.0 NNW,41.6994,-70.6222,2025-08-27,0.0,0.0
MA-BA-115,Pocasset 1.0 NNW,41.6994,-70.6222,2025-08-28,0.01,0.07874015865363475
MA-BA-115,Pocasset 1.0 NNW,41.6994,-70.6222,2025-08-29,0.0,0.0
MA-BA-115,Pocasset 1.0 NNW,41.6994,-70.6222,2025-08-31,0.0,0.0
MA-BA-115,Pocasset 1.0 NNW,41.6994,-70.6222,2025-09-01,0.0,0.0
MA-BA-115,Pocasset 1.0 NNW,41.6994,-70.6222,2025-09-02,0.0,0.0
MA-BA-115,Pocasset 1.0 NNW,41.6994,-70.6222,2025-09-03,0.0,0.0
MA-BA-115,Pocasset 1.0 NNW,41.6994,-70.6222,2025-09-04,0.0,0.0
MA-BA-115,Pocasset 1.0 NNW,41.6994,-70.6222,2025-09-05,0.0,0.019685039663408687
MA-BA-115,Pocasset 1.0 NNW,41.6994,-70.6222,2025-09-06,0.02,0.011811023798045212
MA-BA-115,Pocasset 1.0 NNW,41.6994,-70.6222,2025-09-07,0.01,0.05511811105754432
MA-BA-115,Pocasset 1.0 NNW,41.6994,-70.6222,2025-09-08,0.7,0.8070866261997561
MA-BA-115,Pocasset 1.0 NNW,41.6994,-70.6222,2025-09-09,0.0,0.0
MA-BA-115,Pocasset 1.0 NNW,41.6994,-70.6222,2025-09-10,0.0,0.0
MA-BA-115,Pocasset 1.0 NNW,41.6994,-70.6222,2025-09-11,0.0,0.0
MA-BA-115,Pocasset 1.0 NNW,41.6994,-70.6222,2025-09-12,0.0,0.0
MA-BA-115,Pocasset 1.0 NNW,41.6994,-70.6222,2025-09-13,0.0,0.0
MA-BA-115,Pocasset 1.0 NNW,41.6994,-70.6222,2025-09-14,0.0,0.0
MA-BA-115,Pocasset 1.0 NNW,41.6994,-70.6222,2025-09-16,0.0,0.0
MA-BA-115,Pocasset 1.0 NNW,41.6994,-70.6222,2025-09-17,0.0,0.0
MA-BA-115,Pocasset 1.0 NNW,41.6994,-70.6222,2025-09-18,0.79,0.6259842612963962
MA-BA-115,Pocasset 1.0 NNW,41.6994,-70.6222,2025-09-20,0.0,0.0
MA-BA-115,Pocasset 1.0 NNW,41.6994,-70.6222,2025-09-21,0.0,0.0
MA-BA-115,Pocasset 1.0 NNW,41.6994,-70.6222,2025-09-22,0.0,0.0
MA-BA-115,Pocasset 1.0 NNW,41.6994,-70.6222,2025-09-23,0.0,0.0
MA-BA-115,Pocasset 1.0 NNW,41.6994,-70.6222,2025-09-24,0.0,0.0
MA-BA-115,Pocasset 1.0 NNW,41.6994,-70.6222,2025-09-25,1.17,1.0708661576894325
MA-BA-115,Pocasset 1.0 NNW,41.6994,-70.6222,2025-09-26,1.28,2.5196850769163115
MA-BA-115,Pocasset 1.0 NNW,41.6994,-70.6222,2025-09-27,0.0,0.0
MA-BA-115,Pocasset 1.0 NNW,41.6994,-70.6222,2025-09-28,0.06,0.05905511899022606
MA-BA-115,Pocasset 1.0 NNW,41.6994,-70.6222,2025-09-29,0.0,0.0
MA-BA-115,Pocasset 1.0 NNW,41.6994,-70.6222,2025-09-30,0.0,0.0
MA-BA-115,Pocasset 1.0 NNW,41.6994,-70.6222,2025-10-01,0.0,0.0
MA-BA-115,Pocasset 1.0 NNW,41.6994,-70.6222,2025-10-02,0.0,0.0
MA-BA-115,Pocasset 1.0 NNW,41.6994,-70.6222,2025-10-03,0.0,0.0
MA-BA-115,Pocasset 1.0 NNW,41.6994,-70.6222,2025-10-04,0.0,0.0
MA-BA-115,Pocasset 1.0 NNW,41.6994,-70.6222,2025-10-05,0.0,0.0
MA-BA-115,Pocasset 1.0 NNW,41.6994,-70.6222,2025-10-06,0.0,0.0
MA-BA-115,Pocasset 1.0 NNW,41.6994,-70.6222,2025-10-07,0.0,0.0
MA-BA-115,Pocasset 1.0 NNW,41.6994,-70.6222,2025-10-09,0.69,0.7283464675461214
MA-BA-115,Pocasset 1.0 NNW,41.6994,-70.6222,2025-10-10,0.0,0.0
MA-BA-115,Pocasset 1.0 NNW,41.6994,-70.6222,2025-10-11,0.0,0.0
MA-BA-115,Pocasset 1.0 NNW,41.6994,-70.6222,2025-10-12,0.0,0.0
MA-BA-115,Pocasset 1.0 NNW,41.6994,-70.6222,2025-10-13,1.99,2.0590551487925484
MA-BA-115,Pocasset 1.0 NNW,41.6994,-70.6222,2025-10-14,2.56,2.5236220848489936
MA-BA-115,Pocasset 1.0 NNW,41.6994,-70.6222,2025-10-15,0.0,0.5118110312486258
MA-BA-115,Pocasset 1.0 NNW,41.6994,-70.6222,2025-10-16,0.0,0.0
MA-BA-115,Pocasset 1.0 NNW,41.6994,-70.6222,2025-10-17,0.0,0.0
MA-BA-115,Pocasset 1.0 NNW,41.6994,-70.6222,2025-10-18,0.0,0.0
MA-BA-115,Pocasset 1.0 NNW,41.6994,-70.6222,2025-10-19,0.0,0.0
MA-BA-115,Pocasset 1.0 NNW,41.6994,-70.6222,2025-10-20,0.0,0.0
MA-BA-115,Pocasset 1.0 NNW,41.6994,-70.6222,2025-10-21,0.86,0.6456693009598049
MA-BA-115,Pocasset 1.0 NNW,41.6994,-70.6222,2025-10-22,0.0,0.0
MA-BA-115,Pocasset 1.0 NNW,41.6994,-70.6222,2025-10-23,0.03,0.04724409519218085
MA-BA-115,Pocasset 1.0 NNW,41.6994,-70.6222,2025-10-24,0.0,0.0
MA-BA-115,Pocasset 1.0 NNW,41.6994,-70.6222,2025-10-25,0.0,0.003937007932681738
MA-BA-115,Pocasset 1.0 NNW,41.6994,-70.6222,2025-10-26,0.0,0.0
MA-BA-115,Pocasset 1.0 NNW,41.6994,-70.6222,2025-10-27,0.0,0.0
MA-BA-115,Pocasset 1.0 NNW,41.6994,-70.6222,2025-10-28,0.02,0.05511811105754432
MA-BA-115,Pocasset 1.0 NNW,41.6994,-70.6222,2025-10-30,0.07,0.015748031730726947
MA-BA-115,Pocasset 1.0 NNW,41.6994,-70.6222,2025-10-31,1.69,1.4173228557654254
MA-BA-115,Pocasset 1.0 NNW,41.6994,-70.6222,2025-11-01,0.0,0.0
MA-BA-115,Pocasset 1.0 NNW,41.6994,-70.6222,2025-11-02,0.0,0.0
MA-BA-115,Pocasset 1.0 NNW,41.6994,-70.6222,2025-11-03,0.0,0.0
MA-BA-115,Pocasset 1.0 NNW,41.6994,-70.6222,2025-11-04,0.24,0.27952756322040334
MA-BA-115,Pocasset 1.0 NNW,41.6994,-70.6222,2025-11-06,0.04,0.0629921269229078
MA-BA-115,Pocasset 1.0 NNW,41.6994,-70.6222,2025-11-07,0.0,0.0
MA-BA-115,Pocasset 1.0 NNW,41.6994,-70.6222,2025-11-08,0.02,0.019685039663408687
MA-BA-115,Pocasset 1.0 NNW,41.6994,-70.6222,2025-11-09,0.01,0.03937007932681737
MA-BA-115,Pocasset 1.0 NNW,41.6994,-70.6222,2025-11-10,1.54,1.421259863698107
MA-BA-115,Pocasset 1.0 NNW,41.6994,-70.6222,2025-11-11,0.4,0.18503937283604166
MA-BA-115,Pocasset 1.0 NNW,41.6994,-70.6222,2025-11-12,0.0,0.0
MA-BA-115,Pocasset 1.0 NNW,41.6994,-70.6222,2025-11-13,0.0,0.0
MA-BA-115,Pocasset 1.0 NNW,41.6994,-70.6222,2025-11-14,0.0,0.003937007932681738
MA-BA-115,Pocasset 1.0 NNW,41.6994,-70.6222,2025-11-15,0.0,0.0
MA-BA-115,Pocasset 1.0 NNW,41.6994,-70.6222,2025-11-16,0.78,0.7362204834114848
MA-BA-115,Pocasset 1.0 NNW,41.6994,-70.6222,2025-11-17,0.0,0.0
MA-BA-115,Pocasset 1.0 NNW,41.6994,-70.6222,2025-11-18,0.0,0.0
MA-BA-115,Pocasset 1.0 NNW,41.6994,-70.6222,2025-11-20,0.0,0.0
MA-BA-115,Pocasset 1.0 NNW,41.6994,-70.6222,2025-11-21,0.0,0.0
MA-BA-115,Pocasset 1.0 NNW,41.6994,-70.6222,2025-11-22,0.0,0.0
MA-BA-115,Pocasset 1.0 NNW,41.6994,-70.6222,2025-11-23,0.33,0.2952755949511303
MA-BA-115,Pocasset 1.0 NNW,41.6994,-70.6222,2025-11-24,0.02,0.02755905552877216
MA-BA-115,Pocasset 1.0 NNW,41.6994,-70.6222,2025-11-25,0.0,0.0
MA-BA-115,Pocasset 1.0 NNW,41.6994,-70.6222,2025-11-27,0.03,0.0
MA-BA-115,Pocasset 1.0 NNW,41.6994,-70.6222,2025-11-28,0.0,0.0
MA-BA-115,Pocasset 1.0 NNW,41.6994,-70.6222,2025-11-29,0.0,0.0
MA-BA-115,Pocasset 1.0 NNW,41.6994,-70.6222,2025-11-30,0.0,0.0
MA-BA-115,Pocasset 1.0 NNW,41.6994,-70.6222,2025-12-01,0.45,0.897637808651436
MA-BA-115,Pocasset 1.0 NNW,41.6994,-70.6222,2025-12-02,0.0,0.0
MA-BA-115,Pocasset 1.0 NNW,41.6994,-70.6222,2025-12-04,0.0,0.0
MA-BA-115,Pocasset 1.0 NNW,41.6994,-70.6222,2025-12-05,0.0,0.0
MA-BA-115,Pocasset 1.0 NNW,41.6994,-70.6222,2025-12-06,0.0,0.0
MA-BA-115,Pocasset 1.0 NNW,41.6994,-70.6222,2025-12-07,0.01,0.0314960634614539
MA-BA-115,Pocasset 1.0 NNW,41.6994,-70.6222,2025-12-08,0.0,0.0
MA-BA-115,Pocasset 1.0 NNW,41.6994,-70.6222,2025-12-09,0.0,0.0
MA-BA-115,Pocasset 1.0 NNW,41.6994,-70.6222,2025-12-10,0.04,0.0629921269229078
MA-BA-115,Pocasset 1.0 NNW,41.6994,-70.6222,2025-12-12,0.0,0.0
MA-BA-115,Pocasset 1.0 NNW,41.6994,-70.6222,2025-12-13,0.0,0.0
MA-BA-115,Pocasset 1.0 NNW,41.6994,-70.6222,2025-12-14,0.03,0.11023622211508866
MA-BA-115,Pocasset 1.0 NNW,41.6994,-70.6222,2025-12-15,0.32,0.2519685076916312
MA-BA-115,Pocasset 1.0 NNW,41.6994,-70.6222,2025-12-16,0.0,0.0
MA-BA-115,Pocasset 1.0 NNW,41.6994,-70.6222,2025-12-17,0.0,0.0
MA-BA-115,Pocasset 1.0 NNW,41.6994,-70.6222,2025-12-18,0.0,0.0
MA-BA-115,Pocasset 1.0 NNW,41.6994,-70.6222,2025-12-19,0.05,0.2559055156243129
MA-BA-115,Pocasset 1.0 NNW,41.6994,-70.6222,2025-12-20,0.41,0.5118110312486258
MA-BA-115,Pocasset 1.0 NNW,41.6994,-70.6222,2025-12-22,0.0,0.0
MA-BA-115,Pocasset 1.0 NNW,41.6994,-70.6222,2025-12-23,0.0,0.0
MA-BA-115,Pocasset 1.0 NNW,41.6994,-70.6222,2025-12-24,0.12,0.12992126177849733
MA-BA-115,Pocasset 1.0 NNW,41.6994,-70.6222,2025-12-25,0.0,0.011811023798045212
MA-BA-115,Pocasset 1.0 NNW,41.6994,-70.6222,2025-12-26,0.0,0.0
MA-BA-115,Pocasset 1.0 NNW,41.6994,-70.6222,2025-12-27,0.04,0.19685039663408688
MA-BA-115,Pocasset 1.0 NNW,41.6994,-70.6222,2025-12-29,0.26,0.24409449182626772
MA-BA-115,Pocasset 1.0 NNW,41.6994,-70.6222,2025-12-30,0.26,0.22834646009554077
MA-BA-115,Pocasset 1.0 NNW,41.6994,-70.6222,2025-12-31,0.0,0.0
MA-BA-13,Falmouth 0.6 NNW,41.5538,-70.6115,2025-01-01,0.55,0.4960629995178989
MA-BA-13,Falmouth 0.6 NNW,41.5538,-70.6115,2025-01-02,0.17,0.2716535473550399
MA-BA-13,Falmouth 0.6 NNW,41.5538,-70.6115,2025-01-03,0.0,0.0
MA-BA-13,Falmouth 0.6 NNW,41.5538,-70.6115,2025-01-04,0.0,0.0
MA-BA-13,Falmouth 0.6 NNW,41.5538,-70.6115,2025-01-05,0.0,0.0
MA-BA-13,Falmouth 0.6 NNW,41.5538,-70.6115,2025-01-06,0.0,0.0
MA-BA-13,Falmouth 0.6 NNW,41.5538,-70.6115,2025-01-07,0.0,0.0
MA-BA-13,Falmouth 0.6 NNW,41.5538,-70.6115,2025-01-08,0.0,0.0
MA-BA-13,Falmouth 0.6 NNW,41.5538,-70.6115,2025-01-09,0.0,0.0
MA-BA-13,Falmouth 0.6 NNW,41.5538,-70.6115,2025-01-10,0.0,0.0
MA-BA-13,Falmouth 0.6 NNW,41.5538,-70.6115,2025-01-11,0.01,0.0
MA-BA-13,Falmouth 0.6 NNW,41.5538,-70.6115,2025-01-12,0.05,0.13385826971117906
MA-BA-13,Falmouth 0.6 NNW,41.5538,-70.6115,2025-01-13,0.0,0.0
MA-BA-13,Falmouth 0.6 NNW,41.5538,-70.6115,2025-01-14,0.0,0.0
MA-BA-13,Falmouth 0.6 NNW,41.5538,-70.6115,2025-01-15,0.0,0.0
MA-BA-13,Falmouth 0.6 NNW,41.5538,-70.6115,2025-01-16,0.0,0.0
MA-BA-13,Falmouth 0.6 NNW,41.5538,-70.6115,2025-01-17,0.01,0.003937007932681738
MA-BA-13,Falmouth 0.6 NNW,41.5538,-70.6115,2025-01-18,0.0,0.0
MA-BA-13,Falmouth 0.6 NNW,41.5538,-70.6115,2025-01-19,0.43,0.4566929201910815
MA-BA-13,Falmouth 0.6 NNW,41.5538,-70.6115,2025-01-20,0.44,0.31102362668185723
MA-BA-13,Falmouth 0.6 NNW,41.5538,-70.6115,2025-01-21,0.0,0.0
MA-BA-13,Falmouth 0.6 NNW,41.5538,-70.6115,2025-01-22,0.02,0.01574803173072695
MA-BA-13,Falmouth 0.6 NNW,41.5538,-70.6115,2025-01-23,0.0,0.0
MA-BA-13,Falmouth 0.6 NNW,41.5538,-70.6115,2025-01-24,0.0,0.0
MA-BA-13,Falmouth 0.6 NNW,41.5538,-70.6115,2025-01-25,0.0,0.0
MA-BA-13,Falmouth 0.6 NNW,41.5538,-70.6115,2025-01-26,0.0,0.0
MA-BA-13,Falmouth 0.6 NNW,41.5538,-70.6115,2025-01-27,0.0,0.0
MA-BA-13,Falmouth 0.6 NNW,41.5538,-70.6115,2025-01-28,0.0,0.0
MA-BA-13,Falmouth 0.6 NNW,41.5538,-70.6115,2025-01-29,0.0,0.0
MA-BA-13,Falmouth 0.6 NNW,41.5538,-70.6115,2025-01-30,0.0,0.007874015865363475
MA-BA-13,Falmouth 0.6 NNW,41.5538,-70.6115,2025-01-31,0.0,0.0
MA-BA-13,Falmouth 0.6 NNW,41.5538,-70.6115,2025-02-01,0.67,0.6338582771617597
MA-BA-13,Falmouth 0.6 NNW,41.5538,-70.6115,2025-02-02,0.03,0.04330708725949911
MA-BA-13,Falmouth 0.6 NNW,41.5538,-70.6115,2025-02-03,0.21,0.1692913411053147
MA-BA-13,Falmouth 0.6 NNW,41.5538,-70.6115,2025-02-04,0.0,0.0
MA-BA-13,Falmouth 0.6 NNW,41.5538,-70.6115,2025-02-05,0.0,0.0
MA-BA-13,Falmouth 0.6 NNW,41.5538,-70.6115,2025-02-06,0.0,0.0
MA-BA-13,Falmouth 0.6 NNW,41.5538,-70.6115,2025-02-07,0.21,0.24803149975894945
MA-BA-13,Falmouth 0.6 NNW,41.5538,-70.6115,2025-02-08,0.0,0.0
MA-BA-13,Falmouth 0.6 NNW,41.5538,-70.6115,2025-02-09,0.57,0.30708661874917553
MA-BA-13,Falmouth 0.6 NNW,41.5538,-70.6115,2025-02-10,0.0,0.019685039663408687
MA-BA-13,Falmouth 0.6 NNW,41.5538,-70.6115,2025-02-11,0.0,0.0
MA-BA-13,Falmouth 0.6 NNW,41.5538,-70.6115,2025-02-12,0.04,0.074803150720953
MA-BA-13,Falmouth 0.6 NNW,41.5538,-70.6115,2025-02-13,0.2,0.11811023798045212
MA-BA-13,Falmouth 0.6 NNW,41.5538,-70.6115,2025-02-14,0.1,0.05511811105754433
MA-BA-13,Falmouth 0.6 NNW,41.5538,-70.6115,2025-02-15,0.0,0.0
MA-BA-13,Falmouth 0.6 NNW,41.5538,-70.6115,2025-02-16,0.75,0.3267716584125842
MA-BA-13,Falmouth 0.6 NNW,41.5538,-70.6115,2025-02-17,0.97,0.9842519831704343
MA-BA-13,Falmouth 0.6 NNW,41.5538,-70.6115,2025-02-18,0.0,0.0
MA-BA-13,Falmouth 0.6 NNW,41.5538,-70.6115,2025-02-19,0.0,0.0
MA-BA-13,Falmouth 0.6 NNW,41.5538,-70.6115,2025-02-20,0.0,0.0
MA-BA-13,Falmouth 0.6 NNW,41.5538,-70.6115,2025-02-21,0.0,0.0
MA-BA-13,Falmouth 0.6 NNW,41.5538,-70.6115,2025-02-22,0.0,0.0
MA-BA-13,Falmouth 0.6 NNW,41.5538,-70.6115,2025-02-23,0.0,0.0
MA-BA-13,Falmouth 0.6 NNW,41.5538,-70.6115,2025-02-24,0.0,0.0
MA-BA-13,Falmouth 0.6 NNW,41.5538,-70.6115,2025-02-25,0.0,0.0
MA-BA-13,Falmouth 0.6 NNW,41.5538,-70.6115,2025-02-26,0.0,0.0
MA-BA-13,Falmouth 0.6 NNW,41.5538,-70.6115,2025-02-27,0.01,0.0629921269229078
MA-BA-13,Falmouth 0.6 NNW,41.5538,-70.6115,2025-02-28,0.05,0.07874015865363475
MA-BA-13,Falmouth 0.6 NNW,41.5538,-70.6115,2025-03-01,0.0,0.0
MA-BA-13,Falmouth 0.6 NNW,41.5538,-70.6115,2025-03-02,0.0,0.0
MA-BA-13,Falmouth 0.6 NNW,41.5538,-70.6115,2025-03-03,0.0,0.0
MA-BA-13,Falmouth 0.6 NNW,41.5538,-70.6115,2025-03-04,0.0,0.0
MA-BA-13,Falmouth 0.6 NNW,41.5538,-70.6115,2025-03-05,0.0,0.0
MA-BA-13,Falmouth 0.6 NNW,41.5538,-70.6115,2025-03-06,0.82,0.5472441026427615
MA-BA-13,Falmouth 0.6 NNW,41.5538,-70.6115,2025-03-07,0.05,0.05118110312486259
MA-BA-13,Falmouth 0.6 NNW,41.5538,-70.6115,2025-03-08,0.0,0.0
MA-BA-13,Falmouth 0.6 NNW,41.5538,-70.6115,2025-03-09,0.0,0.0
MA-BA-13,Falmouth 0.6 NNW,41.5538,-70.6115,2025-03-10,0.0,0.0
MA-BA-13,Falmouth 0.6 NNW,41.5538,-70.6115,2025-03-11,0.0,0.0
MA-BA-13,Falmouth 0.6 NNW,41.5538,-70.6115,2025-03-12,0.0,0.0
MA-BA-13,Falmouth 0.6 NNW,41.5538,-70.6115,2025-03-13,0.0,0.0
MA-BA-13,Falmouth 0.6 NNW,41.5538,-70.6115,2025-03-14,0.0,0.0
MA-BA-13,Falmouth 0.6 NNW,41.5538,-70.6115,2025-03-15,0.0,0.0
MA-BA-13,Falmouth 0.6 NNW,41.5538,-70.6115,2025-03-16,0.0,0.0
MA-BA-13,Falmouth 0.6 NNW,41.5538,-70.6115,2025-03-17,0.32,0.22834646009554077
MA-BA-13,Falmouth 0.6 NNW,41.5538,-70.6115,2025-03-18,1.99,1.8110236490335991
MA-BA-13,Falmouth 0.6 NNW,41.5538,-70.6115,2025-03-19,0.0,0.0
MA-BA-13,Falmouth 0.6 NNW,41.5538,-70.6115,2025-03-20,0.0,0.0
MA-BA-13,Falmouth 0.6 NNW,41.5538,-70.6115,2025-03-21,0.42,0.32283465047990245
MA-BA-13,Falmouth 0.6 NNW,41.5538,-70.6115,2025-03-22,0.07,0.05511811105754432
MA-BA-13,Falmouth 0.6 NNW,41.5538,-70.6115,2025-03-23,0.0,0.0
MA-BA-13,Falmouth 0.6 NNW,41.5538,-70.6115,2025-03-24,0.0,0.0
MA-BA-13,Falmouth 0.6 NNW,41.5538,-70.6115,2025-03-25,0.48,0.5039370153832624
MA-BA-13,Falmouth 0.6 NNW,41.5538,-70.6115,2025-03-26,0.0,0.0
MA-BA-13,Falmouth 0.6 NNW,41.5538,-70.6115,2025-03-27,0.0,0.019685039663408687
MA-BA-13,Falmouth 0.6 NNW,41.5538,-70.6115,2025-03-28,0.0,0.0
MA-BA-13,Falmouth 0.6 NNW,41.5538,-70.6115,2025-03-29,0.05,0.011811023798045214
MA-BA-13,Falmouth 0.6 NNW,41.5538,-70.6115,2025-03-30,0.08,0.10629921418240691
MA-BA-13,Falmouth 0.6 NNW,41.5538,-70.6115,2025-03-31,0.0,0.0
MA-BA-13,Falmouth 0.6 NNW,41.5538,-70.6115,2025-04-01,0.27,0.1889763807687234
MA-BA-13,Falmouth 0.6 NNW,41.5538,-70.6115,2025-04-02,0.0,0.08661417451899822
MA-BA-13,Falmouth 0.6 NNW,41.5538,-70.6115,2025-04-03,0.13,0.18110236490335993
MA-BA-13,Falmouth 0.6 NNW,41.5538,-70.6115,2025-04-04,0.15,0.149606301441906
MA-BA-13,Falmouth 0.6 NNW,41.5538,-70.6115,2025-04-05,0.0,0.0
MA-BA-13,Falmouth 0.6 NNW,41.5538,-70.6115,2025-04-06,0.84,0.6062992216329876
MA-BA-13,Falmouth 0.6 NNW,41.5538,-70.6115,2025-04-07,0.03,0.03543307139413564
MA-BA-13,Falmouth 0.6 NNW,41.5538,-70.6115,2025-04-08,0.59,0.464566936056445
MA-BA-13,Falmouth 0.6 NNW,41.5538,-70.6115,2025-04-09,0.01,0.01574803173072695
MA-BA-13,Falmouth 0.6 NNW,41.5538,-70.6115,2025-04-10,0.0,0.0
MA-BA-13,Falmouth 0.6 NNW,41.5538,-70.6115,2025-04-11,0.06,0.12204724591313386
MA-BA-13,Falmouth 0.6 NNW,41.5538,-70.6115,2025-04-12,0.32,0.299212602883812
MA-BA-13,Falmouth 0.6 NNW,41.5538,-70.6115,2025-04-13,0.21,0.051181103124862584
MA-BA-13,Falmouth 0.6 NNW,41.5538,-70.6115,2025-04-14,0.6,0.7125984358153944
MA-BA-13,Falmouth 0.6 NNW,41.5538,-70.6115,2025-04-15,0.08,0.03543307139413564
MA-BA-13,Falmouth 0.6 NNW,41.5538,-70.6115,2025-04-16,0.02,0.0629921269229078
MA-BA-13,Falmouth 0.6 NNW,41.5538,-70.6115,2025-04-17,0.0,0.0
MA-BA-13,Falmouth 0.6 NNW,41.5538,-70.6115,2025-04-18,0.0,0.0
MA-BA-13,Falmouth 0.6 NNW,41.5538,-70.6115,2025-04-19,0.0,0.0
MA-BA-13,Falmouth 0.6 NNW,41.5538,-70.6115,2025-04-20,0.0,0.0
MA-BA-13,Falmouth 0.6 NNW,41.5538,-70.6115,2025-04-21,0.0,0.0
MA-BA-13,Falmouth 0.6 NNW,41.5538,-70.6115,2025-04-22,0.07,0.07086614278827127
MA-BA-13,Falmouth 0.6 NNW,41.5538,-70.6115,2025-04-23,0.0,0.003937007932681738
MA-BA-13,Falmouth 0.6 NNW,41.5538,-70.6115,2025-04-24,0.0,0.0
MA-BA-13,Falmouth 0.6 NNW,41.5538,-70.6115,2025-04-25,0.0,0.0
MA-BA-13,Falmouth 0.6 NNW,41.5538,-70.6115,2025-04-26,0.0,0.0
MA-BA-13,Falmouth 0.6 NNW,41.5538,-70.6115,2025-04-27,1.58,1.003937022833843
MA-BA-13,Falmouth 0.6 NNW,41.5538,-70.6115,2025-04-28,0.0,0.0
MA-BA-13,Falmouth 0.6 NNW,41.5538,-70.6115,2025-04-29,0.0,0.0
MA-BA-13,Falmouth 0.6 NNW,41.5538,-70.6115,2025-04-30,0.0,0.0
MA-BA-13,Falmouth 0.6 NNW,41.5538,-70.6115,2025-05-01,0.0,0.0
MA-BA-13,Falmouth 0.6 NNW,41.5538,-70.6115,2025-05-02,0.57,0.33464567427794767
MA-BA-13,Falmouth 0.6 NNW,41.5538,-70.6115,2025-05-03,0.01,0.14173228557654252
MA-BA-13,Falmouth 0.6 NNW,41.5538,-70.6115,2025-05-04,0.0,0.0
MA-BA-13,Falmouth 0.6 NNW,41.5538,-70.6115,2025-05-05,0.15,0.10236220624972517
MA-BA-13,Falmouth 0.6 NNW,41.5538,-70.6115,2025-05-06,0.0,0.011811023798045212
MA-BA-13,Falmouth 0.6 NNW,41.5538,-70.6115,2025-05-07,0.16,0.08267716658631649
MA-BA-13,Falmouth 0.6 NNW,41.5538,-70.6115,2025-05-08,0.0,0.0
MA-BA-13,Falmouth 0.6 NNW,41.5538,-70.6115,2025-05-09,0.0,0.0
MA-BA-13,Falmouth 0.6 NNW,41.5538,-70.6115,2025-05-10,1.23,1.0433071021606604
MA-BA-13,Falmouth 0.6 NNW,41.5538,-70.6115,2025-05-11,0.01,0.0
MA-BA-13,Falmouth 0.6 NNW,41.5538,-70.6115,2025-05-12,0.0,0.0
MA-BA-13,Falmouth 0.6 NNW,41.5538,-70.6115,2025-05-13,0.0,0.0
MA-BA-13,Falmouth 0.6 NNW,41.5538,-70.6115,2025-05-14,0.0,0.0
MA-BA-13,Falmouth 0.6 NNW,41.5538,-70.6115,2025-05-15,0.0,0.003937007932681738
MA-BA-13,Falmouth 0.6 NNW,41.5538,-70.6115,2025-05-16,0.0,0.02755905552877216
MA-BA-13,Falmouth 0.6 NNW,41.5538,-70.6115,2025-05-17,0.0,0.0
MA-BA-13,Falmouth 0.6 NNW,41.5538,-70.6115,2025-05-18,0.0,0.0
MA-BA-13,Falmouth 0.6 NNW,41.5538,-70.6115,2025-05-19,0.0,0.0
MA-BA-13,Falmouth 0.6 NNW,41.5538,-70.6115,2025-05-20,0.0,0.0
MA-BA-13,Falmouth 0.6 NNW,41.5538,-70.6115,2025-05-21,0.0,0.0
MA-BA-13,Falmouth 0.6 NNW,41.5538,-70.6115,2025-05-22,0.02,0.0
MA-BA-13,Falmouth 0.6 NNW,41.5538,-70.6115,2025-05-23,5.3,3.948818956479782
MA-BA-13,Falmouth 0.6 NNW,41.5538,-70.6115,2025-05-24,0.01,0.007874015865363475
MA-BA-13,Falmouth 0.6 NNW,41.5538,-70.6115,2025-05-25,0.07,0.039370079326817374
MA-BA-13,Falmouth 0.6 NNW,41.5538,-70.6115,2025-05-26,0.0,0.0
MA-BA-13,Falmouth 0.6 NNW,41.5538,-70.6115,2025-05-27,0.0,0.0
MA-BA-13,Falmouth 0.6 NNW,41.5538,-70.6115,2025-05-28,0.0,0.0
MA-BA-13,Falmouth 0.6 NNW,41.5538,-70.6115,2025-05-29,0.17,0.15354330937458777
MA-BA-13,Falmouth 0.6 NNW,41.5538,-70.6115,2025-05-30,0.09,0.0314960634614539
MA-BA-13,Falmouth 0.6 NNW,41.5538,-70.6115,2025-05-31,0.32,0.18503937283604166
MA-BA-13,Falmouth 0.6 NNW,41.5538,-70.6115,2025-06-01,0.0,0.05905511899022606
MA-BA-13,Falmouth 0.6 NNW,41.5538,-70.6115,2025-06-02,0.0,0.0
MA-BA-13,Falmouth 0.6 NNW,41.5538,-70.6115,2025-06-03,0.0,0.0
MA-BA-13,Falmouth 0.6 NNW,41.5538,-70.6115,2025-06-04,0.0,0.0
MA-BA-13,Falmouth 0.6 NNW,41.5538,-70.6115,2025-06-05,0.0,0.0
MA-BA-13,Falmouth 0.6 NNW,41.5538,-70.6115,2025-06-06,0.0,0.0
MA-BA-13,Falmouth 0.6 NNW,41.5538,-70.6115,2025-06-07,0.0,0.0
MA-BA-13,Falmouth 0.6 NNW,41.5538,-70.6115,2025-06-08,0.08,0.08267716658631649
MA-BA-13,Falmouth 0.6 NNW,41.5538,-70.6115,2025-06-09,0.0,0.0
MA-BA-13,Falmouth 0.6 NNW,41.5538,-70.6115,2025-06-10,0.1,0.0
MA-BA-13,Falmouth 0.6 NNW,41.5538,-70.6115,2025-06-11,0.86,0.9724409593723891
MA-BA-13,Falmouth 0.6 NNW,41.5538,-70.6115,2025-06-12,0.0,0.0
MA-BA-13,Falmouth 0.6 NNW,41.5538,-70.6115,2025-06-13,0.0,0.0
MA-BA-13,Falmouth 0.6 NNW,41.5538,-70.6115,2025-06-14,0.0,0.0
MA-BA-13,Falmouth 0.6 NNW,41.5538,-70.6115,2025-06-15,0.28,0.11811023798045212
MA-BA-13,Falmouth 0.6 NNW,41.5538,-70.6115,2025-06-16,0.0,0.0
MA-BA-13,Falmouth 0.6 NNW,41.5538,-70.6115,2025-06-17,0.01,0.0
MA-BA-13,Falmouth 0.6 NNW,41.5538,-70.6115,2025-06-18,0.0,0.007874015865363475
MA-BA-13,Falmouth 0.6 NNW,41.5538,-70.6115,2025-06-19,0.0,0.0
MA-BA-13,Falmouth 0.6 NNW,41.5538,-70.6115,2025-06-20,0.0,0.0
MA-BA-13,Falmouth 0.6 NNW,41.5538,-70.6115,2025-06-21,0.0,0.0
MA-BA-13,Falmouth 0.6 NNW,41.5538,-70.6115,2025-06-22,0.0,0.0
MA-BA-13,Falmouth 0.6 NNW,41.5538,-70.6115,2025-06-23,0.0,0.007874015865363475
MA-BA-13,Falmouth 0.6 NNW,41.5538,-70.6115,2025-06-24,0.0,0.0
MA-BA-13,Falmouth 0.6 NNW,41.5538,-70.6115,2025-06-25,0.0,0.0
MA-BA-13,Falmouth 0.6 NNW,41.5538,-70.6115,2025-06-26,0.0,0.0
MA-BA-13,Falmouth 0.6 NNW,41.5538,-70.6115,2025-06-27,0.0,0.0629921269229078
MA-BA-13,Falmouth 0.6 NNW,41.5538,-70.6115,2025-06-28,0.0,0.0
MA-BA-13,Falmouth 0.6 NNW,41.5538,-70.6115,2025-06-29,0.0,0.0
MA-BA-13,Falmouth 0.6 NNW,41.5538,-70.6115,2025-06-30,0.0,0.0
MA-BA-13,Falmouth 0.6 NNW,41.5538,-70.6115,2025-07-01,0.05,0.0
MA-BA-13,Falmouth 0.6 NNW,41.5538,-70.6115,2025-07-02,0.02,0.06692913485558954
MA-BA-13,Falmouth 0.6 NNW,41.5538,-70.6115,2025-07-03,0.02,0.04330708725949911
MA-BA-13,Falmouth 0.6 NNW,41.5538,-70.6115,2025-07-04,0.01,0.1259842538458156
MA-BA-13,Falmouth 0.6 NNW,41.5538,-70.6115,2025-07-05,0.0,0.0
MA-BA-13,Falmouth 0.6 NNW,41.5538,-70.6115,2025-07-06,0.0,0.0
MA-BA-13,Falmouth 0.6 NNW,41.5538,-70.6115,2025-07-07,0.0,0.0
MA-BA-13,Falmouth 0.6 NNW,41.5538,-70.6115,2025-07-08,0.12,0.04330708725949911
MA-BA-13,Falmouth 0.6 NNW,41.5538,-70.6115,2025-07-09,1.32,0.9842519831704343
MA-BA-13,Falmouth 0.6 NNW,41.5538,-70.6115,2025-07-10,0.2,0.17716535697067817
MA-BA-13,Falmouth 0.6 NNW,41.5538,-70.6115,2025-07-11,0.22,0.30708661874917553
MA-BA-13,Falmouth 0.6 NNW,41.5538,-70.6115,2025-07-12,0.01,0.0
MA-BA-13,Falmouth 0.6 NNW,41.5538,-70.6115,2025-07-13,0.0,0.0
MA-BA-13,Falmouth 0.6 NNW,41.5538,-70.6115,2025-07-14,0.0,0.0
MA-BA-13,Falmouth 0.6 NNW,41.5538,-70.6115,2025-07-15,0.08,0.01574803173072695
MA-BA-13,Falmouth 0.6 NNW,41.5538,-70.6115,2025-07-16,0.01,0.05511811105754433
MA-BA-13,Falmouth 0.6 NNW,41.5538,-70.6115,2025-07-17,0.0,0.0
MA-BA-13,Falmouth 0.6 NNW,41.5538,-70.6115,2025-07-18,0.05,0.06692913485558953
MA-BA-13,Falmouth 0.6 NNW,41.5538,-70.6115,2025-07-19,0.0,0.0
MA-BA-13,Falmouth 0.6 NNW,41.5538,-70.6115,2025-07-20,0.0,0.0
MA-BA-13,Falmouth 0.6 NNW,41.5538,-70.6115,2025-07-21,0.0,0.023622047596090424
MA-BA-13,Falmouth 0.6 NNW,41.5538,-70.6115,2025-07-22,0.0,0.0
MA-BA-13,Falmouth 0.6 NNW,41.5538,-70.6115,2025-07-23,0.0,0.0
MA-BA-13,Falmouth 0.6 NNW,41.5538,-70.6115,2025-07-24,0.0,0.0
MA-BA-13,Falmouth 0.6 NNW,41.5538,-70.6115,2025-07-25,0.0,0.0
MA-BA-13,Falmouth 0.6 NNW,41.5538,-70.6115,2025-07-26,0.05,0.12598425384581557
MA-BA-13,Falmouth 0.6 NNW,41.5538,-70.6115,2025-07-27,0.0,0.0
MA-BA-13,Falmouth 0.6 NNW,41.5538,-70.6115,2025-07-28,0.0,0.02755905552877216
MA-BA-13,Falmouth 0.6 NNW,41.5538,-70.6115,2025-07-29,0.0,0.0
MA-BA-13,Falmouth 0.6 NNW,41.5538,-70.6115,2025-07-30,0.0,0.0
MA-BA-13,Falmouth 0.6 NNW,41.5538,-70.6115,2025-07-31,0.0,0.0
MA-BA-13,Falmouth 0.6 NNW,41.5538,-70.6115,2025-08-01,0.31,0.24803149975894945
MA-BA-13,Falmouth 0.6 NNW,41.5538,-70.6115,2025-08-02,0.07,0.08661417451899822
MA-BA-13,Falmouth 0.6 NNW,41.5538,-70.6115,2025-08-03,0.0,0.0
MA-BA-13,Falmouth 0.6 NNW,41.5538,-70.6115,2025-08-04,0.0,0.0
MA-BA-13,Falmouth 0.6 NNW,41.5538,-70.6115,2025-08-05,0.0,0.0
MA-BA-13,Falmouth 0.6 NNW,41.5538,-70.6115,2025-08-06,0.0,0.0
MA-BA-13,Falmouth 0.6 NNW,41.5538,-70.6115,2025-08-07,0.0,0.0
MA-BA-13,Falmouth 0.6 NNW,41.5538,-70.6115,2025-08-08,0.0,0.0
MA-BA-13,Falmouth 0.6 NNW,41.5538,-70.6115,2025-08-09,0.0,0.0
MA-BA-13,Falmouth 0.6 NNW,41.5538,-70.6115,2025-08-10,0.0,0.0
MA-BA-13,Falmouth 0.6 NNW,41.5538,-70.6115,2025-08-11,0.0,0.0
MA-BA-13,Falmouth 0.6 NNW,41.5538,-70.6115,2025-08-12,0.0,0.0
MA-BA-13,Falmouth 0.6 NNW,41.5538,-70.6115,2025-08-13,0.0,0.0
MA-BA-13,Falmouth 0.6 NNW,41.5538,-70.6115,2025-08-14,0.0,0.0
MA-BA-13,Falmouth 0.6 NNW,41.5538,-70.6115,2025-08-15,0.0,0.003937007932681738
MA-BA-13,Falmouth 0.6 NNW,41.5538,-70.6115,2025-08-16,0.0,0.0
MA-BA-13,Falmouth 0.6 NNW,41.5538,-70.6115,2025-08-17,0.0,0.0
MA-BA-13,Falmouth 0.6 NNW,41.5538,-70.6115,2025-08-18,0.0,0.003937007932681738
MA-BA-13,Falmouth 0.6 NNW,41.5538,-70.6115,2025-08-19,0.0,0.0
MA-BA-13,Falmouth 0.6 NNW,41.5538,-70.6115,2025-08-20,0.0,0.0
MA-BA-13,Falmouth 0.6 NNW,41.5538,-70.6115,2025-08-21,1.54,1.468503958890288
MA-BA-13,Falmouth 0.6 NNW,41.5538,-70.6115,2025-08-22,0.0,0.0
MA-BA-13,Falmouth 0.6 NNW,41.5538,-70.6115,2025-08-23,0.0,0.0
MA-BA-13,Falmouth 0.6 NNW,41.5538,-70.6115,2025-08-24,0.0,0.0
MA-BA-13,Falmouth 0.6 NNW,41.5538,-70.6115,2025-08-25,0.0,0.003937007932681738
MA-BA-13,Falmouth 0.6 NNW,41.5538,-70.6115,2025-08-26,0.02,0.011811023798045212
MA-BA-13,Falmouth 0.6 NNW,41.5538,-70.6115,2025-08-27,0.0,0.0
MA-BA-13,Falmouth 0.6 NNW,41.5538,-70.6115,2025-08-28,0.0,0.0
MA-BA-13,Falmouth 0.6 NNW,41.5538,-70.6115,2025-08-29,0.0,0.0
MA-BA-13,Falmouth 0.6 NNW,41.5538,-70.6115,2025-08-30,0.22,0.36614173773940156
MA-BA-13,Falmouth 0.6 NNW,41.5538,-70.6115,2025-08-31,0.0,0.0
MA-BA-13,Falmouth 0.6 NNW,41.5538,-70.6115,2025-09-01,0.0,0.0
MA-BA-13,Falmouth 0.6 NNW,41.5538,-70.6115,2025-09-02,0.0,0.0
MA-BA-13,Falmouth 0.6 NNW,41.5538,-70.6115,2025-09-03,0.0,0.0
MA-BA-13,Falmouth 0.6 NNW,41.5538,-70.6115,2025-09-04,0.0,0.0
MA-BA-13,Falmouth 0.6 NNW,41.5538,-70.6115,2025-09-05,0.0,0.0
MA-BA-13,Falmouth 0.6 NNW,41.5538,-70.6115,2025-09-06,0.0,0.0
MA-BA-13,Falmouth 0.6 NNW,41.5538,-70.6115,2025-09-07,0.04,0.019685039663408687
MA-BA-13,Falmouth 0.6 NNW,41.5538,-70.6115,2025-09-08,0.56,0.5629921343734884
MA-BA-13,Falmouth 0.6 NNW,41.5538,-70.6115,2025-09-09,0.0,0.0
MA-BA-13,Falmouth 0.6 NNW,41.5538,-70.6115,2025-09-10,0.0,0.0
MA-BA-13,Falmouth 0.6 NNW,41.5538,-70.6115,2025-09-11,0.0,0.003937007932681738
MA-BA-13,Falmouth 0.6 NNW,41.5538,-70.6115,2025-09-12,0.0,0.0
MA-BA-13,Falmouth 0.6 NNW,41.5538,-70.6115,2025-09-13,0.0,0.0
MA-BA-13,Falmouth 0.6 NNW,41.5538,-70.6115,2025-09-14,0.0,0.0
MA-BA-13,Falmouth 0.6 NNW,41.5538,-70.6115,2025-09-15,0.0,0.0
MA-BA-13,Falmouth 0.6 NNW,41.5538,-70.6115,2025-09-16,0.0,0.0
MA-BA-13,Falmouth 0.6 NNW,41.5538,-70.6115,2025-09-17,0.0,0.0
MA-BA-13,Falmouth 0.6 NNW,41.5538,-70.6115,2025-09-18,0.14,0.3031496108164938
MA-BA-13,Falmouth 0.6 NNW,41.5538,-70.6115,2025-09-19,0.01,0.0
MA-BA-13,Falmouth 0.6 NNW,41.5538,-70.6115,2025-09-20,0.0,0.0
MA-BA-13,Falmouth 0.6 NNW,41.5538,-70.6115,2025-09-22,0.0,0.0
MA-BA-13,Falmouth 0.6 NNW,41.5538,-70.6115,2025-09-23,0.0,0.0
MA-BA-13,Falmouth 0.6 NNW,41.5538,-70.6115,2025-09-24,0.0,0.0
MA-BA-13,Falmouth 0.6 NNW,41.5538,-70.6115,2025-09-25,1.37,1.1141732449489317
MA-BA-13,Falmouth 0.6 NNW,41.5538,-70.6115,2025-09-26,0.35,1.555118133409286
MA-BA-13,Falmouth 0.6 NNW,41.5538,-70.6115,2025-09-27,0.0,0.0
MA-BA-13,Falmouth 0.6 NNW,41.5538,-70.6115,2025-09-28,0.1,0.08267716658631649
MA-BA-13,Falmouth 0.6 NNW,41.5538,-70.6115,2025-09-29,0.0,0.0
MA-BA-13,Falmouth 0.6 NNW,41.5538,-70.6115,2025-09-30,0.0,0.0
MA-BA-13,Falmouth 0.6 NNW,41.5538,-70.6115,2025-10-01,0.0,0.0
MA-BA-13,Falmouth 0.6 NNW,41.5538,-70.6115,2025-10-02,0.0,0.0
MA-BA-13,Falmouth 0.6 NNW,41.5538,-70.6115,2025-10-03,0.0,0.0
MA-BA-13,Falmouth 0.6 NNW,41.5538,-70.6115,2025-10-04,0.0,0.0
MA-BA-13,Falmouth 0.6 NNW,41.5538,-70.6115,2025-10-05,0.0,0.0
MA-BA-13,Falmouth 0.6 NNW,41.5538,-70.6115,2025-10-06,0.0,0.0
MA-BA-13,Falmouth 0.6 NNW,41.5538,-70.6115,2025-10-07,0.0,0.0
MA-BA-13,Falmouth 0.6 NNW,41.5538,-70.6115,2025-10-08,0.01,0.0
MA-BA-13,Falmouth 0.6 NNW,41.5538,-70.6115,2025-10-09,0.97,0.8031496182670744
MA-BA-13,Falmouth 0.6 NNW,41.5538,-70.6115,2025-10-10,0.0,0.0
MA-BA-13,Falmouth 0.6 NNW,41.5538,-70.6115,2025-10-11,0.0,0.0
MA-BA-13,Falmouth 0.6 NNW,41.5538,-70.6115,2025-10-12,0.0,0.0
MA-BA-13,Falmouth 0.6 NNW,41.5538,-70.6115,2025-10-13,2.32,1.9055118394179609
MA-BA-13,Falmouth 0.6 NNW,41.5538,-70.6115,2025-10-14,0.97,1.0000000149011612
MA-BA-13,Falmouth 0.6 NNW,41.5538,-70.6115,2025-10-15,0.32,0.25984252355699466
MA-BA-13,Falmouth 0.6 NNW,41.5538,-70.6115,2025-10-16,0.0,0.0
MA-BA-13,Falmouth 0.6 NNW,41.5538,-70.6115,2025-10-17,0.0,0.0
MA-BA-13,Falmouth 0.6 NNW,41.5538,-70.6115,2025-10-18,0.0,0.0
MA-BA-13,Falmouth 0.6 NNW,41.5538,-70.6115,2025-10-19,0.0,0.0
MA-BA-13,Falmouth 0.6 NNW,41.5538,-70.6115,2025-10-20,0.0,0.0
MA-BA-13,Falmouth 0.6 NNW,41.5538,-70.6115,2025-10-21,0.67,0.5748031581715336
MA-BA-13,Falmouth 0.6 NNW,41.5538,-70.6115,2025-10-22,0.01,0.0
MA-BA-13,Falmouth 0.6 NNW,41.5538,-70.6115,2025-10-23,0.01,0.019685039663408687
MA-BA-13,Falmouth 0.6 NNW,41.5538,-70.6115,2025-10-24,0.0,0.0
MA-BA-13,Falmouth 0.6 NNW,41.5538,-70.6115,2025-10-25,0.0,0.0
MA-BA-13,Falmouth 0.6 NNW,41.5538,-70.6115,2025-10-26,0.0,0.0
MA-BA-13,Falmouth 0.6 NNW,41.5538,-70.6115,2025-10-27,0.0,0.0
MA-BA-13,Falmouth 0.6 NNW,41.5538,-70.6115,2025-10-28,0.01,0.01574803173072695
MA-BA-13,Falmouth 0.6 NNW,41.5538,-70.6115,2025-10-29,0.02,0.007874015865363475
MA-BA-13,Falmouth 0.6 NNW,41.5538,-70.6115,2025-10-30,0.05,0.011811023798045214
MA-BA-13,Falmouth 0.6 NNW,41.5538,-70.6115,2025-10-31,1.54,1.2322834829293838
MA-BA-13,Falmouth 0.6 NNW,41.5538,-70.6115,2025-11-01,0.01,0.0
MA-BA-13,Falmouth 0.6 NNW,41.5538,-70.6115,2025-11-02,0.0,0.0
MA-BA-13,Falmouth 0.6 NNW,41.5538,-70.6115,2025-11-03,0.0,0.0
MA-BA-13,Falmouth 0.6 NNW,41.5538,-70.6115,2025-11-04,0.24,0.35039370600867464
MA-BA-13,Falmouth 0.6 NNW,41.5538,-70.6115,2025-11-05,0.0,0.0
MA-BA-13,Falmouth 0.6 NNW,41.5538,-70.6115,2025-11-06,0.02,0.051181103124862584
MA-BA-13,Falmouth 0.6 NNW,41.5538,-70.6115,2025-11-07,0.0,0.0
MA-BA-13,Falmouth 0.6 NNW,41.5538,-70.6115,2025-11-08,0.17,0.1377952776438608
MA-BA-13,Falmouth 0.6 NNW,41.5538,-70.6115,2025-11-09,0.03,0.04724409519218085
MA-BA-13,Falmouth 0.6 NNW,41.5538,-70.6115,2025-11-10,2.04,1.8937008156199155
MA-BA-13,Falmouth 0.6 NNW,41.5538,-70.6115,2025-11-11,0.33,0.2716535473550399
MA-BA-13,Falmouth 0.6 NNW,41.5538,-70.6115,2025-11-12,0.0,0.0
MA-BA-13,Falmouth 0.6 NNW,41.5538,-70.6115,2025-11-13,0.0,0.0
MA-BA-13,Falmouth 0.6 NNW,41.5538,-70.6115,2025-11-14,0.01,0.019685039663408687
MA-BA-13,Falmouth 0.6 NNW,41.5538,-70.6115,2025-11-15,0.0,0.0
MA-BA-13,Falmouth 0.6 NNW,41.5538,-70.6115,2025-11-16,0.82,0.7755905627383022
MA-BA-13,Falmouth 0.6 NNW,41.5538,-70.6115,2025-11-17,0.0,0.0
MA-BA-13,Falmouth 0.6 NNW,41.5538,-70.6115,2025-11-18,0.0,0.0
MA-BA-13,Falmouth 0.6 NNW,41.5538,-70.6115,2025-11-19,0.0,0.0
MA-BA-13,Falmouth 0.6 NNW,41.5538,-70.6115,2025-11-20,0.0,0.0
MA-BA-13,Falmouth 0.6 NNW,41.5538,-70.6115,2025-11-21,0.0,0.0
MA-BA-13,Falmouth 0.6 NNW,41.5538,-70.6115,2025-11-22,0.03,0.0
MA-BA-13,Falmouth 0.6 NNW,41.5538,-70.6115,2025-11-23,0.16,0.18503937283604166
MA-BA-13,Falmouth 0.6 NNW,41.5538,-70.6115,2025-11-24,0.02,0.023622047596090427
MA-BA-13,Falmouth 0.6 NNW,41.5538,-70.6115,2025-11-25,0.0,0.0
MA-BA-13,Falmouth 0.6 NNW,41.5538,-70.6115,2025-11-26,0.23,0.20866142043213207
MA-BA-13,Falmouth 0.6 NNW,41.5538,-70.6115,2025-11-27,0.04,0.019685039663408687
MA-BA-13,Falmouth 0.6 NNW,41.5538,-70.6115,2025-11-28,0.0,0.0
MA-BA-13,Falmouth 0.6 NNW,41.5538,-70.6115,2025-11-29,0.0,0.0
MA-BA-13,Falmouth 0.6 NNW,41.5538,-70.6115,2025-11-30,0.0,0.0
MA-BA-13,Falmouth 0.6 NNW,41.5538,-70.6115,2025-12-01,0.34,0.4094488249989007
MA-BA-13,Falmouth 0.6 NNW,41.5538,-70.6115,2025-12-02,0.0,0.0
MA-BA-13,Falmouth 0.6 NNW,41.5538,-70.6115,2025-12-03,0.97,0.8818897769207091
MA-BA-13,Falmouth 0.6 NNW,41.5538,-70.6115,2025-12-04,0.0,0.0
MA-BA-13,Falmouth 0.6 NNW,41.5538,-70.6115,2025-12-05,0.0,0.0
MA-BA-13,Falmouth 0.6 NNW,41.5538,-70.6115,2025-12-06,0.0,0.0
MA-BA-13,Falmouth 0.6 NNW,41.5538,-70.6115,2025-12-07,0.03,0.0314960634614539
MA-BA-13,Falmouth 0.6 NNW,41.5538,-70.6115,2025-12-08,0.0,0.0
MA-BA-13,Falmouth 0.6 NNW,41.5538,-70.6115,2025-12-09,0.0,0.0
MA-BA-13,Falmouth 0.6 NNW,41.5538,-70.6115,2025-12-10,0.04,0.04330708725949911
MA-BA-13,Falmouth 0.6 NNW,41.5538,-70.6115,2025-12-11,0.01,0.023622047596090424
MA-BA-13,Falmouth 0.6 NNW,41.5538,-70.6115,2025-12-12,0.0,0.0
MA-BA-13,Falmouth 0.6 NNW,41.5538,-70.6115,2025-12-13,0.0,0.0
MA-BA-13,Falmouth 0.6 NNW,41.5538,-70.6115,2025-12-14,0.2,0.11023622211508864
MA-BA-13,Falmouth 0.6 NNW,41.5538,-70.6115,2025-12-15,0.11,0.25984252355699466
MA-BA-13,Falmouth 0.6 NNW,41.5538,-70.6115,2025-12-16,0.0,0.0
MA-BA-13,Falmouth 0.6 NNW,41.5538,-70.6115,2025-12-17,0.0,0.0
MA-BA-13,Falmouth 0.6 NNW,41.5538,-70.6115,2025-12-18,0.0,0.0
MA-BA-13,Falmouth 0.6 NNW,41.5538,-70.6115,2025-12-19,0.09,0.1574803173072695
MA-BA-13,Falmouth 0.6 NNW,41.5538,-70.6115,2025-12-20,0.33,0.389763785335492
MA-BA-13,Falmouth 0.6 NNW,41.5538,-70.6115,2025-12-21,0.0,0.0
MA-BA-13,Falmouth 0.6 NNW,41.5538,-70.6115,2025-12-22,0.0,0.0
MA-BA-13,Falmouth 0.6 NNW,41.5538,-70.6115,2025-12-23,0.0,0.0
MA-BA-13,Falmouth 0.6 NNW,41.5538,-70.6115,2025-12-24,0.13,0.10629921418240691
MA-BA-13,Falmouth 0.6 NNW,41.5538,-70.6115,2025-12-25,0.0,0.0
MA-BA-13,Falmouth 0.6 NNW,41.5538,-70.6115,2025-12-26,0.0,0.0
MA-BA-13,Falmouth 0.6 NNW,41.5538,-70.6115,2025-12-27,0.22,0.18110236490335993
MA-BA-13,Falmouth 0.6 NNW,41.5538,-70.6115,2025-12-28,0.0,0.011811023798045214
MA-BA-13,Falmouth 0.6 NNW,41.5538,-70.6115,2025-12-29,0.26,0.22834646009554077
MA-BA-13,Falmouth 0.6 NNW,41.5538,-70.6115,2025-12-30,0.24,0.22834646009554077
MA-BA-13,Falmouth 0.6 NNW,41.5538,-70.6115,2025-12-31,0.0,0.0
MA-BA-2,Falmouth 3.1 NNW,41.5871,-70.6321,2025-01-01,0.56,0.5275590629793528
MA-BA-2,Falmouth 3.1 NNW,41.5871,-70.6321,2025-01-02,0.12,0.2637795314896764
MA-BA-2,Falmouth 3.1 NNW,41.5871,-70.6321,2025-01-03,0.0,0.0
MA-BA-2,Falmouth 3.1 NNW,41.5871,-70.6321,2025-01-04,0.0,0.0
MA-BA-2,Falmouth 3.1 NNW,41.5871,-70.6321,2025-01-05,0.0,0.0
MA-BA-2,Falmouth 3.1 NNW,41.5871,-70.6321,2025-01-06,0.0,0.0
MA-BA-2,Falmouth 3.1 NNW,41.5871,-70.6321,2025-01-07,0.0,0.0
MA-BA-2,Falmouth 3.1 NNW,41.5871,-70.6321,2025-01-08,0.0,0.0
MA-BA-2,Falmouth 3.1 NNW,41.5871,-70.6321,2025-01-09,0.0,0.0
MA-BA-2,Falmouth 3.1 NNW,41.5871,-70.6321,2025-01-10,0.0,0.0
MA-BA-2,Falmouth 3.1 NNW,41.5871,-70.6321,2025-01-11,0.0,0.0
MA-BA-2,Falmouth 3.1 NNW,41.5871,-70.6321,2025-01-12,0.1,0.1259842538458156
MA-BA-2,Falmouth 3.1 NNW,41.5871,-70.6321,2025-01-13,0.0,0.0
MA-BA-2,Falmouth 3.1 NNW,41.5871,-70.6321,2025-01-14,0.0,0.0
MA-BA-2,Falmouth 3.1 NNW,41.5871,-70.6321,2025-01-15,0.0,0.0
MA-BA-2,Falmouth 3.1 NNW,41.5871,-70.6321,2025-01-16,0.0,0.0
MA-BA-2,Falmouth 3.1 NNW,41.5871,-70.6321,2025-01-17,0.01,0.0
MA-BA-2,Falmouth 3.1 NNW,41.5871,-70.6321,2025-01-18,0.0,0.0
MA-BA-2,Falmouth 3.1 NNW,41.5871,-70.6321,2025-01-19,0.51,0.4842519757198536
MA-BA-2,Falmouth 3.1 NNW,41.5871,-70.6321,2025-01-20,0.41,0.3425196901433112
MA-BA-2,Falmouth 3.1 NNW,41.5871,-70.6321,2025-01-21,0.0,0.0
MA-BA-2,Falmouth 3.1 NNW,41.5871,-70.6321,2025-01-22,0.01,0.007874015865363475
MA-BA-2,Falmouth 3.1 NNW,41.5871,-70.6321,2025-01-23,0.0,0.0
MA-BA-2,Falmouth 3.1 NNW,41.5871,-70.6321,2025-01-24,0.0,0.0
MA-BA-2,Falmouth 3.1 NNW,41.5871,-70.6321,2025-01-25,0.0,0.0
MA-BA-2,Falmouth 3.1 NNW,41.5871,-70.6321,2025-01-26,0.0,0.0
MA-BA-2,Falmouth 3.1 NNW,41.5871,-70.6321,2025-01-27,0.0,0.0
MA-BA-2,Falmouth 3.1 NNW,41.5871,-70.6321,2025-01-28,0.0,0.0
MA-BA-2,Falmouth 3.1 NNW,41.5871,-70.6321,2025-01-29,0.0,0.0
MA-BA-2,Falmouth 3.1 NNW,41.5871,-70.6321,2025-01-30,0.0,0.011811023798045212
MA-BA-2,Falmouth 3.1 NNW,41.5871,-70.6321,2025-01-31,0.0,0.0
MA-BA-2,Falmouth 3.1 NNW,41.5871,-70.6321,2025-02-01,0.71,0.6259842612963963
MA-BA-2,Falmouth 3.1 NNW,41.5871,-70.6321,2025-02-02,0.05,0.05905511899022606
MA-BA-2,Falmouth 3.1 NNW,41.5871,-70.6321,2025-02-03,0.16,0.17322834903799644
MA-BA-2,Falmouth 3.1 NNW,41.5871,-70.6321,2025-02-04,0.0,0.0
MA-BA-2,Falmouth 3.1 NNW,41.5871,-70.6321,2025-02-05,0.0,0.0
MA-BA-2,Falmouth 3.1 NNW,41.5871,-70.6321,2025-02-06,0.0,0.0
MA-BA-2,Falmouth 3.1 NNW,41.5871,-70.6321,2025-02-07,0.26,0.24803149975894945
MA-BA-2,Falmouth 3.1 NNW,41.5871,-70.6321,2025-02-08,0.0,0.0
MA-BA-2,Falmouth 3.1 NNW,41.5871,-70.6321,2025-02-09,0.51,0.30708661874917553
MA-BA-2,Falmouth 3.1 NNW,41.5871,-70.6321,2025-02-10,0.0,0.023622047596090424
MA-BA-2,Falmouth 3.1 NNW,41.5871,-70.6321,2025-02-11,0.0,0.0
MA-BA-2,Falmouth 3.1 NNW,41.5871,-70.6321,2025-02-12,0.02,0.051181103124862584
MA-BA-2,Falmouth 3.1 NNW,41.5871,-70.6321,2025-02-13,0.21,0.10629921418240691
MA-BA-2,Falmouth 3.1 NNW,41.5871,-70.6321,2025-02-14,0.08,0.051181103124862584
MA-BA-2,Falmouth 3.1 NNW,41.5871,-70.6321,2025-02-15,0.0,0.0
MA-BA-2,Falmouth 3.1 NNW,41.5871,-70.6321,2025-02-16,0.71,0.3267716584125842
MA-BA-2,Falmouth 3.1 NNW,41.5871,-70.6321,2025-02-17,1.19,1.1929134036025664
MA-BA-2,Falmouth 3.1 NNW,41.5871,-70.6321,2025-02-18,0.0,0.0
MA-BA-2,Falmouth 3.1 NNW,41.5871,-70.6321,2025-02-19,0.0,0.0
MA-BA-2,Falmouth 3.1 NNW,41.5871,-70.6321,2025-02-20,0.0,0.0
MA-BA-2,Falmouth 3.1 NNW,41.5871,-70.6321,2025-02-21,0.0,0.0
MA-BA-2,Falmouth 3.1 NNW,41.5871,-70.6321,2025-02-22,0.0,0.0
MA-BA-2,Falmouth 3.1 NNW,41.5871,-70.6321,2025-02-23,0.0,0.0
MA-BA-2,Falmouth 3.1 NNW,41.5871,-70.6321,2025-02-24,0.0,0.0
MA-BA-2,Falmouth 3.1 NNW,41.5871,-70.6321,2025-02-25,0.0,0.0
MA-BA-2,Falmouth 3.1 NNW,41.5871,-70.6321,2025-02-26,0.0,0.0
MA-BA-2,Falmouth 3.1 NNW,41.5871,-70.6321,2025-02-27,0.03,0.08267716658631648
MA-BA-2,Falmouth 3.1 NNW,41.5871,-70.6321,2025-02-28,0.06,0.09055118245167997
MA-BA-2,Falmouth 3.1 NNW,41.5871,-70.6321,2025-03-01,0.0,0.0
MA-BA-2,Falmouth 3.1 NNW,41.5871,-70.6321,2025-03-02,0.0,0.0
MA-BA-2,Falmouth 3.1 NNW,41.5871,-70.6321,2025-03-03,0.0,0.0
MA-BA-2,Falmouth 3.1 NNW,41.5871,-70.6321,2025-03-04,0.0,0.0
MA-BA-2,Falmouth 3.1 NNW,41.5871,-70.6321,2025-03-05,0.0,0.0
MA-BA-2,Falmouth 3.1 NNW,41.5871,-70.6321,2025-03-06,0.67,0.46062992812376324
MA-BA-2,Falmouth 3.1 NNW,41.5871,-70.6321,2025-03-07,0.03,0.07086614278827127
MA-BA-2,Falmouth 3.1 NNW,41.5871,-70.6321,2025-03-08,0.0,0.0
MA-BA-2,Falmouth 3.1 NNW,41.5871,-70.6321,2025-03-09,0.0,0.0
MA-BA-2,Falmouth 3.1 NNW,41.5871,-70.6321,2025-03-10,0.0,0.0
MA-BA-2,Falmouth 3.1 NNW,41.5871,-70.6321,2025-03-11,0.0,0.0
MA-BA-2,Falmouth 3.1 NNW,41.5871,-70.6321,2025-03-12,0.0,0.0
MA-BA-2,Falmouth 3.1 NNW,41.5871,-70.6321,2025-03-13,0.0,0.0
MA-BA-2,Falmouth 3.1 NNW,41.5871,-70.6321,2025-03-14,0.0,0.0
MA-BA-2,Falmouth 3.1 NNW,41.5871,-70.6321,2025-03-15,0.0,0.0
MA-BA-2,Falmouth 3.1 NNW,41.5871,-70.6321,2025-03-16,0.0,0.0
MA-BA-2,Falmouth 3.1 NNW,41.5871,-70.6321,2025-03-17,0.33,0.2874015790857668
MA-BA-2,Falmouth 3.1 NNW,41.5871,-70.6321,2025-03-18,1.89,1.7598425459087366
MA-BA-2,Falmouth 3.1 NNW,41.5871,-70.6321,2025-03-19,0.0,0.0
MA-BA-2,Falmouth 3.1 NNW,41.5871,-70.6321,2025-03-20,0.0,0.0
MA-BA-2,Falmouth 3.1 NNW,41.5871,-70.6321,2025-03-21,0.36,0.3188976425472207
MA-BA-2,Falmouth 3.1 NNW,41.5871,-70.6321,2025-03-22,0.07,0.074803150720953
MA-BA-2,Falmouth 3.1 NNW,41.5871,-70.6321,2025-03-23,0.0,0.0
MA-BA-2,Falmouth 3.1 NNW,41.5871,-70.6321,2025-03-24,0.0,0.0
MA-BA-2,Falmouth 3.1 NNW,41.5871,-70.6321,2025-03-25,0.54,0.5629921343734884
MA-BA-2,Falmouth 3.1 NNW,41.5871,-70.6321,2025-03-26,0.0,0.0
MA-BA-2,Falmouth 3.1 NNW,41.5871,-70.6321,2025-03-27,0.0,0.03543307139413564
MA-BA-2,Falmouth 3.1 NNW,41.5871,-70.6321,2025-03-28,0.0,0.0
MA-BA-2,Falmouth 3.1 NNW,41.5871,-70.6321,2025-03-29,0.05,0.011811023798045214
MA-BA-2,Falmouth 3.1 NNW,41.5871,-70.6321,2025-03-30,0.07,0.09055118245167995
MA-BA-2,Falmouth 3.1 NNW,41.5871,-70.6321,2025-03-31,0.0,0.0
MA-BA-2,Falmouth 3.1 NNW,41.5871,-70.6321,2025-04-01,0.19,0.1692913411053147
MA-BA-2,Falmouth 3.1 NNW,41.5871,-70.6321,2025-04-02,0.09,0.09055118245167995
MA-BA-2,Falmouth 3.1 NNW,41.5871,-70.6321,2025-04-03,0.17,0.20078740456676858
MA-BA-2,Falmouth 3.1 NNW,41.5871,-70.6321,2025-04-04,0.15,0.14566929350922428
MA-BA-2,Falmouth 3.1 NNW,41.5871,-70.6321,2025-04-05,0.0,0.0
MA-BA-2,Falmouth 3.1 NNW,41.5871,-70.6321,2025-04-06,0.81,0.5708661502388519
MA-BA-2,Falmouth 3.1 NNW,41.5871,-70.6321,2025-04-07,0.02,0.02755905552877216
MA-BA-2,Falmouth 3.1 NNW,41.5871,-70.6321,2025-04-08,0.63,0.464566936056445
MA-BA-2,Falmouth 3.1 NNW,41.5871,-70.6321,2025-04-09,0.02,0.023622047596090424
MA-BA-2,Falmouth 3.1 NNW,41.5871,-70.6321,2025-04-10,0.0,0.0
MA-BA-2,Falmouth 3.1 NNW,41.5871,-70.6321,2025-04-11,0.06,0.10629921418240691
MA-BA-2,Falmouth 3.1 NNW,41.5871,-70.6321,2025-04-12,0.33,0.32677165841258415
MA-BA-2,Falmouth 3.1 NNW,41.5871,-70.6321,2025-04-13,0.19,0.04330708725949911
MA-BA-2,Falmouth 3.1 NNW,41.5871,-70.6321,2025-04-14,0.61,0.6889763882193041
MA-BA-2,Falmouth 3.1 NNW,41.5871,-70.6321,2025-04-15,0.07,0.039370079326817374
MA-BA-2,Falmouth 3.1 NNW,41.5871,-70.6321,2025-04-16,0.01,0.06692913485558953
MA-BA-2,Falmouth 3.1 NNW,41.5871,-70.6321,2025-04-17,0.0,0.0
MA-BA-2,Falmouth 3.1 NNW,41.5871,-70.6321,2025-04-18,0.0,0.0
MA-BA-2,Falmouth 3.1 NNW,41.5871,-70.6321,2025-04-19,0.0,0.0
MA-BA-2,Falmouth 3.1 NNW,41.5871,-70.6321,2025-04-20,0.0,0.0
MA-BA-2,Falmouth 3.1 NNW,41.5871,-70.6321,2025-04-21,0.0,0.0
MA-BA-2,Falmouth 3.1 NNW,41.5871,-70.6321,2025-04-22,0.08,0.074803150720953
MA-BA-2,Falmouth 3.1 NNW,41.5871,-70.6321,2025-04-23,0.0,0.003937007932681738
MA-BA-2,Falmouth 3.1 NNW,41.5871,-70.6321,2025-04-24,0.0,0.0
MA-BA-2,Falmouth 3.1 NNW,41.5871,-70.6321,2025-04-25,0.0,0.0
MA-BA-2,Falmouth 3.1 NNW,41.5871,-70.6321,2025-04-26,0.0,0.0
MA-BA-2,Falmouth 3.1 NNW,41.5871,-70.6321,2025-04-27,0.95,0.7716535548056205
MA-BA-2,Falmouth 3.1 NNW,41.5871,-70.6321,2025-04-28,0.0,0.0
MA-BA-2,Falmouth 3.1 NNW,41.5871,-70.6321,2025-04-29,0.0,0.0
MA-BA-2,Falmouth 3.1 NNW,41.5871,-70.6321,2025-04-30,0.0,0.0
MA-BA-2,Falmouth 3.1 NNW,41.5871,-70.6321,2025-05-01,0.0,0.0
MA-BA-2,Falmouth 3.1 NNW,41.5871,-70.6321,2025-05-02,0.47,0.3031496108164938
MA-BA-2,Falmouth 3.1 NNW,41.5871,-70.6321,2025-05-03,0.0,0.16535433317263296
MA-BA-2,Falmouth 3.1 NNW,41.5871,-70.6321,2025-05-04,0.0,0.0
MA-BA-2,Falmouth 3.1 NNW,41.5871,-70.6321,2025-05-05,0.12,0.08267716658631649
MA-BA-2,Falmouth 3.1 NNW,41.5871,-70.6321,2025-05-06,0.0,0.019685039663408687
MA-BA-2,Falmouth 3.1 NNW,41.5871,-70.6321,2025-05-07,0.12,0.10236220624972517
MA-BA-2,Falmouth 3.1 NNW,41.5871,-70.6321,2025-05-08,0.0,0.0
MA-BA-2,Falmouth 3.1 NNW,41.5871,-70.6321,2025-05-09,0.0,0.0
MA-BA-2,Falmouth 3.1 NNW,41.5871,-70.6321,2025-05-10,1.09,1.062992141824069
MA-BA-2,Falmouth 3.1 NNW,41.5871,-70.6321,2025-05-11,0.01,0.0
MA-BA-2,Falmouth 3.1 NNW,41.5871,-70.6321,2025-05-12,0.0,0.0
MA-BA-2,Falmouth 3.1 NNW,41.5871,-70.6321,2025-05-13,0.0,0.0
MA-BA-2,Falmouth 3.1 NNW,41.5871,-70.6321,2025-05-14,0.0,0.0
MA-BA-2,Falmouth 3.1 NNW,41.5871,-70.6321,2025-05-15,0.0,0.01574803173072695
MA-BA-2,Falmouth 3.1 NNW,41.5871,-70.6321,2025-05-16,0.0,0.019685039663408687
MA-BA-2,Falmouth 3.1 NNW,41.5871,-70.6321,2025-05-17,0.0,0.0
MA-BA-2,Falmouth 3.1 NNW,41.5871,-70.6321,2025-05-18,0.01,0.0
MA-BA-2,Falmouth 3.1 NNW,41.5871,-70.6321,2025-05-19,0.0,0.0
MA-BA-2,Falmouth 3.1 NNW,41.5871,-70.6321,2025-05-20,0.0,0.0
MA-BA-2,Falmouth 3.1 NNW,41.5871,-70.6321,2025-05-21,0.0,0.0
MA-BA-2,Falmouth 3.1 NNW,41.5871,-70.6321,2025-05-22,0.02,0.0
MA-BA-2,Falmouth 3.1 NNW,41.5871,-70.6321,2025-05-23,4.81,3.685039424990106
MA-BA-2,Falmouth 3.1 NNW,41.5871,-70.6321,2025-05-24,0.0,0.0
MA-BA-2,Falmouth 3.1 NNW,41.5871,-70.6321,2025-05-25,0.04,0.039370079326817374
MA-BA-2,Falmouth 3.1 NNW,41.5871,-70.6321,2025-05-26,0.0,0.0
MA-BA-2,Falmouth 3.1 NNW,41.5871,-70.6321,2025-05-27,0.0,0.0
MA-BA-2,Falmouth 3.1 NNW,41.5871,-70.6321,2025-05-28,0.0,0.0
MA-BA-2,Falmouth 3.1 NNW,41.5871,-70.6321,2025-05-29,0.16,0.16141732523995125
MA-BA-2,Falmouth 3.1 NNW,41.5871,-70.6321,2025-05-30,0.06,0.039370079326817374
MA-BA-2,Falmouth 3.1 NNW,41.5871,-70.6321,2025-05-31,0.19,0.18503937283604166
MA-BA-2,Falmouth 3.1 NNW,41.5871,-70.6321,2025-06-01,0.0,0.03543307139413564
MA-BA-2,Falmouth 3.1 NNW,41.5871,-70.6321,2025-06-02,0.0,0.0
MA-BA-2,Falmouth 3.1 NNW,41.5871,-70.6321,2025-06-03,0.0,0.0
MA-BA-2,Falmouth 3.1 NNW,41.5871,-70.6321,2025-06-04,0.0,0.0
MA-BA-2,Falmouth 3.1 NNW,41.5871,-70.6321,2025-06-05,0.0,0.0
MA-BA-2,Falmouth 3.1 NNW,41.5871,-70.6321,2025-06-06,0.0,0.0
MA-BA-2,Falmouth 3.1 NNW,41.5871,-70.6321,2025-06-07,0.0,0.0
MA-BA-2,Falmouth 3.1 NNW,41.5871,-70.6321,2025-06-08,0.08,0.14960630144190604
MA-BA-2,Falmouth 3.1 NNW,41.5871,-70.6321,2025-06-09,0.0,0.0
MA-BA-2,Falmouth 3.1 NNW,41.5871,-70.6321,2025-06-10,0.06,0.0
MA-BA-2,Falmouth 3.1 NNW,41.5871,-70.6321,2025-06-11,0.81,0.9055118245167996
MA-BA-2,Falmouth 3.1 NNW,41.5871,-70.6321,2025-06-12,0.0,0.0
MA-BA-2,Falmouth 3.1 NNW,41.5871,-70.6321,2025-06-13,0.0,0.0
MA-BA-2,Falmouth 3.1 NNW,41.5871,-70.6321,2025-06-14,0.0,0.0
MA-BA-2,Falmouth 3.1 NNW,41.5871,-70.6321,2025-06-15,0.18,0.09842519831704344
MA-BA-2,Falmouth 3.1 NNW,41.5871,-70.6321,2025-06-16,0.0,0.0
MA-BA-2,Falmouth 3.1 NNW,41.5871,-70.6321,2025-06-17,0.0,0.0
MA-BA-2,Falmouth 3.1 NNW,41.5871,-70.6321,2025-06-18,0.0,0.003937007932681738
MA-BA-2,Falmouth 3.1 NNW,41.5871,-70.6321,2025-06-19,0.0,0.0
MA-BA-2,Falmouth 3.1 NNW,41.5871,-70.6321,2025-06-20,0.0,0.0
MA-BA-2,Falmouth 3.1 NNW,41.5871,-70.6321,2025-06-21,0.0,0.0
MA-BA-2,Falmouth 3.1 NNW,41.5871,-70.6321,2025-06-22,0.0,0.0
MA-BA-2,Falmouth 3.1 NNW,41.5871,-70.6321,2025-06-23,0.0,0.007874015865363475
MA-BA-2,Falmouth 3.1 NNW,41.5871,-70.6321,2025-06-24,0.0,0.0
MA-BA-2,Falmouth 3.1 NNW,41.5871,-70.6321,2025-06-25,0.0,0.0
MA-BA-2,Falmouth 3.1 NNW,41.5871,-70.6321,2025-06-26,0.0,0.0
MA-BA-2,Falmouth 3.1 NNW,41.5871,-70.6321,2025-06-27,0.01,0.04724409519218085
MA-BA-2,Falmouth 3.1 NNW,41.5871,-70.6321,2025-06-28,0.0,0.0
MA-BA-2,Falmouth 3.1 NNW,41.5871,-70.6321,2025-06-29,0.0,0.003937007932681738
MA-BA-2,Falmouth 3.1 NNW,41.5871,-70.6321,2025-06-30,0.0,0.0
MA-BA-2,Falmouth 3.1 NNW,41.5871,-70.6321,2025-07-01,0.02,0.0
MA-BA-2,Falmouth 3.1 NNW,41.5871,-70.6321,2025-07-02,0.01,0.039370079326817374
MA-BA-2,Falmouth 3.1 NNW,41.5871,-70.6321,2025-07-03,0.01,0.03543307139413564
MA-BA-2,Falmouth 3.1 NNW,41.5871,-70.6321,2025-07-04,0.05,0.13385826971117906
MA-BA-2,Falmouth 3.1 NNW,41.5871,-70.6321,2025-07-05,0.0,0.0
MA-BA-2,Falmouth 3.1 NNW,41.5871,-70.6321,2025-07-06,0.0,0.0
MA-BA-2,Falmouth 3.1 NNW,41.5871,-70.6321,2025-07-07,0.0,0.0
MA-BA-2,Falmouth 3.1 NNW,41.5871,-70.6321,2025-07-08,0.2,0.05905511899022606
MA-BA-2,Falmouth 3.1 NNW,41.5871,-70.6321,2025-07-09,0.94,1.1535433242757491
MA-BA-2,Falmouth 3.1 NNW,41.5871,-70.6321,2025-07-10,0.19,0.17322834903799644
MA-BA-2,Falmouth 3.1 NNW,41.5871,-70.6321,2025-07-11,0.18,0.2559055156243129
MA-BA-2,Falmouth 3.1 NNW,41.5871,-70.6321,2025-07-12,0.0,0.0
MA-BA-2,Falmouth 3.1 NNW,41.5871,-70.6321,2025-07-13,0.0,0.0
MA-BA-2,Falmouth 3.1 NNW,41.5871,-70.6321,2025-07-14,0.0,0.0
MA-BA-2,Falmouth 3.1 NNW,41.5871,-70.6321,2025-07-15,0.08,0.019685039663408687
MA-BA-2,Falmouth 3.1 NNW,41.5871,-70.6321,2025-07-16,0.01,0.04330708725949911
MA-BA-2,Falmouth 3.1 NNW,41.5871,-70.6321,2025-07-17,0.0,0.0
MA-BA-2,Falmouth 3.1 NNW,41.5871,-70.6321,2025-07-18,0.01,0.039370079326817374
MA-BA-2,Falmouth 3.1 NNW,41.5871,-70.6321,2025-07-19,0.0,0.0
MA-BA-2,Falmouth 3.1 NNW,41.5871,-70.6321,2025-07-20,0.0,0.0
MA-BA-2,Falmouth 3.1 NNW,41.5871,-70.6321,2025-07-21,0.01,0.04330708725949911
MA-BA-2,Falmouth 3.1 NNW,41.5871,-70.6321,2025-07-22,0.0,0.0
MA-BA-2,Falmouth 3.1 NNW,41.5871,-70.6321,2025-07-23,0.0,0.0
MA-BA-2,Falmouth 3.1 NNW,41.5871,-70.6321,2025-07-24,0.0,0.0
MA-BA-2,Falmouth 3.1 NNW,41.5871,-70.6321,2025-07-25,0.0,0.0
MA-BA-2,Falmouth 3.1 NNW,41.5871,-70.6321,2025-07-26,0.05,0.13385826971117906
MA-BA-2,Falmouth 3.1 NNW,41.5871,-70.6321,2025-07-27,0.0,0.0
MA-BA-2,Falmouth 3.1 NNW,41.5871,-70.6321,2025-07-28,0.0,0.03543307139413564
MA-BA-2,Falmouth 3.1 NNW,41.5871,-70.6321,2025-07-29,0.0,0.0
MA-BA-2,Falmouth 3.1 NNW,41.5871,-70.6321,2025-07-30,0.0,0.0
MA-BA-2,Falmouth 3.1 NNW,41.5871,-70.6321,2025-07-31,0.0,0.0
MA-BA-2,Falmouth 3.1 NNW,41.5871,-70.6321,2025-08-01,0.34,0.2559055156243129
MA-BA-2,Falmouth 3.1 NNW,41.5871,-70.6321,2025-08-02,0.12,0.0944881903843617
MA-BA-2,Falmouth 3.1 NNW,41.5871,-70.6321,2025-08-03,0.0,0.0
MA-BA-2,Falmouth 3.1 NNW,41.5871,-70.6321,2025-08-04,0.0,0.0
MA-BA-2,Falmouth 3.1 NNW,41.5871,-70.6321,2025-08-05,0.0,0.0
MA-BA-2,Falmouth 3.1 NNW,41.5871,-70.6321,2025-08-06,0.0,0.0
MA-BA-2,Falmouth 3.1 NNW,41.5871,-70.6321,2025-08-07,0.0,0.0
MA-BA-2,Falmouth 3.1 NNW,41.5871,-70.6321,2025-08-08,0.0,0.0
MA-BA-2,Falmouth 3.1 NNW,41.5871,-70.6321,2025-08-09,0.0,0.0
MA-BA-2,Falmouth 3.1 NNW,41.5871,-70.6321,2025-08-10,0.0,0.0
MA-BA-2,Falmouth 3.1 NNW,41.5871,-70.6321,2025-08-11,0.0,0.0
MA-BA-2,Falmouth 3.1 NNW,41.5871,-70.6321,2025-08-12,0.0,0.0
MA-BA-2,Falmouth 3.1 NNW,41.5871,-70.6321,2025-08-13,0.0,0.0
MA-BA-2,Falmouth 3.1 NNW,41.5871,-70.6321,2025-08-14,0.0,0.0
MA-BA-2,Falmouth 3.1 NNW,41.5871,-70.6321,2025-08-15,0.0,0.0
MA-BA-2,Falmouth 3.1 NNW,41.5871,-70.6321,2025-08-16,0.0,0.0
MA-BA-2,Falmouth 3.1 NNW,41.5871,-70.6321,2025-08-17,0.0,0.0
MA-BA-2,Falmouth 3.1 NNW,41.5871,-70.6321,2025-08-18,0.0,0.003937007932681738
MA-BA-2,Falmouth 3.1 NNW,41.5871,-70.6321,2025-08-19,0.0,0.0
MA-BA-2,Falmouth 3.1 NNW,41.5871,-70.6321,2025-08-20,0.0,0.0
MA-BA-2,Falmouth 3.1 NNW,41.5871,-70.6321,2025-08-21,1.47,1.3740157685059262
MA-BA-2,Falmouth 3.1 NNW,41.5871,-70.6321,2025-08-22,0.0,0.0
MA-BA-2,Falmouth 3.1 NNW,41.5871,-70.6321,2025-08-23,0.0,0.0
MA-BA-2,Falmouth 3.1 NNW,41.5871,-70.6321,2025-08-24,0.0,0.0
MA-BA-2,Falmouth 3.1 NNW,41.5871,-70.6321,2025-08-25,0.0,0.0
MA-BA-2,Falmouth 3.1 NNW,41.5871,-70.6321,2025-08-26,0.05,0.011811023798045212
MA-BA-2,Falmouth 3.1 NNW,41.5871,-70.6321,2025-08-27,0.0,0.0
MA-BA-2,Falmouth 3.1 NNW,41.5871,-70.6321,2025-08-28,0.0,0.0
MA-BA-2,Falmouth 3.1 NNW,41.5871,-70.6321,2025-08-29,0.0,0.0
MA-BA-2,Falmouth 3.1 NNW,41.5871,-70.6321,2025-08-30,0.41,0.523622055046671
MA-BA-2,Falmouth 3.1 NNW,41.5871,-70.6321,2025-08-31,0.0,0.0
MA-BA-2,Falmouth 3.1 NNW,41.5871,-70.6321,2025-09-01,0.0,0.0
MA-BA-2,Falmouth 3.1 NNW,41.5871,-70.6321,2025-09-02,0.0,0.0
MA-BA-2,Falmouth 3.1 NNW,41.5871,-70.6321,2025-09-03,0.0,0.0
MA-BA-2,Falmouth 3.1 NNW,41.5871,-70.6321,2025-09-04,0.0,0.0
MA-BA-2,Falmouth 3.1 NNW,41.5871,-70.6321,2025-09-05,0.0,0.0
MA-BA-2,Falmouth 3.1 NNW,41.5871,-70.6321,2025-09-06,0.0,0.003937007932681738
MA-BA-2,Falmouth 3.1 NNW,41.5871,-70.6321,2025-09-07,0.03,0.04330708725949911
MA-BA-2,Falmouth 3.1 NNW,41.5871,-70.6321,2025-09-08,0.86,0.7283464675461214
MA-BA-2,Falmouth 3.1 NNW,41.5871,-70.6321,2025-09-09,0.0,0.0
MA-BA-2,Falmouth 3.1 NNW,41.5871,-70.6321,2025-09-10,0.0,0.0
MA-BA-2,Falmouth 3.1 NNW,41.5871,-70.6321,2025-09-11,0.0,0.0
MA-BA-2,Falmouth 3.1 NNW,41.5871,-70.6321,2025-09-12,0.0,0.0
MA-BA-2,Falmouth 3.1 NNW,41.5871,-70.6321,2025-09-13,0.0,0.0
MA-BA-2,Falmouth 3.1 NNW,41.5871,-70.6321,2025-09-14,0.0,0.0
MA-BA-2,Falmouth 3.1 NNW,41.5871,-70.6321,2025-09-15,0.0,0.003937007932681738
MA-BA-2,Falmouth 3.1 NNW,41.5871,-70.6321,2025-09-16,0.0,0.0
MA-BA-2,Falmouth 3.1 NNW,41.5871,-70.6321,2025-09-17,0.0,0.0
MA-BA-2,Falmouth 3.1 NNW,41.5871,-70.6321,2025-09-18,0.31,0.33464567427794767
MA-BA-2,Falmouth 3.1 NNW,41.5871,-70.6321,2025-09-19,0.01,0.0
MA-BA-2,Falmouth 3.1 NNW,41.5871,-70.6321,2025-09-20,0.0,0.0
MA-BA-2,Falmouth 3.1 NNW,41.5871,-70.6321,2025-09-21,0.0,0.0
MA-BA-2,Falmouth 3.1 NNW,41.5871,-70.6321,2025-09-22,0.0,0.0
MA-BA-2,Falmouth 3.1 NNW,41.5871,-70.6321,2025-09-23,0.0,0.0
MA-BA-2,Falmouth 3.1 NNW,41.5871,-70.6321,2025-09-24,0.0,0.0
MA-BA-2,Falmouth 3.1 NNW,41.5871,-70.6321,2025-09-25,1.47,1.3267716733137453
MA-BA-2,Falmouth 3.1 NNW,41.5871,-70.6321,2025-09-26,0.41,1.976377982206232
MA-BA-2,Falmouth 3.1 NNW,41.5871,-70.6321,2025-09-27,0.0,0.0
MA-BA-2,Falmouth 3.1 NNW,41.5871,-70.6321,2025-09-28,0.1,0.07874015865363475
MA-BA-2,Falmouth 3.1 NNW,41.5871,-70.6321,2025-09-29,0.0,0.0
MA-BA-2,Falmouth 3.1 NNW,41.5871,-70.6321,2025-09-30,0.0,0.0
MA-BA-2,Falmouth 3.1 NNW,41.5871,-70.6321,2025-10-01,0.0,0.0
MA-BA-2,Falmouth 3.1 NNW,41.5871,-70.6321,2025-10-02,0.0,0.0
MA-BA-2,Falmouth 3.1 NNW,41.5871,-70.6321,2025-10-03,0.0,0.0
MA-BA-2,Falmouth 3.1 NNW,41.5871,-70.6321,2025-10-04,0.0,0.0
MA-BA-2,Falmouth 3.1 NNW,41.5871,-70.6321,2025-10-05,0.0,0.0
MA-BA-2,Falmouth 3.1 NNW,41.5871,-70.6321,2025-10-06,0.0,0.0
MA-BA-2,Falmouth 3.1 NNW,41.5871,-70.6321,2025-10-07,0.0,0.0
MA-BA-2,Falmouth 3.1 NNW,41.5871,-70.6321,2025-10-08,0.0,0.0
MA-BA-2,Falmouth 3.1 NNW,41.5871,-70.6321,2025-10-09,0.75,0.7125984358153944
MA-BA-2,Falmouth 3.1 NNW,41.5871,-70.6321,2025-10-10,0.0,0.0
MA-BA-2,Falmouth 3.1 NNW,41.5871,-70.6321,2025-10-11,0.0,0.0
MA-BA-2,Falmouth 3.1 NNW,41.5871,-70.6321,2025-10-12,0.0,0.0
MA-BA-2,Falmouth 3.1 NNW,41.5871,-70.6321,2025-10-13,2.21,1.8937008156199155
MA-BA-2,Falmouth 3.1 NNW,41.5871,-70.6321,2025-10-14,1.39,1.0118110386992065
MA-BA-2,Falmouth 3.1 NNW,41.5871,-70.6321,2025-10-15,0.27,0.240157483893586
MA-BA-2,Falmouth 3.1 NNW,41.5871,-70.6321,2025-10-16,0.0,0.0
MA-BA-2,Falmouth 3.1 NNW,41.5871,-70.6321,2025-10-17,0.0,0.0
MA-BA-2,Falmouth 3.1 NNW,41.5871,-70.6321,2025-10-18,0.0,0.0
MA-BA-2,Falmouth 3.1 NNW,41.5871,-70.6321,2025-10-19,0.0,0.0
MA-BA-2,Falmouth 3.1 NNW,41.5871,-70.6321,2025-10-20,0.0,0.0
MA-BA-2,Falmouth 3.1 NNW,41.5871,-70.6321,2025-10-21,0.82,0.6062992216329876
MA-BA-2,Falmouth 3.1 NNW,41.5871,-70.6321,2025-10-22,0.0,0.0
MA-BA-2,Falmouth 3.1 NNW,41.5871,-70.6321,2025-10-23,0.02,0.019685039663408687
MA-BA-2,Falmouth 3.1 NNW,41.5871,-70.6321,2025-10-24,0.0,0.0
MA-BA-2,Falmouth 3.1 NNW,41.5871,-70.6321,2025-10-25,0.0,0.0
MA-BA-2,Falmouth 3.1 NNW,41.5871,-70.6321,2025-10-26,0.0,0.0
MA-BA-2,Falmouth 3.1 NNW,41.5871,-70.6321,2025-10-27,0.0,0.0
MA-BA-2,Falmouth 3.1 NNW,41.5871,-70.6321,2025-10-28,0.01,0.019685039663408687
MA-BA-2,Falmouth 3.1 NNW,41.5871,-70.6321,2025-10-29,0.03,0.003937007932681738
MA-BA-2,Falmouth 3.1 NNW,41.5871,-70.6321,2025-10-30,0.05,0.0
MA-BA-2,Falmouth 3.1 NNW,41.5871,-70.6321,2025-10-31,1.68,1.2952756098522915
MA-BA-2,Falmouth 3.1 NNW,41.5871,-70.6321,2025-11-01,0.0,0.0
MA-BA-2,Falmouth 3.1 NNW,41.5871,-70.6321,2025-11-02,0.0,0.0
MA-BA-2,Falmouth 3.1 NNW,41.5871,-70.6321,2025-11-03,0.0,0.0
MA-BA-2,Falmouth 3.1 NNW,41.5871,-70.6321,2025-11-04,0.24,0.3307086663452659
MA-BA-2,Falmouth 3.1 NNW,41.5871,-70.6321,2025-11-05,0.0,0.0
MA-BA-2,Falmouth 3.1 NNW,41.5871,-70.6321,2025-11-06,0.01,0.051181103124862584
MA-BA-2,Falmouth 3.1 NNW,41.5871,-70.6321,2025-11-07,0.0,0.0
MA-BA-2,Falmouth 3.1 NNW,41.5871,-70.6321,2025-11-08,0.11,0.05905511899022606
MA-BA-2,Falmouth 3.1 NNW,41.5871,-70.6321,2025-11-09,0.02,0.04330708725949911
MA-BA-2,Falmouth 3.1 NNW,41.5871,-70.6321,2025-11-10,2.33,1.9724409742735505
MA-BA-2,Falmouth 3.1 NNW,41.5871,-70.6321,2025-11-11,0.51,0.2677165394223581
MA-BA-2,Falmouth 3.1 NNW,41.5871,-70.6321,2025-11-12,0.0,0.0
MA-BA-2,Falmouth 3.1 NNW,41.5871,-70.6321,2025-11-13,0.0,0.0
MA-BA-2,Falmouth 3.1 NNW,41.5871,-70.6321,2025-11-14,0.0,0.027559055528772164
MA-BA-2,Falmouth 3.1 NNW,41.5871,-70.6321,2025-11-15,0.0,0.0
MA-BA-2,Falmouth 3.1 NNW,41.5871,-70.6321,2025-11-16,0.76,0.7559055230748936
MA-BA-2,Falmouth 3.1 NNW,41.5871,-70.6321,2025-11-17,0.0,0.0
MA-BA-2,Falmouth 3.1 NNW,41.5871,-70.6321,2025-11-18,0.0,0.0
MA-BA-2,Falmouth 3.1 NNW,41.5871,-70.6321,2025-11-19,0.0,0.0
MA-BA-2,Falmouth 3.1 NNW,41.5871,-70.6321,2025-11-20,0.0,0.0
MA-BA-2,Falmouth 3.1 NNW,41.5871,-70.6321,2025-11-21,0.0,0.0
MA-BA-2,Falmouth 3.1 NNW,41.5871,-70.6321,2025-11-22,0.0,0.0
MA-BA-2,Falmouth 3.1 NNW,41.5871,-70.6321,2025-11-23,0.18,0.19685039663408688
MA-BA-2,Falmouth 3.1 NNW,41.5871,-70.6321,2025-11-24,0.01,0.01574803173072695
MA-BA-2,Falmouth 3.1 NNW,41.5871,-70.6321,2025-11-25,0.0,0.0
MA-BA-2,Falmouth 3.1 NNW,41.5871,-70.6321,2025-11-26,0.26,0.21653543629749555
MA-BA-2,Falmouth 3.1 NNW,41.5871,-70.6321,2025-11-27,0.03,0.023622047596090424
MA-BA-2,Falmouth 3.1 NNW,41.5871,-70.6321,2025-11-28,0.0,0.0
MA-BA-2,Falmouth 3.1 NNW,41.5871,-70.6321,2025-11-29,0.0,0.0
MA-BA-2,Falmouth 3.1 NNW,41.5871,-70.6321,2025-11-30,0.0,0.0
MA-BA-2,Falmouth 3.1 NNW,41.5871,-70.6321,2025-12-01,0.27,0.42913386466230935
MA-BA-2,Falmouth 3.1 NNW,41.5871,-70.6321,2025-12-02,0.0,0.0
MA-BA-2,Falmouth 3.1 NNW,41.5871,-70.6321,2025-12-03,1.01,0.8582677293246187
MA-BA-2,Falmouth 3.1 NNW,41.5871,-70.6321,2025-12-04,0.0,0.0
MA-BA-2,Falmouth 3.1 NNW,41.5871,-70.6321,2025-12-05,0.0,0.0
MA-BA-2,Falmouth 3.1 NNW,41.5871,-70.6321,2025-12-06,0.0,0.0
MA-BA-2,Falmouth 3.1 NNW,41.5871,-70.6321,2025-12-07,0.02,0.0314960634614539
MA-BA-2,Falmouth 3.1 NNW,41.5871,-70.6321,2025-12-08,0.0,0.0
MA-BA-2,Falmouth 3.1 NNW,41.5871,-70.6321,2025-12-09,0.0,0.0
MA-BA-2,Falmouth 3.1 NNW,41.5871,-70.6321,2025-12-10,0.03,0.06692913485558953
MA-BA-2,Falmouth 3.1 NNW,41.5871,-70.6321,2025-12-11,0.0,0.019685039663408687
MA-BA-2,Falmouth 3.1 NNW,41.5871,-70.6321,2025-12-12,0.0,0.0
MA-BA-2,Falmouth 3.1 NNW,41.5871,-70.6321,2025-12-13,0.0,0.0
MA-BA-2,Falmouth 3.1 NNW,41.5871,-70.6321,2025-12-14,0.17,0.11811023798045212
MA-BA-2,Falmouth 3.1 NNW,41.5871,-70.6321,2025-12-15,0.16,0.2519685076916312
MA-BA-2,Falmouth 3.1 NNW,41.5871,-70.6321,2025-12-16,0.0,0.0
MA-BA-2,Falmouth 3.1 NNW,41.5871,-70.6321,2025-12-17,0.0,0.0
MA-BA-2,Falmouth 3.1 NNW,41.5871,-70.6321,2025-12-18,0.0,0.0
MA-BA-2,Falmouth 3.1 NNW,41.5871,-70.6321,2025-12-19,0.11,0.20866142043213207
MA-BA-2,Falmouth 3.1 NNW,41.5871,-70.6321,2025-12-20,0.38,0.40551181706621897
MA-BA-2,Falmouth 3.1 NNW,41.5871,-70.6321,2025-12-21,0.0,0.0
MA-BA-2,Falmouth 3.1 NNW,41.5871,-70.6321,2025-12-22,0.0,0.0
MA-BA-2,Falmouth 3.1 NNW,41.5871,-70.6321,2025-12-23,0.0,0.0
MA-BA-2,Falmouth 3.1 NNW,41.5871,-70.6321,2025-12-24,0.12,0.11023622211508866
MA-BA-2,Falmouth 3.1 NNW,41.5871,-70.6321,2025-12-25,0.0,0.003937007932681738
MA-BA-2,Falmouth 3.1 NNW,41.5871,-70.6321,2025-12-26,0.0,0.0
MA-BA-2,Falmouth 3.1 NNW,41.5871,-70.6321,2025-12-27,0.27,0.18503937283604166
MA-BA-2,Falmouth 3.1 NNW,41.5871,-70.6321,2025-12-28,0.01,0.003937007932681738
MA-BA-2,Falmouth 3.1 NNW,41.5871,-70.6321,2025-12-29,0.31,0.224409452162859
MA-BA-2,Falmouth 3.1 NNW,41.5871,-70.6321,2025-12-30,0.21,0.2125984283648138
MA-BA-2,Falmouth 3.1 NNW,41.5871,-70.6321,2025-12-31,0.0,0.0
MA-BA-57,Falmouth 5.7 N,41.628365,-70.623234,2025-01-01,0.57,0.5196850471139893
MA-BA-57,Falmouth 5.7 N,41.628365,-70.623234,2025-01-02,0.08,0.27559055528772164
MA-BA-57,Falmouth 5.7 N,41.628365,-70.623234,2025-01-03,0.0,0.0
MA-BA-57,Falmouth 5.7 N,41.628365,-70.623234,2025-01-04,0.0,0.0
MA-BA-57,Falmouth 5.7 N,41.628365,-70.623234,2025-01-05,0.0,0.0
MA-BA-57,Falmouth 5.7 N,41.628365,-70.623234,2025-01-06,0.0,0.0
MA-BA-57,Falmouth 5.7 N,41.628365,-70.623234,2025-01-07,0.0,0.0
MA-BA-57,Falmouth 5.7 N,41.628365,-70.623234,2025-01-08,0.0,0.0
MA-BA-57,Falmouth 5.7 N,41.628365,-70.623234,2025-01-09,0.0,0.0
MA-BA-57,Falmouth 5.7 N,41.628365,-70.623234,2025-01-10,0.0,0.0
MA-BA-57,Falmouth 5.7 N,41.628365,-70.623234,2025-01-11,0.01,0.0
MA-BA-57,Falmouth 5.7 N,41.628365,-70.623234,2025-01-12,0.1,0.14173228557654255
MA-BA-57,Falmouth 5.7 N,41.628365,-70.623234,2025-01-13,0.0,0.0
MA-BA-57,Falmouth 5.7 N,41.628365,-70.623234,2025-01-14,0.0,0.0
MA-BA-57,Falmouth 5.7 N,41.628365,-70.623234,2025-01-15,0.0,0.0
MA-BA-57,Falmouth 5.7 N,41.628365,-70.623234,2025-01-16,0.0,0.0
MA-BA-57,Falmouth 5.7 N,41.628365,-70.623234,2025-01-17,0.01,0.0
MA-BA-57,Falmouth 5.7 N,41.628365,-70.623234,2025-01-18,0.0,0.0
MA-BA-57,Falmouth 5.7 N,41.628365,-70.623234,2025-01-19,0.48,0.5118110312486258
MA-BA-57,Falmouth 5.7 N,41.628365,-70.623234,2025-01-20,0.52,0.3503937060086746
MA-BA-57,Falmouth 5.7 N,41.628365,-70.623234,2025-01-21,0.0,0.0
MA-BA-57,Falmouth 5.7 N,41.628365,-70.623234,2025-01-22,0.01,0.003937007932681738
MA-BA-57,Falmouth 5.7 N,41.628365,-70.623234,2025-01-23,0.0,0.0
MA-BA-57,Falmouth 5.7 N,41.628365,-70.623234,2025-01-24,0.0,0.0
MA-BA-57,Falmouth 5.7 N,41.628365,-70.623234,2025-01-25,0.0,0.0
MA-BA-57,Falmouth 5.7 N,41.628365,-70.623234,2025-01-26,0.0,0.0
MA-BA-57,Falmouth 5.7 N,41.628365,-70.623234,2025-01-27,0.0,0.0
MA-BA-57,Falmouth 5.7 N,41.628365,-70.623234,2025-01-28,0.0,0.0
MA-BA-57,Falmouth 5.7 N,41.628365,-70.623234,2025-01-29,0.0,0.011811023798045212
MA-BA-57,Falmouth 5.7 N,41.628365,-70.623234,2025-01-30,0.0,0.003937007932681738
MA-BA-57,Falmouth 5.7 N,41.628365,-70.623234,2025-01-31,0.0,0.0
MA-BA-57,Falmouth 5.7 N,41.628365,-70.623234,2025-02-01,0.73,0.6614173326905319
MA-BA-57,Falmouth 5.7 N,41.628365,-70.623234,2025-02-02,0.04,0.05905511899022606
MA-BA-57,Falmouth 5.7 N,41.628365,-70.623234,2025-02-03,0.2,0.16535433317263296
MA-BA-57,Falmouth 5.7 N,41.628365,-70.623234,2025-02-09,0.57,0.2952755949511303
MA-BA-57,Falmouth 5.7 N,41.628365,-70.623234,2025-02-10,0.0,0.01574803173072695
MA-BA-57,Falmouth 5.7 N,41.628365,-70.623234,2025-02-11,0.0,0.0
MA-BA-57,Falmouth 5.7 N,41.628365,-70.623234,2025-02-12,0.02,0.011811023798045214
MA-BA-57,Falmouth 5.7 N,41.628365,-70.623234,2025-02-13,0.2,0.09842519831704344
MA-BA-57,Falmouth 5.7 N,41.628365,-70.623234,2025-02-14,0.06,0.04724409519218085
MA-BA-57,Falmouth 5.7 N,41.628365,-70.623234,2025-02-15,0.0,0.0
MA-BA-57,Falmouth 5.7 N,41.628365,-70.623234,2025-02-16,0.7,0.33070866634526597
MA-BA-57,Falmouth 5.7 N,41.628365,-70.623234,2025-02-17,1.13,1.287401593986928
MA-BA-57,Falmouth 5.7 N,41.628365,-70.623234,2025-02-18,0.0,0.0
MA-BA-57,Falmouth 5.7 N,41.628365,-70.623234,2025-02-19,0.0,0.0
MA-BA-57,Falmouth 5.7 N,41.628365,-70.623234,2025-02-20,0.0,0.0
MA-BA-57,Falmouth 5.7 N,41.628365,-70.623234,2025-02-21,0.01,0.0
MA-BA-57,Falmouth 5.7 N,41.628365,-70.623234,2025-02-22,0.0,0.0
MA-BA-57,Falmouth 5.7 N,41.628365,-70.623234,2025-02-23,0.0,0.0
MA-BA-57,Falmouth 5.7 N,41.628365,-70.623234,2025-02-24,0.0,0.0
MA-BA-57,Falmouth 5.7 N,41.628365,-70.623234,2025-02-25,0.0,0.0
MA-BA-57,Falmouth 5.7 N,41.628365,-70.623234,2025-02-26,0.0,0.0
MA-BA-57,Falmouth 5.7 N,41.628365,-70.623234,2025-02-27,0.04,0.07874015865363475
MA-BA-57,Falmouth 5.7 N,41.628365,-70.623234,2025-02-28,0.05,0.09055118245167995
MA-BA-57,Falmouth 5.7 N,41.628365,-70.623234,2025-03-01,0.0,0.0
MA-BA-57,Falmouth 5.7 N,41.628365,-70.623234,2025-03-02,0.0,0.0
MA-BA-57,Falmouth 5.7 N,41.628365,-70.623234,2025-03-03,0.0,0.0
MA-BA-57,Falmouth 5.7 N,41.628365,-70.623234,2025-03-04,0.0,0.0
MA-BA-57,Falmouth 5.7 N,41.628365,-70.623234,2025-03-05,0.0,0.0
MA-BA-57,Falmouth 5.7 N,41.628365,-70.623234,2025-03-06,0.42,0.49212599158521714
MA-BA-57,Falmouth 5.7 N,41.628365,-70.623234,2025-03-07,0.05,0.06692913485558954
MA-BA-57,Falmouth 5.7 N,41.628365,-70.623234,2025-03-08,0.0,0.0
MA-BA-57,Falmouth 5.7 N,41.628365,-70.623234,2025-03-09,0.0,0.0
MA-BA-57,Falmouth 5.7 N,41.628365,-70.623234,2025-03-10,0.0,0.0
MA-BA-57,Falmouth 5.7 N,41.628365,-70.623234,2025-03-11,0.0,0.0
MA-BA-57,Falmouth 5.7 N,41.628365,-70.623234,2025-03-12,0.0,0.0
MA-BA-57,Falmouth 5.7 N,41.628365,-70.623234,2025-03-13,0.0,0.0
MA-BA-57,Falmouth 5.7 N,41.628365,-70.623234,2025-03-14,0.0,0.0
MA-BA-57,Falmouth 5.7 N,41.628365,-70.623234,2025-03-15,0.0,0.0
MA-BA-57,Falmouth 5.7 N,41.628365,-70.623234,2025-03-16,0.0,0.0
MA-BA-57,Falmouth 5.7 N,41.628365,-70.623234,2025-03-17,0.31,0.36614173773940156
MA-BA-57,Falmouth 5.7 N,41.628365,-70.623234,2025-03-20,0.01,0.0
MA-BA-57,Falmouth 5.7 N,41.628365,-70.623234,2025-03-21,0.35,0.31102362668185723
MA-BA-57,Falmouth 5.7 N,41.628365,-70.623234,2025-03-22,0.12,0.09842519831704344
MA-BA-57,Falmouth 5.7 N,41.628365,-70.623234,2025-03-23,0.0,0.0
MA-BA-57,Falmouth 5.7 N,41.628365,-70.623234,2025-03-24,0.0,0.0
MA-BA-57,Falmouth 5.7 N,41.628365,-70.623234,2025-03-25,0.51,0.6062992216329876
MA-BA-57,Falmouth 5.7 N,41.628365,-70.623234,2025-03-26,0.0,0.0
MA-BA-57,Falmouth 5.7 N,41.628365,-70.623234,2025-03-27,0.0,0.02755905552877216
MA-BA-57,Falmouth 5.7 N,41.628365,-70.623234,2025-03-28,0.0,0.0
MA-BA-57,Falmouth 5.7 N,41.628365,-70.623234,2025-03-29,0.03,0.01574803173072695
MA-BA-57,Falmouth 5.7 N,41.628365,-70.623234,2025-03-30,0.09,0.07874015865363475
MA-BA-57,Falmouth 5.7 N,41.628365,-70.623234,2025-03-31,0.0,0.0
MA-BA-57,Falmouth 5.7 N,41.628365,-70.623234,2025-04-01,0.19,0.16141732523995125
MA-BA-57,Falmouth 5.7 N,41.628365,-70.623234,2025-04-02,0.0,0.09842519831704344
MA-BA-57,Falmouth 5.7 N,41.628365,-70.623234,2025-04-03,0.25,0.1889763807687234
MA-BA-57,Falmouth 5.7 N,41.628365,-70.623234,2025-04-04,0.15,0.19685039663408688
MA-BA-57,Falmouth 5.7 N,41.628365,-70.623234,2025-04-05,0.0,0.0
MA-BA-57,Falmouth 5.7 N,41.628365,-70.623234,2025-04-06,0.73,0.5433070947100798
MA-BA-57,Falmouth 5.7 N,41.628365,-70.623234,2025-04-07,0.03,0.0314960634614539
MA-BA-57,Falmouth 5.7 N,41.628365,-70.623234,2025-04-08,0.58,0.45669292019108154
MA-BA-57,Falmouth 5.7 N,41.628365,-70.623234,2025-04-09,0.03,0.0314960634614539
MA-BA-57,Falmouth 5.7 N,41.628365,-70.623234,2025-04-10,0.0,0.0
MA-BA-57,Falmouth 5.7 N,41.628365,-70.623234,2025-04-11,0.05,0.10236220624972517
MA-BA-57,Falmouth 5.7 N,41.628365,-70.623234,2025-04-12,0.33,0.33464567427794767
MA-BA-57,Falmouth 5.7 N,41.628365,-70.623234,2025-04-13,0.18,0.04330708725949911
MA-BA-57,Falmouth 5.7 N,41.628365,-70.623234,2025-04-14,0.55,0.6574803247578501
MA-BA-57,Falmouth 5.7 N,41.628365,-70.623234,2025-04-15,0.11,0.05511811105754432
MA-BA-57,Falmouth 5.7 N,41.628365,-70.623234,2025-04-16,0.03,0.10236220624972517
MA-BA-57,Falmouth 5.7 N,41.628365,-70.623234,2025-04-17,0.0,0.0
MA-BA-57,Falmouth 5.7 N,41.628365,-70.623234,2025-04-18,0.0,0.0
MA-BA-57,Falmouth 5.7 N,41.628365,-70.623234,2025-04-19,0.0,0.0
MA-BA-57,Falmouth 5.7 N,41.628365,-70.623234,2025-04-20,0.0,0.0
MA-BA-57,Falmouth 5.7 N,41.628365,-70.623234,2025-04-21,0.0,0.0
MA-BA-57,Falmouth 5.7 N,41.628365,-70.623234,2025-04-22,0.08,0.10236220624972517
MA-BA-57,Falmouth 5.7 N,41.628365,-70.623234,2025-04-23,0.0,0.003937007932681738
MA-BA-57,Falmouth 5.7 N,41.628365,-70.623234,2025-04-24,0.0,0.0
MA-BA-57,Falmouth 5.7 N,41.628365,-70.623234,2025-04-25,0.0,0.0
MA-BA-57,Falmouth 5.7 N,41.628365,-70.623234,2025-04-26,0.01,0.0
MA-BA-57,Falmouth 5.7 N,41.628365,-70.623234,2025-04-27,0.6,0.7244094596134396
MA-BA-57,Falmouth 5.7 N,41.628365,-70.623234,2025-04-28,0.0,0.0
MA-BA-57,Falmouth 5.7 N,41.628365,-70.623234,2025-04-29,0.0,0.0
MA-BA-57,Falmouth 5.7 N,41.628365,-70.623234,2025-04-30,0.0,0.0
MA-BA-57,Falmouth 5.7 N,41.628365,-70.623234,2025-05-01,0.0,0.0
MA-BA-57,Falmouth 5.7 N,41.628365,-70.623234,2025-05-02,0.54,0.38188976947012854
MA-BA-57,Falmouth 5.7 N,41.628365,-70.623234,2025-05-03,0.0,0.14173228557654255
MA-BA-57,Falmouth 5.7 N,41.628365,-70.623234,2025-05-04,0.0,0.0
MA-BA-57,Falmouth 5.7 N,41.628365,-70.623234,2025-05-05,0.14,0.08661417451899822
MA-BA-57,Falmouth 5.7 N,41.628365,-70.623234,2025-05-06,0.01,0.015748031730726947
MA-BA-57,Falmouth 5.7 N,41.628365,-70.623234,2025-05-07,0.06,0.11023622211508864
MA-BA-57,Falmouth 5.7 N,41.628365,-70.623234,2025-05-08,0.0,0.0
MA-BA-57,Falmouth 5.7 N,41.628365,-70.623234,2025-05-09,0.0,0.0
MA-BA-57,Falmouth 5.7 N,41.628365,-70.623234,2025-05-10,1.29,1.1181102528816134
MA-BA-57,Falmouth 5.7 N,41.628365,-70.623234,2025-05-11,0.0,0.003937007932681738
MA-BA-57,Falmouth 5.7 N,41.628365,-70.623234,2025-05-12,0.0,0.0
MA-BA-57,Falmouth 5.7 N,41.628365,-70.623234,2025-05-13,0.0,0.0
MA-BA-57,Falmouth 5.7 N,41.628365,-70.623234,2025-05-14,0.0,0.0
MA-BA-57,Falmouth 5.7 N,41.628365,-70.623234,2025-05-15,0.0,0.023622047596090424
MA-BA-57,Falmouth 5.7 N,41.628365,-70.623234,2025-05-16,0.0,0.019685039663408687
MA-BA-57,Falmouth 5.7 N,41.628365,-70.623234,2025-05-17,0.0,0.0
MA-BA-57,Falmouth 5.7 N,41.628365,-70.623234,2025-05-18,0.0,0.011811023798045212
MA-BA-57,Falmouth 5.7 N,41.628365,-70.623234,2025-05-19,0.0,0.0
MA-BA-57,Falmouth 5.7 N,41.628365,-70.623234,2025-05-20,0.0,0.0
MA-BA-57,Falmouth 5.7 N,41.628365,-70.623234,2025-05-21,0.0,0.0
MA-BA-57,Falmouth 5.7 N,41.628365,-70.623234,2025-05-22,0.01,0.0
MA-BA-57,Falmouth 5.7 N,41.628365,-70.623234,2025-05-23,4.66,3.4685039886926106
MA-BA-57,Falmouth 5.7 N,41.628365,-70.623234,2025-05-24,0.0,0.0
MA-BA-57,Falmouth 5.7 N,41.628365,-70.623234,2025-05-25,0.03,0.03543307139413564
MA-BA-57,Falmouth 5.7 N,41.628365,-70.623234,2025-05-26,0.0,0.0
MA-BA-57,Falmouth 5.7 N,41.628365,-70.623234,2025-05-27,0.0,0.0
MA-BA-57,Falmouth 5.7 N,41.628365,-70.623234,2025-05-28,0.0,0.0
MA-BA-57,Falmouth 5.7 N,41.628365,-70.623234,2025-05-29,0.14,0.1377952776438608
MA-BA-57,Falmouth 5.7 N,41.628365,-70.623234,2025-05-30,0.05,0.0314960634614539
MA-BA-57,Falmouth 5.7 N,41.628365,-70.623234,2025-05-31,0.19,0.1811023649033599
MA-BA-57,Falmouth 5.7 N,41.628365,-70.623234,2025-06-01,0.0,0.039370079326817374
MA-BA-57,Falmouth 5.7 N,41.628365,-70.623234,2025-06-02,0.0,0.0
MA-BA-57,Falmouth 5.7 N,41.628365,-70.623234,2025-06-03,0.0,0.0
MA-BA-57,Falmouth 5.7 N,41.628365,-70.623234,2025-06-04,0.0,0.0
MA-BA-57,Falmouth 5.7 N,41.628365,-70.623234,2025-06-05,0.0,0.0
MA-BA-57,Falmouth 5.7 N,41.628365,-70.623234,2025-06-06,0.0,0.0
MA-BA-57,Falmouth 5.7 N,41.628365,-70.623234,2025-06-07,0.01,0.0
MA-BA-57,Falmouth 5.7 N,41.628365,-70.623234,2025-06-08,0.21,0.2952755949511303
MA-BA-57,Falmouth 5.7 N,41.628365,-70.623234,2025-06-09,0.0,0.0
MA-BA-57,Falmouth 5.7 N,41.628365,-70.623234,2025-06-10,0.09,0.0
MA-BA-57,Falmouth 5.7 N,41.628365,-70.623234,2025-06-11,0.71,0.7992126103343927
MA-BA-57,Falmouth 5.7 N,41.628365,-70.623234,2025-06-12,0.0,0.0
MA-BA-57,Falmouth 5.7 N,41.628365,-70.623234,2025-06-13,0.0,0.0
MA-BA-57,Falmouth 5.7 N,41.628365,-70.623234,2025-06-14,0.0,0.0
MA-BA-57,Falmouth 5.7 N,41.628365,-70.623234,2025-06-15,0.17,0.08267716658631649
MA-BA-57,Falmouth 5.7 N,41.628365,-70.623234,2025-06-16,0.0,0.0
MA-BA-57,Falmouth 5.7 N,41.628365,-70.623234,2025-06-17,0.0,0.0
MA-BA-57,Falmouth 5.7 N,41.628365,-70.623234,2025-06-18,0.0,0.0
MA-BA-57,Falmouth 5.7 N,41.628365,-70.623234,2025-06-19,0.0,0.003937007932681738
MA-BA-57,Falmouth 5.7 N,41.628365,-70.623234,2025-06-20,0.0,0.0
MA-BA-57,Falmouth 5.7 N,41.628365,-70.623234,2025-06-21,0.0,0.0
MA-BA-57,Falmouth 5.7 N,41.628365,-70.623234,2025-06-22,0.0,0.0
MA-BA-57,Falmouth 5.7 N,41.628365,-70.623234,2025-06-23,0.0,0.01574803173072695
MA-BA-57,Falmouth 5.7 N,41.628365,-70.623234,2025-06-24,0.0,0.0
MA-BA-57,Falmouth 5.7 N,41.628365,-70.623234,2025-06-25,0.0,0.0
MA-BA-57,Falmouth 5.7 N,41.628365,-70.623234,2025-06-26,0.0,0.0
MA-BA-57,Falmouth 5.7 N,41.628365,-70.623234,2025-06-27,0.0,0.023622047596090424
MA-BA-57,Falmouth 5.7 N,41.628365,-70.623234,2025-06-28,0.0,0.0
MA-BA-57,Falmouth 5.7 N,41.628365,-70.623234,2025-06-29,0.01,0.003937007932681738
MA-BA-57,Falmouth 5.7 N,41.628365,-70.623234,2025-06-30,0.0,0.0
MA-BA-57,Falmouth 5.7 N,41.628365,-70.623234,2025-07-01,0.0,0.0
MA-BA-57,Falmouth 5.7 N,41.628365,-70.623234,2025-07-02,0.01,0.05511811105754433
MA-BA-57,Falmouth 5.7 N,41.628365,-70.623234,2025-07-03,0.0,0.0314960634614539
MA-BA-57,Falmouth 5.7 N,41.628365,-70.623234,2025-07-04,0.04,0.16535433317263298
MA-BA-57,Falmouth 5.7 N,41.628365,-70.623234,2025-07-05,0.0,0.0
MA-BA-57,Falmouth 5.7 N,41.628365,-70.623234,2025-07-06,0.0,0.0
MA-BA-57,Falmouth 5.7 N,41.628365,-70.623234,2025-07-07,0.0,0.0
MA-BA-57,Falmouth 5.7 N,41.628365,-70.623234,2025-07-08,0.15,0.05905511899022606
MA-BA-57,Falmouth 5.7 N,41.628365,-70.623234,2025-07-09,0.48,0.9881889911031161
MA-BA-57,Falmouth 5.7 N,41.628365,-70.623234,2025-07-10,0.19,0.15354330937458777
MA-BA-57,Falmouth 5.7 N,41.628365,-70.623234,2025-07-11,0.17,0.224409452162859
MA-BA-57,Falmouth 5.7 N,41.628365,-70.623234,2025-07-12,0.0,0.0
MA-BA-57,Falmouth 5.7 N,41.628365,-70.623234,2025-07-13,0.0,0.0
MA-BA-57,Falmouth 5.7 N,41.628365,-70.623234,2025-07-14,0.0,0.0
MA-BA-57,Falmouth 5.7 N,41.628365,-70.623234,2025-07-19,0.0,0.0
MA-BA-57,Falmouth 5.7 N,41.628365,-70.623234,2025-07-20,0.0,0.0
MA-BA-57,Falmouth 5.7 N,41.628365,-70.623234,2025-07-21,0.08,0.051181103124862584
MA-BA-57,Falmouth 5.7 N,41.628365,-70.623234,2025-07-22,0.0,0.0
MA-BA-57,Falmouth 5.7 N,41.628365,-70.623234,2025-07-23,0.0,0.0
MA-BA-57,Falmouth 5.7 N,41.628365,-70.623234,2025-07-24,0.0,0.0
MA-BA-57,Falmouth 5.7 N,41.628365,-70.623234,2025-07-25,0.0,0.0
MA-BA-57,Falmouth 5.7 N,41.628365,-70.623234,2025-07-26,0.04,0.1377952776438608
MA-BA-57,Falmouth 5.7 N,41.628365,-70.623234,2025-07-27,0.0,0.0
MA-BA-57,Falmouth 5.7 N,41.628365,-70.623234,2025-07-28,0.01,0.05511811105754432
MA-BA-57,Falmouth 5.7 N,41.628365,-70.623234,2025-07-29,0.0,0.0
MA-BA-57,Falmouth 5.7 N,41.628365,-70.623234,2025-07-30,0.0,0.0
MA-BA-57,Falmouth 5.7 N,41.628365,-70.623234,2025-07-31,0.0,0.0
MA-BA-57,Falmouth 5.7 N,41.628365,-70.623234,2025-08-01,0.25,0.240157483893586
MA-BA-57,Falmouth 5.7 N,41.628365,-70.623234,2025-08-02,0.12,0.0944881903843617
MA-BA-57,Falmouth 5.7 N,41.628365,-70.623234,2025-08-03,0.0,0.0
MA-BA-57,Falmouth 5.7 N,41.628365,-70.623234,2025-08-04,0.0,0.0
MA-BA-57,Falmouth 5.7 N,41.628365,-70.623234,2025-08-05,0.0,0.0
MA-BA-57,Falmouth 5.7 N,41.628365,-70.623234,2025-08-06,0.0,0.0
MA-BA-57,Falmouth 5.7 N,41.628365,-70.623234,2025-08-07,0.0,0.0
MA-BA-57,Falmouth 5.7 N,41.628365,-70.623234,2025-08-08,0.0,0.0
MA-BA-57,Falmouth 5.7 N,41.628365,-70.623234,2025-08-09,0.0,0.0
MA-BA-57,Falmouth 5.7 N,41.628365,-70.623234,2025-08-10,0.0,0.0
MA-BA-57,Falmouth 5.7 N,41.628365,-70.623234,2025-08-11,0.0,0.0
MA-BA-57,Falmouth 5.7 N,41.628365,-70.623234,2025-08-12,0.0,0.0
MA-BA-57,Falmouth 5.7 N,41.628365,-70.623234,2025-08-13,0.0,0.0
MA-BA-57,Falmouth 5.7 N,41.628365,-70.623234,2025-08-14,0.0,0.0
MA-BA-57,Falmouth 5.7 N,41.628365,-70.623234,2025-08-15,0.0,0.0
MA-BA-57,Falmouth 5.7 N,41.628365,-70.623234,2025-08-16,0.0,0.0
MA-BA-57,Falmouth 5.7 N,41.628365,-70.623234,2025-08-17,0.0,0.0
MA-BA-57,Falmouth 5.7 N,41.628365,-70.623234,2025-08-18,0.0,0.003937007932681738
MA-BA-57,Falmouth 5.7 N,41.628365,-70.623234,2025-08-19,0.0,0.0
MA-BA-57,Falmouth 5.7 N,41.628365,-70.623234,2025-08-20,0.0,0.0
MA-BA-57,Falmouth 5.7 N,41.628365,-70.623234,2025-08-21,1.44,1.2362204908620655
MA-BA-57,Falmouth 5.7 N,41.628365,-70.623234,2025-08-22,0.0,0.0
MA-BA-57,Falmouth 5.7 N,41.628365,-70.623234,2025-08-23,0.0,0.0
MA-BA-57,Falmouth 5.7 N,41.628365,-70.623234,2025-08-24,0.0,0.0
MA-BA-57,Falmouth 5.7 N,41.628365,-70.623234,2025-08-25,0.0,0.0
MA-BA-57,Falmouth 5.7 N,41.628365,-70.623234,2025-08-26,0.02,0.007874015865363475
MA-BA-57,Falmouth 5.7 N,41.628365,-70.623234,2025-08-27,0.0,0.0
MA-BA-57,Falmouth 5.7 N,41.628365,-70.623234,2025-08-28,0.0,0.0
MA-BA-57,Falmouth 5.7 N,41.628365,-70.623234,2025-08-29,0.0,0.0
MA-BA-57,Falmouth 5.7 N,41.628365,-70.623234,2025-08-30,0.36,0.6535433168251684
MA-BA-57,Falmouth 5.7 N,41.628365,-70.623234,2025-08-31,0.0,0.0
MA-BA-57,Falmouth 5.7 N,41.628365,-70.623234,2025-09-01,0.0,0.0
MA-BA-57,Falmouth 5.7 N,41.628365,-70.623234,2025-09-02,0.0,0.0
MA-BA-57,Falmouth 5.7 N,41.628365,-70.623234,2025-09-03,0.0,0.0
MA-BA-57,Falmouth 5.7 N,41.628365,-70.623234,2025-09-04,0.0,0.0
MA-BA-57,Falmouth 5.7 N,41.628365,-70.623234,2025-09-05,0.0,0.0
MA-BA-57,Falmouth 5.7 N,41.628365,-70.623234,2025-09-06,0.0,0.019685039663408687
MA-BA-57,Falmouth 5.7 N,41.628365,-70.623234,2025-09-07,0.03,0.03543307139413564
MA-BA-57,Falmouth 5.7 N,41.628365,-70.623234,2025-09-08,0.83,0.8464567055265735
MA-BA-57,Falmouth 5.7 N,41.628365,-70.623234,2025-09-09,0.0,0.0
MA-BA-57,Falmouth 5.7 N,41.628365,-70.623234,2025-09-10,0.0,0.0
MA-BA-57,Falmouth 5.7 N,41.628365,-70.623234,2025-09-11,0.0,0.0
MA-BA-57,Falmouth 5.7 N,41.628365,-70.623234,2025-09-12,0.0,0.0
MA-BA-57,Falmouth 5.7 N,41.628365,-70.623234,2025-09-13,0.0,0.0
MA-BA-57,Falmouth 5.7 N,41.628365,-70.623234,2025-09-14,0.0,0.0
MA-BA-57,Falmouth 5.7 N,41.628365,-70.623234,2025-09-15,0.0,0.007874015865363475
MA-BA-57,Falmouth 5.7 N,41.628365,-70.623234,2025-09-16,0.0,0.0
MA-BA-57,Falmouth 5.7 N,41.628365,-70.623234,2025-09-17,0.0,0.0
MA-BA-57,Falmouth 5.7 N,41.628365,-70.623234,2025-09-18,0.24,0.44094488846035457
MA-BA-57,Falmouth 5.7 N,41.628365,-70.623234,2025-09-19,0.0,0.0
MA-BA-57,Falmouth 5.7 N,41.628365,-70.623234,2025-09-20,0.0,0.0
MA-BA-57,Falmouth 5.7 N,41.628365,-70.623234,2025-09-21,0.0,0.0
MA-BA-57,Falmouth 5.7 N,41.628365,-70.623234,2025-09-22,0.0,0.0
MA-BA-57,Falmouth 5.7 N,41.628365,-70.623234,2025-09-23,0.0,0.0
MA-BA-57,Falmouth 5.7 N,41.628365,-70.623234,2025-09-24,0.0,0.0
MA-BA-57,Falmouth 5.7 N,41.628365,-70.623234,2025-09-25,2.49,1.4330708874961524
MA-BA-57,Falmouth 5.7 N,41.628365,-70.623234,2025-09-26,0.83,2.2834646009554076
MA-BA-57,Falmouth 5.7 N,41.628365,-70.623234,2025-09-27,0.0,0.0
MA-BA-57,Falmouth 5.7 N,41.628365,-70.623234,2025-09-28,0.08,0.07874015865363475
MA-BA-57,Falmouth 5.7 N,41.628365,-70.623234,2025-09-29,0.0,0.0
MA-BA-57,Falmouth 5.7 N,41.628365,-70.623234,2025-09-30,0.0,0.0
MA-BA-57,Falmouth 5.7 N,41.628365,-70.623234,2025-10-01,0.0,0.0
MA-BA-57,Falmouth 5.7 N,41.628365,-70.623234,2025-10-02,0.0,0.0
MA-BA-57,Falmouth 5.7 N,41.628365,-70.623234,2025-10-03,0.0,0.0
MA-BA-57,Falmouth 5.7 N,41.628365,-70.623234,2025-10-04,0.0,0.0
MA-BA-57,Falmouth 5.7 N,41.628365,-70.623234,2025-10-05,0.0,0.0
MA-BA-57,Falmouth 5.7 N,41.628365,-70.623234,2025-10-06,0.0,0.0
MA-BA-57,Falmouth 5.7 N,41.628365,-70.623234,2025-10-07,0.0,0.0
MA-BA-57,Falmouth 5.7 N,41.628365,-70.623234,2025-10-08,0.0,0.0
MA-BA-57,Falmouth 5.7 N,41.628365,-70.623234,2025-10-09,0.79,0.7086614278827127
MA-BA-57,Falmouth 5.7 N,41.628365,-70.623234,2025-10-10,0.0,0.0
MA-BA-57,Falmouth 5.7 N,41.628365,-70.623234,2025-10-11,0.0,0.0
MA-BA-57,Falmouth 5.7 N,41.628365,-70.623234,2025-10-12,0.0,0.0
MA-BA-57,Falmouth 5.7 N,41.628365,-70.623234,2025-10-13,2.46,1.9527559346101417
MA-BA-57,Falmouth 5.7 N,41.628365,-70.623234,2025-10-14,1.81,1.244094506727429
MA-BA-57,Falmouth 5.7 N,41.628365,-70.623234,2025-10-15,0.36,0.29133858701844856
MA-BA-57,Falmouth 5.7 N,41.628365,-70.623234,2025-10-16,0.0,0.0
MA-BA-57,Falmouth 5.7 N,41.628365,-70.623234,2025-10-17,0.0,0.0
MA-BA-57,Falmouth 5.7 N,41.628365,-70.623234,2025-10-18,0.0,0.0
MA-BA-57,Falmouth 5.7 N,41.628365,-70.623234,2025-10-19,0.0,0.0
MA-BA-57,Falmouth 5.7 N,41.628365,-70.623234,2025-10-20,0.0,0.0
MA-BA-57,Falmouth 5.7 N,41.628365,-70.623234,2025-10-21,0.83,0.6456693009598049
MA-BA-57,Falmouth 5.7 N,41.628365,-70.623234,2025-10-22,0.0,0.0
MA-BA-57,Falmouth 5.7 N,41.628365,-70.623234,2025-10-23,0.02,0.02755905552877216
MA-BA-57,Falmouth 5.7 N,41.628365,-70.623234,2025-10-24,0.0,0.0
MA-BA-57,Falmouth 5.7 N,41.628365,-70.623234,2025-10-25,0.0,0.0
MA-BA-57,Falmouth 5.7 N,41.628365,-70.623234,2025-10-26,0.0,0.0
MA-BA-57,Falmouth 5.7 N,41.628365,-70.623234,2025-10-27,0.0,0.0
MA-BA-57,Falmouth 5.7 N,41.628365,-70.623234,2025-10-28,0.02,0.0314960634614539
MA-BA-57,Falmouth 5.7 N,41.628365,-70.623234,2025-10-29,0.02,0.003937007932681738
MA-BA-57,Falmouth 5.7 N,41.628365,-70.623234,2025-10-30,0.05,0.0
MA-BA-57,Falmouth 5.7 N,41.628365,-70.623234,2025-10-31,2.07,1.334645689179109
MA-BA-57,Falmouth 5.7 N,41.628365,-70.623234,2025-11-01,0.0,0.0
MA-BA-57,Falmouth 5.7 N,41.628365,-70.623234,2025-11-02,0.0,0.0
MA-BA-57,Falmouth 5.7 N,41.628365,-70.623234,2025-11-03,0.0,0.0
MA-BA-57,Falmouth 5.7 N,41.628365,-70.623234,2025-11-04,0.35,0.3307086663452659
MA-BA-57,Falmouth 5.7 N,41.628365,-70.623234,2025-11-05,0.0,0.0
MA-BA-57,Falmouth 5.7 N,41.628365,-70.623234,2025-11-06,0.01,0.05905511899022606
MA-BA-57,Falmouth 5.7 N,41.628365,-70.623234,2025-11-07,0.0,0.0
MA-BA-57,Falmouth 5.7 N,41.628365,-70.623234,2025-11-08,0.01,0.039370079326817374
MA-BA-57,Falmouth 5.7 N,41.628365,-70.623234,2025-11-09,0.01,0.03543307139413564
MA-BA-57,Falmouth 5.7 N,41.628365,-70.623234,2025-11-10,2.61,1.724409474514601
MA-BA-57,Falmouth 5.7 N,41.628365,-70.623234,2025-11-11,0.57,0.2322834680282225
MA-BA-57,Falmouth 5.7 N,41.628365,-70.623234,2025-11-12,0.0,0.0
MA-BA-57,Falmouth 5.7 N,41.628365,-70.623234,2025-11-13,0.0,0.0
MA-BA-57,Falmouth 5.7 N,41.628365,-70.623234,2025-11-14,0.0,0.0314960634614539
MA-BA-57,Falmouth 5.7 N,41.628365,-70.623234,2025-11-15,0.0,0.0
MA-BA-57,Falmouth 5.7 N,41.628365,-70.623234,2025-11-16,0.72,0.7637795389402571
MA-BA-57,Falmouth 5.7 N,41.628365,-70.623234,2025-11-17,0.0,0.0
MA-BA-57,Falmouth 5.7 N,41.628365,-70.623234,2025-11-18,0.0,0.0
MA-BA-57,Falmouth 5.7 N,41.628365,-70.623234,2025-11-19,0.0,0.0
MA-BA-57,Falmouth 5.7 N,41.628365,-70.623234,2025-11-20,0.0,0.0
MA-BA-57,Falmouth 5.7 N,41.628365,-70.623234,2025-11-21,0.0,0.0
MA-BA-57,Falmouth 5.7 N,41.628365,-70.623234,2025-11-22,0.01,0.0
MA-BA-57,Falmouth 5.7 N,41.628365,-70.623234,2025-11-23,0.2,0.22047244423017728
MA-BA-57,Falmouth 5.7 N,41.628365,-70.623234,2025-11-24,0.0,0.01574803173072695
MA-BA-57,Falmouth 5.7 N,41.628365,-70.623234,2025-11-25,0.0,0.0
MA-BA-57,Falmouth 5.7 N,41.628365,-70.623234,2025-11-26,0.18,0.2322834680282225
MA-BA-57,Falmouth 5.7 N,41.628365,-70.623234,2025-11-27,0.03,0.019685039663408687
MA-BA-57,Falmouth 5.7 N,41.628365,-70.623234,2025-11-28,0.0,0.0
MA-BA-57,Falmouth 5.7 N,41.628365,-70.623234,2025-11-29,0.0,0.0
MA-BA-57,Falmouth 5.7 N,41.628365,-70.623234,2025-11-30,0.0,0.0
MA-BA-57,Falmouth 5.7 N,41.628365,-70.623234,2025-12-01,0.2,0.4921259915852172
MA-BA-57,Falmouth 5.7 N,41.628365,-70.623234,2025-12-02,0.0,0.0
MA-BA-57,Falmouth 5.7 N,41.628365,-70.623234,2025-12-03,1.06,0.854330721391937
MA-BA-57,Falmouth 5.7 N,41.628365,-70.623234,2025-12-04,0.0,0.0
MA-BA-57,Falmouth 5.7 N,41.628365,-70.623234,2025-12-05,0.0,0.0
MA-BA-57,Falmouth 5.7 N,41.628365,-70.623234,2025-12-06,0.0,0.0
MA-BA-57,Falmouth 5.7 N,41.628365,-70.623234,2025-12-07,0.0,0.01574803173072695
MA-BA-57,Falmouth 5.7 N,41.628365,-70.623234,2025-12-08,0.0,0.0
MA-BA-57,Falmouth 5.7 N,41.628365,-70.623234,2025-12-09,0.0,0.0
MA-BA-57,Falmouth 5.7 N,41.628365,-70.623234,2025-12-10,0.03,0.07086614278827127
MA-BA-57,Falmouth 5.7 N,41.628365,-70.623234,2025-12-12,0.0,0.0
MA-BA-57,Falmouth 5.7 N,41.628365,-70.623234,2025-12-13,0.0,0.0
MA-BA-57,Falmouth 5.7 N,41.628365,-70.623234,2025-12-14,0.17,0.12204724591313386
MA-BA-57,Falmouth 5.7 N,41.628365,-70.623234,2025-12-15,0.16,0.24803149975894945
MA-BA-57,Falmouth 5.7 N,41.628365,-70.623234,2025-12-16,0.0,0.0
MA-BA-57,Falmouth 5.7 N,41.628365,-70.623234,2025-12-17,0.0,0.0
MA-BA-57,Falmouth 5.7 N,41.628365,-70.623234,2025-12-18,0.0,0.0
MA-BA-57,Falmouth 5.7 N,41.628365,-70.623234,2025-12-19,0.11,0.2322834680282225
MA-BA-57,Falmouth 5.7 N,41.628365,-70.623234,2025-12-20,0.3,0.4212598487969459
MA-BA-57,Falmouth 5.7 N,41.628365,-70.623234,2025-12-21,0.0,0.0
MA-BA-57,Falmouth 5.7 N,41.628365,-70.623234,2025-12-22,0.0,0.0
MA-BA-57,Falmouth 5.7 N,41.628365,-70.623234,2025-12-23,0.0,0.0
MA-BA-57,Falmouth 5.7 N,41.628365,-70.623234,2025-12-24,0.14,0.12204724591313386
MA-BA-57,Falmouth 5.7 N,41.628365,-70.623234,2025-12-25,0.0,0.003937007932681738
MA-BA-57,Falmouth 5.7 N,41.628365,-70.623234,2025-12-26,0.0,0.0
MA-BA-57,Falmouth 5.7 N,41.628365,-70.623234,2025-12-27,0.24,0.1889763807687234
MA-BA-57,Falmouth 5.7 N,41.628365,-70.623234,2025-12-28,0.01,0.011811023798045212
MA-BA-57,Falmouth 5.7 N,41.628365,-70.623234,2025-12-29,0.3,0.24803149975894945
MA-BA-57,Falmouth 5.7 N,41.628365,-70.623234,2025-12-30,0.22,0.224409452162859
MA-BA-57,Falmouth 5.7 N,41.628365,-70.623234,2025-12-31,0.0,0.0
MA-BA-87,Falmouth 1.5 NNW,41.566667,-70.615556,2025-01-01,0.54,0.5118110312486258
MA-BA-87,Falmouth 1.5 NNW,41.566667,-70.615556,2025-01-02,0.17,0.2677165394223581
MA-BA-87,Falmouth 1.5 NNW,41.566667,-70.615556,2025-01-03,0.0,0.0
MA-BA-87,Falmouth 1.5 NNW,41.566667,-70.615556,2025-01-04,0.0,0.0
MA-BA-87,Falmouth 1.5 NNW,41.566667,-70.615556,2025-01-05,0.0,0.0
MA-BA-87,Falmouth 1.5 NNW,41.566667,-70.615556,2025-01-06,0.0,0.0
MA-BA-87,Falmouth 1.5 NNW,41.566667,-70.615556,2025-01-07,0.0,0.0
MA-BA-87,Falmouth 1.5 NNW,41.566667,-70.615556,2025-01-08,0.0,0.0
MA-BA-87,Falmouth 1.5 NNW,41.566667,-70.615556,2025-01-09,0.0,0.0
MA-BA-87,Falmouth 1.5 NNW,41.566667,-70.615556,2025-01-10,0.0,0.0
MA-BA-87,Falmouth 1.5 NNW,41.566667,-70.615556,2025-01-11,0.0,0.0
MA-BA-87,Falmouth 1.5 NNW,41.566667,-70.615556,2025-01-12,0.04,0.1259842538458156
MA-BA-87,Falmouth 1.5 NNW,41.566667,-70.615556,2025-01-13,0.0,0.0
MA-BA-87,Falmouth 1.5 NNW,41.566667,-70.615556,2025-01-14,0.0,0.0
MA-BA-87,Falmouth 1.5 NNW,41.566667,-70.615556,2025-01-15,0.0,0.0
MA-BA-87,Falmouth 1.5 NNW,41.566667,-70.615556,2025-01-16,0.0,0.0
MA-BA-87,Falmouth 1.5 NNW,41.566667,-70.615556,2025-01-17,0.01,0.003937007932681738
MA-BA-87,Falmouth 1.5 NNW,41.566667,-70.615556,2025-01-18,0.0,0.0
MA-BA-87,Falmouth 1.5 NNW,41.566667,-70.615556,2025-01-19,0.45,0.47244095192180846
MA-BA-87,Falmouth 1.5 NNW,41.566667,-70.615556,2025-01-20,0.41,0.32283465047990245
MA-BA-87,Falmouth 1.5 NNW,41.566667,-70.615556,2025-01-21,0.0,0.0
MA-BA-87,Falmouth 1.5 NNW,41.566667,-70.615556,2025-01-22,0.04,0.01574803173072695
MA-BA-87,Falmouth 1.5 NNW,41.566667,-70.615556,2025-01-23,0.0,0.0
MA-BA-87,Falmouth 1.5 NNW,41.566667,-70.615556,2025-01-24,0.0,0.0
MA-BA-87,Falmouth 1.5 NNW,41.566667,-70.615556,2025-01-25,0.0,0.0
MA-BA-87,Falmouth 1.5 NNW,41.566667,-70.615556,2025-01-26,0.0,0.0
MA-BA-87,Falmouth 1.5 NNW,41.566667,-70.615556,2025-01-27,0.0,0.0
MA-BA-87,Falmouth 1.5 NNW,41.566667,-70.615556,2025-01-28,0.0,0.0
MA-BA-87,Falmouth 1.5 NNW,41.566667,-70.615556,2025-01-29,0.0,0.0
MA-BA-87,Falmouth 1.5 NNW,41.566667,-70.615556,2025-01-30,0.0,0.011811023798045212
MA-BA-87,Falmouth 1.5 NNW,41.566667,-70.615556,2025-01-31,0.0,0.0
MA-BA-87,Falmouth 1.5 NNW,41.566667,-70.615556,2025-02-01,0.63,0.6259842612963963
MA-BA-87,Falmouth 1.5 NNW,41.566667,-70.615556,2025-02-02,0.05,0.04330708725949911
MA-BA-87,Falmouth 1.5 NNW,41.566667,-70.615556,2025-02-03,0.14,0.1692913411053147
MA-BA-87,Falmouth 1.5 NNW,41.566667,-70.615556,2025-02-04,0.0,0.0
MA-BA-87,Falmouth 1.5 NNW,41.566667,-70.615556,2025-02-05,0.0,0.0
MA-BA-87,Falmouth 1.5 NNW,41.566667,-70.615556,2025-02-06,0.0,0.0
MA-BA-87,Falmouth 1.5 NNW,41.566667,-70.615556,2025-02-07,0.18,0.24803149975894945
MA-BA-87,Falmouth 1.5 NNW,41.566667,-70.615556,2025-02-08,0.0,0.0
MA-BA-87,Falmouth 1.5 NNW,41.566667,-70.615556,2025-02-09,0.56,0.31102362668185723
MA-BA-87,Falmouth 1.5 NNW,41.566667,-70.615556,2025-02-11,0.0,0.0
MA-BA-87,Falmouth 1.5 NNW,41.566667,-70.615556,2025-02-12,0.04,0.07086614278827127
MA-BA-87,Falmouth 1.5 NNW,41.566667,-70.615556,2025-02-13,0.22,0.11417323004777039
MA-BA-87,Falmouth 1.5 NNW,41.566667,-70.615556,2025-02-14,0.08,0.05511811105754433
MA-BA-87,Falmouth 1.5 NNW,41.566667,-70.615556,2025-02-15,0.0,0.0
MA-BA-87,Falmouth 1.5 NNW,41.566667,-70.615556,2025-02-16,0.7,0.3267716584125842
MA-BA-87,Falmouth 1.5 NNW,41.566667,-70.615556,2025-02-17,0.99,1.031496078362615
MA-BA-87,Falmouth 1.5 NNW,41.566667,-70.615556,2025-02-18,0.0,0.0
MA-BA-87,Falmouth 1.5 NNW,41.566667,-70.615556,2025-02-19,0.0,0.0
MA-BA-87,Falmouth 1.5 NNW,41.566667,-70.615556,2025-02-20,0.0,0.0
MA-BA-87,Falmouth 1.5 NNW,41.566667,-70.615556,2025-02-21,0.0,0.0
MA-BA-87,Falmouth 1.5 NNW,41.566667,-70.615556,2025-02-22,0.0,0.0
MA-BA-87,Falmouth 1.5 NNW,41.566667,-70.615556,2025-02-23,0.0,0.0
MA-BA-87,Falmouth 1.5 NNW,41.566667,-70.615556,2025-02-24,0.0,0.0
MA-BA-87,Falmouth 1.5 NNW,41.566667,-70.615556,2025-02-25,0.0,0.0
MA-BA-87,Falmouth 1.5 NNW,41.566667,-70.615556,2025-02-26,0.0,0.0
MA-BA-87,Falmouth 1.5 NNW,41.566667,-70.615556,2025-02-27,0.02,0.07086614278827127
MA-BA-87,Falmouth 1.5 NNW,41.566667,-70.615556,2025-02-28,0.06,0.08267716658631649
MA-BA-87,Falmouth 1.5 NNW,41.566667,-70.615556,2025-03-01,0.0,0.0
MA-BA-87,Falmouth 1.5 NNW,41.566667,-70.615556,2025-03-02,0.0,0.0
MA-BA-87,Falmouth 1.5 NNW,41.566667,-70.615556,2025-03-03,0.0,0.0
MA-BA-87,Falmouth 1.5 NNW,41.566667,-70.615556,2025-03-04,0.0,0.0
MA-BA-87,Falmouth 1.5 NNW,41.566667,-70.615556,2025-03-05,0.0,0.0
MA-BA-87,Falmouth 1.5 NNW,41.566667,-70.615556,2025-03-06,0.62,0.5196850471139893
MA-BA-87,Falmouth 1.5 NNW,41.566667,-70.615556,2025-03-07,0.05,0.05905511899022606
MA-BA-87,Falmouth 1.5 NNW,41.566667,-70.615556,2025-03-08,0.0,0.0
MA-BA-87,Falmouth 1.5 NNW,41.566667,-70.615556,2025-03-09,0.0,0.0
MA-BA-87,Falmouth 1.5 NNW,41.566667,-70.615556,2025-03-10,0.0,0.0
MA-BA-87,Falmouth 1.5 NNW,41.566667,-70.615556,2025-03-11,0.0,0.0
MA-BA-87,Falmouth 1.5 NNW,41.566667,-70.615556,2025-03-12,0.0,0.0
MA-BA-87,Falmouth 1.5 NNW,41.566667,-70.615556,2025-03-13,0.0,0.0
MA-BA-87,Falmouth 1.5 NNW,41.566667,-70.615556,2025-03-14,0.0,0.0
MA-BA-87,Falmouth 1.5 NNW,41.566667,-70.615556,2025-03-15,0.01,0.0
MA-BA-87,Falmouth 1.5 NNW,41.566667,-70.615556,2025-03-16,0.0,0.0
MA-BA-87,Falmouth 1.5 NNW,41.566667,-70.615556,2025-03-17,0.32,0.23622047596090426
MA-BA-87,Falmouth 1.5 NNW,41.566667,-70.615556,2025-03-18,1.63,1.8031496331682357
MA-BA-87,Falmouth 1.5 NNW,41.566667,-70.615556,2025-03-19,0.0,0.0
MA-BA-87,Falmouth 1.5 NNW,41.566667,-70.615556,2025-03-20,0.01,0.0
MA-BA-87,Falmouth 1.5 NNW,41.566667,-70.615556,2025-03-21,0.39,0.32283465047990245
MA-BA-87,Falmouth 1.5 NNW,41.566667,-70.615556,2025-03-22,0.06,0.05511811105754432
MA-BA-87,Falmouth 1.5 NNW,41.566667,-70.615556,2025-03-23,0.0,0.0
MA-BA-87,Falmouth 1.5 NNW,41.566667,-70.615556,2025-03-24,0.0,0.0
MA-BA-87,Falmouth 1.5 NNW,41.566667,-70.615556,2025-03-25,0.39,0.5196850471139893
MA-BA-87,Falmouth 1.5 NNW,41.566667,-70.615556,2025-03-26,0.0,0.0
MA-BA-87,Falmouth 1.5 NNW,41.566667,-70.615556,2025-03-27,0.0,0.023622047596090424
MA-BA-87,Falmouth 1.5 NNW,41.566667,-70.615556,2025-03-28,0.0,0.0
MA-BA-87,Falmouth 1.5 NNW,41.566667,-70.615556,2025-03-29,0.06,0.01574803173072695
MA-BA-87,Falmouth 1.5 NNW,41.566667,-70.615556,2025-03-30,0.1,0.10236220624972518
MA-BA-87,Falmouth 1.5 NNW,41.566667,-70.615556,2025-03-31,0.0,0.0
MA-BA-87,Falmouth 1.5 NNW,41.566667,-70.615556,2025-04-01,0.17,0.18110236490335993
MA-BA-87,Falmouth 1.5 NNW,41.566667,-70.615556,2025-04-02,0.07,0.09055118245167995
MA-BA-87,Falmouth 1.5 NNW,41.566667,-70.615556,2025-04-03,0.12,0.1889763807687234
MA-BA-87,Falmouth 1.5 NNW,41.566667,-70.615556,2025-04-04,0.14,0.149606301441906
MA-BA-87,Falmouth 1.5 NNW,41.566667,-70.615556,2025-04-05,0.0,0.0
MA-BA-87,Falmouth 1.5 NNW,41.566667,-70.615556,2025-04-06,0.8,0.598425205767624
MA-BA-87,Falmouth 1.5 NNW,41.566667,-70.615556,2025-04-07,0.04,0.0314960634614539
MA-BA-87,Falmouth 1.5 NNW,41.566667,-70.615556,2025-04-08,0.63,0.45669292019108154
MA-BA-87,Falmouth 1.5 NNW,41.566667,-70.615556,2025-04-09,0.03,0.019685039663408687
MA-BA-87,Falmouth 1.5 NNW,41.566667,-70.615556,2025-04-10,0.0,0.0
MA-BA-87,Falmouth 1.5 NNW,41.566667,-70.615556,2025-04-11,0.07,0.11811023798045213
MA-BA-87,Falmouth 1.5 NNW,41.566667,-70.615556,2025-04-12,0.34,0.30708661874917553
MA-BA-87,Falmouth 1.5 NNW,41.566667,-70.615556,2025-04-13,0.21,0.04724409519218085
MA-BA-87,Falmouth 1.5 NNW,41.566667,-70.615556,2025-04-14,0.63,0.7086614278827127
MA-BA-87,Falmouth 1.5 NNW,41.566667,-70.615556,2025-04-15,0.08,0.03543307139413564
MA-BA-87,Falmouth 1.5 NNW,41.566667,-70.615556,2025-04-16,0.02,0.05905511899022606
MA-BA-87,Falmouth 1.5 NNW,41.566667,-70.615556,2025-04-17,0.0,0.0
MA-BA-87,Falmouth 1.5 NNW,41.566667,-70.615556,2025-04-18,0.0,0.0
MA-BA-87,Falmouth 1.5 NNW,41.566667,-70.615556,2025-04-19,0.0,0.0
MA-BA-87,Falmouth 1.5 NNW,41.566667,-70.615556,2025-04-20,0.0,0.0
MA-BA-87,Falmouth 1.5 NNW,41.566667,-70.615556,2025-04-21,0.0,0.0
MA-BA-87,Falmouth 1.5 NNW,41.566667,-70.615556,2025-04-22,0.06,0.07086614278827127
MA-BA-87,Falmouth 1.5 NNW,41.566667,-70.615556,2025-04-23,0.0,0.003937007932681738
MA-BA-87,Falmouth 1.5 NNW,41.566667,-70.615556,2025-04-24,0.0,0.0
MA-BA-87,Falmouth 1.5 NNW,41.566667,-70.615556,2025-04-25,0.0,0.0
MA-BA-87,Falmouth 1.5 NNW,41.566667,-70.615556,2025-04-26,0.0,0.0
MA-BA-87,Falmouth 1.5 NNW,41.566667,-70.615556,2025-04-27,1.27,0.9251968641802082
MA-BA-87,Falmouth 1.5 NNW,41.566667,-70.615556,2025-04-28,0.02,0.0
MA-BA-87,Falmouth 1.5 NNW,41.566667,-70.615556,2025-04-29,0.0,0.0
MA-BA-87,Falmouth 1.5 NNW,41.566667,-70.615556,2025-04-30,0.0,0.0
MA-BA-87,Falmouth 1.5 NNW,41.566667,-70.615556,2025-05-01,0.0,0.0
MA-BA-87,Falmouth 1.5 NNW,41.566667,-70.615556,2025-05-04,0.0,0.0
MA-BA-87,Falmouth 1.5 NNW,41.566667,-70.615556,2025-05-05,0.17,0.0944881903843617
MA-BA-87,Falmouth 1.5 NNW,41.566667,-70.615556,2025-05-06,0.0,0.01574803173072695
MA-BA-87,Falmouth 1.5 NNW,41.566667,-70.615556,2025-05-07,0.18,0.08661417451899822
MA-BA-87,Falmouth 1.5 NNW,41.566667,-70.615556,2025-05-08,0.0,0.0
MA-BA-87,Falmouth 1.5 NNW,41.566667,-70.615556,2025-05-09,0.0,0.0
MA-BA-87,Falmouth 1.5 NNW,41.566667,-70.615556,2025-05-10,1.26,1.0393700942279787
MA-BA-87,Falmouth 1.5 NNW,41.566667,-70.615556,2025-05-11,0.02,0.0
MA-BA-87,Falmouth 1.5 NNW,41.566667,-70.615556,2025-05-12,0.0,0.0
MA-BA-87,Falmouth 1.5 NNW,41.566667,-70.615556,2025-05-13,0.0,0.0
MA-BA-87,Falmouth 1.5 NNW,41.566667,-70.615556,2025-05-21,0.0,0.0
MA-BA-87,Falmouth 1.5 NNW,41.566667,-70.615556,2025-05-22,0.02,0.0
MA-BA-87,Falmouth 1.5 NNW,41.566667,-70.615556,2025-05-23,5.13,3.8700787978261477
MA-BA-87,Falmouth 1.5 NNW,41.566667,-70.615556,2025-05-24,0.02,0.003937007932681738
MA-BA-87,Falmouth 1.5 NNW,41.566667,-70.615556,2025-05-25,0.05,0.039370079326817374
MA-BA-87,Falmouth 1.5 NNW,41.566667,-70.615556,2025-05-26,0.0,0.0
MA-BA-87,Falmouth 1.5 NNW,41.566667,-70.615556,2025-05-27,0.0,0.0
MA-BA-87,Falmouth 1.5 NNW,41.566667,-70.615556,2025-05-28,0.0,0.0
MA-BA-87,Falmouth 1.5 NNW,41.566667,-70.615556,2025-05-31,0.22,0.18503937283604166
MA-BA-87,Falmouth 1.5 NNW,41.566667,-70.615556,2025-06-01,0.0,0.04724409519218085
MA-BA-87,Falmouth 1.5 NNW,41.566667,-70.615556,2025-06-04,0.0,0.0
MA-BA-87,Falmouth 1.5 NNW,41.566667,-70.615556,2025-06-05,0.0,0.0
MA-BA-87,Falmouth 1.5 NNW,41.566667,-70.615556,2025-06-06,0.0,0.0
MA-BA-87,Falmouth 1.5 NNW,41.566667,-70.615556,2025-06-07,0.0,0.0
MA-BA-87,Falmouth 1.5 NNW,41.566667,-70.615556,2025-06-08,0.06,0.0944881903843617
MA-BA-87,Falmouth 1.5 NNW,41.566667,-70.615556,2025-06-09,0.0,0.0
MA-BA-87,Falmouth 1.5 NNW,41.566667,-70.615556,2025-06-10,0.09,0.0
MA-BA-87,Falmouth 1.5 NNW,41.566667,-70.615556,2025-06-11,0.74,0.9566929276416621
MA-BA-87,Falmouth 1.5 NNW,41.566667,-70.615556,2025-06-12,0.0,0.0
MA-BA-87,Falmouth 1.5 NNW,41.566667,-70.615556,2025-06-13,0.0,0.0
MA-BA-87,Falmouth 1.5 NNW,41.566667,-70.615556,2025-06-14,0.0,0.0
MA-BA-87,Falmouth 1.5 NNW,41.566667,-70.615556,2025-06-15,0.27,0.11023622211508864
MA-BA-87,Falmouth 1.5 NNW,41.566667,-70.615556,2025-06-16,0.0,0.0
MA-BA-87,Falmouth 1.5 NNW,41.566667,-70.615556,2025-06-17,0.0,0.0
MA-BA-87,Falmouth 1.5 NNW,41.566667,-70.615556,2025-06-18,0.0,0.007874015865363475
MA-BA-87,Falmouth 1.5 NNW,41.566667,-70.615556,2025-06-19,0.0,0.0
MA-BA-87,Falmouth 1.5 NNW,41.566667,-70.615556,2025-06-20,0.0,0.0
MA-BA-87,Falmouth 1.5 NNW,41.566667,-70.615556,2025-06-21,0.0,0.0
MA-BA-87,Falmouth 1.5 NNW,41.566667,-70.615556,2025-06-22,0.0,0.0
MA-BA-87,Falmouth 1.5 NNW,41.566667,-70.615556,2025-06-23,0.0,0.011811023798045214
MA-BA-87,Falmouth 1.5 NNW,41.566667,-70.615556,2025-06-24,0.0,0.0
MA-BA-87,Falmouth 1.5 NNW,41.566667,-70.615556,2025-06-25,0.0,0.0
MA-BA-87,Falmouth 1.5 NNW,41.566667,-70.615556,2025-06-26,0.0,0.0
MA-BA-87,Falmouth 1.5 NNW,41.566667,-70.615556,2025-06-27,0.02,0.05905511899022606
MA-BA-87,Falmouth 1.5 NNW,41.566667,-70.615556,2025-06-28,0.0,0.0
MA-BA-87,Falmouth 1.5 NNW,41.566667,-70.615556,2025-06-29,0.0,0.003937007932681738
MA-BA-87,Falmouth 1.5 NNW,41.566667,-70.615556,2025-06-30,0.0,0.0
MA-BA-87,Falmouth 1.5 NNW,41.566667,-70.615556,2025-07-01,0.02,0.0
MA-BA-87,Falmouth 1.5 NNW,41.566667,-70.615556,2025-07-02,0.02,0.05905511899022606
MA-BA-87,Falmouth 1.5 NNW,41.566667,-70.615556,2025-07-03,0.02,0.04330708725949911
MA-BA-87,Falmouth 1.5 NNW,41.566667,-70.615556,2025-07-04,0.02,0.11811023798045213
MA-BA-87,Falmouth 1.5 NNW,41.566667,-70.615556,2025-07-05,0.0,0.0
MA-BA-87,Falmouth 1.5 NNW,41.566667,-70.615556,2025-07-06,0.0,0.0
MA-BA-87,Falmouth 1.5 NNW,41.566667,-70.615556,2025-07-07,0.0,0.0
MA-BA-87,Falmouth 1.5 NNW,41.566667,-70.615556,2025-07-08,0.09,0.051181103124862584
MA-BA-87,Falmouth 1.5 NNW,41.566667,-70.615556,2025-07-09,1.08,1.0826771814874776
MA-BA-87,Falmouth 1.5 NNW,41.566667,-70.615556,2025-07-10,0.2,0.1811023649033599
MA-BA-87,Falmouth 1.5 NNW,41.566667,-70.615556,2025-07-11,0.15,0.2834645711530851
MA-BA-87,Falmouth 1.5 NNW,41.566667,-70.615556,2025-07-12,0.0,0.0
MA-BA-87,Falmouth 1.5 NNW,41.566667,-70.615556,2025-07-13,0.0,0.0
MA-BA-87,Falmouth 1.5 NNW,41.566667,-70.615556,2025-07-14,0.0,0.0
MA-BA-87,Falmouth 1.5 NNW,41.566667,-70.615556,2025-07-15,0.07,0.01574803173072695
MA-BA-87,Falmouth 1.5 NNW,41.566667,-70.615556,2025-07-16,0.04,0.051181103124862584
MA-BA-87,Falmouth 1.5 NNW,41.566667,-70.615556,2025-07-17,0.0,0.0
MA-BA-87,Falmouth 1.5 NNW,41.566667,-70.615556,2025-07-18,0.03,0.05905511899022606
MA-BA-87,Falmouth 1.5 NNW,41.566667,-70.615556,2025-07-19,0.0,0.0
MA-BA-87,Falmouth 1.5 NNW,41.566667,-70.615556,2025-07-20,0.0,0.0
MA-BA-87,Falmouth 1.5 NNW,41.566667,-70.615556,2025-07-21,0.0,0.023622047596090424
MA-BA-87,Falmouth 1.5 NNW,41.566667,-70.615556,2025-07-22,0.0,0.0
MA-BA-87,Falmouth 1.5 NNW,41.566667,-70.615556,2025-07-23,0.0,0.0
MA-BA-87,Falmouth 1.5 NNW,41.566667,-70.615556,2025-07-24,0.0,0.0
MA-BA-87,Falmouth 1.5 NNW,41.566667,-70.615556,2025-07-25,0.0,0.0
MA-BA-87,Falmouth 1.5 NNW,41.566667,-70.615556,2025-07-26,0.04,0.12204724591313386
MA-BA-87,Falmouth 1.5 NNW,41.566667,-70.615556,2025-07-27,0.0,0.0
MA-BA-87,Falmouth 1.5 NNW,41.566667,-70.615556,2025-07-28,0.0,0.02755905552877216
MA-BA-87,Falmouth 1.5 NNW,41.566667,-70.615556,2025-07-29,0.0,0.0
MA-BA-87,Falmouth 1.5 NNW,41.566667,-70.615556,2025-07-30,0.0,0.0
MA-BA-87,Falmouth 1.5 NNW,41.566667,-70.615556,2025-07-31,0.0,0.0
MA-BA-87,Falmouth 1.5 NNW,41.566667,-70.615556,2025-08-01,0.3,0.25984252355699466
MA-BA-87,Falmouth 1.5 NNW,41.566667,-70.615556,2025-08-02,0.29,0.09055118245167997
MA-BA-87,Falmouth 1.5 NNW,41.566667,-70.615556,2025-08-03,0.0,0.0
MA-BA-87,Falmouth 1.5 NNW,41.566667,-70.615556,2025-08-04,0.0,0.0
MA-BA-87,Falmouth 1.5 NNW,41.566667,-70.615556,2025-08-05,0.0,0.0
MA-BA-87,Falmouth 1.5 NNW,41.566667,-70.615556,2025-08-06,0.0,0.0
MA-BA-87,Falmouth 1.5 NNW,41.566667,-70.615556,2025-08-07,0.0,0.0
MA-BA-87,Falmouth 1.5 NNW,41.566667,-70.615556,2025-08-08,0.0,0.0
MA-BA-87,Falmouth 1.5 NNW,41.566667,-70.615556,2025-08-09,0.0,0.0
MA-BA-87,Falmouth 1.5 NNW,41.566667,-70.615556,2025-08-10,0.0,0.0
MA-BA-87,Falmouth 1.5 NNW,41.566667,-70.615556,2025-08-11,0.0,0.0
MA-BA-87,Falmouth 1.5 NNW,41.566667,-70.615556,2025-08-12,0.0,0.0
MA-BA-87,Falmouth 1.5 NNW,41.566667,-70.615556,2025-08-13,0.0,0.0
MA-BA-87,Falmouth 1.5 NNW,41.566667,-70.615556,2025-08-14,0.0,0.0
MA-BA-87,Falmouth 1.5 NNW,41.566667,-70.615556,2025-08-15,0.0,0.0
MA-BA-87,Falmouth 1.5 NNW,41.566667,-70.615556,2025-08-16,0.0,0.0
MA-BA-87,Falmouth 1.5 NNW,41.566667,-70.615556,2025-08-17,0.0,0.0
MA-BA-87,Falmouth 1.5 NNW,41.566667,-70.615556,2025-08-18,0.0,0.003937007932681738
MA-BA-87,Falmouth 1.5 NNW,41.566667,-70.615556,2025-08-19,0.0,0.0
MA-BA-87,Falmouth 1.5 NNW,41.566667,-70.615556,2025-08-20,0.0,0.0
MA-BA-87,Falmouth 1.5 NNW,41.566667,-70.615556,2025-08-21,1.6,1.4409449033615158
MA-BA-87,Falmouth 1.5 NNW,41.566667,-70.615556,2025-08-22,0.01,0.0
MA-BA-87,Falmouth 1.5 NNW,41.566667,-70.615556,2025-08-23,0.0,0.0
MA-BA-87,Falmouth 1.5 NNW,41.566667,-70.615556,2025-08-24,0.0,0.0
MA-BA-87,Falmouth 1.5 NNW,41.566667,-70.615556,2025-08-25,0.0,0.0
MA-BA-87,Falmouth 1.5 NNW,41.566667,-70.615556,2025-08-26,0.03,0.011811023798045212
MA-BA-87,Falmouth 1.5 NNW,41.566667,-70.615556,2025-08-27,0.0,0.0
MA-BA-87,Falmouth 1.5 NNW,41.566667,-70.615556,2025-08-28,0.0,0.0
MA-BA-87,Falmouth 1.5 NNW,41.566667,-70.615556,2025-08-29,0.0,0.0
MA-BA-87,Falmouth 1.5 NNW,41.566667,-70.615556,2025-08-30,0.49,0.4173228408642642
MA-BA-87,Falmouth 1.5 NNW,41.566667,-70.615556,2025-08-31,0.0,0.0
MA-BA-87,Falmouth 1.5 NNW,41.566667,-70.615556,2025-09-01,0.0,0.0
MA-BA-87,Falmouth 1.5 NNW,41.566667,-70.615556,2025-09-02,0.0,0.0
MA-BA-87,Falmouth 1.5 NNW,41.566667,-70.615556,2025-09-03,0.0,0.0
MA-BA-87,Falmouth 1.5 NNW,41.566667,-70.615556,2025-09-04,0.0,0.0
MA-BA-87,Falmouth 1.5 NNW,41.566667,-70.615556,2025-09-05,0.0,0.0
MA-BA-87,Falmouth 1.5 NNW,41.566667,-70.615556,2025-09-06,0.0,0.0
MA-BA-87,Falmouth 1.5 NNW,41.566667,-70.615556,2025-09-07,0.03,0.0314960634614539
MA-BA-87,Falmouth 1.5 NNW,41.566667,-70.615556,2025-09-08,0.55,0.6023622137003058
MA-BA-87,Falmouth 1.5 NNW,41.566667,-70.615556,2025-09-09,0.0,0.0
MA-BA-87,Falmouth 1.5 NNW,41.566667,-70.615556,2025-09-10,0.0,0.0
MA-BA-87,Falmouth 1.5 NNW,41.566667,-70.615556,2025-09-11,0.0,0.0
MA-BA-87,Falmouth 1.5 NNW,41.566667,-70.615556,2025-09-12,0.0,0.0
MA-BA-87,Falmouth 1.5 NNW,41.566667,-70.615556,2025-09-13,0.0,0.0
MA-BA-87,Falmouth 1.5 NNW,41.566667,-70.615556,2025-09-14,0.0,0.0
MA-BA-87,Falmouth 1.5 NNW,41.566667,-70.615556,2025-09-15,0.0,0.0
MA-BA-87,Falmouth 1.5 NNW,41.566667,-70.615556,2025-09-16,0.0,0.0
MA-BA-87,Falmouth 1.5 NNW,41.566667,-70.615556,2025-09-17,0.0,0.0
MA-BA-87,Falmouth 1.5 NNW,41.566667,-70.615556,2025-09-18,0.16,0.3267716584125842
MA-BA-87,Falmouth 1.5 NNW,41.566667,-70.615556,2025-09-19,0.01,0.0
MA-BA-87,Falmouth 1.5 NNW,41.566667,-70.615556,2025-09-20,0.0,0.0
MA-BA-87,Falmouth 1.5 NNW,41.566667,-70.615556,2025-09-21,0.0,0.0
MA-BA-87,Falmouth 1.5 NNW,41.566667,-70.615556,2025-09-22,0.0,0.0
MA-BA-87,Falmouth 1.5 NNW,41.566667,-70.615556,2025-09-23,0.0,0.0
MA-BA-87,Falmouth 1.5 NNW,41.566667,-70.615556,2025-09-24,0.0,0.0
MA-BA-87,Falmouth 1.5 NNW,41.566667,-70.615556,2025-09-25,1.27,1.1732283639391576
MA-BA-87,Falmouth 1.5 NNW,41.566667,-70.615556,2025-09-26,0.24,1.649606323793648
MA-BA-87,Falmouth 1.5 NNW,41.566667,-70.615556,2025-09-27,0.0,0.0
MA-BA-87,Falmouth 1.5 NNW,41.566667,-70.615556,2025-09-28,0.11,0.08267716658631649
MA-BA-87,Falmouth 1.5 NNW,41.566667,-70.615556,2025-09-29,0.0,0.0
MA-BA-87,Falmouth 1.5 NNW,41.566667,-70.615556,2025-09-30,0.0,0.0
MA-BA-87,Falmouth 1.5 NNW,41.566667,-70.615556,2025-10-01,0.0,0.0
MA-BA-87,Falmouth 1.5 NNW,41.566667,-70.615556,2025-10-02,0.0,0.0
MA-BA-87,Falmouth 1.5 NNW,41.566667,-70.615556,2025-10-03,0.0,0.0
MA-BA-87,Falmouth 1.5 NNW,41.566667,-70.615556,2025-10-04,0.0,0.0
MA-BA-87,Falmouth 1.5 NNW,41.566667,-70.615556,2025-10-05,0.0,0.0
MA-BA-87,Falmouth 1.5 NNW,41.566667,-70.615556,2025-10-06,0.0,0.0
MA-BA-87,Falmouth 1.5 NNW,41.566667,-70.615556,2025-10-07,0.0,0.0
MA-BA-87,Falmouth 1.5 NNW,41.566667,-70.615556,2025-10-08,0.0,0.0
MA-BA-87,Falmouth 1.5 NNW,41.566667,-70.615556,2025-10-09,0.74,0.7677165468729388
MA-BA-87,Falmouth 1.5 NNW,41.566667,-70.615556,2025-10-10,0.0,0.0
MA-BA-87,Falmouth 1.5 NNW,41.566667,-70.615556,2025-10-11,0.0,0.0
MA-BA-87,Falmouth 1.5 NNW,41.566667,-70.615556,2025-10-12,0.0,0.0
MA-BA-87,Falmouth 1.5 NNW,41.566667,-70.615556,2025-10-13,2.2,1.9015748314852792
MA-BA-87,Falmouth 1.5 NNW,41.566667,-70.615556,2025-10-14,1.11,0.9921259990357978
MA-BA-87,Falmouth 1.5 NNW,41.566667,-70.615556,2025-10-15,0.32,0.2519685076916312
MA-BA-87,Falmouth 1.5 NNW,41.566667,-70.615556,2025-10-16,0.0,0.0
MA-BA-87,Falmouth 1.5 NNW,41.566667,-70.615556,2025-10-17,0.0,0.0
MA-BA-87,Falmouth 1.5 NNW,41.566667,-70.615556,2025-10-18,0.0,0.0
MA-BA-87,Falmouth 1.5 NNW,41.566667,-70.615556,2025-10-19,0.0,0.0
MA-BA-87,Falmouth 1.5 NNW,41.566667,-70.615556,2025-10-20,0.0,0.0
MA-BA-87,Falmouth 1.5 NNW,41.566667,-70.615556,2025-10-21,0.58,0.5905511899022606
MA-BA-87,Falmouth 1.5 NNW,41.566667,-70.615556,2025-10-22,0.0,0.0
MA-BA-87,Falmouth 1.5 NNW,41.566667,-70.615556,2025-10-23,0.03,0.019685039663408687
MA-BA-87,Falmouth 1.5 NNW,41.566667,-70.615556,2025-10-24,0.0,0.0
MA-BA-87,Falmouth 1.5 NNW,41.566667,-70.615556,2025-10-25,0.0,0.0
MA-BA-87,Falmouth 1.5 NNW,41.566667,-70.615556,2025-10-26,0.0,0.0
MA-BA-87,Falmouth 1.5 NNW,41.566667,-70.615556,2025-10-27,0.0,0.0
MA-BA-87,Falmouth 1.5 NNW,41.566667,-70.615556,2025-10-28,0.02,0.01574803173072695
MA-BA-87,Falmouth 1.5 NNW,41.566667,-70.615556,2025-10-29,0.03,0.007874015865363475
MA-BA-87,Falmouth 1.5 NNW,41.566667,-70.615556,2025-10-30,0.08,0.0
MA-BA-87,Falmouth 1.5 NNW,41.566667,-70.615556,2025-10-31,1.52,1.255905530525474
MA-BA-87,Falmouth 1.5 NNW,41.566667,-70.615556,2025-11-01,0.03,0.0
MA-BA-87,Falmouth 1.5 NNW,41.566667,-70.615556,2025-11-02,0.0,0.0
MA-BA-87,Falmouth 1.5 NNW,41.566667,-70.615556,2025-11-03,0.0,0.0
MA-BA-87,Falmouth 1.5 NNW,41.566667,-70.615556,2025-11-04,0.24,0.3464566980759929
MA-BA-87,Falmouth 1.5 NNW,41.566667,-70.615556,2025-11-05,0.0,0.0
MA-BA-87,Falmouth 1.5 NNW,41.566667,-70.615556,2025-11-06,0.02,0.047244095192180854
MA-BA-87,Falmouth 1.5 NNW,41.566667,-70.615556,2025-11-07,0.0,0.0
MA-BA-87,Falmouth 1.5 NNW,41.566667,-70.615556,2025-11-08,0.14,0.11023622211508864
MA-BA-87,Falmouth 1.5 NNW,41.566667,-70.615556,2025-11-09,0.03,0.04724409519218085
MA-BA-87,Falmouth 1.5 NNW,41.566667,-70.615556,2025-11-10,2.43,1.9409449108120966
MA-BA-87,Falmouth 1.5 NNW,41.566667,-70.615556,2025-11-11,0.42,0.2677165394223581
MA-BA-87,Falmouth 1.5 NNW,41.566667,-70.615556,2025-11-12,0.0,0.0
MA-BA-87,Falmouth 1.5 NNW,41.566667,-70.615556,2025-11-13,0.0,0.0
MA-BA-87,Falmouth 1.5 NNW,41.566667,-70.615556,2025-11-14,0.02,0.023622047596090424
MA-BA-87,Falmouth 1.5 NNW,41.566667,-70.615556,2025-11-15,0.0,0.0
MA-BA-87,Falmouth 1.5 NNW,41.566667,-70.615556,2025-11-16,0.67,0.7716535548056205
MA-BA-87,Falmouth 1.5 NNW,41.566667,-70.615556,2025-11-17,0.0,0.0
MA-BA-87,Falmouth 1.5 NNW,41.566667,-70.615556,2025-11-18,0.0,0.0
MA-BA-87,Falmouth 1.5 NNW,41.566667,-70.615556,2025-11-19,0.0,0.0
MA-BA-87,Falmouth 1.5 NNW,41.566667,-70.615556,2025-11-20,0.0,0.0
MA-BA-87,Falmouth 1.5 NNW,41.566667,-70.615556,2025-11-21,0.0,0.0
MA-BA-87,Falmouth 1.5 NNW,41.566667,-70.615556,2025-11-22,0.02,0.0
MA-BA-87,Falmouth 1.5 NNW,41.566667,-70.615556,2025-11-23,0.18,0.1889763807687234
MA-BA-87,Falmouth 1.5 NNW,41.566667,-70.615556,2025-11-24,0.01,0.019685039663408687
MA-BA-87,Falmouth 1.5 NNW,41.566667,-70.615556,2025-11-25,0.0,0.0
MA-BA-87,Falmouth 1.5 NNW,41.566667,-70.615556,2025-11-26,0.21,0.20866142043213207
MA-BA-87,Falmouth 1.5 NNW,41.566667,-70.615556,2025-11-27,0.04,0.015748031730726947
MA-BA-87,Falmouth 1.5 NNW,41.566667,-70.615556,2025-11-28,0.0,0.0
MA-BA-87,Falmouth 1.5 NNW,41.566667,-70.615556,2025-11-29,0.0,0.0
MA-BA-87,Falmouth 1.5 NNW,41.566667,-70.615556,2025-11-30,0.0,0.0
MA-BA-87,Falmouth 1.5 NNW,41.566667,-70.615556,2025-12-01,0.3,0.4094488249989007
MA-BA-87,Falmouth 1.5 NNW,41.566667,-70.615556,2025-12-02,0.0,0.0
MA-BA-87,Falmouth 1.5 NNW,41.566667,-70.615556,2025-12-03,0.95,0.8700787531226639
MA-BA-87,Falmouth 1.5 NNW,41.566667,-70.615556,2025-12-04,0.0,0.0
MA-BA-87,Falmouth 1.5 NNW,41.566667,-70.615556,2025-12-05,0.0,0.0
MA-BA-87,Falmouth 1.5 NNW,41.566667,-70.615556,2025-12-06,0.0,0.0
MA-BA-87,Falmouth 1.5 NNW,41.566667,-70.615556,2025-12-07,0.04,0.0314960634614539
MA-BA-87,Falmouth 1.5 NNW,41.566667,-70.615556,2025-12-08,0.0,0.0
MA-BA-87,Falmouth 1.5 NNW,41.566667,-70.615556,2025-12-09,0.0,0.0
MA-BA-87,Falmouth 1.5 NNW,41.566667,-70.615556,2025-12-10,0.04,0.04724409519218085
MA-BA-87,Falmouth 1.5 NNW,41.566667,-70.615556,2025-12-11,0.02,0.023622047596090424
MA-BA-87,Falmouth 1.5 NNW,41.566667,-70.615556,2025-12-12,0.0,0.0
MA-BA-87,Falmouth 1.5 NNW,41.566667,-70.615556,2025-12-13,0.0,0.0
MA-BA-87,Falmouth 1.5 NNW,41.566667,-70.615556,2025-12-14,0.17,0.11811023798045212
MA-BA-87,Falmouth 1.5 NNW,41.566667,-70.615556,2025-12-15,0.08,0.2637795314896764
MA-BA-87,Falmouth 1.5 NNW,41.566667,-70.615556,2025-12-16,0.0,0.0
MA-BA-87,Falmouth 1.5 NNW,41.566667,-70.615556,2025-12-18,0.0,0.0
MA-BA-87,Falmouth 1.5 NNW,41.566667,-70.615556,2025-12-19,0.07,0.17716535697067817
MA-BA-87,Falmouth 1.5 NNW,41.566667,-70.615556,2025-12-20,0.3,0.3779527615374468
MA-BA-87,Falmouth 1.5 NNW,41.566667,-70.615556,2025-12-21,0.0,0.0
MA-BA-87,Falmouth 1.5 NNW,41.566667,-70.615556,2025-12-22,0.0,0.0
MA-BA-87,Falmouth 1.5 NNW,41.566667,-70.615556,2025-12-23,0.0,0.0
MA-BA-87,Falmouth 1.5 NNW,41.566667,-70.615556,2025-12-24,0.09,0.09842519831704344
MA-BA-87,Falmouth 1.5 NNW,41.566667,-70.615556,2025-12-25,0.0,0.003937007932681738
MA-BA-87,Falmouth 1.5 NNW,41.566667,-70.615556,2025-12-26,0.0,0.0
MA-BA-87,Falmouth 1.5 NNW,41.566667,-70.615556,2025-12-27,0.24,0.18110236490335993
MA-BA-87,Falmouth 1.5 NNW,41.566667,-70.615556,2025-12-28,0.0,0.007874015865363475
MA-BA-87,Falmouth 1.5 NNW,41.566667,-70.615556,2025-12-29,0.27,0.22834646009554077
MA-BA-87,Falmouth 1.5 NNW,41.566667,-70.615556,2025-12-30,0.22,0.21653543629749555
MA-BA-87,Falmouth 1.5 NNW,41.566667,-70.615556,2025-12-31,0.0,0.0
MA-BA-101,North Falmouth 1.2 SE,41.6328232,-70.614358,2025-10-09,0.9,0.7125984358153944
MA-BA-101,North Falmouth 1.2 SE,41.6328232,-70.614358,2025-10-10,0.0,0.0
MA-BA-101,North Falmouth 1.2 SE,41.6328232,-70.614358,2025-10-11,0.0,0.0
MA-BA-101,North Falmouth 1.2 SE,41.6328232,-70.614358,2025-10-12,0.0,0.0
MA-BA-101,North Falmouth 1.2 SE,41.6328232,-70.614358,2025-10-13,2.48,1.9881890060042773
MA-BA-101,North Falmouth 1.2 SE,41.6328232,-70.614358,2025-10-14,1.36,1.334645689179109
MA-BA-101,North Falmouth 1.2 SE,41.6328232,-70.614358,2025-10-16,0.0,0.0
MA-BA-101,North Falmouth 1.2 SE,41.6328232,-70.614358,2025-10-17,0.0,0.0
MA-BA-101,North Falmouth 1.2 SE,41.6328232,-70.614358,2025-10-18,0.0,0.0
MA-BA-101,North Falmouth 1.2 SE,41.6328232,-70.614358,2025-10-19,0.0,0.0
MA-BA-101,North Falmouth 1.2 SE,41.6328232,-70.614358,2025-10-20,0.0,0.0
MA-BA-101,North Falmouth 1.2 SE,41.6328232,-70.614358,2025-10-21,0.78,0.6417322930271232
MA-BA-101,North Falmouth 1.2 SE,41.6328232,-70.614358,2025-10-25,0.0,0.0
MA-BA-101,North Falmouth 1.2 SE,41.6328232,-70.614358,2025-11-01,0.01,0.0
MA-BA-101,North Falmouth 1.2 SE,41.6328232,-70.614358,2025-11-03,0.0,0.0
MA-BA-101,North Falmouth 1.2 SE,41.6328232,-70.614358,2025-11-04,0.35,0.3425196901433112
MA-BA-101,North Falmouth 1.2 SE,41.6328232,-70.614358,2025-11-09,0.03,0.039370079326817374
MA-BA-101,North Falmouth 1.2 SE,41.6328232,-70.614358,2025-11-10,2.27,1.7440945141780095
MA-BA-101,North Falmouth 1.2 SE,41.6328232,-70.614358,2025-11-11,0.47,0.2559055156243129
MA-BA-101,North Falmouth 1.2 SE,41.6328232,-70.614358,2025-12-20,0.42,0.4330708725949911
MA-BA-101,North Falmouth 1.2 SE,41.6328232,-70.614358,2025-12-21,0.0,0.0
MA-BA-105,Falmouth 4.9 NNW,41.6104,-70.6463,2025-01-01,0.56,0.5354330788447162
MA-BA-105,Falmouth 4.9 NNW,41.6104,-70.6463,2025-01-02,0.1,0.2716535473550399
MA-BA-105,Falmouth 4.9 NNW,41.6104,-70.6463,2025-01-03,0.0,0.0
MA-BA-105,Falmouth 4.9 NNW,41.6104,-70.6463,2025-01-04,0.0,0.0
MA-BA-105,Falmouth 4.9 NNW,41.6104,-70.6463,2025-01-05,0.0,0.0
MA-BA-105,Falmouth 4.9 NNW,41.6104,-70.6463,2025-01-06,0.0,0.0
MA-BA-105,Falmouth 4.9 NNW,41.6104,-70.6463,2025-01-07,0.0,0.0
MA-BA-105,Falmouth 4.9 NNW,41.6104,-70.6463,2025-01-08,0.0,0.0
MA-BA-105,Falmouth 4.9 NNW,41.6104,-70.6463,2025-01-09,0.0,0.0
MA-BA-105,Falmouth 4.9 NNW,41.6104,-70.6463,2025-01-10,0.0,0.0
MA-BA-105,Falmouth 4.9 NNW,41.6104,-70.6463,2025-01-11,0.0,0.0
MA-BA-105,Falmouth 4.9 NNW,41.6104,-70.6463,2025-01-12,0.04,0.12992126177849733
MA-BA-105,Falmouth 4.9 NNW,41.6104,-70.6463,2025-01-13,0.0,0.0
MA-BA-105,Falmouth 4.9 NNW,41.6104,-70.6463,2025-01-14,0.0,0.0
MA-BA-105,Falmouth 4.9 NNW,41.6104,-70.6463,2025-01-15,0.0,0.0
MA-BA-105,Falmouth 4.9 NNW,41.6104,-70.6463,2025-01-16,0.0,0.0
MA-BA-105,Falmouth 4.9 NNW,41.6104,-70.6463,2025-01-17,0.0,0.0
MA-BA-105,Falmouth 4.9 NNW,41.6104,-70.6463,2025-01-18,0.0,0.0
MA-BA-105,Falmouth 4.9 NNW,41.6104,-70.6463,2025-01-19,0.53,0.4842519757198537
MA-BA-105,Falmouth 4.9 NNW,41.6104,-70.6463,2025-01-20,0.47,0.35039370600867464
MA-BA-105,Falmouth 4.9 NNW,41.6104,-70.6463,2025-01-21,0.0,0.0
MA-BA-105,Falmouth 4.9 NNW,41.6104,-70.6463,2025-01-22,0.01,0.003937007932681738
MA-BA-105,Falmouth 4.9 NNW,41.6104,-70.6463,2025-01-23,0.0,0.0
MA-BA-105,Falmouth 4.9 NNW,41.6104,-70.6463,2025-01-24,0.0,0.0
MA-BA-105,Falmouth 4.9 NNW,41.6104,-70.6463,2025-01-25,0.0,0.0
MA-BA-105,Falmouth 4.9 NNW,41.6104,-70.6463,2025-01-26,0.0,0.0
MA-BA-105,Falmouth 4.9 NNW,41.6104,-70.6463,2025-01-27,0.0,0.0
MA-BA-105,Falmouth 4.9 NNW,41.6104,-70.6463,2025-01-28,0.0,0.0
MA-BA-105,Falmouth 4.9 NNW,41.6104,-70.6463,2025-01-29,0.0,0.003937007932681738
MA-BA-105,Falmouth 4.9 NNW,41.6104,-70.6463,2025-01-30,0.0,0.007874015865363475
MA-BA-105,Falmouth 4.9 NNW,41.6104,-70.6463,2025-01-31,0.0,0.0
MA-BA-105,Falmouth 4.9 NNW,41.6104,-70.6463,2025-02-01,0.69,0.6338582771617597
MA-BA-105,Falmouth 4.9 NNW,41.6104,-70.6463,2025-02-04,0.0,0.0
MA-BA-105,Falmouth 4.9 NNW,41.6104,-70.6463,2025-02-05,0.0,0.0
MA-BA-105,Falmouth 4.9 NNW,41.6104,-70.6463,2025-02-06,0.0,0.0
MA-BA-105,Falmouth 4.9 NNW,41.6104,-70.6463,2025-02-07,0.26,0.2559055156243129
MA-BA-105,Falmouth 4.9 NNW,41.6104,-70.6463,2025-02-08,0.0,0.0
MA-BA-105,Falmouth 4.9 NNW,41.6104,-70.6463,2025-02-09,0.53,0.3031496108164938
MA-BA-105,Falmouth 4.9 NNW,41.6104,-70.6463,2025-02-10,0.0,0.019685039663408687
MA-BA-105,Falmouth 4.9 NNW,41.6104,-70.6463,2025-02-11,0.0,0.0
MA-BA-105,Falmouth 4.9 NNW,41.6104,-70.6463,2025-02-12,0.01,0.03543307139413564
MA-BA-105,Falmouth 4.9 NNW,41.6104,-70.6463,2025-02-13,0.15,0.0944881903843617
MA-BA-105,Falmouth 4.9 NNW,41.6104,-70.6463,2025-02-14,0.02,0.051181103124862584
MA-BA-105,Falmouth 4.9 NNW,41.6104,-70.6463,2025-02-15,0.0,0.0
MA-BA-105,Falmouth 4.9 NNW,41.6104,-70.6463,2025-02-17,1.16,1.275590570188883
MA-BA-105,Falmouth 4.9 NNW,41.6104,-70.6463,2025-02-18,0.0,0.0
MA-BA-105,Falmouth 4.9 NNW,41.6104,-70.6463,2025-02-19,0.0,0.0
MA-BA-105,Falmouth 4.9 NNW,41.6104,-70.6463,2025-02-20,0.0,0.0
MA-BA-105,Falmouth 4.9 NNW,41.6104,-70.6463,2025-02-21,0.0,0.0
MA-BA-105,Falmouth 4.9 NNW,41.6104,-70.6463,2025-02-22,0.0,0.0
MA-BA-105,Falmouth 4.9 NNW,41.6104,-70.6463,2025-02-23,0.0,0.0
MA-BA-105,Falmouth 4.9 NNW,41.6104,-70.6463,2025-02-24,0.0,0.0
MA-BA-105,Falmouth 4.9 NNW,41.6104,-70.6463,2025-02-25,0.0,0.0
MA-BA-105,Falmouth 4.9 NNW,41.6104,-70.6463,2025-02-26,0.0,0.0
MA-BA-105,Falmouth 4.9 NNW,41.6104,-70.6463,2025-02-27,0.02,0.08661417451899822
MA-BA-105,Falmouth 4.9 NNW,41.6104,-70.6463,2025-02-28,0.04,0.09055118245167997
MA-BA-105,Falmouth 4.9 NNW,41.6104,-70.6463,2025-03-01,0.0,0.0
MA-BA-105,Falmouth 4.9 NNW,41.6104,-70.6463,2025-03-02,0.0,0.0
MA-BA-105,Falmouth 4.9 NNW,41.6104,-70.6463,2025-03-03,0.0,0.0
MA-BA-105,Falmouth 4.9 NNW,41.6104,-70.6463,2025-03-04,0.0,0.0
MA-BA-105,Falmouth 4.9 NNW,41.6104,-70.6463,2025-03-05,0.0,0.0
MA-BA-105,Falmouth 4.9 NNW,41.6104,-70.6463,2025-03-06,0.44,0.46062992812376324
MA-BA-105,Falmouth 4.9 NNW,41.6104,-70.6463,2025-03-07,0.04,0.074803150720953
MA-BA-105,Falmouth 4.9 NNW,41.6104,-70.6463,2025-03-08,0.0,0.0
MA-BA-105,Falmouth 4.9 NNW,41.6104,-70.6463,2025-03-09,0.0,0.0
MA-BA-105,Falmouth 4.9 NNW,41.6104,-70.6463,2025-03-10,0.0,0.0
MA-BA-105,Falmouth 4.9 NNW,41.6104,-70.6463,2025-03-11,0.0,0.0
MA-BA-105,Falmouth 4.9 NNW,41.6104,-70.6463,2025-03-12,0.0,0.0
MA-BA-105,Falmouth 4.9 NNW,41.6104,-70.6463,2025-03-13,0.0,0.0
MA-BA-105,Falmouth 4.9 NNW,41.6104,-70.6463,2025-03-14,0.0,0.0
MA-BA-105,Falmouth 4.9 NNW,41.6104,-70.6463,2025-03-15,0.0,0.0
MA-BA-105,Falmouth 4.9 NNW,41.6104,-70.6463,2025-03-16,0.0,0.0
MA-BA-105,Falmouth 4.9 NNW,41.6104,-70.6463,2025-03-17,0.43,0.33464567427794767
MA-BA-105,Falmouth 4.9 NNW,41.6104,-70.6463,2025-03-18,1.82,1.7283464824472827
MA-BA-105,Falmouth 4.9 NNW,41.6104,-70.6463,2025-03-19,0.0,0.0
MA-BA-105,Falmouth 4.9 NNW,41.6104,-70.6463,2025-03-20,0.01,0.0
MA-BA-105,Falmouth 4.9 NNW,41.6104,-70.6463,2025-03-21,0.28,0.30708661874917553
MA-BA-105,Falmouth 4.9 NNW,41.6104,-70.6463,2025-03-22,0.12,0.09055118245167995
MA-BA-105,Falmouth 4.9 NNW,41.6104,-70.6463,2025-03-23,0.0,0.0
MA-BA-105,Falmouth 4.9 NNW,41.6104,-70.6463,2025-03-24,0.0,0.0
MA-BA-105,Falmouth 4.9 NNW,41.6104,-70.6463,2025-03-25,0.54,0.598425205767624
MA-BA-105,Falmouth 4.9 NNW,41.6104,-70.6463,2025-03-26,0.0,0.0
MA-BA-105,Falmouth 4.9 NNW,41.6104,-70.6463,2025-03-27,0.0,0.0314960634614539
MA-BA-105,Falmouth 4.9 NNW,41.6104,-70.6463,2025-03-28,0.0,0.0
MA-BA-105,Falmouth 4.9 NNW,41.6104,-70.6463,2025-03-29,0.05,0.01574803173072695
MA-BA-105,Falmouth 4.9 NNW,41.6104,-70.6463,2025-03-30,0.09,0.08661417451899822
MA-BA-105,Falmouth 4.9 NNW,41.6104,-70.6463,2025-03-31,0.01,0.0
MA-BA-105,Falmouth 4.9 NNW,41.6104,-70.6463,2025-04-01,0.21,0.16141732523995123
MA-BA-105,Falmouth 4.9 NNW,41.6104,-70.6463,2025-04-02,0.06,0.09055118245167995
MA-BA-105,Falmouth 4.9 NNW,41.6104,-70.6463,2025-04-03,0.2,0.19685039663408685
MA-BA-105,Falmouth 4.9 NNW,41.6104,-70.6463,2025-04-04,0.18,0.17716535697067817
MA-BA-105,Falmouth 4.9 NNW,41.6104,-70.6463,2025-04-05,0.0,0.0
MA-BA-105,Falmouth 4.9 NNW,41.6104,-70.6463,2025-04-06,0.78,0.5511811105754432
MA-BA-105,Falmouth 4.9 NNW,41.6104,-70.6463,2025-04-07,0.03,0.0314960634614539
MA-BA-105,Falmouth 4.9 NNW,41.6104,-70.6463,2025-04-08,0.56,0.464566936056445
MA-BA-105,Falmouth 4.9 NNW,41.6104,-70.6463,2025-04-09,0.04,0.02755905552877216
MA-BA-105,Falmouth 4.9 NNW,41.6104,-70.6463,2025-04-12,0.35,0.34251969014331113
MA-BA-105,Falmouth 4.9 NNW,41.6104,-70.6463,2025-04-13,0.18,0.04330708725949911
MA-BA-105,Falmouth 4.9 NNW,41.6104,-70.6463,2025-04-22,0.1,0.07874015865363475
MA-BA-105,Falmouth 4.9 NNW,41.6104,-70.6463,2025-04-23,0.01,0.003937007932681738
MA-BA-105,Falmouth 4.9 NNW,41.6104,-70.6463,2025-04-24,0.0,0.0
MA-BA-105,Falmouth 4.9 NNW,41.6104,-70.6463,2025-04-25,0.0,0.0
MA-BA-105,Falmouth 4.9 NNW,41.6104,-70.6463,2025-04-26,0.0,0.0
MA-BA-105,Falmouth 4.9 NNW,41.6104,-70.6463,2025-04-27,0.8,0.7283464675461214
MA-BA-105,Falmouth 4.9 NNW,41.6104,-70.6463,2025-04-28,0.01,0.0
MA-BA-105,Falmouth 4.9 NNW,41.6104,-70.6463,2025-04-29,0.0,0.0
MA-BA-105,Falmouth 4.9 NNW,41.6104,-70.6463,2025-04-30,0.0,0.0
MA-BA-105,Falmouth 4.9 NNW,41.6104,-70.6463,2025-05-01,0.0,0.0
MA-BA-105,Falmouth 4.9 NNW,41.6104,-70.6463,2025-05-02,0.56,0.35039370600867464
MA-BA-105,Falmouth 4.9 NNW,41.6104,-70.6463,2025-05-03,0.0,0.149606301441906
MA-BA-105,Falmouth 4.9 NNW,41.6104,-70.6463,2025-05-04,0.0,0.0
MA-BA-105,Falmouth 4.9 NNW,41.6104,-70.6463,2025-05-05,0.13,0.07480315072095302
MA-BA-105,Falmouth 4.9 NNW,41.6104,-70.6463,2025-05-06,0.01,0.027559055528772164
MA-BA-105,Falmouth 4.9 NNW,41.6104,-70.6463,2025-05-07,0.11,0.11023622211508866
MA-BA-105,Falmouth 4.9 NNW,41.6104,-70.6463,2025-05-08,0.0,0.0
MA-BA-105,Falmouth 4.9 NNW,41.6104,-70.6463,2025-05-09,0.0,0.0
MA-BA-105,Falmouth 4.9 NNW,41.6104,-70.6463,2025-05-10,1.1,1.1338582846123404
MA-BA-105,Falmouth 4.9 NNW,41.6104,-70.6463,2025-05-11,0.01,0.0
MA-BA-105,Falmouth 4.9 NNW,41.6104,-70.6463,2025-05-12,0.0,0.0
MA-BA-105,Falmouth 4.9 NNW,41.6104,-70.6463,2025-05-13,0.0,0.0
MA-BA-105,Falmouth 4.9 NNW,41.6104,-70.6463,2025-05-15,0.01,0.0314960634614539
MA-BA-105,Falmouth 4.9 NNW,41.6104,-70.6463,2025-05-16,0.02,0.02755905552877216
MA-BA-105,Falmouth 4.9 NNW,41.6104,-70.6463,2025-05-17,0.0,0.0
MA-BA-105,Falmouth 4.9 NNW,41.6104,-70.6463,2025-05-18,0.01,0.003937007932681738
MA-BA-105,Falmouth 4.9 NNW,41.6104,-70.6463,2025-05-19,0.0,0.0
MA-BA-105,Falmouth 4.9 NNW,41.6104,-70.6463,2025-05-20,0.0,0.0
MA-BA-105,Falmouth 4.9 NNW,41.6104,-70.6463,2025-05-21,0.0,0.0
MA-BA-105,Falmouth 4.9 NNW,41.6104,-70.6463,2025-05-23,4.47,3.5393701314808816
MA-BA-105,Falmouth 4.9 NNW,41.6104,-70.6463,2025-05-24,0.01,0.0
MA-BA-105,Falmouth 4.9 NNW,41.6104,-70.6463,2025-05-25,0.04,0.039370079326817374
MA-BA-105,Falmouth 4.9 NNW,41.6104,-70.6463,2025-05-26,0.0,0.0
MA-BA-105,Falmouth 4.9 NNW,41.6104,-70.6463,2025-05-27,0.0,0.0
MA-BA-105,Falmouth 4.9 NNW,41.6104,-70.6463,2025-05-29,0.17,0.149606301441906
MA-BA-105,Falmouth 4.9 NNW,41.6104,-70.6463,2025-05-30,0.04,0.039370079326817374
MA-BA-105,Falmouth 4.9 NNW,41.6104,-70.6463,2025-05-31,0.17,0.18503937283604166
MA-BA-105,Falmouth 4.9 NNW,41.6104,-70.6463,2025-06-01,0.0,0.03543307139413564
MA-BA-105,Falmouth 4.9 NNW,41.6104,-70.6463,2025-06-02,0.0,0.0
MA-BA-105,Falmouth 4.9 NNW,41.6104,-70.6463,2025-06-03,0.0,0.0
MA-BA-105,Falmouth 4.9 NNW,41.6104,-70.6463,2025-06-04,0.0,0.0
MA-BA-105,Falmouth 4.9 NNW,41.6104,-70.6463,2025-06-05,0.0,0.0
MA-BA-105,Falmouth 4.9 NNW,41.6104,-70.6463,2025-06-06,0.0,0.0
MA-BA-105,Falmouth 4.9 NNW,41.6104,-70.6463,2025-06-07,0.0,0.0
MA-BA-105,Falmouth 4.9 NNW,41.6104,-70.6463,2025-06-08,0.15,0.20472441249945036
MA-BA-105,Falmouth 4.9 NNW,41.6104,-70.6463,2025-06-09,0.0,0.0
MA-BA-105,Falmouth 4.9 NNW,41.6104,-70.6463,2025-06-10,0.05,0.0
MA-BA-105,Falmouth 4.9 NNW,41.6104,-70.6463,2025-06-11,0.64,0.8346456817285283
MA-BA-105,Falmouth 4.9 NNW,41.6104,-70.6463,2025-06-12,0.0,0.0
MA-BA-105,Falmouth 4.9 NNW,41.6104,-70.6463,2025-06-13,0.0,0.0
MA-BA-105,Falmouth 4.9 NNW,41.6104,-70.6463,2025-06-14,0.0,0.0
MA-BA-105,Falmouth 4.9 NNW,41.6104,-70.6463,2025-06-15,0.17,0.09055118245167997
MA-BA-105,Falmouth 4.9 NNW,41.6104,-70.6463,2025-06-16,0.0,0.0
MA-BA-105,Falmouth 4.9 NNW,41.6104,-70.6463,2025-06-17,0.0,0.0
MA-BA-105,Falmouth 4.9 NNW,41.6104,-70.6463,2025-06-18,0.0,0.0
MA-BA-105,Falmouth 4.9 NNW,41.6104,-70.6463,2025-06-19,0.0,0.0
MA-BA-105,Falmouth 4.9 NNW,41.6104,-70.6463,2025-06-20,0.0,0.0
MA-BA-105,Falmouth 4.9 NNW,41.6104,-70.6463,2025-06-22,0.0,0.0
MA-BA-105,Falmouth 4.9 NNW,41.6104,-70.6463,2025-06-23,0.0,0.011811023798045212
MA-BA-105,Falmouth 4.9 NNW,41.6104,-70.6463,2025-06-24,0.0,0.0
MA-BA-105,Falmouth 4.9 NNW,41.6104,-70.6463,2025-06-25,0.0,0.0
MA-BA-105,Falmouth 4.9 NNW,41.6104,-70.6463,2025-06-26,0.0,0.0
MA-BA-105,Falmouth 4.9 NNW,41.6104,-70.6463,2025-06-27,0.0,0.027559055528772164
MA-BA-105,Falmouth 4.9 NNW,41.6104,-70.6463,2025-07-05,0.0,0.0
MA-BA-105,Falmouth 4.9 NNW,41.6104,-70.6463,2025-07-06,0.0,0.0
MA-BA-105,Falmouth 4.9 NNW,41.6104,-70.6463,2025-07-07,0.0,0.0
MA-BA-105,Falmouth 4.9 NNW,41.6104,-70.6463,2025-07-08,0.19,0.059055118990226065
MA-BA-105,Falmouth 4.9 NNW,41.6104,-70.6463,2025-07-09,0.45,1.01968505456457
MA-BA-105,Falmouth 4.9 NNW,41.6104,-70.6463,2025-07-12,0.0,0.0
MA-BA-105,Falmouth 4.9 NNW,41.6104,-70.6463,2025-07-13,0.0,0.0
MA-BA-105,Falmouth 4.9 NNW,41.6104,-70.6463,2025-07-14,0.0,0.0
MA-BA-105,Falmouth 4.9 NNW,41.6104,-70.6463,2025-07-15,0.07,0.023622047596090427
MA-BA-105,Falmouth 4.9 NNW,41.6104,-70.6463,2025-07-19,0.01,0.0
MA-BA-105,Falmouth 4.9 NNW,41.6104,-70.6463,2025-07-20,0.0,0.0
MA-BA-105,Falmouth 4.9 NNW,41.6104,-70.6463,2025-07-21,0.06,0.051181103124862584
MA-BA-105,Falmouth 4.9 NNW,41.6104,-70.6463,2025-07-22,0.0,0.0
MA-BA-105,Falmouth 4.9 NNW,41.6104,-70.6463,2025-07-23,0.0,0.0
MA-BA-105,Falmouth 4.9 NNW,41.6104,-70.6463,2025-07-24,0.0,0.0
MA-BA-105,Falmouth 4.9 NNW,41.6104,-70.6463,2025-07-25,0.0,0.0
MA-BA-105,Falmouth 4.9 NNW,41.6104,-70.6463,2025-07-26,0.07,0.149606301441906
MA-BA-105,Falmouth 4.9 NNW,41.6104,-70.6463,2025-07-27,0.0,0.0
MA-BA-105,Falmouth 4.9 NNW,41.6104,-70.6463,2025-07-28,0.01,0.04330708725949911
MA-BA-105,Falmouth 4.9 NNW,41.6104,-70.6463,2025-07-29,0.0,0.0
MA-BA-105,Falmouth 4.9 NNW,41.6104,-70.6463,2025-07-30,0.0,0.0
MA-BA-105,Falmouth 4.9 NNW,41.6104,-70.6463,2025-07-31,0.0,0.0
MA-BA-105,Falmouth 4.9 NNW,41.6104,-70.6463,2025-08-03,0.0,0.0
MA-BA-105,Falmouth 4.9 NNW,41.6104,-70.6463,2025-08-04,0.0,0.0
MA-BA-105,Falmouth 4.9 NNW,41.6104,-70.6463,2025-08-05,0.0,0.0
MA-BA-105,Falmouth 4.9 NNW,41.6104,-70.6463,2025-08-06,0.0,0.0
MA-BA-105,Falmouth 4.9 NNW,41.6104,-70.6463,2025-08-07,0.0,0.0
MA-BA-105,Falmouth 4.9 NNW,41.6104,-70.6463,2025-08-08,0.0,0.0
MA-BA-105,Falmouth 4.9 NNW,41.6104,-70.6463,2025-08-09,0.0,0.0
MA-BA-105,Falmouth 4.9 NNW,41.6104,-70.6463,2025-08-10,0.0,0.0
MA-BA-105,Falmouth 4.9 NNW,41.6104,-70.6463,2025-08-11,0.0,0.0
MA-BA-105,Falmouth 4.9 NNW,41.6104,-70.6463,2025-08-12,0.0,0.0
MA-BA-105,Falmouth 4.9 NNW,41.6104,-70.6463,2025-08-13,0.0,0.0
MA-BA-105,Falmouth 4.9 NNW,41.6104,-70.6463,2025-08-14,0.0,0.0
MA-BA-105,Falmouth 4.9 NNW,41.6104,-70.6463,2025-08-15,0.0,0.0
MA-BA-105,Falmouth 4.9 NNW,41.6104,-70.6463,2025-08-16,0.0,0.0
MA-BA-105,Falmouth 4.9 NNW,41.6104,-70.6463,2025-08-17,0.0,0.0
MA-BA-105,Falmouth 4.9 NNW,41.6104,-70.6463,2025-08-18,0.0,0.003937007932681738
MA-BA-105,Falmouth 4.9 NNW,41.6104,-70.6463,2025-08-19,0.0,0.0
MA-BA-105,Falmouth 4.9 NNW,41.6104,-70.6463,2025-08-20,0.0,0.0
MA-BA-105,Falmouth 4.9 NNW,41.6104,-70.6463,2025-08-21,1.27,1.3228346653810636
MA-BA-105,Falmouth 4.9 NNW,41.6104,-70.6463,2025-08-22,0.02,0.0
MA-BA-105,Falmouth 4.9 NNW,41.6104,-70.6463,2025-08-23,0.0,0.0
MA-BA-105,Falmouth 4.9 NNW,41.6104,-70.6463,2025-08-24,0.0,0.0
MA-BA-105,Falmouth 4.9 NNW,41.6104,-70.6463,2025-08-25,0.0,0.0
MA-BA-105,Falmouth 4.9 NNW,41.6104,-70.6463,2025-08-26,0.0,0.007874015865363475
MA-BA-105,Falmouth 4.9 NNW,41.6104,-70.6463,2025-08-27,0.0,0.0
MA-BA-105,Falmouth 4.9 NNW,41.6104,-70.6463,2025-08-28,0.0,0.0
MA-BA-105,Falmouth 4.9 NNW,41.6104,-70.6463,2025-08-29,0.0,0.0
MA-BA-105,Falmouth 4.9 NNW,41.6104,-70.6463,2025-08-30,0.37,0.5866141819695788
MA-BA-105,Falmouth 4.9 NNW,41.6104,-70.6463,2025-08-31,0.0,0.0
MA-BA-105,Falmouth 4.9 NNW,41.6104,-70.6463,2025-09-01,0.0,0.0
MA-BA-105,Falmouth 4.9 NNW,41.6104,-70.6463,2025-09-02,0.0,0.0
MA-BA-105,Falmouth 4.9 NNW,41.6104,-70.6463,2025-09-03,0.0,0.0
MA-BA-105,Falmouth 4.9 NNW,41.6104,-70.6463,2025-09-04,0.0,0.0
MA-BA-105,Falmouth 4.9 NNW,41.6104,-70.6463,2025-09-05,0.0,0.0
MA-BA-105,Falmouth 4.9 NNW,41.6104,-70.6463,2025-09-06,0.0,0.011811023798045212
MA-BA-105,Falmouth 4.9 NNW,41.6104,-70.6463,2025-09-07,0.05,0.0314960634614539
MA-BA-105,Falmouth 4.9 NNW,41.6104,-70.6463,2025-09-08,0.88,0.7992126103343927
MA-BA-105,Falmouth 4.9 NNW,41.6104,-70.6463,2025-09-09,0.0,0.0
MA-BA-105,Falmouth 4.9 NNW,41.6104,-70.6463,2025-09-10,0.0,0.0
MA-BA-105,Falmouth 4.9 NNW,41.6104,-70.6463,2025-09-11,0.0,0.0
MA-BA-105,Falmouth 4.9 NNW,41.6104,-70.6463,2025-09-12,0.0,0.0
MA-BA-105,Falmouth 4.9 NNW,41.6104,-70.6463,2025-09-13,0.0,0.0
MA-BA-105,Falmouth 4.9 NNW,41.6104,-70.6463,2025-09-14,0.0,0.0
MA-BA-105,Falmouth 4.9 NNW,41.6104,-70.6463,2025-09-15,0.0,0.007874015865363475
MA-BA-105,Falmouth 4.9 NNW,41.6104,-70.6463,2025-09-16,0.0,0.0
MA-BA-105,Falmouth 4.9 NNW,41.6104,-70.6463,2025-09-17,0.0,0.0
MA-BA-105,Falmouth 4.9 NNW,41.6104,-70.6463,2025-09-18,0.31,0.3503937060086746
MA-BA-105,Falmouth 4.9 NNW,41.6104,-70.6463,2025-09-19,0.0,0.0
MA-BA-105,Falmouth 4.9 NNW,41.6104,-70.6463,2025-09-20,0.0,0.0
MA-BA-105,Falmouth 4.9 NNW,41.6104,-70.6463,2025-09-21,0.0,0.0
MA-BA-105,Falmouth 4.9 NNW,41.6104,-70.6463,2025-09-22,0.0,0.0
MA-BA-105,Falmouth 4.9 NNW,41.6104,-70.6463,2025-09-23,0.0,0.0
MA-BA-105,Falmouth 4.9 NNW,41.6104,-70.6463,2025-09-24,0.0,0.0
MA-BA-105,Falmouth 4.9 NNW,41.6104,-70.6463,2025-09-27,0.0,0.0
MA-BA-105,Falmouth 4.9 NNW,41.6104,-70.6463,2025-09-28,0.1,0.07874015865363475
MA-BA-105,Falmouth 4.9 NNW,41.6104,-70.6463,2025-09-29,0.0,0.0
MA-BA-105,Falmouth 4.9 NNW,41.6104,-70.6463,2025-09-30,0.0,0.0
MA-BA-105,Falmouth 4.9 NNW,41.6104,-70.6463,2025-10-01,0.0,0.0
MA-BA-105,Falmouth 4.9 NNW,41.6104,-70.6463,2025-10-02,0.0,0.0
MA-BA-105,Falmouth 4.9 NNW,41.6104,-70.6463,2025-10-03,0.0,0.0
MA-BA-105,Falmouth 4.9 NNW,41.6104,-70.6463,2025-10-04,0.0,0.0
MA-BA-105,Falmouth 4.9 NNW,41.6104,-70.6463,2025-10-05,0.0,0.0
MA-BA-105,Falmouth 4.9 NNW,41.6104,-70.6463,2025-10-06,0.0,0.0
MA-BA-105,Falmouth 4.9 NNW,41.6104,-70.6463,2025-10-07,0.0,0.0
MA-BA-105,Falmouth 4.9 NNW,41.6104,-70.6463,2025-10-08,0.0,0.0
MA-BA-105,Falmouth 4.9 NNW,41.6104,-70.6463,2025-10-09,0.78,0.7086614278827127
MA-BA-105,Falmouth 4.9 NNW,41.6104,-70.6463,2025-10-10,0.0,0.0
MA-BA-105,Falmouth 4.9 NNW,41.6104,-70.6463,2025-10-11,0.0,0.0
MA-BA-105,Falmouth 4.9 NNW,41.6104,-70.6463,2025-10-13,2.25,1.8976378235525972
MA-BA-105,Falmouth 4.9 NNW,41.6104,-70.6463,2025-10-14,1.5,1.0551181259587057
MA-BA-105,Falmouth 4.9 NNW,41.6104,-70.6463,2025-10-15,0.28,0.240157483893586
MA-BA-105,Falmouth 4.9 NNW,41.6104,-70.6463,2025-10-16,0.0,0.0
MA-BA-105,Falmouth 4.9 NNW,41.6104,-70.6463,2025-10-17,0.0,0.0
MA-BA-105,Falmouth 4.9 NNW,41.6104,-70.6463,2025-10-18,0.0,0.0
MA-BA-105,Falmouth 4.9 NNW,41.6104,-70.6463,2025-10-19,0.0,0.0
MA-BA-105,Falmouth 4.9 NNW,41.6104,-70.6463,2025-10-20,0.0,0.0
MA-BA-105,Falmouth 4.9 NNW,41.6104,-70.6463,2025-10-21,0.84,0.6181102454310328
MA-BA-105,Falmouth 4.9 NNW,41.6104,-70.6463,2025-10-23,0.02,0.023622047596090424
MA-BA-105,Falmouth 4.9 NNW,41.6104,-70.6463,2025-10-24,0.0,0.0
MA-BA-105,Falmouth 4.9 NNW,41.6104,-70.6463,2025-10-25,0.0,0.0
MA-BA-105,Falmouth 4.9 NNW,41.6104,-70.6463,2025-10-26,0.0,0.0
MA-BA-105,Falmouth 4.9 NNW,41.6104,-70.6463,2025-10-27,0.0,0.0
MA-BA-105,Falmouth 4.9 NNW,41.6104,-70.6463,2025-10-28,0.02,0.01574803173072695
MA-BA-105,Falmouth 4.9 NNW,41.6104,-70.6463,2025-10-29,0.02,0.003937007932681738
MA-BA-105,Falmouth 4.9 NNW,41.6104,-70.6463,2025-10-30,0.1,0.0
MA-BA-105,Falmouth 4.9 NNW,41.6104,-70.6463,2025-10-31,1.69,1.3110236415830185
MA-BA-105,Falmouth 4.9 NNW,41.6104,-70.6463,2025-11-01,0.0,0.0
MA-BA-105,Falmouth 4.9 NNW,41.6104,-70.6463,2025-11-02,0.0,0.0
MA-BA-105,Falmouth 4.9 NNW,41.6104,-70.6463,2025-11-03,0.0,0.0
MA-BA-105,Falmouth 4.9 NNW,41.6104,-70.6463,2025-11-04,0.28,0.3267716584125842
MA-BA-105,Falmouth 4.9 NNW,41.6104,-70.6463,2025-11-05,0.0,0.0
MA-BA-105,Falmouth 4.9 NNW,41.6104,-70.6463,2025-11-06,0.02,0.051181103124862584
MA-BA-105,Falmouth 4.9 NNW,41.6104,-70.6463,2025-11-07,0.0,0.0
MA-BA-105,Falmouth 4.9 NNW,41.6104,-70.6463,2025-11-08,0.03,0.039370079326817374
MA-BA-105,Falmouth 4.9 NNW,41.6104,-70.6463,2025-11-09,0.03,0.03543307139413564
MA-BA-105,Falmouth 4.9 NNW,41.6104,-70.6463,2025-11-10,2.28,1.8622047521584617
MA-BA-105,Falmouth 4.9 NNW,41.6104,-70.6463,2025-11-11,0.43,0.2440944918262677
MA-BA-105,Falmouth 4.9 NNW,41.6104,-70.6463,2025-11-12,0.0,0.0
MA-BA-105,Falmouth 4.9 NNW,41.6104,-70.6463,2025-11-13,0.0,0.0
MA-BA-105,Falmouth 4.9 NNW,41.6104,-70.6463,2025-11-14,0.0,0.0314960634614539
MA-BA-105,Falmouth 4.9 NNW,41.6104,-70.6463,2025-11-15,0.0,0.0
MA-BA-105,Falmouth 4.9 NNW,41.6104,-70.6463,2025-11-16,0.81,0.7559055230748936
MA-BA-105,Falmouth 4.9 NNW,41.6104,-70.6463,2025-11-17,0.0,0.0
MA-BA-105,Falmouth 4.9 NNW,41.6104,-70.6463,2025-11-18,0.0,0.0
MA-BA-105,Falmouth 4.9 NNW,41.6104,-70.6463,2025-11-19,0.0,0.0
MA-BA-105,Falmouth 4.9 NNW,41.6104,-70.6463,2025-11-20,0.0,0.0
MA-BA-105,Falmouth 4.9 NNW,41.6104,-70.6463,2025-11-21,0.0,0.0
MA-BA-105,Falmouth 4.9 NNW,41.6104,-70.6463,2025-11-22,0.05,0.0
MA-BA-105,Falmouth 4.9 NNW,41.6104,-70.6463,2025-11-23,0.17,0.20472441249945034
MA-BA-105,Falmouth 4.9 NNW,41.6104,-70.6463,2025-11-24,0.01,0.01574803173072695
MA-BA-105,Falmouth 4.9 NNW,41.6104,-70.6463,2025-11-25,0.0,0.0
MA-BA-105,Falmouth 4.9 NNW,41.6104,-70.6463,2025-11-26,0.25,0.22047244423017728
MA-BA-105,Falmouth 4.9 NNW,41.6104,-70.6463,2025-11-27,0.05,0.019685039663408687
MA-BA-105,Falmouth 4.9 NNW,41.6104,-70.6463,2025-11-28,0.0,0.0
MA-BA-105,Falmouth 4.9 NNW,41.6104,-70.6463,2025-11-29,0.0,0.0
MA-BA-105,Falmouth 4.9 NNW,41.6104,-70.6463,2025-11-30,0.0,0.0
MA-BA-105,Falmouth 4.9 NNW,41.6104,-70.6463,2025-12-01,0.34,0.464566936056445
MA-BA-105,Falmouth 4.9 NNW,41.6104,-70.6463,2025-12-02,0.0,0.0
MA-BA-105,Falmouth 4.9 NNW,41.6104,-70.6463,2025-12-03,0.91,0.8425196975938918
MA-BA-105,Falmouth 4.9 NNW,41.6104,-70.6463,2025-12-04,0.0,0.0
MA-BA-105,Falmouth 4.9 NNW,41.6104,-70.6463,2025-12-05,0.0,0.0
MA-BA-105,Falmouth 4.9 NNW,41.6104,-70.6463,2025-12-07,0.03,0.031496063461453894
MA-BA-105,Falmouth 4.9 NNW,41.6104,-70.6463,2025-12-08,0.0,0.0
MA-BA-105,Falmouth 4.9 NNW,41.6104,-70.6463,2025-12-09,0.0,0.0
MA-BA-105,Falmouth 4.9 NNW,41.6104,-70.6463,2025-12-10,0.04,0.074803150720953
MA-BA-105,Falmouth 4.9 NNW,41.6104,-70.6463,2025-12-11,0.0,0.023622047596090424
MA-BA-105,Falmouth 4.9 NNW,41.6104,-70.6463,2025-12-13,0.0,0.0
MA-BA-105,Falmouth 4.9 NNW,41.6104,-70.6463,2025-12-14,0.29,0.12204724591313386
MA-BA-105,Falmouth 4.9 NNW,41.6104,-70.6463,2025-12-15,0.01,0.240157483893586
MA-BA-105,Falmouth 4.9 NNW,41.6104,-70.6463,2025-12-16,0.0,0.0
MA-BA-105,Falmouth 4.9 NNW,41.6104,-70.6463,2025-12-17,0.0,0.0
MA-BA-105,Falmouth 4.9 NNW,41.6104,-70.6463,2025-12-18,0.0,0.0
MA-BA-105,Falmouth 4.9 NNW,41.6104,-70.6463,2025-12-19,0.09,0.22047244423017728
MA-BA-105,Falmouth 4.9 NNW,41.6104,-70.6463,2025-12-20,0.43,0.4212598487969459
MA-BA-105,Falmouth 4.9 NNW,41.6104,-70.6463,2025-12-21,0.0,0.0
MA-BA-105,Falmouth 4.9 NNW,41.6104,-70.6463,2025-12-22,0.0,0.0
MA-BA-105,Falmouth 4.9 NNW,41.6104,-70.6463,2025-12-23,0.0,0.0
MA-BA-105,Falmouth 4.9 NNW,41.6104,-70.6463,2025-12-24,0.11,0.11417323004777039
MA-BA-105,Falmouth 4.9 NNW,41.6104,-70.6463,2025-12-25,0.0,0.003937007932681738
MA-BA-105,Falmouth 4.9 NNW,41.6104,-70.6463,2025-12-26,0.0,0.0
MA-BA-105,Falmouth 4.9 NNW,41.6104,-70.6463,2025-12-27,0.26,0.18503937283604166
MA-BA-105,Falmouth 4.9 NNW,41.6104,-70.6463,2025-12-28,0.0,0.003937007932681738
MA-BA-105,Falmouth 4.9 NNW,41.6104,-70.6463,2025-12-29,0.31,0.2322834680282225
MA-BA-105,Falmouth 4.9 NNW,41.6104,-70.6463,2025-12-30,0.2,0.2125984283648138
MA-BA-105,Falmouth 4.9 NNW,41.6104,-70.6463,2025-12-31,0.0,0.0
MA-BA-109,N Falmouth 0.7 E,41.643684,-70.608876,2025-01-01,0.51,0.5118110312486258
MA-BA-109,N Falmouth 0.7 E,41.643684,-70.608876,2025-01-02,0.13,0.2834645711530851
MA-BA-109,N Falmouth 0.7 E,41.643684,-70.608876,2025-01-03,0.0,0.0
MA-BA-109,N Falmouth 0.7 E,41.643684,-70.608876,2025-01-04,0.0,0.0
MA-BA-109,N Falmouth 0.7 E,41.643684,-70.608876,2025-01-05,0.0,0.0
MA-BA-109,N Falmouth 0.7 E,41.643684,-70.608876,2025-01-06,0.0,0.0
MA-BA-109,N Falmouth 0.7 E,41.643684,-70.608876,2025-01-07,0.0,0.0
MA-BA-109,N Falmouth 0.7 E,41.643684,-70.608876,2025-01-08,0.0,0.0
MA-BA-109,N Falmouth 0.7 E,41.643684,-70.608876,2025-01-09,0.0,0.0
MA-BA-109,N Falmouth 0.7 E,41.643684,-70.608876,2025-01-10,0.0,0.0
MA-BA-109,N Falmouth 0.7 E,41.643684,-70.608876,2025-01-11,0.01,0.0
MA-BA-109,N Falmouth 0.7 E,41.643684,-70.608876,2025-01-12,0.12,0.13779527764386082
MA-BA-109,N Falmouth 0.7 E,41.643684,-70.608876,2025-01-13,0.0,0.0
MA-BA-109,N Falmouth 0.7 E,41.643684,-70.608876,2025-01-14,0.0,0.0
MA-BA-109,N Falmouth 0.7 E,41.643684,-70.608876,2025-01-15,0.0,0.0
MA-BA-109,N Falmouth 0.7 E,41.643684,-70.608876,2025-01-16,0.0,0.0
MA-BA-109,N Falmouth 0.7 E,41.643684,-70.608876,2025-01-17,0.01,0.003937007932681738
MA-BA-109,N Falmouth 0.7 E,41.643684,-70.608876,2025-01-18,0.0,0.0
MA-BA-109,N Falmouth 0.7 E,41.643684,-70.608876,2025-01-19,0.56,0.5078740233159441
MA-BA-109,N Falmouth 0.7 E,41.643684,-70.608876,2025-01-20,0.51,0.3503937060086746
MA-BA-109,N Falmouth 0.7 E,41.643684,-70.608876,2025-01-21,0.0,0.0
MA-BA-109,N Falmouth 0.7 E,41.643684,-70.608876,2025-01-22,0.02,0.007874015865363475
MA-BA-109,N Falmouth 0.7 E,41.643684,-70.608876,2025-01-23,0.0,0.0
MA-BA-109,N Falmouth 0.7 E,41.643684,-70.608876,2025-01-24,0.0,0.0
MA-BA-109,N Falmouth 0.7 E,41.643684,-70.608876,2025-01-25,0.0,0.0
MA-BA-109,N Falmouth 0.7 E,41.643684,-70.608876,2025-01-26,0.0,0.0
MA-BA-109,N Falmouth 0.7 E,41.643684,-70.608876,2025-01-27,0.0,0.0
MA-BA-109,N Falmouth 0.7 E,41.643684,-70.608876,2025-01-28,0.0,0.0
MA-BA-109,N Falmouth 0.7 E,41.643684,-70.608876,2025-01-29,0.0,0.015748031730726947
MA-BA-109,N Falmouth 0.7 E,41.643684,-70.608876,2025-01-30,0.0,0.003937007932681738
MA-BA-109,N Falmouth 0.7 E,41.643684,-70.608876,2025-01-31,0.0,0.0
MA-BA-109,N Falmouth 0.7 E,41.643684,-70.608876,2025-02-01,0.72,0.6653543406232136
MA-BA-109,N Falmouth 0.7 E,41.643684,-70.608876,2025-02-02,0.06,0.0629921269229078
MA-BA-109,N Falmouth 0.7 E,41.643684,-70.608876,2025-02-03,0.23,0.16535433317263296
MA-BA-109,N Falmouth 0.7 E,41.643684,-70.608876,2025-02-04,0.0,0.0
MA-BA-109,N Falmouth 0.7 E,41.643684,-70.608876,2025-02-05,0.0,0.0
MA-BA-109,N Falmouth 0.7 E,41.643684,-70.608876,2025-02-06,0.0,0.0
MA-BA-109,N Falmouth 0.7 E,41.643684,-70.608876,2025-02-07,0.3,0.2559055156243129
MA-BA-109,N Falmouth 0.7 E,41.643684,-70.608876,2025-02-08,0.0,0.0
MA-BA-109,N Falmouth 0.7 E,41.643684,-70.608876,2025-02-09,0.59,0.2874015790857668
MA-BA-109,N Falmouth 0.7 E,41.643684,-70.608876,2025-02-10,0.0,0.01574803173072695
MA-BA-109,N Falmouth 0.7 E,41.643684,-70.608876,2025-02-11,0.0,0.0
MA-BA-109,N Falmouth 0.7 E,41.643684,-70.608876,2025-02-12,0.01,0.011811023798045214
MA-BA-109,N Falmouth 0.7 E,41.643684,-70.608876,2025-02-13,0.18,0.09842519831704344
MA-BA-109,N Falmouth 0.7 E,41.643684,-70.608876,2025-02-14,0.05,0.04724409519218085
MA-BA-109,N Falmouth 0.7 E,41.643684,-70.608876,2025-02-15,0.0,0.0
MA-BA-109,N Falmouth 0.7 E,41.643684,-70.608876,2025-02-16,0.61,0.3267716584125842
MA-BA-109,N Falmouth 0.7 E,41.643684,-70.608876,2025-02-17,1.34,1.3110236415830185
MA-BA-109,N Falmouth 0.7 E,41.643684,-70.608876,2025-02-18,0.0,0.0
MA-BA-109,N Falmouth 0.7 E,41.643684,-70.608876,2025-02-19,0.0,0.0
MA-BA-109,N Falmouth 0.7 E,41.643684,-70.608876,2025-02-20,0.0,0.0
MA-BA-109,N Falmouth 0.7 E,41.643684,-70.608876,2025-02-21,0.01,0.0
MA-BA-109,N Falmouth 0.7 E,41.643684,-70.608876,2025-02-22,0.0,0.0
MA-BA-109,N Falmouth 0.7 E,41.643684,-70.608876,2025-02-23,0.0,0.0
MA-BA-109,N Falmouth 0.7 E,41.643684,-70.608876,2025-02-24,0.0,0.0
MA-BA-109,N Falmouth 0.7 E,41.643684,-70.608876,2025-02-25,0.0,0.0
MA-BA-109,N Falmouth 0.7 E,41.643684,-70.608876,2025-02-26,0.0,0.0
MA-BA-109,N Falmouth 0.7 E,41.643684,-70.608876,2025-02-27,0.02,0.07874015865363475
MA-BA-109,N Falmouth 0.7 E,41.643684,-70.608876,2025-02-28,0.06,0.09055118245167995
MA-BA-109,N Falmouth 0.7 E,41.643684,-70.608876,2025-03-01,0.0,0.0
MA-BA-109,N Falmouth 0.7 E,41.643684,-70.608876,2025-03-02,0.0,0.0
MA-BA-109,N Falmouth 0.7 E,41.643684,-70.608876,2025-03-03,0.0,0.0
MA-BA-109,N Falmouth 0.7 E,41.643684,-70.608876,2025-03-04,0.0,0.0
MA-BA-109,N Falmouth 0.7 E,41.643684,-70.608876,2025-03-05,0.0,0.0
MA-BA-109,N Falmouth 0.7 E,41.643684,-70.608876,2025-03-06,0.58,0.5314960709120345
MA-BA-109,N Falmouth 0.7 E,41.643684,-70.608876,2025-03-07,0.03,0.06299212692290779
MA-BA-109,N Falmouth 0.7 E,41.643684,-70.608876,2025-03-08,0.0,0.0
MA-BA-109,N Falmouth 0.7 E,41.643684,-70.608876,2025-03-09,0.0,0.0
MA-BA-109,N Falmouth 0.7 E,41.643684,-70.608876,2025-03-10,0.0,0.0
MA-BA-109,N Falmouth 0.7 E,41.643684,-70.608876,2025-03-11,0.0,0.0
MA-BA-109,N Falmouth 0.7 E,41.643684,-70.608876,2025-03-12,0.0,0.0
MA-BA-109,N Falmouth 0.7 E,41.643684,-70.608876,2025-03-13,0.0,0.0
MA-BA-109,N Falmouth 0.7 E,41.643684,-70.608876,2025-03-14,0.0,0.0
MA-BA-109,N Falmouth 0.7 E,41.643684,-70.608876,2025-03-15,0.0,0.0
MA-BA-109,N Falmouth 0.7 E,41.643684,-70.608876,2025-03-16,0.0,0.0
MA-BA-109,N Falmouth 0.7 E,41.643684,-70.608876,2025-03-17,0.32,0.33464567427794767
MA-BA-109,N Falmouth 0.7 E,41.643684,-70.608876,2025-03-18,2.06,1.7598425459087366
MA-BA-109,N Falmouth 0.7 E,41.643684,-70.608876,2025-03-19,0.0,0.0
MA-BA-109,N Falmouth 0.7 E,41.643684,-70.608876,2025-03-20,0.01,0.0
MA-BA-109,N Falmouth 0.7 E,41.643684,-70.608876,2025-03-21,0.32,0.314960634614539
MA-BA-109,N Falmouth 0.7 E,41.643684,-70.608876,2025-03-22,0.14,0.10236220624972517
MA-BA-109,N Falmouth 0.7 E,41.643684,-70.608876,2025-03-23,0.0,0.0
MA-BA-109,N Falmouth 0.7 E,41.643684,-70.608876,2025-03-24,0.0,0.0
MA-BA-109,N Falmouth 0.7 E,41.643684,-70.608876,2025-03-25,0.57,0.598425205767624
MA-BA-109,N Falmouth 0.7 E,41.643684,-70.608876,2025-03-26,0.0,0.0
MA-BA-109,N Falmouth 0.7 E,41.643684,-70.608876,2025-03-27,0.01,0.03543307139413564
MA-BA-109,N Falmouth 0.7 E,41.643684,-70.608876,2025-03-28,0.0,0.0
MA-BA-109,N Falmouth 0.7 E,41.643684,-70.608876,2025-03-29,0.04,0.01574803173072695
MA-BA-109,N Falmouth 0.7 E,41.643684,-70.608876,2025-03-30,0.09,0.07874015865363475
MA-BA-109,N Falmouth 0.7 E,41.643684,-70.608876,2025-03-31,0.0,0.0
MA-BA-109,N Falmouth 0.7 E,41.643684,-70.608876,2025-04-01,0.2,0.16535433317263298
MA-BA-109,N Falmouth 0.7 E,41.643684,-70.608876,2025-04-02,0.09,0.0944881903843617
MA-BA-109,N Falmouth 0.7 E,41.643684,-70.608876,2025-04-03,0.17,0.17716535697067817
MA-BA-109,N Falmouth 0.7 E,41.643684,-70.608876,2025-04-05,0.0,0.0
MA-BA-109,N Falmouth 0.7 E,41.643684,-70.608876,2025-04-06,0.65,0.5275590629793527
MA-BA-109,N Falmouth 0.7 E,41.643684,-70.608876,2025-04-07,0.03,0.039370079326817374
MA-BA-109,N Falmouth 0.7 E,41.643684,-70.608876,2025-04-08,0.57,0.464566936056445
MA-BA-109,N Falmouth 0.7 E,41.643684,-70.608876,2025-04-09,0.03,0.0314960634614539
MA-BA-109,N Falmouth 0.7 E,41.643684,-70.608876,2025-04-10,0.0,0.0
MA-BA-109,N Falmouth 0.7 E,41.643684,-70.608876,2025-04-11,0.04,0.10629921418240691
MA-BA-109,N Falmouth 0.7 E,41.643684,-70.608876,2025-04-12,0.33,0.33464567427794767
MA-BA-109,N Falmouth 0.7 E,41.643684,-70.608876,2025-04-13,0.17,0.051181103124862584
MA-BA-109,N Falmouth 0.7 E,41.643684,-70.608876,2025-04-14,0.51,0.6496063088924866
MA-BA-109,N Falmouth 0.7 E,41.643684,-70.608876,2025-04-15,0.09,0.05905511899022606
MA-BA-109,N Falmouth 0.7 E,41.643684,-70.608876,2025-04-16,0.05,0.10629921418240691
MA-BA-109,N Falmouth 0.7 E,41.643684,-70.608876,2025-04-17,0.0,0.0
MA-BA-109,N Falmouth 0.7 E,41.643684,-70.608876,2025-04-18,0.0,0.0
MA-BA-109,N Falmouth 0.7 E,41.643684,-70.608876,2025-04-19,0.0,0.0
MA-BA-109,N Falmouth 0.7 E,41.643684,-70.608876,2025-04-20,0.0,0.0
MA-BA-109,N Falmouth 0.7 E,41.643684,-70.608876,2025-04-21,0.0,0.0
MA-BA-109,N Falmouth 0.7 E,41.643684,-70.608876,2025-04-22,0.14,0.1062992141824069
MA-BA-109,N Falmouth 0.7 E,41.643684,-70.608876,2025-04-23,0.0,0.003937007932681738
MA-BA-109,N Falmouth 0.7 E,41.643684,-70.608876,2025-04-24,0.0,0.0
MA-BA-109,N Falmouth 0.7 E,41.643684,-70.608876,2025-04-25,0.0,0.0
MA-BA-109,N Falmouth 0.7 E,41.643684,-70.608876,2025-04-26,0.0,0.0
MA-BA-109,N Falmouth 0.7 E,41.643684,-70.608876,2025-04-27,0.86,0.7362204834114848
MA-BA-109,N Falmouth 0.7 E,41.643684,-70.608876,2025-04-28,0.0,0.0
MA-BA-109,N Falmouth 0.7 E,41.643684,-70.608876,2025-04-29,0.0,0.0
MA-BA-109,N Falmouth 0.7 E,41.643684,-70.608876,2025-04-30,0.0,0.0
MA-BA-109,N Falmouth 0.7 E,41.643684,-70.608876,2025-05-01,0.0,0.0
MA-BA-109,N Falmouth 0.7 E,41.643684,-70.608876,2025-05-02,0.41,0.35433071394135635
MA-BA-109,N Falmouth 0.7 E,41.643684,-70.608876,2025-05-03,0.0,0.15354330937458774
MA-BA-109,N Falmouth 0.7 E,41.643684,-70.608876,2025-05-04,0.0,0.0
MA-BA-109,N Falmouth 0.7 E,41.643684,-70.608876,2025-05-05,0.16,0.10629921418240691
MA-BA-109,N Falmouth 0.7 E,41.643684,-70.608876,2025-05-06,0.01,0.011811023798045212
MA-BA-109,N Falmouth 0.7 E,41.643684,-70.608876,2025-05-07,0.13,0.10629921418240691
MA-BA-109,N Falmouth 0.7 E,41.643684,-70.608876,2025-05-08,0.0,0.0
MA-BA-109,N Falmouth 0.7 E,41.643684,-70.608876,2025-05-09,0.0,0.0
MA-BA-109,N Falmouth 0.7 E,41.643684,-70.608876,2025-05-10,1.19,1.1141732449489317
MA-BA-109,N Falmouth 0.7 E,41.643684,-70.608876,2025-05-11,0.02,0.0
MA-BA-109,N Falmouth 0.7 E,41.643684,-70.608876,2025-05-12,0.0,0.0
MA-BA-109,N Falmouth 0.7 E,41.643684,-70.608876,2025-05-13,0.0,0.0
MA-BA-109,N Falmouth 0.7 E,41.643684,-70.608876,2025-05-14,0.0,0.0
MA-BA-109,N Falmouth 0.7 E,41.643684,-70.608876,2025-05-15,0.0,0.011811023798045212
MA-BA-109,N Falmouth 0.7 E,41.643684,-70.608876,2025-05-16,0.02,0.027559055528772164
MA-BA-109,N Falmouth 0.7 E,41.643684,-70.608876,2025-05-17,0.0,0.0
MA-BA-109,N Falmouth 0.7 E,41.643684,-70.608876,2025-05-18,0.02,0.011811023798045212
MA-BA-109,N Falmouth 0.7 E,41.643684,-70.608876,2025-05-19,0.0,0.0
MA-BA-109,N Falmouth 0.7 E,41.643684,-70.608876,2025-05-20,0.0,0.0
MA-BA-109,N Falmouth 0.7 E,41.643684,-70.608876,2025-05-21,0.0,0.0
MA-BA-109,N Falmouth 0.7 E,41.643684,-70.608876,2025-05-22,0.02,0.0
MA-BA-109,N Falmouth 0.7 E,41.643684,-70.608876,2025-05-23,4.09,3.440944933163838
MA-BA-109,N Falmouth 0.7 E,41.643684,-70.608876,2025-05-24,0.02,0.003937007932681738
MA-BA-109,N Falmouth 0.7 E,41.643684,-70.608876,2025-05-25,0.08,0.03543307139413564
MA-BA-109,N Falmouth 0.7 E,41.643684,-70.608876,2025-05-26,0.0,0.0
MA-BA-109,N Falmouth 0.7 E,41.643684,-70.608876,2025-05-27,0.0,0.0
MA-BA-109,N Falmouth 0.7 E,41.643684,-70.608876,2025-05-28,0.0,0.0
MA-BA-109,N Falmouth 0.7 E,41.643684,-70.608876,2025-05-29,0.13,0.12992126177849733
MA-BA-109,N Falmouth 0.7 E,41.643684,-70.608876,2025-05-30,0.1,0.0314960634614539
MA-BA-109,N Falmouth 0.7 E,41.643684,-70.608876,2025-05-31,0.19,0.17716535697067817
MA-BA-109,N Falmouth 0.7 E,41.643684,-70.608876,2025-06-01,0.0,0.04330708725949911
MA-BA-109,N Falmouth 0.7 E,41.643684,-70.608876,2025-06-02,0.0,0.0
MA-BA-109,N Falmouth 0.7 E,41.643684,-70.608876,2025-06-03,0.0,0.0
MA-BA-109,N Falmouth 0.7 E,41.643684,-70.608876,2025-06-04,0.0,0.0
MA-BA-109,N Falmouth 0.7 E,41.643684,-70.608876,2025-06-05,0.0,0.0
MA-BA-109,N Falmouth 0.7 E,41.643684,-70.608876,2025-06-06,0.0,0.0
MA-BA-109,N Falmouth 0.7 E,41.643684,-70.608876,2025-06-07,0.0,0.0
MA-BA-109,N Falmouth 0.7 E,41.643684,-70.608876,2025-06-08,0.32,0.3385826822106294
MA-BA-109,N Falmouth 0.7 E,41.643684,-70.608876,2025-06-09,0.0,0.0
MA-BA-109,N Falmouth 0.7 E,41.643684,-70.608876,2025-06-10,0.08,0.0
MA-BA-109,N Falmouth 0.7 E,41.643684,-70.608876,2025-06-11,0.65,0.795275602401711
MA-BA-109,N Falmouth 0.7 E,41.643684,-70.608876,2025-06-12,0.0,0.0
MA-BA-109,N Falmouth 0.7 E,41.643684,-70.608876,2025-06-13,0.0,0.0
MA-BA-109,N Falmouth 0.7 E,41.643684,-70.608876,2025-06-14,0.0,0.0
MA-BA-109,N Falmouth 0.7 E,41.643684,-70.608876,2025-06-15,0.19,0.07874015865363475
MA-BA-109,N Falmouth 0.7 E,41.643684,-70.608876,2025-06-16,0.0,0.0
MA-BA-109,N Falmouth 0.7 E,41.643684,-70.608876,2025-06-17,0.0,0.0
MA-BA-109,N Falmouth 0.7 E,41.643684,-70.608876,2025-06-18,0.0,0.007874015865363475
MA-BA-109,N Falmouth 0.7 E,41.643684,-70.608876,2025-06-19,0.0,0.007874015865363475
MA-BA-109,N Falmouth 0.7 E,41.643684,-70.608876,2025-06-20,0.0,0.0
MA-BA-109,N Falmouth 0.7 E,41.643684,-70.608876,2025-06-21,0.0,0.0
MA-BA-109,N Falmouth 0.7 E,41.643684,-70.608876,2025-06-22,0.0,0.0
MA-BA-109,N Falmouth 0.7 E,41.643684,-70.608876,2025-06-23,0.0,0.01574803173072695
MA-BA-109,N Falmouth 0.7 E,41.643684,-70.608876,2025-06-24,0.0,0.0
MA-BA-109,N Falmouth 0.7 E,41.643684,-70.608876,2025-06-25,0.0,0.0
MA-BA-109,N Falmouth 0.7 E,41.643684,-70.608876,2025-06-26,0.0,0.0
MA-BA-109,N Falmouth 0.7 E,41.643684,-70.608876,2025-06-27,0.0,0.03543307139413564
MA-BA-109,N Falmouth 0.7 E,41.643684,-70.608876,2025-06-28,0.0,0.0
MA-BA-109,N Falmouth 0.7 E,41.643684,-70.608876,2025-06-29,0.01,0.003937007932681738
MA-BA-109,N Falmouth 0.7 E,41.643684,-70.608876,2025-06-30,0.0,0.0
MA-BA-109,N Falmouth 0.7 E,41.643684,-70.608876,2025-07-01,0.0,0.0
MA-BA-109,N Falmouth 0.7 E,41.643684,-70.608876,2025-07-02,0.02,0.04724409519218085
MA-BA-109,N Falmouth 0.7 E,41.643684,-70.608876,2025-07-03,0.01,0.0314960634614539
MA-BA-109,N Falmouth 0.7 E,41.643684,-70.608876,2025-07-04,0.09,0.1692913411053147
MA-BA-109,N Falmouth 0.7 E,41.643684,-70.608876,2025-07-05,0.0,0.0
MA-BA-109,N Falmouth 0.7 E,41.643684,-70.608876,2025-07-06,0.0,0.0
MA-BA-109,N Falmouth 0.7 E,41.643684,-70.608876,2025-07-07,0.0,0.0
MA-BA-109,N Falmouth 0.7 E,41.643684,-70.608876,2025-07-08,0.17,0.0629921269229078
MA-BA-109,N Falmouth 0.7 E,41.643684,-70.608876,2025-07-09,0.54,0.7598425310075753
MA-BA-109,N Falmouth 0.7 E,41.643684,-70.608876,2025-07-10,0.17,0.15354330937458777
MA-BA-109,N Falmouth 0.7 E,41.643684,-70.608876,2025-07-11,0.19,0.22440945216285904
MA-BA-109,N Falmouth 0.7 E,41.643684,-70.608876,2025-07-12,0.01,0.0
MA-BA-109,N Falmouth 0.7 E,41.643684,-70.608876,2025-07-13,0.0,0.0
MA-BA-109,N Falmouth 0.7 E,41.643684,-70.608876,2025-07-14,0.0,0.0
MA-BA-109,N Falmouth 0.7 E,41.643684,-70.608876,2025-07-15,0.07,0.023622047596090424
MA-BA-109,N Falmouth 0.7 E,41.643684,-70.608876,2025-07-16,0.01,0.039370079326817374
MA-BA-109,N Falmouth 0.7 E,41.643684,-70.608876,2025-07-17,0.01,0.0
MA-BA-109,N Falmouth 0.7 E,41.643684,-70.608876,2025-07-18,0.0,0.01574803173072695
MA-BA-109,N Falmouth 0.7 E,41.643684,-70.608876,2025-07-19,0.0,0.0
MA-BA-109,N Falmouth 0.7 E,41.643684,-70.608876,2025-07-20,0.0,0.0
MA-BA-109,N Falmouth 0.7 E,41.643684,-70.608876,2025-07-21,0.08,0.051181103124862584
MA-BA-109,N Falmouth 0.7 E,41.643684,-70.608876,2025-07-22,0.0,0.0
MA-BA-109,N Falmouth 0.7 E,41.643684,-70.608876,2025-07-23,0.0,0.0
MA-BA-109,N Falmouth 0.7 E,41.643684,-70.608876,2025-07-24,0.0,0.0
MA-BA-109,N Falmouth 0.7 E,41.643684,-70.608876,2025-07-25,0.0,0.0
MA-BA-109,N Falmouth 0.7 E,41.643684,-70.608876,2025-07-26,0.06,0.1259842538458156
MA-BA-109,N Falmouth 0.7 E,41.643684,-70.608876,2025-07-27,0.0,0.0
MA-BA-109,N Falmouth 0.7 E,41.643684,-70.608876,2025-07-28,0.02,0.05511811105754432
MA-BA-109,N Falmouth 0.7 E,41.643684,-70.608876,2025-07-30,0.0,0.0
MA-BA-109,N Falmouth 0.7 E,41.643684,-70.608876,2025-07-31,0.0,0.0
MA-BA-109,N Falmouth 0.7 E,41.643684,-70.608876,2025-08-01,0.48,0.240157483893586
MA-BA-109,N Falmouth 0.7 E,41.643684,-70.608876,2025-08-02,0.09,0.09842519831704344
MA-BA-109,N Falmouth 0.7 E,41.643684,-70.608876,2025-08-03,0.0,0.0
MA-BA-109,N Falmouth 0.7 E,41.643684,-70.608876,2025-08-04,0.0,0.0
MA-BA-109,N Falmouth 0.7 E,41.643684,-70.608876,2025-08-05,0.0,0.0
MA-BA-109,N Falmouth 0.7 E,41.643684,-70.608876,2025-08-06,0.0,0.0
MA-BA-109,N Falmouth 0.7 E,41.643684,-70.608876,2025-08-07,0.0,0.0
MA-BA-109,N Falmouth 0.7 E,41.643684,-70.608876,2025-08-08,0.0,0.0
MA-BA-109,N Falmouth 0.7 E,41.643684,-70.608876,2025-08-09,0.0,0.0
MA-BA-109,N Falmouth 0.7 E,41.643684,-70.608876,2025-08-10,0.0,0.0
MA-BA-109,N Falmouth 0.7 E,41.643684,-70.608876,2025-08-11,0.0,0.0
MA-BA-109,N Falmouth 0.7 E,41.643684,-70.608876,2025-08-12,0.0,0.0
MA-BA-109,N Falmouth 0.7 E,41.643684,-70.608876,2025-08-13,0.0,0.0
MA-BA-109,N Falmouth 0.7 E,41.643684,-70.608876,2025-08-14,0.0,0.0
MA-BA-109,N Falmouth 0.7 E,41.643684,-70.608876,2025-08-15,0.0,0.0
MA-BA-109,N Falmouth 0.7 E,41.643684,-70.608876,2025-08-16,0.0,0.0
MA-BA-109,N Falmouth 0.7 E,41.643684,-70.608876,2025-08-17,0.0,0.0
MA-BA-109,N Falmouth 0.7 E,41.643684,-70.608876,2025-08-18,0.0,0.007874015865363475
MA-BA-109,N Falmouth 0.7 E,41.643684,-70.608876,2025-08-19,0.0,0.0
MA-BA-109,N Falmouth 0.7 E,41.643684,-70.608876,2025-08-20,0.0,0.0
MA-BA-109,N Falmouth 0.7 E,41.643684,-70.608876,2025-08-21,1.13,1.2204724591313385
MA-BA-109,N Falmouth 0.7 E,41.643684,-70.608876,2025-08-22,0.0,0.0
MA-BA-109,N Falmouth 0.7 E,41.643684,-70.608876,2025-08-23,0.0,0.0
MA-BA-109,N Falmouth 0.7 E,41.643684,-70.608876,2025-08-24,0.0,0.0
MA-BA-109,N Falmouth 0.7 E,41.643684,-70.608876,2025-08-25,0.0,0.0
MA-BA-109,N Falmouth 0.7 E,41.643684,-70.608876,2025-08-26,0.0,0.011811023798045212
MA-BA-109,N Falmouth 0.7 E,41.643684,-70.608876,2025-08-27,0.0,0.0
MA-BA-109,N Falmouth 0.7 E,41.643684,-70.608876,2025-08-28,0.0,0.0
MA-BA-109,N Falmouth 0.7 E,41.643684,-70.608876,2025-08-29,0.0,0.0
MA-BA-109,N Falmouth 0.7 E,41.643684,-70.608876,2025-08-30,0.54,0.6417322930271232
MA-BA-109,N Falmouth 0.7 E,41.643684,-70.608876,2025-08-31,0.0,0.0
MA-BA-109,N Falmouth 0.7 E,41.643684,-70.608876,2025-09-01,0.0,0.0
MA-BA-109,N Falmouth 0.7 E,41.643684,-70.608876,2025-09-02,0.0,0.0
MA-BA-109,N Falmouth 0.7 E,41.643684,-70.608876,2025-09-03,0.0,0.0
MA-BA-109,N Falmouth 0.7 E,41.643684,-70.608876,2025-09-04,0.0,0.0
MA-BA-109,N Falmouth 0.7 E,41.643684,-70.608876,2025-09-05,0.01,0.003937007932681738
MA-BA-109,N Falmouth 0.7 E,41.643684,-70.608876,2025-09-06,0.0,0.01574803173072695
MA-BA-109,N Falmouth 0.7 E,41.643684,-70.608876,2025-09-07,0.02,0.04330708725949911
MA-BA-109,N Falmouth 0.7 E,41.643684,-70.608876,2025-09-08,0.86,0.8110236341324378
MA-BA-109,N Falmouth 0.7 E,41.643684,-70.608876,2025-09-09,0.0,0.0
MA-BA-109,N Falmouth 0.7 E,41.643684,-70.608876,2025-09-10,0.0,0.0
MA-BA-109,N Falmouth 0.7 E,41.643684,-70.608876,2025-09-11,0.0,0.0
MA-BA-109,N Falmouth 0.7 E,41.643684,-70.608876,2025-09-12,0.0,0.0
MA-BA-109,N Falmouth 0.7 E,41.643684,-70.608876,2025-09-13,0.0,0.0
MA-BA-109,N Falmouth 0.7 E,41.643684,-70.608876,2025-09-14,0.0,0.0
MA-BA-109,N Falmouth 0.7 E,41.643684,-70.608876,2025-09-15,0.0,0.003937007932681738
MA-BA-109,N Falmouth 0.7 E,41.643684,-70.608876,2025-09-16,0.0,0.0
MA-BA-109,N Falmouth 0.7 E,41.643684,-70.608876,2025-09-17,0.0,0.0
MA-BA-109,N Falmouth 0.7 E,41.643684,-70.608876,2025-09-18,0.19,0.4527559122583998
MA-BA-109,N Falmouth 0.7 E,41.643684,-70.608876,2025-09-19,0.0,0.0
MA-BA-109,N Falmouth 0.7 E,41.643684,-70.608876,2025-09-20,0.0,0.0
MA-BA-109,N Falmouth 0.7 E,41.643684,-70.608876,2025-09-21,0.0,0.0
MA-BA-109,N Falmouth 0.7 E,41.643684,-70.608876,2025-09-22,0.0,0.0
MA-BA-109,N Falmouth 0.7 E,41.643684,-70.608876,2025-09-23,0.0,0.0
MA-BA-109,N Falmouth 0.7 E,41.643684,-70.608876,2025-09-24,0.0,0.0
MA-BA-109,N Falmouth 0.7 E,41.643684,-70.608876,2025-09-25,1.75,1.409448839900062
MA-BA-109,N Falmouth 0.7 E,41.643684,-70.608876,2025-09-26,0.61,2.267716569224681
MA-BA-109,N Falmouth 0.7 E,41.643684,-70.608876,2025-09-27,0.0,0.0
MA-BA-109,N Falmouth 0.7 E,41.643684,-70.608876,2025-09-28,0.1,0.08267716658631648
MA-BA-109,N Falmouth 0.7 E,41.643684,-70.608876,2025-09-29,0.0,0.0
MA-BA-109,N Falmouth 0.7 E,41.643684,-70.608876,2025-09-30,0.0,0.0
MA-BA-109,N Falmouth 0.7 E,41.643684,-70.608876,2025-10-01,0.0,0.0
MA-BA-109,N Falmouth 0.7 E,41.643684,-70.608876,2025-10-02,0.0,0.0
MA-BA-109,N Falmouth 0.7 E,41.643684,-70.608876,2025-10-03,0.0,0.0
MA-BA-109,N Falmouth 0.7 E,41.643684,-70.608876,2025-10-04,0.0,0.0
MA-BA-109,N Falmouth 0.7 E,41.643684,-70.608876,2025-10-05,0.0,0.0
MA-BA-109,N Falmouth 0.7 E,41.643684,-70.608876,2025-10-06,0.0,0.0
MA-BA-109,N Falmouth 0.7 E,41.643684,-70.608876,2025-10-07,0.0,0.0
MA-BA-109,N Falmouth 0.7 E,41.643684,-70.608876,2025-10-08,0.0,0.0
MA-BA-109,N Falmouth 0.7 E,41.643684,-70.608876,2025-10-09,0.84,0.7086614278827127
MA-BA-109,N Falmouth 0.7 E,41.643684,-70.608876,2025-10-10,0.0,0.0
MA-BA-109,N Falmouth 0.7 E,41.643684,-70.608876,2025-10-11,0.0,0.0
MA-BA-109,N Falmouth 0.7 E,41.643684,-70.608876,2025-10-12,0.0,0.0
MA-BA-109,N Falmouth 0.7 E,41.643684,-70.608876,2025-10-13,2.23,1.9881890060042773
MA-BA-109,N Falmouth 0.7 E,41.643684,-70.608876,2025-10-14,1.59,1.409448839900062
MA-BA-109,N Falmouth 0.7 E,41.643684,-70.608876,2025-10-15,0.48,0.32283465047990245
MA-BA-109,N Falmouth 0.7 E,41.643684,-70.608876,2025-10-16,0.0,0.0
MA-BA-109,N Falmouth 0.7 E,41.643684,-70.608876,2025-10-17,0.0,0.0
MA-BA-109,N Falmouth 0.7 E,41.643684,-70.608876,2025-10-18,0.0,0.0
MA-BA-109,N Falmouth 0.7 E,41.643684,-70.608876,2025-10-19,0.0,0.0
MA-BA-109,N Falmouth 0.7 E,41.643684,-70.608876,2025-10-20,0.0,0.0
MA-BA-109,N Falmouth 0.7 E,41.643684,-70.608876,2025-10-21,0.79,0.6417322930271231
MA-BA-109,N Falmouth 0.7 E,41.643684,-70.608876,2025-10-22,0.0,0.0
MA-BA-109,N Falmouth 0.7 E,41.643684,-70.608876,2025-10-23,0.02,0.027559055528772164
MA-BA-109,N Falmouth 0.7 E,41.643684,-70.608876,2025-10-24,0.0,0.0
MA-BA-109,N Falmouth 0.7 E,41.643684,-70.608876,2025-10-25,0.0,0.0
MA-BA-109,N Falmouth 0.7 E,41.643684,-70.608876,2025-10-26,0.0,0.0
MA-BA-109,N Falmouth 0.7 E,41.643684,-70.608876,2025-10-27,0.0,0.0
MA-BA-109,N Falmouth 0.7 E,41.643684,-70.608876,2025-10-28,0.03,0.051181103124862584
MA-BA-109,N Falmouth 0.7 E,41.643684,-70.608876,2025-10-29,0.02,0.003937007932681738
MA-BA-109,N Falmouth 0.7 E,41.643684,-70.608876,2025-10-30,0.06,0.0
MA-BA-109,N Falmouth 0.7 E,41.643684,-70.608876,2025-10-31,1.76,1.3543307288425175
MA-BA-109,N Falmouth 0.7 E,41.643684,-70.608876,2025-11-01,0.0,0.0
MA-BA-109,N Falmouth 0.7 E,41.643684,-70.608876,2025-11-02,0.0,0.0
MA-BA-109,N Falmouth 0.7 E,41.643684,-70.608876,2025-11-03,0.0,0.0
MA-BA-109,N Falmouth 0.7 E,41.643684,-70.608876,2025-11-04,0.38,0.3385826822106294
MA-BA-109,N Falmouth 0.7 E,41.643684,-70.608876,2025-11-05,0.0,0.0
MA-BA-109,N Falmouth 0.7 E,41.643684,-70.608876,2025-11-06,0.02,0.05905511899022606
MA-BA-109,N Falmouth 0.7 E,41.643684,-70.608876,2025-11-07,0.0,0.0
MA-BA-109,N Falmouth 0.7 E,41.643684,-70.608876,2025-11-08,0.04,0.039370079326817374
MA-BA-109,N Falmouth 0.7 E,41.643684,-70.608876,2025-11-09,0.03,0.04330708725949911
MA-BA-109,N Falmouth 0.7 E,41.643684,-70.608876,2025-11-10,2.32,1.7244094745146008
MA-BA-109,N Falmouth 0.7 E,41.643684,-70.608876,2025-11-11,0.5,0.2559055156243129
MA-BA-109,N Falmouth 0.7 E,41.643684,-70.608876,2025-11-12,0.0,0.0
MA-BA-109,N Falmouth 0.7 E,41.643684,-70.608876,2025-11-13,0.0,0.0
MA-BA-109,N Falmouth 0.7 E,41.643684,-70.608876,2025-11-14,0.01,0.019685039663408687
MA-BA-109,N Falmouth 0.7 E,41.643684,-70.608876,2025-11-15,0.0,0.0
MA-BA-109,N Falmouth 0.7 E,41.643684,-70.608876,2025-11-16,0.75,0.7677165468729388
MA-BA-109,N Falmouth 0.7 E,41.643684,-70.608876,2025-11-17,0.0,0.0
MA-BA-109,N Falmouth 0.7 E,41.643684,-70.608876,2025-11-18,0.0,0.0
MA-BA-109,N Falmouth 0.7 E,41.643684,-70.608876,2025-11-19,0.0,0.0
MA-BA-109,N Falmouth 0.7 E,41.643684,-70.608876,2025-11-20,0.0,0.0
MA-BA-109,N Falmouth 0.7 E,41.643684,-70.608876,2025-11-21,0.0,0.0
MA-BA-109,N Falmouth 0.7 E,41.643684,-70.608876,2025-11-22,0.02,0.0
MA-BA-109,N Falmouth 0.7 E,41.643684,-70.608876,2025-11-23,0.21,0.2322834680282225
MA-BA-109,N Falmouth 0.7 E,41.643684,-70.608876,2025-11-24,0.01,0.01574803173072695
MA-BA-109,N Falmouth 0.7 E,41.643684,-70.608876,2025-11-25,0.0,0.0
MA-BA-109,N Falmouth 0.7 E,41.643684,-70.608876,2025-11-26,0.23,0.2322834680282225
MA-BA-109,N Falmouth 0.7 E,41.643684,-70.608876,2025-11-27,0.05,0.019685039663408687
MA-BA-109,N Falmouth 0.7 E,41.643684,-70.608876,2025-11-28,0.0,0.0
MA-BA-109,N Falmouth 0.7 E,41.643684,-70.608876,2025-11-29,0.0,0.0
MA-BA-109,N Falmouth 0.7 E,41.643684,-70.608876,2025-11-30,0.0,0.0
MA-BA-109,N Falmouth 0.7 E,41.643684,-70.608876,2025-12-01,0.3,0.4960629995178989
MA-BA-109,N Falmouth 0.7 E,41.643684,-70.608876,2025-12-02,0.0,0.0
MA-BA-109,N Falmouth 0.7 E,41.643684,-70.608876,2025-12-03,0.97,0.8622047372573004
MA-BA-109,N Falmouth 0.7 E,41.643684,-70.608876,2025-12-04,0.0,0.0
MA-BA-109,N Falmouth 0.7 E,41.643684,-70.608876,2025-12-05,0.0,0.0
MA-BA-109,N Falmouth 0.7 E,41.643684,-70.608876,2025-12-06,0.0,0.0
MA-BA-109,N Falmouth 0.7 E,41.643684,-70.608876,2025-12-07,0.03,0.023622047596090424
MA-BA-109,N Falmouth 0.7 E,41.643684,-70.608876,2025-12-08,0.0,0.0
MA-BA-109,N Falmouth 0.7 E,41.643684,-70.608876,2025-12-09,0.0,0.0
MA-BA-109,N Falmouth 0.7 E,41.643684,-70.608876,2025-12-10,0.05,0.074803150720953
MA-BA-109,N Falmouth 0.7 E,41.643684,-70.608876,2025-12-11,0.01,0.023622047596090424
MA-BA-109,N Falmouth 0.7 E,41.643684,-70.608876,2025-12-12,0.0,0.0
MA-BA-109,N Falmouth 0.7 E,41.643684,-70.608876,2025-12-13,0.0,0.0
MA-BA-109,N Falmouth 0.7 E,41.643684,-70.608876,2025-12-14,0.2,0.1259842538458156
MA-BA-109,N Falmouth 0.7 E,41.643684,-70.608876,2025-12-15,0.19,0.25984252355699466
MA-BA-109,N Falmouth 0.7 E,41.643684,-70.608876,2025-12-16,0.0,0.0
MA-BA-109,N Falmouth 0.7 E,41.643684,-70.608876,2025-12-17,0.0,0.0
MA-BA-109,N Falmouth 0.7 E,41.643684,-70.608876,2025-12-18,0.0,0.0
MA-BA-109,N Falmouth 0.7 E,41.643684,-70.608876,2025-12-19,0.14,0.22834646009554074
MA-BA-109,N Falmouth 0.7 E,41.643684,-70.608876,2025-12-20,0.43,0.448818904325718
MA-BA-109,N Falmouth 0.7 E,41.643684,-70.608876,2025-12-21,0.0,0.0
MA-BA-109,N Falmouth 0.7 E,41.643684,-70.608876,2025-12-22,0.0,0.0
MA-BA-109,N Falmouth 0.7 E,41.643684,-70.608876,2025-12-23,0.0,0.0
MA-BA-109,N Falmouth 0.7 E,41.643684,-70.608876,2025-12-24,0.14,0.1259842538458156
MA-BA-109,N Falmouth 0.7 E,41.643684,-70.608876,2025-12-25,0.0,0.007874015865363475
MA-BA-109,N Falmouth 0.7 E,41.643684,-70.608876,2025-12-26,0.0,0.0
MA-BA-109,N Falmouth 0.7 E,41.643684,-70.608876,2025-12-27,0.25,0.18503937283604166
MA-BA-109,N Falmouth 0.7 E,41.643684,-70.608876,2025-12-28,0.01,0.01574803173072695
MA-BA-109,N Falmouth 0.7 E,41.643684,-70.608876,2025-12-29,0.29,0.24409449182626772
MA-BA-109,N Falmouth 0.7 E,41.643684,-70.608876,2025-12-30,0.26,0.22834646009554077
MA-BA-109,N Falmouth 0.7 E,41.643684,-70.608876,2025-12-31,0.0,0.0
MA-BA-113,Falmouth 3.2 WSW,41.53048,-70.66651,2025-07-02,0.06,0.074803150720953
MA-BA-113,Falmouth 3.2 WSW,41.53048,-70.66651,2025-07-03,0.01,0.04724409519218085
MA-BA-113,Falmouth 3.2 WSW,41.53048,-70.66651,2025-07-08,0.18,0.0629921269229078
MA-BA-113,Falmouth 3.2 WSW,41.53048,-70.66651,2025-07-09,1.1,1.1535433242757491
MA-BA-113,Falmouth 3.2 WSW,41.53048,-70.66651,2025-07-10,0.18,0.19291338870140512
MA-BA-113,Falmouth 3.2 WSW,41.53048,-70.66651,2025-07-11,0.18,0.299212602883812
MA-BA-113,Falmouth 3.2 WSW,41.53048,-70.66651,2025-07-17,0.01,0.0
MA-BA-113,Falmouth 3.2 WSW,41.53048,-70.66651,2025-07-26,0.18,0.17716535697067817
MA-BA-113,Falmouth 3.2 WSW,41.53048,-70.66651,2025-08-01,0.2,0.240157483893586
MA-BA-113,Falmouth 3.2 WSW,41.53048,-70.66651,2025-08-02,0.04,0.08267716658631649
MA-BA-113,Falmouth 3.2 WSW,41.53048,-70.66651,2025-08-10,0.0,0.0
MA-BA-113,Falmouth 3.2 WSW,41.53048,-70.66651,2025-08-11,0.0,0.0
MA-BA-113,Falmouth 3.2 WSW,41.53048,-70.66651,2025-08-12,0.0,0.0
MA-BA-113,Falmouth 3.2 WSW,41.53048,-70.66651,2025-08-13,0.0,0.0
MA-BA-113,Falmouth 3.2 WSW,41.53048,-70.66651,2025-08-16,0.0,0.0
MA-BA-113,Falmouth 3.2 WSW,41.53048,-70.66651,2025-08-17,0.0,0.0
MA-BA-113,Falmouth 3.2 WSW,41.53048,-70.66651,2025-08-18,0.05,0.02755905552877216
MA-BA-113,Falmouth 3.2 WSW,41.53048,-70.66651,2025-08-19,0.0,0.0
MA-BA-113,Falmouth 3.2 WSW,41.53048,-70.66651,2025-08-20,0.0,0.0
MA-BA-113,Falmouth 3.2 WSW,41.53048,-70.66651,2025-08-21,1.5,1.4881889985536967
MA-BA-113,Falmouth 3.2 WSW,41.53048,-70.66651,2025-08-22,0.01,0.0
MA-BA-113,Falmouth 3.2 WSW,41.53048,-70.66651,2025-08-24,0.0,0.0
MA-BA-113,Falmouth 3.2 WSW,41.53048,-70.66651,2025-08-25,0.0,0.0
MA-BA-113,Falmouth 3.2 WSW,41.53048,-70.66651,2025-08-26,0.03,0.0
MA-BA-113,Falmouth 3.2 WSW,41.53048,-70.66651,2025-08-27,0.0,0.0
MA-BA-113,Falmouth 3.2 WSW,41.53048,-70.66651,2025-08-29,0.0,0.0
MA-BA-113,Falmouth 3.2 WSW,41.53048,-70.66651,2025-08-30,0.35,0.3937007932681737
MA-BA-113,Falmouth 3.2 WSW,41.53048,-70.66651,2025-09-02,0.0,0.0
MA-BA-113,Falmouth 3.2 WSW,41.53048,-70.66651,2025-09-05,0.0,0.0
MA-BA-113,Falmouth 3.2 WSW,41.53048,-70.66651,2025-09-07,0.0,0.0314960634614539
MA-BA-113,Falmouth 3.2 WSW,41.53048,-70.66651,2025-09-08,0.56,0.5669291423061702
MA-BA-113,Falmouth 3.2 WSW,41.53048,-70.66651,2025-09-09,0.0,0.0
MA-BA-113,Falmouth 3.2 WSW,41.53048,-70.66651,2025-09-10,0.0,0.0
MA-BA-113,Falmouth 3.2 WSW,41.53048,-70.66651,2025-09-11,0.0,0.0
MA-BA-113,Falmouth 3.2 WSW,41.53048,-70.66651,2025-09-13,0.0,0.0
MA-BA-113,Falmouth 3.2 WSW,41.53048,-70.66651,2025-09-14,0.0,0.0
MA-BA-113,Falmouth 3.2 WSW,41.53048,-70.66651,2025-09-15,0.0,0.003937007932681738
MA-BA-113,Falmouth 3.2 WSW,41.53048,-70.66651,2025-09-16,0.0,0.0
MA-BA-113,Falmouth 3.2 WSW,41.53048,-70.66651,2025-09-17,0.0,0.0
MA-BA-113,Falmouth 3.2 WSW,41.53048,-70.66651,2025-09-18,0.29,0.3464566980759929
MA-BA-113,Falmouth 3.2 WSW,41.53048,-70.66651,2025-09-19,0.0,0.0
MA-BA-113,Falmouth 3.2 WSW,41.53048,-70.66651,2025-09-20,0.0,0.0
MA-BA-113,Falmouth 3.2 WSW,41.53048,-70.66651,2025-09-21,0.0,0.0
MA-BA-113,Falmouth 3.2 WSW,41.53048,-70.66651,2025-09-22,0.0,0.0
MA-BA-113,Falmouth 3.2 WSW,41.53048,-70.66651,2025-09-24,0.0,0.0
MA-BA-113,Falmouth 3.2 WSW,41.53048,-70.66651,2025-09-25,0.78,0.9724409593723891
MA-BA-113,Falmouth 3.2 WSW,41.53048,-70.66651,2025-09-26,0.38,1.4015748240346986
MA-BA-113,Falmouth 3.2 WSW,41.53048,-70.66651,2025-09-27,0.0,0.0
MA-BA-113,Falmouth 3.2 WSW,41.53048,-70.66651,2025-09-28,0.1,0.07874015865363475
MA-BA-113,Falmouth 3.2 WSW,41.53048,-70.66651,2025-09-29,0.0,0.0
MA-BA-113,Falmouth 3.2 WSW,41.53048,-70.66651,2025-09-30,0.0,0.0
MA-BA-113,Falmouth 3.2 WSW,41.53048,-70.66651,2025-10-04,0.0,0.0
MA-BA-113,Falmouth 3.2 WSW,41.53048,-70.66651,2025-10-13,1.75,1.8385827045623713
MA-BA-113,Falmouth 3.2 WSW,41.53048,-70.66651,2025-10-14,3.0,1.0078740307665248
MA-BA-113,Falmouth 3.2 WSW,41.53048,-70.66651,2025-10-23,0.03,0.023622047596090424
MA-BA-113,Falmouth 3.2 WSW,41.53048,-70.66651,2025-10-24,0.0,0.0
MA-BA-113,Falmouth 3.2 WSW,41.53048,-70.66651,2025-10-27,0.0,0.0
MA-BA-113,Falmouth 3.2 WSW,41.53048,-70.66651,2025-10-28,0.0,0.0
MA-BA-113,Falmouth 3.2 WSW,41.53048,-70.66651,2025-10-29,0.02,0.0
MA-BA-113,Falmouth 3.2 WSW,41.53048,-70.66651,2025-10-30,0.03,0.0
MA-BA-113,Falmouth 3.2 WSW,41.53048,-70.66651,2025-10-31,1.55,1.2480315146601106
MA-BA-113,Falmouth 3.2 WSW,41.53048,-70.66651,2025-11-01,0.01,0.0
MA-BA-113,Falmouth 3.2 WSW,41.53048,-70.66651,2025-11-02,0.0,0.0
MA-BA-113,Falmouth 3.2 WSW,41.53048,-70.66651,2025-11-04,0.27,0.3622047298067198
MA-BA-113,Falmouth 3.2 WSW,41.53048,-70.66651,2025-11-05,0.0,0.0
MA-BA-113,Falmouth 3.2 WSW,41.53048,-70.66651,2025-11-06,0.01,0.039370079326817374
MA-BA-113,Falmouth 3.2 WSW,41.53048,-70.66651,2025-11-07,0.0,0.0
MA-BA-113,Falmouth 3.2 WSW,41.53048,-70.66651,2025-11-08,0.17,0.14173228557654255
MA-BA-113,Falmouth 3.2 WSW,41.53048,-70.66651,2025-11-09,0.02,0.04724409519218085
MA-BA-113,Falmouth 3.2 WSW,41.53048,-70.66651,2025-11-10,2.11,1.9881890060042773
MA-BA-113,Falmouth 3.2 WSW,41.53048,-70.66651,2025-11-11,0.46,0.2952755949511303
MA-BR-14,Dartmouth 2.5 SSW,41.534589,-71.021972,2025-01-01,0.75,0.9488189117762986
MA-BR-14,Dartmouth 2.5 SSW,41.534589,-71.021972,2025-01-02,0.21,0.240157483893586
MA-BR-14,Dartmouth 2.5 SSW,41.534589,-71.021972,2025-01-03,0.0,0.0
MA-BR-14,Dartmouth 2.5 SSW,41.534589,-71.021972,2025-01-04,0.0,0.0
MA-BR-14,Dartmouth 2.5 SSW,41.534589,-71.021972,2025-01-05,0.0,0.0
MA-BR-14,Dartmouth 2.5 SSW,41.534589,-71.021972,2025-01-06,0.0,0.0
MA-BR-14,Dartmouth 2.5 SSW,41.534589,-71.021972,2025-01-07,0.0,0.0
MA-BR-14,Dartmouth 2.5 SSW,41.534589,-71.021972,2025-01-08,0.0,0.0
MA-BR-14,Dartmouth 2.5 SSW,41.534589,-71.021972,2025-01-09,0.0,0.0
MA-BR-14,Dartmouth 2.5 SSW,41.534589,-71.021972,2025-01-10,0.0,0.0
MA-BR-14,Dartmouth 2.5 SSW,41.534589,-71.021972,2025-01-11,0.0,0.019685039663408687
MA-BR-14,Dartmouth 2.5 SSW,41.534589,-71.021972,2025-01-12,0.03,0.1692913411053147
MA-BR-14,Dartmouth 2.5 SSW,41.534589,-71.021972,2025-01-13,0.0,0.0
MA-BR-14,Dartmouth 2.5 SSW,41.534589,-71.021972,2025-01-14,0.0,0.0
MA-BR-14,Dartmouth 2.5 SSW,41.534589,-71.021972,2025-01-15,0.0,0.0
MA-BR-14,Dartmouth 2.5 SSW,41.534589,-71.021972,2025-01-16,0.0,0.0
MA-BR-14,Dartmouth 2.5 SSW,41.534589,-71.021972,2025-01-17,0.0,0.0
MA-BR-14,Dartmouth 2.5 SSW,41.534589,-71.021972,2025-01-18,0.0,0.0
MA-BR-14,Dartmouth 2.5 SSW,41.534589,-71.021972,2025-01-19,0.52,0.5708661502388519
MA-BR-14,Dartmouth 2.5 SSW,41.534589,-71.021972,2025-01-20,0.43,0.3937007932681737
MA-BR-14,Dartmouth 2.5 SSW,41.534589,-71.021972,2025-01-21,0.0,0.0
MA-BR-14,Dartmouth 2.5 SSW,41.534589,-71.021972,2025-01-22,0.0,0.0
MA-BR-14,Dartmouth 2.5 SSW,41.534589,-71.021972,2025-01-23,0.0,0.0
MA-BR-14,Dartmouth 2.5 SSW,41.534589,-71.021972,2025-01-24,0.0,0.0
MA-BR-14,Dartmouth 2.5 SSW,41.534589,-71.021972,2025-01-25,0.0,0.0
MA-BR-14,Dartmouth 2.5 SSW,41.534589,-71.021972,2025-01-26,0.0,0.0
MA-BR-14,Dartmouth 2.5 SSW,41.534589,-71.021972,2025-01-27,0.0,0.0
MA-BR-14,Dartmouth 2.5 SSW,41.534589,-71.021972,2025-01-28,0.0,0.0
MA-BR-14,Dartmouth 2.5 SSW,41.534589,-71.021972,2025-01-29,0.0,0.0
MA-BR-14,Dartmouth 2.5 SSW,41.534589,-71.021972,2025-01-30,0.0,0.0
MA-BR-14,Dartmouth 2.5 SSW,41.534589,-71.021972,2025-01-31,0.0,0.0
MA-BR-14,Dartmouth 2.5 SSW,41.534589,-71.021972,2025-02-01,0.5,0.5000000074505806
MA-BR-14,Dartmouth 2.5 SSW,41.534589,-71.021972,2025-02-02,0.01,0.039370079326817374
MA-BR-14,Dartmouth 2.5 SSW,41.534589,-71.021972,2025-02-03,0.19,0.2519685076916312
MA-BR-14,Dartmouth 2.5 SSW,41.534589,-71.021972,2025-02-04,0.0,0.0
MA-BR-14,Dartmouth 2.5 SSW,41.534589,-71.021972,2025-02-05,0.0,0.0
MA-BR-14,Dartmouth 2.5 SSW,41.534589,-71.021972,2025-02-06,0.0,0.0
MA-BR-14,Dartmouth 2.5 SSW,41.534589,-71.021972,2025-02-07,0.3,0.314960634614539
MA-BR-14,Dartmouth 2.5 SSW,41.534589,-71.021972,2025-02-08,0.0,0.0
MA-BR-14,Dartmouth 2.5 SSW,41.534589,-71.021972,2025-02-09,0.38,0.38188976947012854
MA-BR-14,Dartmouth 2.5 SSW,41.534589,-71.021972,2025-02-10,0.03,0.0314960634614539
MA-BR-14,Dartmouth 2.5 SSW,41.534589,-71.021972,2025-02-11,0.0,0.0
MA-BR-14,Dartmouth 2.5 SSW,41.534589,-71.021972,2025-02-12,0.02,0.09055118245167995
MA-BR-14,Dartmouth 2.5 SSW,41.534589,-71.021972,2025-02-13,0.26,0.18503937283604166
MA-BR-14,Dartmouth 2.5 SSW,41.534589,-71.021972,2025-02-14,0.14,0.0629921269229078
MA-BR-14,Dartmouth 2.5 SSW,41.534589,-71.021972,2025-02-15,0.0,0.0
MA-BR-14,Dartmouth 2.5 SSW,41.534589,-71.021972,2025-02-16,0.57,0.47244095192180846
MA-BR-14,Dartmouth 2.5 SSW,41.534589,-71.021972,2025-02-17,1.34,1.2519685225927923
MA-BR-14,Dartmouth 2.5 SSW,41.534589,-71.021972,2025-02-18,0.0,0.0
MA-BR-14,Dartmouth 2.5 SSW,41.534589,-71.021972,2025-02-19,0.0,0.0
MA-BR-14,Dartmouth 2.5 SSW,41.534589,-71.021972,2025-02-20,0.0,0.0
MA-BR-14,Dartmouth 2.5 SSW,41.534589,-71.021972,2025-02-21,0.0,0.0
MA-BR-14,Dartmouth 2.5 SSW,41.534589,-71.021972,2025-02-22,0.0,0.0
MA-BR-14,Dartmouth 2.5 SSW,41.534589,-71.021972,2025-02-23,0.0,0.0
MA-BR-14,Dartmouth 2.5 SSW,41.534589,-71.021972,2025-02-24,0.0,0.0
MA-BR-14,Dartmouth 2.5 SSW,41.534589,-71.021972,2025-02-25,0.0,0.0
MA-BR-14,Dartmouth 2.5 SSW,41.534589,-71.021972,2025-02-26,0.0,0.0
MA-BR-14,Dartmouth 2.5 SSW,41.534589,-71.021972,2025-02-27,0.0,0.09055118245167995
MA-BR-14,Dartmouth 2.5 SSW,41.534589,-71.021972,2025-02-28,0.09,0.11023622211508864
MA-BR-14,Dartmouth 2.5 SSW,41.534589,-71.021972,2025-03-01,0.0,0.0
MA-BR-14,Dartmouth 2.5 SSW,41.534589,-71.021972,2025-03-02,0.0,0.0
MA-BR-14,Dartmouth 2.5 SSW,41.534589,-71.021972,2025-03-03,0.0,0.0
MA-BR-14,Dartmouth 2.5 SSW,41.534589,-71.021972,2025-03-04,0.0,0.0
MA-BR-14,Dartmouth 2.5 SSW,41.534589,-71.021972,2025-03-05,0.0,0.0
MA-BR-14,Dartmouth 2.5 SSW,41.534589,-71.021972,2025-03-06,0.33,0.4094488249989007
MA-BR-14,Dartmouth 2.5 SSW,41.534589,-71.021972,2025-03-07,0.07,0.12204724591313384
MA-BR-14,Dartmouth 2.5 SSW,41.534589,-71.021972,2025-03-08,0.0,0.0
MA-BR-14,Dartmouth 2.5 SSW,41.534589,-71.021972,2025-03-09,0.0,0.0
MA-BR-14,Dartmouth 2.5 SSW,41.534589,-71.021972,2025-03-10,0.0,0.0
MA-BR-14,Dartmouth 2.5 SSW,41.534589,-71.021972,2025-03-11,0.0,0.0
MA-BR-14,Dartmouth 2.5 SSW,41.534589,-71.021972,2025-03-12,0.0,0.0
MA-BR-14,Dartmouth 2.5 SSW,41.534589,-71.021972,2025-03-13,0.0,0.0
MA-BR-14,Dartmouth 2.5 SSW,41.534589,-71.021972,2025-03-14,0.0,0.0
MA-BR-14,Dartmouth 2.5 SSW,41.534589,-71.021972,2025-03-15,0.0,0.0
MA-BR-14,Dartmouth 2.5 SSW,41.534589,-71.021972,2025-03-16,0.0,0.0
MA-BR-14,Dartmouth 2.5 SSW,41.534589,-71.021972,2025-03-17,0.83,0.523622055046671
MA-BR-14,Dartmouth 2.5 SSW,41.534589,-71.021972,2025-03-18,1.14,1.3425197050444724
MA-BR-14,Dartmouth 2.5 SSW,41.534589,-71.021972,2025-03-19,0.0,0.0
MA-BR-14,Dartmouth 2.5 SSW,41.534589,-71.021972,2025-03-20,0.0,0.0
MA-BR-14,Dartmouth 2.5 SSW,41.534589,-71.021972,2025-03-21,0.23,0.2637795314896764
MA-BR-14,Dartmouth 2.5 SSW,41.534589,-71.021972,2025-03-22,0.03,0.04724409519218085
MA-BR-14,Dartmouth 2.5 SSW,41.534589,-71.021972,2025-03-23,0.0,0.0
MA-BR-14,Dartmouth 2.5 SSW,41.534589,-71.021972,2025-03-24,0.0,0.0
MA-BR-14,Dartmouth 2.5 SSW,41.534589,-71.021972,2025-03-25,0.66,0.7677165468729388
MA-BR-14,Dartmouth 2.5 SSW,41.534589,-71.021972,2025-03-26,0.0,0.0
MA-BR-14,Dartmouth 2.5 SSW,41.534589,-71.021972,2025-03-27,0.0,0.0
MA-BR-14,Dartmouth 2.5 SSW,41.534589,-71.021972,2025-03-28,0.0,0.0
MA-BR-14,Dartmouth 2.5 SSW,41.534589,-71.021972,2025-03-29,0.08,0.074803150720953
MA-BR-14,Dartmouth 2.5 SSW,41.534589,-71.021972,2025-03-30,0.15,0.18503937283604166
MA-BR-14,Dartmouth 2.5 SSW,41.534589,-71.021972,2025-03-31,0.01,0.0
MA-BR-14,Dartmouth 2.5 SSW,41.534589,-71.021972,2025-04-01,0.25,0.3031496108164938
MA-BR-14,Dartmouth 2.5 SSW,41.534589,-71.021972,2025-04-02,0.07,0.11417323004777039
MA-BR-14,Dartmouth 2.5 SSW,41.534589,-71.021972,2025-04-03,0.01,0.11023622211508864
MA-BR-14,Dartmouth 2.5 SSW,41.534589,-71.021972,2025-04-04,0.23,0.22834646009554077
MA-BR-14,Dartmouth 2.5 SSW,41.534589,-71.021972,2025-04-05,0.0,0.0
MA-BR-14,Dartmouth 2.5 SSW,41.534589,-71.021972,2025-04-06,0.71,0.8149606420651196
MA-BR-14,Dartmouth 2.5 SSW,41.534589,-71.021972,2025-04-07,0.0,0.07086614278827127
MA-BR-14,Dartmouth 2.5 SSW,41.534589,-71.021972,2025-04-08,0.32,0.35039370600867464
MA-BR-14,Dartmouth 2.5 SSW,41.534589,-71.021972,2025-04-09,0.03,0.03543307139413564
MA-BR-14,Dartmouth 2.5 SSW,41.534589,-71.021972,2025-04-10,0.0,0.0
MA-BR-14,Dartmouth 2.5 SSW,41.534589,-71.021972,2025-04-11,0.04,0.11023622211508866
MA-BR-14,Dartmouth 2.5 SSW,41.534589,-71.021972,2025-04-12,0.34,0.3582677218740381
MA-BR-14,Dartmouth 2.5 SSW,41.534589,-71.021972,2025-04-13,0.12,0.09055118245167997
MA-BR-14,Dartmouth 2.5 SSW,41.534589,-71.021972,2025-04-14,0.38,0.46850394398912676
MA-BR-14,Dartmouth 2.5 SSW,41.534589,-71.021972,2025-04-15,0.1,0.06299212692290779
MA-BR-14,Dartmouth 2.5 SSW,41.534589,-71.021972,2025-04-16,0.03,0.11417323004777039
MA-BR-14,Dartmouth 2.5 SSW,41.534589,-71.021972,2025-04-17,0.0,0.0
MA-BR-14,Dartmouth 2.5 SSW,41.534589,-71.021972,2025-04-18,0.0,0.0
MA-BR-14,Dartmouth 2.5 SSW,41.534589,-71.021972,2025-04-19,0.0,0.0
MA-BR-14,Dartmouth 2.5 SSW,41.534589,-71.021972,2025-04-20,0.0,0.0
MA-BR-14,Dartmouth 2.5 SSW,41.534589,-71.021972,2025-04-21,0.0,0.0
MA-BR-14,Dartmouth 2.5 SSW,41.534589,-71.021972,2025-04-22,0.09,0.074803150720953
MA-BR-14,Dartmouth 2.5 SSW,41.534589,-71.021972,2025-04-23,0.0,0.0
MA-BR-14,Dartmouth 2.5 SSW,41.534589,-71.021972,2025-04-24,0.0,0.0
MA-BR-14,Dartmouth 2.5 SSW,41.534589,-71.021972,2025-04-25,0.0,0.0
MA-BR-14,Dartmouth 2.5 SSW,41.534589,-71.021972,2025-04-26,0.0,0.0
MA-BR-14,Dartmouth 2.5 SSW,41.534589,-71.021972,2025-04-27,0.74,0.7440944992768483
MA-BR-14,Dartmouth 2.5 SSW,41.534589,-71.021972,2025-04-28,0.0,0.0
MA-BR-14,Dartmouth 2.5 SSW,41.534589,-71.021972,2025-04-29,0.0,0.0
MA-BR-14,Dartmouth 2.5 SSW,41.534589,-71.021972,2025-04-30,0.0,0.0
MA-BR-14,Dartmouth 2.5 SSW,41.534589,-71.021972,2025-05-01,0.0,0.0
MA-BR-14,Dartmouth 2.5 SSW,41.534589,-71.021972,2025-05-02,0.3,0.2677165394223582
MA-BR-14,Dartmouth 2.5 SSW,41.534589,-71.021972,2025-05-03,0.0,0.05905511899022606
MA-BR-14,Dartmouth 2.5 SSW,41.534589,-71.021972,2025-05-04,0.0,0.0
MA-BR-14,Dartmouth 2.5 SSW,41.534589,-71.021972,2025-05-05,0.02,0.09055118245167997
MA-BR-14,Dartmouth 2.5 SSW,41.534589,-71.021972,2025-05-06,0.11,0.23622047596090423
MA-BR-14,Dartmouth 2.5 SSW,41.534589,-71.021972,2025-05-07,0.13,0.15354330937458777
MA-BR-14,Dartmouth 2.5 SSW,41.534589,-71.021972,2025-05-08,0.0,0.0
MA-BR-14,Dartmouth 2.5 SSW,41.534589,-71.021972,2025-05-09,0.0,0.0
MA-BR-14,Dartmouth 2.5 SSW,41.534589,-71.021972,2025-05-10,2.07,1.9881890060042773
MA-BR-14,Dartmouth 2.5 SSW,41.534589,-71.021972,2025-05-11,0.0,0.0
MA-BR-14,Dartmouth 2.5 SSW,41.534589,-71.021972,2025-05-12,0.0,0.0
MA-BR-14,Dartmouth 2.5 SSW,41.534589,-71.021972,2025-05-13,0.0,0.0
MA-BR-14,Dartmouth 2.5 SSW,41.534589,-71.021972,2025-05-14,0.0,0.0
MA-BR-14,Dartmouth 2.5 SSW,41.534589,-71.021972,2025-05-15,0.52,0.5472441026427615
MA-BR-14,Dartmouth 2.5 SSW,41.534589,-71.021972,2025-05-16,0.0,0.08267716658631648
MA-BR-14,Dartmouth 2.5 SSW,41.534589,-71.021972,2025-05-17,0.0,0.0
MA-BR-14,Dartmouth 2.5 SSW,41.534589,-71.021972,2025-05-18,0.03,0.03543307139413564
MA-BR-14,Dartmouth 2.5 SSW,41.534589,-71.021972,2025-05-19,0.0,0.0
MA-BR-14,Dartmouth 2.5 SSW,41.534589,-71.021972,2025-05-20,0.0,0.0
MA-BR-14,Dartmouth 2.5 SSW,41.534589,-71.021972,2025-05-21,0.0,0.0
MA-BR-14,Dartmouth 2.5 SSW,41.534589,-71.021972,2025-05-22,0.03,0.0314960634614539
MA-BR-14,Dartmouth 2.5 SSW,41.534589,-71.021972,2025-05-23,2.2,2.7598425608098975
MA-BR-14,Dartmouth 2.5 SSW,41.534589,-71.021972,2025-05-24,0.0,0.0
MA-BR-14,Dartmouth 2.5 SSW,41.534589,-71.021972,2025-05-25,0.03,0.027559055528772164
MA-BR-14,Dartmouth 2.5 SSW,41.534589,-71.021972,2025-05-26,0.0,0.0
MA-BR-14,Dartmouth 2.5 SSW,41.534589,-71.021972,2025-05-27,0.0,0.0
MA-BR-14,Dartmouth 2.5 SSW,41.534589,-71.021972,2025-05-28,0.0,0.0
MA-BR-14,Dartmouth 2.5 SSW,41.534589,-71.021972,2025-05-29,0.16,0.21259842836481382
MA-BR-14,Dartmouth 2.5 SSW,41.534589,-71.021972,2025-05-30,0.06,0.039370079326817374
MA-BR-14,Dartmouth 2.5 SSW,41.534589,-71.021972,2025-05-31,0.36,0.25984252355699466
MA-BR-14,Dartmouth 2.5 SSW,41.534589,-71.021972,2025-06-01,0.01,0.0314960634614539
MA-BR-14,Dartmouth 2.5 SSW,41.534589,-71.021972,2025-06-02,0.0,0.0
MA-BR-14,Dartmouth 2.5 SSW,41.534589,-71.021972,2025-06-03,0.0,0.0
MA-BR-14,Dartmouth 2.5 SSW,41.534589,-71.021972,2025-06-04,0.0,0.0
MA-BR-14,Dartmouth 2.5 SSW,41.534589,-71.021972,2025-06-05,0.0,0.0
MA-BR-14,Dartmouth 2.5 SSW,41.534589,-71.021972,2025-06-06,0.0,0.0
MA-BR-14,Dartmouth 2.5 SSW,41.534589,-71.021972,2025-06-07,0.0,0.0
MA-BR-14,Dartmouth 2.5 SSW,41.534589,-71.021972,2025-06-08,0.06,0.22834646009554077
MA-BR-14,Dartmouth 2.5 SSW,41.534589,-71.021972,2025-06-09,0.0,0.007874015865363475
MA-BR-14,Dartmouth 2.5 SSW,41.534589,-71.021972,2025-06-10,0.08,0.011811023798045212
MA-BR-14,Dartmouth 2.5 SSW,41.534589,-71.021972,2025-06-11,0.57,0.7834645786036657
MA-BR-14,Dartmouth 2.5 SSW,41.534589,-71.021972,2025-06-12,0.0,0.0
MA-BR-14,Dartmouth 2.5 SSW,41.534589,-71.021972,2025-06-13,0.0,0.0
MA-BR-14,Dartmouth 2.5 SSW,41.534589,-71.021972,2025-06-14,0.0,0.0
MA-BR-14,Dartmouth 2.5 SSW,41.534589,-71.021972,2025-06-15,0.08,0.11417323004777039
MA-BR-14,Dartmouth 2.5 SSW,41.534589,-71.021972,2025-06-16,0.0,0.0
MA-BR-14,Dartmouth 2.5 SSW,41.534589,-71.021972,2025-06-17,0.01,0.023622047596090424
MA-BR-14,Dartmouth 2.5 SSW,41.534589,-71.021972,2025-06-18,0.0,0.007874015865363475
MA-BR-14,Dartmouth 2.5 SSW,41.534589,-71.021972,2025-06-19,0.01,0.003937007932681738
MA-BR-14,Dartmouth 2.5 SSW,41.534589,-71.021972,2025-06-20,0.0,0.0
MA-BR-14,Dartmouth 2.5 SSW,41.534589,-71.021972,2025-06-21,0.0,0.0
MA-BR-14,Dartmouth 2.5 SSW,41.534589,-71.021972,2025-06-22,0.0,0.0
MA-BR-14,Dartmouth 2.5 SSW,41.534589,-71.021972,2025-06-23,0.02,0.023622047596090424
MA-BR-14,Dartmouth 2.5 SSW,41.534589,-71.021972,2025-06-24,0.0,0.0
MA-BR-14,Dartmouth 2.5 SSW,41.534589,-71.021972,2025-06-25,0.0,0.0
MA-BR-14,Dartmouth 2.5 SSW,41.534589,-71.021972,2025-06-26,0.08,0.011811023798045212
MA-BR-14,Dartmouth 2.5 SSW,41.534589,-71.021972,2025-06-27,0.07,0.09842519831704344
MA-BR-14,Dartmouth 2.5 SSW,41.534589,-71.021972,2025-06-28,0.0,0.0
MA-BR-14,Dartmouth 2.5 SSW,41.534589,-71.021972,2025-06-29,0.0,0.011811023798045212
MA-BR-14,Dartmouth 2.5 SSW,41.534589,-71.021972,2025-06-30,0.0,0.0
MA-BR-14,Dartmouth 2.5 SSW,41.534589,-71.021972,2025-07-01,0.02,0.0
MA-BR-14,Dartmouth 2.5 SSW,41.534589,-71.021972,2025-07-02,0.1,0.1889763807687234
MA-BR-14,Dartmouth 2.5 SSW,41.534589,-71.021972,2025-07-03,0.01,0.03543307139413564
MA-BR-14,Dartmouth 2.5 SSW,41.534589,-71.021972,2025-07-04,0.09,0.2834645711530851
MA-BR-14,Dartmouth 2.5 SSW,41.534589,-71.021972,2025-07-05,0.0,0.0
MA-BR-14,Dartmouth 2.5 SSW,41.534589,-71.021972,2025-07-06,0.0,0.0
MA-BR-14,Dartmouth 2.5 SSW,41.534589,-71.021972,2025-07-07,0.0,0.0
MA-BR-14,Dartmouth 2.5 SSW,41.534589,-71.021972,2025-07-08,0.38,0.149606301441906
MA-BR-14,Dartmouth 2.5 SSW,41.534589,-71.021972,2025-07-09,0.28,0.7677165468729388
MA-BR-14,Dartmouth 2.5 SSW,41.534589,-71.021972,2025-07-10,0.22,0.2677165394223581
MA-BR-14,Dartmouth 2.5 SSW,41.534589,-71.021972,2025-07-11,0.14,0.20866142043213207
MA-BR-14,Dartmouth 2.5 SSW,41.534589,-71.021972,2025-07-12,0.0,0.0
MA-BR-14,Dartmouth 2.5 SSW,41.534589,-71.021972,2025-07-13,0.0,0.0
MA-BR-14,Dartmouth 2.5 SSW,41.534589,-71.021972,2025-07-14,0.0,0.0
MA-BR-14,Dartmouth 2.5 SSW,41.534589,-71.021972,2025-07-15,0.01,0.0314960634614539
MA-BR-14,Dartmouth 2.5 SSW,41.534589,-71.021972,2025-07-16,0.0,0.0
MA-BR-14,Dartmouth 2.5 SSW,41.534589,-71.021972,2025-07-17,0.0,0.0
MA-BR-14,Dartmouth 2.5 SSW,41.534589,-71.021972,2025-07-18,0.01,0.007874015865363475
MA-BR-14,Dartmouth 2.5 SSW,41.534589,-71.021972,2025-07-19,0.0,0.0
MA-BR-14,Dartmouth 2.5 SSW,41.534589,-71.021972,2025-07-20,0.0,0.0
MA-BR-14,Dartmouth 2.5 SSW,41.534589,-71.021972,2025-07-21,0.04,0.09842519831704344
MA-BR-14,Dartmouth 2.5 SSW,41.534589,-71.021972,2025-07-22,0.01,0.0
MA-BR-14,Dartmouth 2.5 SSW,41.534589,-71.021972,2025-07-23,0.0,0.0
MA-BR-14,Dartmouth 2.5 SSW,41.534589,-71.021972,2025-07-24,0.0,0.0
MA-BR-14,Dartmouth 2.5 SSW,41.534589,-71.021972,2025-07-25,0.0,0.0
MA-BR-14,Dartmouth 2.5 SSW,41.534589,-71.021972,2025-07-26,0.09,0.31102362668185723
MA-BR-14,Dartmouth 2.5 SSW,41.534589,-71.021972,2025-07-27,0.0,0.0
MA-BR-14,Dartmouth 2.5 SSW,41.534589,-71.021972,2025-07-28,0.01,0.01574803173072695
MA-BR-14,Dartmouth 2.5 SSW,41.534589,-71.021972,2025-07-29,0.0,0.0
MA-BR-14,Dartmouth 2.5 SSW,41.534589,-71.021972,2025-07-30,0.0,0.0
MA-BR-14,Dartmouth 2.5 SSW,41.534589,-71.021972,2025-07-31,0.0,0.0
MA-BR-14,Dartmouth 2.5 SSW,41.534589,-71.021972,2025-08-01,0.36,0.38582677740281024
MA-BR-14,Dartmouth 2.5 SSW,41.534589,-71.021972,2025-08-02,0.04,0.07086614278827127
MA-BR-14,Dartmouth 2.5 SSW,41.534589,-71.021972,2025-08-03,0.0,0.0
MA-BR-14,Dartmouth 2.5 SSW,41.534589,-71.021972,2025-08-04,0.0,0.0
MA-BR-14,Dartmouth 2.5 SSW,41.534589,-71.021972,2025-08-05,0.0,0.0
MA-BR-14,Dartmouth 2.5 SSW,41.534589,-71.021972,2025-08-06,0.0,0.0
MA-BR-14,Dartmouth 2.5 SSW,41.534589,-71.021972,2025-08-07,0.0,0.0
MA-BR-14,Dartmouth 2.5 SSW,41.534589,-71.021972,2025-08-08,0.0,0.0
MA-BR-14,Dartmouth 2.5 SSW,41.534589,-71.021972,2025-08-09,0.0,0.0
MA-BR-14,Dartmouth 2.5 SSW,41.534589,-71.021972,2025-08-10,0.0,0.0
MA-BR-14,Dartmouth 2.5 SSW,41.534589,-71.021972,2025-08-11,0.0,0.0
MA-BR-14,Dartmouth 2.5 SSW,41.534589,-71.021972,2025-08-12,0.0,0.0
MA-BR-14,Dartmouth 2.5 SSW,41.534589,-71.021972,2025-08-13,0.0,0.0
MA-BR-14,Dartmouth 2.5 SSW,41.534589,-71.021972,2025-08-14,0.0,0.0
MA-BR-14,Dartmouth 2.5 SSW,41.534589,-71.021972,2025-08-15,0.03,0.023622047596090424
MA-BR-14,Dartmouth 2.5 SSW,41.534589,-71.021972,2025-08-16,0.0,0.0
MA-BR-14,Dartmouth 2.5 SSW,41.534589,-71.021972,2025-08-17,0.0,0.0
MA-BR-14,Dartmouth 2.5 SSW,41.534589,-71.021972,2025-08-18,0.01,0.04330708725949911
MA-BR-14,Dartmouth 2.5 SSW,41.534589,-71.021972,2025-08-19,0.0,0.0
MA-BR-14,Dartmouth 2.5 SSW,41.534589,-71.021972,2025-08-20,0.0,0.0
MA-BR-14,Dartmouth 2.5 SSW,41.534589,-71.021972,2025-08-21,1.64,1.720472466581919
MA-BR-14,Dartmouth 2.5 SSW,41.534589,-71.021972,2025-08-22,0.0,0.0
MA-BR-14,Dartmouth 2.5 SSW,41.534589,-71.021972,2025-08-23,0.0,0.0
MA-BR-14,Dartmouth 2.5 SSW,41.534589,-71.021972,2025-08-24,0.0,0.0
MA-BR-14,Dartmouth 2.5 SSW,41.534589,-71.021972,2025-08-25,0.0,0.0
MA-BR-14,Dartmouth 2.5 SSW,41.534589,-71.021972,2025-08-26,0.01,0.0
MA-BR-14,Dartmouth 2.5 SSW,41.534589,-71.021972,2025-08-27,0.0,0.0
MA-BR-14,Dartmouth 2.5 SSW,41.534589,-71.021972,2025-08-28,0.0,0.0
MA-BR-14,Dartmouth 2.5 SSW,41.534589,-71.021972,2025-08-29,0.0,0.0
MA-BR-14,Dartmouth 2.5 SSW,41.534589,-71.021972,2025-08-30,0.22,0.3307086663452659
MA-BR-14,Dartmouth 2.5 SSW,41.534589,-71.021972,2025-08-31,0.0,0.0
MA-BR-14,Dartmouth 2.5 SSW,41.534589,-71.021972,2025-09-01,0.0,0.0
MA-BR-14,Dartmouth 2.5 SSW,41.534589,-71.021972,2025-09-02,0.0,0.0
MA-BR-14,Dartmouth 2.5 SSW,41.534589,-71.021972,2025-09-03,0.0,0.0
MA-BR-14,Dartmouth 2.5 SSW,41.534589,-71.021972,2025-09-04,0.0,0.0
MA-BR-14,Dartmouth 2.5 SSW,41.534589,-71.021972,2025-09-05,0.07,0.07874015865363475
MA-BR-14,Dartmouth 2.5 SSW,41.534589,-71.021972,2025-09-06,0.0,0.0
MA-BR-14,Dartmouth 2.5 SSW,41.534589,-71.021972,2025-09-07,0.14,0.1062992141824069
MA-BR-14,Dartmouth 2.5 SSW,41.534589,-71.021972,2025-09-08,0.9,0.9960630069684795
MA-BR-14,Dartmouth 2.5 SSW,41.534589,-71.021972,2025-09-09,0.0,0.0
MA-BR-14,Dartmouth 2.5 SSW,41.534589,-71.021972,2025-09-10,0.01,0.0
MA-BR-14,Dartmouth 2.5 SSW,41.534589,-71.021972,2025-09-11,0.0,0.0
MA-BR-14,Dartmouth 2.5 SSW,41.534589,-71.021972,2025-09-12,0.0,0.0
MA-BR-14,Dartmouth 2.5 SSW,41.534589,-71.021972,2025-09-13,0.0,0.0
MA-BR-14,Dartmouth 2.5 SSW,41.534589,-71.021972,2025-09-14,0.0,0.0
MA-BR-14,Dartmouth 2.5 SSW,41.534589,-71.021972,2025-09-15,0.01,0.007874015865363475
MA-BR-14,Dartmouth 2.5 SSW,41.534589,-71.021972,2025-09-16,0.0,0.0
MA-BR-14,Dartmouth 2.5 SSW,41.534589,-71.021972,2025-09-17,0.0,0.0
MA-BR-14,Dartmouth 2.5 SSW,41.534589,-71.021972,2025-09-18,0.18,0.21653543629749555
MA-BR-14,Dartmouth 2.5 SSW,41.534589,-71.021972,2025-09-19,0.01,0.0
MA-BR-14,Dartmouth 2.5 SSW,41.534589,-71.021972,2025-09-20,0.0,0.0
MA-BR-14,Dartmouth 2.5 SSW,41.534589,-71.021972,2025-09-21,0.0,0.0
MA-BR-14,Dartmouth 2.5 SSW,41.534589,-71.021972,2025-09-22,0.0,0.0
MA-BR-14,Dartmouth 2.5 SSW,41.534589,-71.021972,2025-09-23,0.0,0.0
MA-BR-14,Dartmouth 2.5 SSW,41.534589,-71.021972,2025-09-24,0.0,0.003937007932681738
MA-BR-14,Dartmouth 2.5 SSW,41.534589,-71.021972,2025-09-25,0.95,0.629921269229078
MA-BR-14,Dartmouth 2.5 SSW,41.534589,-71.021972,2025-09-26,0.51,1.527559077880514
MA-BR-14,Dartmouth 2.5 SSW,41.534589,-71.021972,2025-09-27,0.0,0.0
MA-BR-14,Dartmouth 2.5 SSW,41.534589,-71.021972,2025-09-28,0.05,0.039370079326817374
MA-BR-14,Dartmouth 2.5 SSW,41.534589,-71.021972,2025-09-29,0.0,0.0
MA-BR-14,Dartmouth 2.5 SSW,41.534589,-71.021972,2025-09-30,0.0,0.0
MA-BR-14,Dartmouth 2.5 SSW,41.534589,-71.021972,2025-10-01,0.0,0.0
MA-BR-14,Dartmouth 2.5 SSW,41.534589,-71.021972,2025-10-02,0.0,0.0
MA-BR-14,Dartmouth 2.5 SSW,41.534589,-71.021972,2025-10-03,0.0,0.0
MA-BR-14,Dartmouth 2.5 SSW,41.534589,-71.021972,2025-10-04,0.0,0.0
MA-BR-14,Dartmouth 2.5 SSW,41.534589,-71.021972,2025-10-05,0.0,0.0
MA-BR-14,Dartmouth 2.5 SSW,41.534589,-71.021972,2025-10-06,0.02,0.0
MA-BR-14,Dartmouth 2.5 SSW,41.534589,-71.021972,2025-10-07,0.0,0.0
MA-BR-14,Dartmouth 2.5 SSW,41.534589,-71.021972,2025-10-08,0.02,0.0
MA-BR-14,Dartmouth 2.5 SSW,41.534589,-71.021972,2025-10-09,0.65,0.704724419950031
MA-BR-14,Dartmouth 2.5 SSW,41.534589,-71.021972,2025-10-10,0.0,0.0
MA-BR-14,Dartmouth 2.5 SSW,41.534589,-71.021972,2025-10-11,0.0,0.0
MA-BR-14,Dartmouth 2.5 SSW,41.534589,-71.021972,2025-10-12,0.0,0.0
MA-BR-14,Dartmouth 2.5 SSW,41.534589,-71.021972,2025-10-13,1.53,1.7874016014375087
MA-BR-14,Dartmouth 2.5 SSW,41.534589,-71.021972,2025-10-14,1.32,1.0118110386992065
MA-BR-14,Dartmouth 2.5 SSW,41.534589,-71.021972,2025-10-15,0.02,0.039370079326817374
MA-BR-14,Dartmouth 2.5 SSW,41.534589,-71.021972,2025-10-16,0.0,0.0
MA-BR-14,Dartmouth 2.5 SSW,41.534589,-71.021972,2025-10-17,0.0,0.0
MA-BR-14,Dartmouth 2.5 SSW,41.534589,-71.021972,2025-10-18,0.0,0.0
MA-BR-14,Dartmouth 2.5 SSW,41.534589,-71.021972,2025-10-19,0.0,0.0
MA-BR-14,Dartmouth 2.5 SSW,41.534589,-71.021972,2025-10-20,0.0,0.0
MA-BR-14,Dartmouth 2.5 SSW,41.534589,-71.021972,2025-10-21,0.68,0.7716535548056205
MA-BR-14,Dartmouth 2.5 SSW,41.534589,-71.021972,2025-10-22,0.0,0.0
MA-BR-14,Dartmouth 2.5 SSW,41.534589,-71.021972,2025-10-23,0.0,0.03543307139413564
MA-BR-14,Dartmouth 2.5 SSW,41.534589,-71.021972,2025-10-24,0.0,0.0
MA-BR-14,Dartmouth 2.5 SSW,41.534589,-71.021972,2025-10-25,0.0,0.003937007932681738
MA-BR-14,Dartmouth 2.5 SSW,41.534589,-71.021972,2025-10-26,0.0,0.0
MA-BR-14,Dartmouth 2.5 SSW,41.534589,-71.021972,2025-10-27,0.0,0.0
MA-BR-14,Dartmouth 2.5 SSW,41.534589,-71.021972,2025-10-28,0.0,0.0
MA-BR-14,Dartmouth 2.5 SSW,41.534589,-71.021972,2025-10-29,0.0,0.0
MA-BR-14,Dartmouth 2.5 SSW,41.534589,-71.021972,2025-10-30,0.01,0.0
MA-BR-14,Dartmouth 2.5 SSW,41.534589,-71.021972,2025-10-31,1.21,0.9842519831704343
MA-BR-14,Dartmouth 2.5 SSW,41.534589,-71.021972,2025-11-01,0.0,0.0
MA-BR-14,Dartmouth 2.5 SSW,41.534589,-71.021972,2025-11-02,0.0,0.0
MA-BR-14,Dartmouth 2.5 SSW,41.534589,-71.021972,2025-11-03,0.0,0.0
MA-BR-14,Dartmouth 2.5 SSW,41.534589,-71.021972,2025-11-04,0.15,0.22047244423017728
MA-BR-14,Dartmouth 2.5 SSW,41.534589,-71.021972,2025-11-05,0.0,0.0
MA-BR-14,Dartmouth 2.5 SSW,41.534589,-71.021972,2025-11-06,0.0,0.027559055528772164
MA-BR-14,Dartmouth 2.5 SSW,41.534589,-71.021972,2025-11-07,0.0,0.0
MA-BR-14,Dartmouth 2.5 SSW,41.534589,-71.021972,2025-11-08,0.01,0.011811023798045214
MA-BR-14,Dartmouth 2.5 SSW,41.534589,-71.021972,2025-11-09,0.02,0.05511811105754432
MA-BR-14,Dartmouth 2.5 SSW,41.534589,-71.021972,2025-11-10,2.13,1.4566929350922428
MA-BR-14,Dartmouth 2.5 SSW,41.534589,-71.021972,2025-11-11,0.04,0.08267716658631648
MA-BR-14,Dartmouth 2.5 SSW,41.534589,-71.021972,2025-11-12,0.0,0.0
MA-BR-14,Dartmouth 2.5 SSW,41.534589,-71.021972,2025-11-13,0.0,0.0
MA-BR-14,Dartmouth 2.5 SSW,41.534589,-71.021972,2025-11-14,0.0,0.011811023798045212
MA-BR-14,Dartmouth 2.5 SSW,41.534589,-71.021972,2025-11-15,0.0,0.0
MA-BR-14,Dartmouth 2.5 SSW,41.534589,-71.021972,2025-11-16,0.72,0.6968504040846675
MA-BR-14,Dartmouth 2.5 SSW,41.534589,-71.021972,2025-11-17,0.0,0.0
MA-BR-14,Dartmouth 2.5 SSW,41.534589,-71.021972,2025-11-18,0.0,0.0
MA-BR-14,Dartmouth 2.5 SSW,41.534589,-71.021972,2025-11-19,0.0,0.0
MA-BR-14,Dartmouth 2.5 SSW,41.534589,-71.021972,2025-11-20,0.0,0.0
MA-BR-14,Dartmouth 2.5 SSW,41.534589,-71.021972,2025-11-21,0.0,0.0
MA-BR-14,Dartmouth 2.5 SSW,41.534589,-71.021972,2025-11-22,0.01,0.0
MA-BR-14,Dartmouth 2.5 SSW,41.534589,-71.021972,2025-11-23,0.16,0.22834646009554077
MA-BR-14,Dartmouth 2.5 SSW,41.534589,-71.021972,2025-11-24,0.0,0.007874015865363475
MA-BR-14,Dartmouth 2.5 SSW,41.534589,-71.021972,2025-11-25,0.0,0.0
MA-BR-14,Dartmouth 2.5 SSW,41.534589,-71.021972,2025-11-26,0.29,0.29527559495113026
MA-BR-14,Dartmouth 2.5 SSW,41.534589,-71.021972,2025-11-27,0.03,0.015748031730726947
MA-BR-14,Dartmouth 2.5 SSW,41.534589,-71.021972,2025-11-28,0.0,0.0
MA-BR-14,Dartmouth 2.5 SSW,41.534589,-71.021972,2025-11-29,0.0,0.0
MA-BR-14,Dartmouth 2.5 SSW,41.534589,-71.021972,2025-11-30,0.0,0.0
MA-BR-14,Dartmouth 2.5 SSW,41.534589,-71.021972,2025-12-01,1.05,1.062992141824069
MA-BR-14,Dartmouth 2.5 SSW,41.534589,-71.021972,2025-12-02,0.0,0.0
MA-BR-14,Dartmouth 2.5 SSW,41.534589,-71.021972,2025-12-03,0.84,0.763779538940257
MA-BR-14,Dartmouth 2.5 SSW,41.534589,-71.021972,2025-12-04,0.0,0.0
MA-BR-14,Dartmouth 2.5 SSW,41.534589,-71.021972,2025-12-05,0.0,0.0
MA-BR-14,Dartmouth 2.5 SSW,41.534589,-71.021972,2025-12-06,0.0,0.0
MA-BR-14,Dartmouth 2.5 SSW,41.534589,-71.021972,2025-12-07,0.05,0.08267716658631648
MA-BR-14,Dartmouth 2.5 SSW,41.534589,-71.021972,2025-12-08,0.0,0.0
MA-BR-14,Dartmouth 2.5 SSW,41.534589,-71.021972,2025-12-09,0.0,0.0
MA-BR-14,Dartmouth 2.5 SSW,41.534589,-71.021972,2025-12-10,0.01,0.04724409519218085
MA-BR-14,Dartmouth 2.5 SSW,41.534589,-71.021972,2025-12-11,0.02,0.07086614278827127
MA-BR-14,Dartmouth 2.5 SSW,41.534589,-71.021972,2025-12-12,0.0,0.0
MA-BR-14,Dartmouth 2.5 SSW,41.534589,-71.021972,2025-12-13,0.0,0.0
MA-BR-14,Dartmouth 2.5 SSW,41.534589,-71.021972,2025-12-14,0.12,0.14173228557654255
MA-BR-14,Dartmouth 2.5 SSW,41.534589,-71.021972,2025-12-15,0.13,0.240157483893586
MA-BR-14,Dartmouth 2.5 SSW,41.534589,-71.021972,2025-12-16,0.0,0.0
MA-BR-14,Dartmouth 2.5 SSW,41.534589,-71.021972,2025-12-17,0.0,0.0
MA-BR-14,Dartmouth 2.5 SSW,41.534589,-71.021972,2025-12-18,0.0,0.0
MA-BR-14,Dartmouth 2.5 SSW,41.534589,-71.021972,2025-12-19,0.01,0.03543307139413564
MA-BR-14,Dartmouth 2.5 SSW,41.534589,-71.021972,2025-12-20,0.43,0.4448818963930363
MA-BR-14,Dartmouth 2.5 SSW,41.534589,-71.021972,2025-12-21,0.0,0.0
MA-BR-14,Dartmouth 2.5 SSW,41.534589,-71.021972,2025-12-22,0.0,0.0
MA-BR-14,Dartmouth 2.5 SSW,41.534589,-71.021972,2025-12-23,0.0,0.0
MA-BR-14,Dartmouth 2.5 SSW,41.534589,-71.021972,2025-12-24,0.11,0.13385826971117906
MA-BR-14,Dartmouth 2.5 SSW,41.534589,-71.021972,2025-12-25,0.0,0.0
MA-BR-14,Dartmouth 2.5 SSW,41.534589,-71.021972,2025-12-26,0.0,0.0
MA-BR-14,Dartmouth 2.5 SSW,41.534589,-71.021972,2025-12-27,0.27,0.24409449182626772
MA-BR-14,Dartmouth 2.5 SSW,41.534589,-71.021972,2025-12-28,0.0,0.0
MA-BR-14,Dartmouth 2.5 SSW,41.534589,-71.021972,2025-12-29,0.34,0.2007874045667686
MA-BR-14,Dartmouth 2.5 SSW,41.534589,-71.021972,2025-12-30,0.26,0.22834646009554074
MA-BR-14,Dartmouth 2.5 SSW,41.534589,-71.021972,2025-12-31,0.0,0.0
MA-BR-18,Fairhaven 2.2 ESE,41.6219,-70.8667,2025-01-02,0.15,0.29133858701844856
MA-BR-18,Fairhaven 2.2 ESE,41.6219,-70.8667,2025-01-03,0.0,0.0
MA-BR-18,Fairhaven 2.2 ESE,41.6219,-70.8667,2025-01-08,0.0,0.0
MA-BR-18,Fairhaven 2.2 ESE,41.6219,-70.8667,2025-01-09,0.0,0.0
MA-BR-18,Fairhaven 2.2 ESE,41.6219,-70.8667,2025-01-10,0.0,0.0
MA-BR-18,Fairhaven 2.2 ESE,41.6219,-70.8667,2025-01-11,0.02,0.0
MA-BR-18,Fairhaven 2.2 ESE,41.6219,-70.8667,2025-01-12,0.03,0.15354330937458777
MA-BR-18,Fairhaven 2.2 ESE,41.6219,-70.8667,2025-01-13,0.0,0.0
MA-BR-18,Fairhaven 2.2 ESE,41.6219,-70.8667,2025-01-14,0.0,0.0
MA-BR-18,Fairhaven 2.2 ESE,41.6219,-70.8667,2025-01-15,0.0,0.0
MA-BR-18,Fairhaven 2.2 ESE,41.6219,-70.8667,2025-01-16,0.0,0.0
MA-BR-18,Fairhaven 2.2 ESE,41.6219,-70.8667,2025-01-20,0.45,0.40551181706621897
MA-BR-18,Fairhaven 2.2 ESE,41.6219,-70.8667,2025-01-21,0.0,0.0
MA-BR-18,Fairhaven 2.2 ESE,41.6219,-70.8667,2025-01-26,0.0,0.0
MA-BR-18,Fairhaven 2.2 ESE,41.6219,-70.8667,2025-01-27,0.0,0.0
MA-BR-18,Fairhaven 2.2 ESE,41.6219,-70.8667,2025-01-28,0.0,0.0
MA-BR-18,Fairhaven 2.2 ESE,41.6219,-70.8667,2025-01-29,0.0,0.011811023798045212
MA-BR-18,Fairhaven 2.2 ESE,41.6219,-70.8667,2025-01-30,0.0,0.007874015865363475
MA-BR-18,Fairhaven 2.2 ESE,41.6219,-70.8667,2025-01-31,0.0,0.0
MA-BR-18,Fairhaven 2.2 ESE,41.6219,-70.8667,2025-02-01,0.68,0.6102362295656693
MA-BR-18,Fairhaven 2.2 ESE,41.6219,-70.8667,2025-02-02,0.03,0.05511811105754433
MA-BR-18,Fairhaven 2.2 ESE,41.6219,-70.8667,2025-02-03,0.23,0.22834646009554077
MA-BR-18,Fairhaven 2.2 ESE,41.6219,-70.8667,2025-02-04,0.0,0.0
MA-BR-18,Fairhaven 2.2 ESE,41.6219,-70.8667,2025-02-05,0.0,0.0
MA-BR-18,Fairhaven 2.2 ESE,41.6219,-70.8667,2025-02-06,0.0,0.0
MA-BR-18,Fairhaven 2.2 ESE,41.6219,-70.8667,2025-02-07,0.25,0.3031496108164938
MA-BR-18,Fairhaven 2.2 ESE,41.6219,-70.8667,2025-02-08,0.0,0.0
MA-BR-18,Fairhaven 2.2 ESE,41.6219,-70.8667,2025-02-09,0.45,0.3740157536047651
MA-BR-18,Fairhaven 2.2 ESE,41.6219,-70.8667,2025-02-10,0.0,0.023622047596090424
MA-BR-18,Fairhaven 2.2 ESE,41.6219,-70.8667,2025-02-12,0.02,0.015748031730726947
MA-BR-18,Fairhaven 2.2 ESE,41.6219,-70.8667,2025-02-13,0.14,0.20472441249945034
MA-BR-18,Fairhaven 2.2 ESE,41.6219,-70.8667,2025-02-14,0.1,0.05511811105754432
MA-BR-18,Fairhaven 2.2 ESE,41.6219,-70.8667,2025-02-15,0.0,0.0
MA-BR-18,Fairhaven 2.2 ESE,41.6219,-70.8667,2025-02-19,0.0,0.0
MA-BR-18,Fairhaven 2.2 ESE,41.6219,-70.8667,2025-02-20,0.0,0.0
MA-BR-18,Fairhaven 2.2 ESE,41.6219,-70.8667,2025-02-21,0.0,0.0
MA-BR-18,Fairhaven 2.2 ESE,41.6219,-70.8667,2025-02-22,0.0,0.0
MA-BR-18,Fairhaven 2.2 ESE,41.6219,-70.8667,2025-02-23,0.0,0.0
MA-BR-18,Fairhaven 2.2 ESE,41.6219,-70.8667,2025-02-24,0.0,0.0
MA-BR-18,Fairhaven 2.2 ESE,41.6219,-70.8667,2025-02-25,0.0,0.0
MA-BR-18,Fairhaven 2.2 ESE,41.6219,-70.8667,2025-02-26,0.0,0.0
MA-BR-18,Fairhaven 2.2 ESE,41.6219,-70.8667,2025-02-27,0.02,0.09055118245167995
MA-BR-18,Fairhaven 2.2 ESE,41.6219,-70.8667,2025-02-28,0.05,0.10629921418240691
MA-BR-18,Fairhaven 2.2 ESE,41.6219,-70.8667,2025-03-05,0.0,0.0
MA-BR-18,Fairhaven 2.2 ESE,41.6219,-70.8667,2025-03-06,0.33,0.4094488249989007
MA-BR-18,Fairhaven 2.2 ESE,41.6219,-70.8667,2025-03-07,0.07,0.12992126177849733
MA-BR-18,Fairhaven 2.2 ESE,41.6219,-70.8667,2025-03-10,0.0,0.0
MA-BR-18,Fairhaven 2.2 ESE,41.6219,-70.8667,2025-03-11,0.0,0.0
MA-BR-18,Fairhaven 2.2 ESE,41.6219,-70.8667,2025-03-12,0.0,0.0
MA-BR-18,Fairhaven 2.2 ESE,41.6219,-70.8667,2025-03-13,0.0,0.0
MA-BR-18,Fairhaven 2.2 ESE,41.6219,-70.8667,2025-03-14,0.0,0.0
MA-BR-18,Fairhaven 2.2 ESE,41.6219,-70.8667,2025-03-15,0.01,0.0
MA-BR-18,Fairhaven 2.2 ESE,41.6219,-70.8667,2025-03-16,0.0,0.0
MA-BR-18,Fairhaven 2.2 ESE,41.6219,-70.8667,2025-03-17,0.86,0.5354330788447162
MA-BR-18,Fairhaven 2.2 ESE,41.6219,-70.8667,2025-03-18,1.36,1.3503937209098358
MA-BR-18,Fairhaven 2.2 ESE,41.6219,-70.8667,2025-03-19,0.0,0.0
MA-BR-18,Fairhaven 2.2 ESE,41.6219,-70.8667,2025-03-20,0.01,0.0
MA-BR-18,Fairhaven 2.2 ESE,41.6219,-70.8667,2025-03-21,0.35,0.24409449182626772
MA-BR-18,Fairhaven 2.2 ESE,41.6219,-70.8667,2025-03-22,0.02,0.08267716658631649
MA-BR-18,Fairhaven 2.2 ESE,41.6219,-70.8667,2025-03-30,0.08,0.10236220624972518
MA-BR-18,Fairhaven 2.2 ESE,41.6219,-70.8667,2025-03-31,0.0,0.0
MA-BR-18,Fairhaven 2.2 ESE,41.6219,-70.8667,2025-04-01,0.35,0.24409449182626772
MA-BR-18,Fairhaven 2.2 ESE,41.6219,-70.8667,2025-04-02,0.0,0.0944881903843617
MA-BR-18,Fairhaven 2.2 ESE,41.6219,-70.8667,2025-04-03,0.22,0.25984252355699466
MA-BR-18,Fairhaven 2.2 ESE,41.6219,-70.8667,2025-04-04,0.24,0.19291338870140512
MA-BR-18,Fairhaven 2.2 ESE,41.6219,-70.8667,2025-04-05,0.0,0.0
MA-BR-18,Fairhaven 2.2 ESE,41.6219,-70.8667,2025-04-06,0.71,0.6574803247578501
MA-BR-18,Fairhaven 2.2 ESE,41.6219,-70.8667,2025-04-07,0.02,0.074803150720953
MA-BR-18,Fairhaven 2.2 ESE,41.6219,-70.8667,2025-04-10,0.0,0.0
MA-BR-18,Fairhaven 2.2 ESE,41.6219,-70.8667,2025-04-11,0.04,0.08661417451899822
MA-BR-18,Fairhaven 2.2 ESE,41.6219,-70.8667,2025-04-12,0.39,0.4212598487969459
MA-BR-18,Fairhaven 2.2 ESE,41.6219,-70.8667,2025-04-13,0.14,0.07086614278827127
MA-BR-18,Fairhaven 2.2 ESE,41.6219,-70.8667,2025-04-14,0.49,0.5314960709120345
MA-BR-18,Fairhaven 2.2 ESE,41.6219,-70.8667,2025-04-15,0.16,0.07874015865363475
MA-BR-18,Fairhaven 2.2 ESE,41.6219,-70.8667,2025-04-16,0.04,0.15354330937458774
MA-BR-18,Fairhaven 2.2 ESE,41.6219,-70.8667,2025-04-17,0.0,0.0
MA-BR-18,Fairhaven 2.2 ESE,41.6219,-70.8667,2025-04-18,0.0,0.0
MA-BR-18,Fairhaven 2.2 ESE,41.6219,-70.8667,2025-04-19,0.0,0.0
MA-BR-18,Fairhaven 2.2 ESE,41.6219,-70.8667,2025-04-20,0.0,0.0
MA-BR-18,Fairhaven 2.2 ESE,41.6219,-70.8667,2025-04-21,0.0,0.0
MA-BR-18,Fairhaven 2.2 ESE,41.6219,-70.8667,2025-04-22,0.12,0.09055118245167995
MA-BR-18,Fairhaven 2.2 ESE,41.6219,-70.8667,2025-04-23,0.0,0.0
MA-BR-18,Fairhaven 2.2 ESE,41.6219,-70.8667,2025-04-24,0.0,0.0
MA-BR-18,Fairhaven 2.2 ESE,41.6219,-70.8667,2025-04-25,0.0,0.0
MA-BR-18,Fairhaven 2.2 ESE,41.6219,-70.8667,2025-04-26,0.0,0.0
MA-BR-18,Fairhaven 2.2 ESE,41.6219,-70.8667,2025-04-27,0.95,0.7401574913441666
MA-BR-18,Fairhaven 2.2 ESE,41.6219,-70.8667,2025-04-28,0.0,0.0
MA-BR-18,Fairhaven 2.2 ESE,41.6219,-70.8667,2025-04-29,0.0,0.0
MA-BR-18,Fairhaven 2.2 ESE,41.6219,-70.8667,2025-04-30,0.0,0.0
MA-BR-18,Fairhaven 2.2 ESE,41.6219,-70.8667,2025-05-01,0.0,0.0
MA-BR-18,Fairhaven 2.2 ESE,41.6219,-70.8667,2025-05-02,0.49,0.2874015790857668
MA-BR-18,Fairhaven 2.2 ESE,41.6219,-70.8667,2025-05-03,0.0,0.10236220624972517
MA-BR-18,Fairhaven 2.2 ESE,41.6219,-70.8667,2025-05-04,0.0,0.0
MA-BR-18,Fairhaven 2.2 ESE,41.6219,-70.8667,2025-05-05,0.09,0.08661417451899822
MA-BR-18,Fairhaven 2.2 ESE,41.6219,-70.8667,2025-05-06,0.0,0.11023622211508866
MA-BR-18,Fairhaven 2.2 ESE,41.6219,-70.8667,2025-05-07,0.55,0.30708661874917553
MA-BR-18,Fairhaven 2.2 ESE,41.6219,-70.8667,2025-05-08,0.0,0.0
MA-BR-18,Fairhaven 2.2 ESE,41.6219,-70.8667,2025-05-09,0.0,0.0
MA-BR-18,Fairhaven 2.2 ESE,41.6219,-70.8667,2025-05-10,1.78,1.8070866411009174
MA-BR-18,Fairhaven 2.2 ESE,41.6219,-70.8667,2025-05-11,0.0,0.0
MA-BR-18,Fairhaven 2.2 ESE,41.6219,-70.8667,2025-05-12,0.0,0.0
MA-BR-18,Fairhaven 2.2 ESE,41.6219,-70.8667,2025-05-13,0.0,0.0
MA-BR-18,Fairhaven 2.2 ESE,41.6219,-70.8667,2025-05-14,0.0,0.0
MA-BR-18,Fairhaven 2.2 ESE,41.6219,-70.8667,2025-05-15,0.31,0.224409452162859
MA-BR-18,Fairhaven 2.2 ESE,41.6219,-70.8667,2025-05-16,0.03,0.0314960634614539
MA-BR-18,Fairhaven 2.2 ESE,41.6219,-70.8667,2025-05-17,0.0,0.0
MA-BR-18,Fairhaven 2.2 ESE,41.6219,-70.8667,2025-05-18,0.0,0.02755905552877216
MA-BR-18,Fairhaven 2.2 ESE,41.6219,-70.8667,2025-05-19,0.0,0.0
MA-BR-18,Fairhaven 2.2 ESE,41.6219,-70.8667,2025-05-24,0.0,0.0
MA-BR-18,Fairhaven 2.2 ESE,41.6219,-70.8667,2025-05-25,0.03,0.023622047596090424
MA-BR-18,Fairhaven 2.2 ESE,41.6219,-70.8667,2025-05-26,0.0,0.0
MA-BR-18,Fairhaven 2.2 ESE,41.6219,-70.8667,2025-05-27,0.0,0.0
MA-BR-18,Fairhaven 2.2 ESE,41.6219,-70.8667,2025-05-28,0.0,0.0
MA-BR-18,Fairhaven 2.2 ESE,41.6219,-70.8667,2025-05-29,0.17,0.14960630144190604
MA-BR-18,Fairhaven 2.2 ESE,41.6219,-70.8667,2025-05-30,0.05,0.03543307139413564
MA-BR-18,Fairhaven 2.2 ESE,41.6219,-70.8667,2025-05-31,0.28,0.22047244423017728
MA-BR-18,Fairhaven 2.2 ESE,41.6219,-70.8667,2025-06-01,0.0,0.03543307139413564
MA-BR-18,Fairhaven 2.2 ESE,41.6219,-70.8667,2025-06-02,0.0,0.0
MA-BR-18,Fairhaven 2.2 ESE,41.6219,-70.8667,2025-06-03,0.0,0.0
MA-BR-18,Fairhaven 2.2 ESE,41.6219,-70.8667,2025-06-04,0.0,0.0
MA-BR-18,Fairhaven 2.2 ESE,41.6219,-70.8667,2025-06-05,0.0,0.0
MA-BR-18,Fairhaven 2.2 ESE,41.6219,-70.8667,2025-06-06,0.01,0.0
MA-BR-18,Fairhaven 2.2 ESE,41.6219,-70.8667,2025-06-07,0.0,0.0
MA-BR-18,Fairhaven 2.2 ESE,41.6219,-70.8667,2025-06-08,0.31,0.4409448884603546
MA-BR-18,Fairhaven 2.2 ESE,41.6219,-70.8667,2025-06-09,0.0,0.0
MA-BR-18,Fairhaven 2.2 ESE,41.6219,-70.8667,2025-06-10,0.05,0.0
MA-BR-18,Fairhaven 2.2 ESE,41.6219,-70.8667,2025-06-11,0.52,0.7598425310075753
MA-BR-18,Fairhaven 2.2 ESE,41.6219,-70.8667,2025-06-12,0.0,0.0
MA-BR-18,Fairhaven 2.2 ESE,41.6219,-70.8667,2025-06-13,0.0,0.0
MA-BR-18,Fairhaven 2.2 ESE,41.6219,-70.8667,2025-06-14,0.0,0.0
MA-BR-18,Fairhaven 2.2 ESE,41.6219,-70.8667,2025-06-15,0.08,0.08661417451899822
MA-BR-18,Fairhaven 2.2 ESE,41.6219,-70.8667,2025-06-16,0.0,0.0
MA-BR-18,Fairhaven 2.2 ESE,41.6219,-70.8667,2025-06-17,0.0,0.0
MA-BR-18,Fairhaven 2.2 ESE,41.6219,-70.8667,2025-06-27,0.0,0.04330708725949911
MA-BR-18,Fairhaven 2.2 ESE,41.6219,-70.8667,2025-06-28,0.0,0.0
MA-BR-18,Fairhaven 2.2 ESE,41.6219,-70.8667,2025-06-29,0.02,0.003937007932681738
MA-BR-18,Fairhaven 2.2 ESE,41.6219,-70.8667,2025-06-30,0.0,0.0
MA-BR-18,Fairhaven 2.2 ESE,41.6219,-70.8667,2025-07-01,0.01,0.0
MA-BR-18,Fairhaven 2.2 ESE,41.6219,-70.8667,2025-07-02,0.04,0.07480315072095302
MA-BR-18,Fairhaven 2.2 ESE,41.6219,-70.8667,2025-07-03,0.0,0.02755905552877216
MA-BR-18,Fairhaven 2.2 ESE,41.6219,-70.8667,2025-07-04,0.31,0.4685039439891267
MA-BR-18,Fairhaven 2.2 ESE,41.6219,-70.8667,2025-07-05,0.0,0.0
MA-BR-18,Fairhaven 2.2 ESE,41.6219,-70.8667,2025-07-06,0.0,0.0
MA-BR-18,Fairhaven 2.2 ESE,41.6219,-70.8667,2025-07-07,0.0,0.0
MA-BR-18,Fairhaven 2.2 ESE,41.6219,-70.8667,2025-07-08,0.43,0.11417323004777039
MA-BR-18,Fairhaven 2.2 ESE,41.6219,-70.8667,2025-07-09,0.71,0.9566929276416621
MA-BR-18,Fairhaven 2.2 ESE,41.6219,-70.8667,2025-07-10,0.21,0.17322834903799644
MA-BR-18,Fairhaven 2.2 ESE,41.6219,-70.8667,2025-07-11,0.19,0.3700787456720833
MA-BR-18,Fairhaven 2.2 ESE,41.6219,-70.8667,2025-07-12,0.0,0.0
MA-BR-18,Fairhaven 2.2 ESE,41.6219,-70.8667,2025-07-13,0.0,0.0
MA-BR-18,Fairhaven 2.2 ESE,41.6219,-70.8667,2025-07-14,0.0,0.0
MA-BR-18,Fairhaven 2.2 ESE,41.6219,-70.8667,2025-07-25,0.0,0.0
MA-BR-18,Fairhaven 2.2 ESE,41.6219,-70.8667,2025-07-28,0.0,0.011811023798045212
MA-BR-18,Fairhaven 2.2 ESE,41.6219,-70.8667,2025-07-30,0.0,0.0
MA-BR-18,Fairhaven 2.2 ESE,41.6219,-70.8667,2025-07-31,0.0,0.0
MA-BR-18,Fairhaven 2.2 ESE,41.6219,-70.8667,2025-08-01,0.36,0.3740157536047651
MA-BR-18,Fairhaven 2.2 ESE,41.6219,-70.8667,2025-08-02,0.0,0.06692913485558954
MA-BR-18,Fairhaven 2.2 ESE,41.6219,-70.8667,2025-08-03,0.0,0.0
MA-BR-18,Fairhaven 2.2 ESE,41.6219,-70.8667,2025-08-04,0.0,0.0
MA-BR-18,Fairhaven 2.2 ESE,41.6219,-70.8667,2025-08-05,0.0,0.0
MA-BR-18,Fairhaven 2.2 ESE,41.6219,-70.8667,2025-08-06,0.0,0.0
MA-BR-18,Fairhaven 2.2 ESE,41.6219,-70.8667,2025-08-07,0.0,0.0
MA-BR-18,Fairhaven 2.2 ESE,41.6219,-70.8667,2025-08-08,0.0,0.0
MA-BR-18,Fairhaven 2.2 ESE,41.6219,-70.8667,2025-08-09,0.0,0.0
MA-BR-18,Fairhaven 2.2 ESE,41.6219,-70.8667,2025-08-14,0.0,0.0
MA-BR-18,Fairhaven 2.2 ESE,41.6219,-70.8667,2025-08-15,0.0,0.04330708725949911
MA-BR-18,Fairhaven 2.2 ESE,41.6219,-70.8667,2025-08-16,0.0,0.0
MA-BR-18,Fairhaven 2.2 ESE,41.6219,-70.8667,2025-08-17,0.0,0.0
MA-BR-18,Fairhaven 2.2 ESE,41.6219,-70.8667,2025-08-18,0.0,0.0
MA-BR-18,Fairhaven 2.2 ESE,41.6219,-70.8667,2025-08-19,0.0,0.0
MA-BR-18,Fairhaven 2.2 ESE,41.6219,-70.8667,2025-08-20,0.0,0.0
MA-BR-18,Fairhaven 2.2 ESE,41.6219,-70.8667,2025-08-21,1.09,1.3582677367751994
MA-BR-18,Fairhaven 2.2 ESE,41.6219,-70.8667,2025-08-22,0.0,0.003937007932681738
MA-BR-18,Fairhaven 2.2 ESE,41.6219,-70.8667,2025-08-23,0.0,0.0
MA-BR-18,Fairhaven 2.2 ESE,41.6219,-70.8667,2025-08-24,0.0,0.0
MA-BR-18,Fairhaven 2.2 ESE,41.6219,-70.8667,2025-08-25,0.01,0.0
MA-BR-18,Fairhaven 2.2 ESE,41.6219,-70.8667,2025-08-28,0.0,0.0
MA-BR-18,Fairhaven 2.2 ESE,41.6219,-70.8667,2025-08-29,0.0,0.0
MA-BR-18,Fairhaven 2.2 ESE,41.6219,-70.8667,2025-08-30,0.72,0.7913385944690291
MA-BR-18,Fairhaven 2.2 ESE,41.6219,-70.8667,2025-08-31,0.0,0.0
MA-BR-18,Fairhaven 2.2 ESE,41.6219,-70.8667,2025-09-01,0.0,0.0
MA-BR-18,Fairhaven 2.2 ESE,41.6219,-70.8667,2025-09-02,0.0,0.0
MA-BR-18,Fairhaven 2.2 ESE,41.6219,-70.8667,2025-09-03,0.0,0.0
MA-BR-18,Fairhaven 2.2 ESE,41.6219,-70.8667,2025-09-04,0.0,0.0
MA-BR-18,Fairhaven 2.2 ESE,41.6219,-70.8667,2025-09-09,0.0,0.0
MA-BR-18,Fairhaven 2.2 ESE,41.6219,-70.8667,2025-09-15,0.31,0.1692913411053147
MA-BR-18,Fairhaven 2.2 ESE,41.6219,-70.8667,2025-09-16,0.0,0.0
MA-BR-18,Fairhaven 2.2 ESE,41.6219,-70.8667,2025-09-17,0.0,0.0
MA-BR-18,Fairhaven 2.2 ESE,41.6219,-70.8667,2025-09-18,0.28,0.32283465047990245
MA-BR-18,Fairhaven 2.2 ESE,41.6219,-70.8667,2025-09-19,0.01,0.0
MA-BR-18,Fairhaven 2.2 ESE,41.6219,-70.8667,2025-09-20,0.0,0.0
MA-BR-18,Fairhaven 2.2 ESE,41.6219,-70.8667,2025-09-21,0.0,0.0
MA-BR-18,Fairhaven 2.2 ESE,41.6219,-70.8667,2025-09-22,0.0,0.0
MA-BR-18,Fairhaven 2.2 ESE,41.6219,-70.8667,2025-09-23,0.0,0.0
MA-BR-18,Fairhaven 2.2 ESE,41.6219,-70.8667,2025-09-24,0.0,0.0
MA-BR-18,Fairhaven 2.2 ESE,41.6219,-70.8667,2025-09-25,0.85,1.0748031656221142
MA-BR-18,Fairhaven 2.2 ESE,41.6219,-70.8667,2025-09-26,1.82,2.4763779896568128
MA-BR-18,Fairhaven 2.2 ESE,41.6219,-70.8667,2025-09-27,0.0,0.0
MA-BR-18,Fairhaven 2.2 ESE,41.6219,-70.8667,2025-09-28,0.05,0.039370079326817374
MA-BR-18,Fairhaven 2.2 ESE,41.6219,-70.8667,2025-09-29,0.0,0.0
MA-BR-18,Fairhaven 2.2 ESE,41.6219,-70.8667,2025-09-30,0.0,0.0
MA-BR-18,Fairhaven 2.2 ESE,41.6219,-70.8667,2025-10-01,0.0,0.0
MA-BR-18,Fairhaven 2.2 ESE,41.6219,-70.8667,2025-10-02,0.0,0.0
MA-BR-18,Fairhaven 2.2 ESE,41.6219,-70.8667,2025-10-03,0.0,0.0
MA-BR-18,Fairhaven 2.2 ESE,41.6219,-70.8667,2025-10-04,0.0,0.0
MA-BR-18,Fairhaven 2.2 ESE,41.6219,-70.8667,2025-10-05,0.0,0.0
MA-BR-18,Fairhaven 2.2 ESE,41.6219,-70.8667,2025-10-06,0.0,0.0
MA-BR-18,Fairhaven 2.2 ESE,41.6219,-70.8667,2025-10-07,0.0,0.0
MA-BR-18,Fairhaven 2.2 ESE,41.6219,-70.8667,2025-10-08,0.0,0.0
MA-BR-18,Fairhaven 2.2 ESE,41.6219,-70.8667,2025-10-09,0.88,0.74803150720953
MA-BR-18,Fairhaven 2.2 ESE,41.6219,-70.8667,2025-10-10,0.0,0.0
MA-BR-18,Fairhaven 2.2 ESE,41.6219,-70.8667,2025-10-14,0.96,1.035433086295297
MA-BR-18,Fairhaven 2.2 ESE,41.6219,-70.8667,2025-10-15,0.06,0.11023622211508864
MA-BR-18,Fairhaven 2.2 ESE,41.6219,-70.8667,2025-10-16,0.0,0.0
MA-BR-18,Fairhaven 2.2 ESE,41.6219,-70.8667,2025-10-21,0.8,0.6771653644212587
MA-BR-18,Fairhaven 2.2 ESE,41.6219,-70.8667,2025-10-22,0.0,0.0
MA-BR-18,Fairhaven 2.2 ESE,41.6219,-70.8667,2025-10-23,0.04,0.051181103124862584
MA-BR-18,Fairhaven 2.2 ESE,41.6219,-70.8667,2025-10-24,0.0,0.0
MA-BR-18,Fairhaven 2.2 ESE,41.6219,-70.8667,2025-10-25,0.0,0.0
MA-BR-18,Fairhaven 2.2 ESE,41.6219,-70.8667,2025-10-26,0.0,0.0
MA-BR-18,Fairhaven 2.2 ESE,41.6219,-70.8667,2025-10-27,0.0,0.0
MA-BR-18,Fairhaven 2.2 ESE,41.6219,-70.8667,2025-10-28,0.0,0.003937007932681738
MA-BR-18,Fairhaven 2.2 ESE,41.6219,-70.8667,2025-10-29,0.0,0.0
MA-BR-18,Fairhaven 2.2 ESE,41.6219,-70.8667,2025-10-30,0.04,0.0
MA-BR-18,Fairhaven 2.2 ESE,41.6219,-70.8667,2025-10-31,1.6,1.2086614353332934
MA-BR-18,Fairhaven 2.2 ESE,41.6219,-70.8667,2025-11-01,0.0,0.0
MA-BR-18,Fairhaven 2.2 ESE,41.6219,-70.8667,2025-11-02,0.0,0.0
MA-BR-18,Fairhaven 2.2 ESE,41.6219,-70.8667,2025-11-03,0.0,0.0
MA-BR-18,Fairhaven 2.2 ESE,41.6219,-70.8667,2025-11-04,0.19,0.2874015790857668
MA-BR-18,Fairhaven 2.2 ESE,41.6219,-70.8667,2025-11-05,0.0,0.0
MA-BR-18,Fairhaven 2.2 ESE,41.6219,-70.8667,2025-11-06,0.0,0.01574803173072695
MA-BR-18,Fairhaven 2.2 ESE,41.6219,-70.8667,2025-11-07,0.0,0.0
MA-BR-18,Fairhaven 2.2 ESE,41.6219,-70.8667,2025-11-08,0.02,0.003937007932681738
MA-BR-18,Fairhaven 2.2 ESE,41.6219,-70.8667,2025-11-09,0.03,0.04330708725949911
MA-BR-18,Fairhaven 2.2 ESE,41.6219,-70.8667,2025-11-10,2.11,1.4409449033615158
MA-BR-18,Fairhaven 2.2 ESE,41.6219,-70.8667,2025-11-11,0.09,0.04724409519218085
MA-BR-18,Fairhaven 2.2 ESE,41.6219,-70.8667,2025-11-12,0.0,0.0
MA-BR-18,Fairhaven 2.2 ESE,41.6219,-70.8667,2025-11-13,0.0,0.0
MA-BR-18,Fairhaven 2.2 ESE,41.6219,-70.8667,2025-11-14,0.0,0.01574803173072695
MA-BR-18,Fairhaven 2.2 ESE,41.6219,-70.8667,2025-11-15,0.0,0.0
MA-BR-18,Fairhaven 2.2 ESE,41.6219,-70.8667,2025-11-16,0.93,0.7598425310075754
MA-BR-18,Fairhaven 2.2 ESE,41.6219,-70.8667,2025-11-17,0.0,0.0
MA-BR-18,Fairhaven 2.2 ESE,41.6219,-70.8667,2025-11-18,0.0,0.0
MA-BR-18,Fairhaven 2.2 ESE,41.6219,-70.8667,2025-11-19,0.0,0.0
MA-BR-18,Fairhaven 2.2 ESE,41.6219,-70.8667,2025-11-20,0.0,0.0
MA-BR-18,Fairhaven 2.2 ESE,41.6219,-70.8667,2025-11-21,0.0,0.0
MA-BR-18,Fairhaven 2.2 ESE,41.6219,-70.8667,2025-11-22,0.03,0.0
MA-BR-18,Fairhaven 2.2 ESE,41.6219,-70.8667,2025-11-23,0.29,0.31102362668185723
MA-BR-18,Fairhaven 2.2 ESE,41.6219,-70.8667,2025-11-24,0.0,0.003937007932681738
MA-BR-18,Fairhaven 2.2 ESE,41.6219,-70.8667,2025-11-25,0.0,0.0
MA-BR-18,Fairhaven 2.2 ESE,41.6219,-70.8667,2025-11-26,0.26,0.2755905552877216
MA-BR-18,Fairhaven 2.2 ESE,41.6219,-70.8667,2025-11-29,0.0,0.0
MA-BR-18,Fairhaven 2.2 ESE,41.6219,-70.8667,2025-11-30,0.0,0.0
MA-BR-18,Fairhaven 2.2 ESE,41.6219,-70.8667,2025-12-01,1.44,1.047244110093342
MA-BR-18,Fairhaven 2.2 ESE,41.6219,-70.8667,2025-12-02,0.0,0.0
MA-BR-18,Fairhaven 2.2 ESE,41.6219,-70.8667,2025-12-03,0.97,0.779527570670984
MA-BR-18,Fairhaven 2.2 ESE,41.6219,-70.8667,2025-12-04,0.0,0.0
MA-BR-18,Fairhaven 2.2 ESE,41.6219,-70.8667,2025-12-05,0.0,0.0
MA-BR-18,Fairhaven 2.2 ESE,41.6219,-70.8667,2025-12-06,0.0,0.0
MA-BR-18,Fairhaven 2.2 ESE,41.6219,-70.8667,2025-12-07,0.04,0.07086614278827127
MA-BR-18,Fairhaven 2.2 ESE,41.6219,-70.8667,2025-12-08,0.0,0.0
MA-BR-18,Fairhaven 2.2 ESE,41.6219,-70.8667,2025-12-09,0.0,0.0
MA-BR-18,Fairhaven 2.2 ESE,41.6219,-70.8667,2025-12-10,0.0,0.04724409519218085
MA-BR-18,Fairhaven 2.2 ESE,41.6219,-70.8667,2025-12-11,0.0,0.0314960634614539
MA-BR-18,Fairhaven 2.2 ESE,41.6219,-70.8667,2025-12-12,0.0,0.0
MA-BR-18,Fairhaven 2.2 ESE,41.6219,-70.8667,2025-12-13,0.0,0.0
MA-BR-18,Fairhaven 2.2 ESE,41.6219,-70.8667,2025-12-14,0.11,0.11811023798045212
MA-BR-18,Fairhaven 2.2 ESE,41.6219,-70.8667,2025-12-15,0.14,0.240157483893586
MA-BR-18,Fairhaven 2.2 ESE,41.6219,-70.8667,2025-12-16,0.0,0.0
MA-BR-18,Fairhaven 2.2 ESE,41.6219,-70.8667,2025-12-17,0.0,0.0
MA-BR-18,Fairhaven 2.2 ESE,41.6219,-70.8667,2025-12-18,0.0,0.0
MA-BR-18,Fairhaven 2.2 ESE,41.6219,-70.8667,2025-12-22,0.0,0.0
MA-BR-18,Fairhaven 2.2 ESE,41.6219,-70.8667,2025-12-23,0.0,0.0
MA-BR-18,Fairhaven 2.2 ESE,41.6219,-70.8667,2025-12-24,0.1,0.11417323004777039
MA-BR-18,Fairhaven 2.2 ESE,41.6219,-70.8667,2025-12-25,0.0,0.0
MA-BR-18,Fairhaven 2.2 ESE,41.6219,-70.8667,2025-12-26,0.0,0.0
MA-BR-18,Fairhaven 2.2 ESE,41.6219,-70.8667,2025-12-27,0.29,0.2204724442301773
MA-BR-18,Fairhaven 2.2 ESE,41.6219,-70.8667,2025-12-28,0.0,0.0
MA-BR-52,New Bedford 4.3 N,41.72305,-70.944,2025-01-01,0.75,0.8622047372573005
MA-BR-52,New Bedford 4.3 N,41.72305,-70.944,2025-01-02,0.13,0.21653543629749555
MA-BR-52,New Bedford 4.3 N,41.72305,-70.944,2025-01-03,0.0,0.0
MA-BR-52,New Bedford 4.3 N,41.72305,-70.944,2025-01-04,0.0,0.0
MA-BR-52,New Bedford 4.3 N,41.72305,-70.944,2025-01-05,0.0,0.0
MA-BR-52,New Bedford 4.3 N,41.72305,-70.944,2025-01-06,0.0,0.0
MA-BR-52,New Bedford 4.3 N,41.72305,-70.944,2025-01-07,0.0,0.0
MA-BR-52,New Bedford 4.3 N,41.72305,-70.944,2025-01-08,0.0,0.0
MA-BR-52,New Bedford 4.3 N,41.72305,-70.944,2025-01-09,0.0,0.0
MA-BR-52,New Bedford 4.3 N,41.72305,-70.944,2025-01-10,0.0,0.0
MA-BR-52,New Bedford 4.3 N,41.72305,-70.944,2025-01-11,0.0,0.0
MA-BR-52,New Bedford 4.3 N,41.72305,-70.944,2025-01-12,0.03,0.11023622211508864
MA-BR-52,New Bedford 4.3 N,41.72305,-70.944,2025-01-13,0.0,0.0
MA-BR-52,New Bedford 4.3 N,41.72305,-70.944,2025-01-14,0.0,0.0
MA-BR-52,New Bedford 4.3 N,41.72305,-70.944,2025-01-15,0.0,0.0
MA-BR-52,New Bedford 4.3 N,41.72305,-70.944,2025-01-16,0.0,0.0
MA-BR-52,New Bedford 4.3 N,41.72305,-70.944,2025-01-17,0.0,0.003937007932681738
MA-BR-52,New Bedford 4.3 N,41.72305,-70.944,2025-01-18,0.0,0.0
MA-BR-52,New Bedford 4.3 N,41.72305,-70.944,2025-01-19,0.49,0.5472441026427615
MA-BR-52,New Bedford 4.3 N,41.72305,-70.944,2025-01-20,0.42,0.47244095192180846
MA-BR-52,New Bedford 4.3 N,41.72305,-70.944,2025-01-21,0.0,0.0
MA-BR-52,New Bedford 4.3 N,41.72305,-70.944,2025-01-22,0.0,0.0
MA-BR-52,New Bedford 4.3 N,41.72305,-70.944,2025-01-23,0.0,0.0
MA-BR-52,New Bedford 4.3 N,41.72305,-70.944,2025-01-24,0.0,0.0
MA-BR-52,New Bedford 4.3 N,41.72305,-70.944,2025-01-25,0.0,0.0
MA-BR-52,New Bedford 4.3 N,41.72305,-70.944,2025-01-26,0.0,0.0
MA-BR-52,New Bedford 4.3 N,41.72305,-70.944,2025-01-27,0.0,0.0
MA-BR-52,New Bedford 4.3 N,41.72305,-70.944,2025-01-28,0.0,0.0
MA-BR-52,New Bedford 4.3 N,41.72305,-70.944,2025-01-29,0.0,0.011811023798045212
MA-BR-52,New Bedford 4.3 N,41.72305,-70.944,2025-01-30,0.0,0.0
MA-BR-52,New Bedford 4.3 N,41.72305,-70.944,2025-01-31,0.0,0.0
MA-BR-52,New Bedford 4.3 N,41.72305,-70.944,2025-02-01,,0.6102362295656693
MA-BR-52,New Bedford 4.3 N,41.72305,-70.944,2025-02-02,0.04,0.05905511899022606
MA-BR-52,New Bedford 4.3 N,41.72305,-70.944,2025-02-03,0.2,0.21653543629749555
MA-BR-52,New Bedford 4.3 N,41.72305,-70.944,2025-02-04,0.02,0.0
MA-BR-52,New Bedford 4.3 N,41.72305,-70.944,2025-02-05,0.0,0.0
MA-BR-52,New Bedford 4.3 N,41.72305,-70.944,2025-02-06,0.0,0.0
MA-BR-52,New Bedford 4.3 N,41.72305,-70.944,2025-02-07,0.2,0.2007874045667686
MA-BR-52,New Bedford 4.3 N,41.72305,-70.944,2025-02-08,0.0,0.0
MA-BR-52,New Bedford 4.3 N,41.72305,-70.944,2025-02-09,0.49,0.39370079326817375
MA-BR-52,New Bedford 4.3 N,41.72305,-70.944,2025-02-10,0.0,0.011811023798045212
MA-BR-52,New Bedford 4.3 N,41.72305,-70.944,2025-02-11,0.0,0.0
MA-BR-52,New Bedford 4.3 N,41.72305,-70.944,2025-02-12,0.0,0.0
MA-BR-52,New Bedford 4.3 N,41.72305,-70.944,2025-02-13,0.18,0.16535433317263298
MA-BR-52,New Bedford 4.3 N,41.72305,-70.944,2025-02-14,0.06,0.051181103124862584
MA-BR-52,New Bedford 4.3 N,41.72305,-70.944,2025-02-15,0.0,0.0
MA-BR-52,New Bedford 4.3 N,41.72305,-70.944,2025-02-16,0.53,0.3503937060086746
MA-BR-52,New Bedford 4.3 N,41.72305,-70.944,2025-02-17,1.15,1.468503958890288
MA-BR-52,New Bedford 4.3 N,41.72305,-70.944,2025-02-18,0.0,0.0
MA-BR-52,New Bedford 4.3 N,41.72305,-70.944,2025-02-19,0.0,0.0
MA-BR-52,New Bedford 4.3 N,41.72305,-70.944,2025-02-20,0.0,0.0
MA-BR-52,New Bedford 4.3 N,41.72305,-70.944,2025-02-21,0.0,0.0
MA-BR-52,New Bedford 4.3 N,41.72305,-70.944,2025-02-22,0.0,0.0
MA-BR-52,New Bedford 4.3 N,41.72305,-70.944,2025-02-23,0.0,0.0
MA-BR-52,New Bedford 4.3 N,41.72305,-70.944,2025-02-24,0.0,0.0
MA-BR-52,New Bedford 4.3 N,41.72305,-70.944,2025-02-25,0.0,0.0
MA-BR-52,New Bedford 4.3 N,41.72305,-70.944,2025-02-26,0.0,0.0
MA-BR-52,New Bedford 4.3 N,41.72305,-70.944,2025-02-27,0.03,0.05905511899022606
MA-BR-52,New Bedford 4.3 N,41.72305,-70.944,2025-02-28,0.09,0.10629921418240691
MA-BR-52,New Bedford 4.3 N,41.72305,-70.944,2025-03-01,0.0,0.0
MA-BR-52,New Bedford 4.3 N,41.72305,-70.944,2025-03-02,0.0,0.0
MA-BR-52,New Bedford 4.3 N,41.72305,-70.944,2025-03-03,0.0,0.0
MA-BR-52,New Bedford 4.3 N,41.72305,-70.944,2025-03-04,0.0,0.0
MA-BR-52,New Bedford 4.3 N,41.72305,-70.944,2025-03-05,0.0,0.0
MA-BR-52,New Bedford 4.3 N,41.72305,-70.944,2025-03-06,0.56,0.5629921343734885
MA-BR-52,New Bedford 4.3 N,41.72305,-70.944,2025-03-07,0.08,0.20472441249945034
MA-BR-52,New Bedford 4.3 N,41.72305,-70.944,2025-03-08,0.0,0.0
MA-BR-52,New Bedford 4.3 N,41.72305,-70.944,2025-03-09,0.0,0.0
MA-BR-52,New Bedford 4.3 N,41.72305,-70.944,2025-03-10,0.0,0.0
MA-BR-52,New Bedford 4.3 N,41.72305,-70.944,2025-03-11,0.0,0.0
MA-BR-52,New Bedford 4.3 N,41.72305,-70.944,2025-03-12,0.0,0.0
MA-BR-52,New Bedford 4.3 N,41.72305,-70.944,2025-03-13,0.0,0.0
MA-BR-52,New Bedford 4.3 N,41.72305,-70.944,2025-03-14,0.0,0.0
MA-BR-52,New Bedford 4.3 N,41.72305,-70.944,2025-03-15,0.01,0.0
MA-BR-52,New Bedford 4.3 N,41.72305,-70.944,2025-03-16,0.01,0.0
MA-BR-52,New Bedford 4.3 N,41.72305,-70.944,2025-03-17,1.12,0.6338582771617597
MA-BR-52,New Bedford 4.3 N,41.72305,-70.944,2025-03-18,0.55,1.0826771814874778
MA-BR-52,New Bedford 4.3 N,41.72305,-70.944,2025-03-19,0.0,0.0
MA-BR-52,New Bedford 4.3 N,41.72305,-70.944,2025-03-20,0.0,0.0
MA-BR-52,New Bedford 4.3 N,41.72305,-70.944,2025-03-21,0.35,0.2677165394223581
MA-BR-52,New Bedford 4.3 N,41.72305,-70.944,2025-03-22,0.06,0.14173228557654255
MA-BR-52,New Bedford 4.3 N,41.72305,-70.944,2025-03-23,0.0,0.0
MA-BR-52,New Bedford 4.3 N,41.72305,-70.944,2025-03-24,0.02,0.0
MA-BR-52,New Bedford 4.3 N,41.72305,-70.944,2025-03-25,0.73,0.74803150720953
MA-BR-52,New Bedford 4.3 N,41.72305,-70.944,2025-03-26,0.0,0.0
MA-BR-52,New Bedford 4.3 N,41.72305,-70.944,2025-03-27,0.0,0.007874015865363475
MA-BR-52,New Bedford 4.3 N,41.72305,-70.944,2025-03-28,0.0,0.0
MA-BR-52,New Bedford 4.3 N,41.72305,-70.944,2025-03-29,0.05,0.0314960634614539
MA-BR-52,New Bedford 4.3 N,41.72305,-70.944,2025-03-30,0.07,0.07874015865363475
MA-BR-52,New Bedford 4.3 N,41.72305,-70.944,2025-03-31,0.02,0.0
MA-BR-52,New Bedford 4.3 N,41.72305,-70.944,2025-04-01,0.21,0.24409449182626772
MA-BR-52,New Bedford 4.3 N,41.72305,-70.944,2025-04-03,0.14,0.2125984283648138
MA-BR-52,New Bedford 4.3 N,41.72305,-70.944,2025-04-04,0.2,0.14960630144190604
MA-BR-52,New Bedford 4.3 N,41.72305,-70.944,2025-04-05,0.0,0.0
MA-BR-52,New Bedford 4.3 N,41.72305,-70.944,2025-04-06,0.55,0.5433070947100798
MA-BR-52,New Bedford 4.3 N,41.72305,-70.944,2025-04-07,0.07,0.051181103124862584
MA-BR-52,New Bedford 4.3 N,41.72305,-70.944,2025-04-08,0.25,0.2677165394223581
MA-BR-52,New Bedford 4.3 N,41.72305,-70.944,2025-04-09,0.04,0.02755905552877216
MA-BR-52,New Bedford 4.3 N,41.72305,-70.944,2025-04-10,0.0,0.0
MA-BR-52,New Bedford 4.3 N,41.72305,-70.944,2025-04-11,0.1,0.10236220624972517
MA-BR-52,New Bedford 4.3 N,41.72305,-70.944,2025-04-12,0.4,0.3779527615374468
MA-BR-52,New Bedford 4.3 N,41.72305,-70.944,2025-04-13,0.13,0.07086614278827127
MA-BR-52,New Bedford 4.3 N,41.72305,-70.944,2025-04-14,0.39,0.4488189043257181
MA-BR-52,New Bedford 4.3 N,41.72305,-70.944,2025-04-15,0.18,0.07086614278827127
MA-BR-52,New Bedford 4.3 N,41.72305,-70.944,2025-04-16,0.06,0.1811023649033599
MA-BR-52,New Bedford 4.3 N,41.72305,-70.944,2025-04-17,0.0,0.0
MA-BR-52,New Bedford 4.3 N,41.72305,-70.944,2025-04-18,0.0,0.0
MA-BR-52,New Bedford 4.3 N,41.72305,-70.944,2025-04-19,0.0,0.0
MA-BR-52,New Bedford 4.3 N,41.72305,-70.944,2025-04-20,0.0,0.0
MA-BR-52,New Bedford 4.3 N,41.72305,-70.944,2025-04-21,0.0,0.0
MA-BR-52,New Bedford 4.3 N,41.72305,-70.944,2025-04-22,0.1,0.10236220624972517
MA-BR-52,New Bedford 4.3 N,41.72305,-70.944,2025-04-23,0.0,0.0
MA-BR-52,New Bedford 4.3 N,41.72305,-70.944,2025-04-24,0.0,0.0
MA-BR-52,New Bedford 4.3 N,41.72305,-70.944,2025-04-25,0.0,0.0
MA-BR-52,New Bedford 4.3 N,41.72305,-70.944,2025-04-26,0.0,0.003937007932681738
MA-BR-52,New Bedford 4.3 N,41.72305,-70.944,2025-04-27,1.08,0.7874015865363474
MA-BR-52,New Bedford 4.3 N,41.72305,-70.944,2025-04-28,0.0,0.0
MA-BR-52,New Bedford 4.3 N,41.72305,-70.944,2025-04-29,0.0,0.0
MA-BR-52,New Bedford 4.3 N,41.72305,-70.944,2025-04-30,0.0,0.0
MA-BR-52,New Bedford 4.3 N,41.72305,-70.944,2025-05-01,0.0,0.0
MA-BR-52,New Bedford 4.3 N,41.72305,-70.944,2025-05-02,0.12,0.19685039663408685
MA-BR-52,New Bedford 4.3 N,41.72305,-70.944,2025-05-03,0.0,0.04330708725949911
MA-BR-52,New Bedford 4.3 N,41.72305,-70.944,2025-05-04,0.0,0.0
MA-BR-52,New Bedford 4.3 N,41.72305,-70.944,2025-05-05,0.03,0.10629921418240691
MA-BR-52,New Bedford 4.3 N,41.72305,-70.944,2025-05-06,0.02,0.05905511899022606
MA-BR-52,New Bedford 4.3 N,41.72305,-70.944,2025-05-07,0.15,0.1811023649033599
MA-BR-52,New Bedford 4.3 N,41.72305,-70.944,2025-05-08,0.01,0.0
MA-BR-52,New Bedford 4.3 N,41.72305,-70.944,2025-05-09,0.0,0.0
MA-BR-52,New Bedford 4.3 N,41.72305,-70.944,2025-05-10,1.38,1.8622047521584617
MA-BR-52,New Bedford 4.3 N,41.72305,-70.944,2025-05-11,0.03,0.011811023798045214
MA-BR-52,New Bedford 4.3 N,41.72305,-70.944,2025-05-12,0.0,0.0
MA-BR-52,New Bedford 4.3 N,41.72305,-70.944,2025-05-13,0.0,0.0
MA-BR-52,New Bedford 4.3 N,41.72305,-70.944,2025-05-14,0.0,0.0
MA-BR-52,New Bedford 4.3 N,41.72305,-70.944,2025-05-15,0.6,0.27952756322040334
MA-BR-52,New Bedford 4.3 N,41.72305,-70.944,2025-05-16,0.02,0.48818898365253544
MA-BR-52,New Bedford 4.3 N,41.72305,-70.944,2025-05-17,0.0,0.0
MA-BR-52,New Bedford 4.3 N,41.72305,-70.944,2025-05-18,0.0,0.007874015865363475
MA-BR-52,New Bedford 4.3 N,41.72305,-70.944,2025-05-19,0.0,0.0
MA-BR-52,New Bedford 4.3 N,41.72305,-70.944,2025-05-20,0.0,0.0
MA-BR-52,New Bedford 4.3 N,41.72305,-70.944,2025-05-21,0.0,0.0
MA-BR-52,New Bedford 4.3 N,41.72305,-70.944,2025-05-22,0.04,0.01574803173072695
MA-BR-52,New Bedford 4.3 N,41.72305,-70.944,2025-05-23,3.06,3.657480369461334
MA-BR-52,New Bedford 4.3 N,41.72305,-70.944,2025-05-24,0.0,0.019685039663408687
MA-BR-52,New Bedford 4.3 N,41.72305,-70.944,2025-05-25,0.07,0.01574803173072695
MA-BR-52,New Bedford 4.3 N,41.72305,-70.944,2025-05-26,0.0,0.0
MA-BR-52,New Bedford 4.3 N,41.72305,-70.944,2025-05-27,0.0,0.0
MA-BR-52,New Bedford 4.3 N,41.72305,-70.944,2025-05-28,0.0,0.0
MA-BR-52,New Bedford 4.3 N,41.72305,-70.944,2025-05-29,0.12,0.14566929350922428
MA-BR-52,New Bedford 4.3 N,41.72305,-70.944,2025-05-30,0.0,0.027559055528772164
MA-BR-52,New Bedford 4.3 N,41.72305,-70.944,2025-05-31,0.25,0.22834646009554074
MA-BR-52,New Bedford 4.3 N,41.72305,-70.944,2025-06-01,0.0,0.05905511899022606
MA-BR-52,New Bedford 4.3 N,41.72305,-70.944,2025-06-02,0.02,0.0
MA-BR-52,New Bedford 4.3 N,41.72305,-70.944,2025-06-03,0.0,0.0
MA-BR-52,New Bedford 4.3 N,41.72305,-70.944,2025-06-04,0.0,0.0
MA-BR-52,New Bedford 4.3 N,41.72305,-70.944,2025-06-05,0.0,0.0
MA-BR-52,New Bedford 4.3 N,41.72305,-70.944,2025-06-06,0.0,0.0
MA-BR-52,New Bedford 4.3 N,41.72305,-70.944,2025-06-07,0.0,0.0
MA-BR-52,New Bedford 4.3 N,41.72305,-70.944,2025-06-08,0.38,0.42913386466230935
MA-BR-52,New Bedford 4.3 N,41.72305,-70.944,2025-06-09,0.0,0.0
MA-BR-52,New Bedford 4.3 N,41.72305,-70.944,2025-06-10,0.04,0.0
MA-BR-52,New Bedford 4.3 N,41.72305,-70.944,2025-06-11,0.38,0.36614173773940156
MA-BR-52,New Bedford 4.3 N,41.72305,-70.944,2025-06-12,0.0,0.0
MA-BR-52,New Bedford 4.3 N,41.72305,-70.944,2025-06-13,0.0,0.0
MA-BR-52,New Bedford 4.3 N,41.72305,-70.944,2025-06-14,0.0,0.003937007932681738
MA-BR-52,New Bedford 4.3 N,41.72305,-70.944,2025-06-15,0.08,0.07086614278827127
MA-BR-52,New Bedford 4.3 N,41.72305,-70.944,2025-06-16,0.0,0.0
MA-BR-52,New Bedford 4.3 N,41.72305,-70.944,2025-06-17,0.0,0.0
MA-BR-52,New Bedford 4.3 N,41.72305,-70.944,2025-06-18,0.05,0.07086614278827127
MA-BR-52,New Bedford 4.3 N,41.72305,-70.944,2025-06-19,0.0,0.007874015865363475
MA-BR-52,New Bedford 4.3 N,41.72305,-70.944,2025-06-20,0.0,0.0
MA-BR-52,New Bedford 4.3 N,41.72305,-70.944,2025-06-21,0.0,0.0
MA-BR-52,New Bedford 4.3 N,41.72305,-70.944,2025-06-22,0.01,0.0
MA-BR-52,New Bedford 4.3 N,41.72305,-70.944,2025-06-23,0.0,0.019685039663408687
MA-BR-52,New Bedford 4.3 N,41.72305,-70.944,2025-06-24,0.02,0.0
MA-BR-52,New Bedford 4.3 N,41.72305,-70.944,2025-06-27,0.05,0.05511811105754433
MA-BR-52,New Bedford 4.3 N,41.72305,-70.944,2025-06-28,0.0,0.0
MA-BR-52,New Bedford 4.3 N,41.72305,-70.944,2025-06-29,0.01,0.0
MA-BR-52,New Bedford 4.3 N,41.72305,-70.944,2025-06-30,0.0,0.0
MA-BR-52,New Bedford 4.3 N,41.72305,-70.944,2025-07-01,0.0,0.0
MA-BR-52,New Bedford 4.3 N,41.72305,-70.944,2025-07-02,0.07,0.07874015865363475
MA-BR-52,New Bedford 4.3 N,41.72305,-70.944,2025-07-03,0.03,0.05511811105754433
MA-BR-52,New Bedford 4.3 N,41.72305,-70.944,2025-07-04,1.28,0.8700787531226639
MA-BR-52,New Bedford 4.3 N,41.72305,-70.944,2025-07-05,0.0,0.0
MA-BR-52,New Bedford 4.3 N,41.72305,-70.944,2025-07-06,0.0,0.0
MA-BR-52,New Bedford 4.3 N,41.72305,-70.944,2025-07-07,0.0,0.0
MA-BR-52,New Bedford 4.3 N,41.72305,-70.944,2025-07-08,0.02,0.039370079326817374
MA-BR-52,New Bedford 4.3 N,41.72305,-70.944,2025-07-09,1.35,1.5196850620151505
MA-BR-52,New Bedford 4.3 N,41.72305,-70.944,2025-07-10,0.49,0.149606301441906
MA-BR-52,New Bedford 4.3 N,41.72305,-70.944,2025-07-11,0.18,0.42913386466230935
MA-BR-52,New Bedford 4.3 N,41.72305,-70.944,2025-07-12,0.02,0.0
MA-BR-52,New Bedford 4.3 N,41.72305,-70.944,2025-07-13,0.0,0.0
MA-BR-52,New Bedford 4.3 N,41.72305,-70.944,2025-07-14,0.0,0.0
MA-BR-52,New Bedford 4.3 N,41.72305,-70.944,2025-07-15,0.03,0.039370079326817374
MA-BR-52,New Bedford 4.3 N,41.72305,-70.944,2025-07-16,0.0,0.007874015865363475
MA-BR-52,New Bedford 4.3 N,41.72305,-70.944,2025-07-17,0.0,0.0
MA-BR-52,New Bedford 4.3 N,41.72305,-70.944,2025-07-18,0.0,0.0
MA-BR-52,New Bedford 4.3 N,41.72305,-70.944,2025-07-19,0.0,0.0
MA-BR-52,New Bedford 4.3 N,41.72305,-70.944,2025-07-20,0.0,0.0
MA-BR-52,New Bedford 4.3 N,41.72305,-70.944,2025-07-21,0.0,0.01574803173072695
MA-BR-52,New Bedford 4.3 N,41.72305,-70.944,2025-07-22,0.0,0.0
MA-BR-52,New Bedford 4.3 N,41.72305,-70.944,2025-07-24,0.0,0.0
MA-BR-52,New Bedford 4.3 N,41.72305,-70.944,2025-07-25,0.0,0.0
MA-BR-52,New Bedford 4.3 N,41.72305,-70.944,2025-07-26,0.65,0.688976388219304
MA-BR-52,New Bedford 4.3 N,41.72305,-70.944,2025-07-27,0.0,0.0
MA-BR-52,New Bedford 4.3 N,41.72305,-70.944,2025-07-28,0.05,0.031496063461453894
MA-BR-52,New Bedford 4.3 N,41.72305,-70.944,2025-07-29,0.0,0.0
MA-BR-52,New Bedford 4.3 N,41.72305,-70.944,2025-07-30,0.0,0.0
MA-BR-52,New Bedford 4.3 N,41.72305,-70.944,2025-07-31,0.0,0.0
MA-BR-52,New Bedford 4.3 N,41.72305,-70.944,2025-08-01,0.45,0.44094488846035457
MA-BR-52,New Bedford 4.3 N,41.72305,-70.944,2025-08-02,0.0,0.08661417451899822
MA-BR-52,New Bedford 4.3 N,41.72305,-70.944,2025-08-03,0.0,0.0
MA-BR-52,New Bedford 4.3 N,41.72305,-70.944,2025-08-04,0.0,0.0
MA-BR-52,New Bedford 4.3 N,41.72305,-70.944,2025-08-05,0.0,0.0
MA-BR-52,New Bedford 4.3 N,41.72305,-70.944,2025-08-06,0.0,0.0
MA-BR-52,New Bedford 4.3 N,41.72305,-70.944,2025-08-07,0.0,0.0
MA-BR-52,New Bedford 4.3 N,41.72305,-70.944,2025-08-08,0.0,0.0
MA-BR-52,New Bedford 4.3 N,41.72305,-70.944,2025-08-09,0.0,0.0
MA-BR-52,New Bedford 4.3 N,41.72305,-70.944,2025-08-10,0.0,0.0
MA-BR-52,New Bedford 4.3 N,41.72305,-70.944,2025-08-11,0.0,0.0
MA-BR-52,New Bedford 4.3 N,41.72305,-70.944,2025-08-12,0.0,0.0
MA-BR-52,New Bedford 4.3 N,41.72305,-70.944,2025-08-13,0.0,0.0
MA-BR-52,New Bedford 4.3 N,41.72305,-70.944,2025-08-14,0.0,0.007874015865363475
MA-BR-52,New Bedford 4.3 N,41.72305,-70.944,2025-08-15,0.35,0.25984252355699466
MA-BR-52,New Bedford 4.3 N,41.72305,-70.944,2025-08-16,0.0,0.0
MA-BR-52,New Bedford 4.3 N,41.72305,-70.944,2025-08-17,0.0,0.0
MA-BR-52,New Bedford 4.3 N,41.72305,-70.944,2025-08-18,0.0,0.0
MA-BR-52,New Bedford 4.3 N,41.72305,-70.944,2025-08-19,0.0,0.0
MA-BR-52,New Bedford 4.3 N,41.72305,-70.944,2025-08-20,0.0,0.0
MA-BR-52,New Bedford 4.3 N,41.72305,-70.944,2025-08-21,0.79,1.1259842687469768
MA-BR-52,New Bedford 4.3 N,41.72305,-70.944,2025-08-22,0.0,0.0
MA-BR-52,New Bedford 4.3 N,41.72305,-70.944,2025-08-23,0.0,0.0
MA-BR-52,New Bedford 4.3 N,41.72305,-70.944,2025-08-24,0.0,0.0
MA-BR-52,New Bedford 4.3 N,41.72305,-70.944,2025-08-25,0.0,0.0
MA-BR-52,New Bedford 4.3 N,41.72305,-70.944,2025-08-26,0.0,0.0
MA-BR-52,New Bedford 4.3 N,41.72305,-70.944,2025-08-27,0.0,0.0
MA-BR-52,New Bedford 4.3 N,41.72305,-70.944,2025-08-28,0.0,0.0
MA-BR-52,New Bedford 4.3 N,41.72305,-70.944,2025-08-29,0.0,0.0
MA-BR-52,New Bedford 4.3 N,41.72305,-70.944,2025-08-30,0.45,0.4133858329315824
MA-BR-52,New Bedford 4.3 N,41.72305,-70.944,2025-08-31,0.0,0.0
MA-BR-52,New Bedford 4.3 N,41.72305,-70.944,2025-09-01,0.0,0.0
MA-BR-52,New Bedford 4.3 N,41.72305,-70.944,2025-09-02,0.0,0.0
MA-BR-52,New Bedford 4.3 N,41.72305,-70.944,2025-09-03,0.0,0.0
MA-BR-52,New Bedford 4.3 N,41.72305,-70.944,2025-09-04,0.0,0.0
MA-BR-52,New Bedford 4.3 N,41.72305,-70.944,2025-09-05,0.04,0.039370079326817374
MA-BR-52,New Bedford 4.3 N,41.72305,-70.944,2025-09-06,0.0,0.007874015865363475
MA-BR-52,New Bedford 4.3 N,41.72305,-70.944,2025-09-07,0.18,0.17716535697067817
MA-BR-52,New Bedford 4.3 N,41.72305,-70.944,2025-09-08,0.54,0.5472441026427615
MA-BR-52,New Bedford 4.3 N,41.72305,-70.944,2025-09-09,0.0,0.0
MA-BR-52,New Bedford 4.3 N,41.72305,-70.944,2025-09-10,0.0,0.0
MA-BR-52,New Bedford 4.3 N,41.72305,-70.944,2025-09-11,0.0,0.0
MA-BR-52,New Bedford 4.3 N,41.72305,-70.944,2025-09-12,0.0,0.0
MA-BR-52,New Bedford 4.3 N,41.72305,-70.944,2025-09-13,0.0,0.0
MA-BR-52,New Bedford 4.3 N,41.72305,-70.944,2025-09-14,0.0,0.0
MA-BR-52,New Bedford 4.3 N,41.72305,-70.944,2025-09-15,0.03,0.01574803173072695
MA-BR-52,New Bedford 4.3 N,41.72305,-70.944,2025-09-16,0.0,0.0
MA-BR-52,New Bedford 4.3 N,41.72305,-70.944,2025-09-17,0.0,0.0
MA-BR-52,New Bedford 4.3 N,41.72305,-70.944,2025-09-18,0.6,0.629921269229078
MA-BR-52,New Bedford 4.3 N,41.72305,-70.944,2025-09-19,0.0,0.0
MA-BR-52,New Bedford 4.3 N,41.72305,-70.944,2025-09-20,0.0,0.0
MA-BR-52,New Bedford 4.3 N,41.72305,-70.944,2025-09-21,0.0,0.0
MA-BR-52,New Bedford 4.3 N,41.72305,-70.944,2025-09-22,0.0,0.0
MA-BR-52,New Bedford 4.3 N,41.72305,-70.944,2025-09-23,0.0,0.0
MA-BR-52,New Bedford 4.3 N,41.72305,-70.944,2025-09-24,1.23,0.14173228557654255
MA-BR-52,New Bedford 4.3 N,41.72305,-70.944,2025-09-25,1.45,2.0433071170618216
MA-BR-52,New Bedford 4.3 N,41.72305,-70.944,2025-09-26,1.05,2.8503937432615776
MA-BR-52,New Bedford 4.3 N,41.72305,-70.944,2025-09-27,0.0,0.0
MA-BR-52,New Bedford 4.3 N,41.72305,-70.944,2025-09-28,0.05,0.05905511899022606
MA-BR-52,New Bedford 4.3 N,41.72305,-70.944,2025-09-29,0.0,0.0
MA-BR-52,New Bedford 4.3 N,41.72305,-70.944,2025-09-30,0.0,0.0
MA-BR-52,New Bedford 4.3 N,41.72305,-70.944,2025-10-01,0.0,0.0
MA-BR-52,New Bedford 4.3 N,41.72305,-70.944,2025-10-02,0.0,0.0
MA-BR-52,New Bedford 4.3 N,41.72305,-70.944,2025-10-03,0.0,0.0
MA-BR-52,New Bedford 4.3 N,41.72305,-70.944,2025-10-04,0.0,0.0
MA-BR-52,New Bedford 4.3 N,41.72305,-70.944,2025-10-05,0.0,0.0
MA-BR-52,New Bedford 4.3 N,41.72305,-70.944,2025-10-06,0.0,0.0
MA-BR-52,New Bedford 4.3 N,41.72305,-70.944,2025-10-07,0.0,0.0
MA-BR-52,New Bedford 4.3 N,41.72305,-70.944,2025-10-08,0.03,0.0
MA-BR-52,New Bedford 4.3 N,41.72305,-70.944,2025-10-09,0.72,0.8307086737958466
MA-BR-52,New Bedford 4.3 N,41.72305,-70.944,2025-10-10,0.0,0.0
MA-BR-52,New Bedford 4.3 N,41.72305,-70.944,2025-10-11,0.0,0.0
MA-BR-52,New Bedford 4.3 N,41.72305,-70.944,2025-10-12,0.0,0.0
MA-BR-52,New Bedford 4.3 N,41.72305,-70.944,2025-10-13,1.65,1.8897638076872338
MA-BR-52,New Bedford 4.3 N,41.72305,-70.944,2025-10-14,1.95,1.2047244274006117
MA-BR-52,New Bedford 4.3 N,41.72305,-70.944,2025-10-15,0.09,0.13779527764386082
MA-BR-52,New Bedford 4.3 N,41.72305,-70.944,2025-10-16,0.0,0.0
MA-BR-52,New Bedford 4.3 N,41.72305,-70.944,2025-10-17,0.0,0.0
MA-BR-52,New Bedford 4.3 N,41.72305,-70.944,2025-10-18,0.0,0.0
MA-BR-52,New Bedford 4.3 N,41.72305,-70.944,2025-10-19,0.0,0.0
MA-BR-52,New Bedford 4.3 N,41.72305,-70.944,2025-10-20,0.0,0.0
MA-BR-52,New Bedford 4.3 N,41.72305,-70.944,2025-10-21,0.85,0.8464567055265735
MA-BR-52,New Bedford 4.3 N,41.72305,-70.944,2025-10-22,0.0,0.0
MA-BR-52,New Bedford 4.3 N,41.72305,-70.944,2025-10-23,0.0,0.074803150720953
MA-BR-52,New Bedford 4.3 N,41.72305,-70.944,2025-10-24,0.0,0.0
MA-BR-52,New Bedford 4.3 N,41.72305,-70.944,2025-10-25,0.0,0.0
MA-BR-52,New Bedford 4.3 N,41.72305,-70.944,2025-10-26,0.0,0.0
MA-BR-52,New Bedford 4.3 N,41.72305,-70.944,2025-10-27,0.0,0.0
MA-BR-52,New Bedford 4.3 N,41.72305,-70.944,2025-10-28,0.0,0.0
MA-BR-52,New Bedford 4.3 N,41.72305,-70.944,2025-10-29,0.0,0.007874015865363475
MA-BR-52,New Bedford 4.3 N,41.72305,-70.944,2025-10-30,0.07,0.003937007932681738
MA-BR-52,New Bedford 4.3 N,41.72305,-70.944,2025-10-31,0.95,1.1889763956698847
MA-BR-52,New Bedford 4.3 N,41.72305,-70.944,2025-11-01,0.0,0.0
MA-BR-52,New Bedford 4.3 N,41.72305,-70.944,2025-11-02,0.0,0.0
MA-BR-52,New Bedford 4.3 N,41.72305,-70.944,2025-11-03,0.0,0.0
MA-BR-52,New Bedford 4.3 N,41.72305,-70.944,2025-11-04,0.15,0.21653543629749555
MA-BR-52,New Bedford 4.3 N,41.72305,-70.944,2025-11-05,0.0,0.0
MA-BR-52,New Bedford 4.3 N,41.72305,-70.944,2025-11-06,0.05,0.03543307139413564
MA-BR-52,New Bedford 4.3 N,41.72305,-70.944,2025-11-07,0.0,0.0
MA-BR-52,New Bedford 4.3 N,41.72305,-70.944,2025-11-08,0.02,0.003937007932681738
MA-BR-52,New Bedford 4.3 N,41.72305,-70.944,2025-11-09,0.04,0.0629921269229078
MA-BR-52,New Bedford 4.3 N,41.72305,-70.944,2025-11-10,0.55,0.6456693009598049
MA-BR-52,New Bedford 4.3 N,41.72305,-70.944,2025-11-11,0.02,0.03543307139413564
MA-BR-52,New Bedford 4.3 N,41.72305,-70.944,2025-11-12,0.02,0.0
MA-BR-52,New Bedford 4.3 N,41.72305,-70.944,2025-11-13,0.0,0.0
MA-BR-52,New Bedford 4.3 N,41.72305,-70.944,2025-11-14,0.0,0.0
MA-BR-52,New Bedford 4.3 N,41.72305,-70.944,2025-11-15,0.0,0.0
MA-BR-52,New Bedford 4.3 N,41.72305,-70.944,2025-11-16,0.82,0.7834645786036657
MA-BR-52,New Bedford 4.3 N,41.72305,-70.944,2025-11-17,0.0,0.0
MA-BR-52,New Bedford 4.3 N,41.72305,-70.944,2025-11-18,0.0,0.0
MA-BR-52,New Bedford 4.3 N,41.72305,-70.944,2025-11-19,0.0,0.0
MA-BR-52,New Bedford 4.3 N,41.72305,-70.944,2025-11-20,0.0,0.0
MA-BR-52,New Bedford 4.3 N,41.72305,-70.944,2025-11-21,0.0,0.0
MA-BR-52,New Bedford 4.3 N,41.72305,-70.944,2025-11-22,0.12,0.0
MA-BR-52,New Bedford 4.3 N,41.72305,-70.944,2025-11-23,0.3,0.3779527615374468
MA-BR-52,New Bedford 4.3 N,41.72305,-70.944,2025-11-24,0.03,0.003937007932681738
MA-BR-52,New Bedford 4.3 N,41.72305,-70.944,2025-11-25,0.0,0.0
MA-BR-52,New Bedford 4.3 N,41.72305,-70.944,2025-11-26,0.25,0.2637795314896764
MA-BR-52,New Bedford 4.3 N,41.72305,-70.944,2025-11-27,0.02,0.007874015865363475
MA-BR-52,New Bedford 4.3 N,41.72305,-70.944,2025-11-28,0.0,0.0
MA-BR-52,New Bedford 4.3 N,41.72305,-70.944,2025-11-29,0.0,0.0
MA-BR-52,New Bedford 4.3 N,41.72305,-70.944,2025-11-30,0.0,0.0
MA-BR-52,New Bedford 4.3 N,41.72305,-70.944,2025-12-01,0.78,0.7677165468729388
MA-BR-52,New Bedford 4.3 N,41.72305,-70.944,2025-12-02,0.02,0.0
MA-BR-52,New Bedford 4.3 N,41.72305,-70.944,2025-12-03,0.76,0.7755905627383023
MA-BR-52,New Bedford 4.3 N,41.72305,-70.944,2025-12-04,0.02,0.0
MA-BR-52,New Bedford 4.3 N,41.72305,-70.944,2025-12-05,0.0,0.0
MA-BR-52,New Bedford 4.3 N,41.72305,-70.944,2025-12-06,0.0,0.0
MA-BR-52,New Bedford 4.3 N,41.72305,-70.944,2025-12-07,0.04,0.03937007932681737
MA-BR-52,New Bedford 4.3 N,41.72305,-70.944,2025-12-08,0.0,0.0
MA-BR-52,New Bedford 4.3 N,41.72305,-70.944,2025-12-09,0.0,0.0
MA-BR-52,New Bedford 4.3 N,41.72305,-70.944,2025-12-10,0.02,0.04330708725949911
MA-BR-52,New Bedford 4.3 N,41.72305,-70.944,2025-12-11,0.0,0.04724409519218085
MA-BR-52,New Bedford 4.3 N,41.72305,-70.944,2025-12-12,0.0,0.0
MA-BR-52,New Bedford 4.3 N,41.72305,-70.944,2025-12-13,0.0,0.0
MA-BR-52,New Bedford 4.3 N,41.72305,-70.944,2025-12-14,,0.11023622211508864
MA-BR-52,New Bedford 4.3 N,41.72305,-70.944,2025-12-15,,0.21653543629749555
MA-BR-52,New Bedford 4.3 N,41.72305,-70.944,2025-12-16,0.0,0.0
MA-BR-52,New Bedford 4.3 N,41.72305,-70.944,2025-12-17,0.0,0.0
MA-BR-52,New Bedford 4.3 N,41.72305,-70.944,2025-12-18,0.0,0.0
MA-BR-52,New Bedford 4.3 N,41.72305,-70.944,2025-12-19,0.05,0.0629921269229078
MA-BR-52,New Bedford 4.3 N,41.72305,-70.944,2025-12-20,0.61,0.5354330788447162
MA-BR-52,New Bedford 4.3 N,41.72305,-70.944,2025-12-21,0.0,0.0
MA-BR-52,New Bedford 4.3 N,41.72305,-70.944,2025-12-22,0.0,0.0
MA-BR-52,New Bedford 4.3 N,41.72305,-70.944,2025-12-23,0.0,0.0
MA-BR-52,New Bedford 4.3 N,41.72305,-70.944,2025-12-24,0.15,0.13779527764386082
MA-BR-52,New Bedford 4.3 N,41.72305,-70.944,2025-12-25,0.0,0.003937007932681738
MA-BR-52,New Bedford 4.3 N,41.72305,-70.944,2025-12-26,0.0,0.0
MA-BR-52,New Bedford 4.3 N,41.72305,-70.944,2025-12-27,0.3,0.2519685076916312
MA-BR-52,New Bedford 4.3 N,41.72305,-70.944,2025-12-28,0.0,0.0
MA-BR-52,New Bedford 4.3 N,41.72305,-70.944,2025-12-29,0.28,0.21653543629749555
MA-BR-52,New Bedford 4.3 N,41.72305,-70.944,2025-12-30,0.32,0.27559055528772164
MA-BR-52,New Bedford 4.3 N,41.72305,-70.944,2025-12-31,0.0,0.0
MA-BR-79,Fairhaven 1.9 ENE,41.64602,-70.86737,2025-01-07,0.0,0.0
MA-BR-79,Fairhaven 1.9 ENE,41.64602,-70.86737,2025-01-08,0.0,0.0
MA-BR-79,Fairhaven 1.9 ENE,41.64602,-70.86737,2025-01-17,0.0,0.0
MA-BR-79,Fairhaven 1.9 ENE,41.64602,-70.86737,2025-02-09,0.43,0.374015753604765
MA-BR-79,Fairhaven 1.9 ENE,41.64602,-70.86737,2025-04-22,0.0,0.09055118245167995
MA-BR-79,Fairhaven 1.9 ENE,41.64602,-70.86737,2025-05-14,0.0,0.0
MA-BR-79,Fairhaven 1.9 ENE,41.64602,-70.86737,2025-06-09,0.0,0.0
MA-BR-79,Fairhaven 1.9 ENE,41.64602,-70.86737,2025-06-10,0.08,0.0
MA-BR-79,Fairhaven 1.9 ENE,41.64602,-70.86737,2025-06-11,0.49,0.7362204834114848
MA-BR-79,Fairhaven 1.9 ENE,41.64602,-70.86737,2025-06-12,0.0,0.0
MA-BR-79,Fairhaven 1.9 ENE,41.64602,-70.86737,2025-06-13,0.0,0.0
MA-BR-79,Fairhaven 1.9 ENE,41.64602,-70.86737,2025-06-14,0.0,0.007874015865363475
MA-BR-79,Fairhaven 1.9 ENE,41.64602,-70.86737,2025-06-15,0.07,0.07480315072095302
MA-BR-79,Fairhaven 1.9 ENE,41.64602,-70.86737,2025-06-16,0.0,0.0
MA-BR-79,Fairhaven 1.9 ENE,41.64602,-70.86737,2025-06-17,0.0,0.003937007932681738
MA-BR-79,Fairhaven 1.9 ENE,41.64602,-70.86737,2025-06-18,0.02,0.019685039663408687
MA-BR-79,Fairhaven 1.9 ENE,41.64602,-70.86737,2025-06-19,0.0,0.003937007932681738
MA-BR-79,Fairhaven 1.9 ENE,41.64602,-70.86737,2025-06-20,0.0,0.0
MA-BR-79,Fairhaven 1.9 ENE,41.64602,-70.86737,2025-06-21,0.0,0.0
MA-BR-79,Fairhaven 1.9 ENE,41.64602,-70.86737,2025-06-22,0.0,0.0
MA-BR-79,Fairhaven 1.9 ENE,41.64602,-70.86737,2025-06-23,0.02,0.011811023798045212
MA-BR-79,Fairhaven 1.9 ENE,41.64602,-70.86737,2025-06-24,0.0,0.0
MA-BR-79,Fairhaven 1.9 ENE,41.64602,-70.86737,2025-06-25,0.0,0.0
MA-BR-79,Fairhaven 1.9 ENE,41.64602,-70.86737,2025-06-26,0.16,0.003937007932681738
MA-BR-79,Fairhaven 1.9 ENE,41.64602,-70.86737,2025-06-27,0.03,0.04330708725949911
MA-BR-79,Fairhaven 1.9 ENE,41.64602,-70.86737,2025-06-28,0.0,0.0
MA-BR-79,Fairhaven 1.9 ENE,41.64602,-70.86737,2025-06-29,0.0,0.0
MA-BR-79,Fairhaven 1.9 ENE,41.64602,-70.86737,2025-06-30,0.0,0.0
MA-BR-79,Fairhaven 1.9 ENE,41.64602,-70.86737,2025-07-01,0.02,0.0
MA-BR-79,Fairhaven 1.9 ENE,41.64602,-70.86737,2025-07-02,0.06,0.07480315072095302
MA-BR-79,Fairhaven 1.9 ENE,41.64602,-70.86737,2025-07-03,0.0,0.03543307139413564
MA-BR-79,Fairhaven 1.9 ENE,41.64602,-70.86737,2025-07-04,0.28,0.5196850471139893
MA-BR-79,Fairhaven 1.9 ENE,41.64602,-70.86737,2025-07-05,0.0,0.0
MA-BR-79,Fairhaven 1.9 ENE,41.64602,-70.86737,2025-07-06,0.0,0.0
MA-BR-79,Fairhaven 1.9 ENE,41.64602,-70.86737,2025-07-07,0.0,0.0
MA-BR-79,Fairhaven 1.9 ENE,41.64602,-70.86737,2025-07-08,0.23,0.09842519831704344
MA-BR-79,Fairhaven 1.9 ENE,41.64602,-70.86737,2025-07-09,0.84,1.196850411535248
MA-BR-79,Fairhaven 1.9 ENE,41.64602,-70.86737,2025-07-10,0.18,0.16141732523995123
MA-BR-79,Fairhaven 1.9 ENE,41.64602,-70.86737,2025-07-11,0.39,0.46062992812376324
MA-BR-79,Fairhaven 1.9 ENE,41.64602,-70.86737,2025-07-12,0.0,0.0
MA-BR-79,Fairhaven 1.9 ENE,41.64602,-70.86737,2025-07-13,0.0,0.0
MA-BR-79,Fairhaven 1.9 ENE,41.64602,-70.86737,2025-07-14,0.0,0.0
MA-BR-79,Fairhaven 1.9 ENE,41.64602,-70.86737,2025-07-15,0.05,0.05905511899022606
MA-BR-79,Fairhaven 1.9 ENE,41.64602,-70.86737,2025-07-16,0.02,0.011811023798045212
MA-BR-79,Fairhaven 1.9 ENE,41.64602,-70.86737,2025-07-17,0.0,0.0
MA-BR-79,Fairhaven 1.9 ENE,41.64602,-70.86737,2025-07-18,0.0,0.0
MA-BR-79,Fairhaven 1.9 ENE,41.64602,-70.86737,2025-07-19,0.0,0.0
MA-BR-79,Fairhaven 1.9 ENE,41.64602,-70.86737,2025-07-20,0.0,0.0
MA-BR-79,Fairhaven 1.9 ENE,41.64602,-70.86737,2025-07-21,0.02,0.003937007932681738
MA-BR-79,Fairhaven 1.9 ENE,41.64602,-70.86737,2025-07-22,0.0,0.0
MA-BR-79,Fairhaven 1.9 ENE,41.64602,-70.86737,2025-07-23,0.0,0.0
MA-BR-79,Fairhaven 1.9 ENE,41.64602,-70.86737,2025-07-24,0.0,0.0
MA-BR-79,Fairhaven 1.9 ENE,41.64602,-70.86737,2025-07-25,0.0,0.0
MA-BR-79,Fairhaven 1.9 ENE,41.64602,-70.86737,2025-07-26,0.31,0.5787401661042154
MA-BR-79,Fairhaven 1.9 ENE,41.64602,-70.86737,2025-07-27,0.0,0.0
MA-BR-79,Fairhaven 1.9 ENE,41.64602,-70.86737,2025-07-28,0.0,0.011811023798045212
MA-BR-79,Fairhaven 1.9 ENE,41.64602,-70.86737,2025-07-29,0.0,0.0
MA-BR-79,Fairhaven 1.9 ENE,41.64602,-70.86737,2025-07-30,0.0,0.0
MA-BR-79,Fairhaven 1.9 ENE,41.64602,-70.86737,2025-07-31,0.0,0.0
MA-BR-79,Fairhaven 1.9 ENE,41.64602,-70.86737,2025-08-01,0.43,0.4133858329315824
MA-BR-79,Fairhaven 1.9 ENE,41.64602,-70.86737,2025-08-02,0.02,0.06692913485558953
MA-BR-79,Fairhaven 1.9 ENE,41.64602,-70.86737,2025-08-03,0.0,0.0
MA-BR-79,Fairhaven 1.9 ENE,41.64602,-70.86737,2025-08-04,0.0,0.0
MA-BR-79,Fairhaven 1.9 ENE,41.64602,-70.86737,2025-08-05,0.0,0.0
MA-BR-79,Fairhaven 1.9 ENE,41.64602,-70.86737,2025-08-06,0.0,0.0
MA-BR-79,Fairhaven 1.9 ENE,41.64602,-70.86737,2025-08-07,0.0,0.0
MA-BR-79,Fairhaven 1.9 ENE,41.64602,-70.86737,2025-08-08,0.0,0.0
MA-BR-79,Fairhaven 1.9 ENE,41.64602,-70.86737,2025-08-09,0.0,0.0
MA-BR-79,Fairhaven 1.9 ENE,41.64602,-70.86737,2025-08-10,0.0,0.0
MA-BR-79,Fairhaven 1.9 ENE,41.64602,-70.86737,2025-08-11,0.0,0.0
MA-BR-79,Fairhaven 1.9 ENE,41.64602,-70.86737,2025-08-12,0.0,0.0
MA-BR-79,Fairhaven 1.9 ENE,41.64602,-70.86737,2025-08-13,0.0,0.0
MA-BR-79,Fairhaven 1.9 ENE,41.64602,-70.86737,2025-08-14,0.0,0.0
MA-BR-79,Fairhaven 1.9 ENE,41.64602,-70.86737,2025-08-15,0.04,0.05511811105754433
MA-BR-79,Fairhaven 1.9 ENE,41.64602,-70.86737,2025-08-16,0.0,0.0
MA-BR-79,Fairhaven 1.9 ENE,41.64602,-70.86737,2025-08-17,0.0,0.0
MA-BR-79,Fairhaven 1.9 ENE,41.64602,-70.86737,2025-08-18,0.0,0.0
MA-BR-79,Fairhaven 1.9 ENE,41.64602,-70.86737,2025-08-19,0.0,0.0
MA-BR-79,Fairhaven 1.9 ENE,41.64602,-70.86737,2025-08-20,0.0,0.0
MA-BR-79,Fairhaven 1.9 ENE,41.64602,-70.86737,2025-08-21,1.15,1.3503937209098358
MA-BR-79,Fairhaven 1.9 ENE,41.64602,-70.86737,2025-08-22,0.0,0.0
MA-BR-79,Fairhaven 1.9 ENE,41.64602,-70.86737,2025-08-23,0.0,0.0
MA-BR-79,Fairhaven 1.9 ENE,41.64602,-70.86737,2025-08-24,0.0,0.0
MA-BR-79,Fairhaven 1.9 ENE,41.64602,-70.86737,2025-08-25,0.0,0.0
MA-BR-79,Fairhaven 1.9 ENE,41.64602,-70.86737,2025-08-26,0.0,0.0
MA-BR-79,Fairhaven 1.9 ENE,41.64602,-70.86737,2025-08-27,0.0,0.0
MA-BR-79,Fairhaven 1.9 ENE,41.64602,-70.86737,2025-08-28,0.0,0.0
MA-BR-79,Fairhaven 1.9 ENE,41.64602,-70.86737,2025-08-30,1.16,0.8740157610553456
MA-BR-79,Fairhaven 1.9 ENE,41.64602,-70.86737,2025-08-31,0.0,0.0
MA-BR-79,Fairhaven 1.9 ENE,41.64602,-70.86737,2025-09-01,0.0,0.0
MA-BR-79,Fairhaven 1.9 ENE,41.64602,-70.86737,2025-09-02,0.0,0.0
MA-BR-79,Fairhaven 1.9 ENE,41.64602,-70.86737,2025-09-03,0.0,0.0
MA-BR-79,Fairhaven 1.9 ENE,41.64602,-70.86737,2025-09-04,0.0,0.0
MA-BR-79,Fairhaven 1.9 ENE,41.64602,-70.86737,2025-09-05,0.12,0.0629921269229078
MA-BR-79,Fairhaven 1.9 ENE,41.64602,-70.86737,2025-09-06,0.0,0.019685039663408687
MA-BR-79,Fairhaven 1.9 ENE,41.64602,-70.86737,2025-09-07,0.1,0.08661417451899822
MA-BR-79,Fairhaven 1.9 ENE,41.64602,-70.86737,2025-09-08,1.11,0.8779527689880274
MA-BR-79,Fairhaven 1.9 ENE,41.64602,-70.86737,2025-09-09,0.0,0.0
MA-BR-79,Fairhaven 1.9 ENE,41.64602,-70.86737,2025-09-10,0.0,0.0
MA-BR-79,Fairhaven 1.9 ENE,41.64602,-70.86737,2025-09-11,0.0,0.0
MA-BR-79,Fairhaven 1.9 ENE,41.64602,-70.86737,2025-09-12,0.0,0.0
MA-BR-79,Fairhaven 1.9 ENE,41.64602,-70.86737,2025-09-13,0.0,0.0
MA-BR-79,Fairhaven 1.9 ENE,41.64602,-70.86737,2025-09-14,0.0,0.0
MA-BR-79,Fairhaven 1.9 ENE,41.64602,-70.86737,2025-09-15,0.38,0.22834646009554077
MA-BR-79,Fairhaven 1.9 ENE,41.64602,-70.86737,2025-09-16,0.0,0.0
MA-BR-79,Fairhaven 1.9 ENE,41.64602,-70.86737,2025-09-17,0.0,0.0
MA-BR-79,Fairhaven 1.9 ENE,41.64602,-70.86737,2025-09-18,0.26,0.2755905552877216
MA-BR-79,Fairhaven 1.9 ENE,41.64602,-70.86737,2025-09-19,0.0,0.0
MA-BR-79,Fairhaven 1.9 ENE,41.64602,-70.86737,2025-09-20,0.0,0.0
MA-BR-79,Fairhaven 1.9 ENE,41.64602,-70.86737,2025-09-21,0.0,0.0
MA-BR-79,Fairhaven 1.9 ENE,41.64602,-70.86737,2025-09-22,0.0,0.0
MA-BR-79,Fairhaven 1.9 ENE,41.64602,-70.86737,2025-09-23,0.0,0.0
MA-BR-79,Fairhaven 1.9 ENE,41.64602,-70.86737,2025-09-24,0.09,0.0
MA-BR-79,Fairhaven 1.9 ENE,41.64602,-70.86737,2025-09-25,1.25,1.4173228557654254
MA-BR-79,Fairhaven 1.9 ENE,41.64602,-70.86737,2025-09-26,1.46,2.6456693307621273
MA-BR-79,Fairhaven 1.9 ENE,41.64602,-70.86737,2025-09-27,0.0,0.0
MA-BR-79,Fairhaven 1.9 ENE,41.64602,-70.86737,2025-09-28,0.08,0.039370079326817374
MA-BR-79,Fairhaven 1.9 ENE,41.64602,-70.86737,2025-09-29,0.0,0.0
MA-BR-79,Fairhaven 1.9 ENE,41.64602,-70.86737,2025-09-30,0.0,0.0
MA-BR-79,Fairhaven 1.9 ENE,41.64602,-70.86737,2025-10-01,0.0,0.0
MA-BR-79,Fairhaven 1.9 ENE,41.64602,-70.86737,2025-10-02,0.0,0.0
MA-BR-79,Fairhaven 1.9 ENE,41.64602,-70.86737,2025-10-03,0.0,0.0
MA-BR-79,Fairhaven 1.9 ENE,41.64602,-70.86737,2025-10-04,0.0,0.0
MA-BR-79,Fairhaven 1.9 ENE,41.64602,-70.86737,2025-10-05,0.0,0.0
MA-BR-79,Fairhaven 1.9 ENE,41.64602,-70.86737,2025-10-06,0.0,0.0
MA-BR-79,Fairhaven 1.9 ENE,41.64602,-70.86737,2025-10-07,0.0,0.0
MA-BR-79,Fairhaven 1.9 ENE,41.64602,-70.86737,2025-10-08,0.0,0.0
MA-BR-79,Fairhaven 1.9 ENE,41.64602,-70.86737,2025-10-09,0.73,0.6771653644212587
MA-BR-79,Fairhaven 1.9 ENE,41.64602,-70.86737,2025-10-10,0.0,0.0
MA-BR-79,Fairhaven 1.9 ENE,41.64602,-70.86737,2025-10-11,0.0,0.0
MA-BR-79,Fairhaven 1.9 ENE,41.64602,-70.86737,2025-10-12,0.0,0.0
MA-BR-79,Fairhaven 1.9 ENE,41.64602,-70.86737,2025-10-13,1.89,1.9606299504755051
MA-BR-79,Fairhaven 1.9 ENE,41.64602,-70.86737,2025-10-14,1.2,1.185039387737203
MA-BR-79,Fairhaven 1.9 ENE,41.64602,-70.86737,2025-10-15,0.08,0.1574803173072695
MA-BR-79,Fairhaven 1.9 ENE,41.64602,-70.86737,2025-10-16,0.0,0.0
MA-BR-79,Fairhaven 1.9 ENE,41.64602,-70.86737,2025-10-17,0.0,0.0
MA-BR-79,Fairhaven 1.9 ENE,41.64602,-70.86737,2025-10-18,0.0,0.0
MA-BR-79,Fairhaven 1.9 ENE,41.64602,-70.86737,2025-10-19,0.0,0.0
MA-BR-79,Fairhaven 1.9 ENE,41.64602,-70.86737,2025-10-20,0.0,0.0
MA-BR-79,Fairhaven 1.9 ENE,41.64602,-70.86737,2025-10-21,0.72,0.6968504040846675
MA-BR-79,Fairhaven 1.9 ENE,41.64602,-70.86737,2025-10-22,0.0,0.0
MA-BR-79,Fairhaven 1.9 ENE,41.64602,-70.86737,2025-10-23,0.03,0.02755905552877216
MA-BR-79,Fairhaven 1.9 ENE,41.64602,-70.86737,2025-10-24,0.0,0.0
MA-BR-79,Fairhaven 1.9 ENE,41.64602,-70.86737,2025-10-25,0.0,0.0
MA-BR-79,Fairhaven 1.9 ENE,41.64602,-70.86737,2025-10-26,0.0,0.0
MA-BR-79,Fairhaven 1.9 ENE,41.64602,-70.86737,2025-10-27,0.0,0.0
MA-BR-79,Fairhaven 1.9 ENE,41.64602,-70.86737,2025-10-28,0.04,0.007874015865363475
MA-BR-79,Fairhaven 1.9 ENE,41.64602,-70.86737,2025-10-29,0.06,0.0
MA-BR-79,Fairhaven 1.9 ENE,41.64602,-70.86737,2025-10-31,1.58,1.212598443265975
MA-BR-79,Fairhaven 1.9 ENE,41.64602,-70.86737,2025-11-01,0.0,0.0
MA-BR-79,Fairhaven 1.9 ENE,41.64602,-70.86737,2025-11-02,0.0,0.0
MA-BR-79,Fairhaven 1.9 ENE,41.64602,-70.86737,2025-11-03,0.0,0.0
MA-BR-79,Fairhaven 1.9 ENE,41.64602,-70.86737,2025-11-04,0.21,0.31889764254722075
MA-BR-79,Fairhaven 1.9 ENE,41.64602,-70.86737,2025-11-05,0.0,0.0
MA-BR-79,Fairhaven 1.9 ENE,41.64602,-70.86737,2025-11-06,0.07,0.01574803173072695
MA-BR-79,Fairhaven 1.9 ENE,41.64602,-70.86737,2025-11-07,0.0,0.0
MA-BR-79,Fairhaven 1.9 ENE,41.64602,-70.86737,2025-11-08,0.02,0.007874015865363475
MA-BR-79,Fairhaven 1.9 ENE,41.64602,-70.86737,2025-11-09,0.03,0.039370079326817374
MA-BR-79,Fairhaven 1.9 ENE,41.64602,-70.86737,2025-11-10,1.68,1.1771653718718393
MA-BR-79,Fairhaven 1.9 ENE,41.64602,-70.86737,2025-11-11,0.09,0.03937007932681737
MA-BR-79,Fairhaven 1.9 ENE,41.64602,-70.86737,2025-11-12,0.0,0.0
MA-BR-79,Fairhaven 1.9 ENE,41.64602,-70.86737,2025-11-13,0.0,0.0
MA-BR-79,Fairhaven 1.9 ENE,41.64602,-70.86737,2025-11-14,0.0,0.0
MA-BR-79,Fairhaven 1.9 ENE,41.64602,-70.86737,2025-11-15,0.0,0.0
MA-BR-79,Fairhaven 1.9 ENE,41.64602,-70.86737,2025-11-16,0.82,0.7440944992768483
MA-BR-79,Fairhaven 1.9 ENE,41.64602,-70.86737,2025-11-17,0.0,0.0
MA-BR-79,Fairhaven 1.9 ENE,41.64602,-70.86737,2025-11-18,0.0,0.0
MA-BR-79,Fairhaven 1.9 ENE,41.64602,-70.86737,2025-11-19,0.0,0.0
MA-BR-79,Fairhaven 1.9 ENE,41.64602,-70.86737,2025-11-20,0.0,0.0
MA-BR-79,Fairhaven 1.9 ENE,41.64602,-70.86737,2025-11-21,0.0,0.0
MA-BR-79,Fairhaven 1.9 ENE,41.64602,-70.86737,2025-11-22,0.03,0.0
MA-BR-79,Fairhaven 1.9 ENE,41.64602,-70.86737,2025-11-23,0.38,0.34251969014331113
MA-BR-79,Fairhaven 1.9 ENE,41.64602,-70.86737,2025-11-24,0.0,0.011811023798045212
MA-BR-79,Fairhaven 1.9 ENE,41.64602,-70.86737,2025-11-25,0.0,0.0
MA-BR-79,Fairhaven 1.9 ENE,41.64602,-70.86737,2025-11-26,0.29,0.27952756322040334
MA-BR-79,Fairhaven 1.9 ENE,41.64602,-70.86737,2025-11-27,0.03,0.003937007932681738
MA-BR-79,Fairhaven 1.9 ENE,41.64602,-70.86737,2025-11-28,0.0,0.0
MA-BR-79,Fairhaven 1.9 ENE,41.64602,-70.86737,2025-11-29,0.0,0.0
MA-BR-79,Fairhaven 1.9 ENE,41.64602,-70.86737,2025-11-30,0.0,0.0
MA-BR-79,Fairhaven 1.9 ENE,41.64602,-70.86737,2025-12-01,0.99,1.003937022833843
MA-BR-79,Fairhaven 1.9 ENE,41.64602,-70.86737,2025-12-02,0.0,0.0
MA-BR-79,Fairhaven 1.9 ENE,41.64602,-70.86737,2025-12-03,0.98,0.7913385944690292
MA-BR-79,Fairhaven 1.9 ENE,41.64602,-70.86737,2025-12-04,0.0,0.0
MA-BR-79,Fairhaven 1.9 ENE,41.64602,-70.86737,2025-12-05,0.0,0.0
MA-BR-79,Fairhaven 1.9 ENE,41.64602,-70.86737,2025-12-25,0.0,0.0
MA-PL-63,Wareham 5.6 NE,41.800413009,-70.632944092,2025-01-01,0.6,0.6574803247578501
MA-PL-63,Wareham 5.6 NE,41.800413009,-70.632944092,2025-01-02,0.07,0.3188976425472207
MA-PL-63,Wareham 5.6 NE,41.800413009,-70.632944092,2025-01-03,0.0,0.0
MA-PL-63,Wareham 5.6 NE,41.800413009,-70.632944092,2025-01-04,0.0,0.0
MA-PL-63,Wareham 5.6 NE,41.800413009,-70.632944092,2025-01-05,0.0,0.0
MA-PL-63,Wareham 5.6 NE,41.800413009,-70.632944092,2025-01-06,0.0,0.0
MA-PL-63,Wareham 5.6 NE,41.800413009,-70.632944092,2025-01-07,0.0,0.0
MA-PL-63,Wareham 5.6 NE,41.800413009,-70.632944092,2025-01-08,0.0,0.0
MA-PL-63,Wareham 5.6 NE,41.800413009,-70.632944092,2025-01-09,0.0,0.0
MA-PL-63,Wareham 5.6 NE,41.800413009,-70.632944092,2025-01-10,0.0,0.0
MA-PL-63,Wareham 5.6 NE,41.800413009,-70.632944092,2025-01-11,0.0,0.0
MA-PL-63,Wareham 5.6 NE,41.800413009,-70.632944092,2025-01-12,0.11,0.1692913411053147
MA-PL-63,Wareham 5.6 NE,41.800413009,-70.632944092,2025-01-13,0.0,0.0
MA-PL-63,Wareham 5.6 NE,41.800413009,-70.632944092,2025-01-14,0.0,0.0
MA-PL-63,Wareham 5.6 NE,41.800413009,-70.632944092,2025-01-15,0.0,0.0
MA-PL-63,Wareham 5.6 NE,41.800413009,-70.632944092,2025-01-16,0.0,0.0
MA-PL-63,Wareham 5.6 NE,41.800413009,-70.632944092,2025-01-17,0.01,0.003937007932681738
MA-PL-63,Wareham 5.6 NE,41.800413009,-70.632944092,2025-01-18,0.0,0.0
MA-PL-63,Wareham 5.6 NE,41.800413009,-70.632944092,2025-01-19,0.76,0.5433070947100798
MA-PL-63,Wareham 5.6 NE,41.800413009,-70.632944092,2025-01-20,0.37,0.4015748091335372
MA-PL-63,Wareham 5.6 NE,41.800413009,-70.632944092,2025-01-21,0.0,0.0
MA-PL-63,Wareham 5.6 NE,41.800413009,-70.632944092,2025-01-22,0.0,0.0
MA-PL-63,Wareham 5.6 NE,41.800413009,-70.632944092,2025-01-23,0.0,0.0
MA-PL-63,Wareham 5.6 NE,41.800413009,-70.632944092,2025-01-24,0.0,0.0
MA-PL-63,Wareham 5.6 NE,41.800413009,-70.632944092,2025-01-25,0.0,0.0
MA-PL-63,Wareham 5.6 NE,41.800413009,-70.632944092,2025-01-26,0.0,0.0
MA-PL-63,Wareham 5.6 NE,41.800413009,-70.632944092,2025-01-27,0.0,0.0
MA-PL-63,Wareham 5.6 NE,41.800413009,-70.632944092,2025-01-28,0.0,0.0
MA-PL-63,Wareham 5.6 NE,41.800413009,-70.632944092,2025-01-29,0.01,0.04724409519218085
MA-PL-63,Wareham 5.6 NE,41.800413009,-70.632944092,2025-01-30,0.0,0.011811023798045212
MA-PL-63,Wareham 5.6 NE,41.800413009,-70.632944092,2025-01-31,0.0,0.0
MA-PL-63,Wareham 5.6 NE,41.800413009,-70.632944092,2025-02-01,0.82,0.6614173326905318
MA-PL-63,Wareham 5.6 NE,41.800413009,-70.632944092,2025-02-02,0.05,0.10629921418240691
MA-PL-63,Wareham 5.6 NE,41.800413009,-70.632944092,2025-02-03,0.2,0.14566929350922428
MA-PL-63,Wareham 5.6 NE,41.800413009,-70.632944092,2025-02-04,0.0,0.0
MA-PL-63,Wareham 5.6 NE,41.800413009,-70.632944092,2025-02-05,0.0,0.0
MA-PL-63,Wareham 5.6 NE,41.800413009,-70.632944092,2025-02-06,0.0,0.0
MA-PL-63,Wareham 5.6 NE,41.800413009,-70.632944092,2025-02-07,0.26,0.224409452162859
MA-PL-63,Wareham 5.6 NE,41.800413009,-70.632944092,2025-02-08,0.0,0.0
MA-PL-63,Wareham 5.6 NE,41.800413009,-70.632944092,2025-02-09,0.5,0.29133858701844856
MA-PL-63,Wareham 5.6 NE,41.800413009,-70.632944092,2025-02-10,0.03,0.003937007932681738
MA-PL-63,Wareham 5.6 NE,41.800413009,-70.632944092,2025-02-11,0.0,0.0
MA-PL-63,Wareham 5.6 NE,41.800413009,-70.632944092,2025-02-12,0.0,0.0
MA-PL-63,Wareham 5.6 NE,41.800413009,-70.632944092,2025-02-13,0.22,0.16535433317263298
MA-PL-63,Wareham 5.6 NE,41.800413009,-70.632944092,2025-02-14,0.05,0.04330708725949911
MA-PL-63,Wareham 5.6 NE,41.800413009,-70.632944092,2025-02-15,0.0,0.0
MA-PL-63,Wareham 5.6 NE,41.800413009,-70.632944092,2025-02-16,0.77,0.3582677218740381
MA-PL-63,Wareham 5.6 NE,41.800413009,-70.632944092,2025-02-17,1.11,1.4921260064863784
MA-PL-63,Wareham 5.6 NE,41.800413009,-70.632944092,2025-02-18,0.0,0.0
MA-PL-63,Wareham 5.6 NE,41.800413009,-70.632944092,2025-02-19,0.0,0.0
MA-PL-63,Wareham 5.6 NE,41.800413009,-70.632944092,2025-02-20,0.0,0.0
MA-PL-63,Wareham 5.6 NE,41.800413009,-70.632944092,2025-02-21,0.02,0.0
MA-PL-63,Wareham 5.6 NE,41.800413009,-70.632944092,2025-02-22,0.0,0.0
MA-PL-63,Wareham 5.6 NE,41.800413009,-70.632944092,2025-02-23,0.0,0.0
MA-PL-63,Wareham 5.6 NE,41.800413009,-70.632944092,2025-02-24,0.0,0.0
MA-PL-63,Wareham 5.6 NE,41.800413009,-70.632944092,2025-02-25,0.0,0.0
MA-PL-63,Wareham 5.6 NE,41.800413009,-70.632944092,2025-02-26,0.0,0.0
MA-PL-63,Wareham 5.6 NE,41.800413009,-70.632944092,2025-02-27,0.02,0.0629921269229078
MA-PL-63,Wareham 5.6 NE,41.800413009,-70.632944092,2025-02-28,0.06,0.0944881903843617
MA-PL-63,Wareham 5.6 NE,41.800413009,-70.632944092,2025-03-01,0.0,0.0
MA-PL-63,Wareham 5.6 NE,41.800413009,-70.632944092,2025-03-02,0.0,0.0
MA-PL-63,Wareham 5.6 NE,41.800413009,-70.632944092,2025-03-03,0.0,0.0
MA-PL-63,Wareham 5.6 NE,41.800413009,-70.632944092,2025-03-04,0.0,0.0
MA-PL-63,Wareham 5.6 NE,41.800413009,-70.632944092,2025-03-05,0.0,0.0
MA-PL-63,Wareham 5.6 NE,41.800413009,-70.632944092,2025-03-06,0.53,0.6102362295656693
MA-PL-63,Wareham 5.6 NE,41.800413009,-70.632944092,2025-03-07,0.09,0.11811023798045213
MA-PL-63,Wareham 5.6 NE,41.800413009,-70.632944092,2025-03-08,0.0,0.0
MA-PL-63,Wareham 5.6 NE,41.800413009,-70.632944092,2025-03-09,0.0,0.0
MA-PL-63,Wareham 5.6 NE,41.800413009,-70.632944092,2025-03-10,0.0,0.0
MA-PL-63,Wareham 5.6 NE,41.800413009,-70.632944092,2025-03-11,0.0,0.0
MA-PL-63,Wareham 5.6 NE,41.800413009,-70.632944092,2025-03-12,0.0,0.0
MA-PL-63,Wareham 5.6 NE,41.800413009,-70.632944092,2025-03-13,0.0,0.0
MA-PL-63,Wareham 5.6 NE,41.800413009,-70.632944092,2025-03-14,0.0,0.0
MA-PL-63,Wareham 5.6 NE,41.800413009,-70.632944092,2025-03-15,0.0,0.0
MA-PL-63,Wareham 5.6 NE,41.800413009,-70.632944092,2025-03-16,0.0,0.0
MA-PL-63,Wareham 5.6 NE,41.800413009,-70.632944092,2025-03-17,0.79,0.5944881978349423
MA-PL-63,Wareham 5.6 NE,41.800413009,-70.632944092,2025-03-18,1.38,1.5196850620151505
MA-PL-63,Wareham 5.6 NE,41.800413009,-70.632944092,2025-03-19,0.0,0.0
MA-PL-63,Wareham 5.6 NE,41.800413009,-70.632944092,2025-03-20,0.02,0.0
MA-PL-63,Wareham 5.6 NE,41.800413009,-70.632944092,2025-03-21,0.25,0.26377953148967637
MA-PL-63,Wareham 5.6 NE,41.800413009,-70.632944092,2025-03-22,0.12,0.12598425384581557
MA-PL-63,Wareham 5.6 NE,41.800413009,-70.632944092,2025-03-23,0.0,0.0
MA-PL-63,Wareham 5.6 NE,41.800413009,-70.632944092,2025-03-24,0.0,0.0
MA-PL-63,Wareham 5.6 NE,41.800413009,-70.632944092,2025-03-25,0.63,0.6692913485558953
MA-PL-63,Wareham 5.6 NE,41.800413009,-70.632944092,2025-03-26,0.0,0.0
MA-PL-63,Wareham 5.6 NE,41.800413009,-70.632944092,2025-03-27,0.0,0.003937007932681738
MA-PL-63,Wareham 5.6 NE,41.800413009,-70.632944092,2025-03-28,0.0,0.0
MA-PL-63,Wareham 5.6 NE,41.800413009,-70.632944092,2025-03-29,0.06,0.0314960634614539
MA-PL-63,Wareham 5.6 NE,41.800413009,-70.632944092,2025-03-30,0.08,0.08267716658631649
MA-PL-63,Wareham 5.6 NE,41.800413009,-70.632944092,2025-03-31,0.0,0.0
MA-PL-63,Wareham 5.6 NE,41.800413009,-70.632944092,2025-04-01,0.22,0.16535433317263296
MA-PL-63,Wareham 5.6 NE,41.800413009,-70.632944092,2025-04-02,0.03,0.0629921269229078
MA-PL-63,Wareham 5.6 NE,41.800413009,-70.632944092,2025-04-03,0.14,0.16535433317263298
MA-PL-63,Wareham 5.6 NE,41.800413009,-70.632944092,2025-04-04,0.19,0.21653543629749555
MA-PL-63,Wareham 5.6 NE,41.800413009,-70.632944092,2025-04-05,0.0,0.003937007932681738
MA-PL-63,Wareham 5.6 NE,41.800413009,-70.632944092,2025-04-06,0.64,0.5275590629793528
MA-PL-63,Wareham 5.6 NE,41.800413009,-70.632944092,2025-04-07,0.03,0.05118110312486259
MA-PL-63,Wareham 5.6 NE,41.800413009,-70.632944092,2025-04-08,0.42,0.38582677740281024
MA-PL-63,Wareham 5.6 NE,41.800413009,-70.632944092,2025-04-09,0.04,0.04330708725949911
MA-PL-63,Wareham 5.6 NE,41.800413009,-70.632944092,2025-04-10,0.0,0.0
MA-PL-63,Wareham 5.6 NE,41.800413009,-70.632944092,2025-04-11,0.07,0.09842519831704344
MA-PL-63,Wareham 5.6 NE,41.800413009,-70.632944092,2025-04-12,0.41,0.39763780120085546
MA-PL-63,Wareham 5.6 NE,41.800413009,-70.632944092,2025-04-13,0.15,0.0944881903843617
MA-PL-63,Wareham 5.6 NE,41.800413009,-70.632944092,2025-04-14,0.44,0.6220472533637145
MA-PL-63,Wareham 5.6 NE,41.800413009,-70.632944092,2025-04-15,0.15,0.05511811105754432
MA-PL-63,Wareham 5.6 NE,41.800413009,-70.632944092,2025-04-16,0.03,0.14566929350922428
MA-PL-63,Wareham 5.6 NE,41.800413009,-70.632944092,2025-04-17,0.0,0.0
MA-PL-63,Wareham 5.6 NE,41.800413009,-70.632944092,2025-04-18,0.0,0.0
MA-PL-63,Wareham 5.6 NE,41.800413009,-70.632944092,2025-04-19,0.0,0.003937007932681738
MA-PL-63,Wareham 5.6 NE,41.800413009,-70.632944092,2025-04-20,0.0,0.0
MA-PL-63,Wareham 5.6 NE,41.800413009,-70.632944092,2025-04-21,0.0,0.0
MA-PL-63,Wareham 5.6 NE,41.800413009,-70.632944092,2025-04-22,0.13,0.12992126177849733
MA-PL-63,Wareham 5.6 NE,41.800413009,-70.632944092,2025-04-23,0.0,0.011811023798045212
MA-PL-63,Wareham 5.6 NE,41.800413009,-70.632944092,2025-04-24,0.0,0.0
MA-PL-63,Wareham 5.6 NE,41.800413009,-70.632944092,2025-04-25,0.0,0.0
MA-PL-63,Wareham 5.6 NE,41.800413009,-70.632944092,2025-04-26,0.0,0.0
MA-PL-63,Wareham 5.6 NE,41.800413009,-70.632944092,2025-04-27,0.89,0.822834657930483
MA-PL-63,Wareham 5.6 NE,41.800413009,-70.632944092,2025-04-28,0.0,0.011811023798045212
MA-PL-63,Wareham 5.6 NE,41.800413009,-70.632944092,2025-04-29,0.0,0.0
MA-PL-63,Wareham 5.6 NE,41.800413009,-70.632944092,2025-04-30,0.0,0.0
MA-PL-63,Wareham 5.6 NE,41.800413009,-70.632944092,2025-05-01,0.0,0.0
MA-PL-63,Wareham 5.6 NE,41.800413009,-70.632944092,2025-05-02,0.19,0.22440945216285904
MA-PL-63,Wareham 5.6 NE,41.800413009,-70.632944092,2025-05-03,0.05,0.11811023798045212
MA-PL-63,Wareham 5.6 NE,41.800413009,-70.632944092,2025-05-04,0.0,0.003937007932681738
MA-PL-63,Wareham 5.6 NE,41.800413009,-70.632944092,2025-05-05,0.2,0.12992126177849733
MA-PL-63,Wareham 5.6 NE,41.800413009,-70.632944092,2025-05-06,0.0,0.0
MA-PL-63,Wareham 5.6 NE,41.800413009,-70.632944092,2025-05-07,0.09,0.1377952776438608
MA-PL-63,Wareham 5.6 NE,41.800413009,-70.632944092,2025-05-08,0.0,0.0
MA-PL-63,Wareham 5.6 NE,41.800413009,-70.632944092,2025-05-09,0.0,0.0
MA-PL-63,Wareham 5.6 NE,41.800413009,-70.632944092,2025-05-10,1.36,1.3267716733137453
MA-PL-63,Wareham 5.6 NE,41.800413009,-70.632944092,2025-05-11,0.01,0.0
MA-PL-63,Wareham 5.6 NE,41.800413009,-70.632944092,2025-05-12,0.0,0.0
MA-PL-63,Wareham 5.6 NE,41.800413009,-70.632944092,2025-05-13,0.0,0.0
MA-PL-63,Wareham 5.6 NE,41.800413009,-70.632944092,2025-05-14,0.0,0.0
MA-PL-63,Wareham 5.6 NE,41.800413009,-70.632944092,2025-05-15,0.11,0.007874015865363475
MA-PL-63,Wareham 5.6 NE,41.800413009,-70.632944092,2025-05-16,0.07,0.2007874045667686
MA-PL-63,Wareham 5.6 NE,41.800413009,-70.632944092,2025-05-17,0.0,0.0
MA-PL-63,Wareham 5.6 NE,41.800413009,-70.632944092,2025-05-18,0.01,0.0
MA-PL-63,Wareham 5.6 NE,41.800413009,-70.632944092,2025-05-19,0.0,0.0
MA-PL-63,Wareham 5.6 NE,41.800413009,-70.632944092,2025-05-20,0.0,0.0
MA-PL-63,Wareham 5.6 NE,41.800413009,-70.632944092,2025-05-21,0.0,0.0
MA-PL-63,Wareham 5.6 NE,41.800413009,-70.632944092,2025-05-22,0.02,0.0
MA-PL-63,Wareham 5.6 NE,41.800413009,-70.632944092,2025-05-23,4.95,4.28346463075773
MA-PL-63,Wareham 5.6 NE,41.800413009,-70.632944092,2025-05-24,0.04,0.019685039663408687
MA-PL-63,Wareham 5.6 NE,41.800413009,-70.632944092,2025-05-25,0.05,0.039370079326817374
MA-PL-63,Wareham 5.6 NE,41.800413009,-70.632944092,2025-05-26,0.0,0.0
MA-PL-63,Wareham 5.6 NE,41.800413009,-70.632944092,2025-05-27,0.0,0.0
MA-PL-63,Wareham 5.6 NE,41.800413009,-70.632944092,2025-05-28,0.0,0.0
MA-PL-63,Wareham 5.6 NE,41.800413009,-70.632944092,2025-05-29,0.14,0.11811023798045212
MA-PL-63,Wareham 5.6 NE,41.800413009,-70.632944092,2025-05-30,0.03,0.007874015865363475
MA-PL-63,Wareham 5.6 NE,41.800413009,-70.632944092,2025-05-31,0.17,0.2007874045667686
MA-PL-63,Wareham 5.6 NE,41.800413009,-70.632944092,2025-06-01,0.11,0.0944881903843617
MA-PL-63,Wareham 5.6 NE,41.800413009,-70.632944092,2025-06-02,0.0,0.0
MA-PL-63,Wareham 5.6 NE,41.800413009,-70.632944092,2025-06-03,0.0,0.0
MA-PL-63,Wareham 5.6 NE,41.800413009,-70.632944092,2025-06-04,0.0,0.0
MA-PL-63,Wareham 5.6 NE,41.800413009,-70.632944092,2025-06-05,0.0,0.0
MA-PL-63,Wareham 5.6 NE,41.800413009,-70.632944092,2025-06-06,0.0,0.0
MA-PL-63,Wareham 5.6 NE,41.800413009,-70.632944092,2025-06-07,0.0,0.0
MA-PL-63,Wareham 5.6 NE,41.800413009,-70.632944092,2025-06-08,1.07,0.901574816584118
MA-PL-63,Wareham 5.6 NE,41.800413009,-70.632944092,2025-06-09,0.0,0.0
MA-PL-63,Wareham 5.6 NE,41.800413009,-70.632944092,2025-06-10,0.03,0.0
MA-PL-63,Wareham 5.6 NE,41.800413009,-70.632944092,2025-06-11,0.43,0.4527559122583998
MA-PL-63,Wareham 5.6 NE,41.800413009,-70.632944092,2025-06-12,0.0,0.0
MA-PL-63,Wareham 5.6 NE,41.800413009,-70.632944092,2025-06-13,0.0,0.0
MA-PL-63,Wareham 5.6 NE,41.800413009,-70.632944092,2025-06-14,0.0,0.003937007932681738
MA-PL-63,Wareham 5.6 NE,41.800413009,-70.632944092,2025-06-15,0.05,0.059055118990226065
MA-PL-63,Wareham 5.6 NE,41.800413009,-70.632944092,2025-06-16,0.0,0.0
MA-PL-63,Wareham 5.6 NE,41.800413009,-70.632944092,2025-06-17,0.0,0.0
MA-PL-63,Wareham 5.6 NE,41.800413009,-70.632944092,2025-06-18,0.06,0.09055118245167997
MA-PL-63,Wareham 5.6 NE,41.800413009,-70.632944092,2025-06-19,0.0,0.007874015865363475
MA-PL-63,Wareham 5.6 NE,41.800413009,-70.632944092,2025-06-20,0.0,0.0
MA-PL-63,Wareham 5.6 NE,41.800413009,-70.632944092,2025-06-21,0.0,0.0
MA-PL-63,Wareham 5.6 NE,41.800413009,-70.632944092,2025-06-22,0.0,0.0
MA-PL-63,Wareham 5.6 NE,41.800413009,-70.632944092,2025-06-23,0.01,0.019685039663408687
MA-PL-63,Wareham 5.6 NE,41.800413009,-70.632944092,2025-06-24,0.0,0.0
MA-PL-63,Wareham 5.6 NE,41.800413009,-70.632944092,2025-06-25,0.0,0.0
MA-PL-63,Wareham 5.6 NE,41.800413009,-70.632944092,2025-06-26,0.03,0.019685039663408687
MA-PL-63,Wareham 5.6 NE,41.800413009,-70.632944092,2025-06-27,0.03,0.04330708725949911
MA-PL-63,Wareham 5.6 NE,41.800413009,-70.632944092,2025-06-28,0.03,0.011811023798045214
MA-PL-63,Wareham 5.6 NE,41.800413009,-70.632944092,2025-06-29,0.04,0.031496063461453894
MA-PL-63,Wareham 5.6 NE,41.800413009,-70.632944092,2025-06-30,0.0,0.0
MA-PL-63,Wareham 5.6 NE,41.800413009,-70.632944092,2025-07-01,0.0,0.0
MA-PL-63,Wareham 5.6 NE,41.800413009,-70.632944092,2025-07-02,0.05,0.08661417451899822
MA-PL-63,Wareham 5.6 NE,41.800413009,-70.632944092,2025-07-03,0.02,0.0314960634614539
MA-PL-63,Wareham 5.6 NE,41.800413009,-70.632944092,2025-07-04,1.39,0.897637808651436
MA-PL-63,Wareham 5.6 NE,41.800413009,-70.632944092,2025-07-05,0.0,0.0
MA-PL-63,Wareham 5.6 NE,41.800413009,-70.632944092,2025-07-06,0.0,0.0
MA-PL-63,Wareham 5.6 NE,41.800413009,-70.632944092,2025-07-07,0.0,0.0
MA-PL-63,Wareham 5.6 NE,41.800413009,-70.632944092,2025-07-08,0.08,0.039370079326817374
MA-PL-63,Wareham 5.6 NE,41.800413009,-70.632944092,2025-07-09,0.36,0.6377952850944414
MA-PL-63,Wareham 5.6 NE,41.800413009,-70.632944092,2025-07-10,0.16,0.1338582697111791
MA-PL-63,Wareham 5.6 NE,41.800413009,-70.632944092,2025-07-11,0.95,0.6338582771617597
MA-PL-63,Wareham 5.6 NE,41.800413009,-70.632944092,2025-07-12,0.0,0.0
MA-PL-63,Wareham 5.6 NE,41.800413009,-70.632944092,2025-07-13,0.0,0.0
MA-PL-63,Wareham 5.6 NE,41.800413009,-70.632944092,2025-07-14,0.0,0.0
MA-PL-63,Wareham 5.6 NE,41.800413009,-70.632944092,2025-07-15,0.04,0.051181103124862584
MA-PL-63,Wareham 5.6 NE,41.800413009,-70.632944092,2025-07-16,0.0,0.01574803173072695
MA-PL-63,Wareham 5.6 NE,41.800413009,-70.632944092,2025-07-17,0.0,0.0
MA-PL-63,Wareham 5.6 NE,41.800413009,-70.632944092,2025-07-18,0.0,0.0
MA-PL-63,Wareham 5.6 NE,41.800413009,-70.632944092,2025-07-19,0.0,0.0
MA-PL-63,Wareham 5.6 NE,41.800413009,-70.632944092,2025-07-20,0.0,0.0
MA-PL-63,Wareham 5.6 NE,41.800413009,-70.632944092,2025-07-21,0.0,0.003937007932681738
MA-PL-63,Wareham 5.6 NE,41.800413009,-70.632944092,2025-07-22,0.0,0.0
MA-PL-63,Wareham 5.6 NE,41.800413009,-70.632944092,2025-07-23,0.0,0.0
MA-PL-63,Wareham 5.6 NE,41.800413009,-70.632944092,2025-07-24,0.0,0.0
MA-PL-63,Wareham 5.6 NE,41.800413009,-70.632944092,2025-07-25,0.0,0.0
MA-PL-63,Wareham 5.6 NE,41.800413009,-70.632944092,2025-07-26,0.09,0.22047244423017728
MA-PL-63,Wareham 5.6 NE,41.800413009,-70.632944092,2025-07-27,0.0,0.0
MA-PL-63,Wareham 5.6 NE,41.800413009,-70.632944092,2025-07-28,0.01,0.051181103124862584
MA-PL-63,Wareham 5.6 NE,41.800413009,-70.632944092,2025-07-29,0.0,0.0
MA-PL-63,Wareham 5.6 NE,41.800413009,-70.632944092,2025-07-30,0.0,0.0
MA-PL-63,Wareham 5.6 NE,41.800413009,-70.632944092,2025-07-31,0.0,0.019685039663408687
MA-PL-63,Wareham 5.6 NE,41.800413009,-70.632944092,2025-08-01,0.44,0.5000000074505806
MA-PL-63,Wareham 5.6 NE,41.800413009,-70.632944092,2025-08-02,0.14,0.07874015865363475
MA-PL-63,Wareham 5.6 NE,41.800413009,-70.632944092,2025-08-03,0.0,0.0
MA-PL-63,Wareham 5.6 NE,41.800413009,-70.632944092,2025-08-04,0.0,0.0
MA-PL-63,Wareham 5.6 NE,41.800413009,-70.632944092,2025-08-05,0.0,0.0
MA-PL-63,Wareham 5.6 NE,41.800413009,-70.632944092,2025-08-06,0.0,0.0
MA-PL-63,Wareham 5.6 NE,41.800413009,-70.632944092,2025-08-07,0.0,0.0
MA-PL-63,Wareham 5.6 NE,41.800413009,-70.632944092,2025-08-08,0.0,0.0
MA-PL-63,Wareham 5.6 NE,41.800413009,-70.632944092,2025-08-09,0.0,0.0
MA-PL-63,Wareham 5.6 NE,41.800413009,-70.632944092,2025-08-10,0.0,0.0
MA-PL-63,Wareham 5.6 NE,41.800413009,-70.632944092,2025-08-11,0.0,0.0
MA-PL-63,Wareham 5.6 NE,41.800413009,-70.632944092,2025-08-12,0.0,0.0
MA-PL-63,Wareham 5.6 NE,41.800413009,-70.632944092,2025-08-13,0.0,0.0
MA-PL-63,Wareham 5.6 NE,41.800413009,-70.632944092,2025-08-14,0.0,0.0
MA-PL-63,Wareham 5.6 NE,41.800413009,-70.632944092,2025-08-15,0.0,0.019685039663408687
MA-PL-63,Wareham 5.6 NE,41.800413009,-70.632944092,2025-08-16,0.0,0.0
MA-PL-63,Wareham 5.6 NE,41.800413009,-70.632944092,2025-08-17,0.0,0.0
MA-PL-63,Wareham 5.6 NE,41.800413009,-70.632944092,2025-08-18,0.05,0.039370079326817374
MA-PL-63,Wareham 5.6 NE,41.800413009,-70.632944092,2025-08-19,0.0,0.0
MA-PL-63,Wareham 5.6 NE,41.800413009,-70.632944092,2025-08-20,0.0,0.0
MA-PL-63,Wareham 5.6 NE,41.800413009,-70.632944092,2025-08-21,0.94,0.8897637927860726
MA-PL-63,Wareham 5.6 NE,41.800413009,-70.632944092,2025-08-22,0.0,0.01574803173072695
MA-PL-63,Wareham 5.6 NE,41.800413009,-70.632944092,2025-08-23,0.0,0.0
MA-PL-63,Wareham 5.6 NE,41.800413009,-70.632944092,2025-08-24,0.0,0.0
MA-PL-63,Wareham 5.6 NE,41.800413009,-70.632944092,2025-08-25,0.0,0.0
MA-PL-63,Wareham 5.6 NE,41.800413009,-70.632944092,2025-08-26,0.0,0.007874015865363475
MA-PL-63,Wareham 5.6 NE,41.800413009,-70.632944092,2025-08-27,0.0,0.0
MA-PL-63,Wareham 5.6 NE,41.800413009,-70.632944092,2025-08-28,0.18,0.18110236490335993
MA-PL-63,Wareham 5.6 NE,41.800413009,-70.632944092,2025-08-29,0.0,0.0
MA-PL-63,Wareham 5.6 NE,41.800413009,-70.632944092,2025-08-30,0.32,0.3188976425472207
MA-PL-63,Wareham 5.6 NE,41.800413009,-70.632944092,2025-08-31,0.0,0.0
MA-PL-63,Wareham 5.6 NE,41.800413009,-70.632944092,2025-09-01,0.0,0.0
MA-PL-63,Wareham 5.6 NE,41.800413009,-70.632944092,2025-09-02,0.0,0.0
MA-PL-63,Wareham 5.6 NE,41.800413009,-70.632944092,2025-09-03,0.0,0.0
MA-PL-63,Wareham 5.6 NE,41.800413009,-70.632944092,2025-09-04,0.0,0.0
MA-PL-63,Wareham 5.6 NE,41.800413009,-70.632944092,2025-09-05,0.05,0.019685039663408687
MA-PL-63,Wareham 5.6 NE,41.800413009,-70.632944092,2025-09-06,0.0,0.039370079326817374
MA-PL-63,Wareham 5.6 NE,41.800413009,-70.632944092,2025-09-07,0.03,0.16535433317263298
MA-PL-63,Wareham 5.6 NE,41.800413009,-70.632944092,2025-09-08,1.07,0.9960630069684795
MA-PL-63,Wareham 5.6 NE,41.800413009,-70.632944092,2025-09-09,0.0,0.0
MA-PL-63,Wareham 5.6 NE,41.800413009,-70.632944092,2025-09-10,0.0,0.0
MA-PL-63,Wareham 5.6 NE,41.800413009,-70.632944092,2025-09-11,0.0,0.0
MA-PL-63,Wareham 5.6 NE,41.800413009,-70.632944092,2025-09-12,0.0,0.0
MA-PL-63,Wareham 5.6 NE,41.800413009,-70.632944092,2025-09-13,0.0,0.0
MA-PL-63,Wareham 5.6 NE,41.800413009,-70.632944092,2025-09-14,0.0,0.0
MA-PL-63,Wareham 5.6 NE,41.800413009,-70.632944092,2025-09-15,0.0,0.011811023798045212
MA-PL-63,Wareham 5.6 NE,41.800413009,-70.632944092,2025-09-16,0.0,0.0
MA-PL-63,Wareham 5.6 NE,41.800413009,-70.632944092,2025-09-17,0.0,0.0
MA-PL-63,Wareham 5.6 NE,41.800413009,-70.632944092,2025-09-18,1.15,1.5118110461497871
MA-PL-63,Wareham 5.6 NE,41.800413009,-70.632944092,2025-09-19,0.0,0.0
MA-PL-63,Wareham 5.6 NE,41.800413009,-70.632944092,2025-09-20,0.0,0.0
MA-PL-63,Wareham 5.6 NE,41.800413009,-70.632944092,2025-09-21,0.0,0.0
MA-PL-63,Wareham 5.6 NE,41.800413009,-70.632944092,2025-09-22,0.0,0.0
MA-PL-63,Wareham 5.6 NE,41.800413009,-70.632944092,2025-09-23,0.0,0.0
MA-PL-63,Wareham 5.6 NE,41.800413009,-70.632944092,2025-09-24,0.04,0.05905511899022606
MA-PL-63,Wareham 5.6 NE,41.800413009,-70.632944092,2025-09-25,0.68,0.7401574913441666
MA-PL-63,Wareham 5.6 NE,41.800413009,-70.632944092,2025-09-26,2.12,2.8582677591269414
MA-PL-63,Wareham 5.6 NE,41.800413009,-70.632944092,2025-09-27,0.0,0.0
MA-PL-63,Wareham 5.6 NE,41.800413009,-70.632944092,2025-09-28,0.05,0.0629921269229078
MA-PL-63,Wareham 5.6 NE,41.800413009,-70.632944092,2025-09-29,0.0,0.0
MA-PL-63,Wareham 5.6 NE,41.800413009,-70.632944092,2025-09-30,0.0,0.0
MA-PL-63,Wareham 5.6 NE,41.800413009,-70.632944092,2025-10-01,0.0,0.0
MA-PL-63,Wareham 5.6 NE,41.800413009,-70.632944092,2025-10-02,0.0,0.0
MA-PL-63,Wareham 5.6 NE,41.800413009,-70.632944092,2025-10-03,0.0,0.0
MA-PL-63,Wareham 5.6 NE,41.800413009,-70.632944092,2025-10-04,0.0,0.0
MA-PL-63,Wareham 5.6 NE,41.800413009,-70.632944092,2025-10-05,0.0,0.0
MA-PL-63,Wareham 5.6 NE,41.800413009,-70.632944092,2025-10-06,0.0,0.0
MA-PL-63,Wareham 5.6 NE,41.800413009,-70.632944092,2025-10-07,0.0,0.0
MA-PL-63,Wareham 5.6 NE,41.800413009,-70.632944092,2025-10-08,0.0,0.0
MA-PL-63,Wareham 5.6 NE,41.800413009,-70.632944092,2025-10-09,1.22,1.0748031656221142
MA-PL-63,Wareham 5.6 NE,41.800413009,-70.632944092,2025-10-10,0.0,0.0
MA-PL-63,Wareham 5.6 NE,41.800413009,-70.632944092,2025-10-11,0.0,0.0
MA-PL-63,Wareham 5.6 NE,41.800413009,-70.632944092,2025-10-12,0.0,0.0
MA-PL-63,Wareham 5.6 NE,41.800413009,-70.632944092,2025-10-13,2.42,2.2047244423017727
MA-PL-63,Wareham 5.6 NE,41.800413009,-70.632944092,2025-10-14,3.06,2.5551181483104473
MA-PL-63,Wareham 5.6 NE,41.800413009,-70.632944092,2025-10-15,0.71,0.5433070947100798
MA-PL-63,Wareham 5.6 NE,41.800413009,-70.632944092,2025-10-16,0.0,0.0
MA-PL-63,Wareham 5.6 NE,41.800413009,-70.632944092,2025-10-17,0.0,0.0
MA-PL-63,Wareham 5.6 NE,41.800413009,-70.632944092,2025-10-18,0.0,0.0
MA-PL-63,Wareham 5.6 NE,41.800413009,-70.632944092,2025-10-19,0.0,0.0
MA-PL-63,Wareham 5.6 NE,41.800413009,-70.632944092,2025-10-20,0.0,0.0
MA-PL-63,Wareham 5.6 NE,41.800413009,-70.632944092,2025-10-21,0.74,0.6653543406232136
MA-PL-63,Wareham 5.6 NE,41.800413009,-70.632944092,2025-10-22,0.0,0.0
MA-PL-63,Wareham 5.6 NE,41.800413009,-70.632944092,2025-10-23,0.12,0.09448819038436171
MA-PL-63,Wareham 5.6 NE,41.800413009,-70.632944092,2025-10-24,0.0,0.0
MA-PL-63,Wareham 5.6 NE,41.800413009,-70.632944092,2025-10-25,0.03,0.007874015865363475
MA-PL-63,Wareham 5.6 NE,41.800413009,-70.632944092,2025-10-26,0.0,0.0
MA-PL-63,Wareham 5.6 NE,41.800413009,-70.632944092,2025-10-27,0.0,0.0
MA-PL-63,Wareham 5.6 NE,41.800413009,-70.632944092,2025-10-28,0.04,0.0944881903843617
MA-PL-63,Wareham 5.6 NE,41.800413009,-70.632944092,2025-10-29,0.02,0.003937007932681738
MA-PL-63,Wareham 5.6 NE,41.800413009,-70.632944092,2025-10-30,0.09,0.0314960634614539
MA-PL-63,Wareham 5.6 NE,41.800413009,-70.632944092,2025-10-31,1.63,1.3858267923039715
MA-PL-63,Wareham 5.6 NE,41.800413009,-70.632944092,2025-11-01,0.0,0.0
MA-PL-63,Wareham 5.6 NE,41.800413009,-70.632944092,2025-11-02,0.0,0.0
MA-PL-63,Wareham 5.6 NE,41.800413009,-70.632944092,2025-11-03,0.0,0.0
MA-PL-63,Wareham 5.6 NE,41.800413009,-70.632944092,2025-11-04,0.22,0.240157483893586
MA-PL-63,Wareham 5.6 NE,41.800413009,-70.632944092,2025-11-05,0.0,0.0
MA-PL-63,Wareham 5.6 NE,41.800413009,-70.632944092,2025-11-06,0.05,0.08661417451899822
MA-PL-63,Wareham 5.6 NE,41.800413009,-70.632944092,2025-11-07,0.0,0.0
MA-PL-63,Wareham 5.6 NE,41.800413009,-70.632944092,2025-11-08,0.03,0.019685039663408687
MA-PL-63,Wareham 5.6 NE,41.800413009,-70.632944092,2025-11-09,0.06,0.05511811105754432
MA-PL-63,Wareham 5.6 NE,41.800413009,-70.632944092,2025-11-10,1.78,0.9566929276416621
MA-PL-63,Wareham 5.6 NE,41.800413009,-70.632944092,2025-11-11,0.13,0.06692913485558953
MA-PL-63,Wareham 5.6 NE,41.800413009,-70.632944092,2025-11-12,0.0,0.0
MA-PL-63,Wareham 5.6 NE,41.800413009,-70.632944092,2025-11-13,0.0,0.0
MA-PL-63,Wareham 5.6 NE,41.800413009,-70.632944092,2025-11-14,0.01,0.007874015865363475
MA-PL-63,Wareham 5.6 NE,41.800413009,-70.632944092,2025-11-15,0.0,0.0
MA-PL-63,Wareham 5.6 NE,41.800413009,-70.632944092,2025-11-16,0.88,0.7952756024017109
MA-PL-63,Wareham 5.6 NE,41.800413009,-70.632944092,2025-11-17,0.0,0.0
MA-PL-63,Wareham 5.6 NE,41.800413009,-70.632944092,2025-11-18,0.0,0.0
MA-PL-63,Wareham 5.6 NE,41.800413009,-70.632944092,2025-11-19,0.0,0.0
MA-PL-63,Wareham 5.6 NE,41.800413009,-70.632944092,2025-11-20,0.0,0.0
MA-PL-63,Wareham 5.6 NE,41.800413009,-70.632944092,2025-11-21,0.0,0.0
MA-PL-63,Wareham 5.6 NE,41.800413009,-70.632944092,2025-11-22,0.01,0.0
MA-PL-63,Wareham 5.6 NE,41.800413009,-70.632944092,2025-11-23,0.47,0.34251969014331113
MA-PL-63,Wareham 5.6 NE,41.800413009,-70.632944092,2025-11-24,0.02,0.031496063461453894
MA-PL-63,Wareham 5.6 NE,41.800413009,-70.632944092,2025-11-25,0.0,0.0
MA-PL-63,Wareham 5.6 NE,41.800413009,-70.632944092,2025-11-26,0.29,0.2559055156243129
MA-PL-63,Wareham 5.6 NE,41.800413009,-70.632944092,2025-11-27,0.02,0.003937007932681738
MA-PL-63,Wareham 5.6 NE,41.800413009,-70.632944092,2025-11-28,0.0,0.0
MA-PL-63,Wareham 5.6 NE,41.800413009,-70.632944092,2025-11-29,0.0,0.0
MA-PL-63,Wareham 5.6 NE,41.800413009,-70.632944092,2025-11-30,0.0,0.0
MA-PL-63,Wareham 5.6 NE,41.800413009,-70.632944092,2025-12-01,0.98,1.0078740307665248
MA-PL-63,Wareham 5.6 NE,41.800413009,-70.632944092,2025-12-02,0.0,0.0
MA-PL-63,Wareham 5.6 NE,41.800413009,-70.632944092,2025-12-03,0.95,0.8188976499978013
MA-PL-63,Wareham 5.6 NE,41.800413009,-70.632944092,2025-12-04,0.0,0.0
MA-PL-63,Wareham 5.6 NE,41.800413009,-70.632944092,2025-12-05,0.0,0.0
MA-PL-63,Wareham 5.6 NE,41.800413009,-70.632944092,2025-12-06,0.0,0.0
MA-PL-63,Wareham 5.6 NE,41.800413009,-70.632944092,2025-12-07,0.03,0.03543307139413564
MA-PL-63,Wareham 5.6 NE,41.800413009,-70.632944092,2025-12-08,0.0,0.0
MA-PL-63,Wareham 5.6 NE,41.800413009,-70.632944092,2025-12-09,0.0,0.0
MA-PL-63,Wareham 5.6 NE,41.800413009,-70.632944092,2025-12-10,0.03,0.04330708725949911
MA-PL-63,Wareham 5.6 NE,41.800413009,-70.632944092,2025-12-11,0.01,0.03543307139413564
MA-PL-63,Wareham 5.6 NE,41.800413009,-70.632944092,2025-12-12,0.0,0.0
MA-PL-63,Wareham 5.6 NE,41.800413009,-70.632944092,2025-12-13,0.0,0.0
MA-PL-63,Wareham 5.6 NE,41.800413009,-70.632944092,2025-12-14,0.19,0.09055118245167997
MA-PL-63,Wareham 5.6 NE,41.800413009,-70.632944092,2025-12-15,0.15,0.2716535473550399
MA-PL-63,Wareham 5.6 NE,41.800413009,-70.632944092,2025-12-16,0.0,0.0
MA-PL-63,Wareham 5.6 NE,41.800413009,-70.632944092,2025-12-17,0.0,0.0
MA-PL-63,Wareham 5.6 NE,41.800413009,-70.632944092,2025-12-18,0.0,0.0
MA-PL-63,Wareham 5.6 NE,41.800413009,-70.632944092,2025-12-19,0.09,0.18503937283604166
MA-PL-63,Wareham 5.6 NE,41.800413009,-70.632944092,2025-12-20,0.52,0.6023622137003058
MA-PL-63,Wareham 5.6 NE,41.800413009,-70.632944092,2025-12-21,0.0,0.0
MA-PL-63,Wareham 5.6 NE,41.800413009,-70.632944092,2025-12-22,0.0,0.0
MA-PL-63,Wareham 5.6 NE,41.800413009,-70.632944092,2025-12-23,0.0,0.0
MA-PL-63,Wareham 5.6 NE,41.800413009,-70.632944092,2025-12-24,0.13,0.16535433317263298
MA-PL-63,Wareham 5.6 NE,41.800413009,-70.632944092,2025-12-25,0.02,0.03543307139413564
MA-PL-63,Wareham 5.6 NE,41.800413009,-70.632944092,2025-12-26,0.01,0.0
MA-PL-63,Wareham 5.6 NE,41.800413009,-70.632944092,2025-12-27,0.27,0.20472441249945034
MA-PL-63,Wareham 5.6 NE,41.800413009,-70.632944092,2025-12-28,0.01,0.011811023798045212
MA-PL-63,Wareham 5.6 NE,41.800413009,-70.632944092,2025-12-29,0.27,0.224409452162859
MA-PL-63,Wareham 5.6 NE,41.800413009,-70.632944092,2025-12-30,0.3,0.2755905552877216
MA-PL-63,Wareham 5.6 NE,41.800413009,-70.632944092,2025-12-31,0.0,0.0
MA-PL-66,Marion 1.3 N,41.7223161,-70.7591872,2025-01-01,1.01,0.6968504040846675
MA-PL-66,Marion 1.3 N,41.7223161,-70.7591872,2025-01-02,0.1,0.36614173773940156
MA-PL-66,Marion 1.3 N,41.7223161,-70.7591872,2025-01-03,0.0,0.0
MA-PL-66,Marion 1.3 N,41.7223161,-70.7591872,2025-01-04,0.0,0.0
MA-PL-66,Marion 1.3 N,41.7223161,-70.7591872,2025-01-05,0.0,0.0
MA-PL-66,Marion 1.3 N,41.7223161,-70.7591872,2025-01-06,0.0,0.0
MA-PL-66,Marion 1.3 N,41.7223161,-70.7591872,2025-01-07,0.0,0.0
MA-PL-66,Marion 1.3 N,41.7223161,-70.7591872,2025-01-08,0.0,0.0
MA-PL-66,Marion 1.3 N,41.7223161,-70.7591872,2025-01-09,0.0,0.0
MA-PL-66,Marion 1.3 N,41.7223161,-70.7591872,2025-01-10,0.0,0.0
MA-PL-66,Marion 1.3 N,41.7223161,-70.7591872,2025-01-11,0.0,0.0
MA-PL-66,Marion 1.3 N,41.7223161,-70.7591872,2025-01-12,0.09,0.13779527764386082
MA-PL-66,Marion 1.3 N,41.7223161,-70.7591872,2025-01-13,0.0,0.0
MA-PL-66,Marion 1.3 N,41.7223161,-70.7591872,2025-01-14,0.0,0.0
MA-PL-66,Marion 1.3 N,41.7223161,-70.7591872,2025-01-15,0.0,0.0
MA-PL-66,Marion 1.3 N,41.7223161,-70.7591872,2025-01-16,0.0,0.0
MA-PL-66,Marion 1.3 N,41.7223161,-70.7591872,2025-01-17,0.0,0.0
MA-PL-66,Marion 1.3 N,41.7223161,-70.7591872,2025-01-18,0.0,0.0
MA-PL-66,Marion 1.3 N,41.7223161,-70.7591872,2025-01-19,0.72,0.5393700867773981
MA-PL-66,Marion 1.3 N,41.7223161,-70.7591872,2025-01-20,0.43,0.4094488249989007
MA-PL-66,Marion 1.3 N,41.7223161,-70.7591872,2025-01-21,0.0,0.0
MA-PL-66,Marion 1.3 N,41.7223161,-70.7591872,2025-01-22,0.0,0.0
MA-PL-66,Marion 1.3 N,41.7223161,-70.7591872,2025-01-23,0.0,0.0
MA-PL-66,Marion 1.3 N,41.7223161,-70.7591872,2025-01-24,0.0,0.0
MA-PL-66,Marion 1.3 N,41.7223161,-70.7591872,2025-01-25,0.0,0.0
MA-PL-66,Marion 1.3 N,41.7223161,-70.7591872,2025-01-26,0.0,0.0
MA-PL-66,Marion 1.3 N,41.7223161,-70.7591872,2025-01-27,0.0,0.0
MA-PL-66,Marion 1.3 N,41.7223161,-70.7591872,2025-01-28,0.0,0.0
MA-PL-66,Marion 1.3 N,41.7223161,-70.7591872,2025-01-29,0.0,0.039370079326817374
MA-PL-66,Marion 1.3 N,41.7223161,-70.7591872,2025-01-30,0.0,0.007874015865363475
MA-PL-66,Marion 1.3 N,41.7223161,-70.7591872,2025-01-31,0.0,0.0
MA-PL-66,Marion 1.3 N,41.7223161,-70.7591872,2025-02-01,0.77,0.6614173326905318
MA-PL-66,Marion 1.3 N,41.7223161,-70.7591872,2025-02-02,0.05,0.08267716658631649
MA-PL-66,Marion 1.3 N,41.7223161,-70.7591872,2025-02-03,0.22,0.2007874045667686
MA-PL-66,Marion 1.3 N,41.7223161,-70.7591872,2025-02-04,0.0,0.0
MA-PL-66,Marion 1.3 N,41.7223161,-70.7591872,2025-02-05,0.0,0.0
MA-PL-66,Marion 1.3 N,41.7223161,-70.7591872,2025-02-06,0.0,0.0
MA-PL-66,Marion 1.3 N,41.7223161,-70.7591872,2025-02-07,0.24,0.25984252355699466
MA-PL-66,Marion 1.3 N,41.7223161,-70.7591872,2025-02-08,0.0,0.0
MA-PL-66,Marion 1.3 N,41.7223161,-70.7591872,2025-02-11,0.0,0.0
MA-PL-66,Marion 1.3 N,41.7223161,-70.7591872,2025-02-12,0.0,0.0
MA-PL-66,Marion 1.3 N,41.7223161,-70.7591872,2025-02-13,0.19,0.19685039663408688
MA-PL-66,Marion 1.3 N,41.7223161,-70.7591872,2025-02-14,0.04,0.04330708725949911
MA-PL-66,Marion 1.3 N,41.7223161,-70.7591872,2025-02-25,0.0,0.0
MA-PL-66,Marion 1.3 N,41.7223161,-70.7591872,2025-02-26,0.0,0.0
MA-PL-66,Marion 1.3 N,41.7223161,-70.7591872,2025-02-27,0.02,0.07480315072095302
MA-PL-66,Marion 1.3 N,41.7223161,-70.7591872,2025-02-28,0.06,0.0944881903843617
MA-PL-66,Marion 1.3 N,41.7223161,-70.7591872,2025-03-01,0.0,0.0
MA-PL-66,Marion 1.3 N,41.7223161,-70.7591872,2025-03-02,0.0,0.0
MA-PL-66,Marion 1.3 N,41.7223161,-70.7591872,2025-03-03,0.0,0.0
MA-PL-66,Marion 1.3 N,41.7223161,-70.7591872,2025-03-04,0.0,0.0
MA-PL-66,Marion 1.3 N,41.7223161,-70.7591872,2025-03-05,0.0,0.0
MA-PL-66,Marion 1.3 N,41.7223161,-70.7591872,2025-03-06,0.39,0.480314967787172
MA-PL-66,Marion 1.3 N,41.7223161,-70.7591872,2025-03-07,0.07,0.10629921418240693
MA-PL-66,Marion 1.3 N,41.7223161,-70.7591872,2025-03-08,0.0,0.0
MA-PL-66,Marion 1.3 N,41.7223161,-70.7591872,2025-03-09,0.0,0.0
MA-PL-66,Marion 1.3 N,41.7223161,-70.7591872,2025-03-10,0.0,0.0
MA-PL-66,Marion 1.3 N,41.7223161,-70.7591872,2025-03-11,0.0,0.0
MA-PL-66,Marion 1.3 N,41.7223161,-70.7591872,2025-03-12,0.0,0.0
MA-PL-66,Marion 1.3 N,41.7223161,-70.7591872,2025-03-13,0.0,0.0
MA-PL-66,Marion 1.3 N,41.7223161,-70.7591872,2025-03-14,0.0,0.0
MA-PL-66,Marion 1.3 N,41.7223161,-70.7591872,2025-03-15,0.0,0.0
MA-PL-66,Marion 1.3 N,41.7223161,-70.7591872,2025-03-16,0.01,0.0
MA-PL-66,Marion 1.3 N,41.7223161,-70.7591872,2025-03-17,0.83,0.598425205767624
MA-PL-66,Marion 1.3 N,41.7223161,-70.7591872,2025-03-18,1.27,1.303149625717655
MA-PL-66,Marion 1.3 N,41.7223161,-70.7591872,2025-03-19,0.0,0.0
MA-PL-66,Marion 1.3 N,41.7223161,-70.7591872,2025-03-20,0.01,0.0
MA-PL-66,Marion 1.3 N,41.7223161,-70.7591872,2025-03-21,0.26,0.23228346802822247
MA-PL-66,Marion 1.3 N,41.7223161,-70.7591872,2025-03-22,0.11,0.11417323004777039
MA-PL-66,Marion 1.3 N,41.7223161,-70.7591872,2025-03-23,0.0,0.0
MA-PL-66,Marion 1.3 N,41.7223161,-70.7591872,2025-03-24,0.0,0.0
MA-PL-66,Marion 1.3 N,41.7223161,-70.7591872,2025-03-25,0.67,0.6811023723539406
MA-PL-66,Marion 1.3 N,41.7223161,-70.7591872,2025-03-26,0.0,0.0
MA-PL-66,Marion 1.3 N,41.7223161,-70.7591872,2025-03-27,0.0,0.0
MA-PL-66,Marion 1.3 N,41.7223161,-70.7591872,2025-03-28,0.0,0.0
MA-PL-66,Marion 1.3 N,41.7223161,-70.7591872,2025-03-29,0.05,0.039370079326817374
MA-PL-66,Marion 1.3 N,41.7223161,-70.7591872,2025-03-30,0.1,0.09055118245167997
MA-PL-66,Marion 1.3 N,41.7223161,-70.7591872,2025-03-31,0.01,0.0
MA-PL-66,Marion 1.3 N,41.7223161,-70.7591872,2025-04-01,0.19,0.2204724442301773
MA-PL-66,Marion 1.3 N,41.7223161,-70.7591872,2025-04-02,0.05,0.0629921269229078
MA-PL-66,Marion 1.3 N,41.7223161,-70.7591872,2025-04-03,0.15,0.19291338870140512
MA-PL-66,Marion 1.3 N,41.7223161,-70.7591872,2025-04-04,0.17,0.17322834903799644
MA-PL-66,Marion 1.3 N,41.7223161,-70.7591872,2025-04-05,0.0,0.0
MA-PL-66,Marion 1.3 N,41.7223161,-70.7591872,2025-04-08,0.4,0.35039370600867464
MA-PL-66,Marion 1.3 N,41.7223161,-70.7591872,2025-04-09,0.05,0.039370079326817374
MA-PL-66,Marion 1.3 N,41.7223161,-70.7591872,2025-04-10,0.0,0.0
MA-PL-66,Marion 1.3 N,41.7223161,-70.7591872,2025-04-11,0.04,0.08267716658631649
MA-PL-66,Marion 1.3 N,41.7223161,-70.7591872,2025-04-12,0.49,0.42913386466230935
MA-PL-66,Marion 1.3 N,41.7223161,-70.7591872,2025-04-15,0.2,0.05905511899022606
MA-PL-66,Marion 1.3 N,41.7223161,-70.7591872,2025-04-16,0.05,0.17716535697067817
MA-PL-66,Marion 1.3 N,41.7223161,-70.7591872,2025-04-17,0.0,0.0
MA-PL-66,Marion 1.3 N,41.7223161,-70.7591872,2025-04-18,0.0,0.0
MA-PL-66,Marion 1.3 N,41.7223161,-70.7591872,2025-04-19,0.0,0.0
MA-PL-66,Marion 1.3 N,41.7223161,-70.7591872,2025-04-20,0.0,0.0
MA-PL-66,Marion 1.3 N,41.7223161,-70.7591872,2025-04-21,0.0,0.0
MA-PL-66,Marion 1.3 N,41.7223161,-70.7591872,2025-04-22,0.08,0.0944881903843617
MA-PL-66,Marion 1.3 N,41.7223161,-70.7591872,2025-04-23,0.0,0.003937007932681738
MA-PL-66,Marion 1.3 N,41.7223161,-70.7591872,2025-04-24,0.0,0.0
MA-PL-66,Marion 1.3 N,41.7223161,-70.7591872,2025-04-25,0.0,0.0
MA-PL-66,Marion 1.3 N,41.7223161,-70.7591872,2025-04-26,0.0,0.0
MA-PL-66,Marion 1.3 N,41.7223161,-70.7591872,2025-04-27,0.9,0.7637795389402571
MA-PL-66,Marion 1.3 N,41.7223161,-70.7591872,2025-04-28,0.0,0.0
MA-PL-66,Marion 1.3 N,41.7223161,-70.7591872,2025-04-29,0.0,0.0
MA-PL-66,Marion 1.3 N,41.7223161,-70.7591872,2025-04-30,0.0,0.0
MA-PL-66,Marion 1.3 N,41.7223161,-70.7591872,2025-05-01,0.0,0.0
MA-PL-66,Marion 1.3 N,41.7223161,-70.7591872,2025-05-02,0.26,0.22834646009554077
MA-PL-66,Marion 1.3 N,41.7223161,-70.7591872,2025-05-03,0.01,0.10236220624972517
MA-PL-66,Marion 1.3 N,41.7223161,-70.7591872,2025-05-04,0.0,0.0
MA-PL-66,Marion 1.3 N,41.7223161,-70.7591872,2025-05-05,0.03,0.0629921269229078
MA-PL-66,Marion 1.3 N,41.7223161,-70.7591872,2025-05-06,0.0,0.01574803173072695
MA-PL-66,Marion 1.3 N,41.7223161,-70.7591872,2025-05-07,0.11,0.23622047596090423
MA-PL-66,Marion 1.3 N,41.7223161,-70.7591872,2025-05-08,0.0,0.0
MA-PL-66,Marion 1.3 N,41.7223161,-70.7591872,2025-05-09,0.0,0.0
MA-PL-66,Marion 1.3 N,41.7223161,-70.7591872,2025-05-10,1.63,1.5669291572073314
MA-PL-66,Marion 1.3 N,41.7223161,-70.7591872,2025-05-11,0.01,0.0
MA-PL-66,Marion 1.3 N,41.7223161,-70.7591872,2025-05-12,0.0,0.0
MA-PL-66,Marion 1.3 N,41.7223161,-70.7591872,2025-05-13,0.0,0.0
MA-PL-66,Marion 1.3 N,41.7223161,-70.7591872,2025-05-14,0.0,0.0
MA-PL-66,Marion 1.3 N,41.7223161,-70.7591872,2025-05-17,0.0,0.0
MA-PL-66,Marion 1.3 N,41.7223161,-70.7591872,2025-05-18,0.01,0.003937007932681738
MA-PL-66,Marion 1.3 N,41.7223161,-70.7591872,2025-05-19,0.0,0.0
MA-PL-66,Marion 1.3 N,41.7223161,-70.7591872,2025-05-20,0.0,0.0
MA-PL-66,Marion 1.3 N,41.7223161,-70.7591872,2025-05-21,0.0,0.0
MA-PL-66,Marion 1.3 N,41.7223161,-70.7591872,2025-05-22,0.03,0.0
MA-PL-66,Marion 1.3 N,41.7223161,-70.7591872,2025-05-23,3.75,3.8858268295568745
MA-PL-66,Marion 1.3 N,41.7223161,-70.7591872,2025-05-24,0.02,0.003937007932681738
MA-PL-66,Marion 1.3 N,41.7223161,-70.7591872,2025-05-25,0.03,0.03543307139413564
MA-PL-66,Marion 1.3 N,41.7223161,-70.7591872,2025-05-26,0.0,0.0
MA-PL-66,Marion 1.3 N,41.7223161,-70.7591872,2025-05-27,0.0,0.0
MA-PL-66,Marion 1.3 N,41.7223161,-70.7591872,2025-05-28,0.0,0.0
MA-PL-66,Marion 1.3 N,41.7223161,-70.7591872,2025-05-29,0.13,0.1259842538458156
MA-PL-66,Marion 1.3 N,41.7223161,-70.7591872,2025-05-30,0.06,0.019685039663408687
MA-PL-66,Marion 1.3 N,41.7223161,-70.7591872,2025-05-31,0.3,0.2125984283648138
MA-PL-66,Marion 1.3 N,41.7223161,-70.7591872,2025-06-01,0.0,0.07874015865363475
MA-PL-66,Marion 1.3 N,41.7223161,-70.7591872,2025-06-02,0.0,0.0
MA-PL-66,Marion 1.3 N,41.7223161,-70.7591872,2025-06-03,0.0,0.0
MA-PL-66,Marion 1.3 N,41.7223161,-70.7591872,2025-06-04,0.0,0.0
MA-PL-66,Marion 1.3 N,41.7223161,-70.7591872,2025-06-05,0.0,0.0
MA-PL-66,Marion 1.3 N,41.7223161,-70.7591872,2025-06-06,0.0,0.0
MA-PL-66,Marion 1.3 N,41.7223161,-70.7591872,2025-06-07,0.0,0.0
MA-PL-66,Marion 1.3 N,41.7223161,-70.7591872,2025-06-08,0.57,0.5433070947100798
MA-PL-66,Marion 1.3 N,41.7223161,-70.7591872,2025-06-09,0.01,0.0
MA-PL-66,Marion 1.3 N,41.7223161,-70.7591872,2025-06-10,0.08,0.0
MA-PL-66,Marion 1.3 N,41.7223161,-70.7591872,2025-06-11,0.49,0.6574803247578501
MA-PL-66,Marion 1.3 N,41.7223161,-70.7591872,2025-06-12,0.0,0.0
MA-PL-66,Marion 1.3 N,41.7223161,-70.7591872,2025-06-13,0.0,0.0
MA-PL-66,Marion 1.3 N,41.7223161,-70.7591872,2025-06-14,0.0,0.01574803173072695
MA-PL-66,Marion 1.3 N,41.7223161,-70.7591872,2025-06-15,0.05,0.07086614278827127
MA-PL-66,Marion 1.3 N,41.7223161,-70.7591872,2025-06-16,0.0,0.0
MA-PL-66,Marion 1.3 N,41.7223161,-70.7591872,2025-06-17,0.0,0.0
MA-PL-66,Marion 1.3 N,41.7223161,-70.7591872,2025-06-18,0.04,0.06692913485558954
MA-PL-66,Marion 1.3 N,41.7223161,-70.7591872,2025-06-19,0.0,0.011811023798045212
MA-PL-66,Marion 1.3 N,41.7223161,-70.7591872,2025-06-20,0.0,0.0
MA-PL-66,Marion 1.3 N,41.7223161,-70.7591872,2025-06-21,0.0,0.0
MA-PL-66,Marion 1.3 N,41.7223161,-70.7591872,2025-06-22,0.0,0.0
MA-PL-66,Marion 1.3 N,41.7223161,-70.7591872,2025-06-23,0.0,0.011811023798045212
MA-PL-66,Marion 1.3 N,41.7223161,-70.7591872,2025-06-24,0.0,0.0
MA-PL-66,Marion 1.3 N,41.7223161,-70.7591872,2025-06-25,0.0,0.0
MA-PL-66,Marion 1.3 N,41.7223161,-70.7591872,2025-06-28,0.0,0.0
MA-PL-66,Marion 1.3 N,41.7223161,-70.7591872,2025-06-29,0.0,0.0
MA-PL-66,Marion 1.3 N,41.7223161,-70.7591872,2025-06-30,0.0,0.0
MA-PL-66,Marion 1.3 N,41.7223161,-70.7591872,2025-07-01,0.0,0.0
MA-PL-66,Marion 1.3 N,41.7223161,-70.7591872,2025-07-02,0.05,0.07874015865363475
MA-PL-66,Marion 1.3 N,41.7223161,-70.7591872,2025-07-03,0.03,0.03543307139413564
MA-PL-66,Marion 1.3 N,41.7223161,-70.7591872,2025-07-04,1.19,0.8464567055265735
MA-PL-66,Marion 1.3 N,41.7223161,-70.7591872,2025-07-05,0.0,0.0
MA-PL-66,Marion 1.3 N,41.7223161,-70.7591872,2025-07-06,0.0,0.0
MA-PL-66,Marion 1.3 N,41.7223161,-70.7591872,2025-07-07,0.0,0.0
MA-PL-66,Marion 1.3 N,41.7223161,-70.7591872,2025-07-19,0.0,0.0
MA-PL-66,Marion 1.3 N,41.7223161,-70.7591872,2025-07-20,0.0,0.0
MA-PL-66,Marion 1.3 N,41.7223161,-70.7591872,2025-07-21,0.0,0.01574803173072695
MA-PL-66,Marion 1.3 N,41.7223161,-70.7591872,2025-07-22,0.0,0.0
MA-PL-66,Marion 1.3 N,41.7223161,-70.7591872,2025-07-23,0.0,0.0
MA-PL-66,Marion 1.3 N,41.7223161,-70.7591872,2025-07-24,0.0,0.0
MA-PL-66,Marion 1.3 N,41.7223161,-70.7591872,2025-07-25,0.0,0.0
MA-PL-66,Marion 1.3 N,41.7223161,-70.7591872,2025-07-26,0.15,0.25196850769163115
MA-PL-66,Marion 1.3 N,41.7223161,-70.7591872,2025-07-27,0.0,0.0
MA-PL-66,Marion 1.3 N,41.7223161,-70.7591872,2025-07-28,0.02,0.05905511899022606
MA-PL-66,Marion 1.3 N,41.7223161,-70.7591872,2025-07-29,0.0,0.0
MA-PL-66,Marion 1.3 N,41.7223161,-70.7591872,2025-07-30,0.0,0.0
MA-PL-66,Marion 1.3 N,41.7223161,-70.7591872,2025-07-31,0.0,0.0
MA-PL-66,Marion 1.3 N,41.7223161,-70.7591872,2025-08-01,0.46,0.4763779598544902
MA-PL-66,Marion 1.3 N,41.7223161,-70.7591872,2025-08-02,0.05,0.074803150720953
MA-PL-66,Marion 1.3 N,41.7223161,-70.7591872,2025-08-03,0.0,0.0
MA-PL-66,Marion 1.3 N,41.7223161,-70.7591872,2025-08-04,0.0,0.0
MA-PL-66,Marion 1.3 N,41.7223161,-70.7591872,2025-08-05,0.0,0.0
MA-PL-66,Marion 1.3 N,41.7223161,-70.7591872,2025-08-06,0.0,0.0
MA-PL-66,Marion 1.3 N,41.7223161,-70.7591872,2025-08-07,0.0,0.0
MA-PL-66,Marion 1.3 N,41.7223161,-70.7591872,2025-08-08,0.0,0.0
MA-PL-66,Marion 1.3 N,41.7223161,-70.7591872,2025-08-09,0.0,0.0
MA-PL-66,Marion 1.3 N,41.7223161,-70.7591872,2025-08-10,0.0,0.0
MA-PL-66,Marion 1.3 N,41.7223161,-70.7591872,2025-08-11,0.0,0.0
MA-PL-66,Marion 1.3 N,41.7223161,-70.7591872,2025-08-12,0.0,0.0
MA-PL-66,Marion 1.3 N,41.7223161,-70.7591872,2025-08-13,0.0,0.0
MA-PL-66,Marion 1.3 N,41.7223161,-70.7591872,2025-08-14,0.0,0.003937007932681738
MA-PL-66,Marion 1.3 N,41.7223161,-70.7591872,2025-08-15,0.0,0.01574803173072695
MA-PL-66,Marion 1.3 N,41.7223161,-70.7591872,2025-08-16,0.0,0.0
MA-PL-66,Marion 1.3 N,41.7223161,-70.7591872,2025-08-17,0.0,0.0
MA-PL-66,Marion 1.3 N,41.7223161,-70.7591872,2025-08-18,0.0,0.01574803173072695
MA-PL-66,Marion 1.3 N,41.7223161,-70.7591872,2025-08-19,0.0,0.0
MA-PL-66,Marion 1.3 N,41.7223161,-70.7591872,2025-08-20,0.0,0.0
MA-PL-66,Marion 1.3 N,41.7223161,-70.7591872,2025-08-21,0.95,1.0511811180260238
MA-PL-66,Marion 1.3 N,41.7223161,-70.7591872,2025-08-22,0.0,0.007874015865363475
MA-PL-66,Marion 1.3 N,41.7223161,-70.7591872,2025-08-23,0.0,0.0
MA-PL-66,Marion 1.3 N,41.7223161,-70.7591872,2025-08-24,0.0,0.0
MA-PL-66,Marion 1.3 N,41.7223161,-70.7591872,2025-08-25,0.07,0.0
MA-PL-66,Marion 1.3 N,41.7223161,-70.7591872,2025-08-26,0.0,0.007874015865363475
MA-PL-66,Marion 1.3 N,41.7223161,-70.7591872,2025-08-27,0.0,0.0
MA-PL-66,Marion 1.3 N,41.7223161,-70.7591872,2025-08-28,0.01,0.019685039663408687
MA-PL-66,Marion 1.3 N,41.7223161,-70.7591872,2025-08-29,0.0,0.0
MA-PL-66,Marion 1.3 N,41.7223161,-70.7591872,2025-08-30,0.45,0.6614173326905318
MA-PL-66,Marion 1.3 N,41.7223161,-70.7591872,2025-08-31,0.0,0.0
MA-PL-66,Marion 1.3 N,41.7223161,-70.7591872,2025-09-01,0.0,0.0
MA-PL-66,Marion 1.3 N,41.7223161,-70.7591872,2025-09-02,0.0,0.0
MA-PL-66,Marion 1.3 N,41.7223161,-70.7591872,2025-09-03,0.0,0.0
MA-PL-66,Marion 1.3 N,41.7223161,-70.7591872,2025-09-04,0.0,0.0
MA-PL-66,Marion 1.3 N,41.7223161,-70.7591872,2025-09-05,0.06,0.0314960634614539
MA-PL-66,Marion 1.3 N,41.7223161,-70.7591872,2025-09-06,0.0,0.0314960634614539
MA-PL-66,Marion 1.3 N,41.7223161,-70.7591872,2025-09-07,0.04,0.11417323004777039
MA-PL-66,Marion 1.3 N,41.7223161,-70.7591872,2025-09-08,0.94,0.9015748165841179
MA-PL-66,Marion 1.3 N,41.7223161,-70.7591872,2025-09-09,0.0,0.0
MA-PL-66,Marion 1.3 N,41.7223161,-70.7591872,2025-09-10,0.0,0.0
MA-PL-66,Marion 1.3 N,41.7223161,-70.7591872,2025-09-11,0.0,0.0
MA-PL-66,Marion 1.3 N,41.7223161,-70.7591872,2025-09-12,0.0,0.0
MA-PL-66,Marion 1.3 N,41.7223161,-70.7591872,2025-09-13,0.0,0.0
MA-PL-66,Marion 1.3 N,41.7223161,-70.7591872,2025-09-14,0.0,0.0
MA-PL-66,Marion 1.3 N,41.7223161,-70.7591872,2025-09-15,0.19,0.11417323004777039
MA-PL-66,Marion 1.3 N,41.7223161,-70.7591872,2025-09-16,0.01,0.0
MA-PL-66,Marion 1.3 N,41.7223161,-70.7591872,2025-09-17,0.0,0.0
MA-PL-66,Marion 1.3 N,41.7223161,-70.7591872,2025-09-18,0.04,0.027559055528772164
MA-PL-66,Marion 1.3 N,41.7223161,-70.7591872,2025-09-19,0.0,0.0
MA-PL-66,Marion 1.3 N,41.7223161,-70.7591872,2025-09-20,0.0,0.0
MA-PL-66,Marion 1.3 N,41.7223161,-70.7591872,2025-09-21,0.0,0.0
MA-PL-66,Marion 1.3 N,41.7223161,-70.7591872,2025-09-22,0.0,0.0
MA-PL-66,Marion 1.3 N,41.7223161,-70.7591872,2025-09-23,0.0,0.0
MA-PL-66,Marion 1.3 N,41.7223161,-70.7591872,2025-09-24,0.11,0.05511811105754432
MA-PL-66,Marion 1.3 N,41.7223161,-70.7591872,2025-09-25,0.91,1.2086614353332934
MA-PL-66,Marion 1.3 N,41.7223161,-70.7591872,2025-09-26,2.18,2.9173228781171674
MA-PL-66,Marion 1.3 N,41.7223161,-70.7591872,2025-09-27,0.0,0.0
MA-PL-66,Marion 1.3 N,41.7223161,-70.7591872,2025-09-28,0.06,0.04724409519218085
MA-PL-66,Marion 1.3 N,41.7223161,-70.7591872,2025-09-29,0.0,0.0
MA-PL-66,Marion 1.3 N,41.7223161,-70.7591872,2025-09-30,0.0,0.0
MA-PL-66,Marion 1.3 N,41.7223161,-70.7591872,2025-10-01,0.0,0.0
MA-PL-66,Marion 1.3 N,41.7223161,-70.7591872,2025-10-02,0.0,0.0
MA-PL-66,Marion 1.3 N,41.7223161,-70.7591872,2025-10-03,0.0,0.0
MA-PL-66,Marion 1.3 N,41.7223161,-70.7591872,2025-10-04,0.0,0.0
MA-PL-66,Marion 1.3 N,41.7223161,-70.7591872,2025-10-05,0.0,0.0
MA-PL-66,Marion 1.3 N,41.7223161,-70.7591872,2025-10-06,0.0,0.0
MA-PL-66,Marion 1.3 N,41.7223161,-70.7591872,2025-10-07,0.0,0.0
MA-PL-66,Marion 1.3 N,41.7223161,-70.7591872,2025-10-08,0.0,0.0
MA-PL-66,Marion 1.3 N,41.7223161,-70.7591872,2025-10-09,0.87,0.8700787531226639
MA-PL-66,Marion 1.3 N,41.7223161,-70.7591872,2025-10-10,0.0,0.0
MA-PL-66,Marion 1.3 N,41.7223161,-70.7591872,2025-10-11,0.0,0.0
MA-PL-66,Marion 1.3 N,41.7223161,-70.7591872,2025-10-12,0.0,0.0
MA-PL-66,Marion 1.3 N,41.7223161,-70.7591872,2025-10-13,1.82,2.0196850694657313
MA-PL-66,Marion 1.3 N,41.7223161,-70.7591872,2025-10-14,1.16,1.5669291572073314
MA-PL-66,Marion 1.3 N,41.7223161,-70.7591872,2025-10-15,0.25,0.2637795314896764
MA-PL-66,Marion 1.3 N,41.7223161,-70.7591872,2025-10-16,0.0,0.0
MA-PL-66,Marion 1.3 N,41.7223161,-70.7591872,2025-10-17,0.0,0.0
MA-PL-66,Marion 1.3 N,41.7223161,-70.7591872,2025-10-18,0.0,0.0
MA-PL-66,Marion 1.3 N,41.7223161,-70.7591872,2025-10-19,0.0,0.0
MA-PL-66,Marion 1.3 N,41.7223161,-70.7591872,2025-10-20,0.0,0.0
MA-PL-66,Marion 1.3 N,41.7223161,-70.7591872,2025-10-21,0.52,0.6338582771617597
MA-PL-66,Marion 1.3 N,41.7223161,-70.7591872,2025-10-22,0.0,0.0
MA-PL-66,Marion 1.3 N,41.7223161,-70.7591872,2025-10-23,0.08,0.0629921269229078
MA-PL-66,Marion 1.3 N,41.7223161,-70.7591872,2025-10-24,0.0,0.0
MA-PL-66,Marion 1.3 N,41.7223161,-70.7591872,2025-10-25,0.0,0.011811023798045212
MA-PL-66,Marion 1.3 N,41.7223161,-70.7591872,2025-10-26,0.0,0.0
MA-PL-66,Marion 1.3 N,41.7223161,-70.7591872,2025-10-27,0.0,0.0
MA-PL-66,Marion 1.3 N,41.7223161,-70.7591872,2025-10-28,0.03,0.051181103124862584
MA-PL-66,Marion 1.3 N,41.7223161,-70.7591872,2025-10-29,0.01,0.0
MA-PL-66,Marion 1.3 N,41.7223161,-70.7591872,2025-10-30,0.04,0.0
MA-PL-66,Marion 1.3 N,41.7223161,-70.7591872,2025-10-31,1.73,1.4330708874961524
MA-PL-66,Marion 1.3 N,41.7223161,-70.7591872,2025-11-01,0.0,0.0
MA-PL-66,Marion 1.3 N,41.7223161,-70.7591872,2025-11-02,0.0,0.0
MA-PL-66,Marion 1.3 N,41.7223161,-70.7591872,2025-11-03,0.0,0.0
MA-PL-66,Marion 1.3 N,41.7223161,-70.7591872,2025-11-04,0.21,0.2637795314896764
MA-PL-66,Marion 1.3 N,41.7223161,-70.7591872,2025-11-05,0.0,0.0
MA-PL-66,Marion 1.3 N,41.7223161,-70.7591872,2025-11-06,0.03,0.05511811105754433
MA-PL-66,Marion 1.3 N,41.7223161,-70.7591872,2025-11-07,0.0,0.0
MA-PL-66,Marion 1.3 N,41.7223161,-70.7591872,2025-11-08,0.0,0.007874015865363475
MA-PL-66,Marion 1.3 N,41.7223161,-70.7591872,2025-11-09,0.04,0.04330708725949911
MA-PL-66,Marion 1.3 N,41.7223161,-70.7591872,2025-11-10,1.55,1.0393700942279787
MA-PL-66,Marion 1.3 N,41.7223161,-70.7591872,2025-11-11,0.06,0.05511811105754433
MA-PL-66,Marion 1.3 N,41.7223161,-70.7591872,2025-11-12,0.0,0.0
MA-PL-66,Marion 1.3 N,41.7223161,-70.7591872,2025-11-13,0.0,0.0
MA-PL-66,Marion 1.3 N,41.7223161,-70.7591872,2025-11-14,0.0,0.0
MA-PL-66,Marion 1.3 N,41.7223161,-70.7591872,2025-11-15,0.0,0.0
MA-PL-66,Marion 1.3 N,41.7223161,-70.7591872,2025-11-16,0.75,0.7952756024017109
MA-PL-66,Marion 1.3 N,41.7223161,-70.7591872,2025-11-17,0.0,0.0
MA-PL-66,Marion 1.3 N,41.7223161,-70.7591872,2025-11-18,0.0,0.0
MA-PL-66,Marion 1.3 N,41.7223161,-70.7591872,2025-11-19,0.0,0.0
MA-PL-66,Marion 1.3 N,41.7223161,-70.7591872,2025-11-20,0.0,0.0
MA-PL-66,Marion 1.3 N,41.7223161,-70.7591872,2025-11-21,0.0,0.0
MA-PL-66,Marion 1.3 N,41.7223161,-70.7591872,2025-11-22,0.01,0.0
MA-PL-66,Marion 1.3 N,41.7223161,-70.7591872,2025-11-23,0.42,0.34251969014331113
MA-PL-66,Marion 1.3 N,41.7223161,-70.7591872,2025-11-24,0.01,0.023622047596090424
MA-PL-66,Marion 1.3 N,41.7223161,-70.7591872,2025-11-25,0.0,0.0
MA-PL-66,Marion 1.3 N,41.7223161,-70.7591872,2025-11-26,0.27,0.24015748389358596
MA-PL-66,Marion 1.3 N,41.7223161,-70.7591872,2025-11-27,0.01,0.0
MA-PL-66,Marion 1.3 N,41.7223161,-70.7591872,2025-11-28,0.0,0.0
MA-PL-66,Marion 1.3 N,41.7223161,-70.7591872,2025-11-29,0.0,0.0
MA-PL-66,Marion 1.3 N,41.7223161,-70.7591872,2025-11-30,0.0,0.0
MA-PL-66,Marion 1.3 N,41.7223161,-70.7591872,2025-12-01,1.0,0.92913387211289
MA-PL-66,Marion 1.3 N,41.7223161,-70.7591872,2025-12-02,0.0,0.0
MA-PL-66,Marion 1.3 N,41.7223161,-70.7591872,2025-12-03,0.94,0.822834657930483
MA-PL-66,Marion 1.3 N,41.7223161,-70.7591872,2025-12-04,0.0,0.0
MA-PL-66,Marion 1.3 N,41.7223161,-70.7591872,2025-12-05,0.0,0.0
MA-PL-66,Marion 1.3 N,41.7223161,-70.7591872,2025-12-06,0.0,0.0
MA-PL-66,Marion 1.3 N,41.7223161,-70.7591872,2025-12-07,0.03,0.04330708725949911
MA-PL-66,Marion 1.3 N,41.7223161,-70.7591872,2025-12-08,0.0,0.0
MA-PL-66,Marion 1.3 N,41.7223161,-70.7591872,2025-12-09,0.0,0.0
MA-PL-66,Marion 1.3 N,41.7223161,-70.7591872,2025-12-10,0.0,0.051181103124862584
MA-PL-66,Marion 1.3 N,41.7223161,-70.7591872,2025-12-11,0.01,0.02755905552877216
MA-PL-66,Marion 1.3 N,41.7223161,-70.7591872,2025-12-12,0.0,0.0
MA-PL-66,Marion 1.3 N,41.7223161,-70.7591872,2025-12-13,0.0,0.0
MA-PL-66,Marion 1.3 N,41.7223161,-70.7591872,2025-12-16,0.0,0.0
MA-PL-66,Marion 1.3 N,41.7223161,-70.7591872,2025-12-17,0.0,0.0
MA-PL-66,Marion 1.3 N,41.7223161,-70.7591872,2025-12-18,0.0,0.0
MA-PL-66,Marion 1.3 N,41.7223161,-70.7591872,2025-12-19,0.04,0.08267716658631648
MA-PL-66,Marion 1.3 N,41.7223161,-70.7591872,2025-12-20,0.33,0.5708661502388519
MA-PL-66,Marion 1.3 N,41.7223161,-70.7591872,2025-12-21,0.0,0.0
MA-PL-66,Marion 1.3 N,41.7223161,-70.7591872,2025-12-22,0.0,0.0
MA-PL-66,Marion 1.3 N,41.7223161,-70.7591872,2025-12-23,0.0,0.0
MA-PL-66,Marion 1.3 N,41.7223161,-70.7591872,2025-12-24,0.15,0.16141732523995123
MA-PL-66,Marion 1.3 N,41.7223161,-70.7591872,2025-12-25,0.0,0.01574803173072695
MA-PL-66,Marion 1.3 N,41.7223161,-70.7591872,2025-12-26,0.0,0.0
MA-PL-66,Marion 1.3 N,41.7223161,-70.7591872,2025-12-27,0.26,0.224409452162859
MA-PL-66,Marion 1.3 N,41.7223161,-70.7591872,2025-12-28,0.0,0.003937007932681738
MA-PL-66,Marion 1.3 N,41.7223161,-70.7591872,2025-12-29,0.27,0.21653543629749555
MA-PL-66,Marion 1.3 N,41.7223161,-70.7591872,2025-12-30,0.26,0.2952755949511303
MA-PL-66,Marion 1.3 N,41.7223161,-70.7591872,2025-12-31,0.0,0.0
MA-BA-112,North Falmouth 1.0 NE,41.651097,-70.619223,2025-04-15,0.1,0.06692913485558953
MA-BA-112,North Falmouth 1.0 NE,41.651097,-70.619223,2025-04-16,0.03,0.12204724591313386
MA-BA-112,North Falmouth 1.0 NE,41.651097,-70.619223,2025-04-17,0.0,0.0
MA-BA-112,North Falmouth 1.0 NE,41.651097,-70.619223,2025-04-18,0.0,0.0
MA-BA-112,North Falmouth 1.0 NE,41.651097,-70.619223,2025-04-19,0.0,0.0
MA-BA-112,North Falmouth 1.0 NE,41.651097,-70.619223,2025-04-20,0.0,0.0
MA-BA-112,North Falmouth 1.0 NE,41.651097,-70.619223,2025-04-21,0.0,0.0
MA-BA-112,North Falmouth 1.0 NE,41.651097,-70.619223,2025-04-22,0.13,0.11417323004777039
MA-BA-112,North Falmouth 1.0 NE,41.651097,-70.619223,2025-04-23,0.0,0.003937007932681738
MA-BA-112,North Falmouth 1.0 NE,41.651097,-70.619223,2025-04-24,0.0,0.0
MA-BA-112,North Falmouth 1.0 NE,41.651097,-70.619223,2025-04-25,0.0,0.0
MA-BA-112,North Falmouth 1.0 NE,41.651097,-70.619223,2025-04-26,0.0,0.0
MA-BA-112,North Falmouth 1.0 NE,41.651097,-70.619223,2025-04-27,0.45,0.7244094596134397
MA-BA-112,North Falmouth 1.0 NE,41.651097,-70.619223,2025-04-28,0.0,0.0
MA-BA-112,North Falmouth 1.0 NE,41.651097,-70.619223,2025-04-29,0.0,0.0
MA-BA-112,North Falmouth 1.0 NE,41.651097,-70.619223,2025-04-30,0.0,0.0
MA-BA-112,North Falmouth 1.0 NE,41.651097,-70.619223,2025-05-01,0.0,0.0
MA-BA-112,North Falmouth 1.0 NE,41.651097,-70.619223,2025-05-02,0.38,0.36220472980671986
MA-BA-112,North Falmouth 1.0 NE,41.651097,-70.619223,2025-05-03,0.0,0.13385826971117906
MA-BA-112,North Falmouth 1.0 NE,41.651097,-70.619223,2025-05-04,0.0,0.0
MA-BA-112,North Falmouth 1.0 NE,41.651097,-70.619223,2025-05-07,0.09,0.10236220624972517
MA-BA-112,North Falmouth 1.0 NE,41.651097,-70.619223,2025-05-08,0.0,0.0
MA-BA-112,North Falmouth 1.0 NE,41.651097,-70.619223,2025-05-10,1.13,1.1259842687469768
MA-BA-112,North Falmouth 1.0 NE,41.651097,-70.619223,2025-05-13,0.0,0.0
MA-BA-112,North Falmouth 1.0 NE,41.651097,-70.619223,2025-05-18,0.01,0.011811023798045212
MA-BA-112,North Falmouth 1.0 NE,41.651097,-70.619223,2025-05-19,0.0,0.0
MA-BA-112,North Falmouth 1.0 NE,41.651097,-70.619223,2025-05-20,0.0,0.0
MA-BA-112,North Falmouth 1.0 NE,41.651097,-70.619223,2025-05-22,0.1,0.0
MA-BA-112,North Falmouth 1.0 NE,41.651097,-70.619223,2025-05-23,3.5,3.4212598935004297
MA-BA-112,North Falmouth 1.0 NE,41.651097,-70.619223,2025-05-24,0.0,0.0
MA-BA-112,North Falmouth 1.0 NE,41.651097,-70.619223,2025-05-28,0.0,0.0
MA-BA-112,North Falmouth 1.0 NE,41.651097,-70.619223,2025-05-29,0.13,0.11811023798045212
MA-BA-112,North Falmouth 1.0 NE,41.651097,-70.619223,2025-05-30,0.02,0.027559055528772164
MA-BA-112,North Falmouth 1.0 NE,41.651097,-70.619223,2025-05-31,0.14,0.17322834903799644
MA-BA-112,North Falmouth 1.0 NE,41.651097,-70.619223,2025-06-01,0.0,0.04330708725949911
MA-BA-112,North Falmouth 1.0 NE,41.651097,-70.619223,2025-06-02,0.0,0.0
MA-BA-112,North Falmouth 1.0 NE,41.651097,-70.619223,2025-06-03,0.0,0.0
MA-BA-112,North Falmouth 1.0 NE,41.651097,-70.619223,2025-06-04,0.0,0.0
MA-BA-112,North Falmouth 1.0 NE,41.651097,-70.619223,2025-06-06,0.0,0.0
MA-BA-112,North Falmouth 1.0 NE,41.651097,-70.619223,2025-06-07,0.0,0.0
MA-BA-112,North Falmouth 1.0 NE,41.651097,-70.619223,2025-06-10,,0.0
MA-BA-112,North Falmouth 1.0 NE,41.651097,-70.619223,2025-06-11,0.55,0.7716535548056205
MA-BA-112,North Falmouth 1.0 NE,41.651097,-70.619223,2025-06-12,0.0,0.0
MA-BA-112,North Falmouth 1.0 NE,41.651097,-70.619223,2025-06-13,0.0,0.0
MA-BA-112,North Falmouth 1.0 NE,41.651097,-70.619223,2025-06-14,0.0,0.0
MA-BA-112,North Falmouth 1.0 NE,41.651097,-70.619223,2025-06-20,0.0,0.0
MA-BA-112,North Falmouth 1.0 NE,41.651097,-70.619223,2025-06-21,0.0,0.0
MA-BA-112,North Falmouth 1.0 NE,41.651097,-70.619223,2025-06-22,0.0,0.0
MA-BA-112,North Falmouth 1.0 NE,41.651097,-70.619223,2025-06-23,0.0,0.019685039663408687
MA-BA-112,North Falmouth 1.0 NE,41.651097,-70.619223,2025-06-24,0.0,0.0
MA-BA-112,North Falmouth 1.0 NE,41.651097,-70.619223,2025-06-25,0.0,0.0
MA-BA-112,North Falmouth 1.0 NE,41.651097,-70.619223,2025-06-26,0.0,0.0
MA-BA-112,North Falmouth 1.0 NE,41.651097,-70.619223,2025-06-29,0.0,0.0
MA-BA-112,North Falmouth 1.0 NE,41.651097,-70.619223,2025-06-30,0.0,0.0
MA-BA-112,North Falmouth 1.0 NE,41.651097,-70.619223,2025-07-03,0.0,0.027559055528772164
MA-BA-112,North Falmouth 1.0 NE,41.651097,-70.619223,2025-07-04,0.12,0.1889763807687234
MA-BA-112,North Falmouth 1.0 NE,41.651097,-70.619223,2025-07-05,0.0,0.0
MA-BA-112,North Falmouth 1.0 NE,41.651097,-70.619223,2025-07-06,0.0,0.0
MA-BA-112,North Falmouth 1.0 NE,41.651097,-70.619223,2025-07-09,0.52,0.8031496182670744
MA-BA-112,North Falmouth 1.0 NE,41.651097,-70.619223,2025-07-19,0.0,0.0
MA-BA-112,North Falmouth 1.0 NE,41.651097,-70.619223,2025-08-06,0.0,0.0
MA-BA-112,North Falmouth 1.0 NE,41.651097,-70.619223,2025-08-07,0.0,0.0
MA-BA-112,North Falmouth 1.0 NE,41.651097,-70.619223,2025-08-08,0.0,0.0
MA-BA-112,North Falmouth 1.0 NE,41.651097,-70.619223,2025-08-09,0.0,0.0
MA-BA-112,North Falmouth 1.0 NE,41.651097,-70.619223,2025-08-10,0.0,0.0
MA-BA-112,North Falmouth 1.0 NE,41.651097,-70.619223,2025-08-11,0.0,0.0
MA-BA-112,North Falmouth 1.0 NE,41.651097,-70.619223,2025-08-12,0.0,0.0
MA-BA-112,North Falmouth 1.0 NE,41.651097,-70.619223,2025-08-13,0.0,0.0
MA-BA-112,North Falmouth 1.0 NE,41.651097,-70.619223,2025-08-20,0.0,0.0
MA-BA-112,North Falmouth 1.0 NE,41.651097,-70.619223,2025-08-21,1.08,1.2086614353332934
MA-BA-112,North Falmouth 1.0 NE,41.651097,-70.619223,2025-08-22,0.0,0.0
MA-BA-112,North Falmouth 1.0 NE,41.651097,-70.619223,2025-08-23,0.0,0.0
MA-BA-112,North Falmouth 1.0 NE,41.651097,-70.619223,2025-08-24,0.0,0.0
MA-BA-112,North Falmouth 1.0 NE,41.651097,-70.619223,2025-08-25,0.0,0.0
MA-BA-112,North Falmouth 1.0 NE,41.651097,-70.619223,2025-08-26,0.0,0.003937007932681738
MA-BA-112,North Falmouth 1.0 NE,41.651097,-70.619223,2025-08-27,0.0,0.0
MA-BA-112,North Falmouth 1.0 NE,41.651097,-70.619223,2025-09-04,0.0,0.0
MA-BA-112,North Falmouth 1.0 NE,41.651097,-70.619223,2025-09-05,0.01,0.003937007932681738
MA-BA-112,North Falmouth 1.0 NE,41.651097,-70.619223,2025-09-06,0.0,0.019685039663408687
MA-BA-112,North Falmouth 1.0 NE,41.651097,-70.619223,2025-09-07,0.02,0.03543307139413564
MA-BA-112,North Falmouth 1.0 NE,41.651097,-70.619223,2025-09-08,0.96,0.8464567055265735
MA-BA-112,North Falmouth 1.0 NE,41.651097,-70.619223,2025-09-09,0.0,0.0
MA-BA-112,North Falmouth 1.0 NE,41.651097,-70.619223,2025-09-24,0.07,0.0
MA-BA-112,North Falmouth 1.0 NE,41.651097,-70.619223,2025-09-25,1.56,1.3700787605732445
MA-BA-112,North Falmouth 1.0 NE,41.651097,-70.619223,2025-09-26,0.46,2.3267716882149068
MA-BA-112,North Falmouth 1.0 NE,41.651097,-70.619223,2025-09-27,0.0,0.0
MA-BA-112,North Falmouth 1.0 NE,41.651097,-70.619223,2025-10-01,0.0,0.0
MA-BA-112,North Falmouth 1.0 NE,41.651097,-70.619223,2025-10-02,0.0,0.0
MA-BA-112,North Falmouth 1.0 NE,41.651097,-70.619223,2025-10-03,0.0,0.0
MA-BA-112,North Falmouth 1.0 NE,41.651097,-70.619223,2025-10-17,0.0,0.0
MA-BA-112,North Falmouth 1.0 NE,41.651097,-70.619223,2025-10-18,0.0,0.0
MA-BA-112,North Falmouth 1.0 NE,41.651097,-70.619223,2025-10-19,0.0,0.0
MA-BA-112,North Falmouth 1.0 NE,41.651097,-70.619223,2025-10-20,0.0,0.0
MA-BA-112,North Falmouth 1.0 NE,41.651097,-70.619223,2025-10-21,0.69,0.6456693009598049
MA-BA-112,North Falmouth 1.0 NE,41.651097,-70.619223,2025-10-22,0.01,0.0
MA-BA-112,North Falmouth 1.0 NE,41.651097,-70.619223,2025-10-23,0.0,0.0314960634614539
MA-BA-112,North Falmouth 1.0 NE,41.651097,-70.619223,2025-10-24,0.0,0.0
MA-BA-112,North Falmouth 1.0 NE,41.651097,-70.619223,2025-10-25,0.0,0.0
MA-BA-112,North Falmouth 1.0 NE,41.651097,-70.619223,2025-10-26,0.0,0.0
MA-BA-112,North Falmouth 1.0 NE,41.651097,-70.619223,2025-10-27,0.0,0.0
MA-BA-112,North Falmouth 1.0 NE,41.651097,-70.619223,2025-10-28,0.01,0.04330708725949911
MA-BA-112,North Falmouth 1.0 NE,41.651097,-70.619223,2025-10-29,0.01,0.0
MA-BA-112,North Falmouth 1.0 NE,41.651097,-70.619223,2025-10-30,0.04,0.0
MA-BA-112,North Falmouth 1.0 NE,41.651097,-70.619223,2025-10-31,1.59,1.3661417526405628
MA-BA-112,North Falmouth 1.0 NE,41.651097,-70.619223,2025-11-01,0.0,0.0
MA-BA-112,North Falmouth 1.0 NE,41.651097,-70.619223,2025-11-05,0.0,0.0
MA-BA-112,North Falmouth 1.0 NE,41.651097,-70.619223,2025-11-09,0.02,0.039370079326817374
MA-BA-112,North Falmouth 1.0 NE,41.651097,-70.619223,2025-11-12,0.0,0.0
MA-BA-112,North Falmouth 1.0 NE,41.651097,-70.619223,2025-11-13,0.0,0.0
MA-BA-112,North Falmouth 1.0 NE,41.651097,-70.619223,2025-11-14,0.0,0.019685039663408687
MA-BA-112,North Falmouth 1.0 NE,41.651097,-70.619223,2025-11-15,0.0,0.0
MA-BA-112,North Falmouth 1.0 NE,41.651097,-70.619223,2025-11-16,0.64,0.7519685151422119
MA-BA-112,North Falmouth 1.0 NE,41.651097,-70.619223,2025-11-17,0.0,0.0
MA-BA-112,North Falmouth 1.0 NE,41.651097,-70.619223,2025-11-18,0.0,0.0
MA-BA-112,North Falmouth 1.0 NE,41.651097,-70.619223,2025-11-19,0.0,0.0
MA-BA-112,North Falmouth 1.0 NE,41.651097,-70.619223,2025-11-20,0.0,0.0
MA-BA-112,North Falmouth 1.0 NE,41.651097,-70.619223,2025-11-21,0.0,0.0
MA-BA-112,North Falmouth 1.0 NE,41.651097,-70.619223,2025-11-23,0.23,0.24015748389358596
MA-BA-112,North Falmouth 1.0 NE,41.651097,-70.619223,2025-12-03,0.74,0.8464567055265736
MA-BA-112,North Falmouth 1.0 NE,41.651097,-70.619223,2025-12-04,0.0,0.0
MA-BA-112,North Falmouth 1.0 NE,41.651097,-70.619223,2025-12-05,0.0,0.0
MA-BA-112,North Falmouth 1.0 NE,41.651097,-70.619223,2025-12-10,0.03,0.07874015865363475
MA-BA-112,North Falmouth 1.0 NE,41.651097,-70.619223,2025-12-13,0.0,0.0
MA-BA-112,North Falmouth 1.0 NE,41.651097,-70.619223,2025-12-14,0.18,0.1259842538458156
MA-BA-112,North Falmouth 1.0 NE,41.651097,-70.619223,2025-12-15,0.14,0.2559055156243129
MA-BA-112,North Falmouth 1.0 NE,41.651097,-70.619223,2025-12-16,0.0,0.0
MA-BA-112,North Falmouth 1.0 NE,41.651097,-70.619223,2025-12-17,0.0,0.0
MA-BA-112,North Falmouth 1.0 NE,41.651097,-70.619223,2025-12-30,0.18,0.22047244423017728
MA-BA-112,North Falmouth 1.0 NE,41.651097,-70.619223,2025-12-31,0.0,0.0
