stationNumber,stationName,latitude,longitude,date,precip_in,hrrr_day1_in,hrrr_day2_in
MA-BA-115,Pocasset 1.0 NNW,41.6994,-70.6222,2025-07-20,0.0,0.009095487,0.0
MA-BA-115,Pocasset 1.0 NNW,41.6994,-70.6222,2025-07-21,0.03,0.051658925,0.13195598
MA-BA-115,Pocasset 1.0 NNW,41.6994,-70.6222,2025-07-22,0.0,0.0,0.0
MA-BA-115,Pocasset 1.0 NNW,41.6994,-70.6222,2025-07-23,0.0,0.0,0.0
MA-BA-115,Pocasset 1.0 NNW,41.6994,-70.6222,2025-07-25,0.0,0.0,0.0
MA-BA-115,Pocasset 1.0 NNW,41.6994,-70.6222,2025-07-27,0.0,0.0,0.0
MA-BA-115,Pocasset 1.0 NNW,41.6994,-70.6222,2025-07-28,0.0,3.9335548e-05,0.23682772
MA-BA-115,Pocasset 1.0 NNW,41.6994,-70.6222,2025-07-30,0.0,0.0,0.0
MA-BA-115,Pocasset 1.0 NNW,41.6994,-70.6222,2025-08-01,0.26,0.23242556,0.23936866
MA-BA-115,Pocasset 1.0 NNW,41.6994,-70.6222,2025-08-02,0.13,0.04697245,0.0588238
MA-BA-115,Pocasset 1.0 NNW,41.6994,-70.6222,2025-08-03,0.0,0.0,0.0
MA-BA-115,Pocasset 1.0 NNW,41.6994,-70.6222,2025-08-04,0.0,0.0,0.0
MA-BA-115,Pocasset 1.0 NNW,41.6994,-70.6222,2025-08-05,0.0,0.0,0.0
MA-BA-115,Pocasset 1.0 NNW,41.6994,-70.6222,2025-08-06,0.0,0.0,3.9335548e-05
MA-BA-115,Pocasset 1.0 NNW,41.6994,-70.6222,2025-08-08,0.0,0.0,0.0
MA-BA-115,Pocasset 1.0 NNW,41.6994,-70.6222,2025-08-09,0.0,0.0,0.0
MA-BA-115,Pocasset 1.0 NNW,41.6994,-70.6222,2025-08-10,0.0,0.0,0.0
MA-BA-115,Pocasset 1.0 NNW,41.6994,-70.6222,2025-08-11,0.0,0.0,0.0
MA-BA-115,Pocasset 1.0 NNW,41.6994,-70.6222,2025-08-12,0.0,0.0,0.0
MA-BA-115,Pocasset 1.0 NNW,41.6994,-70.6222,2025-08-13,0.0,0.0,0.0049982546
MA-BA-115,Pocasset 1.0 NNW,41.6994,-70.6222,2025-08-14,0.0,0.0015322383,0.0022070145
MA-BA-115,Pocasset 1.0 NNW,41.6994,-70.6222,2025-08-15,0.0,0.0013389925,0.6434873
MA-BA-115,Pocasset 1.0 NNW,41.6994,-70.6222,2025-08-16,0.0,0.0,0.00035454793
MA-BA-115,Pocasset 1.0 NNW,41.6994,-70.6222,2025-08-18,0.04,0.007822758,0.057090927
MA-BA-115,Pocasset 1.0 NNW,41.6994,-70.6222,2025-08-19,0.0,0.0011425788,0.00062936876
MA-BA-115,Pocasset 1.0 NNW,41.6994,-70.6222,2025-08-20,0.0,0.0,0.0
MA-BA-115,Pocasset 1.0 NNW,41.6994,-70.6222,2025-08-21,1.08,1.569081,2.2979631
MA-BA-115,Pocasset 1.0 NNW,41.6994,-70.6222,2025-08-22,0.0,0.008346528,0.06753676
MA-BA-115,Pocasset 1.0 NNW,41.6994,-70.6222,2025-08-23,0.0,0.0,0.0
MA-BA-115,Pocasset 1.0 NNW,41.6994,-70.6222,2025-08-24,0.0,0.0,0.0
MA-BA-115,Pocasset 1.0 NNW,41.6994,-70.6222,2025-08-25,0.0,0.0,0.0
MA-BA-115,Pocasset 1.0 NNW,41.6994,-70.6222,2025-08-26,0.0,0.0048306165,0.0
MA-BA-115,Pocasset 1.0 NNW,41.6994,-70.6222,2025-08-27,0.0,0.0,0.0
MA-BA-115,Pocasset 1.0 NNW,41.6994,-70.6222,2025-08-28,0.01,0.0,0.0
MA-BA-115,Pocasset 1.0 NNW,41.6994,-70.6222,2025-08-29,0.0,0.0,0.0
MA-BA-115,Pocasset 1.0 NNW,41.6994,-70.6222,2025-08-31,0.0,0.0,0.0
MA-BA-115,Pocasset 1.0 NNW,41.6994,-70.6222,2025-09-01,0.0,0.0,0.0
MA-BA-115,Pocasset 1.0 NNW,41.6994,-70.6222,2025-09-02,0.0,0.0,0.00039282747
MA-BA-115,Pocasset 1.0 NNW,41.6994,-70.6222,2025-09-03,0.0,0.0,0.0
MA-BA-115,Pocasset 1.0 NNW,41.6994,-70.6222,2025-09-04,0.0,0.0,0.0
MA-BA-115,Pocasset 1.0 NNW,41.6994,-70.6222,2025-09-05,0.0,0.0,0.0
MA-BA-115,Pocasset 1.0 NNW,41.6994,-70.6222,2025-09-06,0.02,0.0027540163,0.0019683612
MA-BA-115,Pocasset 1.0 NNW,41.6994,-70.6222,2025-09-07,0.01,0.052588195,0.017166138
MA-BA-115,Pocasset 1.0 NNW,41.6994,-70.6222,2025-09-08,0.7,0.17956017,0.7127073
MA-BA-115,Pocasset 1.0 NNW,41.6994,-70.6222,2025-09-09,0.0,0.0,0.0
MA-BA-115,Pocasset 1.0 NNW,41.6994,-70.6222,2025-09-10,0.0,0.00078565493,0.070100695
MA-BA-115,Pocasset 1.0 NNW,41.6994,-70.6222,2025-09-11,0.0,0.0047981446,0.22936055
MA-BA-115,Pocasset 1.0 NNW,41.6994,-70.6222,2025-09-12,0.0,0.0,0.0003548119
MA-BA-115,Pocasset 1.0 NNW,41.6994,-70.6222,2025-09-13,0.0,0.0,0.0
MA-BA-115,Pocasset 1.0 NNW,41.6994,-70.6222,2025-09-14,0.0,0.0,0.014969683
MA-BA-115,Pocasset 1.0 NNW,41.6994,-70.6222,2025-09-16,0.0,0.0,0.0
MA-BA-115,Pocasset 1.0 NNW,41.6994,-70.6222,2025-09-17,0.0,0.0,0.00039282747
MA-BA-115,Pocasset 1.0 NNW,41.6994,-70.6222,2025-09-18,0.79,0.13342196,0.028300473
MA-BA-115,Pocasset 1.0 NNW,41.6994,-70.6222,2025-09-20,0.0,0.0,0.0
MA-BA-115,Pocasset 1.0 NNW,41.6994,-70.6222,2025-09-21,0.0,0.0,0.0
MA-BA-115,Pocasset 1.0 NNW,41.6994,-70.6222,2025-09-22,0.0,0.0,0.0
MA-BA-115,Pocasset 1.0 NNW,41.6994,-70.6222,2025-09-23,0.0,0.0,0.0
MA-BA-115,Pocasset 1.0 NNW,41.6994,-70.6222,2025-09-24,0.0,3.9335548e-05,0.0
MA-BA-115,Pocasset 1.0 NNW,41.6994,-70.6222,2025-09-25,1.17,0.44146466,0.6403811
MA-BA-115,Pocasset 1.0 NNW,41.6994,-70.6222,2025-09-26,1.28,0.15271273,1.3871794
MA-BA-115,Pocasset 1.0 NNW,41.6994,-70.6222,2025-09-27,0.0,0.0,0.01615239
MA-BA-115,Pocasset 1.0 NNW,41.6994,-70.6222,2025-09-28,0.06,0.029343791,0.011326525
MA-BA-115,Pocasset 1.0 NNW,41.6994,-70.6222,2025-09-29,0.0,0.00275824,0.005913532
MA-BA-115,Pocasset 1.0 NNW,41.6994,-70.6222,2025-09-30,0.0,0.0,0.0
MA-BA-115,Pocasset 1.0 NNW,41.6994,-70.6222,2025-10-01,0.0,0.0,0.0
MA-BA-115,Pocasset 1.0 NNW,41.6994,-70.6222,2025-10-02,0.0,0.0,0.0
MA-BA-115,Pocasset 1.0 NNW,41.6994,-70.6222,2025-10-03,0.0,0.0,0.0
MA-BA-115,Pocasset 1.0 NNW,41.6994,-70.6222,2025-10-04,0.0,0.0,0.0
MA-BA-115,Pocasset 1.0 NNW,41.6994,-70.6222,2025-10-05,0.0,0.0,0.0
MA-BA-115,Pocasset 1.0 NNW,41.6994,-70.6222,2025-10-06,0.0,0.0,0.0
MA-BA-115,Pocasset 1.0 NNW,41.6994,-70.6222,2025-10-07,0.0,0.0,0.0
MA-BA-115,Pocasset 1.0 NNW,41.6994,-70.6222,2025-10-09,0.69,0.33337113,1.1957542
MA-BA-115,Pocasset 1.0 NNW,41.6994,-70.6222,2025-10-10,0.0,0.0,0.0
MA-BA-115,Pocasset 1.0 NNW,41.6994,-70.6222,2025-10-11,0.0,0.0015726299,0.0071229017
MA-BA-115,Pocasset 1.0 NNW,41.6994,-70.6222,2025-10-12,0.0,0.0,0.009210854
MA-BA-115,Pocasset 1.0 NNW,41.6994,-70.6222,2025-10-13,1.99,1.5647258,0.77222276
MA-BA-115,Pocasset 1.0 NNW,41.6994,-70.6222,2025-10-14,2.56,2.2744627,1.8353575
MA-BA-115,Pocasset 1.0 NNW,41.6994,-70.6222,2025-10-15,0.0,0.42438012,0.10663391
MA-BA-115,Pocasset 1.0 NNW,41.6994,-70.6222,2025-10-16,0.0,0.0,7.8671095e-05
MA-BA-115,Pocasset 1.0 NNW,41.6994,-70.6222,2025-10-17,0.0,0.002163191,0.06222276
MA-BA-115,Pocasset 1.0 NNW,41.6994,-70.6222,2025-10-18,0.0,0.0,0.0
MA-BA-115,Pocasset 1.0 NNW,41.6994,-70.6222,2025-10-19,0.0,0.0,0.0
MA-BA-115,Pocasset 1.0 NNW,41.6994,-70.6222,2025-10-20,0.0,7.8671095e-05,0.0
MA-BA-115,Pocasset 1.0 NNW,41.6994,-70.6222,2025-10-21,0.86,0.8913097,0.46683955
MA-BA-115,Pocasset 1.0 NNW,41.6994,-70.6222,2025-10-22,0.0,0.0,0.005102533
MA-BA-115,Pocasset 1.0 NNW,41.6994,-70.6222,2025-10-23,0.03,0.007826982,0.0553562
MA-BA-115,Pocasset 1.0 NNW,41.6994,-70.6222,2025-10-24,0.0,0.0,0.0
MA-BA-115,Pocasset 1.0 NNW,41.6994,-70.6222,2025-10-25,0.0,0.0,0.0
MA-BA-115,Pocasset 1.0 NNW,41.6994,-70.6222,2025-10-26,0.0,0.0,0.0
MA-BA-115,Pocasset 1.0 NNW,41.6994,-70.6222,2025-10-27,0.0,0.0,0.0122325625
MA-BA-115,Pocasset 1.0 NNW,41.6994,-70.6222,2025-10-28,0.02,0.07177338,0.105788864
MA-BA-115,Pocasset 1.0 NNW,41.6994,-70.6222,2025-10-30,0.07,0.011890158,0.046352055
MA-BA-115,Pocasset 1.0 NNW,41.6994,-70.6222,2025-10-31,1.69,1.466972,2.0717974
MA-BA-115,Pocasset 1.0 NNW,41.6994,-70.6222,2025-11-01,0.0,0.0,0.0037785885
MA-BA-115,Pocasset 1.0 NNW,41.6994,-70.6222,2025-11-02,0.0,0.0,0.0
MA-BA-115,Pocasset 1.0 NNW,41.6994,-70.6222,2025-11-03,0.0,0.0,0.0
MA-BA-115,Pocasset 1.0 NNW,41.6994,-70.6222,2025-11-04,0.24,0.07648995,0.57674676
MA-BA-115,Pocasset 1.0 NNW,41.6994,-70.6222,2025-11-06,0.04,0.00078565493,0.0
MA-BA-115,Pocasset 1.0 NNW,41.6994,-70.6222,2025-11-07,0.0,0.0,0.0
MA-BA-115,Pocasset 1.0 NNW,41.6994,-70.6222,2025-11-08,0.02,0.014986579,0.32399818
MA-BA-115,Pocasset 1.0 NNW,41.6994,-70.6222,2025-11-09,0.01,0.051452216,0.11883664
MA-BA-115,Pocasset 1.0 NNW,41.6994,-70.6222,2025-11-10,1.54,0.24466631,0.12116034
MA-BA-115,Pocasset 1.0 NNW,41.6994,-70.6222,2025-11-11,0.4,0.25277233,0.10942119
MA-BA-115,Pocasset 1.0 NNW,41.6994,-70.6222,2025-11-12,0.0,0.00059135316,0.0013347686
MA-BA-115,Pocasset 1.0 NNW,41.6994,-70.6222,2025-11-13,0.0,0.00019641373,0.00922511
MA-BA-115,Pocasset 1.0 NNW,41.6994,-70.6222,2025-11-14,0.0,0.03988941,0.0014530392
MA-BA-115,Pocasset 1.0 NNW,41.6994,-70.6222,2025-11-15,0.0,0.0,0.0
MA-BA-115,Pocasset 1.0 NNW,41.6994,-70.6222,2025-11-16,0.78,0.44247842,0.6412576
MA-BA-115,Pocasset 1.0 NNW,41.6994,-70.6222,2025-11-17,0.0,3.9335548e-05,7.8671095e-05
MA-BA-115,Pocasset 1.0 NNW,41.6994,-70.6222,2025-11-18,0.0,0.0,0.0
MA-BA-115,Pocasset 1.0 NNW,41.6994,-70.6222,2025-11-20,0.0,0.0,0.0700838
MA-BA-115,Pocasset 1.0 NNW,41.6994,-70.6222,2025-11-21,0.0,0.0,0.0
MA-BA-115,Pocasset 1.0 NNW,41.6994,-70.6222,2025-11-22,0.0,0.0,3.9335548e-05
MA-BA-115,Pocasset 1.0 NNW,41.6994,-70.6222,2025-11-23,0.33,0.2034086,0.012148084
MA-BA-115,Pocasset 1.0 NNW,41.6994,-70.6222,2025-11-24,0.02,0.04699489,0.044263314
MA-BA-115,Pocasset 1.0 NNW,41.6994,-70.6222,2025-11-25,0.0,0.0,0.0
MA-BA-115,Pocasset 1.0 NNW,41.6994,-70.6222,2025-11-27,0.03,0.05173126,0.6214924
MA-BA-115,Pocasset 1.0 NNW,41.6994,-70.6222,2025-11-28,0.0,0.0,0.0
MA-BA-115,Pocasset 1.0 NNW,41.6994,-70.6222,2025-11-29,0.0,0.00031468438,0.0010221961
MA-BA-115,Pocasset 1.0 NNW,41.6994,-70.6222,2025-11-30,0.0,0.0,0.0
MA-BA-115,Pocasset 1.0 NNW,41.6994,-70.6222,2025-12-01,0.45,0.31000423,0.26167378
MA-BA-115,Pocasset 1.0 NNW,41.6994,-70.6222,2025-12-02,0.0,0.0,0.0
MA-BA-115,Pocasset 1.0 NNW,41.6994,-70.6222,2025-12-04,0.0,0.0015375182,0.0031819553
MA-BA-115,Pocasset 1.0 NNW,41.6994,-70.6222,2025-12-05,0.0,0.0,0.0010644357
MA-BA-115,Pocasset 1.0 NNW,41.6994,-70.6222,2025-12-06,0.0,0.00019667773,0.0021998866
MA-BA-115,Pocasset 1.0 NNW,41.6994,-70.6222,2025-12-07,0.01,0.0131702805,0.13817944
MA-BA-115,Pocasset 1.0 NNW,41.6994,-70.6222,2025-12-08,0.0,0.0,0.0
MA-BA-115,Pocasset 1.0 NNW,41.6994,-70.6222,2025-12-09,0.0,0.0,0.002162663
MA-BA-115,Pocasset 1.0 NNW,41.6994,-70.6222,2025-12-10,0.04,0.025508441,0.0023654127
MA-BA-115,Pocasset 1.0 NNW,41.6994,-70.6222,2025-12-12,0.0,0.0,0.00086591
MA-BA-115,Pocasset 1.0 NNW,41.6994,-70.6222,2025-12-13,0.0,0.0,0.0
MA-BA-115,Pocasset 1.0 NNW,41.6994,-70.6222,2025-12-14,0.03,0.15100625,0.10066204
MA-BA-115,Pocasset 1.0 NNW,41.6994,-70.6222,2025-12-15,0.32,0.27298817,0.28301
MA-BA-115,Pocasset 1.0 NNW,41.6994,-70.6222,2025-12-16,0.0,0.0,0.0
MA-BA-115,Pocasset 1.0 NNW,41.6994,-70.6222,2025-12-17,0.0,0.0,0.0
MA-BA-115,Pocasset 1.0 NNW,41.6994,-70.6222,2025-12-18,0.0,0.0,0.0
MA-BA-115,Pocasset 1.0 NNW,41.6994,-70.6222,2025-12-19,0.05,0.013622771,0.013584227
MA-BA-115,Pocasset 1.0 NNW,41.6994,-70.6222,2025-12-20,0.41,0.28919545,0.4804895
MA-BA-115,Pocasset 1.0 NNW,41.6994,-70.6222,2025-12-22,0.0,0.0,0.00015734219
MA-BA-115,Pocasset 1.0 NNW,41.6994,-70.6222,2025-12-23,0.0,0.0,0.030057637
MA-BA-115,Pocasset 1.0 NNW,41.6994,-70.6222,2025-12-24,0.12,0.15487672,0.30313188
MA-BA-115,Pocasset 1.0 NNW,41.6994,-70.6222,2025-12-25,0.0,0.09668202,0.07397459
MA-BA-115,Pocasset 1.0 NNW,41.6994,-70.6222,2025-12-26,0.0,0.0,0.000866966
MA-BA-115,Pocasset 1.0 NNW,41.6994,-70.6222,2025-12-27,0.04,0.19361457,0.11550395
MA-BA-115,Pocasset 1.0 NNW,41.6994,-70.6222,2025-12-29,0.26,0.2820356,0.62561786
MA-BA-115,Pocasset 1.0 NNW,41.6994,-70.6222,2025-12-30,0.26,0.3147884,0.797161
MA-BA-115,Pocasset 1.0 NNW,41.6994,-70.6222,2025-12-31,0.0,0.00015734219,0.00011800664
MA-BA-115,Pocasset 1.0 NNW,41.6994,-70.6222,2026-01-02,0.13,0.096170925,0.078041725
MA-BA-115,Pocasset 1.0 NNW,41.6994,-70.6222,2026-01-05,0.0,0.022158848,0.007546617
MA-BA-115,Pocasset 1.0 NNW,41.6994,-70.6222,2026-01-07,0.0,0.036514476,0.04161041
MA-BA-115,Pocasset 1.0 NNW,41.6994,-70.6222,2026-01-08,0.06,0.0820558,0.0480947
MA-BA-115,Pocasset 1.0 NNW,41.6994,-70.6222,2026-01-09,0.0,0.0,0.0
MA-BA-115,Pocasset 1.0 NNW,41.6994,-70.6222,2026-01-10,0.08,0.0045990907,0.055789948
MA-BA-115,Pocasset 1.0 NNW,41.6994,-70.6222,2026-01-11,0.74,1.2766185,0.23522867
MA-BA-115,Pocasset 1.0 NNW,41.6994,-70.6222,2026-01-12,0.0,0.010107123,0.40155047
MA-BA-115,Pocasset 1.0 NNW,41.6994,-70.6222,2026-01-14,0.0,0.0,0.0
MA-BA-115,Pocasset 1.0 NNW,41.6994,-70.6222,2026-01-15,0.0,0.0026328417,0.070211835
MA-BA-115,Pocasset 1.0 NNW,41.6994,-70.6222,2026-01-16,0.0,0.00086591,0.029640786
MA-BA-115,Pocasset 1.0 NNW,41.6994,-70.6222,2026-01-17,0.0,0.0,0.014200924
MA-BA-115,Pocasset 1.0 NNW,41.6994,-70.6222,2026-01-19,0.43,0.52224934,0.89677864
MA-BA-115,Pocasset 1.0 NNW,41.6994,-70.6222,2026-01-20,0.0,0.05441532,0.017146338
MA-BA-115,Pocasset 1.0 NNW,41.6994,-70.6222,2026-01-21,0.0,0.0,0.0
MA-BA-115,Pocasset 1.0 NNW,41.6994,-70.6222,2026-01-22,0.0,0.0007096238,0.0046463464
MA-BA-115,Pocasset 1.0 NNW,41.6994,-70.6222,2026-01-23,0.0,0.0,0.0
MA-BA-115,Pocasset 1.0 NNW,41.6994,-70.6222,2026-01-24,0.0,0.0,0.0
MA-BA-115,Pocasset 1.0 NNW,41.6994,-70.6222,2026-01-26,1.33,1.36203,1.3533202
MA-BA-115,Pocasset 1.0 NNW,41.6994,-70.6222,2026-01-27,0.0,0.18074921,0.24172194
MA-BA-115,Pocasset 1.0 NNW,41.6994,-70.6222,2026-01-28,0.0,0.0020465045,0.0017737956
MA-BA-115,Pocasset 1.0 NNW,41.6994,-70.6222,2026-01-29,0.0,7.8671095e-05,0.0
MA-BA-115,Pocasset 1.0 NNW,41.6994,-70.6222,2026-02-01,0.0,0.0020037368,0.019876067
MA-BA-115,Pocasset 1.0 NNW,41.6994,-70.6222,2026-02-02,0.0,0.010192131,0.019974537
MA-BA-115,Pocasset 1.0 NNW,41.6994,-70.6222,2026-02-04,0.0,0.0,0.003034909
MA-BA-115,Pocasset 1.0 NNW,41.6994,-70.6222,2026-02-05,0.0,0.0,7.8671095e-05
MA-BA-115,Pocasset 1.0 NNW,41.6994,-70.6222,2026-02-06,0.0,0.002792032,3.9335548e-05
MA-BA-115,Pocasset 1.0 NNW,41.6994,-70.6222,2026-02-08,0.17,0.07559467,0.46194503
MA-BA-115,Pocasset 1.0 NNW,41.6994,-70.6222,2026-02-09,0.0,0.00031468438,0.00039388344
MA-BA-115,Pocasset 1.0 NNW,41.6994,-70.6222,2026-02-10,0.0,0.0,0.0
MA-BA-115,Pocasset 1.0 NNW,41.6994,-70.6222,2026-02-11,0.18,0.2952608,0.18646976
MA-BA-115,Pocasset 1.0 NNW,41.6994,-70.6222,2026-02-12,0.0,0.0,0.009212438
MA-BA-115,Pocasset 1.0 NNW,41.6994,-70.6222,2026-02-13,0.0,0.0,0.0023585488
MA-BA-115,Pocasset 1.0 NNW,41.6994,-70.6222,2026-02-14,0.0,0.0,0.0
MA-BA-115,Pocasset 1.0 NNW,41.6994,-70.6222,2026-02-16,0.0,0.0,0.0
MA-BA-115,Pocasset 1.0 NNW,41.6994,-70.6222,2026-02-17,0.0,0.0,0.0
MA-BA-115,Pocasset 1.0 NNW,41.6994,-70.6222,2026-02-18,0.0,0.00031468438,0.004602259
MA-BA-115,Pocasset 1.0 NNW,41.6994,-70.6222,2026-02-19,0.14,0.21269284,0.521158
MA-BA-115,Pocasset 1.0 NNW,41.6994,-70.6222,2026-02-20,0.0,0.0,0.0
MA-BA-115,Pocasset 1.0 NNW,41.6994,-70.6222,2026-02-21,0.52,0.4127637,0.6252293
MA-BA-115,Pocasset 1.0 NNW,41.6994,-70.6222,2026-02-22,0.04,0.01502829,0.055610694
MA-BA-115,Pocasset 1.0 NNW,41.6994,-70.6222,2026-02-23,0.41,0.8744308,0.9341775
MA-BA-115,Pocasset 1.0 NNW,41.6994,-70.6222,2026-02-25,0.0,0.0,0.0067158183
MA-BA-115,Pocasset 1.0 NNW,41.6994,-70.6222,2026-02-26,0.0,0.051639915,0.21729009
MA-BA-115,Pocasset 1.0 NNW,41.6994,-70.6222,2026-02-28,0.0,0.0,0.0
MA-BA-115,Pocasset 1.0 NNW,41.6994,-70.6222,2026-03-02,0.0,0.04489638,0.0662569
MA-BA-115,Pocasset 1.0 NNW,41.6994,-70.6222,2026-03-03,0.0,0.0,0.0
MA-BA-115,Pocasset 1.0 NNW,41.6994,-70.6222,2026-03-04,0.61,0.6794817,0.38629934
MA-BA-115,Pocasset 1.0 NNW,41.6994,-70.6222,2026-03-05,0.0,0.0003548119,0.0
MA-BA-115,Pocasset 1.0 NNW,41.6994,-70.6222,2026-03-06,0.88,0.89957064,0.60098803
MA-BA-115,Pocasset 1.0 NNW,41.6994,-70.6222,2026-03-07,0.08,0.087161765,0.15377665
MA-BA-115,Pocasset 1.0 NNW,41.6994,-70.6222,2026-03-09,0.01,0.012715413,0.04889646
MA-BA-115,Pocasset 1.0 NNW,41.6994,-70.6222,2026-03-10,0.01,0.00047202656,0.0
MA-BA-115,Pocasset 1.0 NNW,41.6994,-70.6222,2026-03-11,0.0,0.0,0.00027534884
MA-BA-115,Pocasset 1.0 NNW,41.6994,-70.6222,2026-03-12,0.05,0.17882547,0.10647076
MA-BA-115,Pocasset 1.0 NNW,41.6994,-70.6222,2026-03-13,0.04,0.16188504,0.1440547
MA-BA-115,Pocasset 1.0 NNW,41.6994,-70.6222,2026-03-14,0.01,0.06605626,0.11581863
MA-BA-115,Pocasset 1.0 NNW,41.6994,-70.6222,2026-03-16,0.0,0.008943161,0.34575284
MA-BA-115,Pocasset 1.0 NNW,41.6994,-70.6222,2026-03-17,1.04,1.416568,1.2324574
MA-BA-115,Pocasset 1.0 NNW,41.6994,-70.6222,2026-03-18,0.0,0.01061611,0.0029834295
MA-BA-115,Pocasset 1.0 NNW,41.6994,-70.6222,2026-03-19,0.0,0.0,0.00023654127
MA-BA-115,Pocasset 1.0 NNW,41.6994,-70.6222,2026-03-20,0.0,0.00039282747,0.0
MA-BA-115,Pocasset 1.0 NNW,41.6994,-70.6222,2026-03-21,0.23,0.22000028,0.14089411
MA-BA-115,Pocasset 1.0 NNW,41.6994,-70.6222,2026-03-22,0.0,0.00078697497,0.00016552609
MA-BA-115,Pocasset 1.0 NNW,41.6994,-70.6222,2026-03-23,1.1,0.89186275,0.7492944
MA-BA-115,Pocasset 1.0 NNW,41.6994,-70.6222,2026-03-25,0.0,0.0011024512,0.00019694172
MA-BA-115,Pocasset 1.0 NNW,41.6994,-70.6222,2026-03-26,0.0,0.0,0.003981602
MA-BA-115,Pocasset 1.0 NNW,41.6994,-70.6222,2026-03-28,0.0,0.010768171,0.1176608
MA-BA-115,Pocasset 1.0 NNW,41.6994,-70.6222,2026-03-30,0.0,0.0,0.0
MA-BA-115,Pocasset 1.0 NNW,41.6994,-70.6222,2026-03-31,0.0,0.0017740595,0.0025174748
MA-BA-115,Pocasset 1.0 NNW,41.6994,-70.6222,2026-04-01,0.19,0.23334427,0.04172366
MA-BA-115,Pocasset 1.0 NNW,41.6994,-70.6222,2026-04-02,0.67,0.49561837,0.18137462
MA-BA-115,Pocasset 1.0 NNW,41.6994,-70.6222,2026-04-04,0.01,0.01624426,0.009977236
MA-BA-115,Pocasset 1.0 NNW,41.6994,-70.6222,2026-04-05,0.01,0.0378994,0.008475887
MA-BA-115,Pocasset 1.0 NNW,41.6994,-70.6222,2026-04-06,0.15,0.30572167,0.26773646
MA-BA-115,Pocasset 1.0 NNW,41.6994,-70.6222,2026-04-07,0.0,0.00275824,0.10483847
MA-BA-115,Pocasset 1.0 NNW,41.6994,-70.6222,2026-04-08,0.08,0.20445614,0.19605047
MA-BA-115,Pocasset 1.0 NNW,41.6994,-70.6222,2026-04-09,0.0,0.0,0.0
MA-BA-115,Pocasset 1.0 NNW,41.6994,-70.6222,2026-04-10,0.0,0.0,0.00043321901
MA-BA-115,Pocasset 1.0 NNW,41.6994,-70.6222,2026-04-12,0.0,0.0,0.0
MA-BA-115,Pocasset 1.0 NNW,41.6994,-70.6222,2026-04-13,0.03,0.016895805,0.0093249
MA-BA-115,Pocasset 1.0 NNW,41.6994,-70.6222,2026-04-17,0.0,0.0298042,0.000866966
MA-BA-115,Pocasset 1.0 NNW,41.6994,-70.6222,2026-04-18,0.03,0.005976891,0.05604444
MA-BA-115,Pocasset 1.0 NNW,41.6994,-70.6222,2026-04-19,0.01,0.007947365,0.0031075082
MA-BA-115,Pocasset 1.0 NNW,41.6994,-70.6222,2026-04-20,0.11,0.088916816,0.24883851
MA-BA-115,Pocasset 1.0 NNW,41.6994,-70.6222,2026-04-21,0.07,0.107298926,0.23960787
MA-BA-115,Pocasset 1.0 NNW,41.6994,-70.6222,2026-04-24,0.0,0.0,0.0
MA-BA-115,Pocasset 1.0 NNW,41.6994,-70.6222,2026-04-25,0.0,0.0,0.0
MA-BA-115,Pocasset 1.0 NNW,41.6994,-70.6222,2026-04-26,0.0,0.00015760618,0.0055080326
MA-BA-115,Pocasset 1.0 NNW,41.6994,-70.6222,2026-04-28,0.01,0.0,0.052985243
MA-BA-115,Pocasset 1.0 NNW,41.6994,-70.6222,2026-04-29,0.0,0.0,0.00019667773
MA-BA-115,Pocasset 1.0 NNW,41.6994,-70.6222,2026-05-01,0.04,0.049702972,0.07678906
MA-BA-115,Pocasset 1.0 NNW,41.6994,-70.6222,2026-05-02,0.01,0.0,0.0
MA-BA-115,Pocasset 1.0 NNW,41.6994,-70.6222,2026-05-03,0.4,0.39297953,0.9201392
MA-BA-115,Pocasset 1.0 NNW,41.6994,-70.6222,2026-05-06,0.01,0.0,0.0
MA-BA-115,Pocasset 1.0 NNW,41.6994,-70.6222,2026-05-07,0.53,0.19960704,0.5521499
MA-BA-115,Pocasset 1.0 NNW,41.6994,-70.6222,2026-05-09,0.0,0.00086591,0.01225421
MA-BA-115,Pocasset 1.0 NNW,41.6994,-70.6222,2026-05-10,0.23,0.63435435,0.47512427
MA-BA-115,Pocasset 1.0 NNW,41.6994,-70.6222,2026-05-11,0.06,0.070589095,0.006415918
MA-BA-115,Pocasset 1.0 NNW,41.6994,-70.6222,2026-05-14,0.0,0.009461651,0.0
MA-BA-115,Pocasset 1.0 NNW,41.6994,-70.6222,2026-05-15,0.09,1.2705909,0.35606351
MA-BA-115,Pocasset 1.0 NNW,41.6994,-70.6222,2026-05-16,0.01,0.0,0.0043744296
MA-BA-115,Pocasset 1.0 NNW,41.6994,-70.6222,2026-05-17,0.0,0.11223883,0.022412285
MA-BA-115,Pocasset 1.0 NNW,41.6994,-70.6222,2026-05-18,0.0,0.029466284,0.007946572
MA-BA-115,Pocasset 1.0 NNW,41.6994,-70.6222,2026-05-19,0.0,0.0006684403,0.003928275
MA-BA-115,Pocasset 1.0 NNW,41.6994,-70.6222,2026-05-22,0.02,0.0033057698,0.0015713099
MA-BA-115,Pocasset 1.0 NNW,41.6994,-70.6222,2026-05-23,0.0,0.0,0.0
MA-BA-115,Pocasset 1.0 NNW,41.6994,-70.6222,2026-05-24,0.03,0.09858914,0.043650314
MA-BA-115,Pocasset 1.0 NNW,41.6994,-70.6222,2026-05-25,0.51,0.49613398,0.43943298
MA-BA-115,Pocasset 1.0 NNW,41.6994,-70.6222,2026-05-26,0.08,0.013474404,0.10986207
MA-BA-115,Pocasset 1.0 NNW,41.6994,-70.6222,2026-05-27,0.03,0.0,0.0
MA-BA-115,Pocasset 1.0 NNW,41.6994,-70.6222,2026-05-28,0.0,0.0394686,0.00094616506
MA-BA-115,Pocasset 1.0 NNW,41.6994,-70.6222,2026-05-29,0.32,0.031402703,0.21809448
MA-BA-115,Pocasset 1.0 NNW,41.6994,-70.6222,2026-05-30,0.37,0.14908224,0.17169517
MA-BA-115,Pocasset 1.0 NNW,41.6994,-70.6222,2026-06-01,0.2,0.2008502,0.08725838
MA-BA-115,Pocasset 1.0 NNW,41.6994,-70.6222,2026-06-02,0.0,7.8671095e-05,0.0
MA-BA-115,Pocasset 1.0 NNW,41.6994,-70.6222,2026-06-03,0.02,0.0011827063,0.00051109813
MA-BA-115,Pocasset 1.0 NNW,41.6994,-70.6222,2026-06-04,0.0,0.0,0.0
MA-BA-115,Pocasset 1.0 NNW,41.6994,-70.6222,2026-06-05,0.0,0.0,0.0
MA-BA-115,Pocasset 1.0 NNW,41.6994,-70.6222,2026-06-06,0.0,0.0,0.0
MA-BA-115,Pocasset 1.0 NNW,41.6994,-70.6222,2026-06-07,0.07,0.3317491,0.07999029
MA-BA-115,Pocasset 1.0 NNW,41.6994,-70.6222,2026-06-08,0.0,0.053013228,0.14841829
MA-BA-115,Pocasset 1.0 NNW,41.6994,-70.6222,2026-06-09,0.0,0.0,0.0
MA-BA-115,Pocasset 1.0 NNW,41.6994,-70.6222,2026-06-10,0.0,0.0,0.0
MA-BA-115,Pocasset 1.0 NNW,41.6994,-70.6222,2026-06-11,0.03,0.0041759037,0.010100524
MA-BA-115,Pocasset 1.0 NNW,41.6994,-70.6222,2026-06-12,0.35,1.4950182,0.0002758768
MA-BA-115,Pocasset 1.0 NNW,41.6994,-70.6222,2026-06-13,0.0,0.016693056,7.8671095e-05
MA-BA-115,Pocasset 1.0 NNW,41.6994,-70.6222,2026-06-15,0.11,0.16498172,0.2568437
MA-BA-115,Pocasset 1.0 NNW,41.6994,-70.6222,2026-06-16,0.0,0.051528774,0.010249417
MA-BA-115,Pocasset 1.0 NNW,41.6994,-70.6222,2026-06-17,0.0,0.0,0.0
MA-BA-115,Pocasset 1.0 NNW,41.6994,-70.6222,2026-06-18,0.0,0.0,0.0
MA-BA-115,Pocasset 1.0 NNW,41.6994,-70.6222,2026-06-19,0.0,0.00051162613,0.04250694
MA-BA-115,Pocasset 1.0 NNW,41.6994,-70.6222,2026-06-20,0.0,0.0,0.00019641373
MA-BA-115,Pocasset 1.0 NNW,41.6994,-70.6222,2026-06-21,0.0,0.1751303,0.37116703
MA-BA-115,Pocasset 1.0 NNW,41.6994,-70.6222,2026-06-22,0.01,0.0,0.0002360133
MA-BA-115,Pocasset 1.0 NNW,41.6994,-70.6222,2026-06-23,0.58,0.15088086,0.104533285
MA-BA-115,Pocasset 1.0 NNW,41.6994,-70.6222,2026-06-24,1.42,1.3574775,0.9144118
MA-BA-115,Pocasset 1.0 NNW,41.6994,-70.6222,2026-06-25,0.0,0.0,0.0
MA-BA-115,Pocasset 1.0 NNW,41.6994,-70.6222,2026-06-26,0.0,0.0,0.0
MA-BA-115,Pocasset 1.0 NNW,41.6994,-70.6222,2026-06-27,0.0,0.011828383,0.010057228
MA-BA-115,Pocasset 1.0 NNW,41.6994,-70.6222,2026-06-28,0.02,0.011525052,0.18340845
MA-BA-115,Pocasset 1.0 NNW,41.6994,-70.6222,2026-06-29,0.02,7.8671095e-05,3.9335548e-05
MA-BA-115,Pocasset 1.0 NNW,41.6994,-70.6222,2026-06-30,0.01,0.00011800665,0.00019667773
MA-BA-115,Pocasset 1.0 NNW,41.6994,-70.6222,2026-07-01,0.0,0.0048419684,0.032134235
MA-BA-115,Pocasset 1.0 NNW,41.6994,-70.6222,2026-07-02,0.0,0.0003548119,0.15645516
MA-BA-115,Pocasset 1.0 NNW,41.6994,-70.6222,2026-07-03,0.0,0.0022809338,0.18787712
MA-BA-115,Pocasset 1.0 NNW,41.6994,-70.6222,2026-07-04,0.0,0.0,0.041428514
MA-BA-115,Pocasset 1.0 NNW,41.6994,-70.6222,2026-07-05,0.22,0.17310809,0.0018514106
MA-BA-115,Pocasset 1.0 NNW,41.6994,-70.6222,2026-07-06,0.14,0.0024026362,0.0065341885
MA-BA-115,Pocasset 1.0 NNW,41.6994,-70.6222,2026-07-07,0.93,1.9631659,0.8624886
MA-BA-115,Pocasset 1.0 NNW,41.6994,-70.6222,2026-07-08,1.42,1.5405606,2.3788955
MA-BA-115,Pocasset 1.0 NNW,41.6994,-70.6222,2026-07-09,0.0,0.0,0.003970514
MA-BA-115,Pocasset 1.0 NNW,41.6994,-70.6222,2026-07-10,0.0,0.0,0.00031521235
MA-BA-115,Pocasset 1.0 NNW,41.6994,-70.6222,2026-07-11,0.43,0.29696068,0.1399271
MA-BA-115,Pocasset 1.0 NNW,41.6994,-70.6222,2026-07-12,0.0,0.0,0.0
MA-BA-115,Pocasset 1.0 NNW,41.6994,-70.6222,2026-07-13,0.0,0.0,0.0
MA-BA-115,Pocasset 1.0 NNW,41.6994,-70.6222,2026-07-14,0.0,0.0,0.21833181
MA-BA-115,Pocasset 1.0 NNW,41.6994,-70.6222,2026-07-15,0.0,0.0,0.0
MA-BA-115,Pocasset 1.0 NNW,41.6994,-70.6222,2026-07-16,0.0,0.0,0.0024414437
MA-BA-115,Pocasset 1.0 NNW,41.6994,-70.6222,2026-07-17,0.0,0.0,0.0
MA-BA-115,Pocasset 1.0 NNW,41.6994,-70.6222,2026-07-18,0.0,0.0,0.0
MA-BA-115,Pocasset 1.0 NNW,41.6994,-70.6222,2026-07-19,1.26,0.86398625,0.56320184
MA-BA-115,Pocasset 1.0 NNW,41.6994,-70.6222,2026-07-20,0.0,0.0,0.0
MA-BA-115,Pocasset 1.0 NNW,41.6994,-70.6222,2026-07-21,0.0,0.0,0.0
MA-BA-115,Pocasset 1.0 NNW,41.6994,-70.6222,2026-07-23,0.0,0.047441307,0.8081264
MA-BA-115,Pocasset 1.0 NNW,41.6994,-70.6222,2026-07-24,0.0,0.005626303,0.00039282747
MA-BA-115,Pocasset 1.0 NNW,41.6994,-70.6222,2026-07-25,0.0,0.0,0.0
MA-BA-115,Pocasset 1.0 NNW,41.6994,-70.6222,2026-07-27,0.0,0.00039282747,0.000866966
MA-BA-115,Pocasset 1.0 NNW,41.6994,-70.6222,2026-07-28,0.0,0.0,0.0
MA-BA-115,Pocasset 1.0 NNW,41.6994,-70.6222,2026-07-29,0.0,0.0013770082,0.00047308253
MA-BA-115,Pocasset 1.0 NNW,41.6994,-70.6222,2026-07-30,0.36,1.2720916,0.6103509
MA-BA-115,Pocasset 1.0 NNW,41.6994,-70.6222,2026-07-31,0.2,0.022222208,1.564897
MA-BA-115,Pocasset 1.0 NNW,41.6994,-70.6222,2026-08-01,0.01,0.0,0.003821092
MA-BA-115,Pocasset 1.0 NNW,41.6994,-70.6222,2026-08-02,0.0,0.0,0.0
MA-BA-115,Pocasset 1.0 NNW,41.6994,-70.6222,2026-08-03,0.0,0.20576344,0.093214154
MA-BA-13,Falmouth 0.6 NNW,41.5538,-70.6115,2025-01-01,0.55,0.16816396,1.3920538
MA-BA-13,Falmouth 0.6 NNW,41.5538,-70.6115,2025-01-02,0.17,0.45825014,0.21171923
MA-BA-13,Falmouth 0.6 NNW,41.5538,-70.6115,2025-01-03,0.0,0.0007468474,0.0
MA-BA-13,Falmouth 0.6 NNW,41.5538,-70.6115,2025-01-04,0.0,0.0,0.0
MA-BA-13,Falmouth 0.6 NNW,41.5538,-70.6115,2025-01-05,0.0,0.0,0.0
MA-BA-13,Falmouth 0.6 NNW,41.5538,-70.6115,2025-01-06,0.0,0.0,0.0
MA-BA-13,Falmouth 0.6 NNW,41.5538,-70.6115,2025-01-07,0.0,7.8671095e-05,0.00023654127
MA-BA-13,Falmouth 0.6 NNW,41.5538,-70.6115,2025-01-08,0.0,0.0,0.0
MA-BA-13,Falmouth 0.6 NNW,41.5538,-70.6115,2025-01-09,0.0,0.0,0.0
MA-BA-13,Falmouth 0.6 NNW,41.5538,-70.6115,2025-01-10,0.0,0.00086591,0.0055925115
MA-BA-13,Falmouth 0.6 NNW,41.5538,-70.6115,2025-01-11,0.01,0.001300977,0.00023654127
MA-BA-13,Falmouth 0.6 NNW,41.5538,-70.6115,2025-01-12,0.05,0.14406994,0.12588374
MA-BA-13,Falmouth 0.6 NNW,41.5538,-70.6115,2025-01-13,0.0,0.0,0.0
MA-BA-13,Falmouth 0.6 NNW,41.5538,-70.6115,2025-01-14,0.0,0.00027455683,0.0011827063
MA-BA-13,Falmouth 0.6 NNW,41.5538,-70.6115,2025-01-15,0.0,0.0,0.0
MA-BA-13,Falmouth 0.6 NNW,41.5538,-70.6115,2025-01-16,0.0,0.0,0.0
MA-BA-13,Falmouth 0.6 NNW,41.5538,-70.6115,2025-01-17,0.01,0.034938943,0.10266314
MA-BA-13,Falmouth 0.6 NNW,41.5538,-70.6115,2025-01-18,0.0,0.0,3.9335548e-05
MA-BA-13,Falmouth 0.6 NNW,41.5538,-70.6115,2025-01-19,0.43,0.32331732,0.22154123
MA-BA-13,Falmouth 0.6 NNW,41.5538,-70.6115,2025-01-20,0.44,0.38197747,0.40875837
MA-BA-13,Falmouth 0.6 NNW,41.5538,-70.6115,2025-01-21,0.0,0.006741426,0.003298906
MA-BA-13,Falmouth 0.6 NNW,41.5538,-70.6115,2025-01-22,0.02,0.0010628517,0.0
MA-BA-13,Falmouth 0.6 NNW,41.5538,-70.6115,2025-01-23,0.0,0.0,0.0040549934
MA-BA-13,Falmouth 0.6 NNW,41.5538,-70.6115,2025-01-24,0.0,0.0,0.0018110191
MA-BA-13,Falmouth 0.6 NNW,41.5538,-70.6115,2025-01-25,0.0,0.0,0.0
MA-BA-13,Falmouth 0.6 NNW,41.5538,-70.6115,2025-01-26,0.0,0.0,0.008380319
MA-BA-13,Falmouth 0.6 NNW,41.5538,-70.6115,2025-01-27,0.0,0.0,0.010678149
MA-BA-13,Falmouth 0.6 NNW,41.5538,-70.6115,2025-01-28,0.0,0.0,3.9335548e-05
MA-BA-13,Falmouth 0.6 NNW,41.5538,-70.6115,2025-01-29,0.0,0.0,0.06943886
MA-BA-13,Falmouth 0.6 NNW,41.5538,-70.6115,2025-01-30,0.0,0.011122984,0.036799062
MA-BA-13,Falmouth 0.6 NNW,41.5538,-70.6115,2025-01-31,0.0,0.0,0.0
MA-BA-13,Falmouth 0.6 NNW,41.5538,-70.6115,2025-02-01,0.67,1.1594409,0.966854
MA-BA-13,Falmouth 0.6 NNW,41.5538,-70.6115,2025-02-02,0.03,0.046366315,0.029691473
MA-BA-13,Falmouth 0.6 NNW,41.5538,-70.6115,2025-02-03,0.21,0.1422244,0.08735052
MA-BA-13,Falmouth 0.6 NNW,41.5538,-70.6115,2025-02-04,0.0,0.00015760618,0.0
MA-BA-13,Falmouth 0.6 NNW,41.5538,-70.6115,2025-02-05,0.0,0.0,0.0
MA-BA-13,Falmouth 0.6 NNW,41.5538,-70.6115,2025-02-06,0.0,0.0,0.0
MA-BA-13,Falmouth 0.6 NNW,41.5538,-70.6115,2025-02-07,0.21,0.36425638,0.30018196
MA-BA-13,Falmouth 0.6 NNW,41.5538,-70.6115,2025-02-08,0.0,3.9335548e-05,0.0
MA-BA-13,Falmouth 0.6 NNW,41.5538,-70.6115,2025-02-09,0.57,0.65136707,0.5876699
MA-BA-13,Falmouth 0.6 NNW,41.5538,-70.6115,2025-02-10,0.0,0.02743298,0.090737335
MA-BA-13,Falmouth 0.6 NNW,41.5538,-70.6115,2025-02-11,0.0,0.0,0.0
MA-BA-13,Falmouth 0.6 NNW,41.5538,-70.6115,2025-02-12,0.04,0.056434102,0.0
MA-BA-13,Falmouth 0.6 NNW,41.5538,-70.6115,2025-02-13,0.2,0.09562735,0.065591626
MA-BA-13,Falmouth 0.6 NNW,41.5538,-70.6115,2025-02-14,0.1,0.19880712,0.28445065
MA-BA-13,Falmouth 0.6 NNW,41.5538,-70.6115,2025-02-15,0.0,0.0,0.0
MA-BA-13,Falmouth 0.6 NNW,41.5538,-70.6115,2025-02-16,0.75,0.43537533,0.24939898
MA-BA-13,Falmouth 0.6 NNW,41.5538,-70.6115,2025-02-17,0.97,0.8282435,1.5367099
MA-BA-13,Falmouth 0.6 NNW,41.5538,-70.6115,2025-02-18,0.0,0.0037783245,7.8671095e-05
MA-BA-13,Falmouth 0.6 NNW,41.5538,-70.6115,2025-02-19,0.0,0.0,0.0
MA-BA-13,Falmouth 0.6 NNW,41.5538,-70.6115,2025-02-20,0.0,0.0,0.0
MA-BA-13,Falmouth 0.6 NNW,41.5538,-70.6115,2025-02-21,0.0,0.07419503,0.016633393
MA-BA-13,Falmouth 0.6 NNW,41.5538,-70.6115,2025-02-22,0.0,0.0,0.0
MA-BA-13,Falmouth 0.6 NNW,41.5538,-70.6115,2025-02-23,0.0,0.0,0.0
MA-BA-13,Falmouth 0.6 NNW,41.5538,-70.6115,2025-02-24,0.0,0.0,0.0
MA-BA-13,Falmouth 0.6 NNW,41.5538,-70.6115,2025-02-25,0.0,0.0,0.0
MA-BA-13,Falmouth 0.6 NNW,41.5538,-70.6115,2025-02-26,0.0,0.00011800665,0.004561867
MA-BA-13,Falmouth 0.6 NNW,41.5538,-70.6115,2025-02-27,0.01,0.013981279,0.123263344
MA-BA-13,Falmouth 0.6 NNW,41.5538,-70.6115,2025-02-28,0.05,0.040624116,0.058977447
MA-BA-13,Falmouth 0.6 NNW,41.5538,-70.6115,2025-03-01,0.0,0.0,0.0002360133
MA-BA-13,Falmouth 0.6 NNW,41.5538,-70.6115,2025-03-02,0.0,3.9335548e-05,0.0
MA-BA-13,Falmouth 0.6 NNW,41.5538,-70.6115,2025-03-03,0.0,0.0,0.0
MA-BA-13,Falmouth 0.6 NNW,41.5538,-70.6115,2025-03-04,0.0,0.0,0.0
MA-BA-13,Falmouth 0.6 NNW,41.5538,-70.6115,2025-03-05,0.0,0.0,0.0
MA-BA-13,Falmouth 0.6 NNW,41.5538,-70.6115,2025-03-06,0.82,0.5274701,0.6352823
MA-BA-13,Falmouth 0.6 NNW,41.5538,-70.6115,2025-03-07,0.05,0.15104559,0.033231143
MA-BA-13,Falmouth 0.6 NNW,41.5538,-70.6115,2025-03-08,0.0,0.0,0.0072538443
MA-BA-13,Falmouth 0.6 NNW,41.5538,-70.6115,2025-03-09,0.0,0.00027455683,0.008749123
MA-BA-13,Falmouth 0.6 NNW,41.5538,-70.6115,2025-03-10,0.0,0.0,0.003305506
MA-BA-13,Falmouth 0.6 NNW,41.5538,-70.6115,2025-03-11,0.0,0.0,0.0
MA-BA-13,Falmouth 0.6 NNW,41.5538,-70.6115,2025-03-12,0.0,0.0,3.9335548e-05
MA-BA-13,Falmouth 0.6 NNW,41.5538,-70.6115,2025-03-13,0.0,0.0,0.0
MA-BA-13,Falmouth 0.6 NNW,41.5538,-70.6115,2025-03-14,0.0,0.027905533,0.008856042
MA-BA-13,Falmouth 0.6 NNW,41.5538,-70.6115,2025-03-15,0.0,0.003307354,0.008413583
MA-BA-13,Falmouth 0.6 NNW,41.5538,-70.6115,2025-03-16,0.0,0.011962758,0.007635848
MA-BA-13,Falmouth 0.6 NNW,41.5538,-70.6115,2025-03-17,0.32,0.0017706276,0.6684767
MA-BA-13,Falmouth 0.6 NNW,41.5538,-70.6115,2025-03-18,1.99,1.6720706,2.526396
MA-BA-13,Falmouth 0.6 NNW,41.5538,-70.6115,2025-03-19,0.0,0.0,0.004164816
MA-BA-13,Falmouth 0.6 NNW,41.5538,-70.6115,2025-03-20,0.0,0.020902487,0.015852489
MA-BA-13,Falmouth 0.6 NNW,41.5538,-70.6115,2025-03-21,0.42,0.16141143,0.17767206
MA-BA-13,Falmouth 0.6 NNW,41.5538,-70.6115,2025-03-22,0.07,0.090103745,0.16897593
MA-BA-13,Falmouth 0.6 NNW,41.5538,-70.6115,2025-03-23,0.0,0.0,0.00086591
MA-BA-13,Falmouth 0.6 NNW,41.5538,-70.6115,2025-03-24,0.0,0.0,0.0
MA-BA-13,Falmouth 0.6 NNW,41.5538,-70.6115,2025-03-25,0.48,0.6417008,0.36699378
MA-BA-13,Falmouth 0.6 NNW,41.5538,-70.6115,2025-03-26,0.0,0.024465125,0.09956117
MA-BA-13,Falmouth 0.6 NNW,41.5538,-70.6115,2025-03-27,0.0,0.19139779,0.17454845
MA-BA-13,Falmouth 0.6 NNW,41.5538,-70.6115,2025-03-28,0.0,0.00039282747,7.8671095e-05
MA-BA-13,Falmouth 0.6 NNW,41.5538,-70.6115,2025-03-29,0.05,0.09808226,0.0027933517
MA-BA-13,Falmouth 0.6 NNW,41.5538,-70.6115,2025-03-30,0.08,0.317191,0.42277107
MA-BA-13,Falmouth 0.6 NNW,41.5538,-70.6115,2025-03-31,0.0,0.050378807,0.07848128
MA-BA-13,Falmouth 0.6 NNW,41.5538,-70.6115,2025-04-01,0.27,0.83699733,0.5330674
MA-BA-13,Falmouth 0.6 NNW,41.5538,-70.6115,2025-04-02,0.0,0.07103841,0.02598575
MA-BA-13,Falmouth 0.6 NNW,41.5538,-70.6115,2025-04-03,0.13,0.11518979,0.05624587
MA-BA-13,Falmouth 0.6 NNW,41.5538,-70.6115,2025-04-04,0.15,0.22818999,0.31372184
MA-BA-13,Falmouth 0.6 NNW,41.5538,-70.6115,2025-04-05,0.0,0.051971495,0.013670819
MA-BA-13,Falmouth 0.6 NNW,41.5538,-70.6115,2025-04-06,0.84,0.87955177,0.46751457
MA-BA-13,Falmouth 0.6 NNW,41.5538,-70.6115,2025-04-07,0.03,0.0800217,0.1357652
MA-BA-13,Falmouth 0.6 NNW,41.5538,-70.6115,2025-04-08,0.59,0.7362791,0.55681396
MA-BA-13,Falmouth 0.6 NNW,41.5538,-70.6115,2025-04-09,0.01,0.0379163,0.030326387
MA-BA-13,Falmouth 0.6 NNW,41.5538,-70.6115,2025-04-10,0.0,0.0,0.0
MA-BA-13,Falmouth 0.6 NNW,41.5538,-70.6115,2025-04-11,0.06,0.078683764,0.0055753514
MA-BA-13,Falmouth 0.6 NNW,41.5538,-70.6115,2025-04-12,0.32,0.12727425,0.099011526
MA-BA-13,Falmouth 0.6 NNW,41.5538,-70.6115,2025-04-13,0.21,0.5828451,0.5663685
MA-BA-13,Falmouth 0.6 NNW,41.5538,-70.6115,2025-04-14,0.6,0.53969,0.38754094
MA-BA-13,Falmouth 0.6 NNW,41.5538,-70.6115,2025-04-15,0.08,0.042751666,0.012997098
MA-BA-13,Falmouth 0.6 NNW,41.5538,-70.6115,2025-04-16,0.02,0.08716678,0.055812124
MA-BA-13,Falmouth 0.6 NNW,41.5538,-70.6115,2025-04-17,0.0,0.0,0.0
MA-BA-13,Falmouth 0.6 NNW,41.5538,-70.6115,2025-04-18,0.0,0.0,0.0
MA-BA-13,Falmouth 0.6 NNW,41.5538,-70.6115,2025-04-19,0.0,0.0061416253,0.0019667773
MA-BA-13,Falmouth 0.6 NNW,41.5538,-70.6115,2025-04-20,0.0,0.01914638,0.015096137
MA-BA-13,Falmouth 0.6 NNW,41.5538,-70.6115,2025-04-21,0.0,0.0,0.0
MA-BA-13,Falmouth 0.6 NNW,41.5538,-70.6115,2025-04-22,0.07,0.09096596,0.09306447
MA-BA-13,Falmouth 0.6 NNW,41.5538,-70.6115,2025-04-23,0.0,0.11959115,0.19785543
MA-BA-13,Falmouth 0.6 NNW,41.5538,-70.6115,2025-04-24,0.0,0.0,0.0
MA-BA-13,Falmouth 0.6 NNW,41.5538,-70.6115,2025-04-25,0.0,0.0,0.0
MA-BA-13,Falmouth 0.6 NNW,41.5538,-70.6115,2025-04-26,0.0,0.0049193194,0.0
MA-BA-13,Falmouth 0.6 NNW,41.5538,-70.6115,2025-04-27,1.58,0.716191,1.2368051
MA-BA-13,Falmouth 0.6 NNW,41.5538,-70.6115,2025-04-28,0.0,0.0023184214,0.0
MA-BA-13,Falmouth 0.6 NNW,41.5538,-70.6115,2025-04-29,0.0,0.0,0.0
MA-BA-13,Falmouth 0.6 NNW,41.5538,-70.6115,2025-04-30,0.0,0.0,0.0
MA-BA-13,Falmouth 0.6 NNW,41.5538,-70.6115,2025-05-01,0.0,3.9335548e-05,0.00019694172
MA-BA-13,Falmouth 0.6 NNW,41.5538,-70.6115,2025-05-02,0.57,0.11462114,0.00988827
MA-BA-13,Falmouth 0.6 NNW,41.5538,-70.6115,2025-05-03,0.01,0.16526763,0.096130796
MA-BA-13,Falmouth 0.6 NNW,41.5538,-70.6115,2025-05-04,0.0,0.00015734219,0.0
MA-BA-13,Falmouth 0.6 NNW,41.5538,-70.6115,2025-05-05,0.15,7.8671095e-05,0.43662137
MA-BA-13,Falmouth 0.6 NNW,41.5538,-70.6115,2025-05-06,0.0,0.092609346,0.27541614
MA-BA-13,Falmouth 0.6 NNW,41.5538,-70.6115,2025-05-07,0.16,0.5043266,0.22649752
MA-BA-13,Falmouth 0.6 NNW,41.5538,-70.6115,2025-05-08,0.0,0.0,0.05231997
MA-BA-13,Falmouth 0.6 NNW,41.5538,-70.6115,2025-05-09,0.0,0.0011784824,0.0
MA-BA-13,Falmouth 0.6 NNW,41.5538,-70.6115,2025-05-10,1.23,1.3251337,0.90811336
MA-BA-13,Falmouth 0.6 NNW,41.5538,-70.6115,2025-05-11,0.01,0.0037717246,0.0019641374
MA-BA-13,Falmouth 0.6 NNW,41.5538,-70.6115,2025-05-12,0.0,0.0,0.0
MA-BA-13,Falmouth 0.6 NNW,41.5538,-70.6115,2025-05-13,0.0,0.0,0.0
MA-BA-13,Falmouth 0.6 NNW,41.5538,-70.6115,2025-05-14,0.0,0.00019667773,0.0
MA-BA-13,Falmouth 0.6 NNW,41.5538,-70.6115,2025-05-15,0.0,0.013691146,7.8671095e-05
MA-BA-13,Falmouth 0.6 NNW,41.5538,-70.6115,2025-05-16,0.0,0.9877736,0.020290542
MA-BA-13,Falmouth 0.6 NNW,41.5538,-70.6115,2025-05-17,0.0,0.0020438645,0.0068826647
MA-BA-13,Falmouth 0.6 NNW,41.5538,-70.6115,2025-05-18,0.0,0.0015705179,0.009226429
MA-BA-13,Falmouth 0.6 NNW,41.5538,-70.6115,2025-05-19,0.0,0.00019641373,7.8671095e-05
MA-BA-13,Falmouth 0.6 NNW,41.5538,-70.6115,2025-05-20,0.0,0.0,0.0
MA-BA-13,Falmouth 0.6 NNW,41.5538,-70.6115,2025-05-21,0.0,0.0005105701,0.010381153
MA-BA-13,Falmouth 0.6 NNW,41.5538,-70.6115,2025-05-22,0.02,0.007864205,0.2164181
MA-BA-13,Falmouth 0.6 NNW,41.5538,-70.6115,2025-05-23,5.3,2.1127288,2.711405
MA-BA-13,Falmouth 0.6 NNW,41.5538,-70.6115,2025-05-24,0.01,0.008765754,0.051620908
MA-BA-13,Falmouth 0.6 NNW,41.5538,-70.6115,2025-05-25,0.07,0.023628255,0.0041703596
MA-BA-13,Falmouth 0.6 NNW,41.5538,-70.6115,2025-05-26,0.0,0.013111144,0.0068929605
MA-BA-13,Falmouth 0.6 NNW,41.5538,-70.6115,2025-05-27,0.0,0.0,0.0
MA-BA-13,Falmouth 0.6 NNW,41.5538,-70.6115,2025-05-28,0.0,0.0,0.0
MA-BA-13,Falmouth 0.6 NNW,41.5538,-70.6115,2025-05-29,0.17,0.04724067,0.18301536
MA-BA-13,Falmouth 0.6 NNW,41.5538,-70.6115,2025-05-30,0.09,0.10835491,0.2919397
MA-BA-13,Falmouth 0.6 NNW,41.5538,-70.6115,2025-05-31,0.32,0.10567138,0.3680503
MA-BA-13,Falmouth 0.6 NNW,41.5538,-70.6115,2025-06-01,0.0,0.5633502,0.9896913
MA-BA-13,Falmouth 0.6 NNW,41.5538,-70.6115,2025-06-02,0.0,0.0024773476,0.00015760618
MA-BA-13,Falmouth 0.6 NNW,41.5538,-70.6115,2025-06-03,0.0,0.0,0.0
MA-BA-13,Falmouth 0.6 NNW,41.5538,-70.6115,2025-06-04,0.0,0.0,0.0
MA-BA-13,Falmouth 0.6 NNW,41.5538,-70.6115,2025-06-05,0.0,0.0,0.0
MA-BA-13,Falmouth 0.6 NNW,41.5538,-70.6115,2025-06-06,0.0,0.0,0.0
MA-BA-13,Falmouth 0.6 NNW,41.5538,-70.6115,2025-06-07,0.0,0.006965296,7.8671095e-05
MA-BA-13,Falmouth 0.6 NNW,41.5538,-70.6115,2025-06-08,0.08,0.20615363,0.040376488
MA-BA-13,Falmouth 0.6 NNW,41.5538,-70.6115,2025-06-09,0.0,7.8671095e-05,0.00063068874
MA-BA-13,Falmouth 0.6 NNW,41.5538,-70.6115,2025-06-10,0.1,0.0045264917,0.047209516
MA-BA-13,Falmouth 0.6 NNW,41.5538,-70.6115,2025-06-11,0.86,0.14240894,0.2970647
MA-BA-13,Falmouth 0.6 NNW,41.5538,-70.6115,2025-06-12,0.0,0.0,0.0
MA-BA-13,Falmouth 0.6 NNW,41.5538,-70.6115,2025-06-13,0.0,0.0,3.9335548e-05
MA-BA-13,Falmouth 0.6 NNW,41.5538,-70.6115,2025-06-14,0.0,0.007359443,0.06320721
MA-BA-13,Falmouth 0.6 NNW,41.5538,-70.6115,2025-06-15,0.28,0.2379666,0.30661637
MA-BA-13,Falmouth 0.6 NNW,41.5538,-70.6115,2025-06-16,0.0,0.000433483,0.007197613
MA-BA-13,Falmouth 0.6 NNW,41.5538,-70.6115,2025-06-17,0.01,0.13772325,0.05777758
MA-BA-13,Falmouth 0.6 NNW,41.5538,-70.6115,2025-06-18,0.0,0.0065376204,0.0243062
MA-BA-13,Falmouth 0.6 NNW,41.5538,-70.6115,2025-06-19,0.0,0.011889103,0.10239121
MA-BA-13,Falmouth 0.6 NNW,41.5538,-70.6115,2025-06-20,0.0,0.0007067199,0.00031389238
MA-BA-13,Falmouth 0.6 NNW,41.5538,-70.6115,2025-06-21,0.0,0.0,0.0
MA-BA-13,Falmouth 0.6 NNW,41.5538,-70.6115,2025-06-22,0.0,0.0,0.61694396
MA-BA-13,Falmouth 0.6 NNW,41.5538,-70.6115,2025-06-23,0.0,0.012174747,0.0071411175
MA-BA-13,Falmouth 0.6 NNW,41.5538,-70.6115,2025-06-24,0.0,0.0,0.0
MA-BA-13,Falmouth 0.6 NNW,41.5538,-70.6115,2025-06-25,0.0,0.0,0.0
MA-BA-13,Falmouth 0.6 NNW,41.5538,-70.6115,2025-06-26,0.0,0.0,0.17500675
MA-BA-13,Falmouth 0.6 NNW,41.5538,-70.6115,2025-06-27,0.0,0.0074703214,0.274409
MA-BA-13,Falmouth 0.6 NNW,41.5538,-70.6115,2025-06-28,0.0,0.0011827063,0.19047487
MA-BA-13,Falmouth 0.6 NNW,41.5538,-70.6115,2025-06-29,0.0,0.0026761373,0.10083231
MA-BA-13,Falmouth 0.6 NNW,41.5538,-70.6115,2025-06-30,0.0,7.8671095e-05,0.0
MA-BA-13,Falmouth 0.6 NNW,41.5538,-70.6115,2025-07-01,0.05,0.00031521235,7.8671095e-05
MA-BA-13,Falmouth 0.6 NNW,41.5538,-70.6115,2025-07-02,0.02,0.17501941,0.079757705
MA-BA-13,Falmouth 0.6 NNW,41.5538,-70.6115,2025-07-03,0.02,0.016923524,0.022217983
MA-BA-13,Falmouth 0.6 NNW,41.5538,-70.6115,2025-07-04,0.01,0.106713906,0.0767154
MA-BA-13,Falmouth 0.6 NNW,41.5538,-70.6115,2025-07-05,0.0,0.0,0.0
MA-BA-13,Falmouth 0.6 NNW,41.5538,-70.6115,2025-07-06,0.0,0.0,0.0
MA-BA-13,Falmouth 0.6 NNW,41.5538,-70.6115,2025-07-07,0.0,0.0018492987,0.0
MA-BA-13,Falmouth 0.6 NNW,41.5538,-70.6115,2025-07-08,0.12,0.028245034,0.1857847
MA-BA-13,Falmouth 0.6 NNW,41.5538,-70.6115,2025-07-09,1.32,0.750047,0.39690623
MA-BA-13,Falmouth 0.6 NNW,41.5538,-70.6115,2025-07-10,0.2,0.016084807,0.24712913
MA-BA-13,Falmouth 0.6 NNW,41.5538,-70.6115,2025-07-11,0.22,0.6014991,0.7389576
MA-BA-13,Falmouth 0.6 NNW,41.5538,-70.6115,2025-07-12,0.01,0.0018522026,7.8671095e-05
MA-BA-13,Falmouth 0.6 NNW,41.5538,-70.6115,2025-07-13,0.0,0.0048768157,0.014449873
MA-BA-13,Falmouth 0.6 NNW,41.5538,-70.6115,2025-07-14,0.0,0.0011827063,0.024146745
MA-BA-13,Falmouth 0.6 NNW,41.5538,-70.6115,2025-07-15,0.08,0.0025536427,0.009298236
MA-BA-13,Falmouth 0.6 NNW,41.5538,-70.6115,2025-07-16,0.01,0.016349068,0.0109329065
MA-BA-13,Falmouth 0.6 NNW,41.5538,-70.6115,2025-07-17,0.0,3.9335548e-05,0.0012592655
MA-BA-13,Falmouth 0.6 NNW,41.5538,-70.6115,2025-07-18,0.05,3.9335548e-05,0.022336254
MA-BA-13,Falmouth 0.6 NNW,41.5538,-70.6115,2025-07-19,0.0,0.0,0.0
MA-BA-13,Falmouth 0.6 NNW,41.5538,-70.6115,2025-07-20,0.0,0.00023654127,0.0
MA-BA-13,Falmouth 0.6 NNW,41.5538,-70.6115,2025-07-21,0.0,0.060862385,0.048386157
MA-BA-13,Falmouth 0.6 NNW,41.5538,-70.6115,2025-07-22,0.0,0.0,0.0
MA-BA-13,Falmouth 0.6 NNW,41.5538,-70.6115,2025-07-23,0.0,0.0,0.0
MA-BA-13,Falmouth 0.6 NNW,41.5538,-70.6115,2025-07-24,0.0,0.0,0.0
MA-BA-13,Falmouth 0.6 NNW,41.5538,-70.6115,2025-07-25,0.0,0.0,0.0
MA-BA-13,Falmouth 0.6 NNW,41.5538,-70.6115,2025-07-26,0.05,0.08914227,0.03558811
MA-BA-13,Falmouth 0.6 NNW,41.5538,-70.6115,2025-07-27,0.0,0.0,0.0
MA-BA-13,Falmouth 0.6 NNW,41.5538,-70.6115,2025-07-28,0.0,7.8671095e-05,0.42605835
MA-BA-13,Falmouth 0.6 NNW,41.5538,-70.6115,2025-07-29,0.0,0.00023601328,0.0
MA-BA-13,Falmouth 0.6 NNW,41.5538,-70.6115,2025-07-30,0.0,0.0,0.0
MA-BA-13,Falmouth 0.6 NNW,41.5538,-70.6115,2025-07-31,0.0,0.0,0.0
MA-BA-13,Falmouth 0.6 NNW,41.5538,-70.6115,2025-08-01,0.31,0.092105106,0.10460641
MA-BA-13,Falmouth 0.6 NNW,41.5538,-70.6115,2025-08-02,0.07,0.046366315,0.013656035
MA-BA-13,Falmouth 0.6 NNW,41.5538,-70.6115,2025-08-03,0.0,0.0,0.0
MA-BA-13,Falmouth 0.6 NNW,41.5538,-70.6115,2025-08-04,0.0,0.0,0.0
MA-BA-13,Falmouth 0.6 NNW,41.5538,-70.6115,2025-08-05,0.0,0.0,0.0
MA-BA-13,Falmouth 0.6 NNW,41.5538,-70.6115,2025-08-06,0.0,0.0,0.0
MA-BA-13,Falmouth 0.6 NNW,41.5538,-70.6115,2025-08-07,0.0,0.0,0.0
MA-BA-13,Falmouth 0.6 NNW,41.5538,-70.6115,2025-08-08,0.0,0.0,0.0
MA-BA-13,Falmouth 0.6 NNW,41.5538,-70.6115,2025-08-09,0.0,0.0,0.0
MA-BA-13,Falmouth 0.6 NNW,41.5538,-70.6115,2025-08-10,0.0,0.0,0.0
MA-BA-13,Falmouth 0.6 NNW,41.5538,-70.6115,2025-08-11,0.0,0.0,3.9335548e-05
MA-BA-13,Falmouth 0.6 NNW,41.5538,-70.6115,2025-08-12,0.0,0.0,0.0
MA-BA-13,Falmouth 0.6 NNW,41.5538,-70.6115,2025-08-13,0.0,0.0,0.00294515
MA-BA-13,Falmouth 0.6 NNW,41.5538,-70.6115,2025-08-14,0.0,0.00027508484,0.0018091712
MA-BA-13,Falmouth 0.6 NNW,41.5538,-70.6115,2025-08-15,0.0,0.0014952787,0.031393725
MA-BA-13,Falmouth 0.6 NNW,41.5538,-70.6115,2025-08-16,0.0,0.005820605,0.00019667773
MA-BA-13,Falmouth 0.6 NNW,41.5538,-70.6115,2025-08-17,0.0,0.00137912,0.0016895805
MA-BA-13,Falmouth 0.6 NNW,41.5538,-70.6115,2025-08-18,0.0,0.23172598,0.02838073
MA-BA-13,Falmouth 0.6 NNW,41.5538,-70.6115,2025-08-19,0.0,0.007755175,0.000432163
MA-BA-13,Falmouth 0.6 NNW,41.5538,-70.6115,2025-08-20,0.0,0.0,0.0
MA-BA-13,Falmouth 0.6 NNW,41.5538,-70.6115,2025-08-21,1.54,0.5621572,0.822803
MA-BA-13,Falmouth 0.6 NNW,41.5538,-70.6115,2025-08-22,0.0,0.0650573,0.027899198
MA-BA-13,Falmouth 0.6 NNW,41.5538,-70.6115,2025-08-23,0.0,0.0,0.0
MA-BA-13,Falmouth 0.6 NNW,41.5538,-70.6115,2025-08-24,0.0,0.0,0.0
MA-BA-13,Falmouth 0.6 NNW,41.5538,-70.6115,2025-08-25,0.0,0.0011827063,0.00015760618
MA-BA-13,Falmouth 0.6 NNW,41.5538,-70.6115,2025-08-26,0.02,0.013795425,0.0
MA-BA-13,Falmouth 0.6 NNW,41.5538,-70.6115,2025-08-27,0.0,0.0,0.0
MA-BA-13,Falmouth 0.6 NNW,41.5538,-70.6115,2025-08-28,0.0,0.0,0.0
MA-BA-13,Falmouth 0.6 NNW,41.5538,-70.6115,2025-08-29,0.0,0.0,0.0
MA-BA-13,Falmouth 0.6 NNW,41.5538,-70.6115,2025-08-30,0.22,0.35039073,0.00031468438
MA-BA-13,Falmouth 0.6 NNW,41.5538,-70.6115,2025-08-31,0.0,0.0,0.0
MA-BA-13,Falmouth 0.6 NNW,41.5538,-70.6115,2025-09-01,0.0,0.0,0.0
MA-BA-13,Falmouth 0.6 NNW,41.5538,-70.6115,2025-09-02,0.0,0.0,0.0
MA-BA-13,Falmouth 0.6 NNW,41.5538,-70.6115,2025-09-03,0.0,0.0,0.0
MA-BA-13,Falmouth 0.6 NNW,41.5538,-70.6115,2025-09-04,0.0,0.0,0.0
MA-BA-13,Falmouth 0.6 NNW,41.5538,-70.6115,2025-09-05,0.0,0.0,0.0031426197
MA-BA-13,Falmouth 0.6 NNW,41.5538,-70.6115,2025-09-06,0.0,0.0,0.00039282747
MA-BA-13,Falmouth 0.6 NNW,41.5538,-70.6115,2025-09-07,0.04,0.0036542458,0.0063317027
MA-BA-13,Falmouth 0.6 NNW,41.5538,-70.6115,2025-09-08,0.56,0.25168547,0.6000292
MA-BA-13,Falmouth 0.6 NNW,41.5538,-70.6115,2025-09-09,0.0,0.0,0.0
MA-BA-13,Falmouth 0.6 NNW,41.5538,-70.6115,2025-09-10,0.0,0.01499714,0.17390007
MA-BA-13,Falmouth 0.6 NNW,41.5538,-70.6115,2025-09-11,0.0,0.015808402,0.1213301
MA-BA-13,Falmouth 0.6 NNW,41.5538,-70.6115,2025-09-12,0.0,0.0,0.00047308253
MA-BA-13,Falmouth 0.6 NNW,41.5538,-70.6115,2025-09-13,0.0,0.0,0.0
MA-BA-13,Falmouth 0.6 NNW,41.5538,-70.6115,2025-09-14,0.0,0.0,0.061838645
MA-BA-13,Falmouth 0.6 NNW,41.5538,-70.6115,2025-09-15,0.0,0.0,0.0011827063
MA-BA-13,Falmouth 0.6 NNW,41.5538,-70.6115,2025-09-16,0.0,0.00078565493,0.0
MA-BA-13,Falmouth 0.6 NNW,41.5538,-70.6115,2025-09-17,0.0,0.0,0.0
MA-BA-13,Falmouth 0.6 NNW,41.5538,-70.6115,2025-09-18,0.14,0.15586802,0.025968853
MA-BA-13,Falmouth 0.6 NNW,41.5538,-70.6115,2025-09-19,0.01,0.00011827063,0.0
MA-BA-13,Falmouth 0.6 NNW,41.5538,-70.6115,2025-09-20,0.0,0.0,0.0
MA-BA-13,Falmouth 0.6 NNW,41.5538,-70.6115,2025-09-22,0.0,0.0,0.0
MA-BA-13,Falmouth 0.6 NNW,41.5538,-70.6115,2025-09-23,0.0,0.0,0.0
MA-BA-13,Falmouth 0.6 NNW,41.5538,-70.6115,2025-09-24,0.0,0.0,0.0
MA-BA-13,Falmouth 0.6 NNW,41.5538,-70.6115,2025-09-25,1.37,0.3113105,0.19997875
MA-BA-13,Falmouth 0.6 NNW,41.5538,-70.6115,2025-09-26,0.35,0.3772918,0.58982223
MA-BA-13,Falmouth 0.6 NNW,41.5538,-70.6115,2025-09-27,0.0,0.0,0.008109986
MA-BA-13,Falmouth 0.6 NNW,41.5538,-70.6115,2025-09-28,0.1,0.041094825,0.033301633
MA-BA-13,Falmouth 0.6 NNW,41.5538,-70.6115,2025-09-29,0.0,0.0066949627,0.0008249905
MA-BA-13,Falmouth 0.6 NNW,41.5538,-70.6115,2025-09-30,0.0,0.0,0.0
MA-BA-13,Falmouth 0.6 NNW,41.5538,-70.6115,2025-10-01,0.0,0.0,0.0
MA-BA-13,Falmouth 0.6 NNW,41.5538,-70.6115,2025-10-02,0.0,0.0,0.0
MA-BA-13,Falmouth 0.6 NNW,41.5538,-70.6115,2025-10-03,0.0,0.0,0.00039388344
MA-BA-13,Falmouth 0.6 NNW,41.5538,-70.6115,2025-10-04,0.0,0.0,0.0
MA-BA-13,Falmouth 0.6 NNW,41.5538,-70.6115,2025-10-05,0.0,0.0,0.0
MA-BA-13,Falmouth 0.6 NNW,41.5538,-70.6115,2025-10-06,0.0,0.0,0.0
MA-BA-13,Falmouth 0.6 NNW,41.5538,-70.6115,2025-10-07,0.0,0.0,0.0
MA-BA-13,Falmouth 0.6 NNW,41.5538,-70.6115,2025-10-08,0.01,0.0,0.0011827063
MA-BA-13,Falmouth 0.6 NNW,41.5538,-70.6115,2025-10-09,0.97,1.0666913,1.1421564
MA-BA-13,Falmouth 0.6 NNW,41.5538,-70.6115,2025-10-10,0.0,0.0,0.0
MA-BA-13,Falmouth 0.6 NNW,41.5538,-70.6115,2025-10-11,0.0,0.00039282747,0.0011784824
MA-BA-13,Falmouth 0.6 NNW,41.5538,-70.6115,2025-10-12,0.0,0.0,0.006812705
MA-BA-13,Falmouth 0.6 NNW,41.5538,-70.6115,2025-10-13,2.32,1.9160181,0.96475047
MA-BA-13,Falmouth 0.6 NNW,41.5538,-70.6115,2025-10-14,0.97,1.0940837,1.5814474
MA-BA-13,Falmouth 0.6 NNW,41.5538,-70.6115,2025-10-15,0.32,0.18570708,0.043923285
MA-BA-13,Falmouth 0.6 NNW,41.5538,-70.6115,2025-10-16,0.0,0.0,0.0
MA-BA-13,Falmouth 0.6 NNW,41.5538,-70.6115,2025-10-17,0.0,0.0035011275,0.11587249
MA-BA-13,Falmouth 0.6 NNW,41.5538,-70.6115,2025-10-18,0.0,0.0,0.0
MA-BA-13,Falmouth 0.6 NNW,41.5538,-70.6115,2025-10-19,0.0,0.0,0.0
MA-BA-13,Falmouth 0.6 NNW,41.5538,-70.6115,2025-10-20,0.0,0.0023590769,0.0
MA-BA-13,Falmouth 0.6 NNW,41.5538,-70.6115,2025-10-21,0.67,0.8522017,0.3394705
MA-BA-13,Falmouth 0.6 NNW,41.5538,-70.6115,2025-10-22,0.01,0.0,0.007096238
MA-BA-13,Falmouth 0.6 NNW,41.5538,-70.6115,2025-10-23,0.01,0.007080662,0.11452531
MA-BA-13,Falmouth 0.6 NNW,41.5538,-70.6115,2025-10-24,0.0,0.008650652,0.00039282747
MA-BA-13,Falmouth 0.6 NNW,41.5538,-70.6115,2025-10-25,0.0,0.0,0.0
MA-BA-13,Falmouth 0.6 NNW,41.5538,-70.6115,2025-10-26,0.0,0.0,0.0
MA-BA-13,Falmouth 0.6 NNW,41.5538,-70.6115,2025-10-27,0.0,0.0,0.0043337736
MA-BA-13,Falmouth 0.6 NNW,41.5538,-70.6115,2025-10-28,0.01,0.030277282,0.08268806
MA-BA-13,Falmouth 0.6 NNW,41.5538,-70.6115,2025-10-29,0.02,0.008745691,0.030485576
MA-BA-13,Falmouth 0.6 NNW,41.5538,-70.6115,2025-10-30,0.05,0.007865261,0.051992618
MA-BA-13,Falmouth 0.6 NNW,41.5538,-70.6115,2025-10-31,1.54,1.3310723,2.2771926
MA-BA-13,Falmouth 0.6 NNW,41.5538,-70.6115,2025-11-01,0.01,0.0,0.030220788
MA-BA-13,Falmouth 0.6 NNW,41.5538,-70.6115,2025-11-02,0.0,0.0,0.0
MA-BA-13,Falmouth 0.6 NNW,41.5538,-70.6115,2025-11-03,0.0,0.0,0.0
MA-BA-13,Falmouth 0.6 NNW,41.5538,-70.6115,2025-11-04,0.24,0.09864959,0.74199617
MA-BA-13,Falmouth 0.6 NNW,41.5538,-70.6115,2025-11-05,0.0,0.0,0.0
MA-BA-13,Falmouth 0.6 NNW,41.5538,-70.6115,2025-11-06,0.02,0.00011827063,0.0
MA-BA-13,Falmouth 0.6 NNW,41.5538,-70.6115,2025-11-07,0.0,0.0,0.0
MA-BA-13,Falmouth 0.6 NNW,41.5538,-70.6115,2025-11-08,0.17,0.11903095,0.46495992
MA-BA-13,Falmouth 0.6 NNW,41.5538,-70.6115,2025-11-09,0.03,0.028245563,0.08702395
MA-BA-13,Falmouth 0.6 NNW,41.5538,-70.6115,2025-11-10,2.04,0.23510881,0.21076038
MA-BA-13,Falmouth 0.6 NNW,41.5538,-70.6115,2025-11-11,0.33,0.20474654,0.04542754
MA-BA-13,Falmouth 0.6 NNW,41.5538,-70.6115,2025-11-12,0.0,3.9335548e-05,0.00039282747
MA-BA-13,Falmouth 0.6 NNW,41.5538,-70.6115,2025-11-13,0.0,0.00062936876,0.021119492
MA-BA-13,Falmouth 0.6 NNW,41.5538,-70.6115,2025-11-14,0.01,0.038103998,0.0012220419
MA-BA-13,Falmouth 0.6 NNW,41.5538,-70.6115,2025-11-15,0.0,0.0,0.0
MA-BA-13,Falmouth 0.6 NNW,41.5538,-70.6115,2025-11-16,0.82,0.43758446,0.41385695
MA-BA-13,Falmouth 0.6 NNW,41.5538,-70.6115,2025-11-17,0.0,3.9335548e-05,0.002168207
MA-BA-13,Falmouth 0.6 NNW,41.5538,-70.6115,2025-11-18,0.0,0.0,0.0
MA-BA-13,Falmouth 0.6 NNW,41.5538,-70.6115,2025-11-19,0.0,0.0,0.0045956587
MA-BA-13,Falmouth 0.6 NNW,41.5538,-70.6115,2025-11-20,0.0,0.00094616506,0.14785941
MA-BA-13,Falmouth 0.6 NNW,41.5538,-70.6115,2025-11-21,0.0,0.0,0.0
MA-BA-13,Falmouth 0.6 NNW,41.5538,-70.6115,2025-11-22,0.03,3.9335548e-05,0.00015760618
MA-BA-13,Falmouth 0.6 NNW,41.5538,-70.6115,2025-11-23,0.16,0.1377536,0.016404243
MA-BA-13,Falmouth 0.6 NNW,41.5538,-70.6115,2025-11-24,0.02,0.05954082,0.046449207
MA-BA-13,Falmouth 0.6 NNW,41.5538,-70.6115,2025-11-25,0.0,0.0,0.0
MA-BA-13,Falmouth 0.6 NNW,41.5538,-70.6115,2025-11-26,0.23,0.5087243,0.37815347
MA-BA-13,Falmouth 0.6 NNW,41.5538,-70.6115,2025-11-27,0.04,0.12560183,1.2795922
MA-BA-13,Falmouth 0.6 NNW,41.5538,-70.6115,2025-11-28,0.0,0.0,0.008112626
MA-BA-13,Falmouth 0.6 NNW,41.5538,-70.6115,2025-11-29,0.0,0.0,0.00011800664
MA-BA-13,Falmouth 0.6 NNW,41.5538,-70.6115,2025-11-30,0.0,0.0,0.0
MA-BA-13,Falmouth 0.6 NNW,41.5538,-70.6115,2025-12-01,0.34,0.26491356,0.30767682
MA-BA-13,Falmouth 0.6 NNW,41.5538,-70.6115,2025-12-02,0.0,0.0,0.0
MA-BA-13,Falmouth 0.6 NNW,41.5538,-70.6115,2025-12-03,0.97,1.0278953,0.79654056
MA-BA-13,Falmouth 0.6 NNW,41.5538,-70.6115,2025-12-04,0.0,0.0021288714,0.0009052456
MA-BA-13,Falmouth 0.6 NNW,41.5538,-70.6115,2025-12-05,0.0,0.0,3.9335548e-05
MA-BA-13,Falmouth 0.6 NNW,41.5538,-70.6115,2025-12-06,0.0,0.00019694172,0.004882096
MA-BA-13,Falmouth 0.6 NNW,41.5538,-70.6115,2025-12-07,0.03,0.0018471867,0.14530392
MA-BA-13,Falmouth 0.6 NNW,41.5538,-70.6115,2025-12-08,0.0,0.0,0.0035819106
MA-BA-13,Falmouth 0.6 NNW,41.5538,-70.6115,2025-12-09,0.0,0.0,0.00039361947
MA-BA-13,Falmouth 0.6 NNW,41.5538,-70.6115,2025-12-10,0.04,0.001377008,0.0015713099
MA-BA-13,Falmouth 0.6 NNW,41.5538,-70.6115,2025-12-11,0.01,0.0154805165,0.08800259
MA-BA-13,Falmouth 0.6 NNW,41.5538,-70.6115,2025-12-12,0.0,0.00094616506,0.0070624463
MA-BA-13,Falmouth 0.6 NNW,41.5538,-70.6115,2025-12-13,0.0,0.0,0.0
MA-BA-13,Falmouth 0.6 NNW,41.5538,-70.6115,2025-12-14,0.2,0.19327533,0.1256343
MA-BA-13,Falmouth 0.6 NNW,41.5538,-70.6115,2025-12-15,0.11,0.30629268,0.3426773
MA-BA-13,Falmouth 0.6 NNW,41.5538,-70.6115,2025-12-16,0.0,0.0,0.0
MA-BA-13,Falmouth 0.6 NNW,41.5538,-70.6115,2025-12-17,0.0,0.0,0.0
MA-BA-13,Falmouth 0.6 NNW,41.5538,-70.6115,2025-12-18,0.0,0.0,0.0
MA-BA-13,Falmouth 0.6 NNW,41.5538,-70.6115,2025-12-19,0.09,0.07855916,0.0033844411
MA-BA-13,Falmouth 0.6 NNW,41.5538,-70.6115,2025-12-20,0.33,0.26907414,0.5239352
MA-BA-13,Falmouth 0.6 NNW,41.5538,-70.6115,2025-12-21,0.0,0.0,0.0
MA-BA-13,Falmouth 0.6 NNW,41.5538,-70.6115,2025-12-22,0.0,0.0,0.0021225356
MA-BA-13,Falmouth 0.6 NNW,41.5538,-70.6115,2025-12-23,0.0,0.0,0.018154543
MA-BA-13,Falmouth 0.6 NNW,41.5538,-70.6115,2025-12-24,0.13,0.16679962,0.27618727
MA-BA-13,Falmouth 0.6 NNW,41.5538,-70.6115,2025-12-25,0.0,0.12994881,0.033946842
MA-BA-13,Falmouth 0.6 NNW,41.5538,-70.6115,2025-12-26,0.0,0.0,0.0012220419
MA-BA-13,Falmouth 0.6 NNW,41.5538,-70.6115,2025-12-27,0.22,0.180005,0.10892092
MA-BA-13,Falmouth 0.6 NNW,41.5538,-70.6115,2025-12-28,0.0,0.016182484,0.030541807
MA-BA-13,Falmouth 0.6 NNW,41.5538,-70.6115,2025-12-29,0.26,0.2135907,0.63700986
MA-BA-13,Falmouth 0.6 NNW,41.5538,-70.6115,2025-12-30,0.24,0.34239903,0.59746945
MA-BA-13,Falmouth 0.6 NNW,41.5538,-70.6115,2025-12-31,0.0,0.00070803985,0.00047229056
MA-BA-13,Falmouth 0.6 NNW,41.5538,-70.6115,2026-01-01,0.23,0.26403496,0.29151863
MA-BA-13,Falmouth 0.6 NNW,41.5538,-70.6115,2026-01-02,0.02,0.044044457,0.08892262
MA-BA-13,Falmouth 0.6 NNW,41.5538,-70.6115,2026-01-03,0.0,0.0,0.0
MA-BA-13,Falmouth 0.6 NNW,41.5538,-70.6115,2026-01-04,0.0,0.0,0.032866567
MA-BA-13,Falmouth 0.6 NNW,41.5538,-70.6115,2026-01-05,0.0,0.010517638,0.0066907387
MA-BA-13,Falmouth 0.6 NNW,41.5538,-70.6115,2026-01-06,0.04,0.007548465,0.19314018
MA-BA-13,Falmouth 0.6 NNW,41.5538,-70.6115,2026-01-07,0.02,0.04071836,0.025051199
MA-BA-13,Falmouth 0.6 NNW,41.5538,-70.6115,2026-01-08,0.01,0.08316538,0.012828404
MA-BA-13,Falmouth 0.6 NNW,41.5538,-70.6115,2026-01-09,0.0,0.0,0.0
MA-BA-13,Falmouth 0.6 NNW,41.5538,-70.6115,2026-01-10,0.06,0.056353055,0.061673913
MA-BA-13,Falmouth 0.6 NNW,41.5538,-70.6115,2026-01-11,1.07,1.245074,0.26173845
MA-BA-13,Falmouth 0.6 NNW,41.5538,-70.6115,2026-01-12,0.02,0.020492764,0.49977475
MA-BA-13,Falmouth 0.6 NNW,41.5538,-70.6115,2026-01-13,0.0,0.0,0.0
MA-BA-13,Falmouth 0.6 NNW,41.5538,-70.6115,2026-01-14,0.0,0.0,0.0
MA-BA-13,Falmouth 0.6 NNW,41.5538,-70.6115,2026-01-15,0.0,0.01958435,0.06648209
MA-BA-13,Falmouth 0.6 NNW,41.5538,-70.6115,2026-01-16,0.0,0.009596817,0.02770912
MA-BA-13,Falmouth 0.6 NNW,41.5538,-70.6115,2026-01-17,0.0,0.0,0.009246229
MA-BA-13,Falmouth 0.6 NNW,41.5538,-70.6115,2026-01-18,0.0,0.009157526,0.042104345
MA-BA-13,Falmouth 0.6 NNW,41.5538,-70.6115,2026-01-19,0.8,0.49858674,0.9176843
MA-BA-13,Falmouth 0.6 NNW,41.5538,-70.6115,2026-01-20,0.0,0.023027927,0.03741286
MA-BA-13,Falmouth 0.6 NNW,41.5538,-70.6115,2026-01-21,0.0,0.0,0.0
MA-BA-13,Falmouth 0.6 NNW,41.5538,-70.6115,2026-01-22,0.0,0.0024047482,0.013263207
MA-BA-13,Falmouth 0.6 NNW,41.5538,-70.6115,2026-01-23,0.0,3.9335548e-05,0.0
MA-BA-13,Falmouth 0.6 NNW,41.5538,-70.6115,2026-01-24,0.0,0.0,0.0
MA-BA-13,Falmouth 0.6 NNW,41.5538,-70.6115,2026-01-25,0.0,0.0,0.0
MA-BA-13,Falmouth 0.6 NNW,41.5538,-70.6115,2026-01-26,1.51,1.3572427,1.3458633
MA-BA-13,Falmouth 0.6 NNW,41.5538,-70.6115,2026-01-27,0.07,0.16365461,0.12105686
MA-BA-13,Falmouth 0.6 NNW,41.5538,-70.6115,2026-01-28,0.0,0.006230328,0.009900942
MA-BA-13,Falmouth 0.6 NNW,41.5538,-70.6115,2026-01-29,0.0,0.0042957584,0.0
MA-BA-13,Falmouth 0.6 NNW,41.5538,-70.6115,2026-01-30,0.0,0.0,0.0
MA-BA-13,Falmouth 0.6 NNW,41.5538,-70.6115,2026-01-31,0.0,0.0,0.0
MA-BA-13,Falmouth 0.6 NNW,41.5538,-70.6115,2026-02-01,0.0,0.0015346144,0.01024097
MA-BA-13,Falmouth 0.6 NNW,41.5538,-70.6115,2026-02-02,0.01,0.004877872,0.058055043
MA-BA-13,Falmouth 0.6 NNW,41.5538,-70.6115,2026-02-03,0.0,0.0,0.0
MA-BA-13,Falmouth 0.6 NNW,41.5538,-70.6115,2026-02-04,0.0,0.00011827063,0.004679346
MA-BA-13,Falmouth 0.6 NNW,41.5538,-70.6115,2026-02-05,0.0,0.0,0.00047308253
MA-BA-13,Falmouth 0.6 NNW,41.5538,-70.6115,2026-02-06,0.0,0.0,3.9335548e-05
MA-BA-13,Falmouth 0.6 NNW,41.5538,-70.6115,2026-02-07,0.04,0.010635514,0.0018482427
MA-BA-13,Falmouth 0.6 NNW,41.5538,-70.6115,2026-02-08,0.12,0.123172134,0.37383315
MA-BA-13,Falmouth 0.6 NNW,41.5538,-70.6115,2026-02-09,0.0,0.00023574928,0.00023601328
MA-BA-13,Falmouth 0.6 NNW,41.5538,-70.6115,2026-02-10,0.0,0.0,0.0
MA-BA-13,Falmouth 0.6 NNW,41.5538,-70.6115,2026-02-11,0.17,0.248282,0.19757374
MA-BA-13,Falmouth 0.6 NNW,41.5538,-70.6115,2026-02-12,0.0,0.0,0.00031389238
MA-BA-13,Falmouth 0.6 NNW,41.5538,-70.6115,2026-02-13,0.0,0.0,0.001218346
MA-BA-13,Falmouth 0.6 NNW,41.5538,-70.6115,2026-02-14,0.0,0.0,0.0
MA-BA-13,Falmouth 0.6 NNW,41.5538,-70.6115,2026-02-15,0.0,0.0,0.0047701607
MA-BA-13,Falmouth 0.6 NNW,41.5538,-70.6115,2026-02-16,0.0,0.0,0.0
MA-BA-13,Falmouth 0.6 NNW,41.5538,-70.6115,2026-02-17,0.0,0.0,0.0
MA-BA-13,Falmouth 0.6 NNW,41.5538,-70.6115,2026-02-18,0.0,0.00070803985,0.0058588847
MA-BA-13,Falmouth 0.6 NNW,41.5538,-70.6115,2026-02-19,0.19,0.24115357,0.37721813
MA-BA-13,Falmouth 0.6 NNW,41.5538,-70.6115,2026-02-20,0.0,0.0,0.0
MA-BA-13,Falmouth 0.6 NNW,41.5538,-70.6115,2026-02-21,0.62,0.4398519,0.54018426
MA-BA-13,Falmouth 0.6 NNW,41.5538,-70.6115,2026-02-22,0.0,0.016163213,0.043717105
MA-BA-13,Falmouth 0.6 NNW,41.5538,-70.6115,2026-02-23,1.72,0.82590073,0.81572104
MA-BA-13,Falmouth 0.6 NNW,41.5538,-70.6115,2026-02-24,1.65,1.444264,1.7637756
MA-BA-13,Falmouth 0.6 NNW,41.5538,-70.6115,2026-02-25,0.0,0.0,0.0047218497
MA-BA-13,Falmouth 0.6 NNW,41.5538,-70.6115,2026-02-26,0.05,0.0745105,0.23900634
MA-BA-13,Falmouth 0.6 NNW,41.5538,-70.6115,2026-02-27,0.0,0.0,0.0
MA-BA-13,Falmouth 0.6 NNW,41.5538,-70.6115,2026-02-28,0.0,0.0,0.0
MA-BA-13,Falmouth 0.6 NNW,41.5538,-70.6115,2026-03-01,0.0,0.0,0.00023654127
MA-BA-13,Falmouth 0.6 NNW,41.5538,-70.6115,2026-03-02,0.0,0.033053737,0.04132978
MA-BA-13,Falmouth 0.6 NNW,41.5538,-70.6115,2026-03-03,0.0,0.0,0.0
MA-BA-13,Falmouth 0.6 NNW,41.5538,-70.6115,2026-03-04,0.69,0.69610715,0.39642206
MA-BA-13,Falmouth 0.6 NNW,41.5538,-70.6115,2026-03-05,0.0,0.018596472,0.0
MA-BA-13,Falmouth 0.6 NNW,41.5538,-70.6115,2026-03-06,1.12,1.038224,0.6127306
MA-BA-13,Falmouth 0.6 NNW,41.5538,-70.6115,2026-03-07,0.11,0.06131118,0.13252462
MA-BA-13,Falmouth 0.6 NNW,41.5538,-70.6115,2026-03-08,0.0,0.045018606,0.26872462
MA-BA-13,Falmouth 0.6 NNW,41.5538,-70.6115,2026-03-09,0.0,0.07160574,0.059501216
MA-BA-13,Falmouth 0.6 NNW,41.5538,-70.6115,2026-03-10,0.0,0.0005517536,3.9335548e-05
MA-BA-13,Falmouth 0.6 NNW,41.5538,-70.6115,2026-03-11,0.0,0.0,0.00031442038
MA-BA-13,Falmouth 0.6 NNW,41.5538,-70.6115,2026-03-12,0.0,0.022368198,0.15621729
MA-BA-13,Falmouth 0.6 NNW,41.5538,-70.6115,2026-03-13,0.08,0.2295068,0.15168262
MA-BA-13,Falmouth 0.6 NNW,41.5538,-70.6115,2026-03-14,0.0,0.060976963,0.09179491
MA-BA-13,Falmouth 0.6 NNW,41.5538,-70.6115,2026-03-15,0.0,0.0,0.0
MA-BA-13,Falmouth 0.6 NNW,41.5538,-70.6115,2026-03-16,0.02,0.01824747,0.28873768
MA-BA-13,Falmouth 0.6 NNW,41.5538,-70.6115,2026-03-17,0.94,1.045109,1.1214759
MA-BA-13,Falmouth 0.6 NNW,41.5538,-70.6115,2026-03-18,0.0,0.009774223,0.01566162
MA-BA-13,Falmouth 0.6 NNW,41.5538,-70.6115,2026-03-19,0.0,0.0,0.0
MA-BA-13,Falmouth 0.6 NNW,41.5538,-70.6115,2026-03-20,0.0,0.0,0.0
MA-BA-13,Falmouth 0.6 NNW,41.5538,-70.6115,2026-03-21,0.23,0.20571171,0.20244817
MA-BA-13,Falmouth 0.6 NNW,41.5538,-70.6115,2026-03-22,0.0,0.00035375592,5.9135316e-05
MA-BA-13,Falmouth 0.6 NNW,41.5538,-70.6115,2026-03-23,0.98,0.5836571,0.5522241
MA-BA-13,Falmouth 0.6 NNW,41.5538,-70.6115,2026-03-24,0.28,0.80132264,0.13937613
MA-BA-13,Falmouth 0.6 NNW,41.5538,-70.6115,2026-03-25,0.0,0.00086590997,0.0024836834
MA-BA-13,Falmouth 0.6 NNW,41.5538,-70.6115,2026-03-26,0.0,0.0,0.0017318199
MA-BA-13,Falmouth 0.6 NNW,41.5538,-70.6115,2026-03-27,0.11,0.21558467,0.22167295
MA-BA-13,Falmouth 0.6 NNW,41.5538,-70.6115,2026-03-28,0.0,0.022090472,0.1315613
MA-BA-13,Falmouth 0.6 NNW,41.5538,-70.6115,2026-03-29,0.0,0.00011800665,0.06111767
MA-BA-13,Falmouth 0.6 NNW,41.5538,-70.6115,2026-03-30,0.0,0.0,0.0
MA-BA-13,Falmouth 0.6 NNW,41.5538,-70.6115,2026-03-31,0.0,0.0,0.00023654127
MA-BA-13,Falmouth 0.6 NNW,41.5538,-70.6115,2026-04-01,0.01,0.19678228,0.12271397
MA-BA-13,Falmouth 0.6 NNW,41.5538,-70.6115,2026-04-02,0.56,0.4352774,0.26560548
MA-BA-13,Falmouth 0.6 NNW,41.5538,-70.6115,2026-04-03,0.19,0.32829553,0.46497864
MA-BA-13,Falmouth 0.6 NNW,41.5538,-70.6115,2026-04-04,0.01,0.008614749,0.013948016
MA-BA-13,Falmouth 0.6 NNW,41.5538,-70.6115,2026-04-05,0.0,0.07907236,0.0109482175
MA-BA-13,Falmouth 0.6 NNW,41.5538,-70.6115,2026-04-06,0.22,0.29936463,0.64269954
MA-BA-13,Falmouth 0.6 NNW,41.5538,-70.6115,2026-04-07,0.0,0.0,0.0190289
MA-BA-13,Falmouth 0.6 NNW,41.5538,-70.6115,2026-04-08,0.02,0.11445218,0.13926789
MA-BA-13,Falmouth 0.6 NNW,41.5538,-70.6115,2026-04-09,0.0,0.0,0.0
MA-BA-13,Falmouth 0.6 NNW,41.5538,-70.6115,2026-04-10,0.0,0.0,0.00035322792
MA-BA-13,Falmouth 0.6 NNW,41.5538,-70.6115,2026-04-11,0.0,0.0048094965,0.0012207219
MA-BA-13,Falmouth 0.6 NNW,41.5538,-70.6115,2026-04-12,0.0,0.0,0.0
MA-BA-13,Falmouth 0.6 NNW,41.5538,-70.6115,2026-04-13,0.03,0.0034573043,0.018190447
MA-BA-13,Falmouth 0.6 NNW,41.5538,-70.6115,2026-04-14,0.0,0.0037450606,0.042245056
MA-BA-13,Falmouth 0.6 NNW,41.5538,-70.6115,2026-04-15,0.0,0.0020106009,0.00090392557
MA-BA-13,Falmouth 0.6 NNW,41.5538,-70.6115,2026-04-16,0.02,0.058942337,0.0893334
MA-BA-13,Falmouth 0.6 NNW,41.5538,-70.6115,2026-04-17,0.0,0.054235537,0.014179804
MA-BA-13,Falmouth 0.6 NNW,41.5538,-70.6115,2026-04-18,0.02,0.02329298,0.09261593
MA-BA-13,Falmouth 0.6 NNW,41.5538,-70.6115,2026-04-19,0.01,0.007711615,0.008605509
MA-BA-13,Falmouth 0.6 NNW,41.5538,-70.6115,2026-04-20,0.08,0.09853184,0.202313
MA-BA-13,Falmouth 0.6 NNW,41.5538,-70.6115,2026-04-21,0.16,0.06937972,0.14320727
MA-BA-13,Falmouth 0.6 NNW,41.5538,-70.6115,2026-04-22,0.0,0.0,0.006048698
MA-BA-13,Falmouth 0.6 NNW,41.5538,-70.6115,2026-04-23,0.0,0.0034253604,0.02209364
MA-BA-13,Falmouth 0.6 NNW,41.5538,-70.6115,2026-04-24,0.0,0.0,0.0
MA-BA-13,Falmouth 0.6 NNW,41.5538,-70.6115,2026-04-25,0.0,0.0,0.0
MA-BA-13,Falmouth 0.6 NNW,41.5538,-70.6115,2026-04-26,0.07,0.0,0.0019641374
MA-BA-13,Falmouth 0.6 NNW,41.5538,-70.6115,2026-04-27,0.01,0.011412324,0.14228803
MA-BA-13,Falmouth 0.6 NNW,41.5538,-70.6115,2026-04-28,0.0,0.0,0.024938207
MA-BA-13,Falmouth 0.6 NNW,41.5538,-70.6115,2026-04-29,0.0,0.0,0.0
MA-BA-13,Falmouth 0.6 NNW,41.5538,-70.6115,2026-04-30,0.02,0.021644847,0.0
MA-BA-13,Falmouth 0.6 NNW,41.5538,-70.6115,2026-05-01,0.0,0.013604027,0.082701005
MA-BA-13,Falmouth 0.6 NNW,41.5538,-70.6115,2026-05-02,0.0,0.0,0.0
MA-BA-13,Falmouth 0.6 NNW,41.5538,-70.6115,2026-05-03,0.57,0.4679462,0.92796826
MA-BA-13,Falmouth 0.6 NNW,41.5538,-70.6115,2026-05-04,0.0,0.005583008,0.1173638
MA-BA-13,Falmouth 0.6 NNW,41.5538,-70.6115,2026-05-05,0.0,0.0,0.0
MA-BA-13,Falmouth 0.6 NNW,41.5538,-70.6115,2026-05-06,0.0,0.0,0.0
MA-BA-13,Falmouth 0.6 NNW,41.5538,-70.6115,2026-05-07,0.38,0.3329036,0.5048013
MA-BA-13,Falmouth 0.6 NNW,41.5538,-70.6115,2026-05-08,0.02,0.1416819,0.057048686
MA-BA-13,Falmouth 0.6 NNW,41.5538,-70.6115,2026-05-09,0.02,0.008136386,0.043344602
MA-BA-13,Falmouth 0.6 NNW,41.5538,-70.6115,2026-05-10,0.14,0.41913003,0.11922208
MA-BA-13,Falmouth 0.6 NNW,41.5538,-70.6115,2026-05-11,0.27,0.038799103,0.027100079
MA-BA-13,Falmouth 0.6 NNW,41.5538,-70.6115,2026-05-12,0.0,0.027174,0.029136816
MA-BA-13,Falmouth 0.6 NNW,41.5538,-70.6115,2026-05-13,0.0,0.0,0.0
MA-BA-13,Falmouth 0.6 NNW,41.5538,-70.6115,2026-05-14,0.0,0.0,3.9335548e-05
MA-BA-13,Falmouth 0.6 NNW,41.5538,-70.6115,2026-05-15,0.11,1.1335417,0.35157347
MA-BA-13,Falmouth 0.6 NNW,41.5538,-70.6115,2026-05-16,0.0,0.00011800664,0.06765001
MA-BA-13,Falmouth 0.6 NNW,41.5538,-70.6115,2026-05-17,0.0,0.026784075,0.011573627
MA-BA-13,Falmouth 0.6 NNW,41.5538,-70.6115,2026-05-18,0.0,0.00640351,0.0040212017
MA-BA-13,Falmouth 0.6 NNW,41.5538,-70.6115,2026-05-19,0.0,0.0013783281,0.0015755338
MA-BA-13,Falmouth 0.6 NNW,41.5538,-70.6115,2026-05-20,0.0,0.0,3.9335548e-05
MA-BA-13,Falmouth 0.6 NNW,41.5538,-70.6115,2026-05-21,0.26,0.0040196176,0.5634271
MA-BA-13,Falmouth 0.6 NNW,41.5538,-70.6115,2026-05-22,0.0,0.0031848592,0.0013770082
MA-BA-13,Falmouth 0.6 NNW,41.5538,-70.6115,2026-05-23,0.0,0.0,0.0
MA-BA-13,Falmouth 0.6 NNW,41.5538,-70.6115,2026-05-24,0.1,0.16398224,0.016904252
MA-BA-13,Falmouth 0.6 NNW,41.5538,-70.6115,2026-05-25,0.85,0.5065278,0.4762463
MA-BA-13,Falmouth 0.6 NNW,41.5538,-70.6115,2026-05-26,0.15,0.02233467,0.09415188
MA-BA-13,Falmouth 0.6 NNW,41.5538,-70.6115,2026-05-27,0.0,0.0,0.0
MA-BA-13,Falmouth 0.6 NNW,41.5538,-70.6115,2026-05-28,0.0,0.00039282747,0.0
MA-BA-13,Falmouth 0.6 NNW,41.5538,-70.6115,2026-05-29,0.15,0.060226943,0.23932907
MA-BA-13,Falmouth 0.6 NNW,41.5538,-70.6115,2026-05-30,0.1,0.20744458,0.19874668
MA-BA-13,Falmouth 0.6 NNW,41.5538,-70.6115,2026-05-31,0.2,0.38907662,0.2711241
MA-BA-13,Falmouth 0.6 NNW,41.5538,-70.6115,2026-06-01,0.11,0.06945021,0.040411863
MA-BA-13,Falmouth 0.6 NNW,41.5538,-70.6115,2026-06-02,0.0,0.0,0.0
MA-BA-13,Falmouth 0.6 NNW,41.5538,-70.6115,2026-06-03,0.0,0.0019683612,3.9335548e-05
MA-BA-13,Falmouth 0.6 NNW,41.5538,-70.6115,2026-06-04,0.0,0.0,0.0
MA-BA-13,Falmouth 0.6 NNW,41.5538,-70.6115,2026-06-05,0.0,0.0,0.0
MA-BA-13,Falmouth 0.6 NNW,41.5538,-70.6115,2026-06-06,0.0,0.0,0.0
MA-BA-13,Falmouth 0.6 NNW,41.5538,-70.6115,2026-06-07,0.03,0.21900898,0.12208909
MA-BA-13,Falmouth 0.6 NNW,41.5538,-70.6115,2026-06-08,0.0,0.40540877,0.11766661
MA-BA-13,Falmouth 0.6 NNW,41.5538,-70.6115,2026-06-09,0.0,0.0,0.0
MA-BA-13,Falmouth 0.6 NNW,41.5538,-70.6115,2026-06-10,0.0,0.0,0.0
MA-BA-13,Falmouth 0.6 NNW,41.5538,-70.6115,2026-06-11,0.33,0.057510417,0.003383913
MA-BA-13,Falmouth 0.6 NNW,41.5538,-70.6115,2026-06-12,0.03,2.148152,3.9335548e-05
MA-BA-13,Falmouth 0.6 NNW,41.5538,-70.6115,2026-06-13,0.0,0.0,0.0
MA-BA-13,Falmouth 0.6 NNW,41.5538,-70.6115,2026-06-14,0.0,0.0,0.0
MA-BA-13,Falmouth 0.6 NNW,41.5538,-70.6115,2026-06-15,0.14,0.1820692,0.232368
MA-BA-13,Falmouth 0.6 NNW,41.5538,-70.6115,2026-06-16,0.0,0.02336109,0.0005506977
MA-BA-13,Falmouth 0.6 NNW,41.5538,-70.6115,2026-06-17,0.0,0.0,0.0
MA-BA-13,Falmouth 0.6 NNW,41.5538,-70.6115,2026-06-18,0.0,0.0,0.0
MA-BA-13,Falmouth 0.6 NNW,41.5538,-70.6115,2026-06-19,0.0,0.00015734219,0.017037835
MA-BA-13,Falmouth 0.6 NNW,41.5538,-70.6115,2026-06-20,0.0,0.0,0.000432163
MA-BA-13,Falmouth 0.6 NNW,41.5538,-70.6115,2026-06-21,0.0,0.0,0.08596586
MA-BA-13,Falmouth 0.6 NNW,41.5538,-70.6115,2026-06-22,0.0,0.0,0.0
MA-BA-13,Falmouth 0.6 NNW,41.5538,-70.6115,2026-06-23,0.67,0.215492,0.18399215
MA-BA-13,Falmouth 0.6 NNW,41.5538,-70.6115,2026-06-24,0.2,1.4188147,0.4962826
MA-BA-13,Falmouth 0.6 NNW,41.5538,-70.6115,2026-06-25,0.0,7.8671095e-05,0.00090392557
MA-BA-13,Falmouth 0.6 NNW,41.5538,-70.6115,2026-06-26,0.0,0.0,0.0
MA-BA-13,Falmouth 0.6 NNW,41.5538,-70.6115,2026-06-27,0.02,0.002949374,0.0002360133
MA-BA-13,Falmouth 0.6 NNW,41.5538,-70.6115,2026-06-28,0.02,0.013026929,0.42287666
MA-BA-13,Falmouth 0.6 NNW,41.5538,-70.6115,2026-06-29,0.0,3.9335548e-05,0.0
MA-BA-13,Falmouth 0.6 NNW,41.5538,-70.6115,2026-06-30,0.0,0.00015760618,0.00015760618
MA-BA-13,Falmouth 0.6 NNW,41.5538,-70.6115,2026-07-01,0.0,0.0015723659,0.025612986
MA-BA-13,Falmouth 0.6 NNW,41.5538,-70.6115,2026-07-02,0.0,3.9335548e-05,0.109214485
MA-BA-13,Falmouth 0.6 NNW,41.5538,-70.6115,2026-07-03,0.0,0.0,0.0047984086
MA-BA-13,Falmouth 0.6 NNW,41.5538,-70.6115,2026-07-04,0.0,0.0,0.31917286
MA-BA-13,Falmouth 0.6 NNW,41.5538,-70.6115,2026-07-05,0.68,0.09244804,0.0043614935
MA-BA-13,Falmouth 0.6 NNW,41.5538,-70.6115,2026-07-06,0.34,0.013702234,0.03215034
MA-BA-13,Falmouth 0.6 NNW,41.5538,-70.6115,2026-07-07,1.2,1.3013415,1.0019001
MA-BA-13,Falmouth 0.6 NNW,41.5538,-70.6115,2026-07-08,4.39,1.5606428,3.7662778
MA-BA-13,Falmouth 0.6 NNW,41.5538,-70.6115,2026-07-09,0.0,0.0,0.009968525
MA-BA-13,Falmouth 0.6 NNW,41.5538,-70.6115,2026-07-10,0.0,0.0,0.007873181
MA-BA-13,Falmouth 0.6 NNW,41.5538,-70.6115,2026-07-11,0.22,0.07298988,0.06491368
MA-BA-13,Falmouth 0.6 NNW,41.5538,-70.6115,2026-07-12,0.0,0.0,0.00082499045
MA-BA-13,Falmouth 0.6 NNW,41.5538,-70.6115,2026-07-13,0.0,0.0,0.0
MA-BA-13,Falmouth 0.6 NNW,41.5538,-70.6115,2026-07-14,0.0,0.0,0.03757627
MA-BA-13,Falmouth 0.6 NNW,41.5538,-70.6115,2026-07-15,0.0,0.0,0.0
MA-BA-13,Falmouth 0.6 NNW,41.5538,-70.6115,2026-07-16,0.0,0.0,0.0
MA-BA-13,Falmouth 0.6 NNW,41.5538,-70.6115,2026-07-17,0.0,0.0,0.0
MA-BA-13,Falmouth 0.6 NNW,41.5538,-70.6115,2026-07-18,0.0,0.0,0.0
MA-BA-13,Falmouth 0.6 NNW,41.5538,-70.6115,2026-07-19,2.18,1.3499738,1.0223061
MA-BA-13,Falmouth 0.6 NNW,41.5538,-70.6115,2026-07-20,0.0,0.0,0.0
MA-BA-13,Falmouth 0.6 NNW,41.5538,-70.6115,2026-07-21,0.0,0.0,0.0
MA-BA-13,Falmouth 0.6 NNW,41.5538,-70.6115,2026-07-22,2.21,1.1265404,0.5427017
MA-BA-13,Falmouth 0.6 NNW,41.5538,-70.6115,2026-07-23,0.01,0.027734464,0.1460051
MA-BA-13,Falmouth 0.6 NNW,41.5538,-70.6115,2026-07-24,0.0,0.0072483,0.0
MA-BA-13,Falmouth 0.6 NNW,41.5538,-70.6115,2026-07-25,0.0,0.0,0.0
MA-BA-13,Falmouth 0.6 NNW,41.5538,-70.6115,2026-07-26,0.0,0.0,0.0
MA-BA-13,Falmouth 0.6 NNW,41.5538,-70.6115,2026-07-27,0.0,0.0011784824,0.00019694172
MA-BA-13,Falmouth 0.6 NNW,41.5538,-70.6115,2026-07-28,0.0,0.0,0.0
MA-BA-13,Falmouth 0.6 NNW,41.5538,-70.6115,2026-07-29,0.0,0.0,0.0012220419
MA-BA-13,Falmouth 0.6 NNW,41.5538,-70.6115,2026-07-30,0.24,1.2336406,0.82110363
MA-BA-13,Falmouth 0.6 NNW,41.5538,-70.6115,2026-07-31,0.5,0.007949476,0.031681746
MA-BA-13,Falmouth 0.6 NNW,41.5538,-70.6115,2026-08-01,0.03,0.0,0.0014572631
MA-BA-13,Falmouth 0.6 NNW,41.5538,-70.6115,2026-08-02,0.0,0.0,0.0
MA-BA-13,Falmouth 0.6 NNW,41.5538,-70.6115,2026-08-03,0.02,0.094518565,0.023614
MA-BA-2,Falmouth 3.1 NNW,41.5871,-70.6321,2025-01-01,0.56,0.13988036,1.3456707
MA-BA-2,Falmouth 3.1 NNW,41.5871,-70.6321,2025-01-02,0.12,0.4176078,0.13474087
MA-BA-2,Falmouth 3.1 NNW,41.5871,-70.6321,2025-01-03,0.0,0.0017318199,0.0
MA-BA-2,Falmouth 3.1 NNW,41.5871,-70.6321,2025-01-04,0.0,0.0,0.0
MA-BA-2,Falmouth 3.1 NNW,41.5871,-70.6321,2025-01-05,0.0,0.0,0.0
MA-BA-2,Falmouth 3.1 NNW,41.5871,-70.6321,2025-01-06,0.0,0.0,0.0
MA-BA-2,Falmouth 3.1 NNW,41.5871,-70.6321,2025-01-07,0.0,3.9335548e-05,7.8671095e-05
MA-BA-2,Falmouth 3.1 NNW,41.5871,-70.6321,2025-01-08,0.0,0.0,0.0
MA-BA-2,Falmouth 3.1 NNW,41.5871,-70.6321,2025-01-09,0.0,0.0,0.0
MA-BA-2,Falmouth 3.1 NNW,41.5871,-70.6321,2025-01-10,0.0,0.00078697497,0.0059388755
MA-BA-2,Falmouth 3.1 NNW,41.5871,-70.6321,2025-01-11,0.0,0.0019683612,0.00019641373
MA-BA-2,Falmouth 3.1 NNW,41.5871,-70.6321,2025-01-12,0.1,0.15916,0.11661851
MA-BA-2,Falmouth 3.1 NNW,41.5871,-70.6321,2025-01-13,0.0,0.0,0.0
MA-BA-2,Falmouth 3.1 NNW,41.5871,-70.6321,2025-01-14,0.0,0.00062936876,0.0010644357
MA-BA-2,Falmouth 3.1 NNW,41.5871,-70.6321,2025-01-15,0.0,0.0,0.0
MA-BA-2,Falmouth 3.1 NNW,41.5871,-70.6321,2025-01-16,0.0,0.0,0.0
MA-BA-2,Falmouth 3.1 NNW,41.5871,-70.6321,2025-01-17,0.01,0.03277707,0.087414674
MA-BA-2,Falmouth 3.1 NNW,41.5871,-70.6321,2025-01-18,0.0,0.0,3.9335548e-05
MA-BA-2,Falmouth 3.1 NNW,41.5871,-70.6321,2025-01-19,0.51,0.35913697,0.17474143
MA-BA-2,Falmouth 3.1 NNW,41.5871,-70.6321,2025-01-20,0.41,0.43329424,0.41943228
MA-BA-2,Falmouth 3.1 NNW,41.5871,-70.6321,2025-01-21,0.0,0.0058966363,0.0032577224
MA-BA-2,Falmouth 3.1 NNW,41.5871,-70.6321,2025-01-22,0.01,0.0005895052,0.0
MA-BA-2,Falmouth 3.1 NNW,41.5871,-70.6321,2025-01-23,0.0,0.0,0.0026412895
MA-BA-2,Falmouth 3.1 NNW,41.5871,-70.6321,2025-01-24,0.0,0.0,0.004597507
MA-BA-2,Falmouth 3.1 NNW,41.5871,-70.6321,2025-01-25,0.0,0.0,0.0
MA-BA-2,Falmouth 3.1 NNW,41.5871,-70.6321,2025-01-26,0.0,0.0,0.008853402
MA-BA-2,Falmouth 3.1 NNW,41.5871,-70.6321,2025-01-27,0.0,0.0,0.010205066
MA-BA-2,Falmouth 3.1 NNW,41.5871,-70.6321,2025-01-28,0.0,0.0,0.0
MA-BA-2,Falmouth 3.1 NNW,41.5871,-70.6321,2025-01-29,0.0,0.0,0.073271304
MA-BA-2,Falmouth 3.1 NNW,41.5871,-70.6321,2025-01-30,0.0,0.020514147,0.04297369
MA-BA-2,Falmouth 3.1 NNW,41.5871,-70.6321,2025-01-31,0.0,0.0,0.0
MA-BA-2,Falmouth 3.1 NNW,41.5871,-70.6321,2025-02-01,0.71,1.1036171,0.9902378
MA-BA-2,Falmouth 3.1 NNW,41.5871,-70.6321,2025-02-02,0.05,0.049456134,0.03272691
MA-BA-2,Falmouth 3.1 NNW,41.5871,-70.6321,2025-02-03,0.16,0.15452586,0.10450584
MA-BA-2,Falmouth 3.1 NNW,41.5871,-70.6321,2025-02-04,0.0,7.8671095e-05,0.0
MA-BA-2,Falmouth 3.1 NNW,41.5871,-70.6321,2025-02-05,0.0,0.0,0.0
MA-BA-2,Falmouth 3.1 NNW,41.5871,-70.6321,2025-02-06,0.0,0.0,0.0
MA-BA-2,Falmouth 3.1 NNW,41.5871,-70.6321,2025-02-07,0.26,0.36391267,0.3096605
MA-BA-2,Falmouth 3.1 NNW,41.5871,-70.6321,2025-02-08,0.0,0.0,0.0
MA-BA-2,Falmouth 3.1 NNW,41.5871,-70.6321,2025-02-09,0.51,0.68168366,0.6279495
MA-BA-2,Falmouth 3.1 NNW,41.5871,-70.6321,2025-02-10,0.0,0.02771176,0.10619436
MA-BA-2,Falmouth 3.1 NNW,41.5871,-70.6321,2025-02-11,0.0,0.0,0.0
MA-BA-2,Falmouth 3.1 NNW,41.5871,-70.6321,2025-02-12,0.02,0.049070697,0.0
MA-BA-2,Falmouth 3.1 NNW,41.5871,-70.6321,2025-02-13,0.21,0.100331515,0.06271142
MA-BA-2,Falmouth 3.1 NNW,41.5871,-70.6321,2025-02-14,0.08,0.20977542,0.34012654
MA-BA-2,Falmouth 3.1 NNW,41.5871,-70.6321,2025-02-15,0.0,0.0,0.0
MA-BA-2,Falmouth 3.1 NNW,41.5871,-70.6321,2025-02-16,0.71,0.4543493,0.26232427
MA-BA-2,Falmouth 3.1 NNW,41.5871,-70.6321,2025-02-17,1.19,0.912818,1.5563655
MA-BA-2,Falmouth 3.1 NNW,41.5871,-70.6321,2025-02-18,0.0,0.006687835,0.00015734219
MA-BA-2,Falmouth 3.1 NNW,41.5871,-70.6321,2025-02-19,0.0,0.0,0.0
MA-BA-2,Falmouth 3.1 NNW,41.5871,-70.6321,2025-02-20,0.0,0.0,0.0
MA-BA-2,Falmouth 3.1 NNW,41.5871,-70.6321,2025-02-21,0.0,0.064595304,0.01593116
MA-BA-2,Falmouth 3.1 NNW,41.5871,-70.6321,2025-02-22,0.0,0.0,0.0
MA-BA-2,Falmouth 3.1 NNW,41.5871,-70.6321,2025-02-23,0.0,0.0,0.0
MA-BA-2,Falmouth 3.1 NNW,41.5871,-70.6321,2025-02-24,0.0,0.0,0.0
MA-BA-2,Falmouth 3.1 NNW,41.5871,-70.6321,2025-02-25,0.0,0.0,0.0
MA-BA-2,Falmouth 3.1 NNW,41.5871,-70.6321,2025-02-26,0.0,0.0,0.0051912363
MA-BA-2,Falmouth 3.1 NNW,41.5871,-70.6321,2025-02-27,0.03,0.016262213,0.13307136
MA-BA-2,Falmouth 3.1 NNW,41.5871,-70.6321,2025-02-28,0.06,0.046914637,0.03060675
MA-BA-2,Falmouth 3.1 NNW,41.5871,-70.6321,2025-03-01,0.0,0.0,0.000433483
MA-BA-2,Falmouth 3.1 NNW,41.5871,-70.6321,2025-03-02,0.0,7.8671095e-05,0.0
MA-BA-2,Falmouth 3.1 NNW,41.5871,-70.6321,2025-03-03,0.0,0.0,0.0
MA-BA-2,Falmouth 3.1 NNW,41.5871,-70.6321,2025-03-04,0.0,0.0,0.0
MA-BA-2,Falmouth 3.1 NNW,41.5871,-70.6321,2025-03-05,0.0,0.0,0.0
MA-BA-2,Falmouth 3.1 NNW,41.5871,-70.6321,2025-03-06,0.67,0.525865,0.6279157
MA-BA-2,Falmouth 3.1 NNW,41.5871,-70.6321,2025-03-07,0.03,0.2159606,0.060514174
MA-BA-2,Falmouth 3.1 NNW,41.5871,-70.6321,2025-03-08,0.0,0.0,0.0075265532
MA-BA-2,Falmouth 3.1 NNW,41.5871,-70.6321,2025-03-09,0.0,0.00011827063,0.0066168196
MA-BA-2,Falmouth 3.1 NNW,41.5871,-70.6321,2025-03-10,0.0,0.0,0.0047955047
MA-BA-2,Falmouth 3.1 NNW,41.5871,-70.6321,2025-03-11,0.0,0.0,0.0
MA-BA-2,Falmouth 3.1 NNW,41.5871,-70.6321,2025-03-12,0.0,0.0,3.9335548e-05
MA-BA-2,Falmouth 3.1 NNW,41.5871,-70.6321,2025-03-13,0.0,0.0,0.0
MA-BA-2,Falmouth 3.1 NNW,41.5871,-70.6321,2025-03-14,0.0,0.023423921,0.009789271
MA-BA-2,Falmouth 3.1 NNW,41.5871,-70.6321,2025-03-15,0.0,0.0023205332,0.0054317373
MA-BA-2,Falmouth 3.1 NNW,41.5871,-70.6321,2025-03-16,0.0,0.011762912,0.00833676
MA-BA-2,Falmouth 3.1 NNW,41.5871,-70.6321,2025-03-17,0.33,0.0029089823,0.73727643
MA-BA-2,Falmouth 3.1 NNW,41.5871,-70.6321,2025-03-18,1.89,1.7518861,2.5139267
MA-BA-2,Falmouth 3.1 NNW,41.5871,-70.6321,2025-03-19,0.0,0.0,0.004882888
MA-BA-2,Falmouth 3.1 NNW,41.5871,-70.6321,2025-03-20,0.0,0.018580897,0.012872492
MA-BA-2,Falmouth 3.1 NNW,41.5871,-70.6321,2025-03-21,0.36,0.14402044,0.18131521
MA-BA-2,Falmouth 3.1 NNW,41.5871,-70.6321,2025-03-22,0.07,0.09691566,0.19253205
MA-BA-2,Falmouth 3.1 NNW,41.5871,-70.6321,2025-03-23,0.0,0.0,0.0010221963
MA-BA-2,Falmouth 3.1 NNW,41.5871,-70.6321,2025-03-24,0.0,0.0,0.0
MA-BA-2,Falmouth 3.1 NNW,41.5871,-70.6321,2025-03-25,0.54,0.6108607,0.42010576
MA-BA-2,Falmouth 3.1 NNW,41.5871,-70.6321,2025-03-26,0.0,0.021073293,0.09412653
MA-BA-2,Falmouth 3.1 NNW,41.5871,-70.6321,2025-03-27,0.0,0.19063379,0.16696434
MA-BA-2,Falmouth 3.1 NNW,41.5871,-70.6321,2025-03-28,0.0,0.00039282747,0.008684443
MA-BA-2,Falmouth 3.1 NNW,41.5871,-70.6321,2025-03-29,0.05,0.11148697,0.0029897655
MA-BA-2,Falmouth 3.1 NNW,41.5871,-70.6321,2025-03-30,0.07,0.2676694,0.44269124
MA-BA-2,Falmouth 3.1 NNW,41.5871,-70.6321,2025-03-31,0.0,0.04146415,0.059593618
MA-BA-2,Falmouth 3.1 NNW,41.5871,-70.6321,2025-04-01,0.19,0.9089589,0.4281962
MA-BA-2,Falmouth 3.1 NNW,41.5871,-70.6321,2025-04-02,0.09,0.060318023,0.02577455
MA-BA-2,Falmouth 3.1 NNW,41.5871,-70.6321,2025-04-03,0.17,0.08942105,0.06886123
MA-BA-2,Falmouth 3.1 NNW,41.5871,-70.6321,2025-04-04,0.15,0.20162478,0.24283443
MA-BA-2,Falmouth 3.1 NNW,41.5871,-70.6321,2025-04-05,0.0,0.06420406,0.017918002
MA-BA-2,Falmouth 3.1 NNW,41.5871,-70.6321,2025-04-06,0.81,0.7578851,0.45010766
MA-BA-2,Falmouth 3.1 NNW,41.5871,-70.6321,2025-04-07,0.02,0.09879901,0.123547405
MA-BA-2,Falmouth 3.1 NNW,41.5871,-70.6321,2025-04-08,0.63,0.7602093,0.53002983
MA-BA-2,Falmouth 3.1 NNW,41.5871,-70.6321,2025-04-09,0.02,0.03736507,0.056847256
MA-BA-2,Falmouth 3.1 NNW,41.5871,-70.6321,2025-04-10,0.0,0.0,0.0
MA-BA-2,Falmouth 3.1 NNW,41.5871,-70.6321,2025-04-11,0.06,0.08551495,0.0077366945
MA-BA-2,Falmouth 3.1 NNW,41.5871,-70.6321,2025-04-12,0.33,0.12225276,0.09120567
MA-BA-2,Falmouth 3.1 NNW,41.5871,-70.6321,2025-04-13,0.19,0.5647687,0.5884851
MA-BA-2,Falmouth 3.1 NNW,41.5871,-70.6321,2025-04-14,0.61,0.5021433,0.43092936
MA-BA-2,Falmouth 3.1 NNW,41.5871,-70.6321,2025-04-15,0.07,0.032562442,0.007028655
MA-BA-2,Falmouth 3.1 NNW,41.5871,-70.6321,2025-04-16,0.01,0.06094317,0.0607853
MA-BA-2,Falmouth 3.1 NNW,41.5871,-70.6321,2025-04-17,0.0,0.0,0.0
MA-BA-2,Falmouth 3.1 NNW,41.5871,-70.6321,2025-04-18,0.0,0.0,0.0
MA-BA-2,Falmouth 3.1 NNW,41.5871,-70.6321,2025-04-19,0.0,0.005896636,0.002165303
MA-BA-2,Falmouth 3.1 NNW,41.5871,-70.6321,2025-04-20,0.0,0.025844773,0.013758466
MA-BA-2,Falmouth 3.1 NNW,41.5871,-70.6321,2025-04-21,0.0,0.0,0.0
MA-BA-2,Falmouth 3.1 NNW,41.5871,-70.6321,2025-04-22,0.08,0.0856583,0.11166279
MA-BA-2,Falmouth 3.1 NNW,41.5871,-70.6321,2025-04-23,0.0,0.11566552,0.24077077
MA-BA-2,Falmouth 3.1 NNW,41.5871,-70.6321,2025-04-24,0.0,0.0,0.0
MA-BA-2,Falmouth 3.1 NNW,41.5871,-70.6321,2025-04-25,0.0,0.0,0.0
MA-BA-2,Falmouth 3.1 NNW,41.5871,-70.6321,2025-04-26,0.0,0.006025202,0.0
MA-BA-2,Falmouth 3.1 NNW,41.5871,-70.6321,2025-04-27,0.95,0.8217111,1.3994735
MA-BA-2,Falmouth 3.1 NNW,41.5871,-70.6321,2025-04-28,0.0,0.002165039,3.9335548e-05
MA-BA-2,Falmouth 3.1 NNW,41.5871,-70.6321,2025-04-29,0.0,0.0,0.0
MA-BA-2,Falmouth 3.1 NNW,41.5871,-70.6321,2025-04-30,0.0,0.0,0.0
MA-BA-2,Falmouth 3.1 NNW,41.5871,-70.6321,2025-05-01,0.0,0.0,0.00023654127
MA-BA-2,Falmouth 3.1 NNW,41.5871,-70.6321,2025-05-02,0.47,0.041670598,0.034385074
MA-BA-2,Falmouth 3.1 NNW,41.5871,-70.6321,2025-05-03,0.0,0.062886186,0.11601214
MA-BA-2,Falmouth 3.1 NNW,41.5871,-70.6321,2025-05-04,0.0,7.8671095e-05,0.0
MA-BA-2,Falmouth 3.1 NNW,41.5871,-70.6321,2025-05-05,0.12,3.9335548e-05,0.45349607
MA-BA-2,Falmouth 3.1 NNW,41.5871,-70.6321,2025-05-06,0.0,0.14183474,0.26465958
MA-BA-2,Falmouth 3.1 NNW,41.5871,-70.6321,2025-05-07,0.12,0.46124676,0.22502652
MA-BA-2,Falmouth 3.1 NNW,41.5871,-70.6321,2025-05-08,0.0,0.0,0.021811692
MA-BA-2,Falmouth 3.1 NNW,41.5871,-70.6321,2025-05-09,0.0,0.0011784824,7.8671095e-05
MA-BA-2,Falmouth 3.1 NNW,41.5871,-70.6321,2025-05-10,1.09,1.309522,1.0147195
MA-BA-2,Falmouth 3.1 NNW,41.5871,-70.6321,2025-05-11,0.01,0.0038123801,0.00039282747
MA-BA-2,Falmouth 3.1 NNW,41.5871,-70.6321,2025-05-12,0.0,0.0,0.0
MA-BA-2,Falmouth 3.1 NNW,41.5871,-70.6321,2025-05-13,0.0,0.0,0.0
MA-BA-2,Falmouth 3.1 NNW,41.5871,-70.6321,2025-05-14,0.0,0.00011800665,0.0
MA-BA-2,Falmouth 3.1 NNW,41.5871,-70.6321,2025-05-15,0.0,0.0037054613,3.9335548e-05
MA-BA-2,Falmouth 3.1 NNW,41.5871,-70.6321,2025-05-16,0.0,1.0189097,0.01261087
MA-BA-2,Falmouth 3.1 NNW,41.5871,-70.6321,2025-05-17,0.0,0.002518531,0.006477957
MA-BA-2,Falmouth 3.1 NNW,41.5871,-70.6321,2025-05-18,0.01,0.0010628517,0.010261034
MA-BA-2,Falmouth 3.1 NNW,41.5871,-70.6321,2025-05-19,0.0,0.00015734219,3.9335548e-05
MA-BA-2,Falmouth 3.1 NNW,41.5871,-70.6321,2025-05-20,0.0,0.0,0.0
MA-BA-2,Falmouth 3.1 NNW,41.5871,-70.6321,2025-05-21,0.0,0.0009440532,0.014259796
MA-BA-2,Falmouth 3.1 NNW,41.5871,-70.6321,2025-05-22,0.02,0.009287413,0.22201192
MA-BA-2,Falmouth 3.1 NNW,41.5871,-70.6321,2025-05-23,4.81,2.0875385,2.704106
MA-BA-2,Falmouth 3.1 NNW,41.5871,-70.6321,2025-05-24,0.0,0.012265563,0.061156478
MA-BA-2,Falmouth 3.1 NNW,41.5871,-70.6321,2025-05-25,0.04,0.039955147,0.011471988
MA-BA-2,Falmouth 3.1 NNW,41.5871,-70.6321,2025-05-26,0.0,0.01634326,0.012737589
MA-BA-2,Falmouth 3.1 NNW,41.5871,-70.6321,2025-05-27,0.0,0.0,0.0
MA-BA-2,Falmouth 3.1 NNW,41.5871,-70.6321,2025-05-28,0.0,0.0,0.0
MA-BA-2,Falmouth 3.1 NNW,41.5871,-70.6321,2025-05-29,0.16,0.04800098,0.16328105
MA-BA-2,Falmouth 3.1 NNW,41.5871,-70.6321,2025-05-30,0.06,0.09093745,0.2604594
MA-BA-2,Falmouth 3.1 NNW,41.5871,-70.6321,2025-05-31,0.19,0.13672824,0.44689193
MA-BA-2,Falmouth 3.1 NNW,41.5871,-70.6321,2025-06-01,0.0,0.52106875,0.7184326
MA-BA-2,Falmouth 3.1 NNW,41.5871,-70.6321,2025-06-02,0.0,0.000432955,0.0
MA-BA-2,Falmouth 3.1 NNW,41.5871,-70.6321,2025-06-03,0.0,0.0,0.0
MA-BA-2,Falmouth 3.1 NNW,41.5871,-70.6321,2025-06-04,0.0,0.0,0.0
MA-BA-2,Falmouth 3.1 NNW,41.5871,-70.6321,2025-06-05,0.0,0.0,0.0
MA-BA-2,Falmouth 3.1 NNW,41.5871,-70.6321,2025-06-06,0.0,0.0,0.0
MA-BA-2,Falmouth 3.1 NNW,41.5871,-70.6321,2025-06-07,0.0,0.009291109,3.9335548e-05
MA-BA-2,Falmouth 3.1 NNW,41.5871,-70.6321,2025-06-08,0.08,0.13680983,0.07201916
MA-BA-2,Falmouth 3.1 NNW,41.5871,-70.6321,2025-06-09,0.0,0.00011800665,0.00047308253
MA-BA-2,Falmouth 3.1 NNW,41.5871,-70.6321,2025-06-10,0.06,0.007120526,0.037794597
MA-BA-2,Falmouth 3.1 NNW,41.5871,-70.6321,2025-06-11,0.81,0.061935797,0.11241571
MA-BA-2,Falmouth 3.1 NNW,41.5871,-70.6321,2025-06-12,0.0,0.0,0.0
MA-BA-2,Falmouth 3.1 NNW,41.5871,-70.6321,2025-06-13,0.0,0.0,0.00011800664
MA-BA-2,Falmouth 3.1 NNW,41.5871,-70.6321,2025-06-14,0.0,0.025010016,0.0048715356
MA-BA-2,Falmouth 3.1 NNW,41.5871,-70.6321,2025-06-15,0.18,0.22954324,0.11143575
MA-BA-2,Falmouth 3.1 NNW,41.5871,-70.6321,2025-06-16,0.0,0.00039335547,0.001652885
MA-BA-2,Falmouth 3.1 NNW,41.5871,-70.6321,2025-06-17,0.0,0.14102876,0.06184419
MA-BA-2,Falmouth 3.1 NNW,41.5871,-70.6321,2025-06-18,0.0,0.007706863,0.015043339
MA-BA-2,Falmouth 3.1 NNW,41.5871,-70.6321,2025-06-19,0.0,0.012154948,0.10345301
MA-BA-2,Falmouth 3.1 NNW,41.5871,-70.6321,2025-06-20,0.0,0.000432955,0.000432955
MA-BA-2,Falmouth 3.1 NNW,41.5871,-70.6321,2025-06-21,0.0,0.0,0.0
MA-BA-2,Falmouth 3.1 NNW,41.5871,-70.6321,2025-06-22,0.0,0.0,0.55308837
MA-BA-2,Falmouth 3.1 NNW,41.5871,-70.6321,2025-06-23,0.0,0.0131702805,0.0070510944
MA-BA-2,Falmouth 3.1 NNW,41.5871,-70.6321,2025-06-24,0.0,0.0,0.0
MA-BA-2,Falmouth 3.1 NNW,41.5871,-70.6321,2025-06-25,0.0,0.0,0.0
MA-BA-2,Falmouth 3.1 NNW,41.5871,-70.6321,2025-06-26,0.0,0.0,0.19957325
MA-BA-2,Falmouth 3.1 NNW,41.5871,-70.6321,2025-06-27,0.01,0.005039174,0.24626903
MA-BA-2,Falmouth 3.1 NNW,41.5871,-70.6321,2025-06-28,0.0,0.0029567657,0.13510731
MA-BA-2,Falmouth 3.1 NNW,41.5871,-70.6321,2025-06-29,0.0,0.0040109055,0.10660065
MA-BA-2,Falmouth 3.1 NNW,41.5871,-70.6321,2025-06-30,0.0,0.0007476394,0.0
MA-BA-2,Falmouth 3.1 NNW,41.5871,-70.6321,2025-07-01,0.02,0.0003545479,0.0
MA-BA-2,Falmouth 3.1 NNW,41.5871,-70.6321,2025-07-02,0.01,0.05249949,0.25516018
MA-BA-2,Falmouth 3.1 NNW,41.5871,-70.6321,2025-07-03,0.01,0.013709098,0.01679443
MA-BA-2,Falmouth 3.1 NNW,41.5871,-70.6321,2025-07-04,0.05,0.094582714,0.08429317
MA-BA-2,Falmouth 3.1 NNW,41.5871,-70.6321,2025-07-05,0.0,0.0,0.0
MA-BA-2,Falmouth 3.1 NNW,41.5871,-70.6321,2025-07-06,0.0,0.0,0.0
MA-BA-2,Falmouth 3.1 NNW,41.5871,-70.6321,2025-07-07,0.0,0.0016909004,0.0
MA-BA-2,Falmouth 3.1 NNW,41.5871,-70.6321,2025-07-08,0.2,0.053895243,0.09057656
MA-BA-2,Falmouth 3.1 NNW,41.5871,-70.6321,2025-07-09,0.94,0.33478034,1.02966
MA-BA-2,Falmouth 3.1 NNW,41.5871,-70.6321,2025-07-10,0.19,0.013560995,0.24895309
MA-BA-2,Falmouth 3.1 NNW,41.5871,-70.6321,2025-07-11,0.18,0.5399054,0.43661532
MA-BA-2,Falmouth 3.1 NNW,41.5871,-70.6321,2025-07-12,0.0,0.0029124143,0.00047149856
MA-BA-2,Falmouth 3.1 NNW,41.5871,-70.6321,2025-07-13,0.0,0.0043696775,0.0087797465
MA-BA-2,Falmouth 3.1 NNW,41.5871,-70.6321,2025-07-14,0.0,0.00039282747,0.016608048
MA-BA-2,Falmouth 3.1 NNW,41.5871,-70.6321,2025-07-15,0.08,0.0045618676,0.0041268
MA-BA-2,Falmouth 3.1 NNW,41.5871,-70.6321,2025-07-16,0.01,0.0066371476,0.012479664
MA-BA-2,Falmouth 3.1 NNW,41.5871,-70.6321,2025-07-17,0.0,3.9335548e-05,0.0013379365
MA-BA-2,Falmouth 3.1 NNW,41.5871,-70.6321,2025-07-18,0.01,0.0,0.016595904
MA-BA-2,Falmouth 3.1 NNW,41.5871,-70.6321,2025-07-19,0.0,0.0,0.0
MA-BA-2,Falmouth 3.1 NNW,41.5871,-70.6321,2025-07-20,0.0,0.00027455683,0.0
MA-BA-2,Falmouth 3.1 NNW,41.5871,-70.6321,2025-07-21,0.01,0.026990784,0.044812426
MA-BA-2,Falmouth 3.1 NNW,41.5871,-70.6321,2025-07-22,0.0,0.0,0.0
MA-BA-2,Falmouth 3.1 NNW,41.5871,-70.6321,2025-07-23,0.0,0.0,0.0
MA-BA-2,Falmouth 3.1 NNW,41.5871,-70.6321,2025-07-24,0.0,0.0,0.0
MA-BA-2,Falmouth 3.1 NNW,41.5871,-70.6321,2025-07-25,0.0,0.0,0.0
MA-BA-2,Falmouth 3.1 NNW,41.5871,-70.6321,2025-07-26,0.05,0.08870298,0.0310207
MA-BA-2,Falmouth 3.1 NNW,41.5871,-70.6321,2025-07-27,0.0,0.0,0.0
MA-BA-2,Falmouth 3.1 NNW,41.5871,-70.6321,2025-07-28,0.0,3.9335548e-05,0.62024474
MA-BA-2,Falmouth 3.1 NNW,41.5871,-70.6321,2025-07-29,0.0,0.00015760618,0.0
MA-BA-2,Falmouth 3.1 NNW,41.5871,-70.6321,2025-07-30,0.0,0.0,0.0
MA-BA-2,Falmouth 3.1 NNW,41.5871,-70.6321,2025-07-31,0.0,0.0,0.0
MA-BA-2,Falmouth 3.1 NNW,41.5871,-70.6321,2025-08-01,0.34,0.12191142,0.21400967
MA-BA-2,Falmouth 3.1 NNW,41.5871,-70.6321,2025-08-02,0.12,0.039994482,0.033390336
MA-BA-2,Falmouth 3.1 NNW,41.5871,-70.6321,2025-08-03,0.0,0.0,0.0
MA-BA-2,Falmouth 3.1 NNW,41.5871,-70.6321,2025-08-04,0.0,0.0,0.0
MA-BA-2,Falmouth 3.1 NNW,41.5871,-70.6321,2025-08-05,0.0,0.0,0.0
MA-BA-2,Falmouth 3.1 NNW,41.5871,-70.6321,2025-08-06,0.0,0.0,0.0
MA-BA-2,Falmouth 3.1 NNW,41.5871,-70.6321,2025-08-07,0.0,0.0,0.0
MA-BA-2,Falmouth 3.1 NNW,41.5871,-70.6321,2025-08-08,0.0,0.0,0.0
MA-BA-2,Falmouth 3.1 NNW,41.5871,-70.6321,2025-08-09,0.0,0.0,0.0
MA-BA-2,Falmouth 3.1 NNW,41.5871,-70.6321,2025-08-10,0.0,0.0,0.0
MA-BA-2,Falmouth 3.1 NNW,41.5871,-70.6321,2025-08-11,0.0,0.0,0.0
MA-BA-2,Falmouth 3.1 NNW,41.5871,-70.6321,2025-08-12,0.0,0.0,0.0
MA-BA-2,Falmouth 3.1 NNW,41.5871,-70.6321,2025-08-13,0.0,0.0,0.0022067504
MA-BA-2,Falmouth 3.1 NNW,41.5871,-70.6321,2025-08-14,0.0,0.00031521235,0.0024805153
MA-BA-2,Falmouth 3.1 NNW,41.5871,-70.6321,2025-08-15,0.0,0.0005501697,0.053597715
MA-BA-2,Falmouth 3.1 NNW,41.5871,-70.6321,2025-08-16,0.0,0.0014530392,0.0005113621
MA-BA-2,Falmouth 3.1 NNW,41.5871,-70.6321,2025-08-17,0.0,0.0005892412,0.00062857673
MA-BA-2,Falmouth 3.1 NNW,41.5871,-70.6321,2025-08-18,0.0,0.17238156,0.03496587
MA-BA-2,Falmouth 3.1 NNW,41.5871,-70.6321,2025-08-19,0.0,0.0023933963,0.0008247265
MA-BA-2,Falmouth 3.1 NNW,41.5871,-70.6321,2025-08-20,0.0,0.0,0.0
MA-BA-2,Falmouth 3.1 NNW,41.5871,-70.6321,2025-08-21,1.47,0.41188172,0.97620845
MA-BA-2,Falmouth 3.1 NNW,41.5871,-70.6321,2025-08-22,0.0,0.029510636,0.03085174
MA-BA-2,Falmouth 3.1 NNW,41.5871,-70.6321,2025-08-23,0.0,0.0,0.0
MA-BA-2,Falmouth 3.1 NNW,41.5871,-70.6321,2025-08-24,0.0,0.0,0.0
MA-BA-2,Falmouth 3.1 NNW,41.5871,-70.6321,2025-08-25,0.0,0.00078565493,0.0
MA-BA-2,Falmouth 3.1 NNW,41.5871,-70.6321,2025-08-26,0.05,0.0165072,0.0
MA-BA-2,Falmouth 3.1 NNW,41.5871,-70.6321,2025-08-27,0.0,0.0,0.0
MA-BA-2,Falmouth 3.1 NNW,41.5871,-70.6321,2025-08-28,0.0,0.0,0.0
MA-BA-2,Falmouth 3.1 NNW,41.5871,-70.6321,2025-08-29,0.0,0.0,0.0
MA-BA-2,Falmouth 3.1 NNW,41.5871,-70.6321,2025-08-30,0.41,0.15518638,0.0009841806
MA-BA-2,Falmouth 3.1 NNW,41.5871,-70.6321,2025-08-31,0.0,0.0,0.0
MA-BA-2,Falmouth 3.1 NNW,41.5871,-70.6321,2025-09-01,0.0,0.0,0.0
MA-BA-2,Falmouth 3.1 NNW,41.5871,-70.6321,2025-09-02,0.0,0.0,0.0
MA-BA-2,Falmouth 3.1 NNW,41.5871,-70.6321,2025-09-03,0.0,0.0,0.0
MA-BA-2,Falmouth 3.1 NNW,41.5871,-70.6321,2025-09-04,0.0,0.0,0.0
MA-BA-2,Falmouth 3.1 NNW,41.5871,-70.6321,2025-09-05,0.0,0.0,0.00039282747
MA-BA-2,Falmouth 3.1 NNW,41.5871,-70.6321,2025-09-06,0.0,0.0,0.0
MA-BA-2,Falmouth 3.1 NNW,41.5871,-70.6321,2025-09-07,0.03,0.017356217,0.008333856
MA-BA-2,Falmouth 3.1 NNW,41.5871,-70.6321,2025-09-08,0.86,0.28769332,0.88283116
MA-BA-2,Falmouth 3.1 NNW,41.5871,-70.6321,2025-09-09,0.0,0.0,0.0
MA-BA-2,Falmouth 3.1 NNW,41.5871,-70.6321,2025-09-10,0.0,0.0049969344,0.15449947
MA-BA-2,Falmouth 3.1 NNW,41.5871,-70.6321,2025-09-11,0.0,0.0027574482,0.11322539
MA-BA-2,Falmouth 3.1 NNW,41.5871,-70.6321,2025-09-12,0.0,0.0,3.9335548e-05
MA-BA-2,Falmouth 3.1 NNW,41.5871,-70.6321,2025-09-13,0.0,0.0,0.0
MA-BA-2,Falmouth 3.1 NNW,41.5871,-70.6321,2025-09-14,0.0,0.0,0.05308662
MA-BA-2,Falmouth 3.1 NNW,41.5871,-70.6321,2025-09-15,0.0,0.0,0.00078565493
MA-BA-2,Falmouth 3.1 NNW,41.5871,-70.6321,2025-09-16,0.0,0.0,0.0
MA-BA-2,Falmouth 3.1 NNW,41.5871,-70.6321,2025-09-17,0.0,0.0,0.0
MA-BA-2,Falmouth 3.1 NNW,41.5871,-70.6321,2025-09-18,0.31,0.14535461,0.03783393
MA-BA-2,Falmouth 3.1 NNW,41.5871,-70.6321,2025-09-19,0.01,7.8671095e-05,0.0
MA-BA-2,Falmouth 3.1 NNW,41.5871,-70.6321,2025-09-20,0.0,0.0,0.0
MA-BA-2,Falmouth 3.1 NNW,41.5871,-70.6321,2025-09-21,0.0,0.0,0.0
MA-BA-2,Falmouth 3.1 NNW,41.5871,-70.6321,2025-09-22,0.0,0.0,0.0
MA-BA-2,Falmouth 3.1 NNW,41.5871,-70.6321,2025-09-23,0.0,0.0,0.0
MA-BA-2,Falmouth 3.1 NNW,41.5871,-70.6321,2025-09-24,0.0,0.0,0.0
MA-BA-2,Falmouth 3.1 NNW,41.5871,-70.6321,2025-09-25,1.47,0.39257216,0.33153978
MA-BA-2,Falmouth 3.1 NNW,41.5871,-70.6321,2025-09-26,0.41,0.28849798,0.9126491
MA-BA-2,Falmouth 3.1 NNW,41.5871,-70.6321,2025-09-27,0.0,0.0,0.012428977
MA-BA-2,Falmouth 3.1 NNW,41.5871,-70.6321,2025-09-28,0.1,0.07179873,0.025563354
MA-BA-2,Falmouth 3.1 NNW,41.5871,-70.6321,2025-09-29,0.0,0.004325326,0.000432163
MA-BA-2,Falmouth 3.1 NNW,41.5871,-70.6321,2025-09-30,0.0,0.0,0.0
MA-BA-2,Falmouth 3.1 NNW,41.5871,-70.6321,2025-10-01,0.0,0.0,0.0
MA-BA-2,Falmouth 3.1 NNW,41.5871,-70.6321,2025-10-02,0.0,0.0,0.0
MA-BA-2,Falmouth 3.1 NNW,41.5871,-70.6321,2025-10-03,0.0,0.0,0.0
MA-BA-2,Falmouth 3.1 NNW,41.5871,-70.6321,2025-10-04,0.0,0.0,0.0
MA-BA-2,Falmouth 3.1 NNW,41.5871,-70.6321,2025-10-05,0.0,0.0,0.0
MA-BA-2,Falmouth 3.1 NNW,41.5871,-70.6321,2025-10-06,0.0,0.0,0.0
MA-BA-2,Falmouth 3.1 NNW,41.5871,-70.6321,2025-10-07,0.0,0.0,0.0
MA-BA-2,Falmouth 3.1 NNW,41.5871,-70.6321,2025-10-08,0.0,0.0,0.0019683612
MA-BA-2,Falmouth 3.1 NNW,41.5871,-70.6321,2025-10-09,0.75,1.3169034,1.529611
MA-BA-2,Falmouth 3.1 NNW,41.5871,-70.6321,2025-10-10,0.0,0.0,0.0
MA-BA-2,Falmouth 3.1 NNW,41.5871,-70.6321,2025-10-11,0.0,0.000432163,0.0011784824
MA-BA-2,Falmouth 3.1 NNW,41.5871,-70.6321,2025-10-12,0.0,0.0,0.0091427425
MA-BA-2,Falmouth 3.1 NNW,41.5871,-70.6321,2025-10-13,2.21,1.8766931,0.91527957
MA-BA-2,Falmouth 3.1 NNW,41.5871,-70.6321,2025-10-14,1.39,1.4030023,1.6392648
MA-BA-2,Falmouth 3.1 NNW,41.5871,-70.6321,2025-10-15,0.27,0.22673906,0.06871867
MA-BA-2,Falmouth 3.1 NNW,41.5871,-70.6321,2025-10-16,0.0,0.0,0.0
MA-BA-2,Falmouth 3.1 NNW,41.5871,-70.6321,2025-10-17,0.0,0.0024799875,0.09705479
MA-BA-2,Falmouth 3.1 NNW,41.5871,-70.6321,2025-10-18,0.0,0.0,0.0
MA-BA-2,Falmouth 3.1 NNW,41.5871,-70.6321,2025-10-19,0.0,0.0,0.0
MA-BA-2,Falmouth 3.1 NNW,41.5871,-70.6321,2025-10-20,0.0,0.00035375592,0.0
MA-BA-2,Falmouth 3.1 NNW,41.5871,-70.6321,2025-10-21,0.82,0.7908805,0.41063565
MA-BA-2,Falmouth 3.1 NNW,41.5871,-70.6321,2025-10-22,0.0,0.0,0.0082789445
MA-BA-2,Falmouth 3.1 NNW,41.5871,-70.6321,2025-10-23,0.02,0.017112546,0.11526873
MA-BA-2,Falmouth 3.1 NNW,41.5871,-70.6321,2025-10-24,0.0,0.0011827063,0.00039282747
MA-BA-2,Falmouth 3.1 NNW,41.5871,-70.6321,2025-10-25,0.0,0.0,0.0
MA-BA-2,Falmouth 3.1 NNW,41.5871,-70.6321,2025-10-26,0.0,0.0,0.0
MA-BA-2,Falmouth 3.1 NNW,41.5871,-70.6321,2025-10-27,0.0,0.0,0.0086591
MA-BA-2,Falmouth 3.1 NNW,41.5871,-70.6321,2025-10-28,0.01,0.034995437,0.076664716
MA-BA-2,Falmouth 3.1 NNW,41.5871,-70.6321,2025-10-29,0.03,0.0075524244,0.063305676
MA-BA-2,Falmouth 3.1 NNW,41.5871,-70.6321,2025-10-30,0.05,0.0065650763,0.053277753
MA-BA-2,Falmouth 3.1 NNW,41.5871,-70.6321,2025-10-31,1.68,1.3508663,2.2934957
MA-BA-2,Falmouth 3.1 NNW,41.5871,-70.6321,2025-11-01,0.0,0.0,0.006333287
MA-BA-2,Falmouth 3.1 NNW,41.5871,-70.6321,2025-11-02,0.0,0.0,0.0
MA-BA-2,Falmouth 3.1 NNW,41.5871,-70.6321,2025-11-03,0.0,0.0,0.0
MA-BA-2,Falmouth 3.1 NNW,41.5871,-70.6321,2025-11-04,0.24,0.1685045,0.6843139
MA-BA-2,Falmouth 3.1 NNW,41.5871,-70.6321,2025-11-05,0.0,0.0,0.0
MA-BA-2,Falmouth 3.1 NNW,41.5871,-70.6321,2025-11-06,0.01,3.9335548e-05,0.0
MA-BA-2,Falmouth 3.1 NNW,41.5871,-70.6321,2025-11-07,0.0,0.0,0.0
MA-BA-2,Falmouth 3.1 NNW,41.5871,-70.6321,2025-11-08,0.11,0.058628447,0.42225996
MA-BA-2,Falmouth 3.1 NNW,41.5871,-70.6321,2025-11-09,0.02,0.03413481,0.06314385
MA-BA-2,Falmouth 3.1 NNW,41.5871,-70.6321,2025-11-10,2.33,0.2820216,0.17047234
MA-BA-2,Falmouth 3.1 NNW,41.5871,-70.6321,2025-11-11,0.51,0.24013215,0.066951744
MA-BA-2,Falmouth 3.1 NNW,41.5871,-70.6321,2025-11-12,0.0,0.00015734219,0.0
MA-BA-2,Falmouth 3.1 NNW,41.5871,-70.6321,2025-11-13,0.0,0.0011404669,0.017181715
MA-BA-2,Falmouth 3.1 NNW,41.5871,-70.6321,2025-11-14,0.0,0.03941184,0.00039282747
MA-BA-2,Falmouth 3.1 NNW,41.5871,-70.6321,2025-11-15,0.0,0.0,0.0
MA-BA-2,Falmouth 3.1 NNW,41.5871,-70.6321,2025-11-16,0.76,0.5482858,0.4327409
MA-BA-2,Falmouth 3.1 NNW,41.5871,-70.6321,2025-11-17,0.0,0.00015760618,0.0009852366
MA-BA-2,Falmouth 3.1 NNW,41.5871,-70.6321,2025-11-18,0.0,0.0,0.0
MA-BA-2,Falmouth 3.1 NNW,41.5871,-70.6321,2025-11-19,0.0,0.0,0.0031017002
MA-BA-2,Falmouth 3.1 NNW,41.5871,-70.6321,2025-11-20,0.0,0.000432955,0.1340397
MA-BA-2,Falmouth 3.1 NNW,41.5871,-70.6321,2025-11-21,0.0,0.0,0.0
MA-BA-2,Falmouth 3.1 NNW,41.5871,-70.6321,2025-11-22,0.0,3.9335548e-05,0.00015734219
MA-BA-2,Falmouth 3.1 NNW,41.5871,-70.6321,2025-11-23,0.18,0.1681497,0.010534007
MA-BA-2,Falmouth 3.1 NNW,41.5871,-70.6321,2025-11-24,0.01,0.04906542,0.055454142
MA-BA-2,Falmouth 3.1 NNW,41.5871,-70.6321,2025-11-25,0.0,0.0,0.0
MA-BA-2,Falmouth 3.1 NNW,41.5871,-70.6321,2025-11-26,0.26,0.6157676,0.40002507
MA-BA-2,Falmouth 3.1 NNW,41.5871,-70.6321,2025-11-27,0.03,0.097801894,1.0023682
MA-BA-2,Falmouth 3.1 NNW,41.5871,-70.6321,2025-11-28,0.0,0.0,0.000432691
MA-BA-2,Falmouth 3.1 NNW,41.5871,-70.6321,2025-11-29,0.0,0.0,0.00015734219
MA-BA-2,Falmouth 3.1 NNW,41.5871,-70.6321,2025-11-30,0.0,0.0,0.0
MA-BA-2,Falmouth 3.1 NNW,41.5871,-70.6321,2025-12-01,0.27,0.26070228,0.29701558
MA-BA-2,Falmouth 3.1 NNW,41.5871,-70.6321,2025-12-02,0.0,0.0,0.0
MA-BA-2,Falmouth 3.1 NNW,41.5871,-70.6321,2025-12-03,1.01,0.9883814,0.82330984
MA-BA-2,Falmouth 3.1 NNW,41.5871,-70.6321,2025-12-04,0.0,0.0020443925,0.0010235162
MA-BA-2,Falmouth 3.1 NNW,41.5871,-70.6321,2025-12-05,0.0,0.0,3.9335548e-05
MA-BA-2,Falmouth 3.1 NNW,41.5871,-70.6321,2025-12-06,0.0,0.0002360133,0.0046814578
MA-BA-2,Falmouth 3.1 NNW,41.5871,-70.6321,2025-12-07,0.02,0.0030636848,0.17199929
MA-BA-2,Falmouth 3.1 NNW,41.5871,-70.6321,2025-12-08,0.0,0.0,0.00011827063
MA-BA-2,Falmouth 3.1 NNW,41.5871,-70.6321,2025-12-09,0.0,0.0,3.9335548e-05
MA-BA-2,Falmouth 3.1 NNW,41.5871,-70.6321,2025-12-10,0.03,0.0050771893,0.006730074
MA-BA-2,Falmouth 3.1 NNW,41.5871,-70.6321,2025-12-11,0.0,0.016567657,0.09857963
MA-BA-2,Falmouth 3.1 NNW,41.5871,-70.6321,2025-12-12,0.0,0.0,0.0037001814
MA-BA-2,Falmouth 3.1 NNW,41.5871,-70.6321,2025-12-13,0.0,0.0,0.0
MA-BA-2,Falmouth 3.1 NNW,41.5871,-70.6321,2025-12-14,0.17,0.18620022,0.122042626
MA-BA-2,Falmouth 3.1 NNW,41.5871,-70.6321,2025-12-15,0.16,0.28424156,0.32288358
MA-BA-2,Falmouth 3.1 NNW,41.5871,-70.6321,2025-12-16,0.0,0.0,0.0
MA-BA-2,Falmouth 3.1 NNW,41.5871,-70.6321,2025-12-17,0.0,0.0,0.0
MA-BA-2,Falmouth 3.1 NNW,41.5871,-70.6321,2025-12-18,0.0,0.0,0.0
MA-BA-2,Falmouth 3.1 NNW,41.5871,-70.6321,2025-12-19,0.11,0.019198915,0.0077889664
MA-BA-2,Falmouth 3.1 NNW,41.5871,-70.6321,2025-12-20,0.38,0.29309997,0.5502568
MA-BA-2,Falmouth 3.1 NNW,41.5871,-70.6321,2025-12-21,0.0,0.0,0.0
MA-BA-2,Falmouth 3.1 NNW,41.5871,-70.6321,2025-12-22,0.0,0.0,0.0017711555
MA-BA-2,Falmouth 3.1 NNW,41.5871,-70.6321,2025-12-23,0.0,0.0,0.01743647
MA-BA-2,Falmouth 3.1 NNW,41.5871,-70.6321,2025-12-24,0.12,0.15533158,0.29114008
MA-BA-2,Falmouth 3.1 NNW,41.5871,-70.6321,2025-12-25,0.0,0.1037508,0.04254443
MA-BA-2,Falmouth 3.1 NNW,41.5871,-70.6321,2025-12-26,0.0,0.0,0.0011404669
MA-BA-2,Falmouth 3.1 NNW,41.5871,-70.6321,2025-12-27,0.27,0.18745315,0.11035073
MA-BA-2,Falmouth 3.1 NNW,41.5871,-70.6321,2025-12-28,0.01,0.015050466,0.031865224
MA-BA-2,Falmouth 3.1 NNW,41.5871,-70.6321,2025-12-29,0.31,0.22538397,0.6116619
MA-BA-2,Falmouth 3.1 NNW,41.5871,-70.6321,2025-12-30,0.21,0.33004266,0.63365394
MA-BA-2,Falmouth 3.1 NNW,41.5871,-70.6321,2025-12-31,0.0,0.0007460554,3.9335548e-05
MA-BA-2,Falmouth 3.1 NNW,41.5871,-70.6321,2026-01-01,0.23,0.2510463,0.2712838
MA-BA-2,Falmouth 3.1 NNW,41.5871,-70.6321,2026-01-02,0.06,0.043599624,0.068106994
MA-BA-2,Falmouth 3.1 NNW,41.5871,-70.6321,2026-01-03,0.0,0.0,0.0
MA-BA-2,Falmouth 3.1 NNW,41.5871,-70.6321,2026-01-04,0.0,0.00039282747,0.033614203
MA-BA-2,Falmouth 3.1 NNW,41.5871,-70.6321,2026-01-05,0.01,0.014251612,0.007467946
MA-BA-2,Falmouth 3.1 NNW,41.5871,-70.6321,2026-01-06,0.03,0.008215585,0.19534507
MA-BA-2,Falmouth 3.1 NNW,41.5871,-70.6321,2026-01-07,0.03,0.027172415,0.034949765
MA-BA-2,Falmouth 3.1 NNW,41.5871,-70.6321,2026-01-08,0.01,0.09301695,0.039609045
MA-BA-2,Falmouth 3.1 NNW,41.5871,-70.6321,2026-01-09,0.0,0.0,0.0
MA-BA-2,Falmouth 3.1 NNW,41.5871,-70.6321,2026-01-10,0.05,0.02857503,0.054436173
MA-BA-2,Falmouth 3.1 NNW,41.5871,-70.6321,2026-01-11,0.83,1.4579612,0.24501795
MA-BA-2,Falmouth 3.1 NNW,41.5871,-70.6321,2026-01-12,0.01,0.00869078,0.4748199
MA-BA-2,Falmouth 3.1 NNW,41.5871,-70.6321,2026-01-13,0.0,0.0,0.0
MA-BA-2,Falmouth 3.1 NNW,41.5871,-70.6321,2026-01-14,0.0,0.0,0.0
MA-BA-2,Falmouth 3.1 NNW,41.5871,-70.6321,2026-01-15,0.0,0.012735741,0.0747019
MA-BA-2,Falmouth 3.1 NNW,41.5871,-70.6321,2026-01-16,0.0,0.012840811,0.02811462
MA-BA-2,Falmouth 3.1 NNW,41.5871,-70.6321,2026-01-17,0.0,0.0,0.008633756
MA-BA-2,Falmouth 3.1 NNW,41.5871,-70.6321,2026-01-18,0.0,0.00916703,0.03691839
MA-BA-2,Falmouth 3.1 NNW,41.5871,-70.6321,2026-01-19,0.94,0.52110255,0.92755014
MA-BA-2,Falmouth 3.1 NNW,41.5871,-70.6321,2026-01-20,0.01,0.025975453,0.03487294
MA-BA-2,Falmouth 3.1 NNW,41.5871,-70.6321,2026-01-21,0.0,0.0,0.0
MA-BA-2,Falmouth 3.1 NNW,41.5871,-70.6321,2026-01-22,0.0,0.0011431068,0.008799811
MA-BA-2,Falmouth 3.1 NNW,41.5871,-70.6321,2026-01-23,0.0,3.9335548e-05,0.0
MA-BA-2,Falmouth 3.1 NNW,41.5871,-70.6321,2026-01-24,0.0,0.0,0.0
MA-BA-2,Falmouth 3.1 NNW,41.5871,-70.6321,2026-01-25,0.0,0.0,0.0
MA-BA-2,Falmouth 3.1 NNW,41.5871,-70.6321,2026-01-26,1.93,1.3999949,1.3493016
MA-BA-2,Falmouth 3.1 NNW,41.5871,-70.6321,2026-01-27,0.14,0.16755226,0.1389255
MA-BA-2,Falmouth 3.1 NNW,41.5871,-70.6321,2026-01-28,0.0,0.0033847052,0.005085637
MA-BA-2,Falmouth 3.1 NNW,41.5871,-70.6321,2026-01-29,0.0,0.002718113,0.0
MA-BA-2,Falmouth 3.1 NNW,41.5871,-70.6321,2026-01-30,0.0,0.0,0.0
MA-BA-2,Falmouth 3.1 NNW,41.5871,-70.6321,2026-01-31,0.0,0.0,0.0
MA-BA-2,Falmouth 3.1 NNW,41.5871,-70.6321,2026-02-01,0.0,0.0023609248,0.012889387
MA-BA-2,Falmouth 3.1 NNW,41.5871,-70.6321,2026-02-02,0.07,0.006166177,0.042941745
MA-BA-2,Falmouth 3.1 NNW,41.5871,-70.6321,2026-02-03,0.0,0.0,0.0
MA-BA-2,Falmouth 3.1 NNW,41.5871,-70.6321,2026-02-04,0.0,0.0,0.0047250176
MA-BA-2,Falmouth 3.1 NNW,41.5871,-70.6321,2026-02-05,0.0,0.0,0.00019641373
MA-BA-2,Falmouth 3.1 NNW,41.5871,-70.6321,2026-02-06,0.0,3.9335548e-05,0.0
MA-BA-2,Falmouth 3.1 NNW,41.5871,-70.6321,2026-02-07,0.02,0.0104449075,0.0024438198
MA-BA-2,Falmouth 3.1 NNW,41.5871,-70.6321,2026-02-08,0.2,0.12354787,0.39466858
MA-BA-2,Falmouth 3.1 NNW,41.5871,-70.6321,2026-02-09,0.0,0.00019667773,0.00019694172
MA-BA-2,Falmouth 3.1 NNW,41.5871,-70.6321,2026-02-10,0.0,0.0,0.0
MA-BA-2,Falmouth 3.1 NNW,41.5871,-70.6321,2026-02-11,0.15,0.278983,0.20207383
MA-BA-2,Falmouth 3.1 NNW,41.5871,-70.6321,2026-02-12,0.0,0.0,0.00019667773
MA-BA-2,Falmouth 3.1 NNW,41.5871,-70.6321,2026-02-13,0.0,0.0,0.0013366166
MA-BA-2,Falmouth 3.1 NNW,41.5871,-70.6321,2026-02-14,0.0,0.0,0.0
MA-BA-2,Falmouth 3.1 NNW,41.5871,-70.6321,2026-02-15,0.0,0.0,0.0057107825
MA-BA-2,Falmouth 3.1 NNW,41.5871,-70.6321,2026-02-16,0.0,0.0,0.0
MA-BA-2,Falmouth 3.1 NNW,41.5871,-70.6321,2026-02-17,0.0,0.0,0.0
MA-BA-2,Falmouth 3.1 NNW,41.5871,-70.6321,2026-02-18,0.0,0.00019667773,0.005707614
MA-BA-2,Falmouth 3.1 NNW,41.5871,-70.6321,2026-02-19,0.19,0.24031457,0.40068534
MA-BA-2,Falmouth 3.1 NNW,41.5871,-70.6321,2026-02-20,0.0,0.0,0.0
MA-BA-2,Falmouth 3.1 NNW,41.5871,-70.6321,2026-02-21,0.57,0.38947207,0.5601561
MA-BA-2,Falmouth 3.1 NNW,41.5871,-70.6321,2026-02-22,0.01,0.016495056,0.049907833
MA-BA-2,Falmouth 3.1 NNW,41.5871,-70.6321,2026-02-23,0.33,0.8531368,0.8192549
MA-BA-2,Falmouth 3.1 NNW,41.5871,-70.6321,2026-02-24,2.08,1.4427718,1.7630266
MA-BA-2,Falmouth 3.1 NNW,41.5871,-70.6321,2026-02-25,0.0,0.0,0.0051579727
MA-BA-2,Falmouth 3.1 NNW,41.5871,-70.6321,2026-02-26,0.02,0.06977967,0.2195375
MA-BA-2,Falmouth 3.1 NNW,41.5871,-70.6321,2026-02-27,0.0,0.0,0.0
MA-BA-2,Falmouth 3.1 NNW,41.5871,-70.6321,2026-02-28,0.0,0.0,0.0
MA-BA-2,Falmouth 3.1 NNW,41.5871,-70.6321,2026-03-01,0.0,0.0,0.00015734219
MA-BA-2,Falmouth 3.1 NNW,41.5871,-70.6321,2026-03-02,0.01,0.036055647,0.044779163
MA-BA-2,Falmouth 3.1 NNW,41.5871,-70.6321,2026-03-03,0.0,0.0,0.0
MA-BA-2,Falmouth 3.1 NNW,41.5871,-70.6321,2026-03-04,0.69,0.6766812,0.39452127
MA-BA-2,Falmouth 3.1 NNW,41.5871,-70.6321,2026-03-05,0.0,0.011489147,3.9335548e-05
MA-BA-2,Falmouth 3.1 NNW,41.5871,-70.6321,2026-03-06,1.14,1.0191338,0.5944726
MA-BA-2,Falmouth 3.1 NNW,41.5871,-70.6321,2026-03-07,0.11,0.06776538,0.1489125
MA-BA-2,Falmouth 3.1 NNW,41.5871,-70.6321,2026-03-08,0.01,0.052285917,0.25935802
MA-BA-2,Falmouth 3.1 NNW,41.5871,-70.6321,2026-03-09,0.02,0.04895058,0.059828047
MA-BA-2,Falmouth 3.1 NNW,41.5871,-70.6321,2026-03-10,0.0,0.00015734219,0.0
MA-BA-2,Falmouth 3.1 NNW,41.5871,-70.6321,2026-03-11,0.0,0.0,0.00031494838
MA-BA-2,Falmouth 3.1 NNW,41.5871,-70.6321,2026-03-12,0.0,0.0610955,0.16060467
MA-BA-2,Falmouth 3.1 NNW,41.5871,-70.6321,2026-03-13,0.07,0.23189281,0.14844206
MA-BA-2,Falmouth 3.1 NNW,41.5871,-70.6321,2026-03-14,0.01,0.062362414,0.104974955
MA-BA-2,Falmouth 3.1 NNW,41.5871,-70.6321,2026-03-15,0.0,0.0,0.0
MA-BA-2,Falmouth 3.1 NNW,41.5871,-70.6321,2026-03-16,0.05,0.0050011585,0.25034514
MA-BA-2,Falmouth 3.1 NNW,41.5871,-70.6321,2026-03-17,0.93,1.0736154,1.1827866
MA-BA-2,Falmouth 3.1 NNW,41.5871,-70.6321,2026-03-18,0.0,0.006310583,0.005631847
MA-BA-2,Falmouth 3.1 NNW,41.5871,-70.6321,2026-03-19,0.0,0.0,0.0
MA-BA-2,Falmouth 3.1 NNW,41.5871,-70.6321,2026-03-20,0.0,0.0,0.0
MA-BA-2,Falmouth 3.1 NNW,41.5871,-70.6321,2026-03-21,0.23,0.19726962,0.18102166
MA-BA-2,Falmouth 3.1 NNW,41.5871,-70.6321,2026-03-22,0.0,0.00019641373,7.469464e-05
MA-BA-2,Falmouth 3.1 NNW,41.5871,-70.6321,2026-03-23,1.09,0.655692,0.60803896
MA-BA-2,Falmouth 3.1 NNW,41.5871,-70.6321,2026-03-24,0.42,0.81589526,0.1527724
MA-BA-2,Falmouth 3.1 NNW,41.5871,-70.6321,2026-03-25,0.0,0.0009841807,0.00015734219
MA-BA-2,Falmouth 3.1 NNW,41.5871,-70.6321,2026-03-26,0.01,0.0,0.002676401
MA-BA-2,Falmouth 3.1 NNW,41.5871,-70.6321,2026-03-27,0.12,0.18073706,0.24523601
MA-BA-2,Falmouth 3.1 NNW,41.5871,-70.6321,2026-03-28,0.0,0.015892617,0.122137666
MA-BA-2,Falmouth 3.1 NNW,41.5871,-70.6321,2026-03-29,0.0,0.00011800665,0.050088935
MA-BA-2,Falmouth 3.1 NNW,41.5871,-70.6321,2026-03-30,0.0,0.0,0.0
MA-BA-2,Falmouth 3.1 NNW,41.5871,-70.6321,2026-03-31,0.0,7.8671095e-05,0.00027455683
MA-BA-2,Falmouth 3.1 NNW,41.5871,-70.6321,2026-04-01,0.02,0.32209873,0.079298355
MA-BA-2,Falmouth 3.1 NNW,41.5871,-70.6321,2026-04-02,0.64,0.3933642,0.16031083
MA-BA-2,Falmouth 3.1 NNW,41.5871,-70.6321,2026-04-03,0.21,0.34042117,0.5022471
MA-BA-2,Falmouth 3.1 NNW,41.5871,-70.6321,2026-04-04,0.01,0.023135373,0.011623522
MA-BA-2,Falmouth 3.1 NNW,41.5871,-70.6321,2026-04-05,0.01,0.081885524,0.010737284
MA-BA-2,Falmouth 3.1 NNW,41.5871,-70.6321,2026-04-06,0.15,0.32561013,0.47860113
MA-BA-2,Falmouth 3.1 NNW,41.5871,-70.6321,2026-04-07,0.0,0.00039282747,0.018150318
MA-BA-2,Falmouth 3.1 NNW,41.5871,-70.6321,2026-04-08,0.02,0.10462305,0.22220306
MA-BA-2,Falmouth 3.1 NNW,41.5871,-70.6321,2026-04-09,0.0,0.0,3.9335548e-05
MA-BA-2,Falmouth 3.1 NNW,41.5871,-70.6321,2026-04-10,0.0,0.0,0.00023654127
MA-BA-2,Falmouth 3.1 NNW,41.5871,-70.6321,2026-04-11,0.0,0.0037846602,0.0013389925
MA-BA-2,Falmouth 3.1 NNW,41.5871,-70.6321,2026-04-12,0.0,0.0,0.0
MA-BA-2,Falmouth 3.1 NNW,41.5871,-70.6321,2026-04-13,0.04,0.0040436415,0.01335323
MA-BA-2,Falmouth 3.1 NNW,41.5871,-70.6321,2026-04-14,0.0,0.0018073232,0.033444718
MA-BA-2,Falmouth 3.1 NNW,41.5871,-70.6321,2026-04-15,0.0,0.0027202244,0.0010248362
MA-BA-2,Falmouth 3.1 NNW,41.5871,-70.6321,2026-04-16,0.05,0.14010397,0.117014535
MA-BA-2,Falmouth 3.1 NNW,41.5871,-70.6321,2026-04-17,0.0,0.06393373,0.017497718
MA-BA-2,Falmouth 3.1 NNW,41.5871,-70.6321,2026-04-18,0.02,0.0032241947,0.07557151
MA-BA-2,Falmouth 3.1 NNW,41.5871,-70.6321,2026-04-19,0.01,0.008381639,0.008419655
MA-BA-2,Falmouth 3.1 NNW,41.5871,-70.6321,2026-04-20,0.05,0.09412627,0.18919764
MA-BA-2,Falmouth 3.1 NNW,41.5871,-70.6321,2026-04-21,0.12,0.08246684,0.14497578
MA-BA-2,Falmouth 3.1 NNW,41.5871,-70.6321,2026-04-22,0.0,0.0,0.006272568
MA-BA-2,Falmouth 3.1 NNW,41.5871,-70.6321,2026-04-23,0.0,0.0031090921,0.022679979
MA-BA-2,Falmouth 3.1 NNW,41.5871,-70.6321,2026-04-24,0.0,0.0,0.0
MA-BA-2,Falmouth 3.1 NNW,41.5871,-70.6321,2026-04-25,0.0,0.0,0.0
MA-BA-2,Falmouth 3.1 NNW,41.5871,-70.6321,2026-04-26,0.05,0.0,0.0019641374
MA-BA-2,Falmouth 3.1 NNW,41.5871,-70.6321,2026-04-27,0.02,0.010647789,0.12684949
MA-BA-2,Falmouth 3.1 NNW,41.5871,-70.6321,2026-04-28,0.0,0.0,0.023586545
MA-BA-2,Falmouth 3.1 NNW,41.5871,-70.6321,2026-04-29,0.0,0.0,7.8671095e-05
MA-BA-2,Falmouth 3.1 NNW,41.5871,-70.6321,2026-04-30,0.02,0.017702317,0.0
MA-BA-2,Falmouth 3.1 NNW,41.5871,-70.6321,2026-05-01,0.04,0.03236629,0.08926872
MA-BA-2,Falmouth 3.1 NNW,41.5871,-70.6321,2026-05-02,0.0,0.0,0.0
MA-BA-2,Falmouth 3.1 NNW,41.5871,-70.6321,2026-05-03,0.59,0.42057037,0.95913476
MA-BA-2,Falmouth 3.1 NNW,41.5871,-70.6321,2026-05-04,0.0,0.0059071956,0.12867846
MA-BA-2,Falmouth 3.1 NNW,41.5871,-70.6321,2026-05-05,0.0,0.0,0.0
MA-BA-2,Falmouth 3.1 NNW,41.5871,-70.6321,2026-05-06,0.0,0.0,0.0
MA-BA-2,Falmouth 3.1 NNW,41.5871,-70.6321,2026-05-07,0.63,0.23094876,0.40373054
MA-BA-2,Falmouth 3.1 NNW,41.5871,-70.6321,2026-05-08,0.05,0.13203359,0.05501274
MA-BA-2,Falmouth 3.1 NNW,41.5871,-70.6321,2026-05-09,0.01,0.0071609174,0.057735343
MA-BA-2,Falmouth 3.1 NNW,41.5871,-70.6321,2026-05-10,0.17,0.48305264,0.15233627
MA-BA-2,Falmouth 3.1 NNW,41.5871,-70.6321,2026-05-11,0.28,0.046528935,0.015197513
MA-BA-2,Falmouth 3.1 NNW,41.5871,-70.6321,2026-05-12,0.0,0.020883216,0.028359609
MA-BA-2,Falmouth 3.1 NNW,41.5871,-70.6321,2026-05-13,0.0,0.0,0.0
MA-BA-2,Falmouth 3.1 NNW,41.5871,-70.6321,2026-05-14,0.0,0.0015713099,7.8671095e-05
MA-BA-2,Falmouth 3.1 NNW,41.5871,-70.6321,2026-05-15,0.08,1.0493182,0.42971998
MA-BA-2,Falmouth 3.1 NNW,41.5871,-70.6321,2026-05-16,0.0,7.8671095e-05,0.033647995
MA-BA-2,Falmouth 3.1 NNW,41.5871,-70.6321,2026-05-17,0.0,0.025765311,0.00954613
MA-BA-2,Falmouth 3.1 NNW,41.5871,-70.6321,2026-05-18,0.0,0.020410132,0.004528076
MA-BA-2,Falmouth 3.1 NNW,41.5871,-70.6321,2026-05-19,0.0,0.0012600574,0.0015755338
MA-BA-2,Falmouth 3.1 NNW,41.5871,-70.6321,2026-05-20,0.0,0.0,0.0
MA-BA-2,Falmouth 3.1 NNW,41.5871,-70.6321,2026-05-21,0.2,0.00275824,0.6248898
MA-BA-2,Falmouth 3.1 NNW,41.5871,-70.6321,2026-05-22,0.01,0.0039013468,0.00090392557
MA-BA-2,Falmouth 3.1 NNW,41.5871,-70.6321,2026-05-23,0.0,0.0,0.0
MA-BA-2,Falmouth 3.1 NNW,41.5871,-70.6321,2026-05-24,0.08,0.17479134,0.02006377
MA-BA-2,Falmouth 3.1 NNW,41.5871,-70.6321,2026-05-25,0.89,0.6415506,0.44015473
MA-BA-2,Falmouth 3.1 NNW,41.5871,-70.6321,2026-05-26,0.08,0.028840082,0.09478336
MA-BA-2,Falmouth 3.1 NNW,41.5871,-70.6321,2026-05-27,0.0,0.0,0.0
MA-BA-2,Falmouth 3.1 NNW,41.5871,-70.6321,2026-05-28,0.0,0.0,0.0
MA-BA-2,Falmouth 3.1 NNW,41.5871,-70.6321,2026-05-29,0.16,0.061663352,0.25971016
MA-BA-2,Falmouth 3.1 NNW,41.5871,-70.6321,2026-05-30,0.22,0.26191297,0.13238285
MA-BA-2,Falmouth 3.1 NNW,41.5871,-70.6321,2026-05-31,0.36,0.38802907,0.35924968
MA-BA-2,Falmouth 3.1 NNW,41.5871,-70.6321,2026-06-01,0.13,0.075209565,0.04011962
MA-BA-2,Falmouth 3.1 NNW,41.5871,-70.6321,2026-06-02,0.0,0.0,0.0
MA-BA-2,Falmouth 3.1 NNW,41.5871,-70.6321,2026-06-03,0.0,0.00275824,0.00011827063
MA-BA-2,Falmouth 3.1 NNW,41.5871,-70.6321,2026-06-04,0.0,0.0,0.0
MA-BA-2,Falmouth 3.1 NNW,41.5871,-70.6321,2026-06-05,0.0,0.0,0.0
MA-BA-2,Falmouth 3.1 NNW,41.5871,-70.6321,2026-06-06,0.0,0.0,0.0
MA-BA-2,Falmouth 3.1 NNW,41.5871,-70.6321,2026-06-07,0.03,0.2744272,0.044171177
MA-BA-2,Falmouth 3.1 NNW,41.5871,-70.6321,2026-06-08,0.0,0.38404167,0.15666635
MA-BA-2,Falmouth 3.1 NNW,41.5871,-70.6321,2026-06-09,0.0,0.0,0.0
MA-BA-2,Falmouth 3.1 NNW,41.5871,-70.6321,2026-06-10,0.0,0.0,0.0
MA-BA-2,Falmouth 3.1 NNW,41.5871,-70.6321,2026-06-11,0.44,0.23068818,0.003225515
MA-BA-2,Falmouth 3.1 NNW,41.5871,-70.6321,2026-06-12,0.03,2.3756256,7.8671095e-05
MA-BA-2,Falmouth 3.1 NNW,41.5871,-70.6321,2026-06-13,0.0,0.00039282747,0.0
MA-BA-2,Falmouth 3.1 NNW,41.5871,-70.6321,2026-06-14,0.0,0.0,0.0
MA-BA-2,Falmouth 3.1 NNW,41.5871,-70.6321,2026-06-15,0.09,0.13263762,0.11939421
MA-BA-2,Falmouth 3.1 NNW,41.5871,-70.6321,2026-06-16,0.0,0.027284877,0.00090339757
MA-BA-2,Falmouth 3.1 NNW,41.5871,-70.6321,2026-06-17,0.0,0.0,0.0
MA-BA-2,Falmouth 3.1 NNW,41.5871,-70.6321,2026-06-18,0.0,0.0,0.0
MA-BA-2,Falmouth 3.1 NNW,41.5871,-70.6321,2026-06-19,0.0,0.00011800665,0.04325009
MA-BA-2,Falmouth 3.1 NNW,41.5871,-70.6321,2026-06-20,0.0,0.0,0.0
MA-BA-2,Falmouth 3.1 NNW,41.5871,-70.6321,2026-06-21,0.0,0.00039282747,0.049052745
MA-BA-2,Falmouth 3.1 NNW,41.5871,-70.6321,2026-06-22,0.0,0.0,0.0
MA-BA-2,Falmouth 3.1 NNW,41.5871,-70.6321,2026-06-23,1.41,0.14940089,0.08295207
MA-BA-2,Falmouth 3.1 NNW,41.5871,-70.6321,2026-06-24,0.57,1.4716468,0.6971674
MA-BA-2,Falmouth 3.1 NNW,41.5871,-70.6321,2026-06-25,0.0,0.0,0.00039282747
MA-BA-2,Falmouth 3.1 NNW,41.5871,-70.6321,2026-06-26,0.0,0.0,0.0
MA-BA-2,Falmouth 3.1 NNW,41.5871,-70.6321,2026-06-27,0.02,0.0044858363,0.0002756128
MA-BA-2,Falmouth 3.1 NNW,41.5871,-70.6321,2026-06-28,0.01,0.012074693,0.36717355
MA-BA-2,Falmouth 3.1 NNW,41.5871,-70.6321,2026-06-29,0.0,0.0,3.9335548e-05
MA-BA-2,Falmouth 3.1 NNW,41.5871,-70.6321,2026-06-30,0.0,3.9335548e-05,0.00035375592
MA-BA-2,Falmouth 3.1 NNW,41.5871,-70.6321,2026-07-01,0.0,0.0014556793,0.014527224
MA-BA-2,Falmouth 3.1 NNW,41.5871,-70.6321,2026-07-02,0.0,3.9335548e-05,0.051092915
MA-BA-2,Falmouth 3.1 NNW,41.5871,-70.6321,2026-07-03,0.0,0.0,0.0027072888
MA-BA-2,Falmouth 3.1 NNW,41.5871,-70.6321,2026-07-04,0.0,0.0,0.096732706
MA-BA-2,Falmouth 3.1 NNW,41.5871,-70.6321,2026-07-05,0.46,0.13384223,0.0029945176
MA-BA-2,Falmouth 3.1 NNW,41.5871,-70.6321,2026-07-06,0.45,0.010431576,0.03375201
MA-BA-2,Falmouth 3.1 NNW,41.5871,-70.6321,2026-07-07,1.15,1.499018,1.0812702
MA-BA-2,Falmouth 3.1 NNW,41.5871,-70.6321,2026-07-08,3.65,1.6670355,3.1911192
MA-BA-2,Falmouth 3.1 NNW,41.5871,-70.6321,2026-07-09,0.0,0.0,0.008954776
MA-BA-2,Falmouth 3.1 NNW,41.5871,-70.6321,2026-07-10,0.0,0.0,0.0021270234
MA-BA-2,Falmouth 3.1 NNW,41.5871,-70.6321,2026-07-11,0.13,0.21465275,0.059619486
MA-BA-2,Falmouth 3.1 NNW,41.5871,-70.6321,2026-07-12,0.0,0.0,3.9335548e-05
MA-BA-2,Falmouth 3.1 NNW,41.5871,-70.6321,2026-07-13,0.0,0.0,0.0
MA-BA-2,Falmouth 3.1 NNW,41.5871,-70.6321,2026-07-14,0.0,0.0,0.0797144
MA-BA-2,Falmouth 3.1 NNW,41.5871,-70.6321,2026-07-15,0.0,0.0,0.0
MA-BA-2,Falmouth 3.1 NNW,41.5871,-70.6321,2026-07-16,0.0,0.0,0.0
MA-BA-2,Falmouth 3.1 NNW,41.5871,-70.6321,2026-07-17,0.0,0.0,0.0
MA-BA-2,Falmouth 3.1 NNW,41.5871,-70.6321,2026-07-18,0.0,0.0,0.0
MA-BA-2,Falmouth 3.1 NNW,41.5871,-70.6321,2026-07-19,1.71,1.3633531,1.0288912
MA-BA-2,Falmouth 3.1 NNW,41.5871,-70.6321,2026-07-20,0.0,0.0,0.0
MA-BA-2,Falmouth 3.1 NNW,41.5871,-70.6321,2026-07-21,0.0,0.0,0.0
MA-BA-2,Falmouth 3.1 NNW,41.5871,-70.6321,2026-07-22,1.93,1.3099486,0.6017103
MA-BA-2,Falmouth 3.1 NNW,41.5871,-70.6321,2026-07-23,0.0,0.028170587,0.61462
MA-BA-2,Falmouth 3.1 NNW,41.5871,-70.6321,2026-07-24,0.0,0.0025554905,0.0011827063
MA-BA-2,Falmouth 3.1 NNW,41.5871,-70.6321,2026-07-25,0.0,0.0,0.0
MA-BA-2,Falmouth 3.1 NNW,41.5871,-70.6321,2026-07-26,0.0,0.0,0.0
MA-BA-2,Falmouth 3.1 NNW,41.5871,-70.6321,2026-07-27,0.0,0.0,0.00023654127
MA-BA-2,Falmouth 3.1 NNW,41.5871,-70.6321,2026-07-28,0.0,0.0,0.0
MA-BA-2,Falmouth 3.1 NNW,41.5871,-70.6321,2026-07-29,0.0,0.00078565493,0.0011404669
MA-BA-2,Falmouth 3.1 NNW,41.5871,-70.6321,2026-07-30,0.29,1.3812487,0.9497736
MA-BA-2,Falmouth 3.1 NNW,41.5871,-70.6321,2026-07-31,0.45,0.009202142,0.029194368
MA-BA-2,Falmouth 3.1 NNW,41.5871,-70.6321,2026-08-01,0.01,0.0,0.0022809338
MA-BA-2,Falmouth 3.1 NNW,41.5871,-70.6321,2026-08-02,0.0,0.0,0.0
MA-BA-2,Falmouth 3.1 NNW,41.5871,-70.6321,2026-08-03,0.04,0.03801609,0.028625717
MA-BA-57,Falmouth 5.7 N,41.628365,-70.623234,2025-01-01,0.57,0.1482438,1.2393242
MA-BA-57,Falmouth 5.7 N,41.628365,-70.623234,2025-01-02,0.08,0.38879913,0.1509664
MA-BA-57,Falmouth 5.7 N,41.628365,-70.623234,2025-01-03,0.0,0.005360194,0.0
MA-BA-57,Falmouth 5.7 N,41.628365,-70.623234,2025-01-04,0.0,0.0,0.0
MA-BA-57,Falmouth 5.7 N,41.628365,-70.623234,2025-01-05,0.0,0.0,0.0
MA-BA-57,Falmouth 5.7 N,41.628365,-70.623234,2025-01-06,0.0,0.0,0.0
MA-BA-57,Falmouth 5.7 N,41.628365,-70.623234,2025-01-07,0.0,0.0,0.0
MA-BA-57,Falmouth 5.7 N,41.628365,-70.623234,2025-01-08,0.0,0.0,0.0
MA-BA-57,Falmouth 5.7 N,41.628365,-70.623234,2025-01-09,0.0,0.0,0.0
MA-BA-57,Falmouth 5.7 N,41.628365,-70.623234,2025-01-10,0.0,0.00066870434,0.0062957993
MA-BA-57,Falmouth 5.7 N,41.628365,-70.623234,2025-01-11,0.01,0.0021964547,0.00011827063
MA-BA-57,Falmouth 5.7 N,41.628365,-70.623234,2025-01-12,0.1,0.1604623,0.10847051
MA-BA-57,Falmouth 5.7 N,41.628365,-70.623234,2025-01-13,0.0,0.0,0.0
MA-BA-57,Falmouth 5.7 N,41.628365,-70.623234,2025-01-14,0.0,0.00059135316,0.00047229056
MA-BA-57,Falmouth 5.7 N,41.628365,-70.623234,2025-01-15,0.0,0.0,0.0
MA-BA-57,Falmouth 5.7 N,41.628365,-70.623234,2025-01-16,0.0,0.0,0.0
MA-BA-57,Falmouth 5.7 N,41.628365,-70.623234,2025-01-17,0.01,0.02862915,0.06954525
MA-BA-57,Falmouth 5.7 N,41.628365,-70.623234,2025-01-18,0.0,0.0,0.0
MA-BA-57,Falmouth 5.7 N,41.628365,-70.623234,2025-01-19,0.48,0.41710648,0.1670483
MA-BA-57,Falmouth 5.7 N,41.628365,-70.623234,2025-01-20,0.52,0.47286132,0.4505842
MA-BA-57,Falmouth 5.7 N,41.628365,-70.623234,2025-01-21,0.0,0.0049673663,0.0023582848
MA-BA-57,Falmouth 5.7 N,41.628365,-70.623234,2025-01-22,0.01,0.00019667773,0.0
MA-BA-57,Falmouth 5.7 N,41.628365,-70.623234,2025-01-23,0.0,0.0,0.0011409948
MA-BA-57,Falmouth 5.7 N,41.628365,-70.623234,2025-01-24,0.0,0.0,0.005628679
MA-BA-57,Falmouth 5.7 N,41.628365,-70.623234,2025-01-25,0.0,0.0,0.0
MA-BA-57,Falmouth 5.7 N,41.628365,-70.623234,2025-01-26,0.0,0.0,0.007467946
MA-BA-57,Falmouth 5.7 N,41.628365,-70.623234,2025-01-27,0.0,0.0,0.0096644005
MA-BA-57,Falmouth 5.7 N,41.628365,-70.623234,2025-01-28,0.0,0.0,0.0
MA-BA-57,Falmouth 5.7 N,41.628365,-70.623234,2025-01-29,0.0,7.8671095e-05,0.071317196
MA-BA-57,Falmouth 5.7 N,41.628365,-70.623234,2025-01-30,0.0,0.011549339,0.05987292
MA-BA-57,Falmouth 5.7 N,41.628365,-70.623234,2025-01-31,0.0,0.0,0.0
MA-BA-57,Falmouth 5.7 N,41.628365,-70.623234,2025-02-01,0.73,1.0231593,0.9826854
MA-BA-57,Falmouth 5.7 N,41.628365,-70.623234,2025-02-02,0.04,0.051147826,0.033281833
MA-BA-57,Falmouth 5.7 N,41.628365,-70.623234,2025-02-03,0.2,0.1534609,0.10568854
MA-BA-57,Falmouth 5.7 N,41.628365,-70.623234,2025-02-09,0.57,0.69496936,0.6478274
MA-BA-57,Falmouth 5.7 N,41.628365,-70.623234,2025-02-10,0.0,0.029171927,0.11651822
MA-BA-57,Falmouth 5.7 N,41.628365,-70.623234,2025-02-11,0.0,0.0,0.0
MA-BA-57,Falmouth 5.7 N,41.628365,-70.623234,2025-02-12,0.02,0.041076344,0.0
MA-BA-57,Falmouth 5.7 N,41.628365,-70.623234,2025-02-13,0.2,0.09764508,0.060517076
MA-BA-57,Falmouth 5.7 N,41.628365,-70.623234,2025-02-14,0.06,0.22035721,0.3646091
MA-BA-57,Falmouth 5.7 N,41.628365,-70.623234,2025-02-15,0.0,0.0,0.0
MA-BA-57,Falmouth 5.7 N,41.628365,-70.623234,2025-02-16,0.7,0.44899467,0.26626098
MA-BA-57,Falmouth 5.7 N,41.628365,-70.623234,2025-02-17,1.13,0.9989333,1.3527035
MA-BA-57,Falmouth 5.7 N,41.628365,-70.623234,2025-02-18,0.0,0.005121541,0.00039335547
MA-BA-57,Falmouth 5.7 N,41.628365,-70.623234,2025-02-19,0.0,0.0,0.0
MA-BA-57,Falmouth 5.7 N,41.628365,-70.623234,2025-02-20,0.0,0.0,0.0
MA-BA-57,Falmouth 5.7 N,41.628365,-70.623234,2025-02-21,0.01,0.053052034,0.012772964
MA-BA-57,Falmouth 5.7 N,41.628365,-70.623234,2025-02-22,0.0,0.0,0.0
MA-BA-57,Falmouth 5.7 N,41.628365,-70.623234,2025-02-23,0.0,0.0,0.0
MA-BA-57,Falmouth 5.7 N,41.628365,-70.623234,2025-02-24,0.0,0.0,0.0
MA-BA-57,Falmouth 5.7 N,41.628365,-70.623234,2025-02-25,0.0,0.0,0.0
MA-BA-57,Falmouth 5.7 N,41.628365,-70.623234,2025-02-26,0.0,3.9335548e-05,0.0040212017
MA-BA-57,Falmouth 5.7 N,41.628365,-70.623234,2025-02-27,0.04,0.018086959,0.13945799
MA-BA-57,Falmouth 5.7 N,41.628365,-70.623234,2025-02-28,0.05,0.047420453,0.030797357
MA-BA-57,Falmouth 5.7 N,41.628365,-70.623234,2025-03-01,0.0,0.0,0.00066870434
MA-BA-57,Falmouth 5.7 N,41.628365,-70.623234,2025-03-02,0.0,7.8671095e-05,0.0
MA-BA-57,Falmouth 5.7 N,41.628365,-70.623234,2025-03-03,0.0,0.0,0.0
MA-BA-57,Falmouth 5.7 N,41.628365,-70.623234,2025-03-04,0.0,0.0,0.0
MA-BA-57,Falmouth 5.7 N,41.628365,-70.623234,2025-03-05,0.0,0.0,0.0
MA-BA-57,Falmouth 5.7 N,41.628365,-70.623234,2025-03-06,0.42,0.54142606,0.7280064
MA-BA-57,Falmouth 5.7 N,41.628365,-70.623234,2025-03-07,0.05,0.3841388,0.0799095
MA-BA-57,Falmouth 5.7 N,41.628365,-70.623234,2025-03-08,0.0,0.0,0.004948359
MA-BA-57,Falmouth 5.7 N,41.628365,-70.623234,2025-03-09,0.0,3.9335548e-05,0.0056347507
MA-BA-57,Falmouth 5.7 N,41.628365,-70.623234,2025-03-10,0.0,0.0,0.003980018
MA-BA-57,Falmouth 5.7 N,41.628365,-70.623234,2025-03-11,0.0,0.0,0.0
MA-BA-57,Falmouth 5.7 N,41.628365,-70.623234,2025-03-12,0.0,0.0,3.9335548e-05
MA-BA-57,Falmouth 5.7 N,41.628365,-70.623234,2025-03-13,0.0,0.0,0.0
MA-BA-57,Falmouth 5.7 N,41.628365,-70.623234,2025-03-14,0.0,0.01631818,0.012201147
MA-BA-57,Falmouth 5.7 N,41.628365,-70.623234,2025-03-15,0.0,0.0019261219,0.0037321248
MA-BA-57,Falmouth 5.7 N,41.628365,-70.623234,2025-03-16,0.0,0.011606362,0.008820138
MA-BA-57,Falmouth 5.7 N,41.628365,-70.623234,2025-03-17,0.31,0.0053945137,0.82656944
MA-BA-57,Falmouth 5.7 N,41.628365,-70.623234,2025-03-20,0.01,0.015897105,0.011691897
MA-BA-57,Falmouth 5.7 N,41.628365,-70.623234,2025-03-21,0.35,0.1462139,0.1534931
MA-BA-57,Falmouth 5.7 N,41.628365,-70.623234,2025-03-22,0.12,0.11922499,0.19552445
MA-BA-57,Falmouth 5.7 N,41.628365,-70.623234,2025-03-23,0.0,0.0,0.0010644357
MA-BA-57,Falmouth 5.7 N,41.628365,-70.623234,2025-03-24,0.0,0.0,0.0
MA-BA-57,Falmouth 5.7 N,41.628365,-70.623234,2025-03-25,0.51,0.62054914,0.4555109
MA-BA-57,Falmouth 5.7 N,41.628365,-70.623234,2025-03-26,0.0,0.017288633,0.08482539
MA-BA-57,Falmouth 5.7 N,41.628365,-70.623234,2025-03-27,0.0,0.19416235,0.14534616
MA-BA-57,Falmouth 5.7 N,41.628365,-70.623234,2025-03-28,0.0,0.00039282747,0.019097803
MA-BA-57,Falmouth 5.7 N,41.628365,-70.623234,2025-03-29,0.03,0.12248455,0.001649981
MA-BA-57,Falmouth 5.7 N,41.628365,-70.623234,2025-03-30,0.09,0.22114049,0.49010506
MA-BA-57,Falmouth 5.7 N,41.628365,-70.623234,2025-03-31,0.0,0.05219246,0.03498857
MA-BA-57,Falmouth 5.7 N,41.628365,-70.623234,2025-04-01,0.19,0.6998929,0.49608618
MA-BA-57,Falmouth 5.7 N,41.628365,-70.623234,2025-04-02,0.0,0.053475223,0.02973028
MA-BA-57,Falmouth 5.7 N,41.628365,-70.623234,2025-04-03,0.25,0.08103228,0.0889836
MA-BA-57,Falmouth 5.7 N,41.628365,-70.623234,2025-04-04,0.15,0.18415108,0.39157796
MA-BA-57,Falmouth 5.7 N,41.628365,-70.623234,2025-04-05,0.0,0.06758322,0.011554618
MA-BA-57,Falmouth 5.7 N,41.628365,-70.623234,2025-04-06,0.73,0.6659838,0.42694697
MA-BA-57,Falmouth 5.7 N,41.628365,-70.623234,2025-04-07,0.03,0.11211343,0.10930636
MA-BA-57,Falmouth 5.7 N,41.628365,-70.623234,2025-04-08,0.58,0.7446224,0.512624
MA-BA-57,Falmouth 5.7 N,41.628365,-70.623234,2025-04-09,0.03,0.05506765,0.026340296
MA-BA-57,Falmouth 5.7 N,41.628365,-70.623234,2025-04-10,0.0,0.0,0.0
MA-BA-57,Falmouth 5.7 N,41.628365,-70.623234,2025-04-11,0.05,0.087621644,0.010506287
MA-BA-57,Falmouth 5.7 N,41.628365,-70.623234,2025-04-12,0.33,0.11610005,0.081173785
MA-BA-57,Falmouth 5.7 N,41.628365,-70.623234,2025-04-13,0.18,0.50600135,0.54236376
MA-BA-57,Falmouth 5.7 N,41.628365,-70.623234,2025-04-14,0.55,0.4860543,0.505797
MA-BA-57,Falmouth 5.7 N,41.628365,-70.623234,2025-04-15,0.11,0.035836004,0.0071031023
MA-BA-57,Falmouth 5.7 N,41.628365,-70.623234,2025-04-16,0.03,0.04605163,0.06019685
MA-BA-57,Falmouth 5.7 N,41.628365,-70.623234,2025-04-17,0.0,0.0,0.0
MA-BA-57,Falmouth 5.7 N,41.628365,-70.623234,2025-04-18,0.0,0.0,0.0
MA-BA-57,Falmouth 5.7 N,41.628365,-70.623234,2025-04-19,0.0,0.004099345,0.0022835736
MA-BA-57,Falmouth 5.7 N,41.628365,-70.623234,2025-04-20,0.0,0.029500077,0.017329289
MA-BA-57,Falmouth 5.7 N,41.628365,-70.623234,2025-04-21,0.0,0.0,0.0
MA-BA-57,Falmouth 5.7 N,41.628365,-70.623234,2025-04-22,0.08,0.10257971,0.1267394
MA-BA-57,Falmouth 5.7 N,41.628365,-70.623234,2025-04-23,0.0,0.11170054,0.21361339
MA-BA-57,Falmouth 5.7 N,41.628365,-70.623234,2025-04-24,0.0,0.0,0.0
MA-BA-57,Falmouth 5.7 N,41.628365,-70.623234,2025-04-25,0.0,0.0,0.0
MA-BA-57,Falmouth 5.7 N,41.628365,-70.623234,2025-04-26,0.01,0.014722846,0.0
MA-BA-57,Falmouth 5.7 N,41.628365,-70.623234,2025-04-27,0.6,1.0001482,1.2116177
MA-BA-57,Falmouth 5.7 N,41.628365,-70.623234,2025-04-28,0.0,0.0017679876,3.9335548e-05
MA-BA-57,Falmouth 5.7 N,41.628365,-70.623234,2025-04-29,0.0,0.0,0.0
MA-BA-57,Falmouth 5.7 N,41.628365,-70.623234,2025-04-30,0.0,0.00011827063,0.0
MA-BA-57,Falmouth 5.7 N,41.628365,-70.623234,2025-05-01,0.0,0.0,0.00023654127
MA-BA-57,Falmouth 5.7 N,41.628365,-70.623234,2025-05-02,0.54,0.096779175,0.068439096
MA-BA-57,Falmouth 5.7 N,41.628365,-70.623234,2025-05-03,0.0,0.03222558,0.19923532
MA-BA-57,Falmouth 5.7 N,41.628365,-70.623234,2025-05-04,0.0,0.0002758768,0.0
MA-BA-57,Falmouth 5.7 N,41.628365,-70.623234,2025-05-05,0.14,0.0,0.48748624
MA-BA-57,Falmouth 5.7 N,41.628365,-70.623234,2025-05-06,0.01,0.20957953,0.2471455
MA-BA-57,Falmouth 5.7 N,41.628365,-70.623234,2025-05-07,0.06,0.5324441,0.33874795
MA-BA-57,Falmouth 5.7 N,41.628365,-70.623234,2025-05-08,0.0,0.0,0.019410376
MA-BA-57,Falmouth 5.7 N,41.628365,-70.623234,2025-05-09,0.0,0.0011784824,0.00055043364
MA-BA-57,Falmouth 5.7 N,41.628365,-70.623234,2025-05-10,1.29,1.260389,1.1865486
MA-BA-57,Falmouth 5.7 N,41.628365,-70.623234,2025-05-11,0.0,0.0037733086,0.0
MA-BA-57,Falmouth 5.7 N,41.628365,-70.623234,2025-05-12,0.0,0.0,0.0
MA-BA-57,Falmouth 5.7 N,41.628365,-70.623234,2025-05-13,0.0,0.0,0.0
MA-BA-57,Falmouth 5.7 N,41.628365,-70.623234,2025-05-14,0.0,3.9335548e-05,0.0
MA-BA-57,Falmouth 5.7 N,41.628365,-70.623234,2025-05-15,0.0,0.0031452598,0.0
MA-BA-57,Falmouth 5.7 N,41.628365,-70.623234,2025-05-16,0.0,0.9711434,0.022304311
MA-BA-57,Falmouth 5.7 N,41.628365,-70.623234,2025-05-17,0.0,0.0032643224,0.006957376
MA-BA-57,Falmouth 5.7 N,41.628365,-70.623234,2025-05-18,0.0,0.0008249905,0.008624516
MA-BA-57,Falmouth 5.7 N,41.628365,-70.623234,2025-05-19,0.0,0.00019641373,3.9335548e-05
MA-BA-57,Falmouth 5.7 N,41.628365,-70.623234,2025-05-20,0.0,0.0,0.0
MA-BA-57,Falmouth 5.7 N,41.628365,-70.623234,2025-05-21,0.0,0.00055148965,0.01862129
MA-BA-57,Falmouth 5.7 N,41.628365,-70.623234,2025-05-22,0.01,0.0117233135,0.1959066
MA-BA-57,Falmouth 5.7 N,41.628365,-70.623234,2025-05-23,4.66,2.0066638,2.7158992
MA-BA-57,Falmouth 5.7 N,41.628365,-70.623234,2025-05-24,0.0,0.017523326,0.06871418
MA-BA-57,Falmouth 5.7 N,41.628365,-70.623234,2025-05-25,0.03,0.08284409,0.0056769904
MA-BA-57,Falmouth 5.7 N,41.628365,-70.623234,2025-05-26,0.0,0.018778896,0.020826193
MA-BA-57,Falmouth 5.7 N,41.628365,-70.623234,2025-05-27,0.0,0.0,0.0
MA-BA-57,Falmouth 5.7 N,41.628365,-70.623234,2025-05-28,0.0,0.0,0.0
MA-BA-57,Falmouth 5.7 N,41.628365,-70.623234,2025-05-29,0.14,0.049479365,0.13754874
MA-BA-57,Falmouth 5.7 N,41.628365,-70.623234,2025-05-30,0.05,0.078224406,0.26721773
MA-BA-57,Falmouth 5.7 N,41.628365,-70.623234,2025-05-31,0.19,0.12238873,0.4494052
MA-BA-57,Falmouth 5.7 N,41.628365,-70.623234,2025-06-01,0.0,0.6054538,0.66373694
MA-BA-57,Falmouth 5.7 N,41.628365,-70.623234,2025-06-02,0.0,7.8671095e-05,3.9335548e-05
MA-BA-57,Falmouth 5.7 N,41.628365,-70.623234,2025-06-03,0.0,0.0,0.0
MA-BA-57,Falmouth 5.7 N,41.628365,-70.623234,2025-06-04,0.0,0.0,0.0
MA-BA-57,Falmouth 5.7 N,41.628365,-70.623234,2025-06-05,0.0,0.0,0.0
MA-BA-57,Falmouth 5.7 N,41.628365,-70.623234,2025-06-06,0.0,0.0,0.0
MA-BA-57,Falmouth 5.7 N,41.628365,-70.623234,2025-06-07,0.01,0.006685723,3.9335548e-05
MA-BA-57,Falmouth 5.7 N,41.628365,-70.623234,2025-06-08,0.21,0.12645058,0.11714258
MA-BA-57,Falmouth 5.7 N,41.628365,-70.623234,2025-06-09,0.0,7.8671095e-05,0.00027455683
MA-BA-57,Falmouth 5.7 N,41.628365,-70.623234,2025-06-10,0.09,0.009915989,0.046754915
MA-BA-57,Falmouth 5.7 N,41.628365,-70.623234,2025-06-11,0.71,0.07355008,0.092952274
MA-BA-57,Falmouth 5.7 N,41.628365,-70.623234,2025-06-12,0.0,0.0,0.0
MA-BA-57,Falmouth 5.7 N,41.628365,-70.623234,2025-06-13,0.0,0.00019694172,0.00011800665
MA-BA-57,Falmouth 5.7 N,41.628365,-70.623234,2025-06-14,0.0,0.051135153,0.011080745
MA-BA-57,Falmouth 5.7 N,41.628365,-70.623234,2025-06-15,0.17,0.22705138,0.10039329
MA-BA-57,Falmouth 5.7 N,41.628365,-70.623234,2025-06-16,0.0,0.00011827063,0.0006293687
MA-BA-57,Falmouth 5.7 N,41.628365,-70.623234,2025-06-17,0.0,0.11599366,0.050798822
MA-BA-57,Falmouth 5.7 N,41.628365,-70.623234,2025-06-18,0.0,0.008140346,0.007357595
MA-BA-57,Falmouth 5.7 N,41.628365,-70.623234,2025-06-19,0.0,0.0154691655,0.11190224
MA-BA-57,Falmouth 5.7 N,41.628365,-70.623234,2025-06-20,0.0,0.00011827063,0.0007476394
MA-BA-57,Falmouth 5.7 N,41.628365,-70.623234,2025-06-21,0.0,0.0,0.0
MA-BA-57,Falmouth 5.7 N,41.628365,-70.623234,2025-06-22,0.0,0.0,0.34516704
MA-BA-57,Falmouth 5.7 N,41.628365,-70.623234,2025-06-23,0.0,0.0126887495,0.0066400515
MA-BA-57,Falmouth 5.7 N,41.628365,-70.623234,2025-06-24,0.0,0.0,0.0
MA-BA-57,Falmouth 5.7 N,41.628365,-70.623234,2025-06-25,0.0,0.0,0.0
MA-BA-57,Falmouth 5.7 N,41.628365,-70.623234,2025-06-26,0.0,0.0,0.1867071
MA-BA-57,Falmouth 5.7 N,41.628365,-70.623234,2025-06-27,0.0,0.0025576025,0.45145723
MA-BA-57,Falmouth 5.7 N,41.628365,-70.623234,2025-06-28,0.0,0.008414111,0.06934461
MA-BA-57,Falmouth 5.7 N,41.628365,-70.623234,2025-06-29,0.01,0.0046431785,0.08605298
MA-BA-57,Falmouth 5.7 N,41.628365,-70.623234,2025-06-30,0.0,0.00047308253,0.0
MA-BA-57,Falmouth 5.7 N,41.628365,-70.623234,2025-07-01,0.0,0.0007090958,0.0
MA-BA-57,Falmouth 5.7 N,41.628365,-70.623234,2025-07-02,0.01,0.027846664,0.67892045
MA-BA-57,Falmouth 5.7 N,41.628365,-70.623234,2025-07-03,0.0,0.008379527,0.019368136
MA-BA-57,Falmouth 5.7 N,41.628365,-70.623234,2025-07-04,0.04,0.058510173,0.1562017
MA-BA-57,Falmouth 5.7 N,41.628365,-70.623234,2025-07-05,0.0,0.0,0.0
MA-BA-57,Falmouth 5.7 N,41.628365,-70.623234,2025-07-06,0.0,0.0,0.0
MA-BA-57,Falmouth 5.7 N,41.628365,-70.623234,2025-07-07,0.0,0.0017706276,0.0
MA-BA-57,Falmouth 5.7 N,41.628365,-70.623234,2025-07-08,0.15,0.056935694,0.1950816
MA-BA-57,Falmouth 5.7 N,41.628365,-70.623234,2025-07-09,0.48,0.4624155,0.8735619
MA-BA-57,Falmouth 5.7 N,41.628365,-70.623234,2025-07-10,0.19,0.0131613035,0.06279326
MA-BA-57,Falmouth 5.7 N,41.628365,-70.623234,2025-07-11,0.17,0.5619545,0.40941915
MA-BA-57,Falmouth 5.7 N,41.628365,-70.623234,2025-07-12,0.0,0.003932499,0.00011827063
MA-BA-57,Falmouth 5.7 N,41.628365,-70.623234,2025-07-13,0.0,0.0023654127,0.005031254
MA-BA-57,Falmouth 5.7 N,41.628365,-70.623234,2025-07-14,0.0,0.0,0.014942491
MA-BA-57,Falmouth 5.7 N,41.628365,-70.623234,2025-07-19,0.0,0.0,0.0
MA-BA-57,Falmouth 5.7 N,41.628365,-70.623234,2025-07-20,0.0,7.8671095e-05,0.0
MA-BA-57,Falmouth 5.7 N,41.628365,-70.623234,2025-07-21,0.08,0.057545528,0.10539709
MA-BA-57,Falmouth 5.7 N,41.628365,-70.623234,2025-07-22,0.0,0.0,0.0
MA-BA-57,Falmouth 5.7 N,41.628365,-70.623234,2025-07-23,0.0,0.0,0.0
MA-BA-57,Falmouth 5.7 N,41.628365,-70.623234,2025-07-24,0.0,0.0,0.0
MA-BA-57,Falmouth 5.7 N,41.628365,-70.623234,2025-07-25,0.0,0.0,0.0
MA-BA-57,Falmouth 5.7 N,41.628365,-70.623234,2025-07-26,0.04,0.0842087,0.028084524
MA-BA-57,Falmouth 5.7 N,41.628365,-70.623234,2025-07-27,0.0,0.0,0.0
MA-BA-57,Falmouth 5.7 N,41.628365,-70.623234,2025-07-28,0.01,7.8671095e-05,0.6750267
MA-BA-57,Falmouth 5.7 N,41.628365,-70.623234,2025-07-29,0.0,0.00011800665,0.0
MA-BA-57,Falmouth 5.7 N,41.628365,-70.623234,2025-07-30,0.0,0.0,0.0
MA-BA-57,Falmouth 5.7 N,41.628365,-70.623234,2025-07-31,0.0,0.0,3.9335548e-05
MA-BA-57,Falmouth 5.7 N,41.628365,-70.623234,2025-08-01,0.25,0.16236684,0.31340557
MA-BA-57,Falmouth 5.7 N,41.628365,-70.623234,2025-08-02,0.12,0.033293184,0.09164707
MA-BA-57,Falmouth 5.7 N,41.628365,-70.623234,2025-08-03,0.0,0.0,0.0
MA-BA-57,Falmouth 5.7 N,41.628365,-70.623234,2025-08-04,0.0,0.0,0.0
MA-BA-57,Falmouth 5.7 N,41.628365,-70.623234,2025-08-05,0.0,0.0,0.0
MA-BA-57,Falmouth 5.7 N,41.628365,-70.623234,2025-08-06,0.0,0.0,0.0
MA-BA-57,Falmouth 5.7 N,41.628365,-70.623234,2025-08-07,0.0,0.0,0.0
MA-BA-57,Falmouth 5.7 N,41.628365,-70.623234,2025-08-08,0.0,0.0,0.0
MA-BA-57,Falmouth 5.7 N,41.628365,-70.623234,2025-08-09,0.0,0.0,0.0
MA-BA-57,Falmouth 5.7 N,41.628365,-70.623234,2025-08-10,0.0,0.0,0.0
MA-BA-57,Falmouth 5.7 N,41.628365,-70.623234,2025-08-11,0.0,0.0,0.0
MA-BA-57,Falmouth 5.7 N,41.628365,-70.623234,2025-08-12,0.0,0.0,0.0
MA-BA-57,Falmouth 5.7 N,41.628365,-70.623234,2025-08-13,0.0,3.9335548e-05,0.00397553
MA-BA-57,Falmouth 5.7 N,41.628365,-70.623234,2025-08-14,0.0,0.0011795384,0.0027152086
MA-BA-57,Falmouth 5.7 N,41.628365,-70.623234,2025-08-15,0.0,0.0007880309,0.091781445
MA-BA-57,Falmouth 5.7 N,41.628365,-70.623234,2025-08-16,0.0,0.0,0.00082604645
MA-BA-57,Falmouth 5.7 N,41.628365,-70.623234,2025-08-17,0.0,3.9335548e-05,3.9335548e-05
MA-BA-57,Falmouth 5.7 N,41.628365,-70.623234,2025-08-18,0.0,0.040541485,0.04205366
MA-BA-57,Falmouth 5.7 N,41.628365,-70.623234,2025-08-19,0.0,0.0,0.0007877669
MA-BA-57,Falmouth 5.7 N,41.628365,-70.623234,2025-08-20,0.0,0.0,0.0
MA-BA-57,Falmouth 5.7 N,41.628365,-70.623234,2025-08-21,1.44,0.392253,1.4719478
MA-BA-57,Falmouth 5.7 N,41.628365,-70.623234,2025-08-22,0.0,0.0059895627,0.1127457
MA-BA-57,Falmouth 5.7 N,41.628365,-70.623234,2025-08-23,0.0,0.0,0.0
MA-BA-57,Falmouth 5.7 N,41.628365,-70.623234,2025-08-24,0.0,0.0,0.0
MA-BA-57,Falmouth 5.7 N,41.628365,-70.623234,2025-08-25,0.0,0.0,3.9335548e-05
MA-BA-57,Falmouth 5.7 N,41.628365,-70.623234,2025-08-26,0.02,0.020652218,0.0
MA-BA-57,Falmouth 5.7 N,41.628365,-70.623234,2025-08-27,0.0,0.0,0.0
MA-BA-57,Falmouth 5.7 N,41.628365,-70.623234,2025-08-28,0.0,0.0,0.0
MA-BA-57,Falmouth 5.7 N,41.628365,-70.623234,2025-08-29,0.0,0.0,0.0
MA-BA-57,Falmouth 5.7 N,41.628365,-70.623234,2025-08-30,0.36,0.57641125,0.027979454
MA-BA-57,Falmouth 5.7 N,41.628365,-70.623234,2025-08-31,0.0,0.0,0.0
MA-BA-57,Falmouth 5.7 N,41.628365,-70.623234,2025-09-01,0.0,0.0,0.0
MA-BA-57,Falmouth 5.7 N,41.628365,-70.623234,2025-09-02,0.0,0.0,0.00039282747
MA-BA-57,Falmouth 5.7 N,41.628365,-70.623234,2025-09-03,0.0,0.0,0.0
MA-BA-57,Falmouth 5.7 N,41.628365,-70.623234,2025-09-04,0.0,0.0,0.0
MA-BA-57,Falmouth 5.7 N,41.628365,-70.623234,2025-09-05,0.0,0.0,0.0
MA-BA-57,Falmouth 5.7 N,41.628365,-70.623234,2025-09-06,0.0,0.00039282747,0.0
MA-BA-57,Falmouth 5.7 N,41.628365,-70.623234,2025-09-07,0.03,0.048398033,0.003894483
MA-BA-57,Falmouth 5.7 N,41.628365,-70.623234,2025-09-08,0.83,0.25847203,1.113801
MA-BA-57,Falmouth 5.7 N,41.628365,-70.623234,2025-09-09,0.0,0.0,0.0
MA-BA-57,Falmouth 5.7 N,41.628365,-70.623234,2025-09-10,0.0,0.0016106454,0.14799036
MA-BA-57,Falmouth 5.7 N,41.628365,-70.623234,2025-09-11,0.0,0.0036605818,0.12176516
MA-BA-57,Falmouth 5.7 N,41.628365,-70.623234,2025-09-12,0.0,0.0,0.00011827063
MA-BA-57,Falmouth 5.7 N,41.628365,-70.623234,2025-09-13,0.0,0.0,0.0
MA-BA-57,Falmouth 5.7 N,41.628365,-70.623234,2025-09-14,0.0,0.0,0.018500907
MA-BA-57,Falmouth 5.7 N,41.628365,-70.623234,2025-09-15,0.0,0.0,0.00062884076
MA-BA-57,Falmouth 5.7 N,41.628365,-70.623234,2025-09-16,0.0,0.0,0.0
MA-BA-57,Falmouth 5.7 N,41.628365,-70.623234,2025-09-17,0.0,0.0,0.0
MA-BA-57,Falmouth 5.7 N,41.628365,-70.623234,2025-09-18,0.24,0.13478206,0.10847529
MA-BA-57,Falmouth 5.7 N,41.628365,-70.623234,2025-09-19,0.0,3.9335548e-05,0.00039282747
MA-BA-57,Falmouth 5.7 N,41.628365,-70.623234,2025-09-20,0.0,0.0,0.0
MA-BA-57,Falmouth 5.7 N,41.628365,-70.623234,2025-09-21,0.0,0.0,0.0
MA-BA-57,Falmouth 5.7 N,41.628365,-70.623234,2025-09-22,0.0,0.0,0.0
MA-BA-57,Falmouth 5.7 N,41.628365,-70.623234,2025-09-23,0.0,0.0,0.0
MA-BA-57,Falmouth 5.7 N,41.628365,-70.623234,2025-09-24,0.0,0.0,0.0
MA-BA-57,Falmouth 5.7 N,41.628365,-70.623234,2025-09-25,2.49,0.27448002,0.5133661
MA-BA-57,Falmouth 5.7 N,41.628365,-70.623234,2025-09-26,0.83,0.19746128,0.9784139
MA-BA-57,Falmouth 5.7 N,41.628365,-70.623234,2025-09-27,0.0,0.0,0.013420813
MA-BA-57,Falmouth 5.7 N,41.628365,-70.623234,2025-09-28,0.08,0.05353436,0.015552589
MA-BA-57,Falmouth 5.7 N,41.628365,-70.623234,2025-09-29,0.0,0.0011784824,0.0012220419
MA-BA-57,Falmouth 5.7 N,41.628365,-70.623234,2025-09-30,0.0,0.0,0.0
MA-BA-57,Falmouth 5.7 N,41.628365,-70.623234,2025-10-01,0.0,0.0,0.0
MA-BA-57,Falmouth 5.7 N,41.628365,-70.623234,2025-10-02,0.0,0.0,0.0
MA-BA-57,Falmouth 5.7 N,41.628365,-70.623234,2025-10-03,0.0,0.0,0.0
MA-BA-57,Falmouth 5.7 N,41.628365,-70.623234,2025-10-04,0.0,0.0,0.0
MA-BA-57,Falmouth 5.7 N,41.628365,-70.623234,2025-10-05,0.0,0.0,0.0
MA-BA-57,Falmouth 5.7 N,41.628365,-70.623234,2025-10-06,0.0,0.0,0.0
MA-BA-57,Falmouth 5.7 N,41.628365,-70.623234,2025-10-07,0.0,0.0,0.0
MA-BA-57,Falmouth 5.7 N,41.628365,-70.623234,2025-10-08,0.0,0.0,0.003548119
MA-BA-57,Falmouth 5.7 N,41.628365,-70.623234,2025-10-09,0.79,0.37680864,1.549282
MA-BA-57,Falmouth 5.7 N,41.628365,-70.623234,2025-10-10,0.0,0.0,0.0
MA-BA-57,Falmouth 5.7 N,41.628365,-70.623234,2025-10-11,0.0,0.000432163,0.0027497923
MA-BA-57,Falmouth 5.7 N,41.628365,-70.623234,2025-10-12,0.0,0.0,0.012398617
MA-BA-57,Falmouth 5.7 N,41.628365,-70.623234,2025-10-13,2.46,1.6991985,0.8266442
MA-BA-57,Falmouth 5.7 N,41.628365,-70.623234,2025-10-14,1.81,1.5579706,1.5647542
MA-BA-57,Falmouth 5.7 N,41.628365,-70.623234,2025-10-15,0.36,0.3042623,0.077338435
MA-BA-57,Falmouth 5.7 N,41.628365,-70.623234,2025-10-16,0.0,0.0,0.0
MA-BA-57,Falmouth 5.7 N,41.628365,-70.623234,2025-10-17,0.0,0.0014192476,0.062148843
MA-BA-57,Falmouth 5.7 N,41.628365,-70.623234,2025-10-18,0.0,0.0,0.0
MA-BA-57,Falmouth 5.7 N,41.628365,-70.623234,2025-10-19,0.0,0.0,0.0
MA-BA-57,Falmouth 5.7 N,41.628365,-70.623234,2025-10-20,0.0,7.8671095e-05,0.00039282747
MA-BA-57,Falmouth 5.7 N,41.628365,-70.623234,2025-10-21,0.83,0.72689134,0.4925465
MA-BA-57,Falmouth 5.7 N,41.628365,-70.623234,2025-10-22,0.0,0.0,0.007096238
MA-BA-57,Falmouth 5.7 N,41.628365,-70.623234,2025-10-23,0.02,0.012516887,0.063162066
MA-BA-57,Falmouth 5.7 N,41.628365,-70.623234,2025-10-24,0.0,0.0,0.0
MA-BA-57,Falmouth 5.7 N,41.628365,-70.623234,2025-10-25,0.0,0.0,0.0
MA-BA-57,Falmouth 5.7 N,41.628365,-70.623234,2025-10-26,0.0,0.0,0.0
MA-BA-57,Falmouth 5.7 N,41.628365,-70.623234,2025-10-27,0.0,0.0,0.00432955
MA-BA-57,Falmouth 5.7 N,41.628365,-70.623234,2025-10-28,0.02,0.024452455,0.057851236
MA-BA-57,Falmouth 5.7 N,41.628365,-70.623234,2025-10-29,0.02,0.0075875362,0.119703874
MA-BA-57,Falmouth 5.7 N,41.628365,-70.623234,2025-10-30,0.05,0.0058174366,0.056244023
MA-BA-57,Falmouth 5.7 N,41.628365,-70.623234,2025-10-31,2.07,1.3634284,2.217253
MA-BA-57,Falmouth 5.7 N,41.628365,-70.623234,2025-11-01,0.0,0.0,0.0088288495
MA-BA-57,Falmouth 5.7 N,41.628365,-70.623234,2025-11-02,0.0,0.0,0.0
MA-BA-57,Falmouth 5.7 N,41.628365,-70.623234,2025-11-03,0.0,0.0,0.0
MA-BA-57,Falmouth 5.7 N,41.628365,-70.623234,2025-11-04,0.35,0.10820496,0.6496268
MA-BA-57,Falmouth 5.7 N,41.628365,-70.623234,2025-11-05,0.0,0.0,0.0
MA-BA-57,Falmouth 5.7 N,41.628365,-70.623234,2025-11-06,0.01,3.9335548e-05,0.0
MA-BA-57,Falmouth 5.7 N,41.628365,-70.623234,2025-11-07,0.0,0.0,0.0
MA-BA-57,Falmouth 5.7 N,41.628365,-70.623234,2025-11-08,0.01,0.01819467,0.35045698
MA-BA-57,Falmouth 5.7 N,41.628365,-70.623234,2025-11-09,0.01,0.0313668,0.06392739
MA-BA-57,Falmouth 5.7 N,41.628365,-70.623234,2025-11-10,2.61,0.29509476,0.14084053
MA-BA-57,Falmouth 5.7 N,41.628365,-70.623234,2025-11-11,0.57,0.22797114,0.10168687
MA-BA-57,Falmouth 5.7 N,41.628365,-70.623234,2025-11-12,0.0,0.00047308253,0.0
MA-BA-57,Falmouth 5.7 N,41.628365,-70.623234,2025-11-13,0.0,0.0011827063,0.017171418
MA-BA-57,Falmouth 5.7 N,41.628365,-70.623234,2025-11-14,0.0,0.05003402,0.00039282747
MA-BA-57,Falmouth 5.7 N,41.628365,-70.623234,2025-11-15,0.0,0.0,0.0
MA-BA-57,Falmouth 5.7 N,41.628365,-70.623234,2025-11-16,0.72,0.58099604,0.47770062
MA-BA-57,Falmouth 5.7 N,41.628365,-70.623234,2025-11-17,0.0,3.9335548e-05,0.00031389238
MA-BA-57,Falmouth 5.7 N,41.628365,-70.623234,2025-11-18,0.0,0.0,0.0
MA-BA-57,Falmouth 5.7 N,41.628365,-70.623234,2025-11-19,0.0,0.0,0.0019303457
MA-BA-57,Falmouth 5.7 N,41.628365,-70.623234,2025-11-20,0.0,0.00011827063,0.11263298
MA-BA-57,Falmouth 5.7 N,41.628365,-70.623234,2025-11-21,0.0,0.0,0.0
MA-BA-57,Falmouth 5.7 N,41.628365,-70.623234,2025-11-22,0.01,0.0,0.00011800665
MA-BA-57,Falmouth 5.7 N,41.628365,-70.623234,2025-11-23,0.2,0.18620867,0.010503382
MA-BA-57,Falmouth 5.7 N,41.628365,-70.623234,2025-11-24,0.0,0.033949215,0.052871726
MA-BA-57,Falmouth 5.7 N,41.628365,-70.623234,2025-11-25,0.0,0.0,0.0
MA-BA-57,Falmouth 5.7 N,41.628365,-70.623234,2025-11-26,0.18,0.59266263,0.40608224
MA-BA-57,Falmouth 5.7 N,41.628365,-70.623234,2025-11-27,0.03,0.063684516,0.6989002
MA-BA-57,Falmouth 5.7 N,41.628365,-70.623234,2025-11-28,0.0,0.0,0.0
MA-BA-57,Falmouth 5.7 N,41.628365,-70.623234,2025-11-29,0.0,0.0,0.0003548119
MA-BA-57,Falmouth 5.7 N,41.628365,-70.623234,2025-11-30,0.0,0.0,0.0
MA-BA-57,Falmouth 5.7 N,41.628365,-70.623234,2025-12-01,0.2,0.28685698,0.2676718
MA-BA-57,Falmouth 5.7 N,41.628365,-70.623234,2025-12-02,0.0,0.0,0.0
MA-BA-57,Falmouth 5.7 N,41.628365,-70.623234,2025-12-03,1.06,0.950313,0.78202444
MA-BA-57,Falmouth 5.7 N,41.628365,-70.623234,2025-12-04,0.0,0.0011404669,0.0012558335
MA-BA-57,Falmouth 5.7 N,41.628365,-70.623234,2025-12-05,0.0,0.0,3.9335548e-05
MA-BA-57,Falmouth 5.7 N,41.628365,-70.623234,2025-12-06,0.0,0.0002360133,0.0043686214
MA-BA-57,Falmouth 5.7 N,41.628365,-70.623234,2025-12-07,0.0,0.008447902,0.19649822
MA-BA-57,Falmouth 5.7 N,41.628365,-70.623234,2025-12-08,0.0,0.0,7.8671095e-05
MA-BA-57,Falmouth 5.7 N,41.628365,-70.623234,2025-12-09,0.0,0.0,0.00039335547
MA-BA-57,Falmouth 5.7 N,41.628365,-70.623234,2025-12-10,0.03,0.011991798,0.005913532
MA-BA-57,Falmouth 5.7 N,41.628365,-70.623234,2025-12-12,0.0,0.0,0.0024836834
MA-BA-57,Falmouth 5.7 N,41.628365,-70.623234,2025-12-13,0.0,0.0,0.0
MA-BA-57,Falmouth 5.7 N,41.628365,-70.623234,2025-12-14,0.17,0.17108059,0.11225362
MA-BA-57,Falmouth 5.7 N,41.628365,-70.623234,2025-12-15,0.16,0.25946572,0.29762408
MA-BA-57,Falmouth 5.7 N,41.628365,-70.623234,2025-12-16,0.0,0.0,0.0
MA-BA-57,Falmouth 5.7 N,41.628365,-70.623234,2025-12-17,0.0,0.0,0.0
MA-BA-57,Falmouth 5.7 N,41.628365,-70.623234,2025-12-18,0.0,0.0,0.0
MA-BA-57,Falmouth 5.7 N,41.628365,-70.623234,2025-12-19,0.11,0.0079114605,0.012300147
MA-BA-57,Falmouth 5.7 N,41.628365,-70.623234,2025-12-20,0.3,0.29159203,0.4835181
MA-BA-57,Falmouth 5.7 N,41.628365,-70.623234,2025-12-21,0.0,0.0,0.0
MA-BA-57,Falmouth 5.7 N,41.628365,-70.623234,2025-12-22,0.0,0.0,0.0015755338
MA-BA-57,Falmouth 5.7 N,41.628365,-70.623234,2025-12-23,0.0,0.0,0.017656116
MA-BA-57,Falmouth 5.7 N,41.628365,-70.623234,2025-12-24,0.14,0.16112895,0.28030562
MA-BA-57,Falmouth 5.7 N,41.628365,-70.623234,2025-12-25,0.0,0.06726563,0.051803593
MA-BA-57,Falmouth 5.7 N,41.628365,-70.623234,2025-12-26,0.0,0.0,0.0011827063
MA-BA-57,Falmouth 5.7 N,41.628365,-70.623234,2025-12-27,0.24,0.19536039,0.10709617
MA-BA-57,Falmouth 5.7 N,41.628365,-70.623234,2025-12-28,0.01,0.013451437,0.03504401
MA-BA-57,Falmouth 5.7 N,41.628365,-70.623234,2025-12-29,0.3,0.23395015,0.5748993
MA-BA-57,Falmouth 5.7 N,41.628365,-70.623234,2025-12-30,0.22,0.30320367,0.70707256
MA-BA-57,Falmouth 5.7 N,41.628365,-70.623234,2025-12-31,0.0,0.0007096238,0.0
MA-BA-57,Falmouth 5.7 N,41.628365,-70.623234,2026-01-01,0.18,0.22412708,0.24326818
MA-BA-57,Falmouth 5.7 N,41.628365,-70.623234,2026-01-02,0.04,0.052989468,0.06355357
MA-BA-57,Falmouth 5.7 N,41.628365,-70.623234,2026-01-03,0.0,0.0,0.0
MA-BA-57,Falmouth 5.7 N,41.628365,-70.623234,2026-01-04,0.0,0.0,0.03669769
MA-BA-57,Falmouth 5.7 N,41.628365,-70.623234,2026-01-05,0.01,0.016764862,0.0082789445
MA-BA-57,Falmouth 5.7 N,41.628365,-70.623234,2026-01-06,0.04,0.009241478,0.18983282
MA-BA-57,Falmouth 5.7 N,41.628365,-70.623234,2026-01-07,0.04,0.024221456,0.048104472
MA-BA-57,Falmouth 5.7 N,41.628365,-70.623234,2026-01-08,0.02,0.07302367,0.0539916
MA-BA-57,Falmouth 5.7 N,41.628365,-70.623234,2026-01-09,0.0,0.0,0.0
MA-BA-57,Falmouth 5.7 N,41.628365,-70.623234,2026-01-10,0.05,0.012880147,0.05779474
MA-BA-57,Falmouth 5.7 N,41.628365,-70.623234,2026-01-11,0.86,1.4330317,0.21755725
MA-BA-57,Falmouth 5.7 N,41.628365,-70.623234,2026-01-12,0.0,0.0065320767,0.44433856
MA-BA-57,Falmouth 5.7 N,41.628365,-70.623234,2026-01-13,0.0,0.0,0.0
MA-BA-57,Falmouth 5.7 N,41.628365,-70.623234,2026-01-14,0.0,0.0,0.0
MA-BA-57,Falmouth 5.7 N,41.628365,-70.623234,2026-01-15,0.0,0.005664319,0.07788675
MA-BA-57,Falmouth 5.7 N,41.628365,-70.623234,2026-01-16,0.0,0.0069019366,0.03645481
MA-BA-57,Falmouth 5.7 N,41.628365,-70.623234,2026-01-17,0.0,0.0,0.010686597
MA-BA-57,Falmouth 5.7 N,41.628365,-70.623234,2026-01-18,0.0,0.0122156665,0.038403902
MA-BA-57,Falmouth 5.7 N,41.628365,-70.623234,2026-01-19,1.08,0.51187533,0.8987597
MA-BA-57,Falmouth 5.7 N,41.628365,-70.623234,2026-01-20,0.02,0.029746648,0.023394883
MA-BA-57,Falmouth 5.7 N,41.628365,-70.623234,2026-01-21,0.0,0.0,0.0
MA-BA-57,Falmouth 5.7 N,41.628365,-70.623234,2026-01-22,0.0,0.00094616506,0.00640483
MA-BA-57,Falmouth 5.7 N,41.628365,-70.623234,2026-01-23,0.0,0.0,0.0
MA-BA-57,Falmouth 5.7 N,41.628365,-70.623234,2026-01-24,0.0,0.0,0.0
MA-BA-57,Falmouth 5.7 N,41.628365,-70.623234,2026-01-25,0.0,0.0,0.0
MA-BA-57,Falmouth 5.7 N,41.628365,-70.623234,2026-01-26,1.69,1.4069453,1.3254533
MA-BA-57,Falmouth 5.7 N,41.628365,-70.623234,2026-01-27,0.17,0.15881766,0.15854575
MA-BA-57,Falmouth 5.7 N,41.628365,-70.623234,2026-01-28,0.0,0.00243854,0.0029559738
MA-BA-57,Falmouth 5.7 N,41.628365,-70.623234,2026-01-29,0.0,0.001221778,0.0
MA-BA-57,Falmouth 5.7 N,41.628365,-70.623234,2026-01-30,0.0,0.0,0.0
MA-BA-57,Falmouth 5.7 N,41.628365,-70.623234,2026-01-31,0.0,0.0,0.0
MA-BA-57,Falmouth 5.7 N,41.628365,-70.623234,2026-02-01,0.02,0.002517211,0.018821662
MA-BA-57,Falmouth 5.7 N,41.628365,-70.623234,2026-02-02,0.04,0.007993036,0.031428047
MA-BA-57,Falmouth 5.7 N,41.628365,-70.623234,2026-02-03,0.0,0.0,0.0
MA-BA-57,Falmouth 5.7 N,41.628365,-70.623234,2026-02-04,0.0,0.0,0.0045167236
MA-BA-57,Falmouth 5.7 N,41.628365,-70.623234,2026-02-05,0.0,0.0,0.00011827063
MA-BA-57,Falmouth 5.7 N,41.628365,-70.623234,2026-02-06,0.0,0.00047308253,0.0
MA-BA-57,Falmouth 5.7 N,41.628365,-70.623234,2026-02-07,0.02,0.009348132,0.0026719132
MA-BA-57,Falmouth 5.7 N,41.628365,-70.623234,2026-02-08,0.15,0.10613125,0.4295476
MA-BA-57,Falmouth 5.7 N,41.628365,-70.623234,2026-02-09,0.0,7.8671095e-05,0.00011800665
MA-BA-57,Falmouth 5.7 N,41.628365,-70.623234,2026-02-10,0.0,0.0,0.0
MA-BA-57,Falmouth 5.7 N,41.628365,-70.623234,2026-02-11,0.16,0.28705314,0.18599114
MA-BA-57,Falmouth 5.7 N,41.628365,-70.623234,2026-02-12,0.0,0.0,0.00023627728
MA-BA-57,Falmouth 5.7 N,41.628365,-70.623234,2026-02-13,0.0,0.0,0.0014187197
MA-BA-57,Falmouth 5.7 N,41.628365,-70.623234,2026-02-14,0.0,0.0,0.0
MA-BA-57,Falmouth 5.7 N,41.628365,-70.623234,2026-02-15,0.0,0.0,0.0036938456
MA-BA-57,Falmouth 5.7 N,41.628365,-70.623234,2026-02-16,0.0,0.0,0.0
MA-BA-57,Falmouth 5.7 N,41.628365,-70.623234,2026-02-17,0.0,0.0,0.0
MA-BA-57,Falmouth 5.7 N,41.628365,-70.623234,2026-02-18,0.0,0.00019694172,0.0049665747
MA-BA-57,Falmouth 5.7 N,41.628365,-70.623234,2026-02-19,0.21,0.22986743,0.4241325
MA-BA-57,Falmouth 5.7 N,41.628365,-70.623234,2026-02-20,0.0,0.0,0.0
MA-BA-57,Falmouth 5.7 N,41.628365,-70.623234,2026-02-21,0.63,0.3967906,0.60157937
MA-BA-57,Falmouth 5.7 N,41.628365,-70.623234,2026-02-22,0.02,0.016553665,0.054629683
MA-BA-57,Falmouth 5.7 N,41.628365,-70.623234,2026-02-23,1.01,0.86877596,0.8845965
MA-BA-57,Falmouth 5.7 N,41.628365,-70.623234,2026-02-24,2.76,1.3960043,1.7702495
MA-BA-57,Falmouth 5.7 N,41.628365,-70.623234,2026-02-25,,0.0,0.005114413
MA-BA-57,Falmouth 5.7 N,41.628365,-70.623234,2026-02-26,0.05,0.06665789,0.2143145
MA-BA-57,Falmouth 5.7 N,41.628365,-70.623234,2026-02-27,0.0,0.0,0.0
MA-BA-57,Falmouth 5.7 N,41.628365,-70.623234,2026-02-28,0.0,0.0,0.0
MA-BA-57,Falmouth 5.7 N,41.628365,-70.623234,2026-03-01,0.0,0.0,3.9335548e-05
MA-BA-57,Falmouth 5.7 N,41.628365,-70.623234,2026-03-02,0.02,0.036782168,0.051437166
MA-BA-57,Falmouth 5.7 N,41.628365,-70.623234,2026-03-03,0.0,0.0,0.0
MA-BA-57,Falmouth 5.7 N,41.628365,-70.623234,2026-03-04,0.77,0.65409255,0.38595933
MA-BA-57,Falmouth 5.7 N,41.628365,-70.623234,2026-03-05,0.0,0.0061556166,7.8671095e-05
MA-BA-57,Falmouth 5.7 N,41.628365,-70.623234,2026-03-06,1.2,0.95451796,0.58147967
MA-BA-57,Falmouth 5.7 N,41.628365,-70.623234,2026-03-07,0.09,0.062903084,0.1614022
MA-BA-57,Falmouth 5.7 N,41.628365,-70.623234,2026-03-08,0.03,0.046058495,0.17163736
MA-BA-57,Falmouth 5.7 N,41.628365,-70.623234,2026-03-09,0.03,0.02481941,0.055114117
MA-BA-57,Falmouth 5.7 N,41.628365,-70.623234,2026-03-10,0.01,0.000432691,3.9335548e-05
MA-BA-57,Falmouth 5.7 N,41.628365,-70.623234,2026-03-11,0.0,0.0,0.00039361947
MA-BA-57,Falmouth 5.7 N,41.628365,-70.623234,2026-03-12,0.02,0.10319773,0.15522942
MA-BA-57,Falmouth 5.7 N,41.628365,-70.623234,2026-03-13,0.04,0.22165237,0.1406193
MA-BA-57,Falmouth 5.7 N,41.628365,-70.623234,2026-03-14,0.0,0.06774056,0.11440467
MA-BA-57,Falmouth 5.7 N,41.628365,-70.623234,2026-03-15,0.0,0.0,0.0
MA-BA-57,Falmouth 5.7 N,41.628365,-70.623234,2026-03-16,0.08,0.003576103,0.30785266
MA-BA-57,Falmouth 5.7 N,41.628365,-70.623234,2026-03-17,0.96,1.2082639,1.198318
MA-BA-57,Falmouth 5.7 N,41.628365,-70.623234,2026-03-18,0.0,0.008549277,0.0021267594
MA-BA-57,Falmouth 5.7 N,41.628365,-70.623234,2026-03-19,0.0,0.0,0.0
MA-BA-57,Falmouth 5.7 N,41.628365,-70.623234,2026-03-20,0.0,0.0,0.0
MA-BA-57,Falmouth 5.7 N,41.628365,-70.623234,2026-03-21,0.21,0.19704442,0.1618787
MA-BA-57,Falmouth 5.7 N,41.628365,-70.623234,2026-03-22,0.0,0.0017740595,8.655801e-05
MA-BA-57,Falmouth 5.7 N,41.628365,-70.623234,2026-03-23,1.34,0.72932565,0.6474262
MA-BA-57,Falmouth 5.7 N,41.628365,-70.623234,2026-03-24,0.47,0.7671097,0.17102303
MA-BA-57,Falmouth 5.7 N,41.628365,-70.623234,2026-03-25,0.0,0.0010644357,0.00015734219
MA-BA-57,Falmouth 5.7 N,41.628365,-70.623234,2026-03-26,0.0,0.0,0.003033853
MA-BA-57,Falmouth 5.7 N,41.628365,-70.623234,2026-03-27,0.11,0.15713759,0.26973307
MA-BA-57,Falmouth 5.7 N,41.628365,-70.623234,2026-03-28,0.0,0.01323892,0.12139742
MA-BA-57,Falmouth 5.7 N,41.628365,-70.623234,2026-03-29,0.0,0.00011800665,0.033754915
MA-BA-57,Falmouth 5.7 N,41.628365,-70.623234,2026-03-30,0.0,0.0,0.0
MA-BA-57,Falmouth 5.7 N,41.628365,-70.623234,2026-03-31,0.0,0.00011827063,0.00015734219
MA-BA-57,Falmouth 5.7 N,41.628365,-70.623234,2026-04-01,0.19,0.28131834,0.048173897
MA-BA-57,Falmouth 5.7 N,41.628365,-70.623234,2026-04-02,0.72,0.35549617,0.19363359
MA-BA-57,Falmouth 5.7 N,41.628365,-70.623234,2026-04-03,0.22,0.42784745,0.4384176
MA-BA-57,Falmouth 5.7 N,41.628365,-70.623234,2026-04-04,0.01,0.030788908,0.009779504
MA-BA-57,Falmouth 5.7 N,41.628365,-70.623234,2026-04-05,0.01,0.07054738,0.009765775
MA-BA-57,Falmouth 5.7 N,41.628365,-70.623234,2026-04-06,0.14,0.38140643,0.40396523
MA-BA-57,Falmouth 5.7 N,41.628365,-70.623234,2026-04-07,0.0,0.00078565493,0.042315543
MA-BA-57,Falmouth 5.7 N,41.628365,-70.623234,2026-04-08,0.05,0.106802605,0.2611289
MA-BA-57,Falmouth 5.7 N,41.628365,-70.623234,2026-04-09,0.0,0.0,3.9335548e-05
MA-BA-57,Falmouth 5.7 N,41.628365,-70.623234,2026-04-10,0.0,0.0,0.00047123458
MA-BA-57,Falmouth 5.7 N,41.628365,-70.623234,2026-04-11,0.0,0.002511667,0.001651565
MA-BA-57,Falmouth 5.7 N,41.628365,-70.623234,2026-04-12,0.0,0.0,0.0
MA-BA-57,Falmouth 5.7 N,41.628365,-70.623234,2026-04-13,0.02,0.011584186,0.007248036
MA-BA-57,Falmouth 5.7 N,41.628365,-70.623234,2026-04-14,0.0,0.0020496724,0.03635842
MA-BA-57,Falmouth 5.7 N,41.628365,-70.623234,2026-04-15,0.0,0.0074674175,0.0012951691
MA-BA-57,Falmouth 5.7 N,41.628365,-70.623234,2026-04-16,0.19,0.24879047,0.14319459
MA-BA-57,Falmouth 5.7 N,41.628365,-70.623234,2026-04-17,0.0,0.05058604,0.01156201
MA-BA-57,Falmouth 5.7 N,41.628365,-70.623234,2026-04-18,0.02,0.0016914285,0.07998606
MA-BA-57,Falmouth 5.7 N,41.628365,-70.623234,2026-04-19,0.02,0.009957437,0.00715247
MA-BA-57,Falmouth 5.7 N,41.628365,-70.623234,2026-04-20,0.13,0.08534678,0.18733357
MA-BA-57,Falmouth 5.7 N,41.628365,-70.623234,2026-04-21,0.2,0.13882385,0.15923372
MA-BA-57,Falmouth 5.7 N,41.628365,-70.623234,2026-04-22,0.0,0.0,0.0054235533
MA-BA-57,Falmouth 5.7 N,41.628365,-70.623234,2026-04-23,0.01,0.0032986419,0.020159863
MA-BA-57,Falmouth 5.7 N,41.628365,-70.623234,2026-04-24,0.0,0.0,0.0
MA-BA-57,Falmouth 5.7 N,41.628365,-70.623234,2026-04-25,0.0,0.0,0.0
MA-BA-57,Falmouth 5.7 N,41.628365,-70.623234,2026-04-26,0.04,0.0,0.0019683612
MA-BA-57,Falmouth 5.7 N,41.628365,-70.623234,2026-04-27,0.0,0.0103090815,0.111641146
MA-BA-57,Falmouth 5.7 N,41.628365,-70.623234,2026-04-28,0.0,0.0,0.023789294
MA-BA-57,Falmouth 5.7 N,41.628365,-70.623234,2026-04-29,0.0,0.0,0.00023627726
MA-BA-57,Falmouth 5.7 N,41.628365,-70.623234,2026-04-30,0.02,0.037494432,0.0
MA-BA-57,Falmouth 5.7 N,41.628365,-70.623234,2026-05-01,0.06,0.03517601,0.09182685
MA-BA-57,Falmouth 5.7 N,41.628365,-70.623234,2026-05-02,0.0,0.0,0.0
MA-BA-57,Falmouth 5.7 N,41.628365,-70.623234,2026-05-03,0.57,0.37667507,0.9620915
MA-BA-57,Falmouth 5.7 N,41.628365,-70.623234,2026-05-04,0.0,0.006618932,0.13300377
MA-BA-57,Falmouth 5.7 N,41.628365,-70.623234,2026-05-05,0.0,0.0,0.0
MA-BA-57,Falmouth 5.7 N,41.628365,-70.623234,2026-05-06,0.0,0.0,0.0
MA-BA-57,Falmouth 5.7 N,41.628365,-70.623234,2026-05-07,0.63,0.19038193,0.29174832
MA-BA-57,Falmouth 5.7 N,41.628365,-70.623234,2026-05-08,0.06,0.13439979,0.04700413
MA-BA-57,Falmouth 5.7 N,41.628365,-70.623234,2026-05-09,0.0,0.0042910064,0.06222725
MA-BA-57,Falmouth 5.7 N,41.628365,-70.623234,2026-05-10,0.18,0.54711705,0.27798644
MA-BA-57,Falmouth 5.7 N,41.628365,-70.623234,2026-05-11,0.28,0.052689567,0.006921472
MA-BA-57,Falmouth 5.7 N,41.628365,-70.623234,2026-05-12,0.01,0.011835512,0.032009102
MA-BA-57,Falmouth 5.7 N,41.628365,-70.623234,2026-05-13,0.0,0.0,0.0
MA-BA-57,Falmouth 5.7 N,41.628365,-70.623234,2026-05-14,0.0,0.0066907387,0.0
MA-BA-57,Falmouth 5.7 N,41.628365,-70.623234,2026-05-15,0.09,1.1467214,0.52395713
MA-BA-57,Falmouth 5.7 N,41.628365,-70.623234,2026-05-16,0.0,7.8671095e-05,0.036666535
MA-BA-57,Falmouth 5.7 N,41.628365,-70.623234,2026-05-17,0.0,0.038775872,0.010872451
MA-BA-57,Falmouth 5.7 N,41.628365,-70.623234,2026-05-18,0.0,0.038116936,0.0069666156
MA-BA-57,Falmouth 5.7 N,41.628365,-70.623234,2026-05-19,0.0,0.0014160797,0.0027497923
MA-BA-57,Falmouth 5.7 N,41.628365,-70.623234,2026-05-20,0.0,0.0,0.0
MA-BA-57,Falmouth 5.7 N,41.628365,-70.623234,2026-05-21,0.08,0.0019641374,0.42444214
MA-BA-57,Falmouth 5.7 N,41.628365,-70.623234,2026-05-22,0.0,0.0035058795,0.00090392557
MA-BA-57,Falmouth 5.7 N,41.628365,-70.623234,2026-05-23,0.0,0.0,0.0
MA-BA-57,Falmouth 5.7 N,41.628365,-70.623234,2026-05-24,0.05,0.1625263,0.02360344
MA-BA-57,Falmouth 5.7 N,41.628365,-70.623234,2026-05-25,0.73,0.56114346,0.4280341
MA-BA-57,Falmouth 5.7 N,41.628365,-70.623234,2026-05-26,0.08,0.031632908,0.09574562
MA-BA-57,Falmouth 5.7 N,41.628365,-70.623234,2026-05-27,0.0,0.0,7.8671095e-05
MA-BA-57,Falmouth 5.7 N,41.628365,-70.623234,2026-05-28,0.0,0.0066907387,0.0
MA-BA-57,Falmouth 5.7 N,41.628365,-70.623234,2026-05-29,0.12,0.048837326,0.2670295
MA-BA-57,Falmouth 5.7 N,41.628365,-70.623234,2026-05-30,0.31,0.15908244,0.108272545
MA-BA-57,Falmouth 5.7 N,41.628365,-70.623234,2026-05-31,0.35,0.46044448,0.34624758
MA-BA-57,Falmouth 5.7 N,41.628365,-70.623234,2026-06-01,0.17,0.12104577,0.032064542
MA-BA-57,Falmouth 5.7 N,41.628365,-70.623234,2026-06-02,0.0,0.0,0.0
MA-BA-57,Falmouth 5.7 N,41.628365,-70.623234,2026-06-03,0.0,0.0039367224,0.00051109813
MA-BA-57,Falmouth 5.7 N,41.628365,-70.623234,2026-06-04,0.0,0.0,0.0
MA-BA-57,Falmouth 5.7 N,41.628365,-70.623234,2026-06-05,0.0,0.0,0.0
MA-BA-57,Falmouth 5.7 N,41.628365,-70.623234,2026-06-06,0.0,0.0,0.0
MA-BA-57,Falmouth 5.7 N,41.628365,-70.623234,2026-06-07,0.03,0.33204746,0.04991021
MA-BA-57,Falmouth 5.7 N,41.628365,-70.623234,2026-06-08,0.0,0.17163181,0.18159612
MA-BA-57,Falmouth 5.7 N,41.628365,-70.623234,2026-06-09,0.0,0.0,0.0
MA-BA-57,Falmouth 5.7 N,41.628365,-70.623234,2026-06-10,0.0,0.0,0.0
MA-BA-57,Falmouth 5.7 N,41.628365,-70.623234,2026-06-11,0.2,0.06451584,0.0035800627
MA-BA-57,Falmouth 5.7 N,41.628365,-70.623234,2026-06-12,0.05,2.3964446,0.0005110981
MA-BA-57,Falmouth 5.7 N,41.628365,-70.623234,2026-06-13,0.0,0.0019641374,3.9335548e-05
MA-BA-57,Falmouth 5.7 N,41.628365,-70.623234,2026-06-14,0.0,0.0,0.0
MA-BA-57,Falmouth 5.7 N,41.628365,-70.623234,2026-06-15,0.07,0.124488294,0.21434863
MA-BA-57,Falmouth 5.7 N,41.628365,-70.623234,2026-06-16,0.0,0.03946966,0.015874928
MA-BA-57,Falmouth 5.7 N,41.628365,-70.623234,2026-06-17,0.0,0.0,0.0
MA-BA-57,Falmouth 5.7 N,41.628365,-70.623234,2026-06-18,0.0,0.0,0.0
MA-BA-57,Falmouth 5.7 N,41.628365,-70.623234,2026-06-19,0.0,0.0002756128,0.058851782
MA-BA-57,Falmouth 5.7 N,41.628365,-70.623234,2026-06-20,0.0,0.0,0.0
MA-BA-57,Falmouth 5.7 N,41.628365,-70.623234,2026-06-21,0.0,0.012271898,0.010610566
MA-BA-57,Falmouth 5.7 N,41.628365,-70.623234,2026-06-22,0.0,0.0,0.0
MA-BA-57,Falmouth 5.7 N,41.628365,-70.623234,2026-06-23,0.86,0.11296007,0.06985254
MA-BA-57,Falmouth 5.7 N,41.628365,-70.623234,2026-06-24,1.01,1.0588847,0.8913065
MA-BA-57,Falmouth 5.7 N,41.628365,-70.623234,2026-06-25,0.0,0.0,0.00011827063
MA-BA-57,Falmouth 5.7 N,41.628365,-70.623234,2026-06-26,0.0,0.0,0.0
MA-BA-57,Falmouth 5.7 N,41.628365,-70.623234,2026-06-27,0.0,0.01162273,0.018296309
MA-BA-57,Falmouth 5.7 N,41.628365,-70.623234,2026-06-28,0.01,0.011620354,0.25763252
MA-BA-57,Falmouth 5.7 N,41.628365,-70.623234,2026-06-29,0.0,0.00039282747,3.9335548e-05
MA-BA-57,Falmouth 5.7 N,41.628365,-70.623234,2026-06-30,0.0,0.00023601328,0.00031468438
MA-BA-57,Falmouth 5.7 N,41.628365,-70.623234,2026-07-01,0.0,0.0012558335,0.00949597
MA-BA-57,Falmouth 5.7 N,41.628365,-70.623234,2026-07-02,0.0,7.8671095e-05,0.050360586
MA-BA-57,Falmouth 5.7 N,41.628365,-70.623234,2026-07-03,0.0,3.9335548e-05,0.001813131
MA-BA-57,Falmouth 5.7 N,41.628365,-70.623234,2026-07-04,0.0,0.0,0.09956117
MA-BA-57,Falmouth 5.7 N,41.628365,-70.623234,2026-07-05,0.37,0.16760638,0.0022041106
MA-BA-57,Falmouth 5.7 N,41.628365,-70.623234,2026-07-06,0.31,0.009730663,0.052957
MA-BA-57,Falmouth 5.7 N,41.628365,-70.623234,2026-07-07,1.07,1.7534678,1.1488329
MA-BA-57,Falmouth 5.7 N,41.628365,-70.623234,2026-07-08,3.35,1.2706292,2.4288733
MA-BA-57,Falmouth 5.7 N,41.628365,-70.623234,2026-07-09,0.0,0.0,0.015852489
MA-BA-57,Falmouth 5.7 N,41.628365,-70.623234,2026-07-10,0.0,0.0,0.0015314464
MA-BA-57,Falmouth 5.7 N,41.628365,-70.623234,2026-07-11,0.09,0.42171928,0.06920231
MA-BA-57,Falmouth 5.7 N,41.628365,-70.623234,2026-07-12,0.0,0.0,0.0
MA-BA-57,Falmouth 5.7 N,41.628365,-70.623234,2026-07-13,0.0,0.0,0.0
MA-BA-57,Falmouth 5.7 N,41.628365,-70.623234,2026-07-14,0.0,0.0,0.17578396
MA-BA-57,Falmouth 5.7 N,41.628365,-70.623234,2026-07-15,0.0,0.0,0.0
MA-BA-57,Falmouth 5.7 N,41.628365,-70.623234,2026-07-16,0.0,0.0,0.0
MA-BA-57,Falmouth 5.7 N,41.628365,-70.623234,2026-07-17,0.0,0.0,0.0
MA-BA-57,Falmouth 5.7 N,41.628365,-70.623234,2026-07-18,0.0,0.0,0.0
MA-BA-57,Falmouth 5.7 N,41.628365,-70.623234,2026-07-19,1.82,1.3638498,1.0103438
MA-BA-57,Falmouth 5.7 N,41.628365,-70.623234,2026-07-20,0.0,0.0,0.0
MA-BA-57,Falmouth 5.7 N,41.628365,-70.623234,2026-07-21,0.0,0.0,0.0
MA-BA-57,Falmouth 5.7 N,41.628365,-70.623234,2026-07-22,2.01,0.7537557,0.8692723
MA-BA-57,Falmouth 5.7 N,41.628365,-70.623234,2026-07-23,0.0,0.027920317,0.74332803
MA-BA-57,Falmouth 5.7 N,41.628365,-70.623234,2026-07-24,0.0,0.003733973,0.0015713099
MA-BA-57,Falmouth 5.7 N,41.628365,-70.623234,2026-07-25,0.0,0.0,0.0
MA-BA-57,Falmouth 5.7 N,41.628365,-70.623234,2026-07-26,0.0,0.0,0.0
MA-BA-57,Falmouth 5.7 N,41.628365,-70.623234,2026-07-27,0.0,0.00011827063,0.00039282747
MA-BA-57,Falmouth 5.7 N,41.628365,-70.623234,2026-07-28,0.0,0.0,0.0
MA-BA-57,Falmouth 5.7 N,41.628365,-70.623234,2026-07-29,0.0,0.00039282747,0.0018923301
MA-BA-57,Falmouth 5.7 N,41.628365,-70.623234,2026-07-30,0.51,1.2921555,0.9302746
MA-BA-57,Falmouth 5.7 N,41.628365,-70.623234,2026-07-31,0.38,0.013577099,0.40227857
MA-BA-57,Falmouth 5.7 N,41.628365,-70.623234,2026-08-01,0.0,0.0,0.0025935061
MA-BA-57,Falmouth 5.7 N,41.628365,-70.623234,2026-08-02,0.0,0.0,0.0
MA-BA-57,Falmouth 5.7 N,41.628365,-70.623234,2026-08-03,0.01,0.18112092,0.05459035
MA-BA-87,Falmouth 1.5 NNW,41.566667,-70.615556,2025-01-01,0.54,0.14594597,1.339864
MA-BA-87,Falmouth 1.5 NNW,41.566667,-70.615556,2025-01-02,0.17,0.38496512,0.13697113
MA-BA-87,Falmouth 1.5 NNW,41.566667,-70.615556,2025-01-03,0.0,0.0007088318,0.0
MA-BA-87,Falmouth 1.5 NNW,41.566667,-70.615556,2025-01-04,0.0,0.0,0.0
MA-BA-87,Falmouth 1.5 NNW,41.566667,-70.615556,2025-01-05,0.0,0.0,0.0
MA-BA-87,Falmouth 1.5 NNW,41.566667,-70.615556,2025-01-06,0.0,0.0,0.0
MA-BA-87,Falmouth 1.5 NNW,41.566667,-70.615556,2025-01-07,0.0,7.8671095e-05,0.00015734219
MA-BA-87,Falmouth 1.5 NNW,41.566667,-70.615556,2025-01-08,0.0,0.0,0.0
MA-BA-87,Falmouth 1.5 NNW,41.566667,-70.615556,2025-01-09,0.0,0.0,0.0
MA-BA-87,Falmouth 1.5 NNW,41.566667,-70.615556,2025-01-10,0.0,0.00086723,0.005552384
MA-BA-87,Falmouth 1.5 NNW,41.566667,-70.615556,2025-01-11,0.0,0.0015713099,0.00023654127
MA-BA-87,Falmouth 1.5 NNW,41.566667,-70.615556,2025-01-12,0.04,0.1461637,0.12161361
MA-BA-87,Falmouth 1.5 NNW,41.566667,-70.615556,2025-01-13,0.0,0.0,0.0
MA-BA-87,Falmouth 1.5 NNW,41.566667,-70.615556,2025-01-14,0.0,0.00039282747,0.0012980731
MA-BA-87,Falmouth 1.5 NNW,41.566667,-70.615556,2025-01-15,0.0,0.0,0.0
MA-BA-87,Falmouth 1.5 NNW,41.566667,-70.615556,2025-01-16,0.0,0.0,0.0
MA-BA-87,Falmouth 1.5 NNW,41.566667,-70.615556,2025-01-17,0.01,0.033231147,0.100276604
MA-BA-87,Falmouth 1.5 NNW,41.566667,-70.615556,2025-01-18,0.0,0.0,3.9335548e-05
MA-BA-87,Falmouth 1.5 NNW,41.566667,-70.615556,2025-01-19,0.45,0.3339733,0.17679718
MA-BA-87,Falmouth 1.5 NNW,41.566667,-70.615556,2025-01-20,0.41,0.40467697,0.41136402
MA-BA-87,Falmouth 1.5 NNW,41.566667,-70.615556,2025-01-21,0.0,0.006048698,0.003114372
MA-BA-87,Falmouth 1.5 NNW,41.566667,-70.615556,2025-01-22,0.04,0.00078697497,0.0
MA-BA-87,Falmouth 1.5 NNW,41.566667,-70.615556,2025-01-23,0.0,0.0,0.003469184
MA-BA-87,Falmouth 1.5 NNW,41.566667,-70.615556,2025-01-24,0.0,0.0,0.0038168677
MA-BA-87,Falmouth 1.5 NNW,41.566667,-70.615556,2025-01-25,0.0,0.0,0.0
MA-BA-87,Falmouth 1.5 NNW,41.566667,-70.615556,2025-01-26,0.0,0.0,0.008616861
MA-BA-87,Falmouth 1.5 NNW,41.566667,-70.615556,2025-01-27,0.0,0.0,0.010880899
MA-BA-87,Falmouth 1.5 NNW,41.566667,-70.615556,2025-01-28,0.0,0.0,0.0
MA-BA-87,Falmouth 1.5 NNW,41.566667,-70.615556,2025-01-29,0.0,0.0,0.07362479
MA-BA-87,Falmouth 1.5 NNW,41.566667,-70.615556,2025-01-30,0.0,0.013904983,0.038795408
MA-BA-87,Falmouth 1.5 NNW,41.566667,-70.615556,2025-01-31,0.0,0.0,0.0
MA-BA-87,Falmouth 1.5 NNW,41.566667,-70.615556,2025-02-01,0.63,1.1389124,0.98166317
MA-BA-87,Falmouth 1.5 NNW,41.566667,-70.615556,2025-02-02,0.05,0.046127662,0.02975325
MA-BA-87,Falmouth 1.5 NNW,41.566667,-70.615556,2025-02-03,0.14,0.15426108,0.09947088
MA-BA-87,Falmouth 1.5 NNW,41.566667,-70.615556,2025-02-04,0.0,0.00015760618,0.0
MA-BA-87,Falmouth 1.5 NNW,41.566667,-70.615556,2025-02-05,0.0,0.0,0.0
MA-BA-87,Falmouth 1.5 NNW,41.566667,-70.615556,2025-02-06,0.0,0.0,0.0
MA-BA-87,Falmouth 1.5 NNW,41.566667,-70.615556,2025-02-07,0.18,0.3679117,0.3055944
MA-BA-87,Falmouth 1.5 NNW,41.566667,-70.615556,2025-02-08,0.0,0.0,0.0
MA-BA-87,Falmouth 1.5 NNW,41.566667,-70.615556,2025-02-09,0.56,0.66025984,0.6113578
MA-BA-87,Falmouth 1.5 NNW,41.566667,-70.615556,2025-02-11,0.0,0.0,0.0
MA-BA-87,Falmouth 1.5 NNW,41.566667,-70.615556,2025-02-12,0.04,0.055840638,0.0
MA-BA-87,Falmouth 1.5 NNW,41.566667,-70.615556,2025-02-13,0.22,0.09831669,0.06312194
MA-BA-87,Falmouth 1.5 NNW,41.566667,-70.615556,2025-02-14,0.08,0.19576456,0.30783868
MA-BA-87,Falmouth 1.5 NNW,41.566667,-70.615556,2025-02-15,0.0,0.0,0.0
MA-BA-87,Falmouth 1.5 NNW,41.566667,-70.615556,2025-02-16,0.7,0.45128062,0.2552787
MA-BA-87,Falmouth 1.5 NNW,41.566667,-70.615556,2025-02-17,0.99,0.85145825,1.5491933
MA-BA-87,Falmouth 1.5 NNW,41.566667,-70.615556,2025-02-18,0.0,0.0042492948,0.00011800664
MA-BA-87,Falmouth 1.5 NNW,41.566667,-70.615556,2025-02-19,0.0,0.0,0.0
MA-BA-87,Falmouth 1.5 NNW,41.566667,-70.615556,2025-02-20,0.0,0.0,0.0
MA-BA-87,Falmouth 1.5 NNW,41.566667,-70.615556,2025-02-21,0.0,0.06379829,0.015125177
MA-BA-87,Falmouth 1.5 NNW,41.566667,-70.615556,2025-02-22,0.0,0.0,0.0
MA-BA-87,Falmouth 1.5 NNW,41.566667,-70.615556,2025-02-23,0.0,0.0,0.0
MA-BA-87,Falmouth 1.5 NNW,41.566667,-70.615556,2025-02-24,0.0,0.0,0.0
MA-BA-87,Falmouth 1.5 NNW,41.566667,-70.615556,2025-02-25,0.0,0.0,0.0
MA-BA-87,Falmouth 1.5 NNW,41.566667,-70.615556,2025-02-26,0.0,3.9335548e-05,0.0051532206
MA-BA-87,Falmouth 1.5 NNW,41.566667,-70.615556,2025-02-27,0.02,0.014897876,0.12509654
MA-BA-87,Falmouth 1.5 NNW,41.566667,-70.615556,2025-02-28,0.06,0.043224487,0.035880353
MA-BA-87,Falmouth 1.5 NNW,41.566667,-70.615556,2025-03-01,0.0,0.0,0.00031521235
MA-BA-87,Falmouth 1.5 NNW,41.566667,-70.615556,2025-03-02,0.0,7.8671095e-05,0.0
MA-BA-87,Falmouth 1.5 NNW,41.566667,-70.615556,2025-03-03,0.0,0.0,0.0
MA-BA-87,Falmouth 1.5 NNW,41.566667,-70.615556,2025-03-04,0.0,0.0,0.0
MA-BA-87,Falmouth 1.5 NNW,41.566667,-70.615556,2025-03-05,0.0,0.0,0.0
MA-BA-87,Falmouth 1.5 NNW,41.566667,-70.615556,2025-03-06,0.62,0.49592566,0.5954082
MA-BA-87,Falmouth 1.5 NNW,41.566667,-70.615556,2025-03-07,0.05,0.19900988,0.056838546
MA-BA-87,Falmouth 1.5 NNW,41.566667,-70.615556,2025-03-08,0.0,0.0,0.007891397
MA-BA-87,Falmouth 1.5 NNW,41.566667,-70.615556,2025-03-09,0.0,0.00019641373,0.008001484
MA-BA-87,Falmouth 1.5 NNW,41.566667,-70.615556,2025-03-10,0.0,0.0,0.0039768503
MA-BA-87,Falmouth 1.5 NNW,41.566667,-70.615556,2025-03-11,0.0,0.0,0.0
MA-BA-87,Falmouth 1.5 NNW,41.566667,-70.615556,2025-03-12,0.0,0.0,3.9335548e-05
MA-BA-87,Falmouth 1.5 NNW,41.566667,-70.615556,2025-03-13,0.0,0.0,0.0
MA-BA-87,Falmouth 1.5 NNW,41.566667,-70.615556,2025-03-14,0.0,0.024855841,0.008459782
MA-BA-87,Falmouth 1.5 NNW,41.566667,-70.615556,2025-03-15,0.01,0.0027912399,0.0067306026
MA-BA-87,Falmouth 1.5 NNW,41.566667,-70.615556,2025-03-16,0.0,0.011639362,0.008296632
MA-BA-87,Falmouth 1.5 NNW,41.566667,-70.615556,2025-03-17,0.32,0.0027556003,0.739749
MA-BA-87,Falmouth 1.5 NNW,41.566667,-70.615556,2025-03-18,1.63,1.7404509,2.508385
MA-BA-87,Falmouth 1.5 NNW,41.566667,-70.615556,2025-03-19,0.0,0.0,0.0055080326
MA-BA-87,Falmouth 1.5 NNW,41.566667,-70.615556,2025-03-20,0.01,0.020232461,0.013842152
MA-BA-87,Falmouth 1.5 NNW,41.566667,-70.615556,2025-03-21,0.39,0.1414479,0.18521604
MA-BA-87,Falmouth 1.5 NNW,41.566667,-70.615556,2025-03-22,0.06,0.09134849,0.19202237
MA-BA-87,Falmouth 1.5 NNW,41.566667,-70.615556,2025-03-23,0.0,0.0,0.00094616506
MA-BA-87,Falmouth 1.5 NNW,41.566667,-70.615556,2025-03-24,0.0,0.0,0.0
MA-BA-87,Falmouth 1.5 NNW,41.566667,-70.615556,2025-03-25,0.39,0.6098089,0.3976259
MA-BA-87,Falmouth 1.5 NNW,41.566667,-70.615556,2025-03-26,0.0,0.022965623,0.0980519
MA-BA-87,Falmouth 1.5 NNW,41.566667,-70.615556,2025-03-27,0.0,0.17564456,0.16505301
MA-BA-87,Falmouth 1.5 NNW,41.566667,-70.615556,2025-03-28,0.0,0.0,0.0008249905
MA-BA-87,Falmouth 1.5 NNW,41.566667,-70.615556,2025-03-29,0.06,0.1032999,0.00275956
MA-BA-87,Falmouth 1.5 NNW,41.566667,-70.615556,2025-03-30,0.1,0.30083007,0.39591095
MA-BA-87,Falmouth 1.5 NNW,41.566667,-70.615556,2025-03-31,0.0,0.04610971,0.076295644
MA-BA-87,Falmouth 1.5 NNW,41.566667,-70.615556,2025-04-01,0.17,0.89585704,0.44785842
MA-BA-87,Falmouth 1.5 NNW,41.566667,-70.615556,2025-04-02,0.07,0.06938262,0.026306769
MA-BA-87,Falmouth 1.5 NNW,41.566667,-70.615556,2025-04-03,0.12,0.1091015,0.056414828
MA-BA-87,Falmouth 1.5 NNW,41.566667,-70.615556,2025-04-04,0.14,0.2261955,0.28743172
MA-BA-87,Falmouth 1.5 NNW,41.566667,-70.615556,2025-04-05,0.0,0.056296825,0.015588492
MA-BA-87,Falmouth 1.5 NNW,41.566667,-70.615556,2025-04-06,0.8,0.85264945,0.45655817
MA-BA-87,Falmouth 1.5 NNW,41.566667,-70.615556,2025-04-07,0.04,0.08614458,0.13346101
MA-BA-87,Falmouth 1.5 NNW,41.566667,-70.615556,2025-04-08,0.63,0.74616206,0.53616726
MA-BA-87,Falmouth 1.5 NNW,41.566667,-70.615556,2025-04-09,0.03,0.033497255,0.04286307
MA-BA-87,Falmouth 1.5 NNW,41.566667,-70.615556,2025-04-10,0.0,0.0,0.0
MA-BA-87,Falmouth 1.5 NNW,41.566667,-70.615556,2025-04-11,0.07,0.08503659,0.0069721597
MA-BA-87,Falmouth 1.5 NNW,41.566667,-70.615556,2025-04-12,0.34,0.13367856,0.09647637
MA-BA-87,Falmouth 1.5 NNW,41.566667,-70.615556,2025-04-13,0.21,0.59865904,0.59425926
MA-BA-87,Falmouth 1.5 NNW,41.566667,-70.615556,2025-04-14,0.63,0.5256285,0.40681878
MA-BA-87,Falmouth 1.5 NNW,41.566667,-70.615556,2025-04-15,0.08,0.03931654,0.012790125
MA-BA-87,Falmouth 1.5 NNW,41.566667,-70.615556,2025-04-16,0.02,0.08192987,0.05888452
MA-BA-87,Falmouth 1.5 NNW,41.566667,-70.615556,2025-04-17,0.0,0.0,0.0
MA-BA-87,Falmouth 1.5 NNW,41.566667,-70.615556,2025-04-18,0.0,0.0,0.0
MA-BA-87,Falmouth 1.5 NNW,41.566667,-70.615556,2025-04-19,0.0,0.0057023345,0.0021272874
MA-BA-87,Falmouth 1.5 NNW,41.566667,-70.615556,2025-04-20,0.0,0.020674394,0.015380991
MA-BA-87,Falmouth 1.5 NNW,41.566667,-70.615556,2025-04-21,0.0,0.0,0.0
MA-BA-87,Falmouth 1.5 NNW,41.566667,-70.615556,2025-04-22,0.06,0.08943398,0.10459876
MA-BA-87,Falmouth 1.5 NNW,41.566667,-70.615556,2025-04-23,0.0,0.12047105,0.22653896
MA-BA-87,Falmouth 1.5 NNW,41.566667,-70.615556,2025-04-24,0.0,0.0,0.0
MA-BA-87,Falmouth 1.5 NNW,41.566667,-70.615556,2025-04-25,0.0,0.0,0.0
MA-BA-87,Falmouth 1.5 NNW,41.566667,-70.615556,2025-04-26,0.0,0.005546312,0.0
MA-BA-87,Falmouth 1.5 NNW,41.566667,-70.615556,2025-04-27,1.27,0.7601322,1.3737518
MA-BA-87,Falmouth 1.5 NNW,41.566667,-70.615556,2025-04-28,0.02,0.0023234372,0.0
MA-BA-87,Falmouth 1.5 NNW,41.566667,-70.615556,2025-04-29,0.0,0.0,0.0
MA-BA-87,Falmouth 1.5 NNW,41.566667,-70.615556,2025-04-30,0.0,0.0,0.0
MA-BA-87,Falmouth 1.5 NNW,41.566667,-70.615556,2025-05-01,0.0,0.0,0.0002360133
MA-BA-87,Falmouth 1.5 NNW,41.566667,-70.615556,2025-05-04,0.0,7.8671095e-05,0.0
MA-BA-87,Falmouth 1.5 NNW,41.566667,-70.615556,2025-05-05,0.17,3.9335548e-05,0.4965677
MA-BA-87,Falmouth 1.5 NNW,41.566667,-70.615556,2025-05-06,0.0,0.12466543,0.2629547
MA-BA-87,Falmouth 1.5 NNW,41.566667,-70.615556,2025-05-07,0.18,0.45974433,0.18071806
MA-BA-87,Falmouth 1.5 NNW,41.566667,-70.615556,2025-05-08,0.0,0.0,0.030444657
MA-BA-87,Falmouth 1.5 NNW,41.566667,-70.615556,2025-05-09,0.0,0.0011784824,3.9335548e-05
MA-BA-87,Falmouth 1.5 NNW,41.566667,-70.615556,2025-05-10,1.26,1.3155087,0.96696067
MA-BA-87,Falmouth 1.5 NNW,41.566667,-70.615556,2025-05-11,0.02,0.0040087937,0.0015755338
MA-BA-87,Falmouth 1.5 NNW,41.566667,-70.615556,2025-05-12,0.0,0.0,0.0
MA-BA-87,Falmouth 1.5 NNW,41.566667,-70.615556,2025-05-13,0.0,0.0,0.0
MA-BA-87,Falmouth 1.5 NNW,41.566667,-70.615556,2025-05-21,0.0,0.0007457914,0.013063362
MA-BA-87,Falmouth 1.5 NNW,41.566667,-70.615556,2025-05-22,0.02,0.007637432,0.23491189
MA-BA-87,Falmouth 1.5 NNW,41.566667,-70.615556,2025-05-23,5.13,2.0820024,2.7539148
MA-BA-87,Falmouth 1.5 NNW,41.566667,-70.615556,2025-05-24,0.02,0.007360235,0.05337807
MA-BA-87,Falmouth 1.5 NNW,41.566667,-70.615556,2025-05-25,0.05,0.022553788,0.0031523877
MA-BA-87,Falmouth 1.5 NNW,41.566667,-70.615556,2025-05-26,0.0,0.014133342,0.00538105
MA-BA-87,Falmouth 1.5 NNW,41.566667,-70.615556,2025-05-27,0.0,0.0,0.0
MA-BA-87,Falmouth 1.5 NNW,41.566667,-70.615556,2025-05-28,0.0,0.0,0.0
MA-BA-87,Falmouth 1.5 NNW,41.566667,-70.615556,2025-05-31,0.22,0.15455332,0.45654708
MA-BA-87,Falmouth 1.5 NNW,41.566667,-70.615556,2025-06-01,0.0,0.49678367,0.7399045
MA-BA-87,Falmouth 1.5 NNW,41.566667,-70.615556,2025-06-04,0.0,0.0,0.0
MA-BA-87,Falmouth 1.5 NNW,41.566667,-70.615556,2025-06-05,0.0,0.0,0.0
MA-BA-87,Falmouth 1.5 NNW,41.566667,-70.615556,2025-06-06,0.0,0.0,0.0
MA-BA-87,Falmouth 1.5 NNW,41.566667,-70.615556,2025-06-07,0.0,0.007917005,7.8671095e-05
MA-BA-87,Falmouth 1.5 NNW,41.566667,-70.615556,2025-06-08,0.06,0.17573881,0.055537835
MA-BA-87,Falmouth 1.5 NNW,41.566667,-70.615556,2025-06-09,0.0,7.8671095e-05,0.00059135316
MA-BA-87,Falmouth 1.5 NNW,41.566667,-70.615556,2025-06-10,0.09,0.007011231,0.039973628
MA-BA-87,Falmouth 1.5 NNW,41.566667,-70.615556,2025-06-11,0.74,0.06294717,0.1590682
MA-BA-87,Falmouth 1.5 NNW,41.566667,-70.615556,2025-06-12,0.0,0.0,0.0
MA-BA-87,Falmouth 1.5 NNW,41.566667,-70.615556,2025-06-13,0.0,0.0,3.9335548e-05
MA-BA-87,Falmouth 1.5 NNW,41.566667,-70.615556,2025-06-14,0.0,0.010215891,0.020950798
MA-BA-87,Falmouth 1.5 NNW,41.566667,-70.615556,2025-06-15,0.27,0.23559193,0.20740841
MA-BA-87,Falmouth 1.5 NNW,41.566667,-70.615556,2025-06-16,0.0,0.00047308253,0.0043760133
MA-BA-87,Falmouth 1.5 NNW,41.566667,-70.615556,2025-06-17,0.0,0.1122721,0.063915245
MA-BA-87,Falmouth 1.5 NNW,41.566667,-70.615556,2025-06-18,0.0,0.008459254,0.014117237
MA-BA-87,Falmouth 1.5 NNW,41.566667,-70.615556,2025-06-19,0.0,0.011656785,0.10391316
MA-BA-87,Falmouth 1.5 NNW,41.566667,-70.615556,2025-06-20,0.0,0.00062936876,0.00039414744
MA-BA-87,Falmouth 1.5 NNW,41.566667,-70.615556,2025-06-21,0.0,0.0,0.0
MA-BA-87,Falmouth 1.5 NNW,41.566667,-70.615556,2025-06-22,0.0,0.0,0.51463145
MA-BA-87,Falmouth 1.5 NNW,41.566667,-70.615556,2025-06-23,0.0,0.008190242,0.007541073
MA-BA-87,Falmouth 1.5 NNW,41.566667,-70.615556,2025-06-24,0.0,0.0,0.0
MA-BA-87,Falmouth 1.5 NNW,41.566667,-70.615556,2025-06-25,0.0,0.0,0.0
MA-BA-87,Falmouth 1.5 NNW,41.566667,-70.615556,2025-06-26,0.0,0.0,0.1607129
MA-BA-87,Falmouth 1.5 NNW,41.566667,-70.615556,2025-06-27,0.02,0.007324859,0.24249388
MA-BA-87,Falmouth 1.5 NNW,41.566667,-70.615556,2025-06-28,0.0,0.0010982273,0.1587023
MA-BA-87,Falmouth 1.5 NNW,41.566667,-70.615556,2025-06-29,0.0,0.0033041858,0.10664078
MA-BA-87,Falmouth 1.5 NNW,41.566667,-70.615556,2025-06-30,0.0,0.00011827063,0.0
MA-BA-87,Falmouth 1.5 NNW,41.566667,-70.615556,2025-07-01,0.02,0.00031442038,0.0
MA-BA-87,Falmouth 1.5 NNW,41.566667,-70.615556,2025-07-02,0.02,0.10808668,0.14954847
MA-BA-87,Falmouth 1.5 NNW,41.566667,-70.615556,2025-07-03,0.02,0.01822186,0.01844177
MA-BA-87,Falmouth 1.5 NNW,41.566667,-70.615556,2025-07-04,0.02,0.10639288,0.08468177
MA-BA-87,Falmouth 1.5 NNW,41.566667,-70.615556,2025-07-05,0.0,0.0,0.0
MA-BA-87,Falmouth 1.5 NNW,41.566667,-70.615556,2025-07-06,0.0,0.0,0.0
MA-BA-87,Falmouth 1.5 NNW,41.566667,-70.615556,2025-07-07,0.0,0.0018078511,0.0
MA-BA-87,Falmouth 1.5 NNW,41.566667,-70.615556,2025-07-08,0.09,0.043539435,0.091655254
MA-BA-87,Falmouth 1.5 NNW,41.566667,-70.615556,2025-07-09,1.08,0.37748027,0.6138256
MA-BA-87,Falmouth 1.5 NNW,41.566667,-70.615556,2025-07-10,0.2,0.017960241,0.35384277
MA-BA-87,Falmouth 1.5 NNW,41.566667,-70.615556,2025-07-11,0.15,0.52152544,0.48139212
MA-BA-87,Falmouth 1.5 NNW,41.566667,-70.615556,2025-07-12,0.0,0.0026769289,7.8671095e-05
MA-BA-87,Falmouth 1.5 NNW,41.566667,-70.615556,2025-07-13,0.0,0.004962879,0.011679754
MA-BA-87,Falmouth 1.5 NNW,41.566667,-70.615556,2025-07-14,0.0,0.0019683612,0.021339139
MA-BA-87,Falmouth 1.5 NNW,41.566667,-70.615556,2025-07-15,0.07,0.0038564675,0.0055558155
MA-BA-87,Falmouth 1.5 NNW,41.566667,-70.615556,2025-07-16,0.04,0.006820097,0.013838984
MA-BA-87,Falmouth 1.5 NNW,41.566667,-70.615556,2025-07-17,0.0,0.0,0.0019644012
MA-BA-87,Falmouth 1.5 NNW,41.566667,-70.615556,2025-07-18,0.03,3.9335548e-05,0.018876838
MA-BA-87,Falmouth 1.5 NNW,41.566667,-70.615556,2025-07-19,0.0,3.9335548e-05,0.0
MA-BA-87,Falmouth 1.5 NNW,41.566667,-70.615556,2025-07-20,0.0,0.00031468438,0.0
MA-BA-87,Falmouth 1.5 NNW,41.566667,-70.615556,2025-07-21,0.0,0.04458354,0.037699293
MA-BA-87,Falmouth 1.5 NNW,41.566667,-70.615556,2025-07-22,0.0,0.0,0.0
MA-BA-87,Falmouth 1.5 NNW,41.566667,-70.615556,2025-07-23,0.0,0.0,0.0
MA-BA-87,Falmouth 1.5 NNW,41.566667,-70.615556,2025-07-24,0.0,0.0,0.0
MA-BA-87,Falmouth 1.5 NNW,41.566667,-70.615556,2025-07-25,0.0,0.0,0.0
MA-BA-87,Falmouth 1.5 NNW,41.566667,-70.615556,2025-07-26,0.04,0.1002935,0.038084466
MA-BA-87,Falmouth 1.5 NNW,41.566667,-70.615556,2025-07-27,0.0,0.0,0.0
MA-BA-87,Falmouth 1.5 NNW,41.566667,-70.615556,2025-07-28,0.0,7.8671095e-05,0.4199648
MA-BA-87,Falmouth 1.5 NNW,41.566667,-70.615556,2025-07-29,0.0,0.00019667773,0.0
MA-BA-87,Falmouth 1.5 NNW,41.566667,-70.615556,2025-07-30,0.0,0.0,0.0
MA-BA-87,Falmouth 1.5 NNW,41.566667,-70.615556,2025-07-31,0.0,0.0,0.0
MA-BA-87,Falmouth 1.5 NNW,41.566667,-70.615556,2025-08-01,0.3,0.093570024,0.20293313
MA-BA-87,Falmouth 1.5 NNW,41.566667,-70.615556,2025-08-02,0.29,0.045234293,0.0123466095
MA-BA-87,Falmouth 1.5 NNW,41.566667,-70.615556,2025-08-03,0.0,0.0,0.0
MA-BA-87,Falmouth 1.5 NNW,41.566667,-70.615556,2025-08-04,0.0,0.0,0.0
MA-BA-87,Falmouth 1.5 NNW,41.566667,-70.615556,2025-08-05,0.0,0.0,0.0
MA-BA-87,Falmouth 1.5 NNW,41.566667,-70.615556,2025-08-06,0.0,0.0,0.0
MA-BA-87,Falmouth 1.5 NNW,41.566667,-70.615556,2025-08-07,0.0,0.0,0.0
MA-BA-87,Falmouth 1.5 NNW,41.566667,-70.615556,2025-08-08,0.0,0.0,0.0
MA-BA-87,Falmouth 1.5 NNW,41.566667,-70.615556,2025-08-09,0.0,0.0,0.0
MA-BA-87,Falmouth 1.5 NNW,41.566667,-70.615556,2025-08-10,0.0,0.0,0.0
MA-BA-87,Falmouth 1.5 NNW,41.566667,-70.615556,2025-08-11,0.0,0.0,0.0
MA-BA-87,Falmouth 1.5 NNW,41.566667,-70.615556,2025-08-12,0.0,0.0,0.0
MA-BA-87,Falmouth 1.5 NNW,41.566667,-70.615556,2025-08-13,0.0,0.0,0.002674817
MA-BA-87,Falmouth 1.5 NNW,41.566667,-70.615556,2025-08-14,0.0,0.00035375592,0.002323965
MA-BA-87,Falmouth 1.5 NNW,41.566667,-70.615556,2025-08-15,0.0,0.00059135316,0.035669155
MA-BA-87,Falmouth 1.5 NNW,41.566667,-70.615556,2025-08-16,0.0,0.0027117766,0.00027534884
MA-BA-87,Falmouth 1.5 NNW,41.566667,-70.615556,2025-08-17,0.0,0.001300977,0.0018881061
MA-BA-87,Falmouth 1.5 NNW,41.566667,-70.615556,2025-08-18,0.0,0.3876172,0.031383958
MA-BA-87,Falmouth 1.5 NNW,41.566667,-70.615556,2025-08-19,0.0,0.0057614692,0.0005517536
MA-BA-87,Falmouth 1.5 NNW,41.566667,-70.615556,2025-08-20,0.0,0.0,0.0
MA-BA-87,Falmouth 1.5 NNW,41.566667,-70.615556,2025-08-21,1.6,0.5113389,0.8108112
MA-BA-87,Falmouth 1.5 NNW,41.566667,-70.615556,2025-08-22,0.01,0.060064588,0.02027919
MA-BA-87,Falmouth 1.5 NNW,41.566667,-70.615556,2025-08-23,0.0,0.0,0.0
MA-BA-87,Falmouth 1.5 NNW,41.566667,-70.615556,2025-08-24,0.0,0.0,0.0
MA-BA-87,Falmouth 1.5 NNW,41.566667,-70.615556,2025-08-25,0.0,0.00039282747,0.0
MA-BA-87,Falmouth 1.5 NNW,41.566667,-70.615556,2025-08-26,0.03,0.009736207,0.0
MA-BA-87,Falmouth 1.5 NNW,41.566667,-70.615556,2025-08-27,0.0,0.0,0.0
MA-BA-87,Falmouth 1.5 NNW,41.566667,-70.615556,2025-08-28,0.0,0.0,0.0
MA-BA-87,Falmouth 1.5 NNW,41.566667,-70.615556,2025-08-29,0.0,0.0,0.0
MA-BA-87,Falmouth 1.5 NNW,41.566667,-70.615556,2025-08-30,0.49,0.20182566,0.0010644357
MA-BA-87,Falmouth 1.5 NNW,41.566667,-70.615556,2025-08-31,0.0,0.0,0.0
MA-BA-87,Falmouth 1.5 NNW,41.566667,-70.615556,2025-09-01,0.0,0.0,0.0
MA-BA-87,Falmouth 1.5 NNW,41.566667,-70.615556,2025-09-02,0.0,0.0,0.0
MA-BA-87,Falmouth 1.5 NNW,41.566667,-70.615556,2025-09-03,0.0,0.0,0.0
MA-BA-87,Falmouth 1.5 NNW,41.566667,-70.615556,2025-09-04,0.0,0.0,0.0
MA-BA-87,Falmouth 1.5 NNW,41.566667,-70.615556,2025-09-05,0.0,0.0,0.0015713099
MA-BA-87,Falmouth 1.5 NNW,41.566667,-70.615556,2025-09-06,0.0,0.0,0.0
MA-BA-87,Falmouth 1.5 NNW,41.566667,-70.615556,2025-09-07,0.03,0.0066624912,0.0079114605
MA-BA-87,Falmouth 1.5 NNW,41.566667,-70.615556,2025-09-08,0.55,0.2728926,0.7469741
MA-BA-87,Falmouth 1.5 NNW,41.566667,-70.615556,2025-09-09,0.0,0.0,0.0
MA-BA-87,Falmouth 1.5 NNW,41.566667,-70.615556,2025-09-10,0.0,0.008042403,0.16271505
MA-BA-87,Falmouth 1.5 NNW,41.566667,-70.615556,2025-09-11,0.0,0.0045993547,0.08290165
MA-BA-87,Falmouth 1.5 NNW,41.566667,-70.615556,2025-09-12,0.0,0.0,3.9335548e-05
MA-BA-87,Falmouth 1.5 NNW,41.566667,-70.615556,2025-09-13,0.0,0.0,0.0
MA-BA-87,Falmouth 1.5 NNW,41.566667,-70.615556,2025-09-14,0.0,0.0,0.05876361
MA-BA-87,Falmouth 1.5 NNW,41.566667,-70.615556,2025-09-15,0.0,0.0,0.00078565493
MA-BA-87,Falmouth 1.5 NNW,41.566667,-70.615556,2025-09-16,0.0,0.00078565493,0.0
MA-BA-87,Falmouth 1.5 NNW,41.566667,-70.615556,2025-09-17,0.0,0.0,0.0
MA-BA-87,Falmouth 1.5 NNW,41.566667,-70.615556,2025-09-18,0.16,0.07173959,0.020089112
MA-BA-87,Falmouth 1.5 NNW,41.566667,-70.615556,2025-09-19,0.01,0.00011827063,0.0
MA-BA-87,Falmouth 1.5 NNW,41.566667,-70.615556,2025-09-20,0.0,0.0,0.0
MA-BA-87,Falmouth 1.5 NNW,41.566667,-70.615556,2025-09-21,0.0,0.0,0.0
MA-BA-87,Falmouth 1.5 NNW,41.566667,-70.615556,2025-09-22,0.0,0.0,0.0
MA-BA-87,Falmouth 1.5 NNW,41.566667,-70.615556,2025-09-23,0.0,0.0,0.0
MA-BA-87,Falmouth 1.5 NNW,41.566667,-70.615556,2025-09-24,0.0,0.0,0.0
MA-BA-87,Falmouth 1.5 NNW,41.566667,-70.615556,2025-09-25,1.27,0.4143073,0.2340618
MA-BA-87,Falmouth 1.5 NNW,41.566667,-70.615556,2025-09-26,0.24,0.30020043,0.81022197
MA-BA-87,Falmouth 1.5 NNW,41.566667,-70.615556,2025-09-27,0.0,0.0,0.010221962
MA-BA-87,Falmouth 1.5 NNW,41.566667,-70.615556,2025-09-28,0.11,0.06271723,0.0298042
MA-BA-87,Falmouth 1.5 NNW,41.566667,-70.615556,2025-09-29,0.0,0.00590086,0.0008249905
MA-BA-87,Falmouth 1.5 NNW,41.566667,-70.615556,2025-09-30,0.0,0.0,0.0
MA-BA-87,Falmouth 1.5 NNW,41.566667,-70.615556,2025-10-01,0.0,0.0,0.0
MA-BA-87,Falmouth 1.5 NNW,41.566667,-70.615556,2025-10-02,0.0,0.0,0.0
MA-BA-87,Falmouth 1.5 NNW,41.566667,-70.615556,2025-10-03,0.0,0.0,7.8671095e-05
MA-BA-87,Falmouth 1.5 NNW,41.566667,-70.615556,2025-10-04,0.0,0.0,0.0
MA-BA-87,Falmouth 1.5 NNW,41.566667,-70.615556,2025-10-05,0.0,0.0,0.0
MA-BA-87,Falmouth 1.5 NNW,41.566667,-70.615556,2025-10-06,0.0,0.0,0.0
MA-BA-87,Falmouth 1.5 NNW,41.566667,-70.615556,2025-10-07,0.0,0.0,0.0
MA-BA-87,Falmouth 1.5 NNW,41.566667,-70.615556,2025-10-08,0.0,0.0,0.0015713099
MA-BA-87,Falmouth 1.5 NNW,41.566667,-70.615556,2025-10-09,0.74,1.4301423,1.3597069
MA-BA-87,Falmouth 1.5 NNW,41.566667,-70.615556,2025-10-10,0.0,0.0,0.0
MA-BA-87,Falmouth 1.5 NNW,41.566667,-70.615556,2025-10-11,0.0,0.00039282747,0.0011784824
MA-BA-87,Falmouth 1.5 NNW,41.566667,-70.615556,2025-10-12,0.0,0.0,0.00743653
MA-BA-87,Falmouth 1.5 NNW,41.566667,-70.615556,2025-10-13,2.2,1.9183497,0.9256789
MA-BA-87,Falmouth 1.5 NNW,41.566667,-70.615556,2025-10-14,1.11,1.122929,1.6394337
MA-BA-87,Falmouth 1.5 NNW,41.566667,-70.615556,2025-10-15,0.32,0.18613052,0.04732462
MA-BA-87,Falmouth 1.5 NNW,41.566667,-70.615556,2025-10-16,0.0,0.0,0.0
MA-BA-87,Falmouth 1.5 NNW,41.566667,-70.615556,2025-10-17,0.0,0.0019232179,0.094843015
MA-BA-87,Falmouth 1.5 NNW,41.566667,-70.615556,2025-10-18,0.0,0.0,0.0
MA-BA-87,Falmouth 1.5 NNW,41.566667,-70.615556,2025-10-19,0.0,0.0,0.0
MA-BA-87,Falmouth 1.5 NNW,41.566667,-70.615556,2025-10-20,0.0,0.00031389238,0.0
MA-BA-87,Falmouth 1.5 NNW,41.566667,-70.615556,2025-10-21,0.58,0.73423386,0.4273963
MA-BA-87,Falmouth 1.5 NNW,41.566667,-70.615556,2025-10-22,0.0,0.0,0.009056152
MA-BA-87,Falmouth 1.5 NNW,41.566667,-70.615556,2025-10-23,0.03,0.01465764,0.11106167
MA-BA-87,Falmouth 1.5 NNW,41.566667,-70.615556,2025-10-24,0.0,0.0039367224,0.00078565493
MA-BA-87,Falmouth 1.5 NNW,41.566667,-70.615556,2025-10-25,0.0,0.0,0.0
MA-BA-87,Falmouth 1.5 NNW,41.566667,-70.615556,2025-10-26,0.0,0.0,0.0
MA-BA-87,Falmouth 1.5 NNW,41.566667,-70.615556,2025-10-27,0.0,0.0,0.00551648
MA-BA-87,Falmouth 1.5 NNW,41.566667,-70.615556,2025-10-28,0.02,0.033508606,0.07204372
MA-BA-87,Falmouth 1.5 NNW,41.566667,-70.615556,2025-10-29,0.03,0.0074890656,0.035075426
MA-BA-87,Falmouth 1.5 NNW,41.566667,-70.615556,2025-10-30,0.08,0.0062081525,0.046452112
MA-BA-87,Falmouth 1.5 NNW,41.566667,-70.615556,2025-10-31,1.52,1.3134656,2.310339
MA-BA-87,Falmouth 1.5 NNW,41.566667,-70.615556,2025-11-01,0.03,0.0,0.019016758
MA-BA-87,Falmouth 1.5 NNW,41.566667,-70.615556,2025-11-02,0.0,0.0,0.0
MA-BA-87,Falmouth 1.5 NNW,41.566667,-70.615556,2025-11-03,0.0,0.0,0.0
MA-BA-87,Falmouth 1.5 NNW,41.566667,-70.615556,2025-11-04,0.24,0.10833854,0.7202344
MA-BA-87,Falmouth 1.5 NNW,41.566667,-70.615556,2025-11-05,0.0,0.0,0.0
MA-BA-87,Falmouth 1.5 NNW,41.566667,-70.615556,2025-11-06,0.02,7.8671095e-05,0.0
MA-BA-87,Falmouth 1.5 NNW,41.566667,-70.615556,2025-11-07,0.0,0.0,0.0
MA-BA-87,Falmouth 1.5 NNW,41.566667,-70.615556,2025-11-08,0.14,0.10367478,0.4898432
MA-BA-87,Falmouth 1.5 NNW,41.566667,-70.615556,2025-11-09,0.03,0.033694457,0.07909454
MA-BA-87,Falmouth 1.5 NNW,41.566667,-70.615556,2025-11-10,2.43,0.26635575,0.1794778
MA-BA-87,Falmouth 1.5 NNW,41.566667,-70.615556,2025-11-11,0.42,0.22781986,0.05896504
MA-BA-87,Falmouth 1.5 NNW,41.566667,-70.615556,2025-11-12,0.0,3.9335548e-05,0.00023654127
MA-BA-87,Falmouth 1.5 NNW,41.566667,-70.615556,2025-11-13,0.0,0.00039282747,0.01743119
MA-BA-87,Falmouth 1.5 NNW,41.566667,-70.615556,2025-11-14,0.02,0.041628096,0.00039282747
MA-BA-87,Falmouth 1.5 NNW,41.566667,-70.615556,2025-11-15,0.0,0.0,0.0
MA-BA-87,Falmouth 1.5 NNW,41.566667,-70.615556,2025-11-16,0.67,0.48244283,0.40839958
MA-BA-87,Falmouth 1.5 NNW,41.566667,-70.615556,2025-11-17,0.0,7.8671095e-05,0.0020499364
MA-BA-87,Falmouth 1.5 NNW,41.566667,-70.615556,2025-11-18,0.0,0.0,0.0
MA-BA-87,Falmouth 1.5 NNW,41.566667,-70.615556,2025-11-19,0.0,0.0,0.0044858363
MA-BA-87,Falmouth 1.5 NNW,41.566667,-70.615556,2025-11-20,0.0,0.00082789443,0.14763555
MA-BA-87,Falmouth 1.5 NNW,41.566667,-70.615556,2025-11-21,0.0,0.0,0.0
MA-BA-87,Falmouth 1.5 NNW,41.566667,-70.615556,2025-11-22,0.02,3.9335548e-05,0.00015734219
MA-BA-87,Falmouth 1.5 NNW,41.566667,-70.615556,2025-11-23,0.18,0.15136741,0.013281423
MA-BA-87,Falmouth 1.5 NNW,41.566667,-70.615556,2025-11-24,0.01,0.052247375,0.04703713
MA-BA-87,Falmouth 1.5 NNW,41.566667,-70.615556,2025-11-25,0.0,0.0,0.0
MA-BA-87,Falmouth 1.5 NNW,41.566667,-70.615556,2025-11-26,0.21,0.59103215,0.40961766
MA-BA-87,Falmouth 1.5 NNW,41.566667,-70.615556,2025-11-27,0.04,0.11894462,1.1496059
MA-BA-87,Falmouth 1.5 NNW,41.566667,-70.615556,2025-11-28,0.0,0.0,0.0022072785
MA-BA-87,Falmouth 1.5 NNW,41.566667,-70.615556,2025-11-29,0.0,0.0,7.8671095e-05
MA-BA-87,Falmouth 1.5 NNW,41.566667,-70.615556,2025-11-30,0.0,0.0,0.0
MA-BA-87,Falmouth 1.5 NNW,41.566667,-70.615556,2025-12-01,0.3,0.261716,0.29346746
MA-BA-87,Falmouth 1.5 NNW,41.566667,-70.615556,2025-12-02,0.0,0.0,0.0
MA-BA-87,Falmouth 1.5 NNW,41.566667,-70.615556,2025-12-03,0.95,1.0346315,0.78668743
MA-BA-87,Falmouth 1.5 NNW,41.566667,-70.615556,2025-12-04,0.0,0.0016557889,0.00086723
MA-BA-87,Falmouth 1.5 NNW,41.566667,-70.615556,2025-12-05,0.0,0.0,7.8671095e-05
MA-BA-87,Falmouth 1.5 NNW,41.566667,-70.615556,2025-12-06,0.0,0.00019667773,0.00570999
MA-BA-87,Falmouth 1.5 NNW,41.566667,-70.615556,2025-12-07,0.04,0.0019261218,0.15369269
MA-BA-87,Falmouth 1.5 NNW,41.566667,-70.615556,2025-12-08,0.0,0.0,0.0010221963
MA-BA-87,Falmouth 1.5 NNW,41.566667,-70.615556,2025-12-09,0.0,0.0,0.0
MA-BA-87,Falmouth 1.5 NNW,41.566667,-70.615556,2025-12-10,0.04,0.0026737612,0.0039367224
MA-BA-87,Falmouth 1.5 NNW,41.566667,-70.615556,2025-12-11,0.02,0.016164798,0.09684543
MA-BA-87,Falmouth 1.5 NNW,41.566667,-70.615556,2025-12-12,0.0,7.8671095e-05,0.0061162813
MA-BA-87,Falmouth 1.5 NNW,41.566667,-70.615556,2025-12-13,0.0,0.0,0.0
MA-BA-87,Falmouth 1.5 NNW,41.566667,-70.615556,2025-12-14,0.17,0.19257838,0.12708813
MA-BA-87,Falmouth 1.5 NNW,41.566667,-70.615556,2025-12-15,0.08,0.29008406,0.3324973
MA-BA-87,Falmouth 1.5 NNW,41.566667,-70.615556,2025-12-16,0.0,0.0,0.0
MA-BA-87,Falmouth 1.5 NNW,41.566667,-70.615556,2025-12-18,0.0,0.0,0.0
MA-BA-87,Falmouth 1.5 NNW,41.566667,-70.615556,2025-12-19,0.07,0.02066885,0.0059473235
MA-BA-87,Falmouth 1.5 NNW,41.566667,-70.615556,2025-12-20,0.3,0.2730531,0.5541697
MA-BA-87,Falmouth 1.5 NNW,41.566667,-70.615556,2025-12-21,0.0,0.0,0.0
MA-BA-87,Falmouth 1.5 NNW,41.566667,-70.615556,2025-12-22,0.0,0.0,0.0024435557
MA-BA-87,Falmouth 1.5 NNW,41.566667,-70.615556,2025-12-23,0.0,0.0,0.01594964
MA-BA-87,Falmouth 1.5 NNW,41.566667,-70.615556,2025-12-24,0.09,0.1554752,0.27263916
MA-BA-87,Falmouth 1.5 NNW,41.566667,-70.615556,2025-12-25,0.0,0.08961324,0.038226232
MA-BA-87,Falmouth 1.5 NNW,41.566667,-70.615556,2025-12-26,0.0,0.0,0.0014543593
MA-BA-87,Falmouth 1.5 NNW,41.566667,-70.615556,2025-12-27,0.24,0.18765591,0.11242469
MA-BA-87,Falmouth 1.5 NNW,41.566667,-70.615556,2025-12-28,0.0,0.01327931,0.029820831
MA-BA-87,Falmouth 1.5 NNW,41.566667,-70.615556,2025-12-29,0.27,0.2121432,0.6239029
MA-BA-87,Falmouth 1.5 NNW,41.566667,-70.615556,2025-12-30,0.22,0.33613572,0.6146525
MA-BA-87,Falmouth 1.5 NNW,41.566667,-70.615556,2025-12-31,0.0,0.00070803985,0.0002758768
MA-BA-87,Falmouth 1.5 NNW,41.566667,-70.615556,2026-01-01,0.17,0.25147715,0.28132623
MA-BA-87,Falmouth 1.5 NNW,41.566667,-70.615556,2026-01-02,0.01,0.038581572,0.07467946
MA-BA-87,Falmouth 1.5 NNW,41.566667,-70.615556,2026-01-03,0.0,0.0,0.0
MA-BA-87,Falmouth 1.5 NNW,41.566667,-70.615556,2026-01-04,0.0,0.0,0.035658598
MA-BA-87,Falmouth 1.5 NNW,41.566667,-70.615556,2026-01-05,0.0,0.012249459,0.007873445
MA-BA-87,Falmouth 1.5 NNW,41.566667,-70.615556,2026-01-06,0.04,0.007128974,0.19885096
MA-BA-87,Falmouth 1.5 NNW,41.566667,-70.615556,2026-01-07,0.03,0.030778876,0.028224971
MA-BA-87,Falmouth 1.5 NNW,41.566667,-70.615556,2026-01-08,0.01,0.09355629,0.020745408
MA-BA-87,Falmouth 1.5 NNW,41.566667,-70.615556,2026-01-09,0.0,0.0,0.0
MA-BA-87,Falmouth 1.5 NNW,41.566667,-70.615556,2026-01-10,0.05,0.04741227,0.05622713
MA-BA-87,Falmouth 1.5 NNW,41.566667,-70.615556,2026-01-11,0.84,1.3735244,0.25446588
MA-BA-87,Falmouth 1.5 NNW,41.566667,-70.615556,2026-01-12,0.0,0.016353555,0.49140444
MA-BA-87,Falmouth 1.5 NNW,41.566667,-70.615556,2026-01-13,0.0,0.0,0.0
MA-BA-87,Falmouth 1.5 NNW,41.566667,-70.615556,2026-01-14,0.0,0.0,0.0
MA-BA-87,Falmouth 1.5 NNW,41.566667,-70.615556,2026-01-15,0.0,0.015129138,0.069269896
MA-BA-87,Falmouth 1.5 NNW,41.566667,-70.615556,2026-01-16,0.0,0.011522939,0.027607746
MA-BA-87,Falmouth 1.5 NNW,41.566667,-70.615556,2026-01-17,0.0,0.0,0.009140631
MA-BA-87,Falmouth 1.5 NNW,41.566667,-70.615556,2026-01-18,0.0,0.010687653,0.03879277
MA-BA-87,Falmouth 1.5 NNW,41.566667,-70.615556,2026-01-19,0.73,0.51356065,0.919154
MA-BA-87,Falmouth 1.5 NNW,41.566667,-70.615556,2026-01-20,0.0,0.02421829,0.036799066
MA-BA-87,Falmouth 1.5 NNW,41.566667,-70.615556,2026-01-21,0.0,0.0,0.0
MA-BA-87,Falmouth 1.5 NNW,41.566667,-70.615556,2026-01-22,0.0,0.0015768538,0.01109764
MA-BA-87,Falmouth 1.5 NNW,41.566667,-70.615556,2026-01-23,0.0,3.9335548e-05,0.0
MA-BA-87,Falmouth 1.5 NNW,41.566667,-70.615556,2026-01-24,0.0,0.0,0.0
MA-BA-87,Falmouth 1.5 NNW,41.566667,-70.615556,2026-01-25,0.0,0.0,0.0
MA-BA-87,Falmouth 1.5 NNW,41.566667,-70.615556,2026-01-26,1.76,1.3596187,1.3503534
MA-BA-87,Falmouth 1.5 NNW,41.566667,-70.615556,2026-01-27,0.06,0.16347219,0.12781517
MA-BA-87,Falmouth 1.5 NNW,41.566667,-70.615556,2026-01-28,0.0,0.004760129,0.0074563297
MA-BA-87,Falmouth 1.5 NNW,41.566667,-70.615556,2026-01-29,0.0,0.003812116,0.0
MA-BA-87,Falmouth 1.5 NNW,41.566667,-70.615556,2026-01-30,0.0,0.0,0.0
MA-BA-87,Falmouth 1.5 NNW,41.566667,-70.615556,2026-01-31,0.0,0.0,0.0
MA-BA-87,Falmouth 1.5 NNW,41.566667,-70.615556,2026-02-01,0.0,0.0019654573,0.011369294
MA-BA-87,Falmouth 1.5 NNW,41.566667,-70.615556,2026-02-02,0.03,0.0062865596,0.047308255
MA-BA-87,Falmouth 1.5 NNW,41.566667,-70.615556,2026-02-03,0.0,0.0,0.0
MA-BA-87,Falmouth 1.5 NNW,41.566667,-70.615556,2026-02-04,0.0,7.8671095e-05,0.0044488767
MA-BA-87,Falmouth 1.5 NNW,41.566667,-70.615556,2026-02-05,0.0,0.0,0.0003548119
MA-BA-87,Falmouth 1.5 NNW,41.566667,-70.615556,2026-02-06,0.0,0.0,3.9335548e-05
MA-BA-87,Falmouth 1.5 NNW,41.566667,-70.615556,2026-02-07,0.03,0.012914599,0.0017737955
MA-BA-87,Falmouth 1.5 NNW,41.566667,-70.615556,2026-02-08,0.13,0.13041657,0.39242435
MA-BA-87,Falmouth 1.5 NNW,41.566667,-70.615556,2026-02-09,0.0,0.00019694172,0.00015734219
MA-BA-87,Falmouth 1.5 NNW,41.566667,-70.615556,2026-02-10,0.0,0.0,0.0
MA-BA-87,Falmouth 1.5 NNW,41.566667,-70.615556,2026-02-11,0.14,0.25539595,0.19675139
MA-BA-87,Falmouth 1.5 NNW,41.566667,-70.615556,2026-02-12,0.0,3.9335548e-05,0.0003548119
MA-BA-87,Falmouth 1.5 NNW,41.566667,-70.615556,2026-02-13,0.0,0.0,0.0010639078
MA-BA-87,Falmouth 1.5 NNW,41.566667,-70.615556,2026-02-14,0.0,0.0,0.0
MA-BA-87,Falmouth 1.5 NNW,41.566667,-70.615556,2026-02-15,0.0,0.0,0.004948887
MA-BA-87,Falmouth 1.5 NNW,41.566667,-70.615556,2026-02-16,0.0,0.0,0.0
MA-BA-87,Falmouth 1.5 NNW,41.566667,-70.615556,2026-02-17,0.0,0.0,0.0
MA-BA-87,Falmouth 1.5 NNW,41.566667,-70.615556,2026-02-18,0.0,0.0005512256,0.0062556714
MA-BA-87,Falmouth 1.5 NNW,41.566667,-70.615556,2026-02-19,0.18,0.248447,0.38535556
MA-BA-87,Falmouth 1.5 NNW,41.566667,-70.615556,2026-02-20,0.0,0.0,0.0
MA-BA-87,Falmouth 1.5 NNW,41.566667,-70.615556,2026-02-21,0.52,0.4152461,0.53888327
MA-BA-87,Falmouth 1.5 NNW,41.566667,-70.615556,2026-02-22,0.03,0.016621776,0.047512323
MA-BA-87,Falmouth 1.5 NNW,41.566667,-70.615556,2026-03-05,0.0,0.014231811,7.8671095e-05
MA-BA-87,Falmouth 1.5 NNW,41.566667,-70.615556,2026-03-06,1.18,1.0447056,0.6143927
MA-BA-87,Falmouth 1.5 NNW,41.566667,-70.615556,2026-03-07,0.12,0.06675057,0.14387147
MA-BA-87,Falmouth 1.5 NNW,41.566667,-70.615556,2026-03-08,0.03,0.04900892,0.28715158
MA-BA-87,Falmouth 1.5 NNW,41.566667,-70.615556,2026-03-09,0.01,0.06435084,0.059123967
MA-BA-87,Falmouth 1.5 NNW,41.566667,-70.615556,2026-03-10,0.0,0.00019694172,0.0
MA-BA-87,Falmouth 1.5 NNW,41.566667,-70.615556,2026-03-11,0.0,0.0,0.00031521235
MA-BA-87,Falmouth 1.5 NNW,41.566667,-70.615556,2026-03-12,0.01,0.03954569,0.16503744
MA-BA-87,Falmouth 1.5 NNW,41.566667,-70.615556,2026-03-13,0.07,0.22013122,0.14246225
MA-BA-87,Falmouth 1.5 NNW,41.566667,-70.615556,2026-03-14,0.02,0.060413588,0.09767702
MA-BA-87,Falmouth 1.5 NNW,41.566667,-70.615556,2026-03-15,0.0,0.0,0.0
MA-BA-87,Falmouth 1.5 NNW,41.566667,-70.615556,2026-03-16,0.05,0.0061838645,0.2540675
MA-BA-87,Falmouth 1.5 NNW,41.566667,-70.615556,2026-03-17,0.84,1.0349082,1.1620808
MA-BA-87,Falmouth 1.5 NNW,41.566667,-70.615556,2026-03-18,0.0,0.0063697184,0.009017345
MA-BA-87,Falmouth 1.5 NNW,41.566667,-70.615556,2026-03-19,0.0,0.0,0.0
MA-BA-87,Falmouth 1.5 NNW,41.566667,-70.615556,2026-03-20,0.0,0.0,0.0
MA-BA-87,Falmouth 1.5 NNW,41.566667,-70.615556,2026-03-21,0.18,0.20111604,0.19718382
MA-BA-87,Falmouth 1.5 NNW,41.566667,-70.615556,2026-03-22,0.0,0.00019667773,6.7055225e-05
MA-BA-87,Falmouth 1.5 NNW,41.566667,-70.615556,2026-03-23,0.93,0.61569995,0.57143515
MA-BA-87,Falmouth 1.5 NNW,41.566667,-70.615556,2026-03-24,0.36,0.7951103,0.14527409
MA-BA-87,Falmouth 1.5 NNW,41.566667,-70.615556,2026-03-25,0.0,0.0012967531,0.0005905612
MA-BA-87,Falmouth 1.5 NNW,41.566667,-70.615556,2026-03-26,0.0,0.0,0.0023223814
MA-BA-87,Falmouth 1.5 NNW,41.566667,-70.615556,2026-03-27,0.1,0.20528378,0.21832758
MA-BA-87,Falmouth 1.5 NNW,41.566667,-70.615556,2026-03-28,0.0,0.019860227,0.12643342
MA-BA-87,Falmouth 1.5 NNW,41.566667,-70.615556,2026-03-29,0.0,0.00011800665,0.0577723
MA-BA-87,Falmouth 1.5 NNW,41.566667,-70.615556,2026-03-30,0.0,0.0,0.0
MA-BA-87,Falmouth 1.5 NNW,41.566667,-70.615556,2026-03-31,0.0,0.0,0.00023654127
MA-BA-87,Falmouth 1.5 NNW,41.566667,-70.615556,2026-04-01,0.02,0.25019836,0.106668234
MA-BA-87,Falmouth 1.5 NNW,41.566667,-70.615556,2026-04-02,0.64,0.4289053,0.22520682
MA-BA-87,Falmouth 1.5 NNW,41.566667,-70.615556,2026-04-03,0.19,0.32035553,0.49159032
MA-BA-87,Falmouth 1.5 NNW,41.566667,-70.615556,2026-04-04,0.02,0.010928154,0.013718073
MA-BA-87,Falmouth 1.5 NNW,41.566667,-70.615556,2026-04-05,0.03,0.08437343,0.010804603
MA-BA-87,Falmouth 1.5 NNW,41.566667,-70.615556,2026-04-06,0.12,0.3072621,0.49871558
MA-BA-87,Falmouth 1.5 NNW,41.566667,-70.615556,2026-04-07,0.0,0.00039282747,0.016756414
MA-BA-87,Falmouth 1.5 NNW,41.566667,-70.615556,2026-04-08,0.03,0.11257675,0.177275
MA-BA-87,Falmouth 1.5 NNW,41.566667,-70.615556,2026-04-09,0.0,0.0,3.9335548e-05
MA-BA-87,Falmouth 1.5 NNW,41.566667,-70.615556,2026-04-10,0.0,0.0,0.00043321901
MA-BA-87,Falmouth 1.5 NNW,41.566667,-70.615556,2026-04-11,0.0,0.0044715805,0.0011784823
MA-BA-87,Falmouth 1.5 NNW,41.566667,-70.615556,2026-04-12,0.0,0.0,0.0
MA-BA-87,Falmouth 1.5 NNW,41.566667,-70.615556,2026-04-13,0.04,0.0029905573,0.015723659
MA-BA-87,Falmouth 1.5 NNW,41.566667,-70.615556,2026-04-14,0.0,0.003305242,0.037846867
MA-BA-87,Falmouth 1.5 NNW,41.566667,-70.615556,2026-04-15,0.0,0.0023654127,0.000864326
MA-BA-87,Falmouth 1.5 NNW,41.566667,-70.615556,2026-04-16,0.04,0.06222065,0.09455262
MA-BA-87,Falmouth 1.5 NNW,41.566667,-70.615556,2026-04-17,0.0,0.06268344,0.015210449
MA-BA-87,Falmouth 1.5 NNW,41.566667,-70.615556,2026-04-18,0.04,0.0054330574,0.11125782
MA-BA-87,Falmouth 1.5 NNW,41.566667,-70.615556,2026-04-19,0.03,0.008139026,0.008098898
MA-BA-87,Falmouth 1.5 NNW,41.566667,-70.615556,2026-04-22,0.0,0.0,0.005309507
MA-BA-87,Falmouth 1.5 NNW,41.566667,-70.615556,2026-04-23,0.0,0.002678513,0.02174754
MA-BA-87,Falmouth 1.5 NNW,41.566667,-70.615556,2026-04-24,0.0,0.0,0.0
MA-BA-87,Falmouth 1.5 NNW,41.566667,-70.615556,2026-04-25,0.0,0.0,0.0
MA-BA-87,Falmouth 1.5 NNW,41.566667,-70.615556,2026-04-26,0.08,0.0,0.0011784824
MA-BA-87,Falmouth 1.5 NNW,41.566667,-70.615556,2026-04-27,0.02,0.008940521,0.12906705
MA-BA-87,Falmouth 1.5 NNW,41.566667,-70.615556,2026-04-28,0.0,0.0,0.021930754
MA-BA-87,Falmouth 1.5 NNW,41.566667,-70.615556,2026-04-29,0.0,0.0,0.0
MA-BA-87,Falmouth 1.5 NNW,41.566667,-70.615556,2026-04-30,0.03,0.013654451,0.00011800665
MA-BA-87,Falmouth 1.5 NNW,41.566667,-70.615556,2026-05-01,0.02,0.025138583,0.08618524
MA-BA-87,Falmouth 1.5 NNW,41.566667,-70.615556,2026-05-02,0.0,0.0,0.0
MA-BA-87,Falmouth 1.5 NNW,41.566667,-70.615556,2026-05-03,0.58,0.4261122,0.96251386
MA-BA-87,Falmouth 1.5 NNW,41.566667,-70.615556,2026-05-04,0.01,0.005376298,0.12840812
MA-BA-87,Falmouth 1.5 NNW,41.566667,-70.615556,2026-05-05,0.0,0.0,0.0
MA-BA-87,Falmouth 1.5 NNW,41.566667,-70.615556,2026-05-06,0.0,0.0,0.0
MA-BA-87,Falmouth 1.5 NNW,41.566667,-70.615556,2026-05-07,0.31,0.27273473,0.44733545
MA-BA-87,Falmouth 1.5 NNW,41.566667,-70.615556,2026-05-08,0.06,0.13010615,0.055435136
MA-BA-87,Falmouth 1.5 NNW,41.566667,-70.615556,2026-05-09,0.03,0.009319092,0.048192378
MA-BA-87,Falmouth 1.5 NNW,41.566667,-70.615556,2026-05-10,0.12,0.46465918,0.13234723
MA-BA-87,Falmouth 1.5 NNW,41.566667,-70.615556,2026-05-11,0.26,0.04693232,0.022696346
MA-BA-87,Falmouth 1.5 NNW,41.566667,-70.615556,2026-05-20,0.0,0.0,3.9335548e-05
MA-BA-87,Falmouth 1.5 NNW,41.566667,-70.615556,2026-05-21,0.15,0.0031468438,0.4942345
MA-BA-87,Falmouth 1.5 NNW,41.566667,-70.615556,2026-05-22,0.02,0.0039013468,0.0013347686
MA-BA-87,Falmouth 1.5 NNW,41.566667,-70.615556,2026-05-23,0.0,0.0,0.0
MA-BA-87,Falmouth 1.5 NNW,41.566667,-70.615556,2026-05-24,0.1,0.180802,0.018771239
MA-BA-87,Falmouth 1.5 NNW,41.566667,-70.615556,2026-05-25,0.7,0.5834037,0.4627085
MA-BA-87,Falmouth 1.5 NNW,41.566667,-70.615556,2026-05-26,0.06,0.02308442,0.09526278
MA-BA-87,Falmouth 1.5 NNW,41.566667,-70.615556,2026-05-27,0.0,0.0,0.0
MA-BA-87,Falmouth 1.5 NNW,41.566667,-70.615556,2026-05-28,0.0,0.00039282747,0.0
MA-BA-87,Falmouth 1.5 NNW,41.566667,-70.615556,2026-05-29,0.11,0.036506027,0.2886759
MA-BA-87,Falmouth 1.5 NNW,41.566667,-70.615556,2026-05-30,0.1,0.228558,0.16016379
MA-BA-87,Falmouth 1.5 NNW,41.566667,-70.615556,2026-05-31,0.3,0.3882318,0.35495552
MA-BA-87,Falmouth 1.5 NNW,41.566667,-70.615556,2026-06-01,0.1,0.06846602,0.03829566
MA-BA-87,Falmouth 1.5 NNW,41.566667,-70.615556,2026-06-02,0.0,0.0,0.0
MA-BA-87,Falmouth 1.5 NNW,41.566667,-70.615556,2026-06-03,0.0,0.0023654127,7.8671095e-05
MA-BA-87,Falmouth 1.5 NNW,41.566667,-70.615556,2026-06-04,0.0,0.0,0.0
MA-BA-87,Falmouth 1.5 NNW,41.566667,-70.615556,2026-06-05,0.0,0.0,0.0
MA-BA-87,Falmouth 1.5 NNW,41.566667,-70.615556,2026-06-06,0.0,0.0,0.0
MA-BA-87,Falmouth 1.5 NNW,41.566667,-70.615556,2026-06-07,0.05,0.22982228,0.059281573
MA-BA-87,Falmouth 1.5 NNW,41.566667,-70.615556,2026-06-08,0.0,0.44918475,0.14899565
MA-BA-87,Falmouth 1.5 NNW,41.566667,-70.615556,2026-06-09,0.0,0.0,0.0
MA-BA-87,Falmouth 1.5 NNW,41.566667,-70.615556,2026-06-10,0.0,0.0,0.0
MA-BA-87,Falmouth 1.5 NNW,41.566667,-70.615556,2026-06-14,0.0,0.0,0.0
MA-BA-87,Falmouth 1.5 NNW,41.566667,-70.615556,2026-06-15,0.1,0.1314887,0.11734981
MA-BA-87,Falmouth 1.5 NNW,41.566667,-70.615556,2026-06-16,0.0,0.026025085,0.00039388344
MA-BA-87,Falmouth 1.5 NNW,41.566667,-70.615556,2026-06-17,0.0,0.0,0.0
MA-BA-87,Falmouth 1.5 NNW,41.566667,-70.615556,2026-06-18,0.0,0.0,0.0
MA-BA-87,Falmouth 1.5 NNW,41.566667,-70.615556,2026-06-19,0.0,0.00011800665,0.02781023
MA-BA-87,Falmouth 1.5 NNW,41.566667,-70.615556,2026-06-20,0.0,0.0,0.00039282747
MA-BA-87,Falmouth 1.5 NNW,41.566667,-70.615556,2026-06-21,0.0,0.0,0.07955654
MA-BA-87,Falmouth 1.5 NNW,41.566667,-70.615556,2026-06-22,0.0,0.0,0.0
MA-BA-87,Falmouth 1.5 NNW,41.566667,-70.615556,2026-06-23,0.62,0.19336325,0.08979909
MA-BA-87,Falmouth 1.5 NNW,41.566667,-70.615556,2026-06-24,0.21,1.5418394,0.467904
MA-BA-87,Falmouth 1.5 NNW,41.566667,-70.615556,2026-06-25,0.0,7.8671095e-05,0.00059135316
MA-BA-87,Falmouth 1.5 NNW,41.566667,-70.615556,2026-06-26,0.0,0.0,0.0
MA-BA-87,Falmouth 1.5 NNW,41.566667,-70.615556,2026-06-27,0.06,0.0029113584,0.00015734219
MA-BA-87,Falmouth 1.5 NNW,41.566667,-70.615556,2026-06-28,0.03,0.011454828,0.4307823
MA-BA-87,Falmouth 1.5 NNW,41.566667,-70.615556,2026-06-30,0.0,0.00011800665,0.00031442038
MA-BA-87,Falmouth 1.5 NNW,41.566667,-70.615556,2026-07-01,0.0,0.00070645584,0.015948055
MA-BA-87,Falmouth 1.5 NNW,41.566667,-70.615556,2026-07-02,0.0,3.9335548e-05,0.064879894
MA-BA-87,Falmouth 1.5 NNW,41.566667,-70.615556,2026-07-03,0.0,0.0,0.009268669
MA-BA-87,Falmouth 1.5 NNW,41.566667,-70.615556,2026-07-04,0.0,0.0,0.20385766
MA-BA-87,Falmouth 1.5 NNW,41.566667,-70.615556,2026-07-05,0.37,0.117561005,0.0046033147
MA-BA-87,Falmouth 1.5 NNW,41.566667,-70.615556,2026-07-06,0.44,0.014509801,0.04393807
MA-BA-87,Falmouth 1.5 NNW,41.566667,-70.615556,2026-07-07,1.13,1.5582169,1.011932
MA-BA-87,Falmouth 1.5 NNW,41.566667,-70.615556,2026-07-08,3.7,1.580342,3.5172758
MA-BA-87,Falmouth 1.5 NNW,41.566667,-70.615556,2026-07-09,0.0,0.0,0.007467946
MA-BA-87,Falmouth 1.5 NNW,41.566667,-70.615556,2026-07-10,0.0,0.0,0.0028366472
MA-BA-87,Falmouth 1.5 NNW,41.566667,-70.615556,2026-07-11,0.16,0.052213583,0.05287252
MA-BA-87,Falmouth 1.5 NNW,41.566667,-70.615556,2026-07-12,0.0,0.0,0.00082499045
MA-BA-87,Falmouth 1.5 NNW,41.566667,-70.615556,2026-07-13,0.0,0.0,0.0
MA-BA-87,Falmouth 1.5 NNW,41.566667,-70.615556,2026-07-14,0.0,0.0,0.028351162
MA-BA-87,Falmouth 1.5 NNW,41.566667,-70.615556,2026-07-15,0.0,0.0,0.0
MA-BA-87,Falmouth 1.5 NNW,41.566667,-70.615556,2026-07-16,0.0,0.0,0.0
MA-BA-87,Falmouth 1.5 NNW,41.566667,-70.615556,2026-07-17,0.0,0.0,0.0
MA-BA-87,Falmouth 1.5 NNW,41.566667,-70.615556,2026-07-18,0.0,0.0,0.0
MA-BA-87,Falmouth 1.5 NNW,41.566667,-70.615556,2026-07-19,1.37,1.4137311,1.0116194
MA-BA-87,Falmouth 1.5 NNW,41.566667,-70.615556,2026-07-20,0.0,0.0,0.0
MA-BA-87,Falmouth 1.5 NNW,41.566667,-70.615556,2026-07-21,0.0,0.0,0.0
MA-BA-87,Falmouth 1.5 NNW,41.566667,-70.615556,2026-07-22,1.52,1.3441036,0.49940622
MA-BA-87,Falmouth 1.5 NNW,41.566667,-70.615556,2026-07-23,0.02,0.029319502,0.36977446
MA-BA-87,Falmouth 1.5 NNW,41.566667,-70.615556,2026-07-24,0.0,0.0047984086,0.00039282747
MA-BA-87,Falmouth 1.5 NNW,41.566667,-70.615556,2026-07-25,0.0,0.0,0.0
MA-BA-87,Falmouth 1.5 NNW,41.566667,-70.615556,2026-07-26,0.0,0.0,0.0
MA-BA-87,Falmouth 1.5 NNW,41.566667,-70.615556,2026-07-27,0.0,0.0,0.00015734219
MA-BA-87,Falmouth 1.5 NNW,41.566667,-70.615556,2026-07-28,0.0,0.0,0.0
MA-BA-87,Falmouth 1.5 NNW,41.566667,-70.615556,2026-07-29,0.0,0.00039282747,0.0061374013
MA-BA-87,Falmouth 1.5 NNW,41.566667,-70.615556,2026-07-30,0.24,1.589004,0.5617488
MA-BA-87,Falmouth 1.5 NNW,41.566667,-70.615556,2026-07-31,0.49,0.011574682,0.025205638
MA-BA-87,Falmouth 1.5 NNW,41.566667,-70.615556,2026-08-01,0.04,0.0,0.0012178179
MA-BA-87,Falmouth 1.5 NNW,41.566667,-70.615556,2026-08-02,0.0,0.0,0.0
MA-BA-87,Falmouth 1.5 NNW,41.566667,-70.615556,2026-08-03,0.02,0.016308676,0.018627625
MA-BA-101,North Falmouth 1.2 SE,41.6328232,-70.614358,2025-10-09,0.9,0.812703,1.6816901
MA-BA-101,North Falmouth 1.2 SE,41.6328232,-70.614358,2025-10-10,0.0,0.0,0.0
MA-BA-101,North Falmouth 1.2 SE,41.6328232,-70.614358,2025-10-11,0.0,0.00047149856,0.0015713099
MA-BA-101,North Falmouth 1.2 SE,41.6328232,-70.614358,2025-10-12,0.0,0.0,0.010913898
MA-BA-101,North Falmouth 1.2 SE,41.6328232,-70.614358,2025-10-13,2.48,1.7680235,0.8979951
MA-BA-101,North Falmouth 1.2 SE,41.6328232,-70.614358,2025-10-14,1.36,1.6013907,1.5892195
MA-BA-101,North Falmouth 1.2 SE,41.6328232,-70.614358,2025-10-16,0.0,0.0,0.0
MA-BA-101,North Falmouth 1.2 SE,41.6328232,-70.614358,2025-10-17,0.0,0.0031478996,0.09759836
MA-BA-101,North Falmouth 1.2 SE,41.6328232,-70.614358,2025-10-18,0.0,0.0,0.0
MA-BA-101,North Falmouth 1.2 SE,41.6328232,-70.614358,2025-10-19,0.0,0.0,0.0
MA-BA-101,North Falmouth 1.2 SE,41.6328232,-70.614358,2025-10-20,0.0,0.00035322792,0.0
MA-BA-101,North Falmouth 1.2 SE,41.6328232,-70.614358,2025-10-21,0.78,0.8684781,0.3887387
MA-BA-101,North Falmouth 1.2 SE,41.6328232,-70.614358,2025-10-25,0.0,0.0,0.0
MA-BA-101,North Falmouth 1.2 SE,41.6328232,-70.614358,2025-11-01,0.01,0.0,0.005352538
MA-BA-101,North Falmouth 1.2 SE,41.6328232,-70.614358,2025-11-03,0.0,0.0,0.0
MA-BA-101,North Falmouth 1.2 SE,41.6328232,-70.614358,2025-11-04,0.35,0.13547744,0.6633969
MA-BA-101,North Falmouth 1.2 SE,41.6328232,-70.614358,2025-11-09,0.03,0.03349831,0.05226295
MA-BA-101,North Falmouth 1.2 SE,41.6328232,-70.614358,2025-11-10,2.27,0.29086366,0.1584185
MA-BA-101,North Falmouth 1.2 SE,41.6328232,-70.614358,2025-11-11,0.47,0.25005817,0.07682153
MA-BA-101,North Falmouth 1.2 SE,41.6328232,-70.614358,2025-12-20,0.42,0.31468436,0.54543173
MA-BA-101,North Falmouth 1.2 SE,41.6328232,-70.614358,2025-12-21,0.0,0.0,0.0
MA-BA-101,North Falmouth 1.2 SE,41.6328232,-70.614358,2026-03-13,0.06,0.23783089,0.14787737
MA-BA-101,North Falmouth 1.2 SE,41.6328232,-70.614358,2026-03-27,0.14,0.16746515,0.2839868
MA-BA-101,North Falmouth 1.2 SE,41.6328232,-70.614358,2026-04-01,0.24,0.30207852,0.057542626
MA-BA-101,North Falmouth 1.2 SE,41.6328232,-70.614358,2026-04-03,0.21,0.38735455,0.4702435
MA-BA-101,North Falmouth 1.2 SE,41.6328232,-70.614358,2026-04-04,0.02,0.030561343,0.009945293
MA-BA-101,North Falmouth 1.2 SE,41.6328232,-70.614358,2026-05-03,0.61,0.41387963,0.9612298
MA-BA-101,North Falmouth 1.2 SE,41.6328232,-70.614358,2026-05-04,0.01,0.011527163,0.13312179
MA-BA-101,North Falmouth 1.2 SE,41.6328232,-70.614358,2026-05-05,0.0,0.0,0.0
MA-BA-101,North Falmouth 1.2 SE,41.6328232,-70.614358,2026-05-06,0.0,0.0,0.0
MA-BA-101,North Falmouth 1.2 SE,41.6328232,-70.614358,2026-05-07,0.57,0.20698206,0.35949415
MA-BA-101,North Falmouth 1.2 SE,41.6328232,-70.614358,2026-05-09,0.2,0.004527812,0.061200827
MA-BA-101,North Falmouth 1.2 SE,41.6328232,-70.614358,2026-05-10,0.16,0.51356673,0.18489529
MA-BA-101,North Falmouth 1.2 SE,41.6328232,-70.614358,2026-05-15,0.12,1.0388765,0.6529577
MA-BA-101,North Falmouth 1.2 SE,41.6328232,-70.614358,2026-05-16,0.0,0.0,0.01159897
MA-BA-101,North Falmouth 1.2 SE,41.6328232,-70.614358,2026-05-17,0.0,0.030608863,0.011168128
MA-BA-101,North Falmouth 1.2 SE,41.6328232,-70.614358,2026-05-18,0.0,0.035413608,0.006392158
MA-BA-101,North Falmouth 1.2 SE,41.6328232,-70.614358,2026-05-20,0.0,0.0,0.0
MA-BA-101,North Falmouth 1.2 SE,41.6328232,-70.614358,2026-05-26,0.08,0.033682052,0.09586521
MA-BA-101,North Falmouth 1.2 SE,41.6328232,-70.614358,2026-05-29,0.16,0.056719217,0.20801324
MA-BA-101,North Falmouth 1.2 SE,41.6328232,-70.614358,2026-05-30,0.27,0.20730019,0.12268255
MA-BA-101,North Falmouth 1.2 SE,41.6328232,-70.614358,2026-05-31,0.41,0.42996448,0.37273228
MA-BA-101,North Falmouth 1.2 SE,41.6328232,-70.614358,2026-06-01,0.19,0.1351432,0.02768932
MA-BA-101,North Falmouth 1.2 SE,41.6328232,-70.614358,2026-06-02,0.02,0.0,0.0
MA-BA-101,North Falmouth 1.2 SE,41.6328232,-70.614358,2026-06-16,0.0,0.037704308,0.01787893
MA-BA-101,North Falmouth 1.2 SE,41.6328232,-70.614358,2026-07-07,0.66,1.9347217,1.1079873
MA-BA-101,North Falmouth 1.2 SE,41.6328232,-70.614358,2026-07-08,2.72,1.5154938,2.7730577
MA-BA-105,Falmouth 4.9 NNW,41.6104,-70.6463,2025-01-01,0.56,0.14091101,1.245215
MA-BA-105,Falmouth 4.9 NNW,41.6104,-70.6463,2025-01-02,0.1,0.38528058,0.12787828
MA-BA-105,Falmouth 4.9 NNW,41.6104,-70.6463,2025-01-03,0.0,0.0020887437,0.0
MA-BA-105,Falmouth 4.9 NNW,41.6104,-70.6463,2025-01-04,0.0,0.0,0.0
MA-BA-105,Falmouth 4.9 NNW,41.6104,-70.6463,2025-01-05,0.0,0.0,0.0
MA-BA-105,Falmouth 4.9 NNW,41.6104,-70.6463,2025-01-06,0.0,0.0,0.0
MA-BA-105,Falmouth 4.9 NNW,41.6104,-70.6463,2025-01-07,0.0,0.0,3.9335548e-05
MA-BA-105,Falmouth 4.9 NNW,41.6104,-70.6463,2025-01-08,0.0,0.0,0.0
MA-BA-105,Falmouth 4.9 NNW,41.6104,-70.6463,2025-01-09,0.0,0.0,0.0
MA-BA-105,Falmouth 4.9 NNW,41.6104,-70.6463,2025-01-10,0.0,0.00078697497,0.005983227
MA-BA-105,Falmouth 4.9 NNW,41.6104,-70.6463,2025-01-11,0.0,0.0019261218,0.00015734219
MA-BA-105,Falmouth 4.9 NNW,41.6104,-70.6463,2025-01-12,0.04,0.15350628,0.1115585
MA-BA-105,Falmouth 4.9 NNW,41.6104,-70.6463,2025-01-13,0.0,0.0,0.0
MA-BA-105,Falmouth 4.9 NNW,41.6104,-70.6463,2025-01-14,0.0,0.00090392557,0.0009841806
MA-BA-105,Falmouth 4.9 NNW,41.6104,-70.6463,2025-01-15,0.0,0.0,0.0
MA-BA-105,Falmouth 4.9 NNW,41.6104,-70.6463,2025-01-16,0.0,0.0,0.0
MA-BA-105,Falmouth 4.9 NNW,41.6104,-70.6463,2025-01-17,0.0,0.02940847,0.078770354
MA-BA-105,Falmouth 4.9 NNW,41.6104,-70.6463,2025-01-18,0.0,0.0,0.0
MA-BA-105,Falmouth 4.9 NNW,41.6104,-70.6463,2025-01-19,0.53,0.39419022,0.15865107
MA-BA-105,Falmouth 4.9 NNW,41.6104,-70.6463,2025-01-20,0.47,0.46059918,0.43409705
MA-BA-105,Falmouth 4.9 NNW,41.6104,-70.6463,2025-01-21,0.0,0.005119429,0.0026410255
MA-BA-105,Falmouth 4.9 NNW,41.6104,-70.6463,2025-01-22,0.01,0.00031521235,0.0
MA-BA-105,Falmouth 4.9 NNW,41.6104,-70.6463,2025-01-23,0.0,0.0,0.0015697259
MA-BA-105,Falmouth 4.9 NNW,41.6104,-70.6463,2025-01-24,0.0,0.0,0.005715534
MA-BA-105,Falmouth 4.9 NNW,41.6104,-70.6463,2025-01-25,0.0,0.0,0.0
MA-BA-105,Falmouth 4.9 NNW,41.6104,-70.6463,2025-01-26,0.0,0.0,0.007704487
MA-BA-105,Falmouth 4.9 NNW,41.6104,-70.6463,2025-01-27,0.0,0.0,0.0100699
MA-BA-105,Falmouth 4.9 NNW,41.6104,-70.6463,2025-01-28,0.0,0.0,0.0
MA-BA-105,Falmouth 4.9 NNW,41.6104,-70.6463,2025-01-29,0.0,0.0,0.07173378
MA-BA-105,Falmouth 4.9 NNW,41.6104,-70.6463,2025-01-30,0.0,0.016631017,0.046308495
MA-BA-105,Falmouth 4.9 NNW,41.6104,-70.6463,2025-01-31,0.0,0.0,0.0
MA-BA-105,Falmouth 4.9 NNW,41.6104,-70.6463,2025-02-01,0.69,1.0618169,0.98996747
MA-BA-105,Falmouth 4.9 NNW,41.6104,-70.6463,2025-02-04,0.0,0.00011800664,0.0
MA-BA-105,Falmouth 4.9 NNW,41.6104,-70.6463,2025-02-05,0.0,0.0,0.0
MA-BA-105,Falmouth 4.9 NNW,41.6104,-70.6463,2025-02-06,0.0,0.0,0.0
MA-BA-105,Falmouth 4.9 NNW,41.6104,-70.6463,2025-02-07,0.26,0.36350188,0.31450275
MA-BA-105,Falmouth 4.9 NNW,41.6104,-70.6463,2025-02-08,0.0,0.0,3.9335548e-05
MA-BA-105,Falmouth 4.9 NNW,41.6104,-70.6463,2025-02-09,0.53,0.68496704,0.6400131
MA-BA-105,Falmouth 4.9 NNW,41.6104,-70.6463,2025-02-10,0.0,0.026669236,0.10827729
MA-BA-105,Falmouth 4.9 NNW,41.6104,-70.6463,2025-02-11,0.0,0.0,0.0
MA-BA-105,Falmouth 4.9 NNW,41.6104,-70.6463,2025-02-12,0.01,0.04732515,0.0
MA-BA-105,Falmouth 4.9 NNW,41.6104,-70.6463,2025-02-13,0.15,0.097792916,0.059829894
MA-BA-105,Falmouth 4.9 NNW,41.6104,-70.6463,2025-02-14,0.02,0.20738755,0.3397654
MA-BA-105,Falmouth 4.9 NNW,41.6104,-70.6463,2025-02-15,0.0,0.0,0.0
MA-BA-105,Falmouth 4.9 NNW,41.6104,-70.6463,2025-02-17,1.16,0.96587956,1.4276279
MA-BA-105,Falmouth 4.9 NNW,41.6104,-70.6463,2025-02-18,0.0,0.0068251127,0.00019667773
MA-BA-105,Falmouth 4.9 NNW,41.6104,-70.6463,2025-02-19,0.0,0.0,0.0
MA-BA-105,Falmouth 4.9 NNW,41.6104,-70.6463,2025-02-20,0.0,0.0,0.0
MA-BA-105,Falmouth 4.9 NNW,41.6104,-70.6463,2025-02-21,0.0,0.05362544,0.012804644
MA-BA-105,Falmouth 4.9 NNW,41.6104,-70.6463,2025-02-22,0.0,0.0,0.0
MA-BA-105,Falmouth 4.9 NNW,41.6104,-70.6463,2025-02-23,0.0,0.0,0.0
MA-BA-105,Falmouth 4.9 NNW,41.6104,-70.6463,2025-02-24,0.0,0.0,0.0
MA-BA-105,Falmouth 4.9 NNW,41.6104,-70.6463,2025-02-25,0.0,0.0,0.0
MA-BA-105,Falmouth 4.9 NNW,41.6104,-70.6463,2025-02-26,0.0,7.8671095e-05,0.0045555313
MA-BA-105,Falmouth 4.9 NNW,41.6104,-70.6463,2025-02-27,0.02,0.016878909,0.13423717
MA-BA-105,Falmouth 4.9 NNW,41.6104,-70.6463,2025-02-28,0.04,0.0472639,0.02722363
MA-BA-105,Falmouth 4.9 NNW,41.6104,-70.6463,2025-03-01,0.0,0.0,0.00055043364
MA-BA-105,Falmouth 4.9 NNW,41.6104,-70.6463,2025-03-02,0.0,7.8671095e-05,0.0
MA-BA-105,Falmouth 4.9 NNW,41.6104,-70.6463,2025-03-03,0.0,0.0,0.0
MA-BA-105,Falmouth 4.9 NNW,41.6104,-70.6463,2025-03-04,0.0,0.0,0.0
MA-BA-105,Falmouth 4.9 NNW,41.6104,-70.6463,2025-03-05,0.0,0.0,0.0
MA-BA-105,Falmouth 4.9 NNW,41.6104,-70.6463,2025-03-06,0.44,0.52057666,0.69299835
MA-BA-105,Falmouth 4.9 NNW,41.6104,-70.6463,2025-03-07,0.04,0.3648501,0.0752225
MA-BA-105,Falmouth 4.9 NNW,41.6104,-70.6463,2025-03-08,0.0,0.0,0.0073961387
MA-BA-105,Falmouth 4.9 NNW,41.6104,-70.6463,2025-03-09,0.0,7.8671095e-05,0.0063470146
MA-BA-105,Falmouth 4.9 NNW,41.6104,-70.6463,2025-03-10,0.0,0.0,0.005199156
MA-BA-105,Falmouth 4.9 NNW,41.6104,-70.6463,2025-03-11,0.0,0.0,0.0
MA-BA-105,Falmouth 4.9 NNW,41.6104,-70.6463,2025-03-12,0.0,0.0,7.8671095e-05
MA-BA-105,Falmouth 4.9 NNW,41.6104,-70.6463,2025-03-13,0.0,0.0,0.0
MA-BA-105,Falmouth 4.9 NNW,41.6104,-70.6463,2025-03-14,0.0,0.018353067,0.010283473
MA-BA-105,Falmouth 4.9 NNW,41.6104,-70.6463,2025-03-15,0.0,0.0023234372,0.0036201903
MA-BA-105,Falmouth 4.9 NNW,41.6104,-70.6463,2025-03-16,0.0,0.011643849,0.009491218
MA-BA-105,Falmouth 4.9 NNW,41.6104,-70.6463,2025-03-17,0.43,0.0062876157,0.81791884
MA-BA-105,Falmouth 4.9 NNW,41.6104,-70.6463,2025-03-18,1.82,1.8942428,2.5068307
MA-BA-105,Falmouth 4.9 NNW,41.6104,-70.6463,2025-03-19,0.0,0.0,0.008988569
MA-BA-105,Falmouth 4.9 NNW,41.6104,-70.6463,2025-03-20,0.01,0.017307904,0.0129907625
MA-BA-105,Falmouth 4.9 NNW,41.6104,-70.6463,2025-03-21,0.28,0.14674056,0.165845
MA-BA-105,Falmouth 4.9 NNW,41.6104,-70.6463,2025-03-22,0.12,0.10208023,0.2042103
MA-BA-105,Falmouth 4.9 NNW,41.6104,-70.6463,2025-03-23,0.0,0.0,0.0010982273
MA-BA-105,Falmouth 4.9 NNW,41.6104,-70.6463,2025-03-24,0.0,0.0,0.0
MA-BA-105,Falmouth 4.9 NNW,41.6104,-70.6463,2025-03-25,0.54,0.62420285,0.43719164
MA-BA-105,Falmouth 4.9 NNW,41.6104,-70.6463,2025-03-26,0.0,0.02269529,0.090595305
MA-BA-105,Falmouth 4.9 NNW,41.6104,-70.6463,2025-03-27,0.0,0.1703406,0.15617637
MA-BA-105,Falmouth 4.9 NNW,41.6104,-70.6463,2025-03-28,0.0,0.00039282747,0.00986715
MA-BA-105,Falmouth 4.9 NNW,41.6104,-70.6463,2025-03-29,0.05,0.120549984,0.0029116224
MA-BA-105,Falmouth 4.9 NNW,41.6104,-70.6463,2025-03-30,0.09,0.255166,0.42770463
MA-BA-105,Falmouth 4.9 NNW,41.6104,-70.6463,2025-03-31,0.01,0.045656957,0.051150464
MA-BA-105,Falmouth 4.9 NNW,41.6104,-70.6463,2025-04-01,0.21,0.66896355,0.4375166
MA-BA-105,Falmouth 4.9 NNW,41.6104,-70.6463,2025-04-02,0.06,0.055046532,0.030159013
MA-BA-105,Falmouth 4.9 NNW,41.6104,-70.6463,2025-04-03,0.2,0.08541674,0.06535825
MA-BA-105,Falmouth 4.9 NNW,41.6104,-70.6463,2025-04-04,0.18,0.19311298,0.27591747
MA-BA-105,Falmouth 4.9 NNW,41.6104,-70.6463,2025-04-05,0.0,0.06515022,0.01770258
MA-BA-105,Falmouth 4.9 NNW,41.6104,-70.6463,2025-04-06,0.78,0.7083052,0.42038268
MA-BA-105,Falmouth 4.9 NNW,41.6104,-70.6463,2025-04-07,0.03,0.10577302,0.11625053
MA-BA-105,Falmouth 4.9 NNW,41.6104,-70.6463,2025-04-08,0.56,0.7584173,0.5133664
MA-BA-105,Falmouth 4.9 NNW,41.6104,-70.6463,2025-04-09,0.04,0.04210857,0.04527495
MA-BA-105,Falmouth 4.9 NNW,41.6104,-70.6463,2025-04-12,0.35,0.12837407,0.088023454
MA-BA-105,Falmouth 4.9 NNW,41.6104,-70.6463,2025-04-13,0.18,0.55059946,0.56593347
MA-BA-105,Falmouth 4.9 NNW,41.6104,-70.6463,2025-04-22,0.1,0.0890166,0.11482785
MA-BA-105,Falmouth 4.9 NNW,41.6104,-70.6463,2025-04-23,0.01,0.11379008,0.22118272
MA-BA-105,Falmouth 4.9 NNW,41.6104,-70.6463,2025-04-24,0.0,0.0,0.0
MA-BA-105,Falmouth 4.9 NNW,41.6104,-70.6463,2025-04-25,0.0,0.0,0.0
MA-BA-105,Falmouth 4.9 NNW,41.6104,-70.6463,2025-04-26,0.0,0.009380076,0.0
MA-BA-105,Falmouth 4.9 NNW,41.6104,-70.6463,2025-04-27,0.8,0.9178694,1.2948655
MA-BA-105,Falmouth 4.9 NNW,41.6104,-70.6463,2025-04-28,0.01,0.0021222716,3.9335548e-05
MA-BA-105,Falmouth 4.9 NNW,41.6104,-70.6463,2025-04-29,0.0,0.0,0.0
MA-BA-105,Falmouth 4.9 NNW,41.6104,-70.6463,2025-04-30,0.0,3.9335548e-05,0.0
MA-BA-105,Falmouth 4.9 NNW,41.6104,-70.6463,2025-05-01,0.0,0.0,0.00023654127
MA-BA-105,Falmouth 4.9 NNW,41.6104,-70.6463,2025-05-02,0.56,0.055958908,0.06721996
MA-BA-105,Falmouth 4.9 NNW,41.6104,-70.6463,2025-05-03,0.0,0.036078088,0.14574876
MA-BA-105,Falmouth 4.9 NNW,41.6104,-70.6463,2025-05-04,0.0,0.00019694172,0.0
MA-BA-105,Falmouth 4.9 NNW,41.6104,-70.6463,2025-05-05,0.13,0.0,0.5127349
MA-BA-105,Falmouth 4.9 NNW,41.6104,-70.6463,2025-05-06,0.01,0.19197515,0.24358076
MA-BA-105,Falmouth 4.9 NNW,41.6104,-70.6463,2025-05-07,0.11,0.55532813,0.2790564
MA-BA-105,Falmouth 4.9 NNW,41.6104,-70.6463,2025-05-08,0.0,0.0,0.022688162
MA-BA-105,Falmouth 4.9 NNW,41.6104,-70.6463,2025-05-09,0.0,0.0011784824,7.8671095e-05
MA-BA-105,Falmouth 4.9 NNW,41.6104,-70.6463,2025-05-10,1.1,1.2443042,1.2248698
MA-BA-105,Falmouth 4.9 NNW,41.6104,-70.6463,2025-05-11,0.01,0.003893691,0.00078565493
MA-BA-105,Falmouth 4.9 NNW,41.6104,-70.6463,2025-05-12,0.0,0.0,0.0
MA-BA-105,Falmouth 4.9 NNW,41.6104,-70.6463,2025-05-13,0.0,0.0,0.0
MA-BA-105,Falmouth 4.9 NNW,41.6104,-70.6463,2025-05-15,0.01,0.0064090537,0.0
MA-BA-105,Falmouth 4.9 NNW,41.6104,-70.6463,2025-05-16,0.02,1.1232926,0.015812097
MA-BA-105,Falmouth 4.9 NNW,41.6104,-70.6463,2025-05-17,0.0,0.0031072441,0.0061767367
MA-BA-105,Falmouth 4.9 NNW,41.6104,-70.6463,2025-05-18,0.01,0.0011375629,0.009052719
MA-BA-105,Falmouth 4.9 NNW,41.6104,-70.6463,2025-05-19,0.0,0.00019641373,3.9335548e-05
MA-BA-105,Falmouth 4.9 NNW,41.6104,-70.6463,2025-05-20,0.0,0.0,0.0
MA-BA-105,Falmouth 4.9 NNW,41.6104,-70.6463,2025-05-21,0.0,0.0005895052,0.0169325
MA-BA-105,Falmouth 4.9 NNW,41.6104,-70.6463,2025-05-23,4.47,2.0134335,2.7097492
MA-BA-105,Falmouth 4.9 NNW,41.6104,-70.6463,2025-05-24,0.01,0.011386189,0.05954504
MA-BA-105,Falmouth 4.9 NNW,41.6104,-70.6463,2025-05-25,0.04,0.038281143,0.010216154
MA-BA-105,Falmouth 4.9 NNW,41.6104,-70.6463,2025-05-26,0.0,0.015546781,0.009483826
MA-BA-105,Falmouth 4.9 NNW,41.6104,-70.6463,2025-05-27,0.0,0.0,0.0
MA-BA-105,Falmouth 4.9 NNW,41.6104,-70.6463,2025-05-29,0.17,0.049031626,0.1534984
MA-BA-105,Falmouth 4.9 NNW,41.6104,-70.6463,2025-05-30,0.04,0.08262841,0.2526303
MA-BA-105,Falmouth 4.9 NNW,41.6104,-70.6463,2025-05-31,0.17,0.15007567,0.45698613
MA-BA-105,Falmouth 4.9 NNW,41.6104,-70.6463,2025-06-01,0.0,0.5879539,0.69350785
MA-BA-105,Falmouth 4.9 NNW,41.6104,-70.6463,2025-06-02,0.0,0.00015734219,0.0
MA-BA-105,Falmouth 4.9 NNW,41.6104,-70.6463,2025-06-03,0.0,0.0,0.0
MA-BA-105,Falmouth 4.9 NNW,41.6104,-70.6463,2025-06-04,0.0,0.0,0.0
MA-BA-105,Falmouth 4.9 NNW,41.6104,-70.6463,2025-06-05,0.0,0.0,0.0
MA-BA-105,Falmouth 4.9 NNW,41.6104,-70.6463,2025-06-06,0.0,0.0,0.0
MA-BA-105,Falmouth 4.9 NNW,41.6104,-70.6463,2025-06-07,0.0,0.0077071274,3.9335548e-05
MA-BA-105,Falmouth 4.9 NNW,41.6104,-70.6463,2025-06-08,0.15,0.1253608,0.08999947
MA-BA-105,Falmouth 4.9 NNW,41.6104,-70.6463,2025-06-09,0.0,0.00011800665,0.000432955
MA-BA-105,Falmouth 4.9 NNW,41.6104,-70.6463,2025-06-10,0.05,0.009798247,0.046368953
MA-BA-105,Falmouth 4.9 NNW,41.6104,-70.6463,2025-06-11,0.64,0.07108593,0.08006077
MA-BA-105,Falmouth 4.9 NNW,41.6104,-70.6463,2025-06-12,0.0,0.0,0.0
MA-BA-105,Falmouth 4.9 NNW,41.6104,-70.6463,2025-06-13,0.0,3.9335548e-05,0.00011800665
MA-BA-105,Falmouth 4.9 NNW,41.6104,-70.6463,2025-06-14,0.0,0.023316212,0.00362415
MA-BA-105,Falmouth 4.9 NNW,41.6104,-70.6463,2025-06-15,0.17,0.24234603,0.08385652
MA-BA-105,Falmouth 4.9 NNW,41.6104,-70.6463,2025-06-16,0.0,0.00031521235,0.0011037713
MA-BA-105,Falmouth 4.9 NNW,41.6104,-70.6463,2025-06-17,0.0,0.09282819,0.064285636
MA-BA-105,Falmouth 4.9 NNW,41.6104,-70.6463,2025-06-18,0.0,0.010788764,0.006496173
MA-BA-105,Falmouth 4.9 NNW,41.6104,-70.6463,2025-06-19,0.0,0.014153141,0.10088168
MA-BA-105,Falmouth 4.9 NNW,41.6104,-70.6463,2025-06-20,0.0,0.00031468438,0.00062936876
MA-BA-105,Falmouth 4.9 NNW,41.6104,-70.6463,2025-06-22,0.0,0.0,0.39435917
MA-BA-105,Falmouth 4.9 NNW,41.6104,-70.6463,2025-06-23,0.0,0.008354976,0.007197613
MA-BA-105,Falmouth 4.9 NNW,41.6104,-70.6463,2025-06-24,0.0,0.0,0.0
MA-BA-105,Falmouth 4.9 NNW,41.6104,-70.6463,2025-06-25,0.0,0.0,0.0
MA-BA-105,Falmouth 4.9 NNW,41.6104,-70.6463,2025-06-26,0.0,0.0,0.23025604
MA-BA-105,Falmouth 4.9 NNW,41.6104,-70.6463,2025-06-27,0.0,0.0050822054,0.27204913
MA-BA-105,Falmouth 4.9 NNW,41.6104,-70.6463,2025-07-05,0.0,0.0,0.0
MA-BA-105,Falmouth 4.9 NNW,41.6104,-70.6463,2025-07-06,0.0,0.0,0.0
MA-BA-105,Falmouth 4.9 NNW,41.6104,-70.6463,2025-07-07,0.0,0.0016909005,0.0
MA-BA-105,Falmouth 4.9 NNW,41.6104,-70.6463,2025-07-08,0.19,0.06418056,0.17750573
MA-BA-105,Falmouth 4.9 NNW,41.6104,-70.6463,2025-07-09,0.45,0.26862904,1.0226297
MA-BA-105,Falmouth 4.9 NNW,41.6104,-70.6463,2025-07-12,0.0,0.0040085297,0.00011827063
MA-BA-105,Falmouth 4.9 NNW,41.6104,-70.6463,2025-07-13,0.0,0.00330313,0.005001686
MA-BA-105,Falmouth 4.9 NNW,41.6104,-70.6463,2025-07-14,0.0,0.00039282747,0.015377559
MA-BA-105,Falmouth 4.9 NNW,41.6104,-70.6463,2025-07-15,0.07,0.00540349,0.00260037
MA-BA-105,Falmouth 4.9 NNW,41.6104,-70.6463,2025-07-19,0.01,0.0,0.0
MA-BA-105,Falmouth 4.9 NNW,41.6104,-70.6463,2025-07-20,0.0,0.00015760618,0.0
MA-BA-105,Falmouth 4.9 NNW,41.6104,-70.6463,2025-07-21,0.06,0.016537298,0.04735234
MA-BA-105,Falmouth 4.9 NNW,41.6104,-70.6463,2025-07-22,0.0,0.0,0.0
MA-BA-105,Falmouth 4.9 NNW,41.6104,-70.6463,2025-07-23,0.0,0.0,0.0
MA-BA-105,Falmouth 4.9 NNW,41.6104,-70.6463,2025-07-24,0.0,0.0,0.0
MA-BA-105,Falmouth 4.9 NNW,41.6104,-70.6463,2025-07-25,0.0,0.0,0.0
MA-BA-105,Falmouth 4.9 NNW,41.6104,-70.6463,2025-07-26,0.07,0.09779292,0.031218959
MA-BA-105,Falmouth 4.9 NNW,41.6104,-70.6463,2025-07-27,0.0,0.0,0.0
MA-BA-105,Falmouth 4.9 NNW,41.6104,-70.6463,2025-07-28,0.01,3.9335548e-05,0.5695233
MA-BA-105,Falmouth 4.9 NNW,41.6104,-70.6463,2025-07-29,0.0,0.00023627726,0.0
MA-BA-105,Falmouth 4.9 NNW,41.6104,-70.6463,2025-07-30,0.0,0.0,0.0
MA-BA-105,Falmouth 4.9 NNW,41.6104,-70.6463,2025-07-31,0.0,0.0,0.0
MA-BA-105,Falmouth 4.9 NNW,41.6104,-70.6463,2025-08-03,0.0,0.0,0.0
MA-BA-105,Falmouth 4.9 NNW,41.6104,-70.6463,2025-08-04,0.0,0.0,0.0
MA-BA-105,Falmouth 4.9 NNW,41.6104,-70.6463,2025-08-05,0.0,0.0,0.0
MA-BA-105,Falmouth 4.9 NNW,41.6104,-70.6463,2025-08-06,0.0,0.0,0.0
MA-BA-105,Falmouth 4.9 NNW,41.6104,-70.6463,2025-08-07,0.0,0.0,0.0
MA-BA-105,Falmouth 4.9 NNW,41.6104,-70.6463,2025-08-08,0.0,0.0,3.9335548e-05
MA-BA-105,Falmouth 4.9 NNW,41.6104,-70.6463,2025-08-09,0.0,0.0,0.0
MA-BA-105,Falmouth 4.9 NNW,41.6104,-70.6463,2025-08-10,0.0,0.0,0.0
MA-BA-105,Falmouth 4.9 NNW,41.6104,-70.6463,2025-08-11,0.0,0.0,0.0
MA-BA-105,Falmouth 4.9 NNW,41.6104,-70.6463,2025-08-12,0.0,0.0,0.0
MA-BA-105,Falmouth 4.9 NNW,41.6104,-70.6463,2025-08-13,0.0,3.9335548e-05,0.0033408813
MA-BA-105,Falmouth 4.9 NNW,41.6104,-70.6463,2025-08-14,0.0,0.0007471114,0.0027962558
MA-BA-105,Falmouth 4.9 NNW,41.6104,-70.6463,2025-08-15,0.0,0.0006697603,0.074378766
MA-BA-105,Falmouth 4.9 NNW,41.6104,-70.6463,2025-08-16,0.0,0.0,0.00047176256
MA-BA-105,Falmouth 4.9 NNW,41.6104,-70.6463,2025-08-17,0.0,7.8671095e-05,7.8671095e-05
MA-BA-105,Falmouth 4.9 NNW,41.6104,-70.6463,2025-08-18,0.0,0.23023914,0.036554076
MA-BA-105,Falmouth 4.9 NNW,41.6104,-70.6463,2025-08-19,0.0,0.00086723,0.00090498157
MA-BA-105,Falmouth 4.9 NNW,41.6104,-70.6463,2025-08-20,0.0,0.0,0.0
MA-BA-105,Falmouth 4.9 NNW,41.6104,-70.6463,2025-08-21,1.27,0.39066058,0.95584744
MA-BA-105,Falmouth 4.9 NNW,41.6104,-70.6463,2025-08-22,0.02,0.029145263,0.04752922
MA-BA-105,Falmouth 4.9 NNW,41.6104,-70.6463,2025-08-23,0.0,0.0,0.0
MA-BA-105,Falmouth 4.9 NNW,41.6104,-70.6463,2025-08-24,0.0,0.0,0.0
MA-BA-105,Falmouth 4.9 NNW,41.6104,-70.6463,2025-08-25,0.0,0.0,0.0
MA-BA-105,Falmouth 4.9 NNW,41.6104,-70.6463,2025-08-26,0.0,0.010053004,0.0
MA-BA-105,Falmouth 4.9 NNW,41.6104,-70.6463,2025-08-27,0.0,0.0,0.0
MA-BA-105,Falmouth 4.9 NNW,41.6104,-70.6463,2025-08-28,0.0,0.0,0.0
MA-BA-105,Falmouth 4.9 NNW,41.6104,-70.6463,2025-08-29,0.0,0.0,0.0
MA-BA-105,Falmouth 4.9 NNW,41.6104,-70.6463,2025-08-30,0.37,0.27064756,0.0041394723
MA-BA-105,Falmouth 4.9 NNW,41.6104,-70.6463,2025-08-31,0.0,0.0,0.0
MA-BA-105,Falmouth 4.9 NNW,41.6104,-70.6463,2025-09-01,0.0,0.0,0.0
MA-BA-105,Falmouth 4.9 NNW,41.6104,-70.6463,2025-09-02,0.0,0.0,0.0
MA-BA-105,Falmouth 4.9 NNW,41.6104,-70.6463,2025-09-03,0.0,0.0,0.0
MA-BA-105,Falmouth 4.9 NNW,41.6104,-70.6463,2025-09-04,0.0,0.0,0.0
MA-BA-105,Falmouth 4.9 NNW,41.6104,-70.6463,2025-09-05,0.0,0.0,0.0
MA-BA-105,Falmouth 4.9 NNW,41.6104,-70.6463,2025-09-06,0.0,0.0,0.0
MA-BA-105,Falmouth 4.9 NNW,41.6104,-70.6463,2025-09-07,0.05,0.0194344,0.006454197
MA-BA-105,Falmouth 4.9 NNW,41.6104,-70.6463,2025-09-08,0.88,0.28356653,1.1215351
MA-BA-105,Falmouth 4.9 NNW,41.6104,-70.6463,2025-09-09,0.0,0.0,0.0
MA-BA-105,Falmouth 4.9 NNW,41.6104,-70.6463,2025-09-10,0.0,0.00295043,0.16102125
MA-BA-105,Falmouth 4.9 NNW,41.6104,-70.6463,2025-09-11,0.0,0.0024778754,0.0819465
MA-BA-105,Falmouth 4.9 NNW,41.6104,-70.6463,2025-09-12,0.0,0.0,7.8671095e-05
MA-BA-105,Falmouth 4.9 NNW,41.6104,-70.6463,2025-09-13,0.0,0.0,0.0
MA-BA-105,Falmouth 4.9 NNW,41.6104,-70.6463,2025-09-14,0.0,0.0,0.043701
MA-BA-105,Falmouth 4.9 NNW,41.6104,-70.6463,2025-09-15,0.0,0.0,0.0012613775
MA-BA-105,Falmouth 4.9 NNW,41.6104,-70.6463,2025-09-16,0.0,0.0,0.0
MA-BA-105,Falmouth 4.9 NNW,41.6104,-70.6463,2025-09-17,0.0,0.0,0.0
MA-BA-105,Falmouth 4.9 NNW,41.6104,-70.6463,2025-09-18,0.31,0.07019784,0.04831778
MA-BA-105,Falmouth 4.9 NNW,41.6104,-70.6463,2025-09-19,0.0,3.9335548e-05,0.0
MA-BA-105,Falmouth 4.9 NNW,41.6104,-70.6463,2025-09-20,0.0,0.0,0.0
MA-BA-105,Falmouth 4.9 NNW,41.6104,-70.6463,2025-09-21,0.0,0.0,0.0
MA-BA-105,Falmouth 4.9 NNW,41.6104,-70.6463,2025-09-22,0.0,0.0,0.0
MA-BA-105,Falmouth 4.9 NNW,41.6104,-70.6463,2025-09-23,0.0,0.0,0.0
MA-BA-105,Falmouth 4.9 NNW,41.6104,-70.6463,2025-09-24,0.0,0.0,0.0
MA-BA-105,Falmouth 4.9 NNW,41.6104,-70.6463,2025-09-27,0.0,0.0,0.013133321
MA-BA-105,Falmouth 4.9 NNW,41.6104,-70.6463,2025-09-28,0.1,0.06704256,0.019278115
MA-BA-105,Falmouth 4.9 NNW,41.6104,-70.6463,2025-09-29,0.0,0.0019683612,0.000432163
MA-BA-105,Falmouth 4.9 NNW,41.6104,-70.6463,2025-09-30,0.0,0.0,0.0
MA-BA-105,Falmouth 4.9 NNW,41.6104,-70.6463,2025-10-01,0.0,0.0,0.0
MA-BA-105,Falmouth 4.9 NNW,41.6104,-70.6463,2025-10-02,0.0,0.0,0.0
MA-BA-105,Falmouth 4.9 NNW,41.6104,-70.6463,2025-10-03,0.0,0.0,0.0
MA-BA-105,Falmouth 4.9 NNW,41.6104,-70.6463,2025-10-04,0.0,0.0,0.0
MA-BA-105,Falmouth 4.9 NNW,41.6104,-70.6463,2025-10-05,0.0,0.0,0.0
MA-BA-105,Falmouth 4.9 NNW,41.6104,-70.6463,2025-10-06,0.0,0.0,0.0
MA-BA-105,Falmouth 4.9 NNW,41.6104,-70.6463,2025-10-07,0.0,0.0,0.0
MA-BA-105,Falmouth 4.9 NNW,41.6104,-70.6463,2025-10-08,0.0,0.0,0.0031426197
MA-BA-105,Falmouth 4.9 NNW,41.6104,-70.6463,2025-10-09,0.78,0.76920235,1.5399829
MA-BA-105,Falmouth 4.9 NNW,41.6104,-70.6463,2025-10-10,0.0,0.0,0.0
MA-BA-105,Falmouth 4.9 NNW,41.6104,-70.6463,2025-10-11,0.0,0.00039282747,0.0023611886
MA-BA-105,Falmouth 4.9 NNW,41.6104,-70.6463,2025-10-13,2.25,1.8190383,0.8445748
MA-BA-105,Falmouth 4.9 NNW,41.6104,-70.6463,2025-10-14,1.5,1.3544691,1.6223352
MA-BA-105,Falmouth 4.9 NNW,41.6104,-70.6463,2025-10-15,0.28,0.21624123,0.06567241
MA-BA-105,Falmouth 4.9 NNW,41.6104,-70.6463,2025-10-16,0.0,0.0,0.0
MA-BA-105,Falmouth 4.9 NNW,41.6104,-70.6463,2025-10-17,0.0,0.0011396749,0.06409978
MA-BA-105,Falmouth 4.9 NNW,41.6104,-70.6463,2025-10-18,0.0,0.0,0.0
MA-BA-105,Falmouth 4.9 NNW,41.6104,-70.6463,2025-10-19,0.0,0.0,0.0
MA-BA-105,Falmouth 4.9 NNW,41.6104,-70.6463,2025-10-20,0.0,7.8671095e-05,0.00039282747
MA-BA-105,Falmouth 4.9 NNW,41.6104,-70.6463,2025-10-21,0.84,0.72654074,0.49524984
MA-BA-105,Falmouth 4.9 NNW,41.6104,-70.6463,2025-10-23,0.02,0.01552962,0.0726913
MA-BA-105,Falmouth 4.9 NNW,41.6104,-70.6463,2025-10-24,0.0,0.00039282747,0.0
MA-BA-105,Falmouth 4.9 NNW,41.6104,-70.6463,2025-10-25,0.0,0.0,0.0
MA-BA-105,Falmouth 4.9 NNW,41.6104,-70.6463,2025-10-26,0.0,0.0,0.0
MA-BA-105,Falmouth 4.9 NNW,41.6104,-70.6463,2025-10-27,0.0,0.0,0.002754016
MA-BA-105,Falmouth 4.9 NNW,41.6104,-70.6463,2025-10-28,0.02,0.01931613,0.051971495
MA-BA-105,Falmouth 4.9 NNW,41.6104,-70.6463,2025-10-29,0.02,0.0069750636,0.092145495
MA-BA-105,Falmouth 4.9 NNW,41.6104,-70.6463,2025-10-30,0.1,0.0051479405,0.048137203
MA-BA-105,Falmouth 4.9 NNW,41.6104,-70.6463,2025-10-31,1.69,1.3086456,2.26504
MA-BA-105,Falmouth 4.9 NNW,41.6104,-70.6463,2025-11-01,0.0,0.0,0.0045647714
MA-BA-105,Falmouth 4.9 NNW,41.6104,-70.6463,2025-11-02,0.0,0.0,0.0
MA-BA-105,Falmouth 4.9 NNW,41.6104,-70.6463,2025-11-03,0.0,0.0,0.0
MA-BA-105,Falmouth 4.9 NNW,41.6104,-70.6463,2025-11-04,0.28,0.16416097,0.67529154
MA-BA-105,Falmouth 4.9 NNW,41.6104,-70.6463,2025-11-05,0.0,0.0,0.0
MA-BA-105,Falmouth 4.9 NNW,41.6104,-70.6463,2025-11-06,0.02,3.9335548e-05,0.0
MA-BA-105,Falmouth 4.9 NNW,41.6104,-70.6463,2025-11-07,0.0,0.0,0.0
MA-BA-105,Falmouth 4.9 NNW,41.6104,-70.6463,2025-11-08,0.03,0.029071344,0.36148995
MA-BA-105,Falmouth 4.9 NNW,41.6104,-70.6463,2025-11-09,0.03,0.031054225,0.052500546
MA-BA-105,Falmouth 4.9 NNW,41.6104,-70.6463,2025-11-10,2.28,0.29807818,0.14928974
MA-BA-105,Falmouth 4.9 NNW,41.6104,-70.6463,2025-11-11,0.43,0.22481321,0.09819288
MA-BA-105,Falmouth 4.9 NNW,41.6104,-70.6463,2025-11-12,0.0,0.00023654127,0.0
MA-BA-105,Falmouth 4.9 NNW,41.6104,-70.6463,2025-11-13,0.0,0.0009841806,0.016362268
MA-BA-105,Falmouth 4.9 NNW,41.6104,-70.6463,2025-11-14,0.0,0.033103105,0.00039282747
MA-BA-105,Falmouth 4.9 NNW,41.6104,-70.6463,2025-11-15,0.0,0.0,0.0
MA-BA-105,Falmouth 4.9 NNW,41.6104,-70.6463,2025-11-16,0.81,0.5472467,0.4374097
MA-BA-105,Falmouth 4.9 NNW,41.6104,-70.6463,2025-11-17,0.0,0.00015734219,0.0008263105
MA-BA-105,Falmouth 4.9 NNW,41.6104,-70.6463,2025-11-18,0.0,0.0,0.0
MA-BA-105,Falmouth 4.9 NNW,41.6104,-70.6463,2025-11-19,0.0,0.0,0.0025990498
MA-BA-105,Falmouth 4.9 NNW,41.6104,-70.6463,2025-11-20,0.0,0.00039282747,0.12868954
MA-BA-105,Falmouth 4.9 NNW,41.6104,-70.6463,2025-11-21,0.0,0.0,0.0
MA-BA-105,Falmouth 4.9 NNW,41.6104,-70.6463,2025-11-22,0.05,3.9335548e-05,0.00011800665
MA-BA-105,Falmouth 4.9 NNW,41.6104,-70.6463,2025-11-23,0.17,0.17761426,0.010337329
MA-BA-105,Falmouth 4.9 NNW,41.6104,-70.6463,2025-11-24,0.01,0.038801216,0.05485223
MA-BA-105,Falmouth 4.9 NNW,41.6104,-70.6463,2025-11-25,0.0,0.0,0.0
MA-BA-105,Falmouth 4.9 NNW,41.6104,-70.6463,2025-11-26,0.25,0.6150073,0.41893148
MA-BA-105,Falmouth 4.9 NNW,41.6104,-70.6463,2025-11-27,0.05,0.07377659,0.7776405
MA-BA-105,Falmouth 4.9 NNW,41.6104,-70.6463,2025-11-28,0.0,0.0,7.8671095e-05
MA-BA-105,Falmouth 4.9 NNW,41.6104,-70.6463,2025-11-29,0.0,0.0,0.00023654127
MA-BA-105,Falmouth 4.9 NNW,41.6104,-70.6463,2025-11-30,0.0,0.0,0.0
MA-BA-105,Falmouth 4.9 NNW,41.6104,-70.6463,2025-12-01,0.34,0.27614504,0.27838373
MA-BA-105,Falmouth 4.9 NNW,41.6104,-70.6463,2025-12-02,0.0,0.0,0.0
MA-BA-105,Falmouth 4.9 NNW,41.6104,-70.6463,2025-12-03,0.91,0.9749471,0.7850628
MA-BA-105,Falmouth 4.9 NNW,41.6104,-70.6463,2025-12-04,0.0,0.0012587375,0.00094616506
MA-BA-105,Falmouth 4.9 NNW,41.6104,-70.6463,2025-12-05,0.0,0.0,3.9335548e-05
MA-BA-105,Falmouth 4.9 NNW,41.6104,-70.6463,2025-12-07,0.03,0.0044900603,0.173993
MA-BA-105,Falmouth 4.9 NNW,41.6104,-70.6463,2025-12-08,0.0,0.0,7.8671095e-05
MA-BA-105,Falmouth 4.9 NNW,41.6104,-70.6463,2025-12-09,0.0,0.0,0.00019667773
MA-BA-105,Falmouth 4.9 NNW,41.6104,-70.6463,2025-12-10,0.04,0.007949476,0.005913532
MA-BA-105,Falmouth 4.9 NNW,41.6104,-70.6463,2025-12-11,0.0,0.017630508,0.096394
MA-BA-105,Falmouth 4.9 NNW,41.6104,-70.6463,2025-12-13,0.0,0.0,0.0
MA-BA-105,Falmouth 4.9 NNW,41.6104,-70.6463,2025-12-14,0.29,0.17890969,0.11813969
MA-BA-105,Falmouth 4.9 NNW,41.6104,-70.6463,2025-12-15,0.01,0.26445842,0.3089134
MA-BA-105,Falmouth 4.9 NNW,41.6104,-70.6463,2025-12-16,0.0,0.0,0.0
MA-BA-105,Falmouth 4.9 NNW,41.6104,-70.6463,2025-12-17,0.0,0.0,0.0
MA-BA-105,Falmouth 4.9 NNW,41.6104,-70.6463,2025-12-18,0.0,0.0,0.0
MA-BA-105,Falmouth 4.9 NNW,41.6104,-70.6463,2025-12-19,0.09,0.008141666,0.011218814
MA-BA-105,Falmouth 4.9 NNW,41.6104,-70.6463,2025-12-20,0.43,0.2878116,0.48689196
MA-BA-105,Falmouth 4.9 NNW,41.6104,-70.6463,2025-12-21,0.0,0.0,0.0
MA-BA-105,Falmouth 4.9 NNW,41.6104,-70.6463,2025-12-22,0.0,0.0,0.002165303
MA-BA-105,Falmouth 4.9 NNW,41.6104,-70.6463,2025-12-23,0.0,0.0,0.015527245
MA-BA-105,Falmouth 4.9 NNW,41.6104,-70.6463,2025-12-24,0.11,0.15792932,0.26003912
MA-BA-105,Falmouth 4.9 NNW,41.6104,-70.6463,2025-12-25,0.0,0.06213353,0.047735136
MA-BA-105,Falmouth 4.9 NNW,41.6104,-70.6463,2025-12-26,0.0,0.0,0.0013368805
MA-BA-105,Falmouth 4.9 NNW,41.6104,-70.6463,2025-12-27,0.26,0.19269666,0.10997691
MA-BA-105,Falmouth 4.9 NNW,41.6104,-70.6463,2025-12-28,0.0,0.012509496,0.033717692
MA-BA-105,Falmouth 4.9 NNW,41.6104,-70.6463,2025-12-29,0.31,0.22026981,0.5806552
MA-BA-105,Falmouth 4.9 NNW,41.6104,-70.6463,2025-12-30,0.2,0.31234428,0.664455
MA-BA-105,Falmouth 4.9 NNW,41.6104,-70.6463,2025-12-31,0.0,0.00070803985,3.9335548e-05
MA-BA-105,Falmouth 4.9 NNW,41.6104,-70.6463,2026-01-01,0.25,0.21997494,0.25726107
MA-BA-105,Falmouth 4.9 NNW,41.6104,-70.6463,2026-01-02,0.0,0.040807594,0.06349444
MA-BA-105,Falmouth 4.9 NNW,41.6104,-70.6463,2026-01-03,0.0,0.0,0.0
MA-BA-105,Falmouth 4.9 NNW,41.6104,-70.6463,2026-01-04,0.0,0.0,0.036363997
MA-BA-105,Falmouth 4.9 NNW,41.6104,-70.6463,2026-01-05,0.01,0.015527245,0.0082789445
MA-BA-105,Falmouth 4.9 NNW,41.6104,-70.6463,2026-01-13,0.0,0.0,0.0
MA-BA-105,Falmouth 4.9 NNW,41.6104,-70.6463,2026-01-14,0.0,0.0,0.0
MA-BA-105,Falmouth 4.9 NNW,41.6104,-70.6463,2026-01-15,0.0,0.007252524,0.07667871
MA-BA-105,Falmouth 4.9 NNW,41.6104,-70.6463,2026-01-16,0.0,0.011311742,0.0312678
MA-BA-105,Falmouth 4.9 NNW,41.6104,-70.6463,2026-01-17,0.0,0.0,0.009943181
MA-BA-105,Falmouth 4.9 NNW,41.6104,-70.6463,2026-01-18,0.0,0.011151231,0.037522417
MA-BA-105,Falmouth 4.9 NNW,41.6104,-70.6463,2026-01-19,0.85,0.52387136,0.91408837
MA-BA-105,Falmouth 4.9 NNW,41.6104,-70.6463,2026-01-20,0.01,0.026491566,0.026447479
MA-BA-105,Falmouth 4.9 NNW,41.6104,-70.6463,2026-01-21,0.0,0.0,0.0
MA-BA-105,Falmouth 4.9 NNW,41.6104,-70.6463,2026-01-22,0.0,0.0009445811,0.007680463
MA-BA-105,Falmouth 4.9 NNW,41.6104,-70.6463,2026-01-23,0.0,3.9335548e-05,0.0
MA-BA-105,Falmouth 4.9 NNW,41.6104,-70.6463,2026-01-24,0.0,0.0,0.0
MA-BA-105,Falmouth 4.9 NNW,41.6104,-70.6463,2026-01-25,0.0,0.0,0.0
MA-BA-105,Falmouth 4.9 NNW,41.6104,-70.6463,2026-01-26,1.91,1.3973,1.3389107
MA-BA-105,Falmouth 4.9 NNW,41.6104,-70.6463,2026-01-27,0.09,0.16109912,0.14417876
MA-BA-105,Falmouth 4.9 NNW,41.6104,-70.6463,2026-01-28,0.0,0.0029087183,0.004009058
MA-BA-105,Falmouth 4.9 NNW,41.6104,-70.6463,2026-01-29,0.0,0.002083464,0.0
MA-BA-105,Falmouth 4.9 NNW,41.6104,-70.6463,2026-01-30,0.0,0.0,0.0
MA-BA-105,Falmouth 4.9 NNW,41.6104,-70.6463,2026-01-31,0.0,0.0,0.0
MA-BA-105,Falmouth 4.9 NNW,41.6104,-70.6463,2026-02-01,0.0,0.0026328415,0.017181978
MA-BA-105,Falmouth 4.9 NNW,41.6104,-70.6463,2026-02-02,0.02,0.0075474093,0.0354408
MA-BA-105,Falmouth 4.9 NNW,41.6104,-70.6463,2026-02-03,0.0,0.0,0.0
MA-BA-105,Falmouth 4.9 NNW,41.6104,-70.6463,2026-02-04,0.0,0.0,0.0046096505
MA-BA-105,Falmouth 4.9 NNW,41.6104,-70.6463,2026-02-05,0.0,0.0,0.00015734219
MA-BA-105,Falmouth 4.9 NNW,41.6104,-70.6463,2026-02-06,0.0,0.00011827063,3.9335548e-05
MA-BA-105,Falmouth 4.9 NNW,41.6104,-70.6463,2026-02-07,0.02,0.011157237,0.0024776114
MA-BA-105,Falmouth 4.9 NNW,41.6104,-70.6463,2026-02-08,0.13,0.12593631,0.4219994
MA-BA-105,Falmouth 4.9 NNW,41.6104,-70.6463,2026-02-09,0.0,0.00011800665,3.9335548e-05
MA-BA-105,Falmouth 4.9 NNW,41.6104,-70.6463,2026-02-10,0.0,0.0,0.0
MA-BA-105,Falmouth 4.9 NNW,41.6104,-70.6463,2026-02-11,0.12,0.27878475,0.19138697
MA-BA-105,Falmouth 4.9 NNW,41.6104,-70.6463,2026-02-12,0.0,3.9335548e-05,0.00019641373
MA-BA-105,Falmouth 4.9 NNW,41.6104,-70.6463,2026-02-13,0.0,0.0,0.0011798025
MA-BA-105,Falmouth 4.9 NNW,41.6104,-70.6463,2026-02-14,0.0,0.0,0.0
MA-BA-105,Falmouth 4.9 NNW,41.6104,-70.6463,2026-02-15,0.0,0.0,0.0055080326
MA-BA-105,Falmouth 4.9 NNW,41.6104,-70.6463,2026-02-16,0.0,0.0,0.0
MA-BA-105,Falmouth 4.9 NNW,41.6104,-70.6463,2026-02-17,0.0,0.0,0.0
MA-BA-105,Falmouth 4.9 NNW,41.6104,-70.6463,2026-02-18,0.0,0.00011800664,0.0059338594
MA-BA-105,Falmouth 4.9 NNW,41.6104,-70.6463,2026-02-19,0.16,0.23775777,0.4014393
MA-BA-105,Falmouth 4.9 NNW,41.6104,-70.6463,2026-02-20,0.0,0.0,0.0
MA-BA-105,Falmouth 4.9 NNW,41.6104,-70.6463,2026-02-21,0.57,0.38719642,0.5814565
MA-BA-105,Falmouth 4.9 NNW,41.6104,-70.6463,2026-02-22,0.0,0.017288633,0.052174773
MA-BA-105,Falmouth 4.9 NNW,41.6104,-70.6463,2026-02-25,0.0,0.0,0.0050386456
MA-BA-105,Falmouth 4.9 NNW,41.6104,-70.6463,2026-02-27,0.0,0.0,0.0
MA-BA-105,Falmouth 4.9 NNW,41.6104,-70.6463,2026-02-28,0.0,0.0,0.0
MA-BA-105,Falmouth 4.9 NNW,41.6104,-70.6463,2026-03-01,0.0,0.0,0.00011827063
MA-BA-105,Falmouth 4.9 NNW,41.6104,-70.6463,2026-03-02,0.01,0.03416332,0.046125546
MA-BA-105,Falmouth 4.9 NNW,41.6104,-70.6463,2026-03-03,0.0,0.0,0.0
MA-BA-105,Falmouth 4.9 NNW,41.6104,-70.6463,2026-03-09,0.01,0.03440461,0.056567155
MA-BA-105,Falmouth 4.9 NNW,41.6104,-70.6463,2026-03-10,0.0,0.00039335547,0.0002360133
MA-BA-105,Falmouth 4.9 NNW,41.6104,-70.6463,2026-03-11,0.0,0.0,0.000432691
MA-BA-105,Falmouth 4.9 NNW,41.6104,-70.6463,2026-03-14,0.01,0.067932226,0.10952679
MA-BA-105,Falmouth 4.9 NNW,41.6104,-70.6463,2026-03-15,0.0,0.0,0.0
MA-BA-105,Falmouth 4.9 NNW,41.6104,-70.6463,2026-03-16,0.15,0.003035437,0.27889907
MA-BA-105,Falmouth 4.9 NNW,41.6104,-70.6463,2026-03-17,0.81,1.1482209,1.1944511
MA-BA-105,Falmouth 4.9 NNW,41.6104,-70.6463,2026-03-18,0.0,0.008025507,0.0025597145
MA-BA-105,Falmouth 4.9 NNW,41.6104,-70.6463,2026-03-19,0.0,0.0,0.0
MA-BA-105,Falmouth 4.9 NNW,41.6104,-70.6463,2026-03-20,0.0,0.0,0.0
MA-BA-105,Falmouth 4.9 NNW,41.6104,-70.6463,2026-03-21,0.25,0.19356099,0.17367409
MA-BA-105,Falmouth 4.9 NNW,41.6104,-70.6463,2026-03-23,1.24,0.67272556,0.62990636
MA-BA-105,Falmouth 4.9 NNW,41.6104,-70.6463,2026-03-24,0.44,0.7750433,0.15815556
MA-BA-105,Falmouth 4.9 NNW,41.6104,-70.6463,2026-03-25,0.0,0.0012967531,0.000433483
MA-BA-105,Falmouth 4.9 NNW,41.6104,-70.6463,2026-03-28,0.0,0.014682454,0.11970573
MA-BA-105,Falmouth 4.9 NNW,41.6104,-70.6463,2026-03-29,0.0,0.00011800665,0.0378437
MA-BA-105,Falmouth 4.9 NNW,41.6104,-70.6463,2026-03-30,0.0,0.0,0.0
MA-BA-105,Falmouth 4.9 NNW,41.6104,-70.6463,2026-03-31,0.0,7.8671095e-05,0.00019641373
MA-BA-105,Falmouth 4.9 NNW,41.6104,-70.6463,2026-04-04,0.0,0.030110702,0.01087377
MA-BA-105,Falmouth 4.9 NNW,41.6104,-70.6463,2026-04-05,0.0,0.08051828,0.009910709
MA-BA-105,Falmouth 4.9 NNW,41.6104,-70.6463,2026-04-06,0.17,0.36171225,0.4190912
MA-BA-105,Falmouth 4.9 NNW,41.6104,-70.6463,2026-04-07,0.0,0.00039282747,0.023823086
MA-BA-105,Falmouth 4.9 NNW,41.6104,-70.6463,2026-04-08,0.01,0.1012101,0.22934498
MA-BA-105,Falmouth 4.9 NNW,41.6104,-70.6463,2026-04-09,0.0,0.0,7.8671095e-05
MA-BA-105,Falmouth 4.9 NNW,41.6104,-70.6463,2026-04-10,0.0,0.0,0.0003548119
MA-BA-105,Falmouth 4.9 NNW,41.6104,-70.6463,2026-04-11,0.0,0.003300226,0.0016135494
MA-BA-105,Falmouth 4.9 NNW,41.6104,-70.6463,2026-04-12,0.0,0.0,0.0
MA-BA-105,Falmouth 4.9 NNW,41.6104,-70.6463,2026-04-13,0.04,0.0047955047,0.011821255
MA-BA-105,Falmouth 4.9 NNW,41.6104,-70.6463,2026-04-14,0.0,0.0016103814,0.032523878
MA-BA-105,Falmouth 4.9 NNW,41.6104,-70.6463,2026-04-15,0.0,0.0040043057,0.0009823326
MA-BA-105,Falmouth 4.9 NNW,41.6104,-70.6463,2026-04-16,0.15,0.14052504,0.11678776
MA-BA-105,Falmouth 4.9 NNW,41.6104,-70.6463,2026-04-17,0.0,0.06373098,0.01744175
MA-BA-105,Falmouth 4.9 NNW,41.6104,-70.6463,2026-04-18,0.02,0.0017700996,0.071902476
MA-BA-105,Falmouth 4.9 NNW,41.6104,-70.6463,2026-04-19,0.02,0.0094809225,0.0076696393
MA-BA-105,Falmouth 4.9 NNW,41.6104,-70.6463,2026-04-20,0.14,0.09118587,0.18260697
MA-BA-105,Falmouth 4.9 NNW,41.6104,-70.6463,2026-04-21,0.17,0.090917386,0.13790779
MA-BA-105,Falmouth 4.9 NNW,41.6104,-70.6463,2026-04-22,0.0,0.0,0.0050053825
MA-BA-105,Falmouth 4.9 NNW,41.6104,-70.6463,2026-04-23,0.0,0.0024390677,0.021545583
MA-BA-105,Falmouth 4.9 NNW,41.6104,-70.6463,2026-04-24,0.0,0.0,0.0
MA-BA-105,Falmouth 4.9 NNW,41.6104,-70.6463,2026-04-25,0.0,0.0,0.0
MA-BA-105,Falmouth 4.9 NNW,41.6104,-70.6463,2026-04-28,0.0,0.0,0.02017359
MA-BA-105,Falmouth 4.9 NNW,41.6104,-70.6463,2026-04-29,0.0,0.0,0.00015734219
MA-BA-105,Falmouth 4.9 NNW,41.6104,-70.6463,2026-04-30,0.01,0.056003787,0.0
MA-BA-105,Falmouth 4.9 NNW,41.6104,-70.6463,2026-05-01,0.06,0.035260227,0.092563145
MA-BA-105,Falmouth 4.9 NNW,41.6104,-70.6463,2026-05-02,0.0,0.0,0.0
MA-BA-105,Falmouth 4.9 NNW,41.6104,-70.6463,2026-05-03,0.55,0.37893912,0.96560585
MA-BA-105,Falmouth 4.9 NNW,41.6104,-70.6463,2026-05-04,0.0,0.0049961424,0.13246311
MA-BA-105,Falmouth 4.9 NNW,41.6104,-70.6463,2026-05-05,0.0,0.0,0.0
MA-BA-105,Falmouth 4.9 NNW,41.6104,-70.6463,2026-05-06,0.0,0.0,0.0
MA-BA-105,Falmouth 4.9 NNW,41.6104,-70.6463,2026-05-07,,0.19770864,0.32656634
MA-BA-105,Falmouth 4.9 NNW,41.6104,-70.6463,2026-05-09,0.02,0.00743653,0.06463068
MA-BA-105,Falmouth 4.9 NNW,41.6104,-70.6463,2026-05-10,0.17,0.5348343,0.21520662
MA-BA-105,Falmouth 4.9 NNW,41.6104,-70.6463,2026-05-11,0.27,0.049711682,0.009510491
MA-BA-105,Falmouth 4.9 NNW,41.6104,-70.6463,2026-05-12,0.01,0.014969683,0.029981606
MA-BA-105,Falmouth 4.9 NNW,41.6104,-70.6463,2026-05-13,0.0,0.0,0.0
MA-BA-105,Falmouth 4.9 NNW,41.6104,-70.6463,2026-05-14,0.0,0.0023654127,3.9335548e-05
MA-BA-105,Falmouth 4.9 NNW,41.6104,-70.6463,2026-05-15,0.07,1.1474983,0.36202273
MA-BA-105,Falmouth 4.9 NNW,41.6104,-70.6463,2026-05-16,0.0,0.00015760618,0.01895551
MA-BA-105,Falmouth 4.9 NNW,41.6104,-70.6463,2026-05-17,0.0,0.024391208,0.00955669
MA-BA-105,Falmouth 4.9 NNW,41.6104,-70.6463,2026-05-18,0.0,0.027979454,0.0046294504
MA-BA-105,Falmouth 4.9 NNW,41.6104,-70.6463,2026-05-19,0.0,0.0017318199,0.0023611886
MA-BA-105,Falmouth 4.9 NNW,41.6104,-70.6463,2026-05-20,0.0,0.0,0.0
MA-BA-105,Falmouth 4.9 NNW,41.6104,-70.6463,2026-05-23,0.0,0.0,0.0
MA-BA-105,Falmouth 4.9 NNW,41.6104,-70.6463,2026-05-24,0.06,0.1808189,0.021812484
MA-BA-105,Falmouth 4.9 NNW,41.6104,-70.6463,2026-05-25,0.71,0.6273497,0.42344266
MA-BA-105,Falmouth 4.9 NNW,41.6104,-70.6463,2026-05-26,0.05,0.036726728,0.092834
MA-BA-105,Falmouth 4.9 NNW,41.6104,-70.6463,2026-05-27,0.0,0.0,0.00011800664
MA-BA-105,Falmouth 4.9 NNW,41.6104,-70.6463,2026-05-28,0.0,0.0,0.0
MA-BA-105,Falmouth 4.9 NNW,41.6104,-70.6463,2026-05-29,0.19,0.033062186,0.252573
MA-BA-105,Falmouth 4.9 NNW,41.6104,-70.6463,2026-05-30,0.31,0.23175263,0.09385619
MA-BA-105,Falmouth 4.9 NNW,41.6104,-70.6463,2026-05-31,0.35,0.41915113,0.3352059
MA-BA-105,Falmouth 4.9 NNW,41.6104,-70.6463,2026-06-01,0.14,0.06947977,0.04119963
MA-BA-105,Falmouth 4.9 NNW,41.6104,-70.6463,2026-06-02,0.0,0.0,0.0
MA-BA-105,Falmouth 4.9 NNW,41.6104,-70.6463,2026-06-03,0.0,0.003936723,0.0011024512
MA-BA-105,Falmouth 4.9 NNW,41.6104,-70.6463,2026-06-04,0.0,0.0,0.0
MA-BA-105,Falmouth 4.9 NNW,41.6104,-70.6463,2026-06-05,0.0,0.0,0.0
MA-BA-105,Falmouth 4.9 NNW,41.6104,-70.6463,2026-06-07,0.02,0.30258116,0.04249849
MA-BA-105,Falmouth 4.9 NNW,41.6104,-70.6463,2026-06-08,0.0,0.383822,0.17005628
MA-BA-105,Falmouth 4.9 NNW,41.6104,-70.6463,2026-06-09,0.0,0.0,0.0
MA-BA-105,Falmouth 4.9 NNW,41.6104,-70.6463,2026-06-10,0.0,0.0,0.0
MA-BA-105,Falmouth 4.9 NNW,41.6104,-70.6463,2026-06-13,0.0,0.00039282747,3.9335548e-05
MA-BA-105,Falmouth 4.9 NNW,41.6104,-70.6463,2026-06-14,0.0,0.0,0.0
MA-BA-105,Falmouth 4.9 NNW,41.6104,-70.6463,2026-06-15,0.09,0.12966394,0.18136802
MA-BA-105,Falmouth 4.9 NNW,41.6104,-70.6463,2026-06-16,0.0,0.034422036,0.000433483
MA-BA-105,Falmouth 4.9 NNW,41.6104,-70.6463,2026-06-17,0.0,0.0,0.0
MA-BA-105,Falmouth 4.9 NNW,41.6104,-70.6463,2026-06-18,0.0,0.0,0.0
MA-BA-105,Falmouth 4.9 NNW,41.6104,-70.6463,2026-06-19,0.0,0.00019694172,0.050718304
MA-BA-105,Falmouth 4.9 NNW,41.6104,-70.6463,2026-06-20,0.0,0.0,0.0
MA-BA-105,Falmouth 4.9 NNW,41.6104,-70.6463,2026-06-21,0.0,0.00039282747,0.062299058
MA-BA-105,Falmouth 4.9 NNW,41.6104,-70.6463,2026-06-22,0.0,0.0,0.0
MA-BA-105,Falmouth 4.9 NNW,41.6104,-70.6463,2026-06-23,0.68,0.12267067,0.06482075
MA-BA-105,Falmouth 4.9 NNW,41.6104,-70.6463,2026-06-24,0.77,1.2298628,0.82078975
MA-BA-105,Falmouth 4.9 NNW,41.6104,-70.6463,2026-06-25,0.0,0.0,0.00023654127
MA-BA-105,Falmouth 4.9 NNW,41.6104,-70.6463,2026-06-26,0.0,0.0,0.0
MA-BA-105,Falmouth 4.9 NNW,41.6104,-70.6463,2026-06-27,0.0,0.0066484995,0.0016127573
MA-BA-105,Falmouth 4.9 NNW,41.6104,-70.6463,2026-06-28,0.01,0.011962229,0.32697052
MA-BA-105,Falmouth 4.9 NNW,41.6104,-70.6463,2026-06-29,0.0,0.00039282747,7.8671095e-05
MA-BA-105,Falmouth 4.9 NNW,41.6104,-70.6463,2026-06-30,0.0,0.00031494838,0.000432691
MA-BA-105,Falmouth 4.9 NNW,41.6104,-70.6463,2026-07-01,0.0,0.0005905612,0.010591822
MA-BA-105,Falmouth 4.9 NNW,41.6104,-70.6463,2026-07-02,0.0,3.9335548e-05,0.037846602
MA-BA-105,Falmouth 4.9 NNW,41.6104,-70.6463,2026-07-03,0.0,0.0,0.0067847217
MA-BA-105,Falmouth 4.9 NNW,41.6104,-70.6463,2026-07-04,0.0,0.0,0.0954444
MA-BA-105,Falmouth 4.9 NNW,41.6104,-70.6463,2026-07-05,0.44,0.15204112,0.002597466
MA-BA-105,Falmouth 4.9 NNW,41.6104,-70.6463,2026-07-06,0.31,0.011209839,0.055102497
MA-BA-105,Falmouth 4.9 NNW,41.6104,-70.6463,2026-07-07,0.89,1.6499261,1.195243
MA-BA-105,Falmouth 4.9 NNW,41.6104,-70.6463,2026-07-08,2.98,1.4072685,2.7095635
MA-BA-105,Falmouth 4.9 NNW,41.6104,-70.6463,2026-07-09,0.0,0.0,0.0138968
MA-BA-105,Falmouth 4.9 NNW,41.6104,-70.6463,2026-07-10,0.0,0.0,0.0018492987
MA-BA-105,Falmouth 4.9 NNW,41.6104,-70.6463,2026-07-11,0.14,0.17881384,0.09763373
MA-BA-105,Falmouth 4.9 NNW,41.6104,-70.6463,2026-07-12,0.0,0.0,0.0
MA-BA-105,Falmouth 4.9 NNW,41.6104,-70.6463,2026-07-13,0.0,0.0,0.0
MA-BA-105,Falmouth 4.9 NNW,41.6104,-70.6463,2026-07-14,0.0,0.0,0.07923288
MA-BA-105,Falmouth 4.9 NNW,41.6104,-70.6463,2026-07-15,0.0,0.0,0.0
MA-BA-105,Falmouth 4.9 NNW,41.6104,-70.6463,2026-07-16,0.0,0.0,0.0
MA-BA-105,Falmouth 4.9 NNW,41.6104,-70.6463,2026-07-17,0.0,0.0,0.0
MA-BA-105,Falmouth 4.9 NNW,41.6104,-70.6463,2026-07-18,0.0,0.0,0.0
MA-BA-105,Falmouth 4.9 NNW,41.6104,-70.6463,2026-07-19,2.17,1.4036884,1.0233198
MA-BA-105,Falmouth 4.9 NNW,41.6104,-70.6463,2026-07-20,0.0,0.0,0.0
MA-BA-105,Falmouth 4.9 NNW,41.6104,-70.6463,2026-07-21,0.0,0.0,0.0
MA-BA-105,Falmouth 4.9 NNW,41.6104,-70.6463,2026-07-22,1.99,0.9704444,0.8137949
MA-BA-105,Falmouth 4.9 NNW,41.6104,-70.6463,2026-07-23,0.0,0.026049107,0.7661459
MA-BA-105,Falmouth 4.9 NNW,41.6104,-70.6463,2026-07-24,0.0,0.002677985,0.0019683612
MA-BA-105,Falmouth 4.9 NNW,41.6104,-70.6463,2026-07-25,0.0,0.0,0.0
MA-BA-105,Falmouth 4.9 NNW,41.6104,-70.6463,2026-07-26,0.0,0.0,0.0
MA-BA-105,Falmouth 4.9 NNW,41.6104,-70.6463,2026-07-27,0.0,3.9335548e-05,0.0002360133
MA-BA-105,Falmouth 4.9 NNW,41.6104,-70.6463,2026-07-28,0.0,0.0,0.0
MA-BA-105,Falmouth 4.9 NNW,41.6104,-70.6463,2026-08-02,0.0,0.0,0.0
MA-BA-105,Falmouth 4.9 NNW,41.6104,-70.6463,2026-08-03,0.04,0.14143585,0.03843373
MA-BA-109,N Falmouth 0.7 E,41.643684,-70.608876,2025-01-01,0.51,0.15795043,1.2232562
MA-BA-109,N Falmouth 0.7 E,41.643684,-70.608876,2025-01-02,0.13,0.39462793,0.17882995
MA-BA-109,N Falmouth 0.7 E,41.643684,-70.608876,2025-01-03,0.0,0.0065357727,0.0
MA-BA-109,N Falmouth 0.7 E,41.643684,-70.608876,2025-01-04,0.0,0.0,0.0
MA-BA-109,N Falmouth 0.7 E,41.643684,-70.608876,2025-01-05,0.0,0.0,0.0
MA-BA-109,N Falmouth 0.7 E,41.643684,-70.608876,2025-01-06,0.0,0.0,0.0
MA-BA-109,N Falmouth 0.7 E,41.643684,-70.608876,2025-01-07,0.0,0.0,0.0
MA-BA-109,N Falmouth 0.7 E,41.643684,-70.608876,2025-01-08,0.0,0.0,0.0
MA-BA-109,N Falmouth 0.7 E,41.643684,-70.608876,2025-01-09,0.0,0.0,0.0
MA-BA-109,N Falmouth 0.7 E,41.643684,-70.608876,2025-01-10,0.0,0.00047229056,0.006847025
MA-BA-109,N Falmouth 0.7 E,41.643684,-70.608876,2025-01-11,0.01,0.002432996,7.8671095e-05
MA-BA-109,N Falmouth 0.7 E,41.643684,-70.608876,2025-01-12,0.12,0.17794001,0.11089027
MA-BA-109,N Falmouth 0.7 E,41.643684,-70.608876,2025-01-13,0.0,0.0,0.0
MA-BA-109,N Falmouth 0.7 E,41.643684,-70.608876,2025-01-14,0.0,0.00015734219,0.0002756128
MA-BA-109,N Falmouth 0.7 E,41.643684,-70.608876,2025-01-15,0.0,0.0,0.0
MA-BA-109,N Falmouth 0.7 E,41.643684,-70.608876,2025-01-16,0.0,0.0,0.0
MA-BA-109,N Falmouth 0.7 E,41.643684,-70.608876,2025-01-17,0.01,0.03215404,0.06861228
MA-BA-109,N Falmouth 0.7 E,41.643684,-70.608876,2025-01-18,0.0,0.0,3.9335548e-05
MA-BA-109,N Falmouth 0.7 E,41.643684,-70.608876,2025-01-19,0.56,0.42520458,0.18946798
MA-BA-109,N Falmouth 0.7 E,41.643684,-70.608876,2025-01-20,0.51,0.47449017,0.4473167
MA-BA-109,N Falmouth 0.7 E,41.643684,-70.608876,2025-01-21,0.0,0.005795261,0.0028353273
MA-BA-109,N Falmouth 0.7 E,41.643684,-70.608876,2025-01-22,0.02,0.00031521235,0.0
MA-BA-109,N Falmouth 0.7 E,41.643684,-70.608876,2025-01-23,0.0,0.0,0.0013783281
MA-BA-109,N Falmouth 0.7 E,41.643684,-70.608876,2025-01-24,0.0,0.0,0.0051981
MA-BA-109,N Falmouth 0.7 E,41.643684,-70.608876,2025-01-25,0.0,0.0,0.0
MA-BA-109,N Falmouth 0.7 E,41.643684,-70.608876,2025-01-26,0.0,0.0,0.009123735
MA-BA-109,N Falmouth 0.7 E,41.643684,-70.608876,2025-01-27,0.0,0.0,0.011218814
MA-BA-109,N Falmouth 0.7 E,41.643684,-70.608876,2025-01-28,0.0,0.0,3.9335548e-05
MA-BA-109,N Falmouth 0.7 E,41.643684,-70.608876,2025-01-29,0.0,0.00011800664,0.07110283
MA-BA-109,N Falmouth 0.7 E,41.643684,-70.608876,2025-01-30,0.0,0.013432165,0.06933748
MA-BA-109,N Falmouth 0.7 E,41.643684,-70.608876,2025-01-31,0.0,0.0,0.0
MA-BA-109,N Falmouth 0.7 E,41.643684,-70.608876,2025-02-01,0.72,1.0266736,0.98198843
MA-BA-109,N Falmouth 0.7 E,41.643684,-70.608876,2025-02-02,0.06,0.055912443,0.036449794
MA-BA-109,N Falmouth 0.7 E,41.643684,-70.608876,2025-02-03,0.23,0.14895818,0.10340655
MA-BA-109,N Falmouth 0.7 E,41.643684,-70.608876,2025-02-04,0.0,3.9335548e-05,7.8671095e-05
MA-BA-109,N Falmouth 0.7 E,41.643684,-70.608876,2025-02-05,0.0,0.0,0.0
MA-BA-109,N Falmouth 0.7 E,41.643684,-70.608876,2025-02-06,0.0,0.0,0.0
MA-BA-109,N Falmouth 0.7 E,41.643684,-70.608876,2025-02-07,0.3,0.3590633,0.32224232
MA-BA-109,N Falmouth 0.7 E,41.643684,-70.608876,2025-02-08,0.0,0.0,3.9335548e-05
MA-BA-109,N Falmouth 0.7 E,41.643684,-70.608876,2025-02-09,0.59,0.70294416,0.6490439
MA-BA-109,N Falmouth 0.7 E,41.643684,-70.608876,2025-02-10,0.0,0.03341832,0.11991058
MA-BA-109,N Falmouth 0.7 E,41.643684,-70.608876,2025-02-11,0.0,0.0,0.0
MA-BA-109,N Falmouth 0.7 E,41.643684,-70.608876,2025-02-12,0.01,0.037240993,0.0
MA-BA-109,N Falmouth 0.7 E,41.643684,-70.608876,2025-02-13,0.18,0.10107915,0.06599845
MA-BA-109,N Falmouth 0.7 E,41.643684,-70.608876,2025-02-14,0.05,0.23855187,0.4095282
MA-BA-109,N Falmouth 0.7 E,41.643684,-70.608876,2025-02-15,0.0,0.0,0.0
MA-BA-109,N Falmouth 0.7 E,41.643684,-70.608876,2025-02-16,0.61,0.454485,0.26945853
MA-BA-109,N Falmouth 0.7 E,41.643684,-70.608876,2025-02-17,1.34,1.012819,1.4756384
MA-BA-109,N Falmouth 0.7 E,41.643684,-70.608876,2025-02-18,0.0,0.0022846297,0.00051109813
MA-BA-109,N Falmouth 0.7 E,41.643684,-70.608876,2025-02-19,0.0,0.0,0.0
MA-BA-109,N Falmouth 0.7 E,41.643684,-70.608876,2025-02-20,0.0,0.0,0.0
MA-BA-109,N Falmouth 0.7 E,41.643684,-70.608876,2025-02-21,0.01,0.06519431,0.017050244
MA-BA-109,N Falmouth 0.7 E,41.643684,-70.608876,2025-02-22,0.0,0.0,0.0
MA-BA-109,N Falmouth 0.7 E,41.643684,-70.608876,2025-02-23,0.0,0.0,0.0
MA-BA-109,N Falmouth 0.7 E,41.643684,-70.608876,2025-02-24,0.0,0.0,0.0
MA-BA-109,N Falmouth 0.7 E,41.643684,-70.608876,2025-02-25,0.0,0.0,0.0
MA-BA-109,N Falmouth 0.7 E,41.643684,-70.608876,2025-02-26,0.0,0.0,0.0047519454
MA-BA-109,N Falmouth 0.7 E,41.643684,-70.608876,2025-02-27,0.02,0.018847272,0.14356366
MA-BA-109,N Falmouth 0.7 E,41.643684,-70.608876,2025-02-28,0.06,0.04681511,0.033235896
MA-BA-109,N Falmouth 0.7 E,41.643684,-70.608876,2025-03-01,0.0,0.0,0.00082472654
MA-BA-109,N Falmouth 0.7 E,41.643684,-70.608876,2025-03-02,0.0,7.8671095e-05,0.0
MA-BA-109,N Falmouth 0.7 E,41.643684,-70.608876,2025-03-03,0.0,0.0,0.0
MA-BA-109,N Falmouth 0.7 E,41.643684,-70.608876,2025-03-04,0.0,0.0,0.0
MA-BA-109,N Falmouth 0.7 E,41.643684,-70.608876,2025-03-05,0.0,0.0,0.0
MA-BA-109,N Falmouth 0.7 E,41.643684,-70.608876,2025-03-06,0.58,0.58240396,0.71908545
MA-BA-109,N Falmouth 0.7 E,41.643684,-70.608876,2025-03-07,0.03,0.28052106,0.06740608
MA-BA-109,N Falmouth 0.7 E,41.643684,-70.608876,2025-03-08,0.0,0.0,0.0031764114
MA-BA-109,N Falmouth 0.7 E,41.643684,-70.608876,2025-03-09,0.0,3.9335548e-05,0.0061247293
MA-BA-109,N Falmouth 0.7 E,41.643684,-70.608876,2025-03-10,0.0,0.0,0.002086632
MA-BA-109,N Falmouth 0.7 E,41.643684,-70.608876,2025-03-11,0.0,0.0,0.0
MA-BA-109,N Falmouth 0.7 E,41.643684,-70.608876,2025-03-12,0.0,0.0,3.9335548e-05
MA-BA-109,N Falmouth 0.7 E,41.643684,-70.608876,2025-03-13,0.0,0.0,0.0
MA-BA-109,N Falmouth 0.7 E,41.643684,-70.608876,2025-03-14,0.0,0.020107064,0.015380463
MA-BA-109,N Falmouth 0.7 E,41.643684,-70.608876,2025-03-15,0.0,0.0017693077,0.0040454892
MA-BA-109,N Falmouth 0.7 E,41.643684,-70.608876,2025-03-16,0.0,0.01085793,0.007941556
MA-BA-109,N Falmouth 0.7 E,41.643684,-70.608876,2025-03-17,0.32,0.0032698663,0.74669874
MA-BA-109,N Falmouth 0.7 E,41.643684,-70.608876,2025-03-18,2.06,1.8107451,2.5424807
MA-BA-109,N Falmouth 0.7 E,41.643684,-70.608876,2025-03-19,0.0,3.9335548e-05,0.0024836832
MA-BA-109,N Falmouth 0.7 E,41.643684,-70.608876,2025-03-20,0.01,0.015750851,0.009719312
MA-BA-109,N Falmouth 0.7 E,41.643684,-70.608876,2025-03-21,0.32,0.15705538,0.15396303
MA-BA-109,N Falmouth 0.7 E,41.643684,-70.608876,2025-03-22,0.14,0.115313604,0.19425292
MA-BA-109,N Falmouth 0.7 E,41.643684,-70.608876,2025-03-23,0.0,0.0,0.00094326114
MA-BA-109,N Falmouth 0.7 E,41.643684,-70.608876,2025-03-24,0.0,0.0,0.0
MA-BA-109,N Falmouth 0.7 E,41.643684,-70.608876,2025-03-25,0.57,0.61723757,0.45293853
MA-BA-109,N Falmouth 0.7 E,41.643684,-70.608876,2025-03-26,0.0,0.016342469,0.08160674
MA-BA-109,N Falmouth 0.7 E,41.643684,-70.608876,2025-03-27,0.01,0.236706,0.160696
MA-BA-109,N Falmouth 0.7 E,41.643684,-70.608876,2025-03-28,0.0,0.00039282747,0.017497718
MA-BA-109,N Falmouth 0.7 E,41.643684,-70.608876,2025-03-29,0.04,0.10793304,0.000864326
MA-BA-109,N Falmouth 0.7 E,41.643684,-70.608876,2025-03-30,0.09,0.20829414,0.4998624
MA-BA-109,N Falmouth 0.7 E,41.643684,-70.608876,2025-03-31,0.0,0.05277009,0.03109541
MA-BA-109,N Falmouth 0.7 E,41.643684,-70.608876,2025-04-01,0.2,0.92767316,0.4544813
MA-BA-109,N Falmouth 0.7 E,41.643684,-70.608876,2025-04-02,0.09,0.054793097,0.026137812
MA-BA-109,N Falmouth 0.7 E,41.643684,-70.608876,2025-04-03,0.17,0.08200379,0.12809132
MA-BA-109,N Falmouth 0.7 E,41.643684,-70.608876,2025-04-05,0.0,0.06825905,0.007672015
MA-BA-109,N Falmouth 0.7 E,41.643684,-70.608876,2025-04-06,0.65,0.66171813,0.4243297
MA-BA-109,N Falmouth 0.7 E,41.643684,-70.608876,2025-04-07,0.03,0.114760265,0.10978102
MA-BA-109,N Falmouth 0.7 E,41.643684,-70.608876,2025-04-08,0.57,0.7614253,0.52957577
MA-BA-109,N Falmouth 0.7 E,41.643684,-70.608876,2025-04-09,0.03,0.06285028,0.027545441
MA-BA-109,N Falmouth 0.7 E,41.643684,-70.608876,2025-04-10,0.0,0.0,0.0
MA-BA-109,N Falmouth 0.7 E,41.643684,-70.608876,2025-04-11,0.04,0.08565539,0.010725932
MA-BA-109,N Falmouth 0.7 E,41.643684,-70.608876,2025-04-12,0.33,0.10302481,0.08242724
MA-BA-109,N Falmouth 0.7 E,41.643684,-70.608876,2025-04-13,0.17,0.448289,0.53976184
MA-BA-109,N Falmouth 0.7 E,41.643684,-70.608876,2025-04-14,0.51,0.48178944,0.54308844
MA-BA-109,N Falmouth 0.7 E,41.643684,-70.608876,2025-04-15,0.09,0.038437955,0.00551252
MA-BA-109,N Falmouth 0.7 E,41.643684,-70.608876,2025-04-16,0.05,0.054539908,0.06037135
MA-BA-109,N Falmouth 0.7 E,41.643684,-70.608876,2025-04-17,0.0,0.0,0.0
MA-BA-109,N Falmouth 0.7 E,41.643684,-70.608876,2025-04-18,0.0,0.0,0.0
MA-BA-109,N Falmouth 0.7 E,41.643684,-70.608876,2025-04-19,0.0,0.004245071,0.0022033185
MA-BA-109,N Falmouth 0.7 E,41.643684,-70.608876,2025-04-20,0.0,0.028142603,0.02658819
MA-BA-109,N Falmouth 0.7 E,41.643684,-70.608876,2025-04-21,0.0,0.0,0.0
MA-BA-109,N Falmouth 0.7 E,41.643684,-70.608876,2025-04-22,0.14,0.11030109,0.123698674
MA-BA-109,N Falmouth 0.7 E,41.643684,-70.608876,2025-04-23,0.0,0.10826647,0.23287462
MA-BA-109,N Falmouth 0.7 E,41.643684,-70.608876,2025-04-24,0.0,0.0,0.0
MA-BA-109,N Falmouth 0.7 E,41.643684,-70.608876,2025-04-25,0.0,0.0,0.0
MA-BA-109,N Falmouth 0.7 E,41.643684,-70.608876,2025-04-26,0.0,0.008815386,0.0
MA-BA-109,N Falmouth 0.7 E,41.643684,-70.608876,2025-04-27,0.86,1.0064068,1.3068694
MA-BA-109,N Falmouth 0.7 E,41.643684,-70.608876,2025-04-28,0.0,0.0016924845,3.9335548e-05
MA-BA-109,N Falmouth 0.7 E,41.643684,-70.608876,2025-04-29,0.0,0.0,0.0
MA-BA-109,N Falmouth 0.7 E,41.643684,-70.608876,2025-04-30,0.0,7.8671095e-05,0.0
MA-BA-109,N Falmouth 0.7 E,41.643684,-70.608876,2025-05-01,0.0,0.0,0.00019641373
MA-BA-109,N Falmouth 0.7 E,41.643684,-70.608876,2025-05-02,0.41,0.08812852,0.03458545
MA-BA-109,N Falmouth 0.7 E,41.643684,-70.608876,2025-05-03,0.0,0.03607254,0.20653433
MA-BA-109,N Falmouth 0.7 E,41.643684,-70.608876,2025-05-04,0.0,0.00019641373,0.0
MA-BA-109,N Falmouth 0.7 E,41.643684,-70.608876,2025-05-05,0.16,0.0,0.36701068
MA-BA-109,N Falmouth 0.7 E,41.643684,-70.608876,2025-05-06,0.01,0.12115137,0.26173845
MA-BA-109,N Falmouth 0.7 E,41.643684,-70.608876,2025-05-07,0.13,0.5022582,0.3670347
MA-BA-109,N Falmouth 0.7 E,41.643684,-70.608876,2025-05-08,0.0,0.0,0.012356377
MA-BA-109,N Falmouth 0.7 E,41.643684,-70.608876,2025-05-09,0.0,0.0012178179,0.0009036616
MA-BA-109,N Falmouth 0.7 E,41.643684,-70.608876,2025-05-10,1.19,1.2786027,1.0727975
MA-BA-109,N Falmouth 0.7 E,41.643684,-70.608876,2025-05-11,0.02,0.003734501,0.0
MA-BA-109,N Falmouth 0.7 E,41.643684,-70.608876,2025-05-12,0.0,0.0,0.0
MA-BA-109,N Falmouth 0.7 E,41.643684,-70.608876,2025-05-13,0.0,0.0,0.0
MA-BA-109,N Falmouth 0.7 E,41.643684,-70.608876,2025-05-14,0.0,0.0,0.0
MA-BA-109,N Falmouth 0.7 E,41.643684,-70.608876,2025-05-15,0.0,0.005704446,0.0
MA-BA-109,N Falmouth 0.7 E,41.643684,-70.608876,2025-05-16,0.02,0.80203956,0.028865427
MA-BA-109,N Falmouth 0.7 E,41.643684,-70.608876,2025-05-17,0.0,0.0028292555,0.0055133123
MA-BA-109,N Falmouth 0.7 E,41.643684,-70.608876,2025-05-18,0.02,0.0005124181,0.008928905
MA-BA-109,N Falmouth 0.7 E,41.643684,-70.608876,2025-05-19,0.0,0.00015734219,0.0
MA-BA-109,N Falmouth 0.7 E,41.643684,-70.608876,2025-05-20,0.0,0.0,0.0
MA-BA-109,N Falmouth 0.7 E,41.643684,-70.608876,2025-05-21,0.0,0.0013382006,0.016421666
MA-BA-109,N Falmouth 0.7 E,41.643684,-70.608876,2025-05-22,0.02,0.012590807,0.19811969
MA-BA-109,N Falmouth 0.7 E,41.643684,-70.608876,2025-05-23,4.09,2.20586,2.7792923
MA-BA-109,N Falmouth 0.7 E,41.643684,-70.608876,2025-05-24,0.02,0.028113827,0.081751674
MA-BA-109,N Falmouth 0.7 E,41.643684,-70.608876,2025-05-25,0.08,0.17789303,0.001298865
MA-BA-109,N Falmouth 0.7 E,41.643684,-70.608876,2025-05-26,0.0,0.04560732,0.019641373
MA-BA-109,N Falmouth 0.7 E,41.643684,-70.608876,2025-05-27,0.0,0.0,0.0
MA-BA-109,N Falmouth 0.7 E,41.643684,-70.608876,2025-05-28,0.0,0.0,0.0
MA-BA-109,N Falmouth 0.7 E,41.643684,-70.608876,2025-05-29,0.13,0.047139294,0.13618019
MA-BA-109,N Falmouth 0.7 E,41.643684,-70.608876,2025-05-30,0.1,0.075929485,0.25744137
MA-BA-109,N Falmouth 0.7 E,41.643684,-70.608876,2025-05-31,0.19,0.0951144,0.42231646
MA-BA-109,N Falmouth 0.7 E,41.643684,-70.608876,2025-06-01,0.0,0.54253405,0.6714047
MA-BA-109,N Falmouth 0.7 E,41.643684,-70.608876,2025-06-02,0.0,7.8671095e-05,3.9335548e-05
MA-BA-109,N Falmouth 0.7 E,41.643684,-70.608876,2025-06-03,0.0,0.0,0.0
MA-BA-109,N Falmouth 0.7 E,41.643684,-70.608876,2025-06-04,0.0,0.0,0.0
MA-BA-109,N Falmouth 0.7 E,41.643684,-70.608876,2025-06-05,0.0,0.0,0.0
MA-BA-109,N Falmouth 0.7 E,41.643684,-70.608876,2025-06-06,0.0,0.0,0.0
MA-BA-109,N Falmouth 0.7 E,41.643684,-70.608876,2025-06-07,0.0,0.0077586067,0.0
MA-BA-109,N Falmouth 0.7 E,41.643684,-70.608876,2025-06-08,0.32,0.1303514,0.10086373
MA-BA-109,N Falmouth 0.7 E,41.643684,-70.608876,2025-06-09,0.0,3.9335548e-05,0.00027455683
MA-BA-109,N Falmouth 0.7 E,41.643684,-70.608876,2025-06-10,0.08,0.005871028,0.03126252
MA-BA-109,N Falmouth 0.7 E,41.643684,-70.608876,2025-06-11,0.65,0.06861782,0.12222979
MA-BA-109,N Falmouth 0.7 E,41.643684,-70.608876,2025-06-12,0.0,0.0,0.0
MA-BA-109,N Falmouth 0.7 E,41.643684,-70.608876,2025-06-13,0.0,0.00039282747,7.8671095e-05
MA-BA-109,N Falmouth 0.7 E,41.643684,-70.608876,2025-06-14,0.0,0.07143388,0.011359525
MA-BA-109,N Falmouth 0.7 E,41.643684,-70.608876,2025-06-15,0.19,0.19731054,0.1113122
MA-BA-109,N Falmouth 0.7 E,41.643684,-70.608876,2025-06-16,0.0,0.00011827063,0.00066949625
MA-BA-109,N Falmouth 0.7 E,41.643684,-70.608876,2025-06-17,0.0,0.16301997,0.04973729
MA-BA-109,N Falmouth 0.7 E,41.643684,-70.608876,2025-06-18,0.0,0.010779788,0.019254353
MA-BA-109,N Falmouth 0.7 E,41.643684,-70.608876,2025-06-19,0.0,0.013297527,0.1152938
MA-BA-109,N Falmouth 0.7 E,41.643684,-70.608876,2025-06-20,0.0,3.9335548e-05,0.00059135316
MA-BA-109,N Falmouth 0.7 E,41.643684,-70.608876,2025-06-21,0.0,0.0,0.0
MA-BA-109,N Falmouth 0.7 E,41.643684,-70.608876,2025-06-22,0.0,0.0,0.32543856
MA-BA-109,N Falmouth 0.7 E,41.643684,-70.608876,2025-06-23,0.0,0.008583069,0.0071524694
MA-BA-109,N Falmouth 0.7 E,41.643684,-70.608876,2025-06-24,0.0,0.0,0.0
MA-BA-109,N Falmouth 0.7 E,41.643684,-70.608876,2025-06-25,0.0,0.0,0.0
MA-BA-109,N Falmouth 0.7 E,41.643684,-70.608876,2025-06-26,0.0,0.0031426197,0.13908626
MA-BA-109,N Falmouth 0.7 E,41.643684,-70.608876,2025-06-27,0.0,0.0016523569,0.60436714
MA-BA-109,N Falmouth 0.7 E,41.643684,-70.608876,2025-06-28,0.0,0.008802715,0.060731705
MA-BA-109,N Falmouth 0.7 E,41.643684,-70.608876,2025-06-29,0.01,0.004870216,0.11912018
MA-BA-109,N Falmouth 0.7 E,41.643684,-70.608876,2025-06-30,0.0,0.0010221963,3.9335548e-05
MA-BA-109,N Falmouth 0.7 E,41.643684,-70.608876,2025-07-01,0.0,0.00047149856,0.0
MA-BA-109,N Falmouth 0.7 E,41.643684,-70.608876,2025-07-02,0.02,0.038490754,0.61764544
MA-BA-109,N Falmouth 0.7 E,41.643684,-70.608876,2025-07-03,0.01,0.009294013,0.019304777
MA-BA-109,N Falmouth 0.7 E,41.643684,-70.608876,2025-07-04,0.09,0.057614695,0.2047687
MA-BA-109,N Falmouth 0.7 E,41.643684,-70.608876,2025-07-05,0.0,0.0,0.0
MA-BA-109,N Falmouth 0.7 E,41.643684,-70.608876,2025-07-06,0.0,0.0,0.0
MA-BA-109,N Falmouth 0.7 E,41.643684,-70.608876,2025-07-07,0.0,0.0018456028,0.0
MA-BA-109,N Falmouth 0.7 E,41.643684,-70.608876,2025-07-08,0.17,0.06926752,0.09672373
MA-BA-109,N Falmouth 0.7 E,41.643684,-70.608876,2025-07-09,0.54,0.41709408,0.6189361
MA-BA-109,N Falmouth 0.7 E,41.643684,-70.608876,2025-07-10,0.17,0.012677133,0.05055489
MA-BA-109,N Falmouth 0.7 E,41.643684,-70.608876,2025-07-11,0.19,0.5751274,0.38828355
MA-BA-109,N Falmouth 0.7 E,41.643684,-70.608876,2025-07-12,0.01,0.0020042649,0.00019667773
MA-BA-109,N Falmouth 0.7 E,41.643684,-70.608876,2025-07-13,0.0,0.003739253,0.005672767
MA-BA-109,N Falmouth 0.7 E,41.643684,-70.608876,2025-07-14,0.0,0.0,0.02045554
MA-BA-109,N Falmouth 0.7 E,41.643684,-70.608876,2025-07-15,0.07,0.0047276574,0.0029166385
MA-BA-109,N Falmouth 0.7 E,41.643684,-70.608876,2025-07-16,0.01,0.007609976,0.0121185165
MA-BA-109,N Falmouth 0.7 E,41.643684,-70.608876,2025-07-17,0.01,0.0007476394,0.0016903726
MA-BA-109,N Falmouth 0.7 E,41.643684,-70.608876,2025-07-18,0.0,0.0,0.007206061
MA-BA-109,N Falmouth 0.7 E,41.643684,-70.608876,2025-07-19,0.0,0.0,0.0
MA-BA-109,N Falmouth 0.7 E,41.643684,-70.608876,2025-07-20,0.0,7.8671095e-05,0.0
MA-BA-109,N Falmouth 0.7 E,41.643684,-70.608876,2025-07-21,0.08,0.06897422,0.22238259
MA-BA-109,N Falmouth 0.7 E,41.643684,-70.608876,2025-07-22,0.0,0.0,0.0
MA-BA-109,N Falmouth 0.7 E,41.643684,-70.608876,2025-07-23,0.0,0.0,0.0
MA-BA-109,N Falmouth 0.7 E,41.643684,-70.608876,2025-07-24,0.0,0.0,0.0
MA-BA-109,N Falmouth 0.7 E,41.643684,-70.608876,2025-07-25,0.0,0.0,0.0
MA-BA-109,N Falmouth 0.7 E,41.643684,-70.608876,2025-07-26,0.06,0.06977968,0.028176395
MA-BA-109,N Falmouth 0.7 E,41.643684,-70.608876,2025-07-27,0.0,0.0,0.0
MA-BA-109,N Falmouth 0.7 E,41.643684,-70.608876,2025-07-28,0.02,0.00011827063,0.6273692
MA-BA-109,N Falmouth 0.7 E,41.643684,-70.608876,2025-07-30,0.0,0.0,0.0
MA-BA-109,N Falmouth 0.7 E,41.643684,-70.608876,2025-07-31,0.0,0.0,7.8671095e-05
MA-BA-109,N Falmouth 0.7 E,41.643684,-70.608876,2025-08-01,0.48,0.17305371,0.21808234
MA-BA-109,N Falmouth 0.7 E,41.643684,-70.608876,2025-08-02,0.09,0.03187816,0.076768205
MA-BA-109,N Falmouth 0.7 E,41.643684,-70.608876,2025-08-03,0.0,0.0,0.0
MA-BA-109,N Falmouth 0.7 E,41.643684,-70.608876,2025-08-04,0.0,0.0,0.0
MA-BA-109,N Falmouth 0.7 E,41.643684,-70.608876,2025-08-05,0.0,0.0,0.0
MA-BA-109,N Falmouth 0.7 E,41.643684,-70.608876,2025-08-06,0.0,0.0,0.0
MA-BA-109,N Falmouth 0.7 E,41.643684,-70.608876,2025-08-07,0.0,0.0,0.0
MA-BA-109,N Falmouth 0.7 E,41.643684,-70.608876,2025-08-08,0.0,0.0,0.0
MA-BA-109,N Falmouth 0.7 E,41.643684,-70.608876,2025-08-09,0.0,0.0,0.0
MA-BA-109,N Falmouth 0.7 E,41.643684,-70.608876,2025-08-10,0.0,0.0,0.0
MA-BA-109,N Falmouth 0.7 E,41.643684,-70.608876,2025-08-11,0.0,0.0,0.0
MA-BA-109,N Falmouth 0.7 E,41.643684,-70.608876,2025-08-12,0.0,0.0,0.0
MA-BA-109,N Falmouth 0.7 E,41.643684,-70.608876,2025-08-13,0.0,0.0,0.0023580207
MA-BA-109,N Falmouth 0.7 E,41.643684,-70.608876,2025-08-14,0.0,0.0005118901,0.0018482427
MA-BA-109,N Falmouth 0.7 E,41.643684,-70.608876,2025-08-15,0.0,0.0006673843,0.09571816
MA-BA-109,N Falmouth 0.7 E,41.643684,-70.608876,2025-08-16,0.0,0.0,0.0026328417
MA-BA-109,N Falmouth 0.7 E,41.643684,-70.608876,2025-08-17,0.0,0.00011827063,7.8671095e-05
MA-BA-109,N Falmouth 0.7 E,41.643684,-70.608876,2025-08-18,0.0,0.022816202,0.045897454
MA-BA-109,N Falmouth 0.7 E,41.643684,-70.608876,2025-08-19,0.0,7.8671095e-05,0.00047097055
MA-BA-109,N Falmouth 0.7 E,41.643684,-70.608876,2025-08-20,0.0,0.0,0.0
MA-BA-109,N Falmouth 0.7 E,41.643684,-70.608876,2025-08-21,1.13,0.62162834,2.6977406
MA-BA-109,N Falmouth 0.7 E,41.643684,-70.608876,2025-08-22,0.0,0.0022049025,0.034678638
MA-BA-109,N Falmouth 0.7 E,41.643684,-70.608876,2025-08-23,0.0,0.0,0.0
MA-BA-109,N Falmouth 0.7 E,41.643684,-70.608876,2025-08-24,0.0,0.0,0.0
MA-BA-109,N Falmouth 0.7 E,41.643684,-70.608876,2025-08-25,0.0,0.00039282747,0.0
MA-BA-109,N Falmouth 0.7 E,41.643684,-70.608876,2025-08-26,0.0,0.018940197,0.0
MA-BA-109,N Falmouth 0.7 E,41.643684,-70.608876,2025-08-27,0.0,0.0,0.0
MA-BA-109,N Falmouth 0.7 E,41.643684,-70.608876,2025-08-28,0.0,0.0,0.0
MA-BA-109,N Falmouth 0.7 E,41.643684,-70.608876,2025-08-29,0.0,0.0,0.0
MA-BA-109,N Falmouth 0.7 E,41.643684,-70.608876,2025-08-30,0.54,0.4793324,0.049470916
MA-BA-109,N Falmouth 0.7 E,41.643684,-70.608876,2025-08-31,0.0,0.0,0.0
MA-BA-109,N Falmouth 0.7 E,41.643684,-70.608876,2025-09-01,0.0,0.0,0.0
MA-BA-109,N Falmouth 0.7 E,41.643684,-70.608876,2025-09-02,0.0,0.0,0.00039282747
MA-BA-109,N Falmouth 0.7 E,41.643684,-70.608876,2025-09-03,0.0,0.0,0.0
MA-BA-109,N Falmouth 0.7 E,41.643684,-70.608876,2025-09-04,0.0,0.0,0.0
MA-BA-109,N Falmouth 0.7 E,41.643684,-70.608876,2025-09-05,0.01,0.0,0.0
MA-BA-109,N Falmouth 0.7 E,41.643684,-70.608876,2025-09-06,0.0,0.0,0.0
MA-BA-109,N Falmouth 0.7 E,41.643684,-70.608876,2025-09-07,0.02,0.08278945,0.0068005617
MA-BA-109,N Falmouth 0.7 E,41.643684,-70.608876,2025-09-08,0.86,0.28433952,1.1344877
MA-BA-109,N Falmouth 0.7 E,41.643684,-70.608876,2025-09-09,0.0,0.0,0.0
MA-BA-109,N Falmouth 0.7 E,41.643684,-70.608876,2025-09-10,0.0,0.0020470324,0.13196047
MA-BA-109,N Falmouth 0.7 E,41.643684,-70.608876,2025-09-11,0.0,0.00657986,0.1832857
MA-BA-109,N Falmouth 0.7 E,41.643684,-70.608876,2025-09-12,0.0,0.0,0.00015760618
MA-BA-109,N Falmouth 0.7 E,41.643684,-70.608876,2025-09-13,0.0,0.0,0.0
MA-BA-109,N Falmouth 0.7 E,41.643684,-70.608876,2025-09-14,0.0,0.0,0.01298865
MA-BA-109,N Falmouth 0.7 E,41.643684,-70.608876,2025-09-15,0.0,0.0,0.0010615317
MA-BA-109,N Falmouth 0.7 E,41.643684,-70.608876,2025-09-16,0.0,0.0,0.0
MA-BA-109,N Falmouth 0.7 E,41.643684,-70.608876,2025-09-17,0.0,0.0,0.0
MA-BA-109,N Falmouth 0.7 E,41.643684,-70.608876,2025-09-18,0.19,0.26508674,0.10468641
MA-BA-109,N Falmouth 0.7 E,41.643684,-70.608876,2025-09-19,0.0,3.9335548e-05,0.00090392557
MA-BA-109,N Falmouth 0.7 E,41.643684,-70.608876,2025-09-20,0.0,0.0,0.0
MA-BA-109,N Falmouth 0.7 E,41.643684,-70.608876,2025-09-21,0.0,0.0,0.0
MA-BA-109,N Falmouth 0.7 E,41.643684,-70.608876,2025-09-22,0.0,0.0,0.0
MA-BA-109,N Falmouth 0.7 E,41.643684,-70.608876,2025-09-23,0.0,0.0,0.0
MA-BA-109,N Falmouth 0.7 E,41.643684,-70.608876,2025-09-24,0.0,0.0,0.0
MA-BA-109,N Falmouth 0.7 E,41.643684,-70.608876,2025-09-25,1.75,0.2752691,0.37685013
MA-BA-109,N Falmouth 0.7 E,41.643684,-70.608876,2025-09-26,0.61,0.26923677,1.0569212
MA-BA-109,N Falmouth 0.7 E,41.643684,-70.608876,2025-09-27,0.0,0.0,0.015341391
MA-BA-109,N Falmouth 0.7 E,41.643684,-70.608876,2025-09-28,0.1,0.050636727,0.016819773
MA-BA-109,N Falmouth 0.7 E,41.643684,-70.608876,2025-09-29,0.0,0.0011784824,0.0012220419
MA-BA-109,N Falmouth 0.7 E,41.643684,-70.608876,2025-09-30,0.0,0.0,0.0
MA-BA-109,N Falmouth 0.7 E,41.643684,-70.608876,2025-10-01,0.0,0.0,0.0
MA-BA-109,N Falmouth 0.7 E,41.643684,-70.608876,2025-10-02,0.0,0.0,0.0
MA-BA-109,N Falmouth 0.7 E,41.643684,-70.608876,2025-10-03,0.0,0.0,0.0
MA-BA-109,N Falmouth 0.7 E,41.643684,-70.608876,2025-10-04,0.0,0.0,0.0
MA-BA-109,N Falmouth 0.7 E,41.643684,-70.608876,2025-10-05,0.0,0.0,0.0
MA-BA-109,N Falmouth 0.7 E,41.643684,-70.608876,2025-10-06,0.0,0.0,0.0
MA-BA-109,N Falmouth 0.7 E,41.643684,-70.608876,2025-10-07,0.0,0.0,0.0
MA-BA-109,N Falmouth 0.7 E,41.643684,-70.608876,2025-10-08,0.0,0.0,0.0027540163
MA-BA-109,N Falmouth 0.7 E,41.643684,-70.608876,2025-10-09,0.84,0.41855344,1.7440568
MA-BA-109,N Falmouth 0.7 E,41.643684,-70.608876,2025-10-10,0.0,0.0,0.0
MA-BA-109,N Falmouth 0.7 E,41.643684,-70.608876,2025-10-11,0.0,0.0005110981,0.00275824
MA-BA-109,N Falmouth 0.7 E,41.643684,-70.608876,2025-10-12,0.0,0.0,0.012398353
MA-BA-109,N Falmouth 0.7 E,41.643684,-70.608876,2025-10-13,2.23,1.6572526,0.8574621
MA-BA-109,N Falmouth 0.7 E,41.643684,-70.608876,2025-10-14,1.59,1.9308696,1.7399976
MA-BA-109,N Falmouth 0.7 E,41.643684,-70.608876,2025-10-15,0.48,0.37273967,0.094234765
MA-BA-109,N Falmouth 0.7 E,41.643684,-70.608876,2025-10-16,0.0,0.0,3.9335548e-05
MA-BA-109,N Falmouth 0.7 E,41.643684,-70.608876,2025-10-17,0.0,0.0037785883,0.09826574
MA-BA-109,N Falmouth 0.7 E,41.643684,-70.608876,2025-10-18,0.0,0.0,0.0
MA-BA-109,N Falmouth 0.7 E,41.643684,-70.608876,2025-10-19,0.0,0.0,0.0
MA-BA-109,N Falmouth 0.7 E,41.643684,-70.608876,2025-10-20,0.0,0.0003548119,0.0
MA-BA-109,N Falmouth 0.7 E,41.643684,-70.608876,2025-10-21,0.79,0.94368666,0.36940986
MA-BA-109,N Falmouth 0.7 E,41.643684,-70.608876,2025-10-22,0.0,0.0,0.0066907387
MA-BA-109,N Falmouth 0.7 E,41.643684,-70.608876,2025-10-23,0.02,0.020771807,0.08535682
MA-BA-109,N Falmouth 0.7 E,41.643684,-70.608876,2025-10-24,0.0,0.0,0.0
MA-BA-109,N Falmouth 0.7 E,41.643684,-70.608876,2025-10-25,0.0,0.0,0.0
MA-BA-109,N Falmouth 0.7 E,41.643684,-70.608876,2025-10-26,0.0,0.0,0.0
MA-BA-109,N Falmouth 0.7 E,41.643684,-70.608876,2025-10-27,0.0,0.0,0.018112304
MA-BA-109,N Falmouth 0.7 E,41.643684,-70.608876,2025-10-28,0.03,0.06028423,0.08700073
MA-BA-109,N Falmouth 0.7 E,41.643684,-70.608876,2025-10-29,0.02,0.009759967,0.14420992
MA-BA-109,N Falmouth 0.7 E,41.643684,-70.608876,2025-10-30,0.06,0.007986436,0.066768
MA-BA-109,N Falmouth 0.7 E,41.643684,-70.608876,2025-10-31,1.76,1.4663006,2.2277884
MA-BA-109,N Falmouth 0.7 E,41.643684,-70.608876,2025-11-01,0.0,0.0,0.009386675
MA-BA-109,N Falmouth 0.7 E,41.643684,-70.608876,2025-11-02,0.0,0.0,0.0
MA-BA-109,N Falmouth 0.7 E,41.643684,-70.608876,2025-11-03,0.0,0.0,0.0
MA-BA-109,N Falmouth 0.7 E,41.643684,-70.608876,2025-11-04,0.38,0.08403181,0.6403341
MA-BA-109,N Falmouth 0.7 E,41.643684,-70.608876,2025-11-05,0.0,0.0,0.0
MA-BA-109,N Falmouth 0.7 E,41.643684,-70.608876,2025-11-06,0.02,3.9335548e-05,0.0
MA-BA-109,N Falmouth 0.7 E,41.643684,-70.608876,2025-11-07,0.0,0.0,0.0
MA-BA-109,N Falmouth 0.7 E,41.643684,-70.608876,2025-11-08,0.04,0.018872613,0.3843162
MA-BA-109,N Falmouth 0.7 E,41.643684,-70.608876,2025-11-09,0.03,0.03435656,0.06159366
MA-BA-109,N Falmouth 0.7 E,41.643684,-70.608876,2025-11-10,2.32,0.28790268,0.1475764
MA-BA-109,N Falmouth 0.7 E,41.643684,-70.608876,2025-11-11,0.5,0.2608187,0.083610475
MA-BA-109,N Falmouth 0.7 E,41.643684,-70.608876,2025-11-12,0.0,0.0006673843,0.0
MA-BA-109,N Falmouth 0.7 E,41.643684,-70.608876,2025-11-13,0.0,0.0011404669,0.016558683
MA-BA-109,N Falmouth 0.7 E,41.643684,-70.608876,2025-11-14,0.01,0.040896825,0.000432163
MA-BA-109,N Falmouth 0.7 E,41.643684,-70.608876,2025-11-15,0.0,0.0,0.0
MA-BA-109,N Falmouth 0.7 E,41.643684,-70.608876,2025-11-16,0.75,0.58158743,0.5186561
MA-BA-109,N Falmouth 0.7 E,41.643684,-70.608876,2025-11-17,0.0,0.0,3.9335548e-05
MA-BA-109,N Falmouth 0.7 E,41.643684,-70.608876,2025-11-18,0.0,0.0,0.0
MA-BA-109,N Falmouth 0.7 E,41.643684,-70.608876,2025-11-19,0.0,0.0,0.0020443923
MA-BA-109,N Falmouth 0.7 E,41.643684,-70.608876,2025-11-20,0.0,3.9335548e-05,0.10859488
MA-BA-109,N Falmouth 0.7 E,41.643684,-70.608876,2025-11-21,0.0,0.0,0.0
MA-BA-109,N Falmouth 0.7 E,41.643684,-70.608876,2025-11-22,0.02,0.0,0.00011800665
MA-BA-109,N Falmouth 0.7 E,41.643684,-70.608876,2025-11-23,0.21,0.1861073,0.01041336
MA-BA-109,N Falmouth 0.7 E,41.643684,-70.608876,2025-11-24,0.01,0.043417994,0.058989592
MA-BA-109,N Falmouth 0.7 E,41.643684,-70.608876,2025-11-25,0.0,0.0,0.0
MA-BA-109,N Falmouth 0.7 E,41.643684,-70.608876,2025-11-26,0.23,0.57092613,0.39441568
MA-BA-109,N Falmouth 0.7 E,41.643684,-70.608876,2025-11-27,0.05,0.06493691,0.73497283
MA-BA-109,N Falmouth 0.7 E,41.643684,-70.608876,2025-11-28,0.0,0.0,0.0
MA-BA-109,N Falmouth 0.7 E,41.643684,-70.608876,2025-11-29,0.0,0.0,0.00054911367
MA-BA-109,N Falmouth 0.7 E,41.643684,-70.608876,2025-11-30,0.0,0.0,0.0
MA-BA-109,N Falmouth 0.7 E,41.643684,-70.608876,2025-12-01,0.3,0.2792074,0.29152867
MA-BA-109,N Falmouth 0.7 E,41.643684,-70.608876,2025-12-02,0.0,0.0,0.0
MA-BA-109,N Falmouth 0.7 E,41.643684,-70.608876,2025-12-03,0.97,0.94820315,0.8345028
MA-BA-109,N Falmouth 0.7 E,41.643684,-70.608876,2025-12-04,0.0,0.0020106009,0.0020076968
MA-BA-109,N Falmouth 0.7 E,41.643684,-70.608876,2025-12-05,0.0,0.0,0.00023654127
MA-BA-109,N Falmouth 0.7 E,41.643684,-70.608876,2025-12-06,0.0,0.0003542839,0.0037804362
MA-BA-109,N Falmouth 0.7 E,41.643684,-70.608876,2025-12-07,0.03,0.011190567,0.22243327
MA-BA-109,N Falmouth 0.7 E,41.643684,-70.608876,2025-12-08,0.0,0.0,7.8671095e-05
MA-BA-109,N Falmouth 0.7 E,41.643684,-70.608876,2025-12-09,0.0,0.0,0.00043321901
MA-BA-109,N Falmouth 0.7 E,41.643684,-70.608876,2025-12-10,0.05,0.012409969,0.00831828
MA-BA-109,N Falmouth 0.7 E,41.643684,-70.608876,2025-12-11,0.01,0.01560882,0.09155019
MA-BA-109,N Falmouth 0.7 E,41.643684,-70.608876,2025-12-12,0.0,0.0,0.0019683612
MA-BA-109,N Falmouth 0.7 E,41.643684,-70.608876,2025-12-13,0.0,0.0,0.0
MA-BA-109,N Falmouth 0.7 E,41.643684,-70.608876,2025-12-14,0.2,0.17073,0.11271323
MA-BA-109,N Falmouth 0.7 E,41.643684,-70.608876,2025-12-15,0.19,0.28014645,0.30540118
MA-BA-109,N Falmouth 0.7 E,41.643684,-70.608876,2025-12-16,0.0,0.0,0.0
MA-BA-109,N Falmouth 0.7 E,41.643684,-70.608876,2025-12-17,0.0,0.0,0.0
MA-BA-109,N Falmouth 0.7 E,41.643684,-70.608876,2025-12-18,0.0,0.0,0.0
MA-BA-109,N Falmouth 0.7 E,41.643684,-70.608876,2025-12-19,0.14,0.017363079,0.012300146
MA-BA-109,N Falmouth 0.7 E,41.643684,-70.608876,2025-12-20,0.43,0.33379063,0.5425422
MA-BA-109,N Falmouth 0.7 E,41.643684,-70.608876,2025-12-21,0.0,0.0,0.0
MA-BA-109,N Falmouth 0.7 E,41.643684,-70.608876,2025-12-22,0.0,0.0,0.0013403125
MA-BA-109,N Falmouth 0.7 E,41.643684,-70.608876,2025-12-23,0.0,0.0,0.022893816
MA-BA-109,N Falmouth 0.7 E,41.643684,-70.608876,2025-12-24,0.14,0.1659865,0.32630023
MA-BA-109,N Falmouth 0.7 E,41.643684,-70.608876,2025-12-25,0.0,0.120053135,0.05492589
MA-BA-109,N Falmouth 0.7 E,41.643684,-70.608876,2025-12-26,0.0,0.0,0.000863798
MA-BA-109,N Falmouth 0.7 E,41.643684,-70.608876,2025-12-27,0.25,0.19150233,0.11084203
MA-BA-109,N Falmouth 0.7 E,41.643684,-70.608876,2025-12-28,0.01,0.016754303,0.033875827
MA-BA-109,N Falmouth 0.7 E,41.643684,-70.608876,2025-12-29,0.29,0.25388718,0.60474306
MA-BA-109,N Falmouth 0.7 E,41.643684,-70.608876,2025-12-30,0.26,0.31286806,0.71437997
MA-BA-109,N Falmouth 0.7 E,41.643684,-70.608876,2025-12-31,0.0,0.00090392557,0.0
MA-BA-109,N Falmouth 0.7 E,41.643684,-70.608876,2026-01-01,0.23,0.24588887,0.24935225
MA-BA-109,N Falmouth 0.7 E,41.643684,-70.608876,2026-01-02,0.11,0.07326866,0.07919064
MA-BA-109,N Falmouth 0.7 E,41.643684,-70.608876,2026-01-03,0.0,0.0,0.0
MA-BA-109,N Falmouth 0.7 E,41.643684,-70.608876,2026-01-04,0.0,0.0,0.032524426
MA-BA-109,N Falmouth 0.7 E,41.643684,-70.608876,2026-01-05,0.02,0.01852889,0.007546617
MA-BA-109,N Falmouth 0.7 E,41.643684,-70.608876,2026-01-06,0.06,0.012166035,0.17997834
MA-BA-109,N Falmouth 0.7 E,41.643684,-70.608876,2026-01-07,0.04,0.024582604,0.0418781
MA-BA-109,N Falmouth 0.7 E,41.643684,-70.608876,2026-01-08,0.03,0.07030345,0.072797954
MA-BA-109,N Falmouth 0.7 E,41.643684,-70.608876,2026-01-09,0.0,0.0,0.0
MA-BA-109,N Falmouth 0.7 E,41.643684,-70.608876,2026-01-10,0.06,0.010069636,0.06080774
MA-BA-109,N Falmouth 0.7 E,41.643684,-70.608876,2026-01-11,0.81,1.4847181,0.21740519
MA-BA-109,N Falmouth 0.7 E,41.643684,-70.608876,2026-01-12,0.01,0.0058625806,0.44458485
MA-BA-109,N Falmouth 0.7 E,41.643684,-70.608876,2026-01-13,0.0,0.0,0.0
MA-BA-109,N Falmouth 0.7 E,41.643684,-70.608876,2026-01-14,0.0,0.0,0.0
MA-BA-109,N Falmouth 0.7 E,41.643684,-70.608876,2026-01-15,0.0,0.007905125,0.07783607
MA-BA-109,N Falmouth 0.7 E,41.643684,-70.608876,2026-01-16,0.0,0.005119429,0.036685016
MA-BA-109,N Falmouth 0.7 E,41.643684,-70.608876,2026-01-17,0.0,0.0,0.010171275
MA-BA-109,N Falmouth 0.7 E,41.643684,-70.608876,2026-01-18,0.0,0.010649637,0.039618548
MA-BA-109,N Falmouth 0.7 E,41.643684,-70.608876,2026-01-19,0.85,0.52036965,0.9158371
MA-BA-109,N Falmouth 0.7 E,41.643684,-70.608876,2026-01-20,0.01,0.03378237,0.023574928
MA-BA-109,N Falmouth 0.7 E,41.643684,-70.608876,2026-01-21,0.0,0.0,0.0
MA-BA-109,N Falmouth 0.7 E,41.643684,-70.608876,2026-01-22,0.0,0.0009065655,0.0061374013
MA-BA-109,N Falmouth 0.7 E,41.643684,-70.608876,2026-01-23,0.0,0.0,0.0
MA-BA-109,N Falmouth 0.7 E,41.643684,-70.608876,2026-01-24,0.0,0.0,0.0
MA-BA-109,N Falmouth 0.7 E,41.643684,-70.608876,2026-01-25,0.0,0.0,0.0
MA-BA-109,N Falmouth 0.7 E,41.643684,-70.608876,2026-01-26,1.91,1.4212962,1.3417972
MA-BA-109,N Falmouth 0.7 E,41.643684,-70.608876,2026-01-27,0.22,0.17994455,0.17950526
MA-BA-109,N Falmouth 0.7 E,41.643684,-70.608876,2026-01-28,0.0,0.002358285,0.0029171666
MA-BA-109,N Falmouth 0.7 E,41.643684,-70.608876,2026-01-29,0.0,0.0010615317,0.0
MA-BA-109,N Falmouth 0.7 E,41.643684,-70.608876,2026-01-30,0.0,0.0,0.0
MA-BA-109,N Falmouth 0.7 E,41.643684,-70.608876,2026-01-31,0.0,0.0,0.0
MA-BA-109,N Falmouth 0.7 E,41.643684,-70.608876,2026-02-01,0.01,0.0024815714,0.016461002
MA-BA-109,N Falmouth 0.7 E,41.643684,-70.608876,2026-02-02,0.07,0.0064882534,0.033847313
MA-BA-109,N Falmouth 0.7 E,41.643684,-70.608876,2026-02-03,0.0,0.0,0.0
MA-BA-109,N Falmouth 0.7 E,41.643684,-70.608876,2026-02-04,0.0,0.0,0.004843288
MA-BA-109,N Falmouth 0.7 E,41.643684,-70.608876,2026-02-05,0.0,0.0,7.8671095e-05
MA-BA-109,N Falmouth 0.7 E,41.643684,-70.608876,2026-02-06,0.0,0.00086591,0.0
MA-BA-109,N Falmouth 0.7 E,41.643684,-70.608876,2026-02-07,0.02,0.007372115,0.0031077722
MA-BA-109,N Falmouth 0.7 E,41.643684,-70.608876,2026-02-08,0.16,0.0911992,0.4188251
MA-BA-109,N Falmouth 0.7 E,41.643684,-70.608876,2026-02-09,0.0,0.0003548119,0.00047123455
MA-BA-109,N Falmouth 0.7 E,41.643684,-70.608876,2026-02-10,0.0,0.0,0.0
MA-BA-109,N Falmouth 0.7 E,41.643684,-70.608876,2026-02-11,0.13,0.28330278,0.18955615
MA-BA-109,N Falmouth 0.7 E,41.643684,-70.608876,2026-02-12,0.0,0.0,0.0028326872
MA-BA-109,N Falmouth 0.7 E,41.643684,-70.608876,2026-02-13,0.0,0.0,0.0018485067
MA-BA-109,N Falmouth 0.7 E,41.643684,-70.608876,2026-02-14,0.0,0.0,0.0
MA-BA-109,N Falmouth 0.7 E,41.643684,-70.608876,2026-02-15,0.0,0.0,0.0014931668
MA-BA-109,N Falmouth 0.7 E,41.643684,-70.608876,2026-02-16,0.0,0.0,0.0
MA-BA-109,N Falmouth 0.7 E,41.643684,-70.608876,2026-02-17,0.0,0.0,0.0
MA-BA-109,N Falmouth 0.7 E,41.643684,-70.608876,2026-02-18,0.0,0.00047229056,0.004762505
MA-BA-109,N Falmouth 0.7 E,41.643684,-70.608876,2026-02-19,0.15,0.22394967,0.45352063
MA-BA-109,N Falmouth 0.7 E,41.643684,-70.608876,2026-02-20,0.0,0.0,0.0
MA-BA-109,N Falmouth 0.7 E,41.643684,-70.608876,2026-02-21,0.59,0.3937792,0.60190463
MA-BA-109,N Falmouth 0.7 E,41.643684,-70.608876,2026-02-22,0.02,0.016362796,0.055893965
MA-BA-109,N Falmouth 0.7 E,41.643684,-70.608876,2026-02-23,1.42,0.8630316,0.8530296
MA-BA-109,N Falmouth 0.7 E,41.643684,-70.608876,2026-02-24,1.23,1.4567564,1.807164
MA-BA-109,N Falmouth 0.7 E,41.643684,-70.608876,2026-02-25,0.0,0.0,0.0053865938
MA-BA-109,N Falmouth 0.7 E,41.643684,-70.608876,2026-02-26,0.04,0.06648894,0.21547379
MA-BA-109,N Falmouth 0.7 E,41.643684,-70.608876,2026-02-27,0.0,0.0,0.0
MA-BA-109,N Falmouth 0.7 E,41.643684,-70.608876,2026-02-28,0.0,0.0,0.0
MA-BA-109,N Falmouth 0.7 E,41.643684,-70.608876,2026-03-01,0.0,0.0,3.9335548e-05
MA-BA-109,N Falmouth 0.7 E,41.643684,-70.608876,2026-03-02,0.01,0.0414792,0.05529997
MA-BA-109,N Falmouth 0.7 E,41.643684,-70.608876,2026-03-03,0.0,0.0,0.0
MA-BA-109,N Falmouth 0.7 E,41.643684,-70.608876,2026-03-04,0.68,0.6759895,0.4128532
MA-BA-109,N Falmouth 0.7 E,41.643684,-70.608876,2026-03-05,0.0,0.0052376995,0.0
MA-BA-109,N Falmouth 0.7 E,41.643684,-70.608876,2026-03-06,1.05,0.93398744,0.596745
MA-BA-109,N Falmouth 0.7 E,41.643684,-70.608876,2026-03-07,0.08,0.06377031,0.15320456
MA-BA-109,N Falmouth 0.7 E,41.643684,-70.608876,2026-03-08,0.01,0.046906717,0.17119384
MA-BA-109,N Falmouth 0.7 E,41.643684,-70.608876,2026-03-09,0.02,0.024334712,0.059760462
MA-BA-109,N Falmouth 0.7 E,41.643684,-70.608876,2026-03-10,0.0,3.9335548e-05,0.0
MA-BA-109,N Falmouth 0.7 E,41.643684,-70.608876,2026-03-11,0.0,0.0,0.0002756128
MA-BA-109,N Falmouth 0.7 E,41.643684,-70.608876,2026-03-12,0.02,0.10593459,0.14993152
MA-BA-109,N Falmouth 0.7 E,41.643684,-70.608876,2026-03-13,0.07,0.22545604,0.14657111
MA-BA-109,N Falmouth 0.7 E,41.643684,-70.608876,2026-03-14,0.01,0.06776907,0.118966006
MA-BA-109,N Falmouth 0.7 E,41.643684,-70.608876,2026-03-16,0.08,0.003300226,0.29104134
MA-BA-109,N Falmouth 0.7 E,41.643684,-70.608876,2026-03-17,0.94,1.1683083,1.2630607
MA-BA-109,N Falmouth 0.7 E,41.643684,-70.608876,2026-03-18,0.0,0.0064597414,0.004688322
MA-BA-109,N Falmouth 0.7 E,41.643684,-70.608876,2026-03-19,0.0,0.0,0.0
MA-BA-109,N Falmouth 0.7 E,41.643684,-70.608876,2026-03-20,0.0,0.0,0.0
MA-BA-109,N Falmouth 0.7 E,41.643684,-70.608876,2026-03-21,0.24,0.20441099,0.15891059
MA-BA-109,N Falmouth 0.7 E,41.643684,-70.608876,2026-03-22,0.0,0.003108828,0.000173578
MA-BA-109,N Falmouth 0.7 E,41.643684,-70.608876,2026-03-23,1.47,0.7701546,0.6563163
MA-BA-109,N Falmouth 0.7 E,41.643684,-70.608876,2026-03-24,0.37,0.7728859,0.17405504
MA-BA-109,N Falmouth 0.7 E,41.643684,-70.608876,2026-03-25,0.0,0.0010623238,0.00051162613
MA-BA-109,N Falmouth 0.7 E,41.643684,-70.608876,2026-03-26,0.0,0.0,0.003032797
MA-BA-109,N Falmouth 0.7 E,41.643684,-70.608876,2026-03-27,0.16,0.16832657,0.29618135
MA-BA-109,N Falmouth 0.7 E,41.643684,-70.608876,2026-03-28,0.0,0.013388341,0.12994987
MA-BA-109,N Falmouth 0.7 E,41.643684,-70.608876,2026-03-29,0.0,0.00023627728,0.038163397
MA-BA-109,N Falmouth 0.7 E,41.643684,-70.608876,2026-03-30,0.0,0.0,0.0
MA-BA-109,N Falmouth 0.7 E,41.643684,-70.608876,2026-03-31,0.0,0.00027455683,0.00019641373
MA-BA-109,N Falmouth 0.7 E,41.643684,-70.608876,2026-04-01,0.33,0.2950607,0.041640505
MA-BA-109,N Falmouth 0.7 E,41.643684,-70.608876,2026-04-02,0.79,0.34989733,0.23149681
MA-BA-109,N Falmouth 0.7 E,41.643684,-70.608876,2026-04-03,0.2,0.4245475,0.42641738
MA-BA-109,N Falmouth 0.7 E,41.643684,-70.608876,2026-04-04,0.0,0.025643874,0.0092245815
MA-BA-109,N Falmouth 0.7 E,41.643684,-70.608876,2026-04-05,0.0,0.064675555,0.010323336
MA-BA-109,N Falmouth 0.7 E,41.643684,-70.608876,2026-04-06,0.17,0.38431832,0.4316089
MA-BA-109,N Falmouth 0.7 E,41.643684,-70.608876,2026-04-07,0.0,0.00078565493,0.05448897
MA-BA-109,N Falmouth 0.7 E,41.643684,-70.608876,2026-04-08,0.11,0.11125043,0.27699828
MA-BA-109,N Falmouth 0.7 E,41.643684,-70.608876,2026-04-09,0.0,0.0,0.0
MA-BA-109,N Falmouth 0.7 E,41.643684,-70.608876,2026-04-10,0.0,0.0,0.00011800665
MA-BA-109,N Falmouth 0.7 E,41.643684,-70.608876,2026-04-11,0.01,0.0023540608,0.0024836832
MA-BA-109,N Falmouth 0.7 E,41.643684,-70.608876,2026-04-12,0.0,0.0,0.0
MA-BA-109,N Falmouth 0.7 E,41.643684,-70.608876,2026-04-13,0.03,0.019390576,0.0036645418
MA-BA-109,N Falmouth 0.7 E,41.643684,-70.608876,2026-04-14,0.0,0.0035082556,0.043682486
MA-BA-109,N Falmouth 0.7 E,41.643684,-70.608876,2026-04-15,0.0,0.0059008603,0.0013793841
MA-BA-109,N Falmouth 0.7 E,41.643684,-70.608876,2026-04-16,0.32,0.342573,0.12844032
MA-BA-109,N Falmouth 0.7 E,41.643684,-70.608876,2026-04-17,0.0,0.0410906,0.006065594
MA-BA-109,N Falmouth 0.7 E,41.643684,-70.608876,2026-04-18,0.03,0.003543103,0.07543713
MA-BA-109,N Falmouth 0.7 E,41.643684,-70.608876,2026-04-19,0.0,0.008781067,0.007151942
MA-BA-109,N Falmouth 0.7 E,41.643684,-70.608876,2026-04-20,0.18,0.08167696,0.18412757
MA-BA-109,N Falmouth 0.7 E,41.643684,-70.608876,2026-04-21,0.12,0.18964037,0.20553246
MA-BA-109,N Falmouth 0.7 E,41.643684,-70.608876,2026-04-22,0.0,0.0,0.008160674
MA-BA-109,N Falmouth 0.7 E,41.643684,-70.608876,2026-04-23,0.03,0.004411653,0.017443862
MA-BA-109,N Falmouth 0.7 E,41.643684,-70.608876,2026-04-24,0.0,0.0,0.0
MA-BA-109,N Falmouth 0.7 E,41.643684,-70.608876,2026-04-25,0.0,0.0,0.0
MA-BA-109,N Falmouth 0.7 E,41.643684,-70.608876,2026-04-26,0.01,0.0,0.005508032
MA-BA-109,N Falmouth 0.7 E,41.643684,-70.608876,2026-04-27,0.0,0.014701462,0.13297315
MA-BA-109,N Falmouth 0.7 E,41.643684,-70.608876,2026-04-28,0.0,0.0,0.034737773
MA-BA-109,N Falmouth 0.7 E,41.643684,-70.608876,2026-04-29,0.0,0.0,0.00011800664
MA-BA-109,N Falmouth 0.7 E,41.643684,-70.608876,2026-04-30,0.04,0.044490613,0.0
MA-BA-109,N Falmouth 0.7 E,41.643684,-70.608876,2026-05-01,0.07,0.041255597,0.08547086
MA-BA-109,N Falmouth 0.7 E,41.643684,-70.608876,2026-05-02,0.0,0.0,0.0
MA-BA-109,N Falmouth 0.7 E,41.643684,-70.608876,2026-05-03,0.54,0.4096557,0.95703965
MA-BA-109,N Falmouth 0.7 E,41.643684,-70.608876,2026-05-04,0.0,0.030986907,0.14533192
MA-BA-109,N Falmouth 0.7 E,41.643684,-70.608876,2026-05-05,0.0,0.0,0.0
MA-BA-109,N Falmouth 0.7 E,41.643684,-70.608876,2026-05-06,0.0,0.0,0.0
MA-BA-109,N Falmouth 0.7 E,41.643684,-70.608876,2026-05-07,0.54,0.19745547,0.31860945
MA-BA-109,N Falmouth 0.7 E,41.643684,-70.608876,2026-05-08,0.07,0.13978322,0.049369544
MA-BA-109,N Falmouth 0.7 E,41.643684,-70.608876,2026-05-09,0.0,0.0024791954,0.0504551
MA-BA-109,N Falmouth 0.7 E,41.643684,-70.608876,2026-05-10,0.19,0.5664337,0.23517562
MA-BA-109,N Falmouth 0.7 E,41.643684,-70.608876,2026-05-11,0.27,0.05425243,0.0062224083
MA-BA-109,N Falmouth 0.7 E,41.643684,-70.608876,2026-05-12,0.0,0.012578927,0.033217154
MA-BA-109,N Falmouth 0.7 E,41.643684,-70.608876,2026-05-13,0.0,0.0,0.0
MA-BA-109,N Falmouth 0.7 E,41.643684,-70.608876,2026-05-14,0.0,0.0047308253,0.0
MA-BA-109,N Falmouth 0.7 E,41.643684,-70.608876,2026-05-15,0.1,1.0481465,0.5438997
MA-BA-109,N Falmouth 0.7 E,41.643684,-70.608876,2026-05-16,0.0,0.0,0.0028300474
MA-BA-109,N Falmouth 0.7 E,41.643684,-70.608876,2026-05-17,0.0,0.050940588,0.011877751
MA-BA-109,N Falmouth 0.7 E,41.643684,-70.608876,2026-05-18,0.0,0.038927935,0.007980363
MA-BA-109,N Falmouth 0.7 E,41.643684,-70.608876,2026-05-19,0.0,0.0006679123,0.0015755338
MA-BA-109,N Falmouth 0.7 E,41.643684,-70.608876,2026-05-20,0.0,0.0,0.0
MA-BA-109,N Falmouth 0.7 E,41.643684,-70.608876,2026-05-21,0.08,0.0023611886,0.35469362
MA-BA-109,N Falmouth 0.7 E,41.643684,-70.608876,2026-05-22,0.0,0.0040169777,0.0009419411
MA-BA-109,N Falmouth 0.7 E,41.643684,-70.608876,2026-05-23,0.0,0.0,0.0
MA-BA-109,N Falmouth 0.7 E,41.643684,-70.608876,2026-05-24,0.07,0.1350186,0.025081823
MA-BA-109,N Falmouth 0.7 E,41.643684,-70.608876,2026-05-25,0.67,0.55834854,0.44013995
MA-BA-109,N Falmouth 0.7 E,41.643684,-70.608876,2026-05-26,0.09,0.034564596,0.097745664
MA-BA-109,N Falmouth 0.7 E,41.643684,-70.608876,2026-05-27,0.0,0.0,0.0
MA-BA-109,N Falmouth 0.7 E,41.643684,-70.608876,2026-05-28,0.0,0.100023165,0.0
MA-BA-109,N Falmouth 0.7 E,41.643684,-70.608876,2026-05-29,0.25,0.040854055,0.18216212
MA-BA-109,N Falmouth 0.7 E,41.643684,-70.608876,2026-05-30,0.26,0.14070536,0.1423556
MA-BA-109,N Falmouth 0.7 E,41.643684,-70.608876,2026-05-31,0.41,0.44841465,0.39420158
MA-BA-109,N Falmouth 0.7 E,41.643684,-70.608876,2026-06-01,0.19,0.20470113,0.031310566
MA-BA-109,N Falmouth 0.7 E,41.643684,-70.608876,2026-06-02,0.0,0.0,0.0
MA-BA-109,N Falmouth 0.7 E,41.643684,-70.608876,2026-06-03,0.0,0.00078565493,0.00019641373
MA-BA-109,N Falmouth 0.7 E,41.643684,-70.608876,2026-06-04,0.0,0.0,0.0
MA-BA-109,N Falmouth 0.7 E,41.643684,-70.608876,2026-06-05,0.0,0.0,0.0
MA-BA-109,N Falmouth 0.7 E,41.643684,-70.608876,2026-06-06,0.0,0.0,0.0
MA-BA-109,N Falmouth 0.7 E,41.643684,-70.608876,2026-06-07,0.05,0.3130848,0.048761293
MA-BA-109,N Falmouth 0.7 E,41.643684,-70.608876,2026-06-08,0.0,0.073764175,0.18877684
MA-BA-109,N Falmouth 0.7 E,41.643684,-70.608876,2026-06-09,0.0,0.0,0.0
MA-BA-109,N Falmouth 0.7 E,41.643684,-70.608876,2026-06-10,0.0,0.0,0.0
MA-BA-109,N Falmouth 0.7 E,41.643684,-70.608876,2026-06-11,0.28,0.042992696,0.00417432
MA-BA-109,N Falmouth 0.7 E,41.643684,-70.608876,2026-06-12,0.0,1.6300845,0.00015734219
MA-BA-109,N Falmouth 0.7 E,41.643684,-70.608876,2026-06-13,0.0,0.008646429,0.0
MA-BA-109,N Falmouth 0.7 E,41.643684,-70.608876,2026-06-14,0.0,0.0,0.0
MA-BA-109,N Falmouth 0.7 E,41.643684,-70.608876,2026-06-15,0.09,0.13273345,0.14895897
MA-BA-109,N Falmouth 0.7 E,41.643684,-70.608876,2026-06-16,0.0,0.060470615,0.028213883
MA-BA-109,N Falmouth 0.7 E,41.643684,-70.608876,2026-06-17,0.0,0.0,0.0
MA-BA-109,N Falmouth 0.7 E,41.643684,-70.608876,2026-06-18,0.0,0.0,0.0
MA-BA-109,N Falmouth 0.7 E,41.643684,-70.608876,2026-06-19,0.0,0.0003548119,0.0596678
MA-BA-109,N Falmouth 0.7 E,41.643684,-70.608876,2026-06-20,0.0,0.0,0.0
MA-BA-109,N Falmouth 0.7 E,41.643684,-70.608876,2026-06-21,0.0,0.08060989,0.096948124
MA-BA-109,N Falmouth 0.7 E,41.643684,-70.608876,2026-06-22,0.0,0.0,0.00011800665
MA-BA-109,N Falmouth 0.7 E,41.643684,-70.608876,2026-06-23,0.8,0.11649262,0.08389401
MA-BA-109,N Falmouth 0.7 E,41.643684,-70.608876,2026-06-24,1.19,1.1058035,0.8904385
MA-BA-109,N Falmouth 0.7 E,41.643684,-70.608876,2026-06-25,0.0,0.0,0.00015734219
MA-BA-109,N Falmouth 0.7 E,41.643684,-70.608876,2026-06-26,0.0,0.0,0.0
MA-BA-109,N Falmouth 0.7 E,41.643684,-70.608876,2026-06-27,0.0,0.01233077,0.023148308
MA-BA-109,N Falmouth 0.7 E,41.643684,-70.608876,2026-06-28,0.01,0.01053559,0.24481176
MA-BA-109,N Falmouth 0.7 E,41.643684,-70.608876,2026-06-29,0.0,0.0,0.0
MA-BA-109,N Falmouth 0.7 E,41.643684,-70.608876,2026-06-30,0.0,0.0,0.00023627728
MA-BA-109,N Falmouth 0.7 E,41.643684,-70.608876,2026-07-01,0.0,0.0031040763,0.017704692
MA-BA-109,N Falmouth 0.7 E,41.643684,-70.608876,2026-07-02,0.0,0.00015734219,0.08547588
MA-BA-109,N Falmouth 0.7 E,41.643684,-70.608876,2026-07-03,0.0,3.9335548e-05,0.00039414744
MA-BA-109,N Falmouth 0.7 E,41.643684,-70.608876,2026-07-04,0.0,0.0,0.074808285
MA-BA-109,N Falmouth 0.7 E,41.643684,-70.608876,2026-07-05,0.37,0.16222085,0.0027933517
MA-BA-109,N Falmouth 0.7 E,41.643684,-70.608876,2026-07-06,0.26,0.0055890796,0.030082189
MA-BA-109,N Falmouth 0.7 E,41.643684,-70.608876,2026-07-07,0.93,2.1571846,1.0555148
MA-BA-109,N Falmouth 0.7 E,41.643684,-70.608876,2026-07-08,2.28,1.5242789,2.6140852
MA-BA-109,N Falmouth 0.7 E,41.643684,-70.608876,2026-07-09,0.0,0.0,0.012232563
MA-BA-109,N Falmouth 0.7 E,41.643684,-70.608876,2026-07-10,0.0,0.0,0.0013733122
MA-BA-109,N Falmouth 0.7 E,41.643684,-70.608876,2026-07-11,0.15,0.43080923,0.02917087
MA-BA-109,N Falmouth 0.7 E,41.643684,-70.608876,2026-07-12,0.0,0.0,0.0
MA-BA-109,N Falmouth 0.7 E,41.643684,-70.608876,2026-07-13,0.0,0.0,0.0
MA-BA-109,N Falmouth 0.7 E,41.643684,-70.608876,2026-07-14,0.0,0.0,0.24782766
MA-BA-109,N Falmouth 0.7 E,41.643684,-70.608876,2026-07-15,0.0,0.0,0.0
MA-BA-109,N Falmouth 0.7 E,41.643684,-70.608876,2026-07-16,0.0,0.0,0.00015734219
MA-BA-109,N Falmouth 0.7 E,41.643684,-70.608876,2026-07-17,0.0,0.0,0.0
MA-BA-109,N Falmouth 0.7 E,41.643684,-70.608876,2026-07-18,0.0,0.0,0.0
MA-BA-109,N Falmouth 0.7 E,41.643684,-70.608876,2026-07-19,1.88,1.386884,1.03102
MA-BA-109,N Falmouth 0.7 E,41.643684,-70.608876,2026-07-20,0.0,0.0,0.0
MA-BA-109,N Falmouth 0.7 E,41.643684,-70.608876,2026-07-21,0.0,0.0,0.0
MA-BA-109,N Falmouth 0.7 E,41.643684,-70.608876,2026-07-22,1.89,0.919136,0.93522507
MA-BA-109,N Falmouth 0.7 E,41.643684,-70.608876,2026-07-23,0.0,0.03120444,0.8161376
MA-BA-109,N Falmouth 0.7 E,41.643684,-70.608876,2026-07-24,0.0,0.0028722868,0.0015755338
MA-BA-109,N Falmouth 0.7 E,41.643684,-70.608876,2026-07-25,0.0,0.0,0.0
MA-BA-109,N Falmouth 0.7 E,41.643684,-70.608876,2026-07-26,0.0,0.0,0.0
MA-BA-109,N Falmouth 0.7 E,41.643684,-70.608876,2026-07-27,0.0,0.000432163,0.0003548119
MA-BA-109,N Falmouth 0.7 E,41.643684,-70.608876,2026-07-28,0.0,0.0,0.0
MA-BA-109,N Falmouth 0.7 E,41.643684,-70.608876,2026-07-29,0.0,0.00047149856,0.00051109813
MA-BA-109,N Falmouth 0.7 E,41.643684,-70.608876,2026-07-30,0.42,1.1453074,0.8240026
MA-BA-109,N Falmouth 0.7 E,41.643684,-70.608876,2026-07-31,0.27,0.013641778,0.35170785
MA-BA-109,N Falmouth 0.7 E,41.643684,-70.608876,2026-08-01,0.02,0.0,0.0037424208
MA-BA-109,N Falmouth 0.7 E,41.643684,-70.608876,2026-08-02,0.0,0.0,0.0
MA-BA-109,N Falmouth 0.7 E,41.643684,-70.608876,2026-08-03,0.04,0.1195373,0.056921966
MA-BA-113,Falmouth 3.2 WSW,41.53048,-70.66651,2025-07-02,0.06,0.21505825,0.14029141
MA-BA-113,Falmouth 3.2 WSW,41.53048,-70.66651,2025-07-03,0.01,0.022851313,0.027696447
MA-BA-113,Falmouth 3.2 WSW,41.53048,-70.66651,2025-07-08,0.18,0.038227815,0.029677218
MA-BA-113,Falmouth 3.2 WSW,41.53048,-70.66651,2025-07-09,1.1,0.81823426,0.18020907
MA-BA-113,Falmouth 3.2 WSW,41.53048,-70.66651,2025-07-10,0.18,0.027928501,0.18466401
MA-BA-113,Falmouth 3.2 WSW,41.53048,-70.66651,2025-07-11,0.18,0.4114184,0.5773521
MA-BA-113,Falmouth 3.2 WSW,41.53048,-70.66651,2025-07-17,0.01,0.0,0.0028287275
MA-BA-113,Falmouth 3.2 WSW,41.53048,-70.66651,2025-07-26,0.18,0.14205992,0.06034759
MA-BA-113,Falmouth 3.2 WSW,41.53048,-70.66651,2025-08-01,0.2,0.06346751,0.333081
MA-BA-113,Falmouth 3.2 WSW,41.53048,-70.66651,2025-08-02,0.04,0.036729895,0.006302135
MA-BA-113,Falmouth 3.2 WSW,41.53048,-70.66651,2025-08-10,0.0,0.0,0.0
MA-BA-113,Falmouth 3.2 WSW,41.53048,-70.66651,2025-08-11,0.0,0.0,0.00019641373
MA-BA-113,Falmouth 3.2 WSW,41.53048,-70.66651,2025-08-12,0.0,0.0,0.0
MA-BA-113,Falmouth 3.2 WSW,41.53048,-70.66651,2025-08-13,0.0,0.0,0.0041318163
MA-BA-113,Falmouth 3.2 WSW,41.53048,-70.66651,2025-08-16,0.0,0.0010221963,0.00031389238
MA-BA-113,Falmouth 3.2 WSW,41.53048,-70.66651,2025-08-17,0.0,0.002162663,0.0011795384
MA-BA-113,Falmouth 3.2 WSW,41.53048,-70.66651,2025-08-18,0.05,0.17442806,0.04530742
MA-BA-113,Falmouth 3.2 WSW,41.53048,-70.66651,2025-08-19,0.0,0.0065439567,0.00019641373
MA-BA-113,Falmouth 3.2 WSW,41.53048,-70.66651,2025-08-20,0.0,0.0,0.0
MA-BA-113,Falmouth 3.2 WSW,41.53048,-70.66651,2025-08-21,1.5,0.5868758,0.72918385
MA-BA-113,Falmouth 3.2 WSW,41.53048,-70.66651,2025-08-22,0.01,0.07594638,0.04399377
MA-BA-113,Falmouth 3.2 WSW,41.53048,-70.66651,2025-08-24,0.0,0.0,0.0
MA-BA-113,Falmouth 3.2 WSW,41.53048,-70.66651,2025-08-25,0.0,0.0015713099,3.9335548e-05
MA-BA-113,Falmouth 3.2 WSW,41.53048,-70.66651,2025-08-26,0.03,0.0015755338,0.0
MA-BA-113,Falmouth 3.2 WSW,41.53048,-70.66651,2025-08-27,0.0,0.0,0.0
MA-BA-113,Falmouth 3.2 WSW,41.53048,-70.66651,2025-08-29,0.0,0.0,0.0
MA-BA-113,Falmouth 3.2 WSW,41.53048,-70.66651,2025-08-30,0.35,0.4564006,0.0029947814
MA-BA-113,Falmouth 3.2 WSW,41.53048,-70.66651,2025-09-02,0.0,0.0,3.9335548e-05
MA-BA-113,Falmouth 3.2 WSW,41.53048,-70.66651,2025-09-05,0.0,0.0,0.003548119
MA-BA-113,Falmouth 3.2 WSW,41.53048,-70.66651,2025-09-07,0.0,0.005438337,0.00396761
MA-BA-113,Falmouth 3.2 WSW,41.53048,-70.66651,2025-09-08,0.56,0.27878502,0.71142113
MA-BA-113,Falmouth 3.2 WSW,41.53048,-70.66651,2025-09-09,0.0,0.0,0.0
MA-BA-113,Falmouth 3.2 WSW,41.53048,-70.66651,2025-09-10,0.0,0.010450056,0.13778107
MA-BA-113,Falmouth 3.2 WSW,41.53048,-70.66651,2025-09-11,0.0,0.00626412,0.08393783
MA-BA-113,Falmouth 3.2 WSW,41.53048,-70.66651,2025-09-13,0.0,0.0,0.0
MA-BA-113,Falmouth 3.2 WSW,41.53048,-70.66651,2025-09-14,0.0,0.0,0.013761634
MA-BA-113,Falmouth 3.2 WSW,41.53048,-70.66651,2025-09-15,0.0,0.0,0.0
MA-BA-113,Falmouth 3.2 WSW,41.53048,-70.66651,2025-09-16,0.0,0.0,0.0
MA-BA-113,Falmouth 3.2 WSW,41.53048,-70.66651,2025-09-17,0.0,0.0,0.0
MA-BA-113,Falmouth 3.2 WSW,41.53048,-70.66651,2025-09-18,0.29,0.058856536,0.0011784824
MA-BA-113,Falmouth 3.2 WSW,41.53048,-70.66651,2025-09-19,0.0,7.8671095e-05,0.0023654127
MA-BA-113,Falmouth 3.2 WSW,41.53048,-70.66651,2025-09-20,0.0,0.0,0.0
MA-BA-113,Falmouth 3.2 WSW,41.53048,-70.66651,2025-09-21,0.0,0.0,0.0
MA-BA-113,Falmouth 3.2 WSW,41.53048,-70.66651,2025-09-22,0.0,0.0,0.0
MA-BA-113,Falmouth 3.2 WSW,41.53048,-70.66651,2025-09-24,0.0,3.9335548e-05,0.0
MA-BA-113,Falmouth 3.2 WSW,41.53048,-70.66651,2025-09-25,0.78,0.24210712,0.14742988
MA-BA-113,Falmouth 3.2 WSW,41.53048,-70.66651,2025-09-26,0.38,0.24872103,0.66768265
MA-BA-113,Falmouth 3.2 WSW,41.53048,-70.66651,2025-09-27,0.0,0.0,0.008384543
MA-BA-113,Falmouth 3.2 WSW,41.53048,-70.66651,2025-09-28,0.1,0.039012417,0.03507569
MA-BA-113,Falmouth 3.2 WSW,41.53048,-70.66651,2025-09-29,0.0,0.0070666703,0.0011827063
MA-BA-113,Falmouth 3.2 WSW,41.53048,-70.66651,2025-09-30,0.0,0.0,0.0
MA-BA-113,Falmouth 3.2 WSW,41.53048,-70.66651,2025-10-04,0.0,0.0,0.0
MA-BA-113,Falmouth 3.2 WSW,41.53048,-70.66651,2025-10-13,1.75,1.9574888,0.959631
MA-BA-113,Falmouth 3.2 WSW,41.53048,-70.66651,2025-10-14,3.0,1.2546655,1.4248908
MA-BA-113,Falmouth 3.2 WSW,41.53048,-70.66651,2025-10-23,0.03,0.015774345,0.091141514
MA-BA-113,Falmouth 3.2 WSW,41.53048,-70.66651,2025-10-24,0.0,0.0070793424,0.00039282747
MA-BA-113,Falmouth 3.2 WSW,41.53048,-70.66651,2025-10-27,0.0,0.0,0.00039282747
MA-BA-113,Falmouth 3.2 WSW,41.53048,-70.66651,2025-10-28,0.0,0.014597975,0.05284163
MA-BA-113,Falmouth 3.2 WSW,41.53048,-70.66651,2025-10-29,0.02,0.007162765,0.021492783
MA-BA-113,Falmouth 3.2 WSW,41.53048,-70.66651,2025-10-30,0.03,0.004752737,0.035046123
MA-BA-113,Falmouth 3.2 WSW,41.53048,-70.66651,2025-10-31,1.55,1.281361,2.2116199
MA-BA-113,Falmouth 3.2 WSW,41.53048,-70.66651,2025-11-01,0.01,0.0,0.038058594
MA-BA-113,Falmouth 3.2 WSW,41.53048,-70.66651,2025-11-02,0.0,0.0,0.0
MA-BA-113,Falmouth 3.2 WSW,41.53048,-70.66651,2025-11-04,0.27,0.09283955,0.6579226
MA-BA-113,Falmouth 3.2 WSW,41.53048,-70.66651,2025-11-05,0.0,0.0,0.0
MA-BA-113,Falmouth 3.2 WSW,41.53048,-70.66651,2025-11-06,0.01,0.0003548119,0.0
MA-BA-113,Falmouth 3.2 WSW,41.53048,-70.66651,2025-11-07,0.0,0.0,0.0
MA-BA-113,Falmouth 3.2 WSW,41.53048,-70.66651,2025-11-08,0.17,0.14826623,0.42319345
MA-BA-113,Falmouth 3.2 WSW,41.53048,-70.66651,2025-11-09,0.02,0.030560287,0.057327464
MA-BA-113,Falmouth 3.2 WSW,41.53048,-70.66651,2025-11-10,2.11,0.26379314,0.16389775
MA-BA-113,Falmouth 3.2 WSW,41.53048,-70.66651,2025-11-11,0.46,0.18959576,0.083491415
MA-BA-113,Falmouth 3.2 WSW,41.53048,-70.66651,2026-05-07,0.33,0.31925178,0.5008635
MA-BA-113,Falmouth 3.2 WSW,41.53048,-70.66651,2026-05-08,0.03,0.12114292,0.050450876
MA-BA-113,Falmouth 3.2 WSW,41.53048,-70.66651,2026-05-10,0.16,0.40653867,0.13581587
MA-BA-113,Falmouth 3.2 WSW,41.53048,-70.66651,2026-05-11,0.27,0.057762533,0.026333168
MA-BA-113,Falmouth 3.2 WSW,41.53048,-70.66651,2026-05-15,0.06,1.0946708,0.328319
MA-BA-113,Falmouth 3.2 WSW,41.53048,-70.66651,2026-05-21,0.28,0.0036970135,0.6045586
MA-BA-113,Falmouth 3.2 WSW,41.53048,-70.66651,2026-05-22,0.01,0.004572955,0.0014952787
MA-BA-113,Falmouth 3.2 WSW,41.53048,-70.66651,2026-05-24,0.08,0.20977831,0.025639383
MA-BA-113,Falmouth 3.2 WSW,41.53048,-70.66651,2026-05-25,0.68,0.48714828,0.49466377
MA-BA-113,Falmouth 3.2 WSW,41.53048,-70.66651,2026-05-26,0.1,0.024676323,0.09931354
MA-BA-113,Falmouth 3.2 WSW,41.53048,-70.66651,2026-06-01,0.09,0.10978736,0.01507977
MA-BA-113,Falmouth 3.2 WSW,41.53048,-70.66651,2026-06-07,0.06,0.19116469,0.08382986
MA-BA-113,Falmouth 3.2 WSW,41.53048,-70.66651,2026-06-10,0.0,0.0,0.0
MA-BA-113,Falmouth 3.2 WSW,41.53048,-70.66651,2026-06-11,0.23,0.0053931936,0.004407429
MA-BA-113,Falmouth 3.2 WSW,41.53048,-70.66651,2026-06-12,0.01,1.3690832,0.0007468474
MA-BA-113,Falmouth 3.2 WSW,41.53048,-70.66651,2026-06-14,0.0,0.0,0.0
MA-BA-113,Falmouth 3.2 WSW,41.53048,-70.66651,2026-06-15,0.08,0.12638062,0.06539521
MA-BA-113,Falmouth 3.2 WSW,41.53048,-70.66651,2026-06-19,0.0,0.0002360133,0.008895378
MA-BA-113,Falmouth 3.2 WSW,41.53048,-70.66651,2026-06-21,0.0,3.9335548e-05,0.12908396
MA-BA-113,Falmouth 3.2 WSW,41.53048,-70.66651,2026-06-23,0.72,0.25973788,0.08563216
MA-BA-113,Falmouth 3.2 WSW,41.53048,-70.66651,2026-06-24,0.27,1.3049169,0.46363777
MA-BA-113,Falmouth 3.2 WSW,41.53048,-70.66651,2026-06-27,0.02,0.007397459,0.0006304247
MA-BA-113,Falmouth 3.2 WSW,41.53048,-70.66651,2026-06-28,0.02,0.018959733,0.34852192
MA-BA-113,Falmouth 3.2 WSW,41.53048,-70.66651,2026-06-29,0.0,7.8671095e-05,0.0
MA-BA-113,Falmouth 3.2 WSW,41.53048,-70.66651,2026-06-30,0.0,0.00011800665,0.00027534884
MA-BA-113,Falmouth 3.2 WSW,41.53048,-70.66651,2026-07-01,0.0,0.0002750848,0.0021246476
MA-BA-113,Falmouth 3.2 WSW,41.53048,-70.66651,2026-07-05,0.83,0.1237784,0.007117358
MA-BA-113,Falmouth 3.2 WSW,41.53048,-70.66651,2026-07-06,0.3,0.01932009,0.07992402
MA-BA-113,Falmouth 3.2 WSW,41.53048,-70.66651,2026-07-09,0.0,0.0,0.004173264
MA-BA-113,Falmouth 3.2 WSW,41.53048,-70.66651,2026-07-11,0.45,0.00015760618,0.042121243
MA-BA-113,Falmouth 3.2 WSW,41.53048,-70.66651,2026-07-12,0.0,0.0,0.0013748962
MA-BA-113,Falmouth 3.2 WSW,41.53048,-70.66651,2026-07-13,0.0,0.0,0.0
MA-BA-113,Falmouth 3.2 WSW,41.53048,-70.66651,2026-07-14,0.0,0.0,0.0072483006
MA-BA-113,Falmouth 3.2 WSW,41.53048,-70.66651,2026-07-15,0.0,0.0,0.0
MA-BA-113,Falmouth 3.2 WSW,41.53048,-70.66651,2026-07-17,0.0,0.0,0.0
MA-BA-113,Falmouth 3.2 WSW,41.53048,-70.66651,2026-07-19,2.5,1.1850121,1.1380676
MA-BA-113,Falmouth 3.2 WSW,41.53048,-70.66651,2026-07-20,0.0,0.0,0.0
MA-BA-113,Falmouth 3.2 WSW,41.53048,-70.66651,2026-07-21,0.0,0.0,0.0
MA-BA-113,Falmouth 3.2 WSW,41.53048,-70.66651,2026-07-22,2.36,1.3644925,0.55121297
MA-BA-113,Falmouth 3.2 WSW,41.53048,-70.66651,2026-07-23,0.0,0.030262498,0.16617447
MA-BA-113,Falmouth 3.2 WSW,41.53048,-70.66651,2026-07-24,0.0,0.00535597,0.0
MA-BA-113,Falmouth 3.2 WSW,41.53048,-70.66651,2026-07-25,0.0,0.0,0.0
MA-BA-113,Falmouth 3.2 WSW,41.53048,-70.66651,2026-07-27,0.0,0.0,3.9335548e-05
MA-BA-113,Falmouth 3.2 WSW,41.53048,-70.66651,2026-07-28,0.0,0.0,0.0
MA-BA-113,Falmouth 3.2 WSW,41.53048,-70.66651,2026-07-29,0.0,0.0010221963,0.008729323
MA-BA-113,Falmouth 3.2 WSW,41.53048,-70.66651,2026-07-30,0.4,0.9865727,0.6397863
MA-BA-113,Falmouth 3.2 WSW,41.53048,-70.66651,2026-07-31,0.45,0.09750278,0.10585064
MA-BA-113,Falmouth 3.2 WSW,41.53048,-70.66651,2026-08-02,0.0,0.0,0.0
MA-BA-113,Falmouth 3.2 WSW,41.53048,-70.66651,2026-08-03,0.01,0.024529539,0.005225028
MA-BR-14,Dartmouth 2.5 SSW,41.534589,-71.021972,2025-01-01,0.75,0.4079999,0.7648055
MA-BR-14,Dartmouth 2.5 SSW,41.534589,-71.021972,2025-01-02,0.21,0.14913927,0.1559129
MA-BR-14,Dartmouth 2.5 SSW,41.534589,-71.021972,2025-01-03,0.0,0.00062963273,0.0
MA-BR-14,Dartmouth 2.5 SSW,41.534589,-71.021972,2025-01-04,0.0,0.0,0.0
MA-BR-14,Dartmouth 2.5 SSW,41.534589,-71.021972,2025-01-05,0.0,0.0,0.0
MA-BR-14,Dartmouth 2.5 SSW,41.534589,-71.021972,2025-01-06,0.0,0.0,0.0
MA-BR-14,Dartmouth 2.5 SSW,41.534589,-71.021972,2025-01-07,0.0,0.00082578254,0.00015734219
MA-BR-14,Dartmouth 2.5 SSW,41.534589,-71.021972,2025-01-08,0.0,0.0,0.0
MA-BR-14,Dartmouth 2.5 SSW,41.534589,-71.021972,2025-01-09,0.0,0.0,7.8671095e-05
MA-BR-14,Dartmouth 2.5 SSW,41.534589,-71.021972,2025-01-10,0.0,0.00019694172,0.0048871115
MA-BR-14,Dartmouth 2.5 SSW,41.534589,-71.021972,2025-01-11,0.0,0.00346364,0.0
MA-BR-14,Dartmouth 2.5 SSW,41.534589,-71.021972,2025-01-12,0.03,0.07019121,0.109895036
MA-BR-14,Dartmouth 2.5 SSW,41.534589,-71.021972,2025-01-13,0.0,0.0,0.0
MA-BR-14,Dartmouth 2.5 SSW,41.534589,-71.021972,2025-01-14,0.0,0.0011037713,0.007822494
MA-BR-14,Dartmouth 2.5 SSW,41.534589,-71.021972,2025-01-15,0.0,0.0,7.8671095e-05
MA-BR-14,Dartmouth 2.5 SSW,41.534589,-71.021972,2025-01-16,0.0,0.0,0.0
MA-BR-14,Dartmouth 2.5 SSW,41.534589,-71.021972,2025-01-17,0.0,0.021387186,0.06831528
MA-BR-14,Dartmouth 2.5 SSW,41.534589,-71.021972,2025-01-18,0.0,0.0,0.0
MA-BR-14,Dartmouth 2.5 SSW,41.534589,-71.021972,2025-01-19,0.52,0.35298717,0.16038607
MA-BR-14,Dartmouth 2.5 SSW,41.534589,-71.021972,2025-01-20,0.43,0.5004918,0.51779836
MA-BR-14,Dartmouth 2.5 SSW,41.534589,-71.021972,2025-01-21,0.0,0.0022864777,0.000432955
MA-BR-14,Dartmouth 2.5 SSW,41.534589,-71.021972,2025-01-22,0.0,3.9335548e-05,0.0
MA-BR-14,Dartmouth 2.5 SSW,41.534589,-71.021972,2025-01-23,0.0,0.0,0.0005105701
MA-BR-14,Dartmouth 2.5 SSW,41.534589,-71.021972,2025-01-24,0.0,0.0,0.00015760618
MA-BR-14,Dartmouth 2.5 SSW,41.534589,-71.021972,2025-01-25,0.0,0.0,0.0
MA-BR-14,Dartmouth 2.5 SSW,41.534589,-71.021972,2025-01-26,0.0,0.0,0.007320108
MA-BR-14,Dartmouth 2.5 SSW,41.534589,-71.021972,2025-01-27,0.0,0.0,0.009461651
MA-BR-14,Dartmouth 2.5 SSW,41.534589,-71.021972,2025-01-28,0.0,0.0,0.0
MA-BR-14,Dartmouth 2.5 SSW,41.534589,-71.021972,2025-01-29,0.0,0.0,0.081640266
MA-BR-14,Dartmouth 2.5 SSW,41.534589,-71.021972,2025-01-30,0.0,0.00039282747,0.024752354
MA-BR-14,Dartmouth 2.5 SSW,41.534589,-71.021972,2025-01-31,0.0,0.0,0.0
MA-BR-14,Dartmouth 2.5 SSW,41.534589,-71.021972,2025-02-01,0.5,0.93749756,0.96445477
MA-BR-14,Dartmouth 2.5 SSW,41.534589,-71.021972,2025-02-02,0.01,0.03787195,0.007917796
MA-BR-14,Dartmouth 2.5 SSW,41.534589,-71.021972,2025-02-03,0.19,0.22789536,0.11808003
MA-BR-14,Dartmouth 2.5 SSW,41.534589,-71.021972,2025-02-04,0.0,0.00019667773,0.0
MA-BR-14,Dartmouth 2.5 SSW,41.534589,-71.021972,2025-02-05,0.0,0.0,0.0
MA-BR-14,Dartmouth 2.5 SSW,41.534589,-71.021972,2025-02-06,0.0,0.0,0.0
MA-BR-14,Dartmouth 2.5 SSW,41.534589,-71.021972,2025-02-07,0.3,0.41218135,0.35334197
MA-BR-14,Dartmouth 2.5 SSW,41.534589,-71.021972,2025-02-08,0.0,0.0,0.0003548119
MA-BR-14,Dartmouth 2.5 SSW,41.534589,-71.021972,2025-02-09,0.38,0.66871274,0.6450143
MA-BR-14,Dartmouth 2.5 SSW,41.534589,-71.021972,2025-02-10,0.03,0.012609814,0.058833834
MA-BR-14,Dartmouth 2.5 SSW,41.534589,-71.021972,2025-02-11,0.0,0.0,0.0
MA-BR-14,Dartmouth 2.5 SSW,41.534589,-71.021972,2025-02-12,0.02,0.06538095,0.0
MA-BR-14,Dartmouth 2.5 SSW,41.534589,-71.021972,2025-02-13,0.26,0.11324625,0.057050005
MA-BR-14,Dartmouth 2.5 SSW,41.534589,-71.021972,2025-02-14,0.14,0.2301037,0.25415936
MA-BR-14,Dartmouth 2.5 SSW,41.534589,-71.021972,2025-02-15,0.0,0.0,0.0
MA-BR-14,Dartmouth 2.5 SSW,41.534589,-71.021972,2025-02-16,0.57,0.59463096,0.3545458
MA-BR-14,Dartmouth 2.5 SSW,41.534589,-71.021972,2025-02-17,1.34,0.9549509,1.2783029
MA-BR-14,Dartmouth 2.5 SSW,41.534589,-71.021972,2025-02-18,0.0,0.0,0.0
MA-BR-14,Dartmouth 2.5 SSW,41.534589,-71.021972,2025-02-19,0.0,3.9335548e-05,0.00011800665
MA-BR-14,Dartmouth 2.5 SSW,41.534589,-71.021972,2025-02-20,0.0,0.0,0.0
MA-BR-14,Dartmouth 2.5 SSW,41.534589,-71.021972,2025-02-21,0.0,0.033762306,0.005033366
MA-BR-14,Dartmouth 2.5 SSW,41.534589,-71.021972,2025-02-22,0.0,0.0,0.0
MA-BR-14,Dartmouth 2.5 SSW,41.534589,-71.021972,2025-02-23,0.0,0.0,0.0
MA-BR-14,Dartmouth 2.5 SSW,41.534589,-71.021972,2025-02-24,0.0,0.0,0.0
MA-BR-14,Dartmouth 2.5 SSW,41.534589,-71.021972,2025-02-25,0.0,0.0,0.0
MA-BR-14,Dartmouth 2.5 SSW,41.534589,-71.021972,2025-02-26,0.0,7.8671095e-05,0.004601203
MA-BR-14,Dartmouth 2.5 SSW,41.534589,-71.021972,2025-02-27,0.0,0.022965623,0.13388659
MA-BR-14,Dartmouth 2.5 SSW,41.534589,-71.021972,2025-02-28,0.09,0.07015138,0.078944854
MA-BR-14,Dartmouth 2.5 SSW,41.534589,-71.021972,2025-03-01,0.0,0.0,0.00035375592
MA-BR-14,Dartmouth 2.5 SSW,41.534589,-71.021972,2025-03-02,0.0,0.0005108341,0.0
MA-BR-14,Dartmouth 2.5 SSW,41.534589,-71.021972,2025-03-03,0.0,0.0,0.0
MA-BR-14,Dartmouth 2.5 SSW,41.534589,-71.021972,2025-03-04,0.0,0.0,0.0
MA-BR-14,Dartmouth 2.5 SSW,41.534589,-71.021972,2025-03-05,0.0,0.0,0.0
MA-BR-14,Dartmouth 2.5 SSW,41.534589,-71.021972,2025-03-06,0.33,0.6541435,0.42858455
MA-BR-14,Dartmouth 2.5 SSW,41.534589,-71.021972,2025-03-07,0.07,0.0071564293,0.09012988
MA-BR-14,Dartmouth 2.5 SSW,41.534589,-71.021972,2025-03-08,0.0,0.0,0.0039384384
MA-BR-14,Dartmouth 2.5 SSW,41.534589,-71.021972,2025-03-09,0.0,3.9335548e-05,0.005006438
MA-BR-14,Dartmouth 2.5 SSW,41.534589,-71.021972,2025-03-10,0.0,0.0,0.0016135494
MA-BR-14,Dartmouth 2.5 SSW,41.534589,-71.021972,2025-03-11,0.0,0.0,0.0
MA-BR-14,Dartmouth 2.5 SSW,41.534589,-71.021972,2025-03-12,0.0,0.0,3.9335548e-05
MA-BR-14,Dartmouth 2.5 SSW,41.534589,-71.021972,2025-03-13,0.0,0.0,0.00066870434
MA-BR-14,Dartmouth 2.5 SSW,41.534589,-71.021972,2025-03-14,0.0,0.008326464,0.017633412
MA-BR-14,Dartmouth 2.5 SSW,41.534589,-71.021972,2025-03-15,0.0,0.0032643224,0.0013387286
MA-BR-14,Dartmouth 2.5 SSW,41.534589,-71.021972,2025-03-16,0.0,0.024089195,0.018901126
MA-BR-14,Dartmouth 2.5 SSW,41.534589,-71.021972,2025-03-17,0.83,0.07451552,0.8792321
MA-BR-14,Dartmouth 2.5 SSW,41.534589,-71.021972,2025-03-18,1.14,1.6023749,2.1463418
MA-BR-14,Dartmouth 2.5 SSW,41.534589,-71.021972,2025-03-19,0.0,0.0,0.0039367224
MA-BR-14,Dartmouth 2.5 SSW,41.534589,-71.021972,2025-03-20,0.0,0.023614263,0.013536179
MA-BR-14,Dartmouth 2.5 SSW,41.534589,-71.021972,2025-03-21,0.23,0.24056557,0.21767235
MA-BR-14,Dartmouth 2.5 SSW,41.534589,-71.021972,2025-03-22,0.03,0.018027823,0.17531721
MA-BR-14,Dartmouth 2.5 SSW,41.534589,-71.021972,2025-03-23,0.0,0.0,0.0018511466
MA-BR-14,Dartmouth 2.5 SSW,41.534589,-71.021972,2025-03-24,0.0,0.0,0.00011827063
MA-BR-14,Dartmouth 2.5 SSW,41.534589,-71.021972,2025-03-25,0.66,0.62214285,0.52796566
MA-BR-14,Dartmouth 2.5 SSW,41.534589,-71.021972,2025-03-26,0.0,0.005630527,0.1191083
MA-BR-14,Dartmouth 2.5 SSW,41.534589,-71.021972,2025-03-27,0.0,0.0058586206,0.130292
MA-BR-14,Dartmouth 2.5 SSW,41.534589,-71.021972,2025-03-28,0.0,0.0,0.0
MA-BR-14,Dartmouth 2.5 SSW,41.534589,-71.021972,2025-03-29,0.08,0.09944871,0.007186261
MA-BR-14,Dartmouth 2.5 SSW,41.534589,-71.021972,2025-03-30,0.15,0.155877,0.16955364
MA-BR-14,Dartmouth 2.5 SSW,41.534589,-71.021972,2025-03-31,0.01,0.071705535,0.08088629
MA-BR-14,Dartmouth 2.5 SSW,41.534589,-71.021972,2025-04-01,0.25,1.0595106,0.6021116
MA-BR-14,Dartmouth 2.5 SSW,41.534589,-71.021972,2025-04-02,0.07,0.045128692,0.04168195
MA-BR-14,Dartmouth 2.5 SSW,41.534589,-71.021972,2025-04-03,0.01,0.1537307,0.0657128
MA-BR-14,Dartmouth 2.5 SSW,41.534589,-71.021972,2025-04-04,0.23,0.3714173,0.29995438
MA-BR-14,Dartmouth 2.5 SSW,41.534589,-71.021972,2025-04-05,0.0,0.052174248,0.015676139
MA-BR-14,Dartmouth 2.5 SSW,41.534589,-71.021972,2025-04-06,0.71,0.58623457,0.4312137
MA-BR-14,Dartmouth 2.5 SSW,41.534589,-71.021972,2025-04-07,0.0,0.10372176,0.12601975
MA-BR-14,Dartmouth 2.5 SSW,41.534589,-71.021972,2025-04-08,0.32,0.6528803,0.42462325
MA-BR-14,Dartmouth 2.5 SSW,41.534589,-71.021972,2025-04-09,0.03,0.042181697,0.022537947
MA-BR-14,Dartmouth 2.5 SSW,41.534589,-71.021972,2025-04-10,0.0,0.0,0.0
MA-BR-14,Dartmouth 2.5 SSW,41.534589,-71.021972,2025-04-11,0.04,0.11857476,0.020860512
MA-BR-14,Dartmouth 2.5 SSW,41.534589,-71.021972,2025-04-12,0.34,0.17805064,0.16147268
MA-BR-14,Dartmouth 2.5 SSW,41.534589,-71.021972,2025-04-13,0.12,0.7005141,0.38536584
MA-BR-14,Dartmouth 2.5 SSW,41.534589,-71.021972,2025-04-14,0.38,0.5105025,0.78372854
MA-BR-14,Dartmouth 2.5 SSW,41.534589,-71.021972,2025-04-15,0.1,0.048423376,0.031278096
MA-BR-14,Dartmouth 2.5 SSW,41.534589,-71.021972,2025-04-16,0.03,0.023512626,0.06709192
MA-BR-14,Dartmouth 2.5 SSW,41.534589,-71.021972,2025-04-17,0.0,0.0,3.9335548e-05
MA-BR-14,Dartmouth 2.5 SSW,41.534589,-71.021972,2025-04-18,0.0,0.0,0.0
MA-BR-14,Dartmouth 2.5 SSW,41.534589,-71.021972,2025-04-19,0.0,0.001216498,0.0031072441
MA-BR-14,Dartmouth 2.5 SSW,41.534589,-71.021972,2025-04-20,0.0,0.04124266,0.014589264
MA-BR-14,Dartmouth 2.5 SSW,41.534589,-71.021972,2025-04-21,0.0,0.0,0.0
MA-BR-14,Dartmouth 2.5 SSW,41.534589,-71.021972,2025-04-22,0.09,0.21774653,0.13182847
MA-BR-14,Dartmouth 2.5 SSW,41.534589,-71.021972,2025-04-23,0.0,0.17251171,0.10562122
MA-BR-14,Dartmouth 2.5 SSW,41.534589,-71.021972,2025-04-24,0.0,0.0,0.0
MA-BR-14,Dartmouth 2.5 SSW,41.534589,-71.021972,2025-04-25,0.0,0.0,0.0
MA-BR-14,Dartmouth 2.5 SSW,41.534589,-71.021972,2025-04-26,0.0,0.026281953,0.0
MA-BR-14,Dartmouth 2.5 SSW,41.534589,-71.021972,2025-04-27,0.74,0.8630261,1.3860991
MA-BR-14,Dartmouth 2.5 SSW,41.534589,-71.021972,2025-04-28,0.0,0.0010235162,0.0
MA-BR-14,Dartmouth 2.5 SSW,41.534589,-71.021972,2025-04-29,0.0,0.0,0.0
MA-BR-14,Dartmouth 2.5 SSW,41.534589,-71.021972,2025-04-30,0.0,0.0,0.0
MA-BR-14,Dartmouth 2.5 SSW,41.534589,-71.021972,2025-05-01,0.0,0.0,7.8671095e-05
MA-BR-14,Dartmouth 2.5 SSW,41.534589,-71.021972,2025-05-02,0.3,0.198965,0.13302067
MA-BR-14,Dartmouth 2.5 SSW,41.534589,-71.021972,2025-05-03,0.0,0.0019300818,0.10041705
MA-BR-14,Dartmouth 2.5 SSW,41.534589,-71.021972,2025-05-04,0.0,0.07194789,0.0
MA-BR-14,Dartmouth 2.5 SSW,41.534589,-71.021972,2025-05-05,0.02,0.005666958,0.56021047
MA-BR-14,Dartmouth 2.5 SSW,41.534589,-71.021972,2025-05-06,0.11,0.4387545,0.23488389
MA-BR-14,Dartmouth 2.5 SSW,41.534589,-71.021972,2025-05-07,0.13,0.29269633,0.08215004
MA-BR-14,Dartmouth 2.5 SSW,41.534589,-71.021972,2025-05-08,0.0,0.0002758768,0.011891743
MA-BR-14,Dartmouth 2.5 SSW,41.534589,-71.021972,2025-05-09,0.0,0.0009036616,0.0005110981
MA-BR-14,Dartmouth 2.5 SSW,41.534589,-71.021972,2025-05-10,2.07,1.2968621,1.422386
MA-BR-14,Dartmouth 2.5 SSW,41.534589,-71.021972,2025-05-11,0.0,0.013560203,0.004718682
MA-BR-14,Dartmouth 2.5 SSW,41.534589,-71.021972,2025-05-12,0.0,0.0,0.0
MA-BR-14,Dartmouth 2.5 SSW,41.534589,-71.021972,2025-05-13,0.0,0.0,0.0
MA-BR-14,Dartmouth 2.5 SSW,41.534589,-71.021972,2025-05-14,0.0,0.0,0.0017289161
MA-BR-14,Dartmouth 2.5 SSW,41.534589,-71.021972,2025-05-15,0.52,0.017753003,0.18114969
MA-BR-14,Dartmouth 2.5 SSW,41.534589,-71.021972,2025-05-16,0.0,0.8203383,0.029498756
MA-BR-14,Dartmouth 2.5 SSW,41.534589,-71.021972,2025-05-17,0.0,0.001297281,0.004091425
MA-BR-14,Dartmouth 2.5 SSW,41.534589,-71.021972,2025-05-18,0.03,0.0031067163,0.0022846297
MA-BR-14,Dartmouth 2.5 SSW,41.534589,-71.021972,2025-05-19,0.0,0.00011827063,0.0029947814
MA-BR-14,Dartmouth 2.5 SSW,41.534589,-71.021972,2025-05-20,0.0,0.0,3.9335548e-05
MA-BR-14,Dartmouth 2.5 SSW,41.534589,-71.021972,2025-05-21,0.0,0.0,0.0011013953
MA-BR-14,Dartmouth 2.5 SSW,41.534589,-71.021972,2025-05-22,0.03,0.016358571,0.38330668
MA-BR-14,Dartmouth 2.5 SSW,41.534589,-71.021972,2025-05-23,2.2,1.8556747,3.4770892
MA-BR-14,Dartmouth 2.5 SSW,41.534589,-71.021972,2025-05-24,0.0,0.0011409948,0.056921966
MA-BR-14,Dartmouth 2.5 SSW,41.534589,-71.021972,2025-05-25,0.03,0.029177206,0.02279244
MA-BR-14,Dartmouth 2.5 SSW,41.534589,-71.021972,2025-05-26,0.0,0.020201575,0.062063836
MA-BR-14,Dartmouth 2.5 SSW,41.534589,-71.021972,2025-05-27,0.0,0.0,0.0
MA-BR-14,Dartmouth 2.5 SSW,41.534589,-71.021972,2025-05-28,0.0,0.0,0.0
MA-BR-14,Dartmouth 2.5 SSW,41.534589,-71.021972,2025-05-29,0.16,0.06572046,0.2420831
MA-BR-14,Dartmouth 2.5 SSW,41.534589,-71.021972,2025-05-30,0.06,0.13697429,0.51159865
MA-BR-14,Dartmouth 2.5 SSW,41.534589,-71.021972,2025-05-31,0.36,0.6248723,0.78815055
MA-BR-14,Dartmouth 2.5 SSW,41.534589,-71.021972,2025-06-01,0.01,0.1599172,0.18936105
MA-BR-14,Dartmouth 2.5 SSW,41.534589,-71.021972,2025-06-02,0.0,0.00023601328,3.9335548e-05
MA-BR-14,Dartmouth 2.5 SSW,41.534589,-71.021972,2025-06-03,0.0,0.0,0.0
MA-BR-14,Dartmouth 2.5 SSW,41.534589,-71.021972,2025-06-04,0.0,0.0,0.0
MA-BR-14,Dartmouth 2.5 SSW,41.534589,-71.021972,2025-06-05,0.0,0.0,0.0
MA-BR-14,Dartmouth 2.5 SSW,41.534589,-71.021972,2025-06-06,0.0,0.0,0.0
MA-BR-14,Dartmouth 2.5 SSW,41.534589,-71.021972,2025-06-07,0.0,0.006134761,3.9335548e-05
MA-BR-14,Dartmouth 2.5 SSW,41.534589,-71.021972,2025-06-08,0.06,0.263314,0.06729837
MA-BR-14,Dartmouth 2.5 SSW,41.534589,-71.021972,2025-06-09,0.0,0.0005517536,0.0
MA-BR-14,Dartmouth 2.5 SSW,41.534589,-71.021972,2025-06-10,0.08,0.01423234,0.06727012
MA-BR-14,Dartmouth 2.5 SSW,41.534589,-71.021972,2025-06-11,0.57,0.023783486,0.33727404
MA-BR-14,Dartmouth 2.5 SSW,41.534589,-71.021972,2025-06-12,0.0,0.0,0.0
MA-BR-14,Dartmouth 2.5 SSW,41.534589,-71.021972,2025-06-13,0.0,0.0,0.0011795384
MA-BR-14,Dartmouth 2.5 SSW,41.534589,-71.021972,2025-06-14,0.0,0.0021225354,0.15223674
MA-BR-14,Dartmouth 2.5 SSW,41.534589,-71.021972,2025-06-15,0.08,0.29415175,0.12828034
MA-BR-14,Dartmouth 2.5 SSW,41.534589,-71.021972,2025-06-16,0.0,0.001216498,0.0029171663
MA-BR-14,Dartmouth 2.5 SSW,41.534589,-71.021972,2025-06-17,0.01,0.037044846,0.041316845
MA-BR-14,Dartmouth 2.5 SSW,41.534589,-71.021972,2025-06-18,0.0,0.038827088,0.009805903
MA-BR-14,Dartmouth 2.5 SSW,41.534589,-71.021972,2025-06-19,0.01,0.0035428393,0.20318182
MA-BR-14,Dartmouth 2.5 SSW,41.534589,-71.021972,2025-06-20,0.0,0.0,0.0023654127
MA-BR-14,Dartmouth 2.5 SSW,41.534589,-71.021972,2025-06-21,0.0,0.0,0.0
MA-BR-14,Dartmouth 2.5 SSW,41.534589,-71.021972,2025-06-22,0.0,0.0,0.121824294
MA-BR-14,Dartmouth 2.5 SSW,41.534589,-71.021972,2025-06-23,0.02,0.0047561694,0.017655851
MA-BR-14,Dartmouth 2.5 SSW,41.534589,-71.021972,2025-06-24,0.0,0.0,0.0
MA-BR-14,Dartmouth 2.5 SSW,41.534589,-71.021972,2025-06-25,0.0,0.0,0.0
MA-BR-14,Dartmouth 2.5 SSW,41.534589,-71.021972,2025-06-26,0.08,0.003548119,0.043567944
MA-BR-14,Dartmouth 2.5 SSW,41.534589,-71.021972,2025-06-27,0.07,0.06652406,0.35511392
MA-BR-14,Dartmouth 2.5 SSW,41.534589,-71.021972,2025-06-28,0.0,0.00011800664,0.079759285
MA-BR-14,Dartmouth 2.5 SSW,41.534589,-71.021972,2025-06-29,0.0,0.011532707,0.057182007
MA-BR-14,Dartmouth 2.5 SSW,41.534589,-71.021972,2025-06-30,0.0,3.9335548e-05,0.0
MA-BR-14,Dartmouth 2.5 SSW,41.534589,-71.021972,2025-07-01,0.02,0.0018888982,3.9335548e-05
MA-BR-14,Dartmouth 2.5 SSW,41.534589,-71.021972,2025-07-02,0.1,0.027907647,1.3243592
MA-BR-14,Dartmouth 2.5 SSW,41.534589,-71.021972,2025-07-03,0.01,0.007949476,0.010121907
MA-BR-14,Dartmouth 2.5 SSW,41.534589,-71.021972,2025-07-04,0.09,0.009601042,0.38210285
MA-BR-14,Dartmouth 2.5 SSW,41.534589,-71.021972,2025-07-05,0.0,0.0,0.0
MA-BR-14,Dartmouth 2.5 SSW,41.534589,-71.021972,2025-07-06,0.0,0.0,0.0
MA-BR-14,Dartmouth 2.5 SSW,41.534589,-71.021972,2025-07-07,0.0,0.0005905612,0.0
MA-BR-14,Dartmouth 2.5 SSW,41.534589,-71.021972,2025-07-08,0.38,0.08412738,0.031566907
MA-BR-14,Dartmouth 2.5 SSW,41.534589,-71.021972,2025-07-09,0.28,0.3185955,0.048158586
MA-BR-14,Dartmouth 2.5 SSW,41.534589,-71.021972,2025-07-10,0.22,0.020257277,0.22696954
MA-BR-14,Dartmouth 2.5 SSW,41.534589,-71.021972,2025-07-11,0.14,0.4015795,1.1774285
MA-BR-14,Dartmouth 2.5 SSW,41.534589,-71.021972,2025-07-12,0.0,0.002949638,0.0011404669
MA-BR-14,Dartmouth 2.5 SSW,41.534589,-71.021972,2025-07-13,0.0,0.0016520929,0.019545542
MA-BR-14,Dartmouth 2.5 SSW,41.534589,-71.021972,2025-07-14,0.0,0.0090646,0.009764192
MA-BR-14,Dartmouth 2.5 SSW,41.534589,-71.021972,2025-07-15,0.01,0.0068850406,0.005203908
MA-BR-14,Dartmouth 2.5 SSW,41.534589,-71.021972,2025-07-16,0.0,0.00011800665,0.009549562
MA-BR-14,Dartmouth 2.5 SSW,41.534589,-71.021972,2025-07-17,0.0,0.0005108341,0.0034208726
MA-BR-14,Dartmouth 2.5 SSW,41.534589,-71.021972,2025-07-18,0.01,0.0003548119,0.15797578
MA-BR-14,Dartmouth 2.5 SSW,41.534589,-71.021972,2025-07-19,0.0,0.0,0.0
MA-BR-14,Dartmouth 2.5 SSW,41.534589,-71.021972,2025-07-20,0.0,0.0073243314,0.0
MA-BR-14,Dartmouth 2.5 SSW,41.534589,-71.021972,2025-07-21,0.04,0.16861987,0.28233314
MA-BR-14,Dartmouth 2.5 SSW,41.534589,-71.021972,2025-07-22,0.01,3.9335548e-05,0.00051109813
MA-BR-14,Dartmouth 2.5 SSW,41.534589,-71.021972,2025-07-23,0.0,0.0,0.0
MA-BR-14,Dartmouth 2.5 SSW,41.534589,-71.021972,2025-07-24,0.0,0.0,0.0
MA-BR-14,Dartmouth 2.5 SSW,41.534589,-71.021972,2025-07-25,0.0,0.0,0.0
MA-BR-14,Dartmouth 2.5 SSW,41.534589,-71.021972,2025-07-26,0.09,0.1794081,0.1160726
MA-BR-14,Dartmouth 2.5 SSW,41.534589,-71.021972,2025-07-27,0.0,0.0,0.0
MA-BR-14,Dartmouth 2.5 SSW,41.534589,-71.021972,2025-07-28,0.01,0.000864326,0.056774657
MA-BR-14,Dartmouth 2.5 SSW,41.534589,-71.021972,2025-07-29,0.0,0.0,0.00011800665
MA-BR-14,Dartmouth 2.5 SSW,41.534589,-71.021972,2025-07-30,0.0,0.0,0.0
MA-BR-14,Dartmouth 2.5 SSW,41.534589,-71.021972,2025-07-31,0.0,0.0,0.0
MA-BR-14,Dartmouth 2.5 SSW,41.534589,-71.021972,2025-08-01,0.36,0.2150778,0.5096263
MA-BR-14,Dartmouth 2.5 SSW,41.534589,-71.021972,2025-08-02,0.04,0.03733973,0.031871825
MA-BR-14,Dartmouth 2.5 SSW,41.534589,-71.021972,2025-08-03,0.0,0.0,0.0
MA-BR-14,Dartmouth 2.5 SSW,41.534589,-71.021972,2025-08-04,0.0,0.0,0.0
MA-BR-14,Dartmouth 2.5 SSW,41.534589,-71.021972,2025-08-05,0.0,0.0,0.0
MA-BR-14,Dartmouth 2.5 SSW,41.534589,-71.021972,2025-08-06,0.0,0.0,0.0
MA-BR-14,Dartmouth 2.5 SSW,41.534589,-71.021972,2025-08-07,0.0,0.0,0.0
MA-BR-14,Dartmouth 2.5 SSW,41.534589,-71.021972,2025-08-08,0.0,0.0,0.0
MA-BR-14,Dartmouth 2.5 SSW,41.534589,-71.021972,2025-08-09,0.0,0.0,0.0
MA-BR-14,Dartmouth 2.5 SSW,41.534589,-71.021972,2025-08-10,0.0,0.0,0.0
MA-BR-14,Dartmouth 2.5 SSW,41.534589,-71.021972,2025-08-11,0.0,0.0,0.00019667773
MA-BR-14,Dartmouth 2.5 SSW,41.534589,-71.021972,2025-08-12,0.0,0.0,0.0
MA-BR-14,Dartmouth 2.5 SSW,41.534589,-71.021972,2025-08-13,0.0,0.0,0.005034686
MA-BR-14,Dartmouth 2.5 SSW,41.534589,-71.021972,2025-08-14,0.0,0.0021222713,0.008901713
MA-BR-14,Dartmouth 2.5 SSW,41.534589,-71.021972,2025-08-15,0.03,0.0007096238,0.1382977
MA-BR-14,Dartmouth 2.5 SSW,41.534589,-71.021972,2025-08-16,0.0,0.0,0.012135412
MA-BR-14,Dartmouth 2.5 SSW,41.534589,-71.021972,2025-08-17,0.0,0.0,0.0022046384
MA-BR-14,Dartmouth 2.5 SSW,41.534589,-71.021972,2025-08-18,0.01,0.35092586,0.08140953
MA-BR-14,Dartmouth 2.5 SSW,41.534589,-71.021972,2025-08-19,0.0,0.0010235162,3.9335548e-05
MA-BR-14,Dartmouth 2.5 SSW,41.534589,-71.021972,2025-08-20,0.0,0.0,0.0
MA-BR-14,Dartmouth 2.5 SSW,41.534589,-71.021972,2025-08-21,1.64,1.2090652,0.8934811
MA-BR-14,Dartmouth 2.5 SSW,41.534589,-71.021972,2025-08-22,0.0,0.12074297,0.036203485
MA-BR-14,Dartmouth 2.5 SSW,41.534589,-71.021972,2025-08-23,0.0,0.0,0.0
MA-BR-14,Dartmouth 2.5 SSW,41.534589,-71.021972,2025-08-24,0.0,0.0,0.0
MA-BR-14,Dartmouth 2.5 SSW,41.534589,-71.021972,2025-08-25,0.0,0.000864326,0.0
MA-BR-14,Dartmouth 2.5 SSW,41.534589,-71.021972,2025-08-26,0.01,0.043793928,0.004325326
MA-BR-14,Dartmouth 2.5 SSW,41.534589,-71.021972,2025-08-27,0.0,0.0,0.0
MA-BR-14,Dartmouth 2.5 SSW,41.534589,-71.021972,2025-08-28,0.0,0.0,0.0
MA-BR-14,Dartmouth 2.5 SSW,41.534589,-71.021972,2025-08-29,0.0,0.0,0.0
MA-BR-14,Dartmouth 2.5 SSW,41.534589,-71.021972,2025-08-30,0.22,0.013020858,0.12306905
MA-BR-14,Dartmouth 2.5 SSW,41.534589,-71.021972,2025-08-31,0.0,0.0,0.0
MA-BR-14,Dartmouth 2.5 SSW,41.534589,-71.021972,2025-09-01,0.0,0.0,0.0
MA-BR-14,Dartmouth 2.5 SSW,41.534589,-71.021972,2025-09-02,0.0,0.0,7.8671095e-05
MA-BR-14,Dartmouth 2.5 SSW,41.534589,-71.021972,2025-09-03,0.0,0.0,0.0
MA-BR-14,Dartmouth 2.5 SSW,41.534589,-71.021972,2025-09-04,0.0,0.0,0.0
MA-BR-14,Dartmouth 2.5 SSW,41.534589,-71.021972,2025-09-05,0.07,0.0019683612,0.007096238
MA-BR-14,Dartmouth 2.5 SSW,41.534589,-71.021972,2025-09-06,0.0,0.0031510675,0.0
MA-BR-14,Dartmouth 2.5 SSW,41.534589,-71.021972,2025-09-07,0.14,0.0015713099,0.0011784824
MA-BR-14,Dartmouth 2.5 SSW,41.534589,-71.021972,2025-09-08,0.9,0.21741945,0.18706612
MA-BR-14,Dartmouth 2.5 SSW,41.534589,-71.021972,2025-09-09,0.0,0.0,0.0
MA-BR-14,Dartmouth 2.5 SSW,41.534589,-71.021972,2025-09-10,0.01,0.20033064,0.24929339
MA-BR-14,Dartmouth 2.5 SSW,41.534589,-71.021972,2025-09-11,0.0,0.039399963,0.08936745
MA-BR-14,Dartmouth 2.5 SSW,41.534589,-71.021972,2025-09-12,0.0,0.0,0.0
MA-BR-14,Dartmouth 2.5 SSW,41.534589,-71.021972,2025-09-13,0.0,0.0,0.0
MA-BR-14,Dartmouth 2.5 SSW,41.534589,-71.021972,2025-09-14,0.0,0.0,0.004325326
MA-BR-14,Dartmouth 2.5 SSW,41.534589,-71.021972,2025-09-15,0.01,0.0,0.00015734219
MA-BR-14,Dartmouth 2.5 SSW,41.534589,-71.021972,2025-09-16,0.0,0.0,3.9335548e-05
MA-BR-14,Dartmouth 2.5 SSW,41.534589,-71.021972,2025-09-17,0.0,0.0,0.0
MA-BR-14,Dartmouth 2.5 SSW,41.534589,-71.021972,2025-09-18,0.18,0.14552356,0.71232295
MA-BR-14,Dartmouth 2.5 SSW,41.534589,-71.021972,2025-09-19,0.01,0.00015734219,0.030682784
MA-BR-14,Dartmouth 2.5 SSW,41.534589,-71.021972,2025-09-20,0.0,0.0,0.0
MA-BR-14,Dartmouth 2.5 SSW,41.534589,-71.021972,2025-09-21,0.0,0.0,0.0
MA-BR-14,Dartmouth 2.5 SSW,41.534589,-71.021972,2025-09-22,0.0,0.0,0.0
MA-BR-14,Dartmouth 2.5 SSW,41.534589,-71.021972,2025-09-23,0.0,0.0,0.0
MA-BR-14,Dartmouth 2.5 SSW,41.534589,-71.021972,2025-09-24,0.0,3.9335548e-05,0.0
MA-BR-14,Dartmouth 2.5 SSW,41.534589,-71.021972,2025-09-25,0.95,0.06011475,0.12191828
MA-BR-14,Dartmouth 2.5 SSW,41.534589,-71.021972,2025-09-26,0.51,0.1771718,1.8952273
MA-BR-14,Dartmouth 2.5 SSW,41.534589,-71.021972,2025-09-27,0.0,0.0,0.0
MA-BR-14,Dartmouth 2.5 SSW,41.534589,-71.021972,2025-09-28,0.05,0.04407271,0.01191999
MA-BR-14,Dartmouth 2.5 SSW,41.534589,-71.021972,2025-09-29,0.0,0.003548119,0.0019683612
MA-BR-14,Dartmouth 2.5 SSW,41.534589,-71.021972,2025-09-30,0.0,0.0,0.0
MA-BR-14,Dartmouth 2.5 SSW,41.534589,-71.021972,2025-10-01,0.0,0.0,0.0
MA-BR-14,Dartmouth 2.5 SSW,41.534589,-71.021972,2025-10-02,0.0,0.0,3.9335548e-05
MA-BR-14,Dartmouth 2.5 SSW,41.534589,-71.021972,2025-10-03,0.0,0.0,0.0
MA-BR-14,Dartmouth 2.5 SSW,41.534589,-71.021972,2025-10-04,0.0,0.0,0.0
MA-BR-14,Dartmouth 2.5 SSW,41.534589,-71.021972,2025-10-05,0.0,0.0,0.0
MA-BR-14,Dartmouth 2.5 SSW,41.534589,-71.021972,2025-10-06,0.02,0.0,0.0
MA-BR-14,Dartmouth 2.5 SSW,41.534589,-71.021972,2025-10-07,0.0,0.0,0.0
MA-BR-14,Dartmouth 2.5 SSW,41.534589,-71.021972,2025-10-08,0.02,0.0,0.010610566
MA-BR-14,Dartmouth 2.5 SSW,41.534589,-71.021972,2025-10-09,0.65,0.23502064,1.2748646
MA-BR-14,Dartmouth 2.5 SSW,41.534589,-71.021972,2025-10-10,0.0,0.0,0.0
MA-BR-14,Dartmouth 2.5 SSW,41.534589,-71.021972,2025-10-11,0.0,3.9335548e-05,0.003032797
MA-BR-14,Dartmouth 2.5 SSW,41.534589,-71.021972,2025-10-12,0.0,0.00011827063,0.012249195
MA-BR-14,Dartmouth 2.5 SSW,41.534589,-71.021972,2025-10-13,1.53,1.8988013,0.9302239
MA-BR-14,Dartmouth 2.5 SSW,41.534589,-71.021972,2025-10-14,1.32,4.769584,2.8341699
MA-BR-14,Dartmouth 2.5 SSW,41.534589,-71.021972,2025-10-15,0.02,0.47732392,0.037171826
MA-BR-14,Dartmouth 2.5 SSW,41.534589,-71.021972,2025-10-16,0.0,0.0,0.0
MA-BR-14,Dartmouth 2.5 SSW,41.534589,-71.021972,2025-10-17,0.0,0.0,7.8671095e-05
MA-BR-14,Dartmouth 2.5 SSW,41.534589,-71.021972,2025-10-18,0.0,0.0,0.00070803985
MA-BR-14,Dartmouth 2.5 SSW,41.534589,-71.021972,2025-10-19,0.0,0.0,0.0
MA-BR-14,Dartmouth 2.5 SSW,41.534589,-71.021972,2025-10-20,0.0,0.0,0.00011827063
MA-BR-14,Dartmouth 2.5 SSW,41.534589,-71.021972,2025-10-21,0.68,0.7879301,0.65677375
MA-BR-14,Dartmouth 2.5 SSW,41.534589,-71.021972,2025-10-22,0.0,0.0,0.0027540163
MA-BR-14,Dartmouth 2.5 SSW,41.534589,-71.021972,2025-10-23,0.0,0.07427818,0.01638893
MA-BR-14,Dartmouth 2.5 SSW,41.534589,-71.021972,2025-10-24,0.0,0.0,0.0
MA-BR-14,Dartmouth 2.5 SSW,41.534589,-71.021972,2025-10-25,0.0,0.0,0.0
MA-BR-14,Dartmouth 2.5 SSW,41.534589,-71.021972,2025-10-26,0.0,0.0,0.0
MA-BR-14,Dartmouth 2.5 SSW,41.534589,-71.021972,2025-10-27,0.0,0.0,0.0
MA-BR-14,Dartmouth 2.5 SSW,41.534589,-71.021972,2025-10-28,0.0,0.0,0.0019683612
MA-BR-14,Dartmouth 2.5 SSW,41.534589,-71.021972,2025-10-29,0.0,0.0087068835,0.10931586
MA-BR-14,Dartmouth 2.5 SSW,41.534589,-71.021972,2025-10-30,0.01,0.0080260355,0.06553883
MA-BR-14,Dartmouth 2.5 SSW,41.534589,-71.021972,2025-10-31,1.21,1.2426329,1.7731231
MA-BR-14,Dartmouth 2.5 SSW,41.534589,-71.021972,2025-11-01,0.0,0.0,0.0047229053
MA-BR-14,Dartmouth 2.5 SSW,41.534589,-71.021972,2025-11-02,0.0,0.0,0.0
MA-BR-14,Dartmouth 2.5 SSW,41.534589,-71.021972,2025-11-03,0.0,0.0,0.0
MA-BR-14,Dartmouth 2.5 SSW,41.534589,-71.021972,2025-11-04,0.15,0.056599893,0.9289863
MA-BR-14,Dartmouth 2.5 SSW,41.534589,-71.021972,2025-11-05,0.0,0.0,0.0
MA-BR-14,Dartmouth 2.5 SSW,41.534589,-71.021972,2025-11-06,0.0,0.00054911367,0.0
MA-BR-14,Dartmouth 2.5 SSW,41.534589,-71.021972,2025-11-07,0.0,0.0,0.0
MA-BR-14,Dartmouth 2.5 SSW,41.534589,-71.021972,2025-11-08,0.01,0.04298293,0.19837786
MA-BR-14,Dartmouth 2.5 SSW,41.534589,-71.021972,2025-11-09,0.02,0.051963046,0.15656076
MA-BR-14,Dartmouth 2.5 SSW,41.534589,-71.021972,2025-11-10,2.13,0.28298467,0.10547734
MA-BR-14,Dartmouth 2.5 SSW,41.534589,-71.021972,2025-11-11,0.04,0.5524688,0.3351634
MA-BR-14,Dartmouth 2.5 SSW,41.534589,-71.021972,2025-11-12,0.0,0.00019694172,0.0
MA-BR-14,Dartmouth 2.5 SSW,41.534589,-71.021972,2025-11-13,0.0,0.0,0.010362145
MA-BR-14,Dartmouth 2.5 SSW,41.534589,-71.021972,2025-11-14,0.0,0.0054008495,0.0019641374
MA-BR-14,Dartmouth 2.5 SSW,41.534589,-71.021972,2025-11-15,0.0,0.00039282747,0.040212013
MA-BR-14,Dartmouth 2.5 SSW,41.534589,-71.021972,2025-11-16,0.72,0.51208913,0.46167785
MA-BR-14,Dartmouth 2.5 SSW,41.534589,-71.021972,2025-11-17,0.0,0.0,0.00011800664
MA-BR-14,Dartmouth 2.5 SSW,41.534589,-71.021972,2025-11-18,0.0,0.0,0.0
MA-BR-14,Dartmouth 2.5 SSW,41.534589,-71.021972,2025-11-19,0.0,3.9335548e-05,0.006701299
MA-BR-14,Dartmouth 2.5 SSW,41.534589,-71.021972,2025-11-20,0.0,0.010948482,0.13365136
MA-BR-14,Dartmouth 2.5 SSW,41.534589,-71.021972,2025-11-21,0.0,0.0,0.0
MA-BR-14,Dartmouth 2.5 SSW,41.534589,-71.021972,2025-11-22,0.01,7.8671095e-05,3.9335548e-05
MA-BR-14,Dartmouth 2.5 SSW,41.534589,-71.021972,2025-11-23,0.16,0.20509818,0.015029875
MA-BR-14,Dartmouth 2.5 SSW,41.534589,-71.021972,2025-11-24,0.0,0.021660158,0.039907627
MA-BR-14,Dartmouth 2.5 SSW,41.534589,-71.021972,2025-11-25,0.0,0.0,0.0
MA-BR-14,Dartmouth 2.5 SSW,41.534589,-71.021972,2025-11-26,0.29,0.7528095,0.4335189
MA-BR-14,Dartmouth 2.5 SSW,41.534589,-71.021972,2025-11-27,0.03,0.06502852,0.6954641
MA-BR-14,Dartmouth 2.5 SSW,41.534589,-71.021972,2025-11-28,0.0,0.0,0.0
MA-BR-14,Dartmouth 2.5 SSW,41.534589,-71.021972,2025-11-29,0.0,0.0,0.0
MA-BR-14,Dartmouth 2.5 SSW,41.534589,-71.021972,2025-11-30,0.0,0.0,0.0
MA-BR-14,Dartmouth 2.5 SSW,41.534589,-71.021972,2025-12-01,1.05,0.34621748,0.22862981
MA-BR-14,Dartmouth 2.5 SSW,41.534589,-71.021972,2025-12-02,0.0,0.0,0.0
MA-BR-14,Dartmouth 2.5 SSW,41.534589,-71.021972,2025-12-03,0.84,1.2422049,1.0274901
MA-BR-14,Dartmouth 2.5 SSW,41.534589,-71.021972,2025-12-04,0.0,7.8671095e-05,7.8671095e-05
MA-BR-14,Dartmouth 2.5 SSW,41.534589,-71.021972,2025-12-05,0.0,0.0,0.0
MA-BR-14,Dartmouth 2.5 SSW,41.534589,-71.021972,2025-12-06,0.0,0.0036988612,0.0059776832
MA-BR-14,Dartmouth 2.5 SSW,41.534589,-71.021972,2025-12-07,0.05,0.019091995,0.08925209
MA-BR-14,Dartmouth 2.5 SSW,41.534589,-71.021972,2025-12-08,0.0,0.0,0.0
MA-BR-14,Dartmouth 2.5 SSW,41.534589,-71.021972,2025-12-09,0.0,0.0,0.0
MA-BR-14,Dartmouth 2.5 SSW,41.534589,-71.021972,2025-12-10,0.01,0.011907319,0.0
MA-BR-14,Dartmouth 2.5 SSW,41.534589,-71.021972,2025-12-11,0.02,0.026779851,0.1539031
MA-BR-14,Dartmouth 2.5 SSW,41.534589,-71.021972,2025-12-12,0.0,0.0,0.000432955
MA-BR-14,Dartmouth 2.5 SSW,41.534589,-71.021972,2025-12-13,0.0,0.0,0.0
MA-BR-14,Dartmouth 2.5 SSW,41.534589,-71.021972,2025-12-14,0.12,0.16407517,0.14368193
MA-BR-14,Dartmouth 2.5 SSW,41.534589,-71.021972,2025-12-15,0.13,0.21722937,0.27534908
MA-BR-14,Dartmouth 2.5 SSW,41.534589,-71.021972,2025-12-16,0.0,0.0,0.0
MA-BR-14,Dartmouth 2.5 SSW,41.534589,-71.021972,2025-12-17,0.0,0.0,0.0
MA-BR-14,Dartmouth 2.5 SSW,41.534589,-71.021972,2025-12-18,0.0,0.0,0.0
MA-BR-14,Dartmouth 2.5 SSW,41.534589,-71.021972,2025-12-19,0.01,0.0009453731,0.01080698
MA-BR-14,Dartmouth 2.5 SSW,41.534589,-71.021972,2025-12-20,0.43,0.36468935,0.50550187
MA-BR-14,Dartmouth 2.5 SSW,41.534589,-71.021972,2025-12-21,0.0,0.0,0.0
MA-BR-14,Dartmouth 2.5 SSW,41.534589,-71.021972,2025-12-22,0.0,0.0,0.00011827063
MA-BR-14,Dartmouth 2.5 SSW,41.534589,-71.021972,2025-12-23,0.0,0.0,0.008163314
MA-BR-14,Dartmouth 2.5 SSW,41.534589,-71.021972,2025-12-24,0.11,0.12797938,0.20907292
MA-BR-14,Dartmouth 2.5 SSW,41.534589,-71.021972,2025-12-25,0.0,3.9335548e-05,0.10732611
MA-BR-14,Dartmouth 2.5 SSW,41.534589,-71.021972,2025-12-26,0.0,0.0,0.0
MA-BR-14,Dartmouth 2.5 SSW,41.534589,-71.021972,2025-12-27,0.27,0.27192107,0.09844341
MA-BR-14,Dartmouth 2.5 SSW,41.534589,-71.021972,2025-12-28,0.0,0.008545318,0.01776726
MA-BR-14,Dartmouth 2.5 SSW,41.534589,-71.021972,2025-12-29,0.34,0.1655224,0.5078203
MA-BR-14,Dartmouth 2.5 SSW,41.534589,-71.021972,2025-12-30,0.26,0.2911245,0.6466798
MA-BR-14,Dartmouth 2.5 SSW,41.534589,-71.021972,2025-12-31,0.0,0.0,0.00015734219
MA-BR-14,Dartmouth 2.5 SSW,41.534589,-71.021972,2026-01-01,0.03,0.18413894,0.23107812
MA-BR-14,Dartmouth 2.5 SSW,41.534589,-71.021972,2026-01-02,0.05,0.029566867,0.05458401
MA-BR-14,Dartmouth 2.5 SSW,41.534589,-71.021972,2026-01-03,0.0,0.0,0.0
MA-BR-14,Dartmouth 2.5 SSW,41.534589,-71.021972,2026-01-04,0.0,0.00047149856,0.032749616
MA-BR-14,Dartmouth 2.5 SSW,41.534589,-71.021972,2026-01-05,0.0,0.015507445,0.008711108
MA-BR-14,Dartmouth 2.5 SSW,41.534589,-71.021972,2026-01-06,0.01,0.0037762127,0.15642479
MA-BR-14,Dartmouth 2.5 SSW,41.534589,-71.021972,2026-01-07,0.03,0.07069759,0.028039645
MA-BR-14,Dartmouth 2.5 SSW,41.534589,-71.021972,2026-01-08,0.01,0.039485496,0.018884758
MA-BR-14,Dartmouth 2.5 SSW,41.534589,-71.021972,2026-01-09,0.0,0.0,0.0
MA-BR-14,Dartmouth 2.5 SSW,41.534589,-71.021972,2026-01-10,0.1,0.021461897,0.06124967
MA-BR-14,Dartmouth 2.5 SSW,41.534589,-71.021972,2026-01-11,0.79,1.4439113,0.3406081
MA-BR-14,Dartmouth 2.5 SSW,41.534589,-71.021972,2026-01-12,0.01,0.025619585,0.33931422
MA-BR-14,Dartmouth 2.5 SSW,41.534589,-71.021972,2026-01-13,0.0,0.0,0.0
MA-BR-14,Dartmouth 2.5 SSW,41.534589,-71.021972,2026-01-14,0.0,0.0,0.0
MA-BR-14,Dartmouth 2.5 SSW,41.534589,-71.021972,2026-01-15,0.0,0.013339238,0.09006309
MA-BR-14,Dartmouth 2.5 SSW,41.534589,-71.021972,2026-01-16,0.0,0.011842375,0.036883544
MA-BR-14,Dartmouth 2.5 SSW,41.534589,-71.021972,2026-01-17,0.0,0.0,0.023254171
MA-BR-14,Dartmouth 2.5 SSW,41.534589,-71.021972,2026-01-18,0.0,0.016157933,0.031165369
MA-BR-14,Dartmouth 2.5 SSW,41.534589,-71.021972,2026-01-19,0.73,0.48195285,0.85614634
MA-BR-14,Dartmouth 2.5 SSW,41.534589,-71.021972,2026-01-20,0.0,0.04435149,0.012761877
MA-BR-14,Dartmouth 2.5 SSW,41.534589,-71.021972,2026-01-21,0.0,0.0,0.0
MA-BR-14,Dartmouth 2.5 SSW,41.534589,-71.021972,2026-01-22,0.0,0.00070751185,0.005193876
MA-BR-14,Dartmouth 2.5 SSW,41.534589,-71.021972,2026-01-23,0.0,0.0,0.0
MA-BR-14,Dartmouth 2.5 SSW,41.534589,-71.021972,2026-01-24,0.0,0.0,0.0
MA-BR-14,Dartmouth 2.5 SSW,41.534589,-71.021972,2026-01-25,0.0,0.0,0.0
MA-BR-14,Dartmouth 2.5 SSW,41.534589,-71.021972,2026-01-26,1.66,1.3435344,1.3076773
MA-BR-14,Dartmouth 2.5 SSW,41.534589,-71.021972,2026-01-27,0.07,0.14925306,0.13422978
MA-BR-14,Dartmouth 2.5 SSW,41.534589,-71.021972,2026-01-28,0.0,0.0029116224,0.0034129524
MA-BR-14,Dartmouth 2.5 SSW,41.534589,-71.021972,2026-01-29,0.0,0.0062683434,0.0
MA-BR-14,Dartmouth 2.5 SSW,41.534589,-71.021972,2026-01-30,0.0,7.8671095e-05,0.0022413342
MA-BR-14,Dartmouth 2.5 SSW,41.534589,-71.021972,2026-01-31,0.0,0.0,0.0
MA-BR-14,Dartmouth 2.5 SSW,41.534589,-71.021972,2026-02-01,0.0,0.007125014,0.01611015
MA-BR-14,Dartmouth 2.5 SSW,41.534589,-71.021972,2026-02-02,0.0,0.016279107,0.022778185
MA-BR-14,Dartmouth 2.5 SSW,41.534589,-71.021972,2026-02-03,0.0,0.0,0.0
MA-BR-14,Dartmouth 2.5 SSW,41.534589,-71.021972,2026-02-04,0.0,0.00011827063,0.0044399006
MA-BR-14,Dartmouth 2.5 SSW,41.534589,-71.021972,2026-02-05,0.0,0.0,0.00054911367
MA-BR-14,Dartmouth 2.5 SSW,41.534589,-71.021972,2026-02-06,0.0,0.0,0.0
MA-BR-14,Dartmouth 2.5 SSW,41.534589,-71.021972,2026-02-07,0.06,0.0452236,0.019806636
MA-BR-14,Dartmouth 2.5 SSW,41.534589,-71.021972,2026-02-08,0.18,0.30543074,0.16908477
MA-BR-14,Dartmouth 2.5 SSW,41.534589,-71.021972,2026-02-09,0.0,0.0,0.0
MA-BR-14,Dartmouth 2.5 SSW,41.534589,-71.021972,2026-02-10,0.0,0.0,0.0
MA-BR-14,Dartmouth 2.5 SSW,41.534589,-71.021972,2026-02-11,0.17,0.20668639,0.17206109
MA-BR-14,Dartmouth 2.5 SSW,41.534589,-71.021972,2026-02-12,0.0,0.0,7.8671095e-05
MA-BR-14,Dartmouth 2.5 SSW,41.534589,-71.021972,2026-02-13,0.0,0.0,0.00023574928
MA-BR-14,Dartmouth 2.5 SSW,41.534589,-71.021972,2026-02-14,0.0,0.0,7.8671095e-05
MA-BR-14,Dartmouth 2.5 SSW,41.534589,-71.021972,2026-02-15,0.0,0.0,0.0003548119
MA-BR-14,Dartmouth 2.5 SSW,41.534589,-71.021972,2026-02-16,0.0,0.0,0.0007460554
MA-BR-14,Dartmouth 2.5 SSW,41.534589,-71.021972,2026-02-17,0.0,0.0,0.0
MA-BR-14,Dartmouth 2.5 SSW,41.534589,-71.021972,2026-02-18,0.0,0.00027534884,0.0036246781
MA-BR-14,Dartmouth 2.5 SSW,41.534589,-71.021972,2026-02-19,0.28,0.27850887,0.388914
MA-BR-14,Dartmouth 2.5 SSW,41.534589,-71.021972,2026-02-20,0.0,0.0,0.0
MA-BR-14,Dartmouth 2.5 SSW,41.534589,-71.021972,2026-02-21,0.59,0.44162995,0.4984896
MA-BR-14,Dartmouth 2.5 SSW,41.534589,-71.021972,2026-02-22,0.0,0.024732554,0.061966684
MA-BR-14,Dartmouth 2.5 SSW,41.534589,-71.021972,2026-02-23,1.18,0.9308279,0.90436906
MA-BR-14,Dartmouth 2.5 SSW,41.534589,-71.021972,2026-02-24,1.21,1.299464,1.5336154
MA-BR-14,Dartmouth 2.5 SSW,41.534589,-71.021972,2026-02-25,0.0,0.0,0.0044491407
MA-BR-14,Dartmouth 2.5 SSW,41.534589,-71.021972,2026-02-26,0.06,0.051434,0.27192453
MA-BR-14,Dartmouth 2.5 SSW,41.534589,-71.021972,2026-02-27,0.0,0.0,0.0
MA-BR-14,Dartmouth 2.5 SSW,41.534589,-71.021972,2026-02-28,0.0,0.0,0.0
MA-BR-14,Dartmouth 2.5 SSW,41.534589,-71.021972,2026-03-01,0.0,0.0,0.0
MA-BR-14,Dartmouth 2.5 SSW,41.534589,-71.021972,2026-03-02,0.01,0.025875926,0.052872516
MA-BR-14,Dartmouth 2.5 SSW,41.534589,-71.021972,2026-03-03,0.0,0.0,0.0
MA-BR-14,Dartmouth 2.5 SSW,41.534589,-71.021972,2026-03-04,0.59,0.69690126,0.38133094
MA-BR-14,Dartmouth 2.5 SSW,41.534589,-71.021972,2026-03-05,0.0,0.00015734219,0.00015734219
MA-BR-14,Dartmouth 2.5 SSW,41.534589,-71.021972,2026-03-06,0.86,1.0251923,0.72207814
MA-BR-14,Dartmouth 2.5 SSW,41.534589,-71.021972,2026-03-07,0.04,0.03331721,0.19857456
MA-BR-14,Dartmouth 2.5 SSW,41.534589,-71.021972,2026-03-08,0.02,0.03818795,0.14647579
MA-BR-14,Dartmouth 2.5 SSW,41.534589,-71.021972,2026-03-09,0.0,0.011640945,0.03818452
MA-BR-14,Dartmouth 2.5 SSW,41.534589,-71.021972,2026-03-10,0.0,0.00035428393,0.00015734219
MA-BR-14,Dartmouth 2.5 SSW,41.534589,-71.021972,2026-03-11,0.0,0.0,0.061399356
MA-BR-14,Dartmouth 2.5 SSW,41.534589,-71.021972,2026-03-12,0.01,0.3401952,0.14176585
MA-BR-14,Dartmouth 2.5 SSW,41.534589,-71.021972,2026-03-13,0.08,0.21191616,0.1282426
MA-BR-14,Dartmouth 2.5 SSW,41.534589,-71.021972,2026-03-14,0.0,0.05746791,0.08478236
MA-BR-14,Dartmouth 2.5 SSW,41.534589,-71.021972,2026-03-15,0.0,0.0,0.0
MA-BR-14,Dartmouth 2.5 SSW,41.534589,-71.021972,2026-03-16,0.02,0.03843637,0.14808328
MA-BR-14,Dartmouth 2.5 SSW,41.534589,-71.021972,2026-03-17,1.12,1.545396,1.2077544
MA-BR-14,Dartmouth 2.5 SSW,41.534589,-71.021972,2026-03-18,0.0,0.0038575237,0.01837366
MA-BR-14,Dartmouth 2.5 SSW,41.534589,-71.021972,2026-03-19,0.0,0.0,0.0
MA-BR-14,Dartmouth 2.5 SSW,41.534589,-71.021972,2026-03-20,0.0,0.0,0.0
MA-BR-14,Dartmouth 2.5 SSW,41.534589,-71.021972,2026-03-21,0.33,0.2271187,0.1779973
MA-BR-14,Dartmouth 2.5 SSW,41.534589,-71.021972,2026-03-23,0.86,0.63942933,0.63469464
MA-BR-14,Dartmouth 2.5 SSW,41.534589,-71.021972,2026-03-24,0.48,0.5828612,0.18673904
MA-BR-14,Dartmouth 2.5 SSW,41.534589,-71.021972,2026-03-25,0.0,0.00035401992,0.0
MA-BR-14,Dartmouth 2.5 SSW,41.534589,-71.021972,2026-03-26,0.01,0.0,0.0022442383
MA-BR-14,Dartmouth 2.5 SSW,41.534589,-71.021972,2026-03-27,0.07,0.21041271,0.2147961
MA-BR-14,Dartmouth 2.5 SSW,41.534589,-71.021972,2026-03-28,0.0,0.020453956,0.104138084
MA-BR-14,Dartmouth 2.5 SSW,41.534589,-71.021972,2026-03-29,0.0,0.005313731,0.04421606
MA-BR-14,Dartmouth 2.5 SSW,41.534589,-71.021972,2026-03-30,0.0,0.0,0.0
MA-BR-14,Dartmouth 2.5 SSW,41.534589,-71.021972,2026-03-31,0.0,0.007366571,0.0010982273
MA-BR-14,Dartmouth 2.5 SSW,41.534589,-71.021972,2026-04-01,0.0,0.17157082,0.09217216
MA-BR-14,Dartmouth 2.5 SSW,41.534589,-71.021972,2026-04-02,0.55,0.71880877,0.16381037
MA-BR-14,Dartmouth 2.5 SSW,41.534589,-71.021972,2026-04-03,0.14,0.37929788,0.36429706
MA-BR-14,Dartmouth 2.5 SSW,41.534589,-71.021972,2026-04-04,0.01,0.016629169,0.010525823
MA-BR-14,Dartmouth 2.5 SSW,41.534589,-71.021972,2026-04-05,0.01,0.10585222,0.012513984
MA-BR-14,Dartmouth 2.5 SSW,41.534589,-71.021972,2026-04-06,0.2,0.30932945,0.29985303
MA-BR-14,Dartmouth 2.5 SSW,41.534589,-71.021972,2026-04-07,0.0,0.00039282747,0.038725186
MA-BR-14,Dartmouth 2.5 SSW,41.534589,-71.021972,2026-04-08,0.0,0.20754807,0.3186084
MA-BR-14,Dartmouth 2.5 SSW,41.534589,-71.021972,2026-04-09,0.0,0.0,0.0
MA-BR-14,Dartmouth 2.5 SSW,41.534589,-71.021972,2026-04-10,0.0,0.0,3.9335548e-05
MA-BR-14,Dartmouth 2.5 SSW,41.534589,-71.021972,2026-04-11,0.0,0.00413868,0.00047149856
MA-BR-14,Dartmouth 2.5 SSW,41.534589,-71.021972,2026-04-12,0.0,0.0,3.9335548e-05
MA-BR-14,Dartmouth 2.5 SSW,41.534589,-71.021972,2026-04-13,0.02,0.006845441,0.0028384952
MA-BR-14,Dartmouth 2.5 SSW,41.534589,-71.021972,2026-04-14,0.0,0.008938904,0.08137467
MA-BR-14,Dartmouth 2.5 SSW,41.534589,-71.021972,2026-04-15,0.0,0.005339074,0.00031468438
MA-BR-14,Dartmouth 2.5 SSW,41.534589,-71.021972,2026-04-16,0.02,0.057438612,0.04310912
MA-BR-14,Dartmouth 2.5 SSW,41.534589,-71.021972,2026-04-17,0.01,0.07596354,0.021105502
MA-BR-14,Dartmouth 2.5 SSW,41.534589,-71.021972,2026-04-18,0.01,0.002516683,0.06874903
MA-BR-14,Dartmouth 2.5 SSW,41.534589,-71.021972,2026-04-19,0.01,0.012882523,0.01051183
MA-BR-14,Dartmouth 2.5 SSW,41.534589,-71.021972,2026-04-20,0.08,0.071919635,0.3506661
MA-BR-14,Dartmouth 2.5 SSW,41.534589,-71.021972,2026-04-21,0.09,0.05609724,0.14758618
MA-BR-14,Dartmouth 2.5 SSW,41.534589,-71.021972,2026-04-22,0.0,0.0,0.0011404669
MA-BR-14,Dartmouth 2.5 SSW,41.534589,-71.021972,2026-04-23,0.0,0.0048791915,0.014557056
MA-BR-14,Dartmouth 2.5 SSW,41.534589,-71.021972,2026-04-24,0.0,0.0,0.0
MA-BR-14,Dartmouth 2.5 SSW,41.534589,-71.021972,2026-04-25,0.0,0.0,0.0
MA-BR-14,Dartmouth 2.5 SSW,41.534589,-71.021972,2026-04-26,0.02,0.0,0.0035354472
MA-BR-14,Dartmouth 2.5 SSW,41.534589,-71.021972,2026-04-27,0.0,0.0116702495,0.082037054
MA-BR-14,Dartmouth 2.5 SSW,41.534589,-71.021972,2026-04-28,0.0,0.0,0.002677985
MA-BR-14,Dartmouth 2.5 SSW,41.534589,-71.021972,2026-04-29,0.0,0.0,0.0
MA-BR-14,Dartmouth 2.5 SSW,41.534589,-71.021972,2026-04-30,0.04,0.0013785921,0.009568569
MA-BR-14,Dartmouth 2.5 SSW,41.534589,-71.021972,2026-05-01,0.13,0.023426034,0.07231959
MA-BR-14,Dartmouth 2.5 SSW,41.534589,-71.021972,2026-05-02,0.0,0.0,0.0
MA-BR-14,Dartmouth 2.5 SSW,41.534589,-71.021972,2026-05-03,0.2,0.28476587,0.94173837
MA-BR-14,Dartmouth 2.5 SSW,41.534589,-71.021972,2026-05-04,0.0,0.00039414744,0.057851236
MA-BR-14,Dartmouth 2.5 SSW,41.534589,-71.021972,2026-05-05,0.0,0.0,0.0
MA-BR-14,Dartmouth 2.5 SSW,41.534589,-71.021972,2026-05-06,0.0,0.00019694172,0.0
MA-BR-14,Dartmouth 2.5 SSW,41.534589,-71.021972,2026-05-07,0.49,0.22583884,0.34122133
MA-BR-14,Dartmouth 2.5 SSW,41.534589,-71.021972,2026-05-08,0.06,0.10081727,0.007936805
MA-BR-14,Dartmouth 2.5 SSW,41.534589,-71.021972,2026-05-09,0.08,0.040775124,0.09192717
MA-BR-14,Dartmouth 2.5 SSW,41.534589,-71.021972,2026-05-10,0.2,0.23422813,0.4670109
MA-BR-14,Dartmouth 2.5 SSW,41.534589,-71.021972,2026-05-11,0.2,0.15554753,0.011084968
MA-BR-14,Dartmouth 2.5 SSW,41.534589,-71.021972,2026-05-12,0.0,0.0015713099,0.026210938
MA-BR-14,Dartmouth 2.5 SSW,41.534589,-71.021972,2026-05-13,0.0,0.0,0.0
MA-BR-14,Dartmouth 2.5 SSW,41.534589,-71.021972,2026-05-14,0.0,0.0,3.9335548e-05
MA-BR-14,Dartmouth 2.5 SSW,41.534589,-71.021972,2026-05-15,0.19,1.2238326,0.39776316
MA-BR-14,Dartmouth 2.5 SSW,41.534589,-71.021972,2026-05-16,0.01,0.23511621,0.0014150237
MA-BR-14,Dartmouth 2.5 SSW,41.534589,-71.021972,2026-05-17,0.0,0.03734527,0.007662248
MA-BR-14,Dartmouth 2.5 SSW,41.534589,-71.021972,2026-05-18,0.0,0.010610566,0.00082789443
MA-BR-14,Dartmouth 2.5 SSW,41.534589,-71.021972,2026-05-19,0.0,0.0013762162,0.0023569649
MA-BR-14,Dartmouth 2.5 SSW,41.534589,-71.021972,2026-05-20,0.0,0.0,0.0
MA-BR-14,Dartmouth 2.5 SSW,41.534589,-71.021972,2026-05-21,0.16,0.003186179,0.7254721
MA-BR-14,Dartmouth 2.5 SSW,41.534589,-71.021972,2026-05-22,0.02,0.006213432,0.0029129423
MA-BR-14,Dartmouth 2.5 SSW,41.534589,-71.021972,2026-05-23,0.0,0.0,0.0
MA-BR-14,Dartmouth 2.5 SSW,41.534589,-71.021972,2026-05-24,0.14,0.29411373,0.06815767
MA-BR-14,Dartmouth 2.5 SSW,41.534589,-71.021972,2026-05-25,1.34,0.76781505,0.54988796
MA-BR-14,Dartmouth 2.5 SSW,41.534589,-71.021972,2026-05-26,0.09,0.012287474,0.12157904
MA-BR-14,Dartmouth 2.5 SSW,41.534589,-71.021972,2026-05-27,0.0,0.0,0.0
MA-BR-14,Dartmouth 2.5 SSW,41.534589,-71.021972,2026-05-28,0.0,0.0015713099,0.0
MA-BR-14,Dartmouth 2.5 SSW,41.534589,-71.021972,2026-05-29,0.4,0.0072314045,0.010824139
MA-BR-14,Dartmouth 2.5 SSW,41.534589,-71.021972,2026-05-30,0.07,0.13562685,0.08850155
MA-BR-14,Dartmouth 2.5 SSW,41.534589,-71.021972,2026-05-31,0.09,0.07828513,0.24243368
MA-BR-14,Dartmouth 2.5 SSW,41.534589,-71.021972,2026-06-01,0.14,0.1323913,0.06806369
MA-BR-14,Dartmouth 2.5 SSW,41.534589,-71.021972,2026-06-02,0.0,0.0,0.0
MA-BR-14,Dartmouth 2.5 SSW,41.534589,-71.021972,2026-06-03,0.0,0.0,0.0
MA-BR-14,Dartmouth 2.5 SSW,41.534589,-71.021972,2026-06-04,0.0,0.0,0.0
MA-BR-14,Dartmouth 2.5 SSW,41.534589,-71.021972,2026-06-05,0.0,0.0,0.0
MA-BR-14,Dartmouth 2.5 SSW,41.534589,-71.021972,2026-06-06,0.0,0.0,0.0
MA-BR-14,Dartmouth 2.5 SSW,41.534589,-71.021972,2026-06-07,0.02,0.5623262,0.086071454
MA-BR-14,Dartmouth 2.5 SSW,41.534589,-71.021972,2026-06-08,0.06,0.2193857,0.11936886
MA-BR-14,Dartmouth 2.5 SSW,41.534589,-71.021972,2026-06-09,0.0,0.0,0.0
MA-BR-14,Dartmouth 2.5 SSW,41.534589,-71.021972,2026-06-10,0.0,0.0,0.0
MA-BR-14,Dartmouth 2.5 SSW,41.534589,-71.021972,2026-06-11,0.05,0.010801699,0.0023582848
MA-BR-14,Dartmouth 2.5 SSW,41.534589,-71.021972,2026-06-12,0.0,0.48961058,0.034058776
MA-BR-14,Dartmouth 2.5 SSW,41.534589,-71.021972,2026-06-13,0.0,0.000432163,3.9335548e-05
MA-BR-14,Dartmouth 2.5 SSW,41.534589,-71.021972,2026-06-14,0.0,0.0,0.0
MA-BR-14,Dartmouth 2.5 SSW,41.534589,-71.021972,2026-06-15,0.08,0.65622145,0.48220626
MA-BR-14,Dartmouth 2.5 SSW,41.534589,-71.021972,2026-06-16,0.0,0.034674417,0.000432163
MA-BR-14,Dartmouth 2.5 SSW,41.534589,-71.021972,2026-06-17,0.0,0.0,0.0
MA-BR-14,Dartmouth 2.5 SSW,41.534589,-71.021972,2026-06-18,0.0,0.0,0.0015713099
MA-BR-14,Dartmouth 2.5 SSW,41.534589,-71.021972,2026-06-19,0.0,0.00039414744,0.060393788
MA-BR-14,Dartmouth 2.5 SSW,41.534589,-71.021972,2026-06-20,0.0,0.0,0.00019694172
MA-BR-14,Dartmouth 2.5 SSW,41.534589,-71.021972,2026-06-21,0.0,0.0,0.046226922
MA-BR-14,Dartmouth 2.5 SSW,41.534589,-71.021972,2026-06-22,0.0,0.0,0.0
MA-BR-14,Dartmouth 2.5 SSW,41.534589,-71.021972,2026-06-23,1.22,0.94737446,0.27242136
MA-BR-14,Dartmouth 2.5 SSW,41.534589,-71.021972,2026-06-24,0.17,0.4884094,0.7072394
MA-BR-14,Dartmouth 2.5 SSW,41.534589,-71.021972,2026-06-25,0.0,0.0,0.0
MA-BR-14,Dartmouth 2.5 SSW,41.534589,-71.021972,2026-06-26,0.0,0.0,0.0
MA-BR-14,Dartmouth 2.5 SSW,41.534589,-71.021972,2026-06-27,0.02,0.0121958675,0.0019269137
MA-BR-14,Dartmouth 2.5 SSW,41.534589,-71.021972,2026-06-28,0.01,0.016338244,0.36851838
MA-BR-14,Dartmouth 2.5 SSW,41.534589,-71.021972,2026-06-29,0.0,0.005870236,0.0
MA-BR-14,Dartmouth 2.5 SSW,41.534589,-71.021972,2026-06-30,0.01,0.00011827063,3.9335548e-05
MA-BR-14,Dartmouth 2.5 SSW,41.534589,-71.021972,2026-07-01,0.0,0.0010607399,0.04744791
MA-BR-14,Dartmouth 2.5 SSW,41.534589,-71.021972,2026-07-02,0.0,7.8671095e-05,0.0
MA-BR-14,Dartmouth 2.5 SSW,41.534589,-71.021972,2026-07-03,0.0,0.0,0.20220898
MA-BR-14,Dartmouth 2.5 SSW,41.534589,-71.021972,2026-07-04,0.0,0.0,0.06947555
MA-BR-14,Dartmouth 2.5 SSW,41.534589,-71.021972,2026-07-05,0.6,0.27382347,0.014378331
MA-BR-14,Dartmouth 2.5 SSW,41.534589,-71.021972,2026-07-06,0.24,0.03380217,0.98689294
MA-BR-14,Dartmouth 2.5 SSW,41.534589,-71.021972,2026-07-07,0.44,1.3164197,2.0465972
MA-BR-14,Dartmouth 2.5 SSW,41.534589,-71.021972,2026-07-08,2.18,1.4709319,5.903128
MA-BR-14,Dartmouth 2.5 SSW,41.534589,-71.021972,2026-07-09,0.0,0.0,7.8671095e-05
MA-BR-14,Dartmouth 2.5 SSW,41.534589,-71.021972,2026-07-10,0.0,0.0,0.022490429
MA-BR-14,Dartmouth 2.5 SSW,41.534589,-71.021972,2026-07-11,0.05,0.036635384,0.005271491
MA-BR-14,Dartmouth 2.5 SSW,41.534589,-71.021972,2026-07-12,0.0,0.0,0.0020443923
MA-BR-14,Dartmouth 2.5 SSW,41.534589,-71.021972,2026-07-13,0.0,0.0,0.0
MA-BR-14,Dartmouth 2.5 SSW,41.534589,-71.021972,2026-07-14,0.0,0.0,0.00039282747
MA-BR-14,Dartmouth 2.5 SSW,41.534589,-71.021972,2026-07-15,0.0,0.0,0.0
MA-BR-14,Dartmouth 2.5 SSW,41.534589,-71.021972,2026-07-16,0.0,0.0,0.0
MA-BR-14,Dartmouth 2.5 SSW,41.534589,-71.021972,2026-07-17,0.0,0.0,0.0
MA-BR-14,Dartmouth 2.5 SSW,41.534589,-71.021972,2026-07-18,0.0,0.0,0.0
MA-BR-14,Dartmouth 2.5 SSW,41.534589,-71.021972,2026-07-19,1.76,1.3620067,1.2385724
MA-BR-14,Dartmouth 2.5 SSW,41.534589,-71.021972,2026-07-20,0.0,0.0,0.0
MA-BR-14,Dartmouth 2.5 SSW,41.534589,-71.021972,2026-07-21,0.0,0.00039282747,0.0
MA-BR-14,Dartmouth 2.5 SSW,41.534589,-71.021972,2026-07-22,1.4,0.60267335,0.32081753
MA-BR-14,Dartmouth 2.5 SSW,41.534589,-71.021972,2026-07-23,0.0,0.038649153,0.6252124
MA-BR-14,Dartmouth 2.5 SSW,41.534589,-71.021972,2026-07-24,0.0,0.00039282747,0.003298906
MA-BR-14,Dartmouth 2.5 SSW,41.534589,-71.021972,2026-07-25,0.0,0.0,0.0
MA-BR-14,Dartmouth 2.5 SSW,41.534589,-71.021972,2026-07-26,0.0,0.0,0.0
MA-BR-14,Dartmouth 2.5 SSW,41.534589,-71.021972,2026-07-27,0.0,0.0,0.0
MA-BR-14,Dartmouth 2.5 SSW,41.534589,-71.021972,2026-07-28,0.0,0.0,0.0
MA-BR-14,Dartmouth 2.5 SSW,41.534589,-71.021972,2026-07-29,0.0,0.00027455683,0.0027540163
MA-BR-14,Dartmouth 2.5 SSW,41.534589,-71.021972,2026-07-30,0.44,0.8725353,0.5951674
MA-BR-14,Dartmouth 2.5 SSW,41.534589,-71.021972,2026-07-31,0.2,0.1555948,0.033966903
MA-BR-14,Dartmouth 2.5 SSW,41.534589,-71.021972,2026-08-01,0.0,0.001812075,0.00039282747
MA-BR-14,Dartmouth 2.5 SSW,41.534589,-71.021972,2026-08-02,0.0,3.9335548e-05,0.0
MA-BR-14,Dartmouth 2.5 SSW,41.534589,-71.021972,2026-08-03,0.1,0.0025623546,0.051316783
MA-BR-18,Fairhaven 2.2 ESE,41.6219,-70.8667,2025-01-02,0.15,0.111554556,0.14375928
MA-BR-18,Fairhaven 2.2 ESE,41.6219,-70.8667,2025-01-03,0.0,0.0018479787,0.0
MA-BR-18,Fairhaven 2.2 ESE,41.6219,-70.8667,2025-01-08,0.0,0.0,0.0
MA-BR-18,Fairhaven 2.2 ESE,41.6219,-70.8667,2025-01-09,0.0,0.0,0.0
MA-BR-18,Fairhaven 2.2 ESE,41.6219,-70.8667,2025-01-10,0.0,0.00015760618,0.0057487977
MA-BR-18,Fairhaven 2.2 ESE,41.6219,-70.8667,2025-01-11,0.02,0.0019261218,0.0
MA-BR-18,Fairhaven 2.2 ESE,41.6219,-70.8667,2025-01-12,0.03,0.09734475,0.1157859
MA-BR-18,Fairhaven 2.2 ESE,41.6219,-70.8667,2025-01-13,0.0,0.0,0.0
MA-BR-18,Fairhaven 2.2 ESE,41.6219,-70.8667,2025-01-14,0.0,0.0042851986,0.002515891
MA-BR-18,Fairhaven 2.2 ESE,41.6219,-70.8667,2025-01-15,0.0,0.0,0.0
MA-BR-18,Fairhaven 2.2 ESE,41.6219,-70.8667,2025-01-16,0.0,0.0,0.0
MA-BR-18,Fairhaven 2.2 ESE,41.6219,-70.8667,2025-01-20,0.45,0.5099941,0.49304017
MA-BR-18,Fairhaven 2.2 ESE,41.6219,-70.8667,2025-01-21,0.0,0.0027075529,0.00074684736
MA-BR-18,Fairhaven 2.2 ESE,41.6219,-70.8667,2025-01-26,0.0,0.0,0.007907237
MA-BR-18,Fairhaven 2.2 ESE,41.6219,-70.8667,2025-01-27,0.0,0.0,0.009461651
MA-BR-18,Fairhaven 2.2 ESE,41.6219,-70.8667,2025-01-28,0.0,0.0,0.0
MA-BR-18,Fairhaven 2.2 ESE,41.6219,-70.8667,2025-01-29,0.0,0.0,0.07443658
MA-BR-18,Fairhaven 2.2 ESE,41.6219,-70.8667,2025-01-30,0.0,0.018943895,0.05996744
MA-BR-18,Fairhaven 2.2 ESE,41.6219,-70.8667,2025-01-31,0.0,0.0,0.0
MA-BR-18,Fairhaven 2.2 ESE,41.6219,-70.8667,2025-02-01,0.68,0.8920816,0.96425205
MA-BR-18,Fairhaven 2.2 ESE,41.6219,-70.8667,2025-02-02,0.03,0.030651104,0.0148823
MA-BR-18,Fairhaven 2.2 ESE,41.6219,-70.8667,2025-02-03,0.23,0.1810916,0.13643178
MA-BR-18,Fairhaven 2.2 ESE,41.6219,-70.8667,2025-02-04,0.0,0.00023654127,3.9335548e-05
MA-BR-18,Fairhaven 2.2 ESE,41.6219,-70.8667,2025-02-05,0.0,0.0,0.0
MA-BR-18,Fairhaven 2.2 ESE,41.6219,-70.8667,2025-02-06,0.0,0.0,0.0
MA-BR-18,Fairhaven 2.2 ESE,41.6219,-70.8667,2025-02-07,0.25,0.39924708,0.3533095
MA-BR-18,Fairhaven 2.2 ESE,41.6219,-70.8667,2025-02-08,0.0,0.0,0.0011008674
MA-BR-18,Fairhaven 2.2 ESE,41.6219,-70.8667,2025-02-09,0.45,0.6644824,0.6692766
MA-BR-18,Fairhaven 2.2 ESE,41.6219,-70.8667,2025-02-10,0.0,0.016336132,0.09713953
MA-BR-18,Fairhaven 2.2 ESE,41.6219,-70.8667,2025-02-12,0.02,0.048747037,0.0
MA-BR-18,Fairhaven 2.2 ESE,41.6219,-70.8667,2025-02-13,0.14,0.09377172,0.046168316
MA-BR-18,Fairhaven 2.2 ESE,41.6219,-70.8667,2025-02-14,0.1,0.2059303,0.25864097
MA-BR-18,Fairhaven 2.2 ESE,41.6219,-70.8667,2025-02-15,0.0,0.0,0.0
MA-BR-18,Fairhaven 2.2 ESE,41.6219,-70.8667,2025-02-19,0.0,0.0,0.0
MA-BR-18,Fairhaven 2.2 ESE,41.6219,-70.8667,2025-02-20,0.0,0.0,0.0
MA-BR-18,Fairhaven 2.2 ESE,41.6219,-70.8667,2025-02-21,0.0,0.04012595,0.008984609
MA-BR-18,Fairhaven 2.2 ESE,41.6219,-70.8667,2025-02-22,0.0,0.0,0.0
MA-BR-18,Fairhaven 2.2 ESE,41.6219,-70.8667,2025-02-23,0.0,0.0,0.0
MA-BR-18,Fairhaven 2.2 ESE,41.6219,-70.8667,2025-02-24,0.0,0.0,0.0
MA-BR-18,Fairhaven 2.2 ESE,41.6219,-70.8667,2025-02-25,0.0,0.0,0.0
MA-BR-18,Fairhaven 2.2 ESE,41.6219,-70.8667,2025-02-26,0.0,7.8671095e-05,0.0044520446
MA-BR-18,Fairhaven 2.2 ESE,41.6219,-70.8667,2025-02-27,0.02,0.021429425,0.14849143
MA-BR-18,Fairhaven 2.2 ESE,41.6219,-70.8667,2025-02-28,0.05,0.06364201,0.092928246
MA-BR-18,Fairhaven 2.2 ESE,41.6219,-70.8667,2025-03-05,0.0,0.0,0.0
MA-BR-18,Fairhaven 2.2 ESE,41.6219,-70.8667,2025-03-06,0.33,0.6906327,0.5188979
MA-BR-18,Fairhaven 2.2 ESE,41.6219,-70.8667,2025-03-07,0.07,0.033086475,0.23877072
MA-BR-18,Fairhaven 2.2 ESE,41.6219,-70.8667,2025-03-10,0.0,0.0,0.006762546
MA-BR-18,Fairhaven 2.2 ESE,41.6219,-70.8667,2025-03-11,0.0,0.0,0.0
MA-BR-18,Fairhaven 2.2 ESE,41.6219,-70.8667,2025-03-12,0.0,0.0,0.0
MA-BR-18,Fairhaven 2.2 ESE,41.6219,-70.8667,2025-03-13,0.0,0.0,0.0
MA-BR-18,Fairhaven 2.2 ESE,41.6219,-70.8667,2025-03-14,0.0,0.010654917,0.01315972
MA-BR-18,Fairhaven 2.2 ESE,41.6219,-70.8667,2025-03-15,0.01,0.002596674,0.004240319
MA-BR-18,Fairhaven 2.2 ESE,41.6219,-70.8667,2025-03-16,0.0,0.026638085,0.019544223
MA-BR-18,Fairhaven 2.2 ESE,41.6219,-70.8667,2025-03-17,0.86,0.03304767,0.9258255
MA-BR-18,Fairhaven 2.2 ESE,41.6219,-70.8667,2025-03-18,1.36,1.4846894,2.2098362
MA-BR-18,Fairhaven 2.2 ESE,41.6219,-70.8667,2025-03-19,0.0,0.0,0.003891579
MA-BR-18,Fairhaven 2.2 ESE,41.6219,-70.8667,2025-03-20,0.01,0.020405645,0.020933902
MA-BR-18,Fairhaven 2.2 ESE,41.6219,-70.8667,2025-03-21,0.35,0.17637312,0.21371609
MA-BR-18,Fairhaven 2.2 ESE,41.6219,-70.8667,2025-03-22,0.02,0.032892965,0.15857558
MA-BR-18,Fairhaven 2.2 ESE,41.6219,-70.8667,2025-03-30,0.08,0.24501161,0.2906712
MA-BR-18,Fairhaven 2.2 ESE,41.6219,-70.8667,2025-03-31,0.0,0.06534189,0.062800914
MA-BR-18,Fairhaven 2.2 ESE,41.6219,-70.8667,2025-04-01,0.35,0.9064032,0.6410712
MA-BR-18,Fairhaven 2.2 ESE,41.6219,-70.8667,2025-04-02,0.0,0.052698016,0.037818093
MA-BR-18,Fairhaven 2.2 ESE,41.6219,-70.8667,2025-04-03,0.22,0.079584524,0.06116625
MA-BR-18,Fairhaven 2.2 ESE,41.6219,-70.8667,2025-04-04,0.24,0.29352924,0.44310254
MA-BR-18,Fairhaven 2.2 ESE,41.6219,-70.8667,2025-04-05,0.0,0.07190855,0.019320354
MA-BR-18,Fairhaven 2.2 ESE,41.6219,-70.8667,2025-04-06,0.71,0.4837013,0.4399343
MA-BR-18,Fairhaven 2.2 ESE,41.6219,-70.8667,2025-04-07,0.02,0.115114555,0.11594007
MA-BR-18,Fairhaven 2.2 ESE,41.6219,-70.8667,2025-04-10,0.0,0.0,0.0
MA-BR-18,Fairhaven 2.2 ESE,41.6219,-70.8667,2025-04-11,0.04,0.12779987,0.02365967
MA-BR-18,Fairhaven 2.2 ESE,41.6219,-70.8667,2025-04-12,0.39,0.15445986,0.12569529
MA-BR-18,Fairhaven 2.2 ESE,41.6219,-70.8667,2025-04-13,0.14,0.50980955,0.41828945
MA-BR-18,Fairhaven 2.2 ESE,41.6219,-70.8667,2025-04-14,0.49,0.54817015,0.7418792
MA-BR-18,Fairhaven 2.2 ESE,41.6219,-70.8667,2025-04-15,0.16,0.060757313,0.006350183
MA-BR-18,Fairhaven 2.2 ESE,41.6219,-70.8667,2025-04-16,0.04,0.08170099,0.06519933
MA-BR-18,Fairhaven 2.2 ESE,41.6219,-70.8667,2025-04-17,0.0,0.0,0.0
MA-BR-18,Fairhaven 2.2 ESE,41.6219,-70.8667,2025-04-18,0.0,0.0,0.0
MA-BR-18,Fairhaven 2.2 ESE,41.6219,-70.8667,2025-04-19,0.0,0.0023231732,0.002756128
MA-BR-18,Fairhaven 2.2 ESE,41.6219,-70.8667,2025-04-20,0.0,0.036983334,0.013319438
MA-BR-18,Fairhaven 2.2 ESE,41.6219,-70.8667,2025-04-21,0.0,0.0,0.0
MA-BR-18,Fairhaven 2.2 ESE,41.6219,-70.8667,2025-04-22,0.12,0.18761604,0.12523144
MA-BR-18,Fairhaven 2.2 ESE,41.6219,-70.8667,2025-04-23,0.0,0.15119475,0.16580407
MA-BR-18,Fairhaven 2.2 ESE,41.6219,-70.8667,2025-04-24,0.0,0.0,0.0
MA-BR-18,Fairhaven 2.2 ESE,41.6219,-70.8667,2025-04-25,0.0,0.0,0.0
MA-BR-18,Fairhaven 2.2 ESE,41.6219,-70.8667,2025-04-26,0.0,0.026314424,3.9335548e-05
MA-BR-18,Fairhaven 2.2 ESE,41.6219,-70.8667,2025-04-27,0.95,0.9176891,1.5704453
MA-BR-18,Fairhaven 2.2 ESE,41.6219,-70.8667,2025-04-28,0.0,0.0031489558,0.0
MA-BR-18,Fairhaven 2.2 ESE,41.6219,-70.8667,2025-04-29,0.0,0.0,0.0
MA-BR-18,Fairhaven 2.2 ESE,41.6219,-70.8667,2025-04-30,0.0,0.0,0.0
MA-BR-18,Fairhaven 2.2 ESE,41.6219,-70.8667,2025-05-01,0.0,0.0,0.00019641373
MA-BR-18,Fairhaven 2.2 ESE,41.6219,-70.8667,2025-05-02,0.49,0.13748644,0.09469518
MA-BR-18,Fairhaven 2.2 ESE,41.6219,-70.8667,2025-05-03,0.0,0.017188577,0.12389113
MA-BR-18,Fairhaven 2.2 ESE,41.6219,-70.8667,2025-05-04,0.0,0.12327179,0.0
MA-BR-18,Fairhaven 2.2 ESE,41.6219,-70.8667,2025-05-05,0.09,0.0021198955,0.46320823
MA-BR-18,Fairhaven 2.2 ESE,41.6219,-70.8667,2025-05-06,0.0,0.4024887,0.21498565
MA-BR-18,Fairhaven 2.2 ESE,41.6219,-70.8667,2025-05-07,0.55,0.68200684,0.6285797
MA-BR-18,Fairhaven 2.2 ESE,41.6219,-70.8667,2025-05-08,0.0,0.00011827063,0.013003962
MA-BR-18,Fairhaven 2.2 ESE,41.6219,-70.8667,2025-05-09,0.0,0.0016499809,0.0005895052
MA-BR-18,Fairhaven 2.2 ESE,41.6219,-70.8667,2025-05-10,1.78,1.1936358,1.2225889
MA-BR-18,Fairhaven 2.2 ESE,41.6219,-70.8667,2025-05-11,0.0,0.0067250584,0.019307418
MA-BR-18,Fairhaven 2.2 ESE,41.6219,-70.8667,2025-05-12,0.0,0.0,0.0
MA-BR-18,Fairhaven 2.2 ESE,41.6219,-70.8667,2025-05-13,0.0,0.0,0.0
MA-BR-18,Fairhaven 2.2 ESE,41.6219,-70.8667,2025-05-14,0.0,0.00011800664,0.0011784824
MA-BR-18,Fairhaven 2.2 ESE,41.6219,-70.8667,2025-05-15,0.31,0.014583455,0.06436457
MA-BR-18,Fairhaven 2.2 ESE,41.6219,-70.8667,2025-05-16,0.03,0.70235413,0.103946425
MA-BR-18,Fairhaven 2.2 ESE,41.6219,-70.8667,2025-05-17,0.0,0.002006641,0.0044090133
MA-BR-18,Fairhaven 2.2 ESE,41.6219,-70.8667,2025-05-18,0.0,0.0018115471,0.0028313673
MA-BR-18,Fairhaven 2.2 ESE,41.6219,-70.8667,2025-05-19,0.0,0.00031468438,0.0002758768
MA-BR-18,Fairhaven 2.2 ESE,41.6219,-70.8667,2025-05-24,0.0,0.012971226,0.063684516
MA-BR-18,Fairhaven 2.2 ESE,41.6219,-70.8667,2025-05-25,0.03,0.0014559433,0.0013741042
MA-BR-18,Fairhaven 2.2 ESE,41.6219,-70.8667,2025-05-26,0.0,0.018678311,0.018155862
MA-BR-18,Fairhaven 2.2 ESE,41.6219,-70.8667,2025-05-27,0.0,0.0,0.0
MA-BR-18,Fairhaven 2.2 ESE,41.6219,-70.8667,2025-05-28,0.0,0.0,0.0
MA-BR-18,Fairhaven 2.2 ESE,41.6219,-70.8667,2025-05-29,0.17,0.07808106,0.24043787
MA-BR-18,Fairhaven 2.2 ESE,41.6219,-70.8667,2025-05-30,0.05,0.13451384,0.42744118
MA-BR-18,Fairhaven 2.2 ESE,41.6219,-70.8667,2025-05-31,0.28,0.32776806,0.70466757
MA-BR-18,Fairhaven 2.2 ESE,41.6219,-70.8667,2025-06-01,0.0,0.2888631,0.8282984
MA-BR-18,Fairhaven 2.2 ESE,41.6219,-70.8667,2025-06-02,0.0,0.0018923301,0.00015734219
MA-BR-18,Fairhaven 2.2 ESE,41.6219,-70.8667,2025-06-03,0.0,0.0,0.0
MA-BR-18,Fairhaven 2.2 ESE,41.6219,-70.8667,2025-06-04,0.0,0.0,0.0
MA-BR-18,Fairhaven 2.2 ESE,41.6219,-70.8667,2025-06-05,0.0,0.0,0.0
MA-BR-18,Fairhaven 2.2 ESE,41.6219,-70.8667,2025-06-06,0.01,0.0,0.0
MA-BR-18,Fairhaven 2.2 ESE,41.6219,-70.8667,2025-06-07,0.0,0.0048039528,7.8671095e-05
MA-BR-18,Fairhaven 2.2 ESE,41.6219,-70.8667,2025-06-08,0.31,0.23110135,0.08870377
MA-BR-18,Fairhaven 2.2 ESE,41.6219,-70.8667,2025-06-09,0.0,0.00015734219,3.9335548e-05
MA-BR-18,Fairhaven 2.2 ESE,41.6219,-70.8667,2025-06-10,0.05,0.026945114,0.04866546
MA-BR-18,Fairhaven 2.2 ESE,41.6219,-70.8667,2025-06-11,0.52,0.02702616,0.2029503
MA-BR-18,Fairhaven 2.2 ESE,41.6219,-70.8667,2025-06-12,0.0,0.0,0.0
MA-BR-18,Fairhaven 2.2 ESE,41.6219,-70.8667,2025-06-13,0.0,0.00011800665,0.000432955
MA-BR-18,Fairhaven 2.2 ESE,41.6219,-70.8667,2025-06-14,0.0,0.046575926,0.19487621
MA-BR-18,Fairhaven 2.2 ESE,41.6219,-70.8667,2025-06-15,0.08,0.26849547,0.065767184
MA-BR-18,Fairhaven 2.2 ESE,41.6219,-70.8667,2025-06-16,0.0,0.0006684403,0.0005905612
MA-BR-18,Fairhaven 2.2 ESE,41.6219,-70.8667,2025-06-17,0.0,0.051781155,0.030571375
MA-BR-18,Fairhaven 2.2 ESE,41.6219,-70.8667,2025-06-27,0.0,0.013927423,0.41556922
MA-BR-18,Fairhaven 2.2 ESE,41.6219,-70.8667,2025-06-28,0.0,0.00587974,0.0532598
MA-BR-18,Fairhaven 2.2 ESE,41.6219,-70.8667,2025-06-29,0.02,0.007028655,0.109437555
MA-BR-18,Fairhaven 2.2 ESE,41.6219,-70.8667,2025-06-30,0.0,3.9335548e-05,0.0
MA-BR-18,Fairhaven 2.2 ESE,41.6219,-70.8667,2025-07-01,0.01,0.0021243836,0.00015734219
MA-BR-18,Fairhaven 2.2 ESE,41.6219,-70.8667,2025-07-02,0.04,0.01558902,1.3694303
MA-BR-18,Fairhaven 2.2 ESE,41.6219,-70.8667,2025-07-03,0.0,0.005733222,0.0094685145
MA-BR-18,Fairhaven 2.2 ESE,41.6219,-70.8667,2025-07-04,0.31,0.02750637,0.45524058
MA-BR-18,Fairhaven 2.2 ESE,41.6219,-70.8667,2025-07-05,0.0,0.0,0.0
MA-BR-18,Fairhaven 2.2 ESE,41.6219,-70.8667,2025-07-06,0.0,0.0,0.0
MA-BR-18,Fairhaven 2.2 ESE,41.6219,-70.8667,2025-07-07,0.0,3.9335548e-05,0.0
MA-BR-18,Fairhaven 2.2 ESE,41.6219,-70.8667,2025-07-08,0.43,0.08005708,0.084587
MA-BR-18,Fairhaven 2.2 ESE,41.6219,-70.8667,2025-07-09,0.71,0.6058722,0.88651156
MA-BR-18,Fairhaven 2.2 ESE,41.6219,-70.8667,2025-07-10,0.21,0.04102275,1.2202227
MA-BR-18,Fairhaven 2.2 ESE,41.6219,-70.8667,2025-07-11,0.19,0.87203896,0.7594762
MA-BR-18,Fairhaven 2.2 ESE,41.6219,-70.8667,2025-07-12,0.0,0.00121861,0.0014931668
MA-BR-18,Fairhaven 2.2 ESE,41.6219,-70.8667,2025-07-13,0.0,0.011890423,0.009404628
MA-BR-18,Fairhaven 2.2 ESE,41.6219,-70.8667,2025-07-14,0.0,0.002754016,0.017723963
MA-BR-18,Fairhaven 2.2 ESE,41.6219,-70.8667,2025-07-25,0.0,0.0,0.0
MA-BR-18,Fairhaven 2.2 ESE,41.6219,-70.8667,2025-07-28,0.0,0.00015734219,0.29915923
MA-BR-18,Fairhaven 2.2 ESE,41.6219,-70.8667,2025-07-30,0.0,0.0,0.00011827063
MA-BR-18,Fairhaven 2.2 ESE,41.6219,-70.8667,2025-07-31,0.0,0.0,0.00035322792
MA-BR-18,Fairhaven 2.2 ESE,41.6219,-70.8667,2025-08-01,0.36,0.45098466,0.32221252
MA-BR-18,Fairhaven 2.2 ESE,41.6219,-70.8667,2025-08-02,0.0,0.030325858,0.06448416
MA-BR-18,Fairhaven 2.2 ESE,41.6219,-70.8667,2025-08-03,0.0,0.0,0.0
MA-BR-18,Fairhaven 2.2 ESE,41.6219,-70.8667,2025-08-04,0.0,0.0,0.0
MA-BR-18,Fairhaven 2.2 ESE,41.6219,-70.8667,2025-08-05,0.0,0.0,0.0
MA-BR-18,Fairhaven 2.2 ESE,41.6219,-70.8667,2025-08-06,0.0,0.0,0.0
MA-BR-18,Fairhaven 2.2 ESE,41.6219,-70.8667,2025-08-07,0.0,0.0,0.0
MA-BR-18,Fairhaven 2.2 ESE,41.6219,-70.8667,2025-08-08,0.0,0.0,0.0
MA-BR-18,Fairhaven 2.2 ESE,41.6219,-70.8667,2025-08-09,0.0,0.0,0.0
MA-BR-18,Fairhaven 2.2 ESE,41.6219,-70.8667,2025-08-14,0.0,0.0011000753,0.011774528
MA-BR-18,Fairhaven 2.2 ESE,41.6219,-70.8667,2025-08-15,0.0,0.0008263105,0.17388846
MA-BR-18,Fairhaven 2.2 ESE,41.6219,-70.8667,2025-08-16,0.0,0.0,0.0016909005
MA-BR-18,Fairhaven 2.2 ESE,41.6219,-70.8667,2025-08-17,0.0,3.9335548e-05,0.00027534884
MA-BR-18,Fairhaven 2.2 ESE,41.6219,-70.8667,2025-08-18,0.0,0.45861128,0.08714223
MA-BR-18,Fairhaven 2.2 ESE,41.6219,-70.8667,2025-08-19,0.0,0.00023654127,0.0003548119
MA-BR-18,Fairhaven 2.2 ESE,41.6219,-70.8667,2025-08-20,0.0,0.0,0.0
MA-BR-18,Fairhaven 2.2 ESE,41.6219,-70.8667,2025-08-21,1.09,0.42902806,0.95931846
MA-BR-18,Fairhaven 2.2 ESE,41.6219,-70.8667,2025-08-22,0.0,0.16922837,0.0123951845
MA-BR-18,Fairhaven 2.2 ESE,41.6219,-70.8667,2025-08-23,0.0,0.0,0.0
MA-BR-18,Fairhaven 2.2 ESE,41.6219,-70.8667,2025-08-24,0.0,0.0,0.0
MA-BR-18,Fairhaven 2.2 ESE,41.6219,-70.8667,2025-08-25,0.01,0.119526476,0.0
MA-BR-18,Fairhaven 2.2 ESE,41.6219,-70.8667,2025-08-28,0.0,0.0,0.0
MA-BR-18,Fairhaven 2.2 ESE,41.6219,-70.8667,2025-08-29,0.0,0.0,0.0
MA-BR-18,Fairhaven 2.2 ESE,41.6219,-70.8667,2025-08-30,0.72,0.07255481,0.111816436
MA-BR-18,Fairhaven 2.2 ESE,41.6219,-70.8667,2025-08-31,0.0,0.0,0.0
MA-BR-18,Fairhaven 2.2 ESE,41.6219,-70.8667,2025-09-01,0.0,0.0,0.0
MA-BR-18,Fairhaven 2.2 ESE,41.6219,-70.8667,2025-09-02,0.0,0.0,0.0
MA-BR-18,Fairhaven 2.2 ESE,41.6219,-70.8667,2025-09-03,0.0,0.0,0.0
MA-BR-18,Fairhaven 2.2 ESE,41.6219,-70.8667,2025-09-04,0.0,0.0,0.0
MA-BR-18,Fairhaven 2.2 ESE,41.6219,-70.8667,2025-09-09,0.0,0.0,0.0
MA-BR-18,Fairhaven 2.2 ESE,41.6219,-70.8667,2025-09-15,0.31,0.00078565493,0.00094326114
MA-BR-18,Fairhaven 2.2 ESE,41.6219,-70.8667,2025-09-16,0.0,0.0,0.0
MA-BR-18,Fairhaven 2.2 ESE,41.6219,-70.8667,2025-09-17,0.0,0.0,0.0
MA-BR-18,Fairhaven 2.2 ESE,41.6219,-70.8667,2025-09-18,0.28,0.11346378,0.06486722
MA-BR-18,Fairhaven 2.2 ESE,41.6219,-70.8667,2025-09-19,0.01,0.0,0.0
MA-BR-18,Fairhaven 2.2 ESE,41.6219,-70.8667,2025-09-20,0.0,0.0,0.0
MA-BR-18,Fairhaven 2.2 ESE,41.6219,-70.8667,2025-09-21,0.0,0.0,0.0
MA-BR-18,Fairhaven 2.2 ESE,41.6219,-70.8667,2025-09-22,0.0,0.0,0.0
MA-BR-18,Fairhaven 2.2 ESE,41.6219,-70.8667,2025-09-23,0.0,0.0,0.0
MA-BR-18,Fairhaven 2.2 ESE,41.6219,-70.8667,2025-09-24,0.0,7.8671095e-05,0.0
MA-BR-18,Fairhaven 2.2 ESE,41.6219,-70.8667,2025-09-25,0.85,0.39000085,0.15553671
MA-BR-18,Fairhaven 2.2 ESE,41.6219,-70.8667,2025-09-26,1.82,0.1411626,1.5759065
MA-BR-18,Fairhaven 2.2 ESE,41.6219,-70.8667,2025-09-27,0.0,0.0,0.00039282747
MA-BR-18,Fairhaven 2.2 ESE,41.6219,-70.8667,2025-09-28,0.05,0.025166303,0.0112948455
MA-BR-18,Fairhaven 2.2 ESE,41.6219,-70.8667,2025-09-29,0.0,0.0074763936,0.0011827063
MA-BR-18,Fairhaven 2.2 ESE,41.6219,-70.8667,2025-09-30,0.0,0.0,0.0
MA-BR-18,Fairhaven 2.2 ESE,41.6219,-70.8667,2025-10-01,0.0,0.0,0.0
MA-BR-18,Fairhaven 2.2 ESE,41.6219,-70.8667,2025-10-02,0.0,0.0,0.0
MA-BR-18,Fairhaven 2.2 ESE,41.6219,-70.8667,2025-10-03,0.0,0.0,0.0
MA-BR-18,Fairhaven 2.2 ESE,41.6219,-70.8667,2025-10-04,0.0,0.0,0.0
MA-BR-18,Fairhaven 2.2 ESE,41.6219,-70.8667,2025-10-05,0.0,0.0,0.0
MA-BR-18,Fairhaven 2.2 ESE,41.6219,-70.8667,2025-10-06,0.0,0.0,0.0
MA-BR-18,Fairhaven 2.2 ESE,41.6219,-70.8667,2025-10-07,0.0,0.0,0.0
MA-BR-18,Fairhaven 2.2 ESE,41.6219,-70.8667,2025-10-08,0.0,0.0,0.005896636
MA-BR-18,Fairhaven 2.2 ESE,41.6219,-70.8667,2025-10-09,0.88,0.2554308,1.0252314
MA-BR-18,Fairhaven 2.2 ESE,41.6219,-70.8667,2025-10-10,0.0,0.0,0.0
MA-BR-18,Fairhaven 2.2 ESE,41.6219,-70.8667,2025-10-14,0.96,1.880182,2.0833879
MA-BR-18,Fairhaven 2.2 ESE,41.6219,-70.8667,2025-10-15,0.06,0.26754692,0.049429733
MA-BR-18,Fairhaven 2.2 ESE,41.6219,-70.8667,2025-10-16,0.0,0.0,0.0
MA-BR-18,Fairhaven 2.2 ESE,41.6219,-70.8667,2025-10-21,0.8,1.019628,0.64939713
MA-BR-18,Fairhaven 2.2 ESE,41.6219,-70.8667,2025-10-22,0.0,0.0,0.0011827063
MA-BR-18,Fairhaven 2.2 ESE,41.6219,-70.8667,2025-10-23,0.04,0.045173574,0.026044883
MA-BR-18,Fairhaven 2.2 ESE,41.6219,-70.8667,2025-10-24,0.0,0.0,0.0
MA-BR-18,Fairhaven 2.2 ESE,41.6219,-70.8667,2025-10-25,0.0,0.00011827063,0.0
MA-BR-18,Fairhaven 2.2 ESE,41.6219,-70.8667,2025-10-26,0.0,0.0,0.0
MA-BR-18,Fairhaven 2.2 ESE,41.6219,-70.8667,2025-10-27,0.0,0.0,0.0
MA-BR-18,Fairhaven 2.2 ESE,41.6219,-70.8667,2025-10-28,0.0,0.0047308253,0.021635078
MA-BR-18,Fairhaven 2.2 ESE,41.6219,-70.8667,2025-10-29,0.0,0.0035803267,0.091598496
MA-BR-18,Fairhaven 2.2 ESE,41.6219,-70.8667,2025-10-30,0.04,0.0077884383,0.047769982
MA-BR-18,Fairhaven 2.2 ESE,41.6219,-70.8667,2025-10-31,1.6,2.2413354,2.662152
MA-BR-18,Fairhaven 2.2 ESE,41.6219,-70.8667,2025-11-01,0.0,0.0,0.0049940306
MA-BR-18,Fairhaven 2.2 ESE,41.6219,-70.8667,2025-11-02,0.0,0.0,0.0
MA-BR-18,Fairhaven 2.2 ESE,41.6219,-70.8667,2025-11-03,0.0,0.0,0.0
MA-BR-18,Fairhaven 2.2 ESE,41.6219,-70.8667,2025-11-04,0.19,0.09567144,0.6164266
MA-BR-18,Fairhaven 2.2 ESE,41.6219,-70.8667,2025-11-05,0.0,0.0,0.0
MA-BR-18,Fairhaven 2.2 ESE,41.6219,-70.8667,2025-11-06,0.0,0.000432163,0.0
MA-BR-18,Fairhaven 2.2 ESE,41.6219,-70.8667,2025-11-07,0.0,0.0,0.0
MA-BR-18,Fairhaven 2.2 ESE,41.6219,-70.8667,2025-11-08,0.02,0.032879237,0.24838522
MA-BR-18,Fairhaven 2.2 ESE,41.6219,-70.8667,2025-11-09,0.03,0.056339063,0.14393958
MA-BR-18,Fairhaven 2.2 ESE,41.6219,-70.8667,2025-11-10,2.11,0.22995692,0.098640084
MA-BR-18,Fairhaven 2.2 ESE,41.6219,-70.8667,2025-11-11,0.09,0.41605628,0.13356134
MA-BR-18,Fairhaven 2.2 ESE,41.6219,-70.8667,2025-11-12,0.0,0.0003548119,0.0
MA-BR-18,Fairhaven 2.2 ESE,41.6219,-70.8667,2025-11-13,0.0,3.9335548e-05,0.010018948
MA-BR-18,Fairhaven 2.2 ESE,41.6219,-70.8667,2025-11-14,0.0,0.030919323,0.0011784824
MA-BR-18,Fairhaven 2.2 ESE,41.6219,-70.8667,2025-11-15,0.0,0.0,0.00039282747
MA-BR-18,Fairhaven 2.2 ESE,41.6219,-70.8667,2025-11-16,0.93,0.5673722,0.45839164
MA-BR-18,Fairhaven 2.2 ESE,41.6219,-70.8667,2025-11-17,0.0,0.00019641373,0.0014923748
MA-BR-18,Fairhaven 2.2 ESE,41.6219,-70.8667,2025-11-18,0.0,0.0,0.0
MA-BR-18,Fairhaven 2.2 ESE,41.6219,-70.8667,2025-11-19,0.0,0.0,0.0014936948
MA-BR-18,Fairhaven 2.2 ESE,41.6219,-70.8667,2025-11-20,0.0,0.0010221963,0.106359094
MA-BR-18,Fairhaven 2.2 ESE,41.6219,-70.8667,2025-11-21,0.0,0.0,0.0
MA-BR-18,Fairhaven 2.2 ESE,41.6219,-70.8667,2025-11-22,0.03,0.0,0.0
MA-BR-18,Fairhaven 2.2 ESE,41.6219,-70.8667,2025-11-23,0.29,0.2074129,0.014100869
MA-BR-18,Fairhaven 2.2 ESE,41.6219,-70.8667,2025-11-24,0.0,0.025238108,0.036717225
MA-BR-18,Fairhaven 2.2 ESE,41.6219,-70.8667,2025-11-25,0.0,0.0,0.0
MA-BR-18,Fairhaven 2.2 ESE,41.6219,-70.8667,2025-11-26,0.26,0.7347479,0.4035864
MA-BR-18,Fairhaven 2.2 ESE,41.6219,-70.8667,2025-11-29,0.0,0.00015734219,0.0011827063
MA-BR-18,Fairhaven 2.2 ESE,41.6219,-70.8667,2025-11-30,0.0,0.0,0.0
MA-BR-18,Fairhaven 2.2 ESE,41.6219,-70.8667,2025-12-01,1.44,0.38497514,0.24653514
MA-BR-18,Fairhaven 2.2 ESE,41.6219,-70.8667,2025-12-02,0.0,0.0,0.0
MA-BR-18,Fairhaven 2.2 ESE,41.6219,-70.8667,2025-12-03,0.97,1.1435683,1.0055869
MA-BR-18,Fairhaven 2.2 ESE,41.6219,-70.8667,2025-12-04,0.0,0.00015734219,0.00039282747
MA-BR-18,Fairhaven 2.2 ESE,41.6219,-70.8667,2025-12-05,0.0,0.0,0.0015375182
MA-BR-18,Fairhaven 2.2 ESE,41.6219,-70.8667,2025-12-06,0.0,0.0005501697,0.0040161856
MA-BR-18,Fairhaven 2.2 ESE,41.6219,-70.8667,2025-12-07,0.04,0.013412629,0.09956276
MA-BR-18,Fairhaven 2.2 ESE,41.6219,-70.8667,2025-12-08,0.0,0.0,3.9335548e-05
MA-BR-18,Fairhaven 2.2 ESE,41.6219,-70.8667,2025-12-09,0.0,0.0,0.0
MA-BR-18,Fairhaven 2.2 ESE,41.6219,-70.8667,2025-12-10,0.0,0.015413199,0.0
MA-BR-18,Fairhaven 2.2 ESE,41.6219,-70.8667,2025-12-11,0.0,0.016626,0.12880623
MA-BR-18,Fairhaven 2.2 ESE,41.6219,-70.8667,2025-12-12,0.0,0.0,0.0010644357
MA-BR-18,Fairhaven 2.2 ESE,41.6219,-70.8667,2025-12-13,0.0,0.0,0.0
MA-BR-18,Fairhaven 2.2 ESE,41.6219,-70.8667,2025-12-14,0.11,0.14888003,0.117544115
MA-BR-18,Fairhaven 2.2 ESE,41.6219,-70.8667,2025-12-15,0.14,0.21445,0.27620128
MA-BR-18,Fairhaven 2.2 ESE,41.6219,-70.8667,2025-12-16,0.0,0.0,0.0
MA-BR-18,Fairhaven 2.2 ESE,41.6219,-70.8667,2025-12-17,0.0,0.0,0.0
MA-BR-18,Fairhaven 2.2 ESE,41.6219,-70.8667,2025-12-18,0.0,0.0,0.0
MA-BR-18,Fairhaven 2.2 ESE,41.6219,-70.8667,2025-12-22,0.0,0.0,0.0005110981
MA-BR-18,Fairhaven 2.2 ESE,41.6219,-70.8667,2025-12-23,0.0,0.0,0.010357128
MA-BR-18,Fairhaven 2.2 ESE,41.6219,-70.8667,2025-12-24,0.1,0.17546293,0.2287861
MA-BR-18,Fairhaven 2.2 ESE,41.6219,-70.8667,2025-12-25,0.0,0.0008257825,0.097902745
MA-BR-18,Fairhaven 2.2 ESE,41.6219,-70.8667,2025-12-26,0.0,0.0,0.00023654127
MA-BR-18,Fairhaven 2.2 ESE,41.6219,-70.8667,2025-12-27,0.29,0.22552522,0.07714625
MA-BR-18,Fairhaven 2.2 ESE,41.6219,-70.8667,2025-12-28,0.0,0.01091733,0.016445162
MA-BR-18,Fairhaven 2.2 ESE,41.6219,-70.8667,2026-01-07,0.05,0.071984574,0.030079814
MA-BR-18,Fairhaven 2.2 ESE,41.6219,-70.8667,2026-01-08,0.01,0.050890163,0.042468134
MA-BR-18,Fairhaven 2.2 ESE,41.6219,-70.8667,2026-01-09,0.0,0.0,0.0
MA-BR-18,Fairhaven 2.2 ESE,41.6219,-70.8667,2026-01-10,0.08,0.0077636223,0.06167206
MA-BR-18,Fairhaven 2.2 ESE,41.6219,-70.8667,2026-01-11,0.72,1.2703364,0.32178482
MA-BR-18,Fairhaven 2.2 ESE,41.6219,-70.8667,2026-01-15,0.0,0.007189165,0.076150715
MA-BR-18,Fairhaven 2.2 ESE,41.6219,-70.8667,2026-01-16,0.0,0.0046687857,0.02529302
MA-BR-18,Fairhaven 2.2 ESE,41.6219,-70.8667,2026-01-17,0.0,0.0,0.020917008
MA-BR-18,Fairhaven 2.2 ESE,41.6219,-70.8667,2026-01-18,0.0,0.01937949,0.03598648
MA-BR-18,Fairhaven 2.2 ESE,41.6219,-70.8667,2026-01-19,0.6,0.4819866,0.868551
MA-BR-18,Fairhaven 2.2 ESE,41.6219,-70.8667,2026-01-20,0.01,0.037229907,0.011139879
MA-BR-18,Fairhaven 2.2 ESE,41.6219,-70.8667,2026-01-21,0.0,0.0,0.0
MA-BR-18,Fairhaven 2.2 ESE,41.6219,-70.8667,2026-01-22,0.0,0.00066949625,0.0062160725
MA-BR-18,Fairhaven 2.2 ESE,41.6219,-70.8667,2026-01-23,0.0,0.0,0.0
MA-BR-18,Fairhaven 2.2 ESE,41.6219,-70.8667,2026-01-24,0.0,0.0,0.0
MA-BR-18,Fairhaven 2.2 ESE,41.6219,-70.8667,2026-01-25,0.0,0.0,0.0
MA-BR-18,Fairhaven 2.2 ESE,41.6219,-70.8667,2026-01-26,1.4,1.3478513,1.2729384
MA-BR-18,Fairhaven 2.2 ESE,41.6219,-70.8667,2026-01-27,0.06,0.17034616,0.14887026
MA-BR-18,Fairhaven 2.2 ESE,41.6219,-70.8667,2026-01-28,0.0,0.0024435557,0.0024794594
MA-BR-18,Fairhaven 2.2 ESE,41.6219,-70.8667,2026-01-29,0.0,0.00039309147,0.0
MA-BR-18,Fairhaven 2.2 ESE,41.6219,-70.8667,2026-01-30,0.0,0.0,3.9335548e-05
MA-BR-18,Fairhaven 2.2 ESE,41.6219,-70.8667,2026-01-31,0.0,0.0,0.0
MA-BR-18,Fairhaven 2.2 ESE,41.6219,-70.8667,2026-02-01,0.0,0.0050003664,0.017299192
MA-BR-18,Fairhaven 2.2 ESE,41.6219,-70.8667,2026-02-02,0.0,0.019929923,0.019200234
MA-BR-18,Fairhaven 2.2 ESE,41.6219,-70.8667,2026-02-03,0.0,0.0,0.0
MA-BR-18,Fairhaven 2.2 ESE,41.6219,-70.8667,2026-02-04,0.0,0.0,0.0030713407
MA-BR-18,Fairhaven 2.2 ESE,41.6219,-70.8667,2026-02-05,0.0,0.0,0.00019641373
MA-BR-18,Fairhaven 2.2 ESE,41.6219,-70.8667,2026-02-06,0.0,0.0,3.9335548e-05
MA-BR-18,Fairhaven 2.2 ESE,41.6219,-70.8667,2026-02-07,0.06,0.025197454,0.008191298
MA-BR-18,Fairhaven 2.2 ESE,41.6219,-70.8667,2026-02-08,0.17,0.19728044,0.2988163
MA-BR-18,Fairhaven 2.2 ESE,41.6219,-70.8667,2026-02-10,0.0,0.0,0.0
MA-BR-18,Fairhaven 2.2 ESE,41.6219,-70.8667,2026-02-11,0.15,0.25431988,0.16004683
MA-BR-18,Fairhaven 2.2 ESE,41.6219,-70.8667,2026-02-17,0.0,0.0,0.0
MA-BR-18,Fairhaven 2.2 ESE,41.6219,-70.8667,2026-02-18,0.0,3.9335548e-05,0.0062947436
MA-BR-18,Fairhaven 2.2 ESE,41.6219,-70.8667,2026-02-19,0.2,0.26741758,0.41201398
MA-BR-18,Fairhaven 2.2 ESE,41.6219,-70.8667,2026-02-20,0.0,0.0,0.0
MA-BR-18,Fairhaven 2.2 ESE,41.6219,-70.8667,2026-02-21,0.53,0.44893977,0.5665332
MA-BR-18,Fairhaven 2.2 ESE,41.6219,-70.8667,2026-02-22,0.01,0.009401724,0.06383103
MA-BR-18,Fairhaven 2.2 ESE,41.6219,-70.8667,2026-02-23,1.55,0.8933298,0.87757367
MA-BR-18,Fairhaven 2.2 ESE,41.6219,-70.8667,2026-02-24,0.7,1.3323749,1.6183647
MA-BR-18,Fairhaven 2.2 ESE,41.6219,-70.8667,2026-02-25,0.0,0.0,0.004608859
MA-BR-18,Fairhaven 2.2 ESE,41.6219,-70.8667,2026-02-26,0.06,0.046108652,0.24844357
MA-BR-18,Fairhaven 2.2 ESE,41.6219,-70.8667,2026-02-27,0.0,0.0,0.0
MA-BR-18,Fairhaven 2.2 ESE,41.6219,-70.8667,2026-03-05,0.0,0.00031468438,0.00019667773
MA-BR-18,Fairhaven 2.2 ESE,41.6219,-70.8667,2026-03-06,0.94,1.0169965,0.6382839
MA-BR-18,Fairhaven 2.2 ESE,41.6219,-70.8667,2026-03-07,0.06,0.03603981,0.1954763
MA-BR-18,Fairhaven 2.2 ESE,41.6219,-70.8667,2026-03-08,0.02,0.04036355,0.113957986
MA-BR-18,Fairhaven 2.2 ESE,41.6219,-70.8667,2026-03-09,0.0,0.026299378,0.043793924
MA-BR-18,Fairhaven 2.2 ESE,41.6219,-70.8667,2026-03-10,0.0,0.00027534884,3.9335548e-05
MA-BR-18,Fairhaven 2.2 ESE,41.6219,-70.8667,2026-03-11,0.0,0.0,0.004967367
MA-BR-18,Fairhaven 2.2 ESE,41.6219,-70.8667,2026-03-12,0.05,0.25365672,0.12505746
MA-BR-18,Fairhaven 2.2 ESE,41.6219,-70.8667,2026-03-13,0.0,0.269048,0.12413137
MA-BR-18,Fairhaven 2.2 ESE,41.6219,-70.8667,2026-03-17,1.24,1.5057428,1.6127553
MA-BR-18,Fairhaven 2.2 ESE,41.6219,-70.8667,2026-03-18,0.0,0.0052429796,0.0018878422
MA-BR-18,Fairhaven 2.2 ESE,41.6219,-70.8667,2026-03-21,0.24,0.21335283,0.15468954
MA-BR-18,Fairhaven 2.2 ESE,41.6219,-70.8667,2026-03-22,0.0,0.0013347686,9.451091e-05
MA-BR-18,Fairhaven 2.2 ESE,41.6219,-70.8667,2026-03-25,0.0,0.00011827063,0.001300977
MA-BR-18,Fairhaven 2.2 ESE,41.6219,-70.8667,2026-03-28,0.0,0.009079912,0.10675298
MA-BR-18,Fairhaven 2.2 ESE,41.6219,-70.8667,2026-03-29,0.0,0.0020063769,0.016464962
MA-BR-18,Fairhaven 2.2 ESE,41.6219,-70.8667,2026-03-30,0.0,0.0,0.0
MA-BR-18,Fairhaven 2.2 ESE,41.6219,-70.8667,2026-03-31,0.0,0.0039367224,7.8671095e-05
MA-BR-18,Fairhaven 2.2 ESE,41.6219,-70.8667,2026-04-01,0.28,0.23622948,0.032047648
MA-BR-18,Fairhaven 2.2 ESE,41.6219,-70.8667,2026-04-04,0.02,0.029115168,0.010663101
MA-BR-18,Fairhaven 2.2 ESE,41.6219,-70.8667,2026-04-05,0.01,0.059327506,0.011142519
MA-BR-18,Fairhaven 2.2 ESE,41.6219,-70.8667,2026-04-06,,0.27056336,0.24160975
MA-BR-18,Fairhaven 2.2 ESE,41.6219,-70.8667,2026-04-07,0.0,0.00078565493,0.053458326
MA-BR-18,Fairhaven 2.2 ESE,41.6219,-70.8667,2026-04-08,0.26,0.14777493,0.28900698
MA-BR-18,Fairhaven 2.2 ESE,41.6219,-70.8667,2026-04-09,0.0,0.0,0.00023654127
MA-BR-18,Fairhaven 2.2 ESE,41.6219,-70.8667,2026-04-10,0.0,0.0,7.8671095e-05
MA-BR-18,Fairhaven 2.2 ESE,41.6219,-70.8667,2026-04-11,0.0,0.0019274418,0.00094326114
MA-BR-18,Fairhaven 2.2 ESE,41.6219,-70.8667,2026-04-12,0.0,0.0,0.0
MA-BR-18,Fairhaven 2.2 ESE,41.6219,-70.8667,2026-04-13,0.0,0.006323255,0.0091348225
MA-BR-18,Fairhaven 2.2 ESE,41.6219,-70.8667,2026-04-26,0.03,0.0,0.00078565493
MA-BR-18,Fairhaven 2.2 ESE,41.6219,-70.8667,2026-04-27,0.0,0.0054644733,0.07130663
MA-BR-18,Fairhaven 2.2 ESE,41.6219,-70.8667,2026-04-28,0.0,0.0,0.007822758
MA-BR-18,Fairhaven 2.2 ESE,41.6219,-70.8667,2026-04-29,0.0,0.0,0.0011798025
MA-BR-18,Fairhaven 2.2 ESE,41.6219,-70.8667,2026-04-30,0.04,0.022121888,0.00055043364
MA-BR-18,Fairhaven 2.2 ESE,41.6219,-70.8667,2026-05-01,0.09,0.014784094,0.084694445
MA-BR-18,Fairhaven 2.2 ESE,41.6219,-70.8667,2026-05-02,0.0,0.0,0.0
MA-BR-18,Fairhaven 2.2 ESE,41.6219,-70.8667,2026-05-03,0.3,0.32240707,0.8578676
MA-BR-18,Fairhaven 2.2 ESE,41.6219,-70.8667,2026-05-11,0.19,0.14146145,0.008497534
MA-BR-18,Fairhaven 2.2 ESE,41.6219,-70.8667,2026-05-12,0.0,0.0031426197,0.024076521
MA-BR-18,Fairhaven 2.2 ESE,41.6219,-70.8667,2026-05-13,0.0,0.0,0.0
MA-BR-18,Fairhaven 2.2 ESE,41.6219,-70.8667,2026-05-19,0.0,0.0006293687,0.0019641374
MA-BR-18,Fairhaven 2.2 ESE,41.6219,-70.8667,2026-05-20,0.0,0.0,0.0
MA-BR-18,Fairhaven 2.2 ESE,41.6219,-70.8667,2026-05-21,0.06,0.0015713099,0.43669742
MA-BR-18,Fairhaven 2.2 ESE,41.6219,-70.8667,2026-05-22,0.02,0.004753265,0.0019683612
MA-BR-18,Fairhaven 2.2 ESE,41.6219,-70.8667,2026-05-23,0.0,0.0,0.0
MA-BR-18,Fairhaven 2.2 ESE,41.6219,-70.8667,2026-05-24,0.09,0.22186726,0.037196115
MA-BR-18,Fairhaven 2.2 ESE,41.6219,-70.8667,2026-05-25,0.89,0.66572005,0.5181014
MA-BR-18,Fairhaven 2.2 ESE,41.6219,-70.8667,2026-05-26,0.02,0.008616861,0.12943032
MA-BR-18,Fairhaven 2.2 ESE,41.6219,-70.8667,2026-05-27,0.0,0.0,0.0
MA-BR-18,Fairhaven 2.2 ESE,41.6219,-70.8667,2026-05-28,0.0,3.9335548e-05,0.0
MA-BR-18,Fairhaven 2.2 ESE,41.6219,-70.8667,2026-05-29,0.21,0.058619995,0.11069947
MA-BR-18,Fairhaven 2.2 ESE,41.6219,-70.8667,2026-05-30,0.2,0.15753755,0.076176055
MA-BR-18,Fairhaven 2.2 ESE,41.6219,-70.8667,2026-05-31,0.14,0.13550436,0.26222
MA-BR-18,Fairhaven 2.2 ESE,41.6219,-70.8667,2026-06-01,0.17,0.102120355,0.035659652
MA-BR-18,Fairhaven 2.2 ESE,41.6219,-70.8667,2026-06-02,0.0,0.0,0.0
MA-BR-18,Fairhaven 2.2 ESE,41.6219,-70.8667,2026-06-03,0.0,0.0,0.0015713099
MA-BR-18,Fairhaven 2.2 ESE,41.6219,-70.8667,2026-06-04,0.0,0.0,0.0
MA-BR-18,Fairhaven 2.2 ESE,41.6219,-70.8667,2026-06-05,0.0,0.0,0.0
MA-BR-18,Fairhaven 2.2 ESE,41.6219,-70.8667,2026-06-06,0.0,0.0,0.0
MA-BR-18,Fairhaven 2.2 ESE,41.6219,-70.8667,2026-06-07,0.04,0.64217573,0.08749203
MA-BR-18,Fairhaven 2.2 ESE,41.6219,-70.8667,2026-06-08,0.04,0.19840322,0.14933568
MA-BR-18,Fairhaven 2.2 ESE,41.6219,-70.8667,2026-06-09,0.0,0.0,0.0
MA-BR-18,Fairhaven 2.2 ESE,41.6219,-70.8667,2026-06-10,0.0,0.0,0.0
MA-BR-18,Fairhaven 2.2 ESE,41.6219,-70.8667,2026-06-11,0.09,0.008002276,0.0040069455
MA-BR-18,Fairhaven 2.2 ESE,41.6219,-70.8667,2026-06-12,0.0,0.037869044,0.009636153
MA-BR-18,Fairhaven 2.2 ESE,41.6219,-70.8667,2026-06-13,0.0,7.8671095e-05,0.00011827063
MA-BR-18,Fairhaven 2.2 ESE,41.6219,-70.8667,2026-06-14,0.0,0.0,0.0
MA-BR-18,Fairhaven 2.2 ESE,41.6219,-70.8667,2026-06-15,0.13,0.35908335,0.5236221
MA-BR-18,Fairhaven 2.2 ESE,41.6219,-70.8667,2026-06-16,0.0,0.03201544,0.0011827063
MA-BR-18,Fairhaven 2.2 ESE,41.6219,-70.8667,2026-06-17,0.0,0.0,0.0
MA-BR-18,Fairhaven 2.2 ESE,41.6219,-70.8667,2026-06-18,0.0,0.0,0.0006293687
MA-BR-18,Fairhaven 2.2 ESE,41.6219,-70.8667,2026-06-19,0.0,0.00055043364,0.077315204
MA-BR-18,Fairhaven 2.2 ESE,41.6219,-70.8667,2026-06-20,0.0,0.0,0.0003548119
MA-BR-18,Fairhaven 2.2 ESE,41.6219,-70.8667,2026-06-21,0.06,0.0,0.16290936
MA-BR-18,Fairhaven 2.2 ESE,41.6219,-70.8667,2026-06-22,0.0,0.0,0.0
MA-BR-18,Fairhaven 2.2 ESE,41.6219,-70.8667,2026-06-23,2.15,0.4063689,0.1436579
MA-BR-18,Fairhaven 2.2 ESE,41.6219,-70.8667,2026-06-24,0.2,1.0054932,0.9111385
MA-BR-18,Fairhaven 2.2 ESE,41.6219,-70.8667,2026-06-25,0.0,0.0,0.0
MA-BR-18,Fairhaven 2.2 ESE,41.6219,-70.8667,2026-06-26,0.0,0.00019694172,0.0
MA-BR-18,Fairhaven 2.2 ESE,41.6219,-70.8667,2026-07-08,1.95,1.4008478,3.0322268
MA-BR-18,Fairhaven 2.2 ESE,41.6219,-70.8667,2026-07-09,0.0,0.0,0.00035401992
MA-BR-18,Fairhaven 2.2 ESE,41.6219,-70.8667,2026-07-10,0.0,0.0,0.0012191379
MA-BR-18,Fairhaven 2.2 ESE,41.6219,-70.8667,2026-07-11,1.25,3.9335548e-05,0.0018894263
MA-BR-18,Fairhaven 2.2 ESE,41.6219,-70.8667,2026-07-12,0.0,0.0,7.8671095e-05
MA-BR-18,Fairhaven 2.2 ESE,41.6219,-70.8667,2026-07-13,0.0,0.0,0.0
MA-BR-18,Fairhaven 2.2 ESE,41.6219,-70.8667,2026-07-14,0.0,0.0,0.005913532
MA-BR-18,Fairhaven 2.2 ESE,41.6219,-70.8667,2026-07-15,0.0,0.0,0.0
MA-BR-18,Fairhaven 2.2 ESE,41.6219,-70.8667,2026-07-16,0.0,0.0,0.0
MA-BR-18,Fairhaven 2.2 ESE,41.6219,-70.8667,2026-07-17,0.0,0.0,0.0
MA-BR-18,Fairhaven 2.2 ESE,41.6219,-70.8667,2026-07-18,0.0,0.0,0.0
MA-BR-18,Fairhaven 2.2 ESE,41.6219,-70.8667,2026-07-19,1.34,0.90605366,0.82617635
MA-BR-52,New Bedford 4.3 N,41.72305,-70.944,2025-01-01,0.75,0.6927111,0.94414604
MA-BR-52,New Bedford 4.3 N,41.72305,-70.944,2025-01-02,0.13,0.34138608,0.18977632
MA-BR-52,New Bedford 4.3 N,41.72305,-70.944,2025-01-03,0.0,0.018004593,0.0
MA-BR-52,New Bedford 4.3 N,41.72305,-70.944,2025-01-04,0.0,0.0,0.0
MA-BR-52,New Bedford 4.3 N,41.72305,-70.944,2025-01-05,0.0,7.8671095e-05,0.0
MA-BR-52,New Bedford 4.3 N,41.72305,-70.944,2025-01-06,0.0,0.0,0.0
MA-BR-52,New Bedford 4.3 N,41.72305,-70.944,2025-01-07,0.0,0.0,0.0
MA-BR-52,New Bedford 4.3 N,41.72305,-70.944,2025-01-08,0.0,1.5773818e-05,0.0
MA-BR-52,New Bedford 4.3 N,41.72305,-70.944,2025-01-09,0.0,0.0,3.9335548e-05
MA-BR-52,New Bedford 4.3 N,41.72305,-70.944,2025-01-10,0.0,0.00035428393,0.0070497748
MA-BR-52,New Bedford 4.3 N,41.72305,-70.944,2025-01-11,0.0,0.0011798025,0.0
MA-BR-52,New Bedford 4.3 N,41.72305,-70.944,2025-01-12,0.03,0.10312189,0.100041114
MA-BR-52,New Bedford 4.3 N,41.72305,-70.944,2025-01-13,0.0,0.0,0.0
MA-BR-52,New Bedford 4.3 N,41.72305,-70.944,2025-01-14,0.0,0.0036204543,0.0024752356
MA-BR-52,New Bedford 4.3 N,41.72305,-70.944,2025-01-15,0.0,0.0,0.0
MA-BR-52,New Bedford 4.3 N,41.72305,-70.944,2025-01-16,0.0,0.0,0.0
MA-BR-52,New Bedford 4.3 N,41.72305,-70.944,2025-01-17,0.0,0.019119715,0.03764227
MA-BR-52,New Bedford 4.3 N,41.72305,-70.944,2025-01-18,0.0,0.0,0.0
MA-BR-52,New Bedford 4.3 N,41.72305,-70.944,2025-01-19,0.49,0.44753608,0.19672894
MA-BR-52,New Bedford 4.3 N,41.72305,-70.944,2025-01-20,0.42,0.5525533,0.5459911
MA-BR-52,New Bedford 4.3 N,41.72305,-70.944,2025-01-21,0.0,0.0022751258,0.0053092428
MA-BR-52,New Bedford 4.3 N,41.72305,-70.944,2025-01-22,0.0,0.0,0.0
MA-BR-52,New Bedford 4.3 N,41.72305,-70.944,2025-01-23,0.0,0.0,3.9335548e-05
MA-BR-52,New Bedford 4.3 N,41.72305,-70.944,2025-01-24,0.0,0.0,3.9335548e-05
MA-BR-52,New Bedford 4.3 N,41.72305,-70.944,2025-01-25,0.0,0.0,0.0
MA-BR-52,New Bedford 4.3 N,41.72305,-70.944,2025-01-26,0.0,0.0,0.01470463
MA-BR-52,New Bedford 4.3 N,41.72305,-70.944,2025-01-27,0.0,0.0,0.005474241
MA-BR-52,New Bedford 4.3 N,41.72305,-70.944,2025-01-28,0.0,0.0,0.00015734219
MA-BR-52,New Bedford 4.3 N,41.72305,-70.944,2025-01-29,0.0,0.00019694172,0.06271855
MA-BR-52,New Bedford 4.3 N,41.72305,-70.944,2025-01-30,0.0,0.011818616,0.06532472
MA-BR-52,New Bedford 4.3 N,41.72305,-70.944,2025-01-31,0.0,0.0,0.0
MA-BR-52,New Bedford 4.3 N,41.72305,-70.944,2025-02-01,,0.77264726,0.8968547
MA-BR-52,New Bedford 4.3 N,41.72305,-70.944,2025-02-02,0.04,0.04466406,0.016933821
MA-BR-52,New Bedford 4.3 N,41.72305,-70.944,2025-02-03,0.2,0.1999893,0.13296682
MA-BR-52,New Bedford 4.3 N,41.72305,-70.944,2025-02-04,0.02,0.0,3.9335548e-05
MA-BR-52,New Bedford 4.3 N,41.72305,-70.944,2025-02-05,0.0,0.0,0.0
MA-BR-52,New Bedford 4.3 N,41.72305,-70.944,2025-02-06,0.0,0.0,0.0
MA-BR-52,New Bedford 4.3 N,41.72305,-70.944,2025-02-07,0.2,0.3745235,0.33132806
MA-BR-52,New Bedford 4.3 N,41.72305,-70.944,2025-02-08,0.0,0.0,0.0063908384
MA-BR-52,New Bedford 4.3 N,41.72305,-70.944,2025-02-09,0.49,0.63215655,0.6555572
MA-BR-52,New Bedford 4.3 N,41.72305,-70.944,2025-02-10,0.0,0.01881559,0.11105507
MA-BR-52,New Bedford 4.3 N,41.72305,-70.944,2025-02-11,0.0,0.0,0.0
MA-BR-52,New Bedford 4.3 N,41.72305,-70.944,2025-02-12,0.0,0.030828508,0.0
MA-BR-52,New Bedford 4.3 N,41.72305,-70.944,2025-02-13,0.18,0.11374256,0.0820492
MA-BR-52,New Bedford 4.3 N,41.72305,-70.944,2025-02-14,0.06,0.2172687,0.31591195
MA-BR-52,New Bedford 4.3 N,41.72305,-70.944,2025-02-15,0.0,0.0,0.0
MA-BR-52,New Bedford 4.3 N,41.72305,-70.944,2025-02-16,0.53,0.5121229,0.33561826
MA-BR-52,New Bedford 4.3 N,41.72305,-70.944,2025-02-17,1.15,1.1082296,1.3197525
MA-BR-52,New Bedford 4.3 N,41.72305,-70.944,2025-02-18,0.0,0.00090234156,0.0
MA-BR-52,New Bedford 4.3 N,41.72305,-70.944,2025-02-19,0.0,0.00011800665,3.9335548e-05
MA-BR-52,New Bedford 4.3 N,41.72305,-70.944,2025-02-20,0.0,0.0,0.0
MA-BR-52,New Bedford 4.3 N,41.72305,-70.944,2025-02-21,0.0,0.026545685,0.0064549893
MA-BR-52,New Bedford 4.3 N,41.72305,-70.944,2025-02-22,0.0,0.0,0.0
MA-BR-52,New Bedford 4.3 N,41.72305,-70.944,2025-02-23,0.0,0.0,0.0
MA-BR-52,New Bedford 4.3 N,41.72305,-70.944,2025-02-24,0.0,0.0,0.0
MA-BR-52,New Bedford 4.3 N,41.72305,-70.944,2025-02-25,0.0,0.0,0.0
MA-BR-52,New Bedford 4.3 N,41.72305,-70.944,2025-02-26,0.0,0.00019694172,0.004846192
MA-BR-52,New Bedford 4.3 N,41.72305,-70.944,2025-02-27,0.03,0.026712267,0.17555164
MA-BR-52,New Bedford 4.3 N,41.72305,-70.944,2025-02-28,0.09,0.19092444,0.09401882
MA-BR-52,New Bedford 4.3 N,41.72305,-70.944,2025-03-01,0.0,0.0,0.0022033185
MA-BR-52,New Bedford 4.3 N,41.72305,-70.944,2025-03-02,0.0,0.00330313,0.0
MA-BR-52,New Bedford 4.3 N,41.72305,-70.944,2025-03-03,0.0,0.0,0.0
MA-BR-52,New Bedford 4.3 N,41.72305,-70.944,2025-03-04,0.0,0.0,0.0
MA-BR-52,New Bedford 4.3 N,41.72305,-70.944,2025-03-05,0.0,0.0,0.0
MA-BR-52,New Bedford 4.3 N,41.72305,-70.944,2025-03-06,0.56,0.7728492,0.61793584
MA-BR-52,New Bedford 4.3 N,41.72305,-70.944,2025-03-07,0.08,0.02546752,0.046150364
MA-BR-52,New Bedford 4.3 N,41.72305,-70.944,2025-03-08,0.0,7.886909e-06,0.0043580616
MA-BR-52,New Bedford 4.3 N,41.72305,-70.944,2025-03-09,0.0,0.00015760618,0.0019683612
MA-BR-52,New Bedford 4.3 N,41.72305,-70.944,2025-03-10,0.0,0.0,0.005660095
MA-BR-52,New Bedford 4.3 N,41.72305,-70.944,2025-03-11,0.0,0.0,0.0
MA-BR-52,New Bedford 4.3 N,41.72305,-70.944,2025-03-12,0.0,0.0,0.0
MA-BR-52,New Bedford 4.3 N,41.72305,-70.944,2025-03-13,0.0,0.0,0.0
MA-BR-52,New Bedford 4.3 N,41.72305,-70.944,2025-03-14,0.0,0.009624801,0.007557177
MA-BR-52,New Bedford 4.3 N,41.72305,-70.944,2025-03-15,0.01,0.0012595295,0.00039282747
MA-BR-52,New Bedford 4.3 N,41.72305,-70.944,2025-03-16,0.01,0.015625188,0.015276184
MA-BR-52,New Bedford 4.3 N,41.72305,-70.944,2025-03-17,1.12,0.15283312,0.9716091
MA-BR-52,New Bedford 4.3 N,41.72305,-70.944,2025-03-18,0.55,1.6834474,2.0960598
MA-BR-52,New Bedford 4.3 N,41.72305,-70.944,2025-03-19,0.0,0.0,0.0034298485
MA-BR-52,New Bedford 4.3 N,41.72305,-70.944,2025-03-20,0.0,0.023593672,0.013146257
MA-BR-52,New Bedford 4.3 N,41.72305,-70.944,2025-03-21,0.35,0.28364855,0.23181045
MA-BR-52,New Bedford 4.3 N,41.72305,-70.944,2025-03-22,0.06,0.037510008,0.22135195
MA-BR-52,New Bedford 4.3 N,41.72305,-70.944,2025-03-23,0.0,0.003902931,0.0018471867
MA-BR-52,New Bedford 4.3 N,41.72305,-70.944,2025-03-24,0.02,0.0,3.9335548e-05
MA-BR-52,New Bedford 4.3 N,41.72305,-70.944,2025-03-25,0.73,0.7051338,0.48033348
MA-BR-52,New Bedford 4.3 N,41.72305,-70.944,2025-03-26,0.0,0.0011024512,0.06027156
MA-BR-52,New Bedford 4.3 N,41.72305,-70.944,2025-03-27,0.0,0.016692,0.21738565
MA-BR-52,New Bedford 4.3 N,41.72305,-70.944,2025-03-28,0.0,0.00078565493,0.004246391
MA-BR-52,New Bedford 4.3 N,41.72305,-70.944,2025-03-29,0.05,0.0801331,3.9335548e-05
MA-BR-52,New Bedford 4.3 N,41.72305,-70.944,2025-03-30,0.07,0.20694324,0.43543023
MA-BR-52,New Bedford 4.3 N,41.72305,-70.944,2025-03-31,0.02,0.039071284,0.06900537
MA-BR-52,New Bedford 4.3 N,41.72305,-70.944,2025-04-01,0.21,0.6810997,1.4350492
MA-BR-52,New Bedford 4.3 N,41.72305,-70.944,2025-04-03,0.14,0.13842152,0.11815659
MA-BR-52,New Bedford 4.3 N,41.72305,-70.944,2025-04-04,0.2,0.34496403,0.1994336
MA-BR-52,New Bedford 4.3 N,41.72305,-70.944,2025-04-05,0.0,0.06704256,0.00535597
MA-BR-52,New Bedford 4.3 N,41.72305,-70.944,2025-04-06,0.55,0.2947972,0.30834132
MA-BR-52,New Bedford 4.3 N,41.72305,-70.944,2025-04-07,0.07,0.18384379,0.1126578
MA-BR-52,New Bedford 4.3 N,41.72305,-70.944,2025-04-08,0.25,0.5484487,0.3371315
MA-BR-52,New Bedford 4.3 N,41.72305,-70.944,2025-04-09,0.04,0.059720334,0.0068533607
MA-BR-52,New Bedford 4.3 N,41.72305,-70.944,2025-04-10,0.0,0.0,0.0
MA-BR-52,New Bedford 4.3 N,41.72305,-70.944,2025-04-11,0.1,0.18982859,0.07045551
MA-BR-52,New Bedford 4.3 N,41.72305,-70.944,2025-04-12,0.4,0.1179805,0.097309805
MA-BR-52,New Bedford 4.3 N,41.72305,-70.944,2025-04-13,0.13,0.4662292,0.3636484
MA-BR-52,New Bedford 4.3 N,41.72305,-70.944,2025-04-14,0.39,0.5220183,0.8518751
MA-BR-52,New Bedford 4.3 N,41.72305,-70.944,2025-04-15,0.18,0.056077175,0.012654957
MA-BR-52,New Bedford 4.3 N,41.72305,-70.944,2025-04-16,0.06,0.08800365,0.15850508
MA-BR-52,New Bedford 4.3 N,41.72305,-70.944,2025-04-17,0.0,0.0,0.0
MA-BR-52,New Bedford 4.3 N,41.72305,-70.944,2025-04-18,0.0,0.0,0.0
MA-BR-52,New Bedford 4.3 N,41.72305,-70.944,2025-04-19,0.0,0.00019641373,0.0028366472
MA-BR-52,New Bedford 4.3 N,41.72305,-70.944,2025-04-20,0.0,0.07090589,0.088529795
MA-BR-52,New Bedford 4.3 N,41.72305,-70.944,2025-04-21,0.0,0.0,0.0
MA-BR-52,New Bedford 4.3 N,41.72305,-70.944,2025-04-22,0.1,0.15718827,0.22749305
MA-BR-52,New Bedford 4.3 N,41.72305,-70.944,2025-04-23,0.0,0.06313381,0.17376068
MA-BR-52,New Bedford 4.3 N,41.72305,-70.944,2025-04-24,0.0,0.0,0.0
MA-BR-52,New Bedford 4.3 N,41.72305,-70.944,2025-04-25,0.0,0.0,0.0
MA-BR-52,New Bedford 4.3 N,41.72305,-70.944,2025-04-26,0.0,0.026255816,7.8671095e-05
MA-BR-52,New Bedford 4.3 N,41.72305,-70.944,2025-04-27,1.08,2.057835,1.73911
MA-BR-52,New Bedford 4.3 N,41.72305,-70.944,2025-04-28,0.0,0.007635848,0.0
MA-BR-52,New Bedford 4.3 N,41.72305,-70.944,2025-04-29,0.0,0.0,0.0
MA-BR-52,New Bedford 4.3 N,41.72305,-70.944,2025-04-30,0.0,0.0,0.0
MA-BR-52,New Bedford 4.3 N,41.72305,-70.944,2025-05-01,0.0,3.9335548e-05,0.0007096238
MA-BR-52,New Bedford 4.3 N,41.72305,-70.944,2025-05-02,0.12,0.034641944,0.17336707
MA-BR-52,New Bedford 4.3 N,41.72305,-70.944,2025-05-03,0.0,0.078514546,0.06725639
MA-BR-52,New Bedford 4.3 N,41.72305,-70.944,2025-05-04,0.0,0.009185246,0.0
MA-BR-52,New Bedford 4.3 N,41.72305,-70.944,2025-05-05,0.03,0.01666428,0.7542116
MA-BR-52,New Bedford 4.3 N,41.72305,-70.944,2025-05-06,0.02,0.34474832,0.15153003
MA-BR-52,New Bedford 4.3 N,41.72305,-70.944,2025-05-07,0.15,0.6609164,0.77631205
MA-BR-52,New Bedford 4.3 N,41.72305,-70.944,2025-05-08,0.01,0.0,0.00987243
MA-BR-52,New Bedford 4.3 N,41.72305,-70.944,2025-05-09,0.0,0.0,0.1566381
MA-BR-52,New Bedford 4.3 N,41.72305,-70.944,2025-05-10,1.38,1.2697493,1.4265974
MA-BR-52,New Bedford 4.3 N,41.72305,-70.944,2025-05-11,0.03,0.015450686,0.006400606
MA-BR-52,New Bedford 4.3 N,41.72305,-70.944,2025-05-12,0.0,0.0,0.0
MA-BR-52,New Bedford 4.3 N,41.72305,-70.944,2025-05-13,0.0,0.0,0.0
MA-BR-52,New Bedford 4.3 N,41.72305,-70.944,2025-05-14,0.0,0.0,0.000864326
MA-BR-52,New Bedford 4.3 N,41.72305,-70.944,2025-05-15,0.6,0.01927785,0.038601108
MA-BR-52,New Bedford 4.3 N,41.72305,-70.944,2025-05-16,0.02,0.23642406,0.039219126
MA-BR-52,New Bedford 4.3 N,41.72305,-70.944,2025-05-17,0.0,0.00047281856,0.0014173996
MA-BR-52,New Bedford 4.3 N,41.72305,-70.944,2025-05-18,0.0,0.005635807,0.0019662492
MA-BR-52,New Bedford 4.3 N,41.72305,-70.944,2025-05-19,0.0,0.0,0.00015760618
MA-BR-52,New Bedford 4.3 N,41.72305,-70.944,2025-05-20,0.0,0.0,3.9335548e-05
MA-BR-52,New Bedford 4.3 N,41.72305,-70.944,2025-05-21,0.0,0.00035401992,0.0062107923
MA-BR-52,New Bedford 4.3 N,41.72305,-70.944,2025-05-22,0.04,0.016511425,0.22487313
MA-BR-52,New Bedford 4.3 N,41.72305,-70.944,2025-05-23,3.06,2.511198,3.39065
MA-BR-52,New Bedford 4.3 N,41.72305,-70.944,2025-05-24,0.0,0.012506064,0.07682655
MA-BR-52,New Bedford 4.3 N,41.72305,-70.944,2025-05-25,0.07,0.0061843926,0.00055043364
MA-BR-52,New Bedford 4.3 N,41.72305,-70.944,2025-05-26,0.0,0.004846192,0.0092567885
MA-BR-52,New Bedford 4.3 N,41.72305,-70.944,2025-05-27,0.0,0.0,0.0
MA-BR-52,New Bedford 4.3 N,41.72305,-70.944,2025-05-28,0.0,0.0,0.0
MA-BR-52,New Bedford 4.3 N,41.72305,-70.944,2025-05-29,0.12,0.044838563,0.18946956
MA-BR-52,New Bedford 4.3 N,41.72305,-70.944,2025-05-30,0.0,0.06615552,0.41483134
MA-BR-52,New Bedford 4.3 N,41.72305,-70.944,2025-05-31,0.25,0.4814354,0.4768065
MA-BR-52,New Bedford 4.3 N,41.72305,-70.944,2025-06-01,0.0,0.5356406,0.42887098
MA-BR-52,New Bedford 4.3 N,41.72305,-70.944,2025-06-02,0.02,0.036931325,0.0052376995
MA-BR-52,New Bedford 4.3 N,41.72305,-70.944,2025-06-03,0.0,0.0,0.0
MA-BR-52,New Bedford 4.3 N,41.72305,-70.944,2025-06-04,0.0,0.0,0.0
MA-BR-52,New Bedford 4.3 N,41.72305,-70.944,2025-06-05,0.0,0.0,0.0
MA-BR-52,New Bedford 4.3 N,41.72305,-70.944,2025-06-06,0.0,0.0,0.0
MA-BR-52,New Bedford 4.3 N,41.72305,-70.944,2025-06-07,0.0,0.0013374086,0.0028342712
MA-BR-52,New Bedford 4.3 N,41.72305,-70.944,2025-06-08,0.38,0.14588736,0.049224876
MA-BR-52,New Bedford 4.3 N,41.72305,-70.944,2025-06-09,0.0,0.0035423113,0.00011827063
MA-BR-52,New Bedford 4.3 N,41.72305,-70.944,2025-06-10,0.04,0.0014160797,0.04347238
MA-BR-52,New Bedford 4.3 N,41.72305,-70.944,2025-06-11,0.38,0.31169805,1.0662911
MA-BR-52,New Bedford 4.3 N,41.72305,-70.944,2025-06-12,0.0,0.0,0.0
MA-BR-52,New Bedford 4.3 N,41.72305,-70.944,2025-06-13,0.0,0.00039335547,0.0
MA-BR-52,New Bedford 4.3 N,41.72305,-70.944,2025-06-14,0.0,0.03987621,0.1029208
MA-BR-52,New Bedford 4.3 N,41.72305,-70.944,2025-06-15,0.08,0.16969249,0.042835087
MA-BR-52,New Bedford 4.3 N,41.72305,-70.944,2025-06-16,0.0,0.00039388344,0.0009849726
MA-BR-52,New Bedford 4.3 N,41.72305,-70.944,2025-06-17,0.0,0.057170387,0.031727154
MA-BR-52,New Bedford 4.3 N,41.72305,-70.944,2025-06-18,0.05,0.027190367,0.029921943
MA-BR-52,New Bedford 4.3 N,41.72305,-70.944,2025-06-19,0.0,0.005151901,0.40104067
MA-BR-52,New Bedford 4.3 N,41.72305,-70.944,2025-06-20,0.0,0.0,0.00051109813
MA-BR-52,New Bedford 4.3 N,41.72305,-70.944,2025-06-21,0.0,0.0,0.0
MA-BR-52,New Bedford 4.3 N,41.72305,-70.944,2025-06-22,0.01,0.0,0.059456337
MA-BR-52,New Bedford 4.3 N,41.72305,-70.944,2025-06-23,0.0,0.008828058,0.013898119
MA-BR-52,New Bedford 4.3 N,41.72305,-70.944,2025-06-24,0.02,0.0,0.0
MA-BR-52,New Bedford 4.3 N,41.72305,-70.944,2025-06-27,0.05,0.0038181879,0.5056624
MA-BR-52,New Bedford 4.3 N,41.72305,-70.944,2025-06-28,0.0,0.014918996,0.22635548
MA-BR-52,New Bedford 4.3 N,41.72305,-70.944,2025-06-29,0.01,0.007528137,0.03076515
MA-BR-52,New Bedford 4.3 N,41.72305,-70.944,2025-06-30,0.0,0.0,0.0
MA-BR-52,New Bedford 4.3 N,41.72305,-70.944,2025-07-01,0.0,0.00023574928,0.0
MA-BR-52,New Bedford 4.3 N,41.72305,-70.944,2025-07-02,0.07,0.027312068,1.0048357
MA-BR-52,New Bedford 4.3 N,41.72305,-70.944,2025-07-03,0.03,0.05872137,0.015463621
MA-BR-52,New Bedford 4.3 N,41.72305,-70.944,2025-07-04,1.28,0.08608413,0.20491233
MA-BR-52,New Bedford 4.3 N,41.72305,-70.944,2025-07-05,0.0,0.0,0.0
MA-BR-52,New Bedford 4.3 N,41.72305,-70.944,2025-07-06,0.0,0.0,0.0
MA-BR-52,New Bedford 4.3 N,41.72305,-70.944,2025-07-07,0.0,0.0,0.0
MA-BR-52,New Bedford 4.3 N,41.72305,-70.944,2025-07-08,0.02,0.018731112,0.09251246
MA-BR-52,New Bedford 4.3 N,41.72305,-70.944,2025-07-09,1.35,0.3515967,0.17015184
MA-BR-52,New Bedford 4.3 N,41.72305,-70.944,2025-07-10,0.49,0.018821664,0.2897504
MA-BR-52,New Bedford 4.3 N,41.72305,-70.944,2025-07-11,0.18,0.18762791,0.2641052
MA-BR-52,New Bedford 4.3 N,41.72305,-70.944,2025-07-12,0.02,0.0012967531,0.0016135494
MA-BR-52,New Bedford 4.3 N,41.72305,-70.944,2025-07-13,0.0,0.0024026362,0.0031072441
MA-BR-52,New Bedford 4.3 N,41.72305,-70.944,2025-07-14,0.0,3.9335548e-05,0.008807202
MA-BR-52,New Bedford 4.3 N,41.72305,-70.944,2025-07-15,0.03,0.003106716,0.006759642
MA-BR-52,New Bedford 4.3 N,41.72305,-70.944,2025-07-16,0.0,0.007608656,0.051527984
MA-BR-52,New Bedford 4.3 N,41.72305,-70.944,2025-07-17,0.0,0.0,0.0007471114
MA-BR-52,New Bedford 4.3 N,41.72305,-70.944,2025-07-18,0.0,0.00019694172,0.5159134
MA-BR-52,New Bedford 4.3 N,41.72305,-70.944,2025-07-19,0.0,0.0,0.0
MA-BR-52,New Bedford 4.3 N,41.72305,-70.944,2025-07-20,0.0,0.00047149856,0.0
MA-BR-52,New Bedford 4.3 N,41.72305,-70.944,2025-07-21,0.0,0.01058311,0.17072524
MA-BR-52,New Bedford 4.3 N,41.72305,-70.944,2025-07-22,0.0,0.0,0.0
MA-BR-52,New Bedford 4.3 N,41.72305,-70.944,2025-07-24,0.0,0.0,0.0
MA-BR-52,New Bedford 4.3 N,41.72305,-70.944,2025-07-25,0.0,0.0,0.0
MA-BR-52,New Bedford 4.3 N,41.72305,-70.944,2025-07-26,0.65,0.27118322,0.035605006
MA-BR-52,New Bedford 4.3 N,41.72305,-70.944,2025-07-27,0.0,0.0,0.0
MA-BR-52,New Bedford 4.3 N,41.72305,-70.944,2025-07-28,0.05,7.8671095e-05,0.45644334
MA-BR-52,New Bedford 4.3 N,41.72305,-70.944,2025-07-29,0.0,0.0,0.0
MA-BR-52,New Bedford 4.3 N,41.72305,-70.944,2025-07-30,0.0,0.0,0.0
MA-BR-52,New Bedford 4.3 N,41.72305,-70.944,2025-07-31,0.0,0.0,0.086551405
MA-BR-52,New Bedford 4.3 N,41.72305,-70.944,2025-08-01,0.45,0.32906112,0.8743801
MA-BR-52,New Bedford 4.3 N,41.72305,-70.944,2025-08-02,0.0,0.03138607,0.019021772
MA-BR-52,New Bedford 4.3 N,41.72305,-70.944,2025-08-03,0.0,0.0,0.0
MA-BR-52,New Bedford 4.3 N,41.72305,-70.944,2025-08-04,0.0,0.0,0.0
MA-BR-52,New Bedford 4.3 N,41.72305,-70.944,2025-08-05,0.0,0.0,0.0
MA-BR-52,New Bedford 4.3 N,41.72305,-70.944,2025-08-06,0.0,0.0,0.0
MA-BR-52,New Bedford 4.3 N,41.72305,-70.944,2025-08-07,0.0,0.0,0.0
MA-BR-52,New Bedford 4.3 N,41.72305,-70.944,2025-08-08,0.0,0.0,0.0
MA-BR-52,New Bedford 4.3 N,41.72305,-70.944,2025-08-09,0.0,0.0,0.0
MA-BR-52,New Bedford 4.3 N,41.72305,-70.944,2025-08-10,0.0,0.0,3.9335548e-05
MA-BR-52,New Bedford 4.3 N,41.72305,-70.944,2025-08-11,0.0,0.0,0.0
MA-BR-52,New Bedford 4.3 N,41.72305,-70.944,2025-08-12,0.0,0.0,0.0
MA-BR-52,New Bedford 4.3 N,41.72305,-70.944,2025-08-13,0.0,0.0,7.8671095e-05
MA-BR-52,New Bedford 4.3 N,41.72305,-70.944,2025-08-14,0.0,0.004454157,0.0027152086
MA-BR-52,New Bedford 4.3 N,41.72305,-70.944,2025-08-15,0.35,0.00019694172,0.67865384
MA-BR-52,New Bedford 4.3 N,41.72305,-70.944,2025-08-16,0.0,0.0,0.00039282747
MA-BR-52,New Bedford 4.3 N,41.72305,-70.944,2025-08-17,0.0,3.9335548e-05,0.0015340863
MA-BR-52,New Bedford 4.3 N,41.72305,-70.944,2025-08-18,0.0,0.01167553,0.07322642
MA-BR-52,New Bedford 4.3 N,41.72305,-70.944,2025-08-19,0.0,0.00023654127,0.00039282747
MA-BR-52,New Bedford 4.3 N,41.72305,-70.944,2025-08-20,0.0,0.0,0.0
MA-BR-52,New Bedford 4.3 N,41.72305,-70.944,2025-08-21,0.79,0.9637718,2.9988682
MA-BR-52,New Bedford 4.3 N,41.72305,-70.944,2025-08-22,0.0,0.32213542,0.14819732
MA-BR-52,New Bedford 4.3 N,41.72305,-70.944,2025-08-23,0.0,0.0,0.0
MA-BR-52,New Bedford 4.3 N,41.72305,-70.944,2025-08-24,0.0,0.0,0.0
MA-BR-52,New Bedford 4.3 N,41.72305,-70.944,2025-08-25,0.0,0.00295043,0.0
MA-BR-52,New Bedford 4.3 N,41.72305,-70.944,2025-08-26,0.0,0.0005501697,0.0
MA-BR-52,New Bedford 4.3 N,41.72305,-70.944,2025-08-27,0.0,0.0,0.0
MA-BR-52,New Bedford 4.3 N,41.72305,-70.944,2025-08-28,0.0,0.0,0.0
MA-BR-52,New Bedford 4.3 N,41.72305,-70.944,2025-08-29,0.0,0.0,0.0
MA-BR-52,New Bedford 4.3 N,41.72305,-70.944,2025-08-30,0.45,0.108209185,0.0493801
MA-BR-52,New Bedford 4.3 N,41.72305,-70.944,2025-08-31,0.0,0.0,0.0
MA-BR-52,New Bedford 4.3 N,41.72305,-70.944,2025-09-01,0.0,0.0,0.0
MA-BR-52,New Bedford 4.3 N,41.72305,-70.944,2025-09-02,0.0,0.0,0.0
MA-BR-52,New Bedford 4.3 N,41.72305,-70.944,2025-09-03,0.0,0.0,0.0
MA-BR-52,New Bedford 4.3 N,41.72305,-70.944,2025-09-04,0.0,0.0,0.0
MA-BR-52,New Bedford 4.3 N,41.72305,-70.944,2025-09-05,0.04,0.00078565493,0.012198771
MA-BR-52,New Bedford 4.3 N,41.72305,-70.944,2025-09-06,0.0,0.0023654127,0.0
MA-BR-52,New Bedford 4.3 N,41.72305,-70.944,2025-09-07,0.18,0.000432163,0.007607072
MA-BR-52,New Bedford 4.3 N,41.72305,-70.944,2025-09-08,0.54,0.4589941,0.33606178
MA-BR-52,New Bedford 4.3 N,41.72305,-70.944,2025-09-09,0.0,0.0,0.0
MA-BR-52,New Bedford 4.3 N,41.72305,-70.944,2025-09-10,0.0,0.058543965,0.25731465
MA-BR-52,New Bedford 4.3 N,41.72305,-70.944,2025-09-11,0.0,0.019107306,0.08052884
MA-BR-52,New Bedford 4.3 N,41.72305,-70.944,2025-09-12,0.0,0.0,0.0
MA-BR-52,New Bedford 4.3 N,41.72305,-70.944,2025-09-13,0.0,0.0,0.0
MA-BR-52,New Bedford 4.3 N,41.72305,-70.944,2025-09-14,0.0,0.00039282747,0.004325326
MA-BR-52,New Bedford 4.3 N,41.72305,-70.944,2025-09-15,0.03,0.0,0.00011800664
MA-BR-52,New Bedford 4.3 N,41.72305,-70.944,2025-09-16,0.0,0.0,0.0
MA-BR-52,New Bedford 4.3 N,41.72305,-70.944,2025-09-17,0.0,0.00078565493,0.0
MA-BR-52,New Bedford 4.3 N,41.72305,-70.944,2025-09-18,0.6,0.09417299,0.24752355
MA-BR-52,New Bedford 4.3 N,41.72305,-70.944,2025-09-19,0.0,0.0,0.0019683612
MA-BR-52,New Bedford 4.3 N,41.72305,-70.944,2025-09-20,0.0,0.0,0.0
MA-BR-52,New Bedford 4.3 N,41.72305,-70.944,2025-09-21,0.0,0.0,0.0
MA-BR-52,New Bedford 4.3 N,41.72305,-70.944,2025-09-22,0.0,0.0,0.0
MA-BR-52,New Bedford 4.3 N,41.72305,-70.944,2025-09-23,0.0,0.0,0.0
MA-BR-52,New Bedford 4.3 N,41.72305,-70.944,2025-09-24,1.23,0.0028369112,0.0
MA-BR-52,New Bedford 4.3 N,41.72305,-70.944,2025-09-25,1.45,0.3010009,0.30438614
MA-BR-52,New Bedford 4.3 N,41.72305,-70.944,2025-09-26,1.05,0.16404268,3.8045783
MA-BR-52,New Bedford 4.3 N,41.72305,-70.944,2025-09-27,0.0,0.0,0.0
MA-BR-52,New Bedford 4.3 N,41.72305,-70.944,2025-09-28,0.05,0.014500825,0.007442602
MA-BR-52,New Bedford 4.3 N,41.72305,-70.944,2025-09-29,0.0,0.00078565493,0.00039282747
MA-BR-52,New Bedford 4.3 N,41.72305,-70.944,2025-09-30,0.0,0.0,0.0
MA-BR-52,New Bedford 4.3 N,41.72305,-70.944,2025-10-01,0.0,0.0,0.0
MA-BR-52,New Bedford 4.3 N,41.72305,-70.944,2025-10-02,0.0,0.0,0.00078565493
MA-BR-52,New Bedford 4.3 N,41.72305,-70.944,2025-10-03,0.0,0.0,0.0
MA-BR-52,New Bedford 4.3 N,41.72305,-70.944,2025-10-04,0.0,0.0,0.0
MA-BR-52,New Bedford 4.3 N,41.72305,-70.944,2025-10-05,0.0,0.0,0.0
MA-BR-52,New Bedford 4.3 N,41.72305,-70.944,2025-10-06,0.0,0.0,0.0
MA-BR-52,New Bedford 4.3 N,41.72305,-70.944,2025-10-07,0.0,0.0,0.0
MA-BR-52,New Bedford 4.3 N,41.72305,-70.944,2025-10-08,0.03,0.0031426197,0.0011827063
MA-BR-52,New Bedford 4.3 N,41.72305,-70.944,2025-10-09,0.72,0.31215844,1.397252
MA-BR-52,New Bedford 4.3 N,41.72305,-70.944,2025-10-10,0.0,0.0,0.0
MA-BR-52,New Bedford 4.3 N,41.72305,-70.944,2025-10-11,0.0,0.010614789,0.00015760618
MA-BR-52,New Bedford 4.3 N,41.72305,-70.944,2025-10-12,0.0,0.0,0.0061059855
MA-BR-52,New Bedford 4.3 N,41.72305,-70.944,2025-10-13,1.65,1.5207407,0.81498605
MA-BR-52,New Bedford 4.3 N,41.72305,-70.944,2025-10-14,1.95,2.1204574,3.5881958
MA-BR-52,New Bedford 4.3 N,41.72305,-70.944,2025-10-15,0.09,0.18523347,0.036399107
MA-BR-52,New Bedford 4.3 N,41.72305,-70.944,2025-10-16,0.0,0.0,0.0
MA-BR-52,New Bedford 4.3 N,41.72305,-70.944,2025-10-17,0.0,0.0,0.00070803985
MA-BR-52,New Bedford 4.3 N,41.72305,-70.944,2025-10-18,0.0,0.0,0.00035322792
MA-BR-52,New Bedford 4.3 N,41.72305,-70.944,2025-10-19,0.0,0.0,0.0
MA-BR-52,New Bedford 4.3 N,41.72305,-70.944,2025-10-20,0.0,0.0,7.8671095e-05
MA-BR-52,New Bedford 4.3 N,41.72305,-70.944,2025-10-21,0.85,0.87654805,0.6393119
MA-BR-52,New Bedford 4.3 N,41.72305,-70.944,2025-10-22,0.0,3.9335548e-05,0.004325326
MA-BR-52,New Bedford 4.3 N,41.72305,-70.944,2025-10-23,0.0,0.034556407,0.005630527
MA-BR-52,New Bedford 4.3 N,41.72305,-70.944,2025-10-24,0.0,0.0,0.0
MA-BR-52,New Bedford 4.3 N,41.72305,-70.944,2025-10-25,0.0,0.0,0.0
MA-BR-52,New Bedford 4.3 N,41.72305,-70.944,2025-10-26,0.0,0.0,0.0
MA-BR-52,New Bedford 4.3 N,41.72305,-70.944,2025-10-27,0.0,0.0,0.0
MA-BR-52,New Bedford 4.3 N,41.72305,-70.944,2025-10-28,0.0,0.001728652,0.0031426197
MA-BR-52,New Bedford 4.3 N,41.72305,-70.944,2025-10-29,0.0,0.002949638,0.057145838
MA-BR-52,New Bedford 4.3 N,41.72305,-70.944,2025-10-30,0.07,0.019234026,0.07858239
MA-BR-52,New Bedford 4.3 N,41.72305,-70.944,2025-10-31,0.95,1.5782118,2.042662
MA-BR-52,New Bedford 4.3 N,41.72305,-70.944,2025-11-01,0.0,0.0,0.000433483
MA-BR-52,New Bedford 4.3 N,41.72305,-70.944,2025-11-02,0.0,0.0,0.0
MA-BR-52,New Bedford 4.3 N,41.72305,-70.944,2025-11-03,0.0,0.0,0.0
MA-BR-52,New Bedford 4.3 N,41.72305,-70.944,2025-11-04,0.15,0.13884392,0.57868135
MA-BR-52,New Bedford 4.3 N,41.72305,-70.944,2025-11-05,0.0,0.0,0.0
MA-BR-52,New Bedford 4.3 N,41.72305,-70.944,2025-11-06,0.05,0.0,0.00094616506
MA-BR-52,New Bedford 4.3 N,41.72305,-70.944,2025-11-07,0.0,0.0,0.0
MA-BR-52,New Bedford 4.3 N,41.72305,-70.944,2025-11-08,0.02,0.0014585832,0.48230052
MA-BR-52,New Bedford 4.3 N,41.72305,-70.944,2025-11-09,0.04,0.020826722,0.1019873
MA-BR-52,New Bedford 4.3 N,41.72305,-70.944,2025-11-10,0.55,0.25371665,0.15743273
MA-BR-52,New Bedford 4.3 N,41.72305,-70.944,2025-11-11,0.02,0.65076095,0.3138227
MA-BR-52,New Bedford 4.3 N,41.72305,-70.944,2025-11-12,0.02,0.00039282747,0.00090392557
MA-BR-52,New Bedford 4.3 N,41.72305,-70.944,2025-11-13,0.0,3.9335548e-05,0.010745732
MA-BR-52,New Bedford 4.3 N,41.72305,-70.944,2025-11-14,0.0,0.02765685,0.00078565493
MA-BR-52,New Bedford 4.3 N,41.72305,-70.944,2025-11-15,0.0,0.0,0.00039282747
MA-BR-52,New Bedford 4.3 N,41.72305,-70.944,2025-11-16,0.82,0.40287468,0.60386586
MA-BR-52,New Bedford 4.3 N,41.72305,-70.944,2025-11-17,0.0,0.0014530392,0.0
MA-BR-52,New Bedford 4.3 N,41.72305,-70.944,2025-11-18,0.0,0.0,0.0
MA-BR-52,New Bedford 4.3 N,41.72305,-70.944,2025-11-19,0.0,0.0,3.9335548e-05
MA-BR-52,New Bedford 4.3 N,41.72305,-70.944,2025-11-20,0.0,3.9335548e-05,0.069348834
MA-BR-52,New Bedford 4.3 N,41.72305,-70.944,2025-11-21,0.0,0.0,0.0
MA-BR-52,New Bedford 4.3 N,41.72305,-70.944,2025-11-22,0.12,0.0,0.0
MA-BR-52,New Bedford 4.3 N,41.72305,-70.944,2025-11-23,0.3,0.22802578,0.0025143072
MA-BR-52,New Bedford 4.3 N,41.72305,-70.944,2025-11-24,0.03,0.062704556,0.043385524
MA-BR-52,New Bedford 4.3 N,41.72305,-70.944,2025-11-25,0.0,0.0,0.0
MA-BR-52,New Bedford 4.3 N,41.72305,-70.944,2025-11-26,0.25,0.44965228,0.4980799
MA-BR-52,New Bedford 4.3 N,41.72305,-70.944,2025-11-27,0.02,0.03278895,0.3372656
MA-BR-52,New Bedford 4.3 N,41.72305,-70.944,2025-11-28,0.0,0.0,0.0
MA-BR-52,New Bedford 4.3 N,41.72305,-70.944,2025-11-29,0.0,0.0003548119,0.004409805
MA-BR-52,New Bedford 4.3 N,41.72305,-70.944,2025-11-30,0.0,0.0,0.0
MA-BR-52,New Bedford 4.3 N,41.72305,-70.944,2025-12-01,0.78,0.48383883,0.352531
MA-BR-52,New Bedford 4.3 N,41.72305,-70.944,2025-12-02,0.02,0.0,0.0
MA-BR-52,New Bedford 4.3 N,41.72305,-70.944,2025-12-03,0.76,1.1978672,0.96944433
MA-BR-52,New Bedford 4.3 N,41.72305,-70.944,2025-12-04,0.02,0.00011827063,0.00078565493
MA-BR-52,New Bedford 4.3 N,41.72305,-70.944,2025-12-05,0.0,0.0,0.0006673843
MA-BR-52,New Bedford 4.3 N,41.72305,-70.944,2025-12-06,0.0,7.8671095e-05,0.0036600537
MA-BR-52,New Bedford 4.3 N,41.72305,-70.944,2025-12-07,0.04,0.0021267594,0.10125366
MA-BR-52,New Bedford 4.3 N,41.72305,-70.944,2025-12-08,0.0,0.0,0.0
MA-BR-52,New Bedford 4.3 N,41.72305,-70.944,2025-12-09,0.0,0.0,0.0
MA-BR-52,New Bedford 4.3 N,41.72305,-70.944,2025-12-10,0.02,0.013437709,0.0021288714
MA-BR-52,New Bedford 4.3 N,41.72305,-70.944,2025-12-11,0.0,0.018364156,0.11713281
MA-BR-52,New Bedford 4.3 N,41.72305,-70.944,2025-12-12,0.0,0.0,0.00011827063
MA-BR-52,New Bedford 4.3 N,41.72305,-70.944,2025-12-13,0.0,0.0,0.0
MA-BR-52,New Bedford 4.3 N,41.72305,-70.944,2025-12-14,,0.13319808,0.09919527
MA-BR-52,New Bedford 4.3 N,41.72305,-70.944,2025-12-15,,0.19266498,0.24299388
MA-BR-52,New Bedford 4.3 N,41.72305,-70.944,2025-12-16,0.0,0.0,0.0
MA-BR-52,New Bedford 4.3 N,41.72305,-70.944,2025-12-17,0.0,0.0,0.0
MA-BR-52,New Bedford 4.3 N,41.72305,-70.944,2025-12-18,0.0,0.0,0.0
MA-BR-52,New Bedford 4.3 N,41.72305,-70.944,2025-12-19,0.05,0.0034256245,0.018298157
MA-BR-52,New Bedford 4.3 N,41.72305,-70.944,2025-12-20,0.61,0.4246803,0.4344297
MA-BR-52,New Bedford 4.3 N,41.72305,-70.944,2025-12-21,0.0,0.0,0.0
MA-BR-52,New Bedford 4.3 N,41.72305,-70.944,2025-12-22,0.0,0.0,0.0005512256
MA-BR-52,New Bedford 4.3 N,41.72305,-70.944,2025-12-23,0.0,0.0,0.014372522
MA-BR-52,New Bedford 4.3 N,41.72305,-70.944,2025-12-24,0.15,0.11131379,0.21952718
MA-BR-52,New Bedford 4.3 N,41.72305,-70.944,2025-12-25,0.0,0.0012199299,0.16025063
MA-BR-52,New Bedford 4.3 N,41.72305,-70.944,2025-12-26,0.0,0.0,0.0
MA-BR-52,New Bedford 4.3 N,41.72305,-70.944,2025-12-27,0.3,0.21962857,0.08358777
MA-BR-52,New Bedford 4.3 N,41.72305,-70.944,2025-12-28,0.0,0.01583533,0.048990708
MA-BR-52,New Bedford 4.3 N,41.72305,-70.944,2025-12-29,0.28,0.29057407,0.6913763
MA-BR-52,New Bedford 4.3 N,41.72305,-70.944,2025-12-30,0.32,0.3195187,0.6840209
MA-BR-52,New Bedford 4.3 N,41.72305,-70.944,2025-12-31,0.0,3.9335548e-05,0.00027534884
MA-BR-52,New Bedford 4.3 N,41.72305,-70.944,2026-01-01,0.15,0.16372035,0.15917511
MA-BR-52,New Bedford 4.3 N,41.72305,-70.944,2026-01-02,0.0,0.10111004,0.08641359
MA-BR-52,New Bedford 4.3 N,41.72305,-70.944,2026-01-03,0.0,0.0,0.0
MA-BR-52,New Bedford 4.3 N,41.72305,-70.944,2026-01-04,0.0,0.0,0.033583052
MA-BR-52,New Bedford 4.3 N,41.72305,-70.944,2026-01-05,0.0,0.031423293,0.010221962
MA-BR-52,New Bedford 4.3 N,41.72305,-70.944,2026-01-06,0.0,0.010806187,0.16195737
MA-BR-52,New Bedford 4.3 N,41.72305,-70.944,2026-01-07,0.21,0.049383536,0.044149794
MA-BR-52,New Bedford 4.3 N,41.72305,-70.944,2026-01-08,0.05,0.028636279,0.04708069
MA-BR-52,New Bedford 4.3 N,41.72305,-70.944,2026-01-09,0.01,0.0,0.0
MA-BR-52,New Bedford 4.3 N,41.72305,-70.944,2026-01-10,0.06,0.0064837653,0.050946396
MA-BR-52,New Bedford 4.3 N,41.72305,-70.944,2026-01-11,0.65,1.0545961,0.30054814
MA-BR-52,New Bedford 4.3 N,41.72305,-70.944,2026-01-12,0.04,0.013612211,0.2593857
MA-BR-52,New Bedford 4.3 N,41.72305,-70.944,2026-01-13,0.0,0.0,0.0
MA-BR-52,New Bedford 4.3 N,41.72305,-70.944,2026-01-14,0.0,0.0,0.007968484
MA-BR-52,New Bedford 4.3 N,41.72305,-70.944,2026-01-15,0.0,0.009170199,0.099507846
MA-BR-52,New Bedford 4.3 N,41.72305,-70.944,2026-01-16,0.0,0.00070751185,0.014612759
MA-BR-52,New Bedford 4.3 N,41.72305,-70.944,2026-01-17,0.0,0.0,0.02869462
MA-BR-52,New Bedford 4.3 N,41.72305,-70.944,2026-01-18,0.0,0.01486118,0.050787997
MA-BR-52,New Bedford 4.3 N,41.72305,-70.944,2026-01-19,0.78,0.5049818,0.8588729
MA-BR-52,New Bedford 4.3 N,41.72305,-70.944,2026-01-20,0.04,0.016013527,0.04487526
MA-BR-52,New Bedford 4.3 N,41.72305,-70.944,2026-01-21,0.0,0.0,0.0
MA-BR-52,New Bedford 4.3 N,41.72305,-70.944,2026-01-22,0.0,0.0027933517,0.00571923
MA-BR-52,New Bedford 4.3 N,41.72305,-70.944,2026-01-23,0.0,7.8671095e-05,0.0
MA-BR-52,New Bedford 4.3 N,41.72305,-70.944,2026-01-24,0.0,0.0,0.0
MA-BR-52,New Bedford 4.3 N,41.72305,-70.944,2026-01-25,0.0,0.0,0.0
MA-BR-52,New Bedford 4.3 N,41.72305,-70.944,2026-01-26,1.45,1.3838995,1.2993407
MA-BR-52,New Bedford 4.3 N,41.72305,-70.944,2026-01-27,0.14,0.19866088,0.21333489
MA-BR-52,New Bedford 4.3 N,41.72305,-70.944,2026-01-28,0.0,0.00260169,0.0025174748
MA-BR-52,New Bedford 4.3 N,41.72305,-70.944,2026-01-29,0.0,7.8671095e-05,0.0
MA-BR-52,New Bedford 4.3 N,41.72305,-70.944,2026-01-30,0.0,0.0,0.0
MA-BR-52,New Bedford 4.3 N,41.72305,-70.944,2026-01-31,0.0,0.0,0.0
MA-BR-52,New Bedford 4.3 N,41.72305,-70.944,2026-02-01,0.0,0.008068275,0.03481064
MA-BR-52,New Bedford 4.3 N,41.72305,-70.944,2026-02-02,0.0,0.02893829,0.028360665
MA-BR-52,New Bedford 4.3 N,41.72305,-70.944,2026-02-03,0.0,0.0,0.0
MA-BR-52,New Bedford 4.3 N,41.72305,-70.944,2026-02-04,0.0,0.0,0.0007088318
MA-BR-52,New Bedford 4.3 N,41.72305,-70.944,2026-02-05,0.0,0.0,7.8671095e-05
MA-BR-52,New Bedford 4.3 N,41.72305,-70.944,2026-02-06,0.0,0.0,3.9335548e-05
MA-BR-52,New Bedford 4.3 N,41.72305,-70.944,2026-02-07,0.17,0.04112254,0.011998662
MA-BR-52,New Bedford 4.3 N,41.72305,-70.944,2026-02-08,0.19,0.22645369,0.25678667
MA-BR-52,New Bedford 4.3 N,41.72305,-70.944,2026-02-09,0.0,0.0,0.0
MA-BR-52,New Bedford 4.3 N,41.72305,-70.944,2026-02-10,0.0,0.0,0.0
MA-BR-52,New Bedford 4.3 N,41.72305,-70.944,2026-02-11,0.36,0.25601077,0.15375103
MA-BR-52,New Bedford 4.3 N,41.72305,-70.944,2026-02-12,0.0,0.00015760618,0.0005895052
MA-BR-52,New Bedford 4.3 N,41.72305,-70.944,2026-02-13,0.0,0.0,0.0012220419
MA-BR-52,New Bedford 4.3 N,41.72305,-70.944,2026-02-14,0.0,0.0,3.9335548e-05
MA-BR-52,New Bedford 4.3 N,41.72305,-70.944,2026-02-15,0.0,0.0,0.0011811224
MA-BR-52,New Bedford 4.3 N,41.72305,-70.944,2026-02-16,0.0,0.0,0.0
MA-BR-52,New Bedford 4.3 N,41.72305,-70.944,2026-02-17,0.0,0.0,0.0
MA-BR-52,New Bedford 4.3 N,41.72305,-70.944,2026-02-18,0.0,3.9335548e-05,0.00866306
MA-BR-52,New Bedford 4.3 N,41.72305,-70.944,2026-02-19,0.18,0.2339137,0.54389286
MA-BR-52,New Bedford 4.3 N,41.72305,-70.944,2026-02-20,0.0,0.0,0.0
MA-BR-52,New Bedford 4.3 N,41.72305,-70.944,2026-02-21,0.42,0.43200883,0.5488307
MA-BR-52,New Bedford 4.3 N,41.72305,-70.944,2026-02-22,0.0,0.019777067,0.08837826
MA-BR-52,New Bedford 4.3 N,41.72305,-70.944,2026-02-24,,1.3019392,1.6212988
MA-BR-52,New Bedford 4.3 N,41.72305,-70.944,2026-02-25,0.0,0.0,0.0069969753
MA-BR-52,New Bedford 4.3 N,41.72305,-70.944,2026-02-26,0.07,0.056374174,0.2931644
MA-BR-52,New Bedford 4.3 N,41.72305,-70.944,2026-02-27,0.0,0.0,0.0
MA-BR-52,New Bedford 4.3 N,41.72305,-70.944,2026-02-28,0.0,0.0,0.0
MA-BR-52,New Bedford 4.3 N,41.72305,-70.944,2026-03-01,0.0,0.0,0.0
MA-BR-52,New Bedford 4.3 N,41.72305,-70.944,2026-03-02,0.0,0.03739042,0.068526216
MA-BR-52,New Bedford 4.3 N,41.72305,-70.944,2026-03-03,0.0,0.0,0.0
MA-BR-52,New Bedford 4.3 N,41.72305,-70.944,2026-03-04,0.62,0.6986584,0.34476444
MA-BR-52,New Bedford 4.3 N,41.72305,-70.944,2026-03-05,0.01,0.0,0.00015734219
MA-BR-52,New Bedford 4.3 N,41.72305,-70.944,2026-03-06,0.85,0.9031336,0.6640445
MA-BR-52,New Bedford 4.3 N,41.72305,-70.944,2026-03-07,0.07,0.043059222,0.1880049
MA-BR-52,New Bedford 4.3 N,41.72305,-70.944,2026-03-08,0.05,0.12800685,0.1414406
MA-BR-52,New Bedford 4.3 N,41.72305,-70.944,2026-03-09,0.02,0.016993219,0.040549934
MA-BR-52,New Bedford 4.3 N,41.72305,-70.944,2026-03-10,0.0,0.0,0.0
MA-BR-52,New Bedford 4.3 N,41.72305,-70.944,2026-03-11,0.0,0.0,0.038657602
MA-BR-52,New Bedford 4.3 N,41.72305,-70.944,2026-03-12,0.04,0.2377158,0.10909885
MA-BR-52,New Bedford 4.3 N,41.72305,-70.944,2026-03-13,0.05,0.28085053,0.13965914
MA-BR-52,New Bedford 4.3 N,41.72305,-70.944,2026-03-14,0.02,0.07623387,0.062320177
MA-BR-52,New Bedford 4.3 N,41.72305,-70.944,2026-03-15,0.0,0.0,0.0
MA-BR-52,New Bedford 4.3 N,41.72305,-70.944,2026-03-16,0.55,0.088933185,0.22741754
MA-BR-52,New Bedford 4.3 N,41.72305,-70.944,2026-03-17,1.18,2.2175221,1.9714363
MA-BR-52,New Bedford 4.3 N,41.72305,-70.944,2026-03-18,0.0,0.00362547,0.0005895052
MA-BR-52,New Bedford 4.3 N,41.72305,-70.944,2026-03-19,0.0,0.0,0.0011003393
MA-BR-52,New Bedford 4.3 N,41.72305,-70.944,2026-03-20,0.0,0.0011827063,0.0
MA-BR-52,New Bedford 4.3 N,41.72305,-70.944,2026-03-21,0.25,0.18984681,0.10615872
MA-BR-52,New Bedford 4.3 N,41.72305,-70.944,2026-03-22,0.0,0.0,0.00046410665
MA-BR-52,New Bedford 4.3 N,41.72305,-70.944,2026-03-23,1.55,0.9668753,0.8956452
MA-BR-52,New Bedford 4.3 N,41.72305,-70.944,2026-03-24,0.5,0.6225597,0.19074146
MA-BR-52,New Bedford 4.3 N,41.72305,-70.944,2026-03-25,0.0,0.00031521235,0.0
MA-BR-52,New Bedford 4.3 N,41.72305,-70.944,2026-03-26,0.02,0.0,0.0036938454
MA-BR-52,New Bedford 4.3 N,41.72305,-70.944,2026-03-27,0.13,0.23152216,0.37411246
MA-BR-52,New Bedford 4.3 N,41.72305,-70.944,2026-03-28,0.0,0.012393072,0.07431039
MA-BR-52,New Bedford 4.3 N,41.72305,-70.944,2026-03-29,0.0,0.005812157,0.043086413
MA-BR-52,New Bedford 4.3 N,41.72305,-70.944,2026-03-30,0.0,0.0,0.0
MA-BR-52,New Bedford 4.3 N,41.72305,-70.944,2026-03-31,0.06,0.0027202247,0.00027534884
MA-BR-52,New Bedford 4.3 N,41.72305,-70.944,2026-04-01,0.06,0.17930673,0.035285305
MA-BR-52,New Bedford 4.3 N,41.72305,-70.944,2026-04-02,0.75,0.6514339,0.08288792
MA-BR-52,New Bedford 4.3 N,41.72305,-70.944,2026-04-03,0.1,0.33116755,0.30607307
MA-BR-52,New Bedford 4.3 N,41.72305,-70.944,2026-04-04,0.01,0.036971983,0.008470078
MA-BR-52,New Bedford 4.3 N,41.72305,-70.944,2026-04-05,0.02,0.027722849,0.014365658
MA-BR-52,New Bedford 4.3 N,41.72305,-70.944,2026-04-06,0.15,0.25474465,0.27897272
MA-BR-52,New Bedford 4.3 N,41.72305,-70.944,2026-04-07,0.0,0.0045322995,0.09448979
MA-BR-52,New Bedford 4.3 N,41.72305,-70.944,2026-04-08,0.03,0.04824597,0.068596974
MA-BR-52,New Bedford 4.3 N,41.72305,-70.944,2026-04-09,0.0,0.0,0.0
MA-BR-52,New Bedford 4.3 N,41.72305,-70.944,2026-04-10,0.0,0.0,0.0
MA-BR-52,New Bedford 4.3 N,41.72305,-70.944,2026-04-11,0.0,0.00023574928,0.0011003393
MA-BR-52,New Bedford 4.3 N,41.72305,-70.944,2026-04-12,0.0,0.0,0.0
MA-BR-52,New Bedford 4.3 N,41.72305,-70.944,2026-04-13,0.03,0.019670941,0.0021251754
MA-BR-52,New Bedford 4.3 N,41.72305,-70.944,2026-04-14,0.0,0.010792724,0.08187654
MA-BR-52,New Bedford 4.3 N,41.72305,-70.944,2026-04-15,0.02,0.00011800665,0.0018096991
MA-BR-52,New Bedford 4.3 N,41.72305,-70.944,2026-04-16,0.17,0.26564693,0.15922871
MA-BR-52,New Bedford 4.3 N,41.72305,-70.944,2026-04-17,0.0,0.04278018,0.02647995
MA-BR-52,New Bedford 4.3 N,41.72305,-70.944,2026-04-18,0.03,0.027871741,0.1382845
MA-BR-52,New Bedford 4.3 N,41.72305,-70.944,2026-04-19,0.01,0.007204477,0.008065899
MA-BR-52,New Bedford 4.3 N,41.72305,-70.944,2026-04-20,0.18,0.13983206,0.38354877
MA-BR-52,New Bedford 4.3 N,41.72305,-70.944,2026-04-21,0.03,0.05558139,0.24621624
MA-BR-52,New Bedford 4.3 N,41.72305,-70.944,2026-04-22,0.0,0.0,0.0016103814
MA-BR-52,New Bedford 4.3 N,41.72305,-70.944,2026-04-23,0.01,0.0039361943,0.021568552
MA-BR-52,New Bedford 4.3 N,41.72305,-70.944,2026-04-24,0.0,0.0,0.0
MA-BR-52,New Bedford 4.3 N,41.72305,-70.944,2026-04-25,0.0,0.0,0.0
MA-BR-52,New Bedford 4.3 N,41.72305,-70.944,2026-04-26,0.02,0.0,0.0
MA-BR-52,New Bedford 4.3 N,41.72305,-70.944,2026-04-27,0.0,0.006838577,0.023239916
MA-BR-52,New Bedford 4.3 N,41.72305,-70.944,2026-04-28,0.0,0.0,0.0049927104
MA-BR-52,New Bedford 4.3 N,41.72305,-70.944,2026-04-29,0.0,0.0,0.006226104
MA-BR-52,New Bedford 4.3 N,41.72305,-70.944,2026-04-30,0.05,0.014235243,0.00035322792
MA-BR-52,New Bedford 4.3 N,41.72305,-70.944,2026-05-01,0.08,0.02397409,0.12518208
MA-BR-52,New Bedford 4.3 N,41.72305,-70.944,2026-05-02,0.0,0.0,0.0003548119
MA-BR-52,New Bedford 4.3 N,41.72305,-70.944,2026-05-03,0.11,0.23732112,0.86285186
MA-BR-52,New Bedford 4.3 N,41.72305,-70.944,2026-05-04,0.0,0.00039335547,0.072257556
MA-BR-52,New Bedford 4.3 N,41.72305,-70.944,2026-05-05,0.0,0.0,0.0
MA-BR-52,New Bedford 4.3 N,41.72305,-70.944,2026-05-06,0.0,0.0,0.0
MA-BR-52,New Bedford 4.3 N,41.72305,-70.944,2026-05-07,0.55,0.2892208,0.3648261
MA-BR-52,New Bedford 4.3 N,41.72305,-70.944,2026-05-08,0.02,0.09155837,0.005977419
MA-BR-52,New Bedford 4.3 N,41.72305,-70.944,2026-05-09,0.02,0.0033443135,0.018034687
MA-BR-52,New Bedford 4.3 N,41.72305,-70.944,2026-05-10,0.12,0.42501953,0.507574
MA-BR-52,New Bedford 4.3 N,41.72305,-70.944,2026-05-11,0.2,0.18472739,0.045977443
MA-BR-52,New Bedford 4.3 N,41.72305,-70.944,2026-05-12,0.0,0.00078565493,0.023524504
MA-BR-52,New Bedford 4.3 N,41.72305,-70.944,2026-05-13,0.0,0.0,0.0
MA-BR-52,New Bedford 4.3 N,41.72305,-70.944,2026-05-14,0.0,0.004325326,0.0
MA-BR-52,New Bedford 4.3 N,41.72305,-70.944,2026-05-15,0.11,1.4373254,0.54499054
MA-BR-52,New Bedford 4.3 N,41.72305,-70.944,2026-05-16,0.02,0.0010221963,0.0035819106
MA-BR-52,New Bedford 4.3 N,41.72305,-70.944,2026-05-17,0.02,0.07800476,0.018802127
MA-BR-52,New Bedford 4.3 N,41.72305,-70.944,2026-05-18,0.0,0.0,0.0019683614
MA-BR-52,New Bedford 4.3 N,41.72305,-70.944,2026-05-19,0.0,0.0,0.0
MA-BR-52,New Bedford 4.3 N,41.72305,-70.944,2026-05-20,0.0,0.00019641373,0.0
MA-BR-52,New Bedford 4.3 N,41.72305,-70.944,2026-05-21,0.02,0.030277284,0.23814215
MA-BR-52,New Bedford 4.3 N,41.72305,-70.944,2026-05-22,0.0,0.0046447623,0.002514307
MA-BR-52,New Bedford 4.3 N,41.72305,-70.944,2026-05-24,0.05,0.13553393,0.054083474
MA-BR-52,New Bedford 4.3 N,41.72305,-70.944,2026-05-25,0.45,0.8471641,0.41091022
MA-BR-52,New Bedford 4.3 N,41.72305,-70.944,2026-05-26,0.07,0.005990619,0.1249091
MA-BR-52,New Bedford 4.3 N,41.72305,-70.944,2026-05-27,0.0,0.0,0.0
MA-BR-52,New Bedford 4.3 N,41.72305,-70.944,2026-05-28,0.0,0.05500007,0.006589364
MA-BR-52,New Bedford 4.3 N,41.72305,-70.944,2026-05-29,0.14,0.01708166,0.1993536
MA-BR-52,New Bedford 4.3 N,41.72305,-70.944,2026-05-30,0.15,0.16133171,0.18070064
MA-BR-52,New Bedford 4.3 N,41.72305,-70.944,2026-05-31,0.23,0.24419507,0.3492962
MA-BR-52,New Bedford 4.3 N,41.72305,-70.944,2026-06-01,0.22,0.20124172,0.07644929
MA-BR-52,New Bedford 4.3 N,41.72305,-70.944,2026-06-02,0.0,0.0,0.0
MA-BR-52,New Bedford 4.3 N,41.72305,-70.944,2026-06-03,0.0,0.0,0.0011827063
MA-BR-52,New Bedford 4.3 N,41.72305,-70.944,2026-06-04,0.0,0.0,0.0
MA-BR-52,New Bedford 4.3 N,41.72305,-70.944,2026-06-05,0.0,0.0,0.0
MA-BR-52,New Bedford 4.3 N,41.72305,-70.944,2026-06-06,0.0,0.0,0.0
MA-BR-52,New Bedford 4.3 N,41.72305,-70.944,2026-06-07,0.02,0.0908036,0.11868168
MA-BR-52,New Bedford 4.3 N,41.72305,-70.944,2026-06-08,0.07,0.26198056,0.22579475
MA-BR-52,New Bedford 4.3 N,41.72305,-70.944,2026-06-09,0.0,0.0,0.0
MA-BR-52,New Bedford 4.3 N,41.72305,-70.944,2026-06-10,0.0,0.0,0.0
MA-BR-52,New Bedford 4.3 N,41.72305,-70.944,2026-06-11,0.15,0.0067282263,0.012380402
MA-BR-52,New Bedford 4.3 N,41.72305,-70.944,2026-06-12,0.02,0.077368535,0.003649494
MA-BR-52,New Bedford 4.3 N,41.72305,-70.944,2026-06-13,0.0,0.012029814,0.0006673843
MA-BR-52,New Bedford 4.3 N,41.72305,-70.944,2026-06-14,0.0,0.0,0.0
MA-BR-52,New Bedford 4.3 N,41.72305,-70.944,2026-06-15,0.12,0.44430315,0.627672
MA-BR-52,New Bedford 4.3 N,41.72305,-70.944,2026-06-16,0.0,0.021221131,0.00986715
MA-BR-52,New Bedford 4.3 N,41.72305,-70.944,2026-06-17,0.0,0.0,0.0
MA-BR-52,New Bedford 4.3 N,41.72305,-70.944,2026-06-18,0.0,0.0,7.8671095e-05
MA-BR-52,New Bedford 4.3 N,41.72305,-70.944,2026-06-19,0.0,0.002432996,0.018606506
MA-BR-52,New Bedford 4.3 N,41.72305,-70.944,2026-06-20,0.0,0.0,0.00019641373
MA-BR-52,New Bedford 4.3 N,41.72305,-70.944,2026-06-21,0.0,0.0015713099,0.00031389238
MA-BR-52,New Bedford 4.3 N,41.72305,-70.944,2026-06-22,0.0,0.0,0.0
MA-BR-52,New Bedford 4.3 N,41.72305,-70.944,2026-06-23,3.25,0.93230206,0.4221683
MA-BR-52,New Bedford 4.3 N,41.72305,-70.944,2026-06-24,0.15,0.8475171,0.978015
MA-BR-52,New Bedford 4.3 N,41.72305,-70.944,2026-06-25,0.0,0.0,0.0
MA-BR-52,New Bedford 4.3 N,41.72305,-70.944,2026-06-26,0.02,0.0,0.0
MA-BR-52,New Bedford 4.3 N,41.72305,-70.944,2026-06-27,0.03,0.04646267,0.0014176636
MA-BR-52,New Bedford 4.3 N,41.72305,-70.944,2026-06-28,0.0,0.0266365,0.13273767
MA-BR-52,New Bedford 4.3 N,41.72305,-70.944,2026-06-29,0.03,0.30005684,0.0009419411
MA-BR-52,New Bedford 4.3 N,41.72305,-70.944,2026-06-30,0.0,0.0,0.0
MA-BR-52,New Bedford 4.3 N,41.72305,-70.944,2026-07-01,0.0,0.0,0.003376257
MA-BR-52,New Bedford 4.3 N,41.72305,-70.944,2026-07-02,0.02,0.00054911367,0.24022456
MA-BR-52,New Bedford 4.3 N,41.72305,-70.944,2026-07-03,0.0,0.0,0.15081196
MA-BR-52,New Bedford 4.3 N,41.72305,-70.944,2026-07-04,0.0,0.0,0.043827716
MA-BR-52,New Bedford 4.3 N,41.72305,-70.944,2026-07-05,0.21,0.21049638,0.0030687004
MA-BR-52,New Bedford 4.3 N,41.72305,-70.944,2026-07-06,0.36,0.0061358176,0.1171761
MA-BR-52,New Bedford 4.3 N,41.72305,-70.944,2026-07-07,0.55,2.098003,1.2163459
MA-BR-52,New Bedford 4.3 N,41.72305,-70.944,2026-07-08,1.59,1.1262374,3.043019
MA-BR-52,New Bedford 4.3 N,41.72305,-70.944,2026-07-09,0.0,0.0,0.0009841807
MA-BR-52,New Bedford 4.3 N,41.72305,-70.944,2026-07-10,0.0,0.0,0.067892894
MA-BR-52,New Bedford 4.3 N,41.72305,-70.944,2026-07-11,0.33,0.00031521235,0.035452943
MA-BR-52,New Bedford 4.3 N,41.72305,-70.944,2026-07-12,0.0,0.0,0.0
MA-BR-52,New Bedford 4.3 N,41.72305,-70.944,2026-07-13,0.0,0.0,0.0
MA-BR-52,New Bedford 4.3 N,41.72305,-70.944,2026-07-14,0.0,0.0,0.023342874
MA-BR-52,New Bedford 4.3 N,41.72305,-70.944,2026-07-15,0.0,0.0,0.0
MA-BR-52,New Bedford 4.3 N,41.72305,-70.944,2026-07-16,0.0,0.0,0.0
MA-BR-52,New Bedford 4.3 N,41.72305,-70.944,2026-07-17,0.0,0.0,0.0
MA-BR-52,New Bedford 4.3 N,41.72305,-70.944,2026-07-18,0.0,0.0,0.0
MA-BR-52,New Bedford 4.3 N,41.72305,-70.944,2026-07-19,0.65,0.8315714,0.32199734
MA-BR-52,New Bedford 4.3 N,41.72305,-70.944,2026-07-20,0.0,0.0,0.0
MA-BR-52,New Bedford 4.3 N,41.72305,-70.944,2026-07-21,0.0,0.0,0.0
MA-BR-52,New Bedford 4.3 N,41.72305,-70.944,2026-07-22,1.12,0.6271385,0.3677034
MA-BR-52,New Bedford 4.3 N,41.72305,-70.944,2026-07-23,0.0,0.09432083,0.9919443
MA-BR-52,New Bedford 4.3 N,41.72305,-70.944,2026-07-24,0.0,0.0,0.004409805
MA-BR-52,New Bedford 4.3 N,41.72305,-70.944,2026-07-25,0.0,0.0,0.0
MA-BR-52,New Bedford 4.3 N,41.72305,-70.944,2026-07-26,0.0,0.0,0.0
MA-BR-52,New Bedford 4.3 N,41.72305,-70.944,2026-07-27,0.0,0.0,0.0
MA-BR-52,New Bedford 4.3 N,41.72305,-70.944,2026-07-28,0.0,0.0,0.0
MA-BR-52,New Bedford 4.3 N,41.72305,-70.944,2026-07-29,0.0,0.0,0.0
MA-BR-52,New Bedford 4.3 N,41.72305,-70.944,2026-07-30,0.58,1.280702,0.41433293
MA-BR-52,New Bedford 4.3 N,41.72305,-70.944,2026-07-31,0.07,0.013021914,0.4804697
MA-BR-52,New Bedford 4.3 N,41.72305,-70.944,2026-08-01,0.03,0.26235807,0.0015713099
MA-BR-52,New Bedford 4.3 N,41.72305,-70.944,2026-08-02,0.0,0.0,0.0
MA-BR-52,New Bedford 4.3 N,41.72305,-70.944,2026-08-03,0.1,0.00413076,0.20858294
MA-BR-79,Fairhaven 1.9 ENE,41.64602,-70.86737,2025-01-07,0.0,0.0,0.0
MA-BR-79,Fairhaven 1.9 ENE,41.64602,-70.86737,2025-01-08,0.0,3.9434544e-06,0.0
MA-BR-79,Fairhaven 1.9 ENE,41.64602,-70.86737,2025-01-17,0.0,0.021972995,0.05649535
MA-BR-79,Fairhaven 1.9 ENE,41.64602,-70.86737,2025-02-09,0.43,0.6637897,0.6714055
MA-BR-79,Fairhaven 1.9 ENE,41.64602,-70.86737,2025-04-22,0.0,0.16968983,0.11784797
MA-BR-79,Fairhaven 1.9 ENE,41.64602,-70.86737,2025-05-14,0.0,0.00011800664,0.0011784824
MA-BR-79,Fairhaven 1.9 ENE,41.64602,-70.86737,2025-06-09,0.0,0.00039414744,3.9335548e-05
MA-BR-79,Fairhaven 1.9 ENE,41.64602,-70.86737,2025-06-10,0.08,0.029848816,0.045590162
MA-BR-79,Fairhaven 1.9 ENE,41.64602,-70.86737,2025-06-11,0.49,0.043308172,0.21637428
MA-BR-79,Fairhaven 1.9 ENE,41.64602,-70.86737,2025-06-12,0.0,0.0,0.0
MA-BR-79,Fairhaven 1.9 ENE,41.64602,-70.86737,2025-06-13,0.0,0.00062936876,0.00047308253
MA-BR-79,Fairhaven 1.9 ENE,41.64602,-70.86737,2025-06-14,0.0,0.042125467,0.09189629
MA-BR-79,Fairhaven 1.9 ENE,41.64602,-70.86737,2025-06-15,0.07,0.22981252,0.07357094
MA-BR-79,Fairhaven 1.9 ENE,41.64602,-70.86737,2025-06-16,0.0,0.0005501696,0.00019667773
MA-BR-79,Fairhaven 1.9 ENE,41.64602,-70.86737,2025-06-17,0.0,0.05551803,0.021795854
MA-BR-79,Fairhaven 1.9 ENE,41.64602,-70.86737,2025-06-18,0.02,0.020936014,0.011973318
MA-BR-79,Fairhaven 1.9 ENE,41.64602,-70.86737,2025-06-19,0.0,0.0042925905,0.69204503
MA-BR-79,Fairhaven 1.9 ENE,41.64602,-70.86737,2025-06-20,0.0,0.0,0.0010644357
MA-BR-79,Fairhaven 1.9 ENE,41.64602,-70.86737,2025-06-21,0.0,0.0,0.0
MA-BR-79,Fairhaven 1.9 ENE,41.64602,-70.86737,2025-06-22,0.0,0.0,0.029195951
MA-BR-79,Fairhaven 1.9 ENE,41.64602,-70.86737,2025-06-23,0.02,0.011531387,0.010289546
MA-BR-79,Fairhaven 1.9 ENE,41.64602,-70.86737,2025-06-24,0.0,0.0,0.0
MA-BR-79,Fairhaven 1.9 ENE,41.64602,-70.86737,2025-06-25,0.0,0.0,0.0
MA-BR-79,Fairhaven 1.9 ENE,41.64602,-70.86737,2025-06-26,0.16,0.0,0.018243246
MA-BR-79,Fairhaven 1.9 ENE,41.64602,-70.86737,2025-06-27,0.03,0.01011874,0.6860396
MA-BR-79,Fairhaven 1.9 ENE,41.64602,-70.86737,2025-06-28,0.0,0.0076918155,0.059299257
MA-BR-79,Fairhaven 1.9 ENE,41.64602,-70.86737,2025-06-29,0.0,0.0075540086,0.11161052
MA-BR-79,Fairhaven 1.9 ENE,41.64602,-70.86737,2025-06-30,0.0,0.0,0.0
MA-BR-79,Fairhaven 1.9 ENE,41.64602,-70.86737,2025-07-01,0.02,0.0017708916,0.00019641373
MA-BR-79,Fairhaven 1.9 ENE,41.64602,-70.86737,2025-07-02,0.06,0.016122822,1.4190702
MA-BR-79,Fairhaven 1.9 ENE,41.64602,-70.86737,2025-07-03,0.0,0.009630608,0.011030585
MA-BR-79,Fairhaven 1.9 ENE,41.64602,-70.86737,2025-07-04,0.28,0.04234089,0.55364174
MA-BR-79,Fairhaven 1.9 ENE,41.64602,-70.86737,2025-07-05,0.0,0.0,0.0
MA-BR-79,Fairhaven 1.9 ENE,41.64602,-70.86737,2025-07-06,0.0,0.0,0.0
MA-BR-79,Fairhaven 1.9 ENE,41.64602,-70.86737,2025-07-07,0.0,0.0,0.0
MA-BR-79,Fairhaven 1.9 ENE,41.64602,-70.86737,2025-07-08,0.23,0.0919108,0.06022589
MA-BR-79,Fairhaven 1.9 ENE,41.64602,-70.86737,2025-07-09,0.84,1.0337007,1.1567317
MA-BR-79,Fairhaven 1.9 ENE,41.64602,-70.86737,2025-07-10,0.18,0.12484205,1.0113195
MA-BR-79,Fairhaven 1.9 ENE,41.64602,-70.86737,2025-07-11,0.39,0.92653215,0.62996435
MA-BR-79,Fairhaven 1.9 ENE,41.64602,-70.86737,2025-07-12,0.0,0.0011003393,0.0005501697
MA-BR-79,Fairhaven 1.9 ENE,41.64602,-70.86737,2025-07-13,0.0,0.007715575,0.0068100654
MA-BR-79,Fairhaven 1.9 ENE,41.64602,-70.86737,2025-07-14,0.0,0.0019683612,0.0097214235
MA-BR-79,Fairhaven 1.9 ENE,41.64602,-70.86737,2025-07-15,0.05,0.01027793,0.0019662494
MA-BR-79,Fairhaven 1.9 ENE,41.64602,-70.86737,2025-07-16,0.02,0.00015734219,0.055968672
MA-BR-79,Fairhaven 1.9 ENE,41.64602,-70.86737,2025-07-17,0.0,7.8671095e-05,0.002440916
MA-BR-79,Fairhaven 1.9 ENE,41.64602,-70.86737,2025-07-18,0.0,0.00011827063,0.0064499737
MA-BR-79,Fairhaven 1.9 ENE,41.64602,-70.86737,2025-07-19,0.0,0.0,0.0
MA-BR-79,Fairhaven 1.9 ENE,41.64602,-70.86737,2025-07-20,0.0,0.008267329,0.0
MA-BR-79,Fairhaven 1.9 ENE,41.64602,-70.86737,2025-07-21,0.02,0.062283482,0.14763977
MA-BR-79,Fairhaven 1.9 ENE,41.64602,-70.86737,2025-07-22,0.0,0.0,0.0
MA-BR-79,Fairhaven 1.9 ENE,41.64602,-70.86737,2025-07-23,0.0,0.0,0.0
MA-BR-79,Fairhaven 1.9 ENE,41.64602,-70.86737,2025-07-24,0.0,0.0,0.0
MA-BR-79,Fairhaven 1.9 ENE,41.64602,-70.86737,2025-07-25,0.0,0.0,0.0
MA-BR-79,Fairhaven 1.9 ENE,41.64602,-70.86737,2025-07-26,0.31,0.19589552,0.029972631
MA-BR-79,Fairhaven 1.9 ENE,41.64602,-70.86737,2025-07-27,0.0,0.0,0.0
MA-BR-79,Fairhaven 1.9 ENE,41.64602,-70.86737,2025-07-28,0.0,0.00019641373,0.37800166
MA-BR-79,Fairhaven 1.9 ENE,41.64602,-70.86737,2025-07-29,0.0,0.0,7.8671095e-05
MA-BR-79,Fairhaven 1.9 ENE,41.64602,-70.86737,2025-07-30,0.0,0.0,0.00011827063
MA-BR-79,Fairhaven 1.9 ENE,41.64602,-70.86737,2025-07-31,0.0,0.0,0.0006293687
MA-BR-79,Fairhaven 1.9 ENE,41.64602,-70.86737,2025-08-01,0.43,0.52195626,0.37140545
MA-BR-79,Fairhaven 1.9 ENE,41.64602,-70.86737,2025-08-02,0.02,0.037952203,0.048755486
MA-BR-79,Fairhaven 1.9 ENE,41.64602,-70.86737,2025-08-03,0.0,0.0,0.0
MA-BR-79,Fairhaven 1.9 ENE,41.64602,-70.86737,2025-08-04,0.0,0.0,0.0
MA-BR-79,Fairhaven 1.9 ENE,41.64602,-70.86737,2025-08-05,0.0,0.0,0.0
MA-BR-79,Fairhaven 1.9 ENE,41.64602,-70.86737,2025-08-06,0.0,0.0,0.0
MA-BR-79,Fairhaven 1.9 ENE,41.64602,-70.86737,2025-08-07,0.0,0.0,0.0
MA-BR-79,Fairhaven 1.9 ENE,41.64602,-70.86737,2025-08-08,0.0,0.0,0.0
MA-BR-79,Fairhaven 1.9 ENE,41.64602,-70.86737,2025-08-09,0.0,0.0,0.0
MA-BR-79,Fairhaven 1.9 ENE,41.64602,-70.86737,2025-08-10,0.0,0.0,3.9335548e-05
MA-BR-79,Fairhaven 1.9 ENE,41.64602,-70.86737,2025-08-11,0.0,0.0,7.8671095e-05
MA-BR-79,Fairhaven 1.9 ENE,41.64602,-70.86737,2025-08-12,0.0,0.0,0.0
MA-BR-79,Fairhaven 1.9 ENE,41.64602,-70.86737,2025-08-13,0.0,0.0,0.0018070592
MA-BR-79,Fairhaven 1.9 ENE,41.64602,-70.86737,2025-08-14,0.0,0.0010607397,0.010504175
MA-BR-79,Fairhaven 1.9 ENE,41.64602,-70.86737,2025-08-15,0.04,0.00066870434,0.25763676
MA-BR-79,Fairhaven 1.9 ENE,41.64602,-70.86737,2025-08-16,0.0,3.9335548e-05,7.8671095e-05
MA-BR-79,Fairhaven 1.9 ENE,41.64602,-70.86737,2025-08-17,0.0,3.9335548e-05,0.00023574928
MA-BR-79,Fairhaven 1.9 ENE,41.64602,-70.86737,2025-08-18,0.0,0.6457265,0.071414344
MA-BR-79,Fairhaven 1.9 ENE,41.64602,-70.86737,2025-08-19,0.0,0.00019641373,0.00023654127
MA-BR-79,Fairhaven 1.9 ENE,41.64602,-70.86737,2025-08-20,0.0,0.0,0.0
MA-BR-79,Fairhaven 1.9 ENE,41.64602,-70.86737,2025-08-21,1.15,0.4586282,1.4905268
MA-BR-79,Fairhaven 1.9 ENE,41.64602,-70.86737,2025-08-22,0.0,0.18220435,0.014057309
MA-BR-79,Fairhaven 1.9 ENE,41.64602,-70.86737,2025-08-23,0.0,0.0,0.0
MA-BR-79,Fairhaven 1.9 ENE,41.64602,-70.86737,2025-08-24,0.0,0.0,0.0
MA-BR-79,Fairhaven 1.9 ENE,41.64602,-70.86737,2025-08-25,0.0,0.11037449,0.0
MA-BR-79,Fairhaven 1.9 ENE,41.64602,-70.86737,2025-08-26,0.0,0.0,0.0
MA-BR-79,Fairhaven 1.9 ENE,41.64602,-70.86737,2025-08-27,0.0,0.0,0.0
MA-BR-79,Fairhaven 1.9 ENE,41.64602,-70.86737,2025-08-28,0.0,0.0,0.0
MA-BR-79,Fairhaven 1.9 ENE,41.64602,-70.86737,2025-08-30,1.16,0.3781619,0.12578082
MA-BR-79,Fairhaven 1.9 ENE,41.64602,-70.86737,2025-08-31,0.0,0.0,0.0
MA-BR-79,Fairhaven 1.9 ENE,41.64602,-70.86737,2025-09-01,0.0,0.0,0.0
MA-BR-79,Fairhaven 1.9 ENE,41.64602,-70.86737,2025-09-02,0.0,0.0,0.0
MA-BR-79,Fairhaven 1.9 ENE,41.64602,-70.86737,2025-09-03,0.0,0.0,0.0
MA-BR-79,Fairhaven 1.9 ENE,41.64602,-70.86737,2025-09-04,0.0,0.0,0.0
MA-BR-79,Fairhaven 1.9 ENE,41.64602,-70.86737,2025-09-05,0.12,0.0027540163,0.0023654127
MA-BR-79,Fairhaven 1.9 ENE,41.64602,-70.86737,2025-09-06,0.0,0.010610566,0.0
MA-BR-79,Fairhaven 1.9 ENE,41.64602,-70.86737,2025-09-07,0.1,0.000864326,0.0071355733
MA-BR-79,Fairhaven 1.9 ENE,41.64602,-70.86737,2025-09-08,1.11,0.26201594,0.22181368
MA-BR-79,Fairhaven 1.9 ENE,41.64602,-70.86737,2025-09-09,0.0,0.0,0.0
MA-BR-79,Fairhaven 1.9 ENE,41.64602,-70.86737,2025-09-10,0.0,0.012156531,0.27372894
MA-BR-79,Fairhaven 1.9 ENE,41.64602,-70.86737,2025-09-11,0.0,0.090175554,0.035030548
MA-BR-79,Fairhaven 1.9 ENE,41.64602,-70.86737,2025-09-12,0.0,0.0,0.0
MA-BR-79,Fairhaven 1.9 ENE,41.64602,-70.86737,2025-09-13,0.0,0.0,0.0
MA-BR-79,Fairhaven 1.9 ENE,41.64602,-70.86737,2025-09-14,0.0,0.00039282747,0.019666716
MA-BR-79,Fairhaven 1.9 ENE,41.64602,-70.86737,2025-09-15,0.38,0.0,0.00094326114
MA-BR-79,Fairhaven 1.9 ENE,41.64602,-70.86737,2025-09-16,0.0,0.0,0.0
MA-BR-79,Fairhaven 1.9 ENE,41.64602,-70.86737,2025-09-17,0.0,0.0,0.0
MA-BR-79,Fairhaven 1.9 ENE,41.64602,-70.86737,2025-09-18,0.26,0.17956439,0.048347346
MA-BR-79,Fairhaven 1.9 ENE,41.64602,-70.86737,2025-09-19,0.0,0.0,0.0
MA-BR-79,Fairhaven 1.9 ENE,41.64602,-70.86737,2025-09-20,0.0,0.0,0.0
MA-BR-79,Fairhaven 1.9 ENE,41.64602,-70.86737,2025-09-21,0.0,0.0,0.0
MA-BR-79,Fairhaven 1.9 ENE,41.64602,-70.86737,2025-09-22,0.0,0.0,0.0
MA-BR-79,Fairhaven 1.9 ENE,41.64602,-70.86737,2025-09-23,0.0,0.0,0.0
MA-BR-79,Fairhaven 1.9 ENE,41.64602,-70.86737,2025-09-24,0.09,0.00039414744,0.0
MA-BR-79,Fairhaven 1.9 ENE,41.64602,-70.86737,2025-09-25,1.25,0.720869,0.28799877
MA-BR-79,Fairhaven 1.9 ENE,41.64602,-70.86737,2025-09-26,1.46,0.12830384,1.9699686
MA-BR-79,Fairhaven 1.9 ENE,41.64602,-70.86737,2025-09-27,0.0,0.0,0.00039282747
MA-BR-79,Fairhaven 1.9 ENE,41.64602,-70.86737,2025-09-28,0.08,0.019882139,0.00947221
MA-BR-79,Fairhaven 1.9 ENE,41.64602,-70.86737,2025-09-29,0.0,0.011814391,0.00078565493
MA-BR-79,Fairhaven 1.9 ENE,41.64602,-70.86737,2025-09-30,0.0,0.0,0.0
MA-BR-79,Fairhaven 1.9 ENE,41.64602,-70.86737,2025-10-01,0.0,0.0,0.0
MA-BR-79,Fairhaven 1.9 ENE,41.64602,-70.86737,2025-10-02,0.0,0.0,0.0
MA-BR-79,Fairhaven 1.9 ENE,41.64602,-70.86737,2025-10-03,0.0,0.0,0.0
MA-BR-79,Fairhaven 1.9 ENE,41.64602,-70.86737,2025-10-04,0.0,0.0,0.0
MA-BR-79,Fairhaven 1.9 ENE,41.64602,-70.86737,2025-10-05,0.0,0.0,0.0
MA-BR-79,Fairhaven 1.9 ENE,41.64602,-70.86737,2025-10-06,0.0,0.0,0.0
MA-BR-79,Fairhaven 1.9 ENE,41.64602,-70.86737,2025-10-07,0.0,0.0,0.0
MA-BR-79,Fairhaven 1.9 ENE,41.64602,-70.86737,2025-10-08,0.0,0.00039282747,0.0047308253
MA-BR-79,Fairhaven 1.9 ENE,41.64602,-70.86737,2025-10-09,0.73,0.267638,1.1644404
MA-BR-79,Fairhaven 1.9 ENE,41.64602,-70.86737,2025-10-10,0.0,0.0,0.0
MA-BR-79,Fairhaven 1.9 ENE,41.64602,-70.86737,2025-10-11,0.0,0.00086590997,0.0
MA-BR-79,Fairhaven 1.9 ENE,41.64602,-70.86737,2025-10-12,0.0,0.0,0.0053063384
MA-BR-79,Fairhaven 1.9 ENE,41.64602,-70.86737,2025-10-13,1.89,1.7448382,0.81915087
MA-BR-79,Fairhaven 1.9 ENE,41.64602,-70.86737,2025-10-14,1.2,1.9955128,2.596919
MA-BR-79,Fairhaven 1.9 ENE,41.64602,-70.86737,2025-10-15,0.08,0.19377086,0.045403782
MA-BR-79,Fairhaven 1.9 ENE,41.64602,-70.86737,2025-10-16,0.0,0.0,0.0
MA-BR-79,Fairhaven 1.9 ENE,41.64602,-70.86737,2025-10-17,0.0,3.9335548e-05,0.0019665135
MA-BR-79,Fairhaven 1.9 ENE,41.64602,-70.86737,2025-10-18,0.0,0.0,0.0
MA-BR-79,Fairhaven 1.9 ENE,41.64602,-70.86737,2025-10-19,0.0,0.0,0.0
MA-BR-79,Fairhaven 1.9 ENE,41.64602,-70.86737,2025-10-20,0.0,0.0,0.0010221963
MA-BR-79,Fairhaven 1.9 ENE,41.64602,-70.86737,2025-10-21,0.72,0.9720495,0.6185187
MA-BR-79,Fairhaven 1.9 ENE,41.64602,-70.86737,2025-10-22,0.0,0.0,0.0011827063
MA-BR-79,Fairhaven 1.9 ENE,41.64602,-70.86737,2025-10-23,0.03,0.0425674,0.027303621
MA-BR-79,Fairhaven 1.9 ENE,41.64602,-70.86737,2025-10-24,0.0,0.0,0.0
MA-BR-79,Fairhaven 1.9 ENE,41.64602,-70.86737,2025-10-25,0.0,0.00011827063,0.0
MA-BR-79,Fairhaven 1.9 ENE,41.64602,-70.86737,2025-10-26,0.0,0.0,0.0
MA-BR-79,Fairhaven 1.9 ENE,41.64602,-70.86737,2025-10-27,0.0,0.0,0.0
MA-BR-79,Fairhaven 1.9 ENE,41.64602,-70.86737,2025-10-28,0.04,0.0066907387,0.022805113
MA-BR-79,Fairhaven 1.9 ENE,41.64602,-70.86737,2025-10-29,0.06,0.002515891,0.09682141
MA-BR-79,Fairhaven 1.9 ENE,41.64602,-70.86737,2025-10-31,1.58,2.2719114,2.691534
MA-BR-79,Fairhaven 1.9 ENE,41.64602,-70.86737,2025-11-01,0.0,0.0,0.0022019986
MA-BR-79,Fairhaven 1.9 ENE,41.64602,-70.86737,2025-11-02,0.0,0.0,0.0
MA-BR-79,Fairhaven 1.9 ENE,41.64602,-70.86737,2025-11-03,0.0,0.0,0.0
MA-BR-79,Fairhaven 1.9 ENE,41.64602,-70.86737,2025-11-04,0.21,0.05094534,0.5826349
MA-BR-79,Fairhaven 1.9 ENE,41.64602,-70.86737,2025-11-05,0.0,0.0,0.0
MA-BR-79,Fairhaven 1.9 ENE,41.64602,-70.86737,2025-11-06,0.07,0.000864326,0.0
MA-BR-79,Fairhaven 1.9 ENE,41.64602,-70.86737,2025-11-07,0.0,0.0,0.0
MA-BR-79,Fairhaven 1.9 ENE,41.64602,-70.86737,2025-11-08,0.02,0.018940197,0.28743988
MA-BR-79,Fairhaven 1.9 ENE,41.64602,-70.86737,2025-11-09,0.03,0.056212343,0.13755852
MA-BR-79,Fairhaven 1.9 ENE,41.64602,-70.86737,2025-11-10,1.68,0.22258745,0.101684496
MA-BR-79,Fairhaven 1.9 ENE,41.64602,-70.86737,2025-11-11,0.09,0.4275328,0.14024363
MA-BR-79,Fairhaven 1.9 ENE,41.64602,-70.86737,2025-11-12,0.0,0.00051109813,0.0
MA-BR-79,Fairhaven 1.9 ENE,41.64602,-70.86737,2025-11-13,0.0,3.9335548e-05,0.00953953
MA-BR-79,Fairhaven 1.9 ENE,41.64602,-70.86737,2025-11-14,0.0,0.051672913,0.00078565493
MA-BR-79,Fairhaven 1.9 ENE,41.64602,-70.86737,2025-11-15,0.0,0.0,0.00039282747
MA-BR-79,Fairhaven 1.9 ENE,41.64602,-70.86737,2025-11-16,0.82,0.53345126,0.50902545
MA-BR-79,Fairhaven 1.9 ENE,41.64602,-70.86737,2025-11-17,0.0,0.0005113621,0.00039414744
MA-BR-79,Fairhaven 1.9 ENE,41.64602,-70.86737,2025-11-18,0.0,0.0,0.0
MA-BR-79,Fairhaven 1.9 ENE,41.64602,-70.86737,2025-11-19,0.0,0.0,0.0009432611
MA-BR-79,Fairhaven 1.9 ENE,41.64602,-70.86737,2025-11-20,0.0,0.00039282747,0.099507846
MA-BR-79,Fairhaven 1.9 ENE,41.64602,-70.86737,2025-11-21,0.0,0.0,0.0
MA-BR-79,Fairhaven 1.9 ENE,41.64602,-70.86737,2025-11-22,0.03,0.0,0.0
MA-BR-79,Fairhaven 1.9 ENE,41.64602,-70.86737,2025-11-23,0.38,0.21461052,0.013110881
MA-BR-79,Fairhaven 1.9 ENE,41.64602,-70.86737,2025-11-24,0.0,0.032169614,0.036622714
MA-BR-79,Fairhaven 1.9 ENE,41.64602,-70.86737,2025-11-25,0.0,0.0,0.0
MA-BR-79,Fairhaven 1.9 ENE,41.64602,-70.86737,2025-11-26,0.29,0.68933195,0.42493847
MA-BR-79,Fairhaven 1.9 ENE,41.64602,-70.86737,2025-11-27,0.03,0.050954845,0.6036581
MA-BR-79,Fairhaven 1.9 ENE,41.64602,-70.86737,2025-11-28,0.0,0.0,0.0
MA-BR-79,Fairhaven 1.9 ENE,41.64602,-70.86737,2025-11-29,0.0,0.00011827063,0.0016951244
MA-BR-79,Fairhaven 1.9 ENE,41.64602,-70.86737,2025-11-30,0.0,0.0,0.0
MA-BR-79,Fairhaven 1.9 ENE,41.64602,-70.86737,2025-12-01,0.99,0.40658066,0.23268904
MA-BR-79,Fairhaven 1.9 ENE,41.64602,-70.86737,2025-12-02,0.0,0.0,0.0
MA-BR-79,Fairhaven 1.9 ENE,41.64602,-70.86737,2025-12-03,0.98,1.160499,1.0339288
MA-BR-79,Fairhaven 1.9 ENE,41.64602,-70.86737,2025-12-04,0.0,0.00019641373,0.00059135316
MA-BR-79,Fairhaven 1.9 ENE,41.64602,-70.86737,2025-12-05,0.0,0.0,0.0014192476
MA-BR-79,Fairhaven 1.9 ENE,41.64602,-70.86737,2025-12-25,0.0,0.0011024512,0.102215916
MA-BR-79,Fairhaven 1.9 ENE,41.64602,-70.86737,2026-01-06,0.0,0.0068055773,0.19167869
MA-BR-79,Fairhaven 1.9 ENE,41.64602,-70.86737,2026-01-15,0.0,0.007383466,0.07538195
MA-BR-79,Fairhaven 1.9 ENE,41.64602,-70.86737,2026-01-18,0.0,0.016642367,0.03584023
MA-BR-79,Fairhaven 1.9 ENE,41.64602,-70.86737,2026-04-07,0.0,0.0012220419,0.056330614
MA-BR-79,Fairhaven 1.9 ENE,41.64602,-70.86737,2026-04-23,0.0,0.0016916925,0.023600271
MA-BR-79,Fairhaven 1.9 ENE,41.64602,-70.86737,2026-04-28,0.0,0.0,0.009242006
MA-BR-79,Fairhaven 1.9 ENE,41.64602,-70.86737,2026-04-29,0.0,0.0,0.0011404669
MA-BR-79,Fairhaven 1.9 ENE,41.64602,-70.86737,2026-04-30,0.04,0.022012066,0.00043295498
MA-BR-79,Fairhaven 1.9 ENE,41.64602,-70.86737,2026-05-01,0.12,0.015540709,0.0908205
MA-BR-79,Fairhaven 1.9 ENE,41.64602,-70.86737,2026-05-02,0.0,0.0,0.0
MA-BR-79,Fairhaven 1.9 ENE,41.64602,-70.86737,2026-05-03,0.27,0.32330677,0.8651729
MA-BR-79,Fairhaven 1.9 ENE,41.64602,-70.86737,2026-05-04,0.0,0.00027534884,0.080559194
MA-BR-79,Fairhaven 1.9 ENE,41.64602,-70.86737,2026-05-05,0.0,0.0,0.0
MA-BR-79,Fairhaven 1.9 ENE,41.64602,-70.86737,2026-05-07,0.53,0.25066298,0.5816859
MA-BR-79,Fairhaven 1.9 ENE,41.64602,-70.86737,2026-05-08,0.07,0.1010876,0.0068032015
MA-BR-79,Fairhaven 1.9 ENE,41.64602,-70.86737,2026-05-09,0.03,0.0039390987,0.021098636
MA-BR-79,Fairhaven 1.9 ENE,41.64602,-70.86737,2026-05-10,0.22,0.26369336,0.5650757
MA-BR-79,Fairhaven 1.9 ENE,41.64602,-70.86737,2026-05-11,0.21,0.15525898,0.009680504
MA-BR-79,Fairhaven 1.9 ENE,41.64602,-70.86737,2026-05-12,0.0,0.0055080326,0.023214836
MA-BR-79,Fairhaven 1.9 ENE,41.64602,-70.86737,2026-05-13,0.0,0.0,0.0
MA-BR-79,Fairhaven 1.9 ENE,41.64602,-70.86737,2026-05-14,0.03,0.00039282747,3.9335548e-05
MA-BR-79,Fairhaven 1.9 ENE,41.64602,-70.86737,2026-05-15,0.2,1.185152,0.25302866
MA-BR-79,Fairhaven 1.9 ENE,41.64602,-70.86737,2026-05-16,0.0,0.2523275,0.0032186508
MA-BR-79,Fairhaven 1.9 ENE,41.64602,-70.86737,2026-05-17,0.0,0.09143798,0.01453884
MA-BR-79,Fairhaven 1.9 ENE,41.64602,-70.86737,2026-05-18,0.0,0.0066907387,0.006251448
MA-BR-79,Fairhaven 1.9 ENE,41.64602,-70.86737,2026-05-19,0.0,0.00031468438,0.0011784824
MA-BR-79,Fairhaven 1.9 ENE,41.64602,-70.86737,2026-05-20,0.0,0.0,0.0
MA-BR-79,Fairhaven 1.9 ENE,41.64602,-70.86737,2026-05-21,0.06,0.0019641374,0.44562685
MA-BR-79,Fairhaven 1.9 ENE,41.64602,-70.86737,2026-05-22,0.03,0.0047207936,0.0015332943
MA-BR-79,Fairhaven 1.9 ENE,41.64602,-70.86737,2026-05-23,0.0,0.0,0.0
MA-BR-79,Fairhaven 1.9 ENE,41.64602,-70.86737,2026-05-24,0.08,0.20255114,0.03644425
MA-BR-79,Fairhaven 1.9 ENE,41.64602,-70.86737,2026-05-25,0.98,0.72028714,0.5096197
MA-BR-79,Fairhaven 1.9 ENE,41.64602,-70.86737,2026-05-26,0.07,0.008536606,0.14362702
MA-BR-79,Fairhaven 1.9 ENE,41.64602,-70.86737,2026-05-27,0.0,0.0,0.0
MA-BR-79,Fairhaven 1.9 ENE,41.64602,-70.86737,2026-05-28,0.0,0.00047149856,0.0
MA-BR-79,Fairhaven 1.9 ENE,41.64602,-70.86737,2026-05-29,0.17,0.0721113,0.16870883
MA-BR-79,Fairhaven 1.9 ENE,41.64602,-70.86737,2026-05-30,0.28,0.16365066,0.090778254
MA-BR-79,Fairhaven 1.9 ENE,41.64602,-70.86737,2026-05-31,0.38,0.17727078,0.27281576
MA-BR-79,Fairhaven 1.9 ENE,41.64602,-70.86737,2026-06-01,0.18,0.10614367,0.0448647
MA-BR-79,Fairhaven 1.9 ENE,41.64602,-70.86737,2026-06-02,0.0,0.0,0.0
MA-BR-79,Fairhaven 1.9 ENE,41.64602,-70.86737,2026-06-03,0.0,0.0,0.002003473
MA-BR-79,Fairhaven 1.9 ENE,41.64602,-70.86737,2026-06-04,0.0,0.0,0.0
MA-BR-79,Fairhaven 1.9 ENE,41.64602,-70.86737,2026-06-05,0.0,0.0,0.0
MA-BR-79,Fairhaven 1.9 ENE,41.64602,-70.86737,2026-06-06,0.0,0.0,0.0
MA-BR-79,Fairhaven 1.9 ENE,41.64602,-70.86737,2026-06-07,0.04,0.36177295,0.07965237
MA-BR-79,Fairhaven 1.9 ENE,41.64602,-70.86737,2026-06-08,0.06,0.20654279,0.15394323
MA-BR-79,Fairhaven 1.9 ENE,41.64602,-70.86737,2026-06-09,0.0,0.0,0.0
MA-BR-79,Fairhaven 1.9 ENE,41.64602,-70.86737,2026-06-10,0.0,0.0,0.0
MA-BR-79,Fairhaven 1.9 ENE,41.64602,-70.86737,2026-06-11,0.15,0.0071226377,0.0052664755
MA-BR-79,Fairhaven 1.9 ENE,41.64602,-70.86737,2026-06-12,0.02,0.028269323,0.0078100855
MA-BR-79,Fairhaven 1.9 ENE,41.64602,-70.86737,2026-06-13,0.0,0.00023654127,0.00023654127
MA-BR-79,Fairhaven 1.9 ENE,41.64602,-70.86737,2026-06-14,0.0,0.0,0.0
MA-BR-79,Fairhaven 1.9 ENE,41.64602,-70.86737,2026-06-15,0.09,0.4662957,0.59972084
MA-BR-79,Fairhaven 1.9 ENE,41.64602,-70.86737,2026-06-16,0.0,0.029637882,0.0011827063
MA-BR-79,Fairhaven 1.9 ENE,41.64602,-70.86737,2026-06-17,0.0,0.0,0.0
MA-BR-79,Fairhaven 1.9 ENE,41.64602,-70.86737,2026-06-18,0.0,0.0,0.00015734219
MA-BR-79,Fairhaven 1.9 ENE,41.64602,-70.86737,2026-06-19,0.0,0.0006293687,0.057749864
MA-BR-79,Fairhaven 1.9 ENE,41.64602,-70.86737,2026-06-20,0.0,0.0,0.00031468438
MA-BR-79,Fairhaven 1.9 ENE,41.64602,-70.86737,2026-06-21,0.0,0.0,0.007726663
MA-BR-79,Fairhaven 1.9 ENE,41.64602,-70.86737,2026-06-22,0.0,0.0,0.0
MA-BR-79,Fairhaven 1.9 ENE,41.64602,-70.86737,2026-06-23,2.2,0.28902626,0.19008203
MA-BR-79,Fairhaven 1.9 ENE,41.64602,-70.86737,2026-06-24,0.18,1.036828,0.7179759
MA-BR-79,Fairhaven 1.9 ENE,41.64602,-70.86737,2026-06-25,0.0,0.0,0.0
MA-BR-79,Fairhaven 1.9 ENE,41.64602,-70.86737,2026-06-26,0.0,3.9335548e-05,0.0
MA-BR-79,Fairhaven 1.9 ENE,41.64602,-70.86737,2026-06-27,0.01,0.018303437,0.014983412
MA-BR-79,Fairhaven 1.9 ENE,41.64602,-70.86737,2026-06-28,0.04,0.014557848,0.20524865
MA-BR-79,Fairhaven 1.9 ENE,41.64602,-70.86737,2026-06-29,0.0,0.042599604,0.00023654127
MA-BR-79,Fairhaven 1.9 ENE,41.64602,-70.86737,2026-06-30,0.0,7.8671095e-05,0.0
MA-BR-79,Fairhaven 1.9 ENE,41.64602,-70.86737,2026-07-01,0.0,0.0002758768,0.0034184966
MA-BR-79,Fairhaven 1.9 ENE,41.64602,-70.86737,2026-07-02,0.0,0.00039282747,0.072347835
MA-BR-79,Fairhaven 1.9 ENE,41.64602,-70.86737,2026-07-03,0.0,0.0,0.03960377
MA-BR-79,Fairhaven 1.9 ENE,41.64602,-70.86737,2026-07-04,0.0,0.0,0.49416852
MA-BR-79,Fairhaven 1.9 ENE,41.64602,-70.86737,2026-07-05,0.39,0.16878487,0.0031067163
MA-BR-79,Fairhaven 1.9 ENE,41.64602,-70.86737,2026-07-06,0.39,0.012185835,0.21776792
MA-BR-79,Fairhaven 1.9 ENE,41.64602,-70.86737,2026-07-07,1.21,1.4635231,1.1782459
MA-BR-79,Fairhaven 1.9 ENE,41.64602,-70.86737,2026-07-08,2.29,1.3462453,3.0580816
MA-BR-79,Fairhaven 1.9 ENE,41.64602,-70.86737,2026-07-09,0.0,0.0,0.00035401992
MA-BR-79,Fairhaven 1.9 ENE,41.64602,-70.86737,2026-07-10,0.0,0.0,0.00035401992
MA-BR-79,Fairhaven 1.9 ENE,41.64602,-70.86737,2026-07-11,0.96,0.00023574928,0.0007072479
MA-BR-79,Fairhaven 1.9 ENE,41.64602,-70.86737,2026-07-12,0.0,0.0,3.9335548e-05
MA-BR-79,Fairhaven 1.9 ENE,41.64602,-70.86737,2026-07-13,0.0,0.0,0.0
MA-BR-79,Fairhaven 1.9 ENE,41.64602,-70.86737,2026-07-14,0.0,0.0,0.009461651
MA-BR-79,Fairhaven 1.9 ENE,41.64602,-70.86737,2026-07-15,0.0,0.0,0.0
MA-BR-79,Fairhaven 1.9 ENE,41.64602,-70.86737,2026-07-16,0.0,0.0,0.0
MA-BR-79,Fairhaven 1.9 ENE,41.64602,-70.86737,2026-07-17,0.0,0.0,0.0
MA-BR-79,Fairhaven 1.9 ENE,41.64602,-70.86737,2026-07-18,0.0,0.0,0.0
MA-BR-79,Fairhaven 1.9 ENE,41.64602,-70.86737,2026-07-19,1.29,0.8734173,0.6089697
MA-BR-79,Fairhaven 1.9 ENE,41.64602,-70.86737,2026-07-20,0.0,0.0,0.0
MA-BR-79,Fairhaven 1.9 ENE,41.64602,-70.86737,2026-07-21,0.0,0.0,0.0
MA-BR-79,Fairhaven 1.9 ENE,41.64602,-70.86737,2026-07-22,1.42,0.48858866,0.5657138
MA-BR-79,Fairhaven 1.9 ENE,41.64602,-70.86737,2026-07-23,0.0,0.033647995,0.66215086
MA-BR-79,Fairhaven 1.9 ENE,41.64602,-70.86737,2026-07-24,0.0,0.00086590997,0.0018078511
MA-BR-79,Fairhaven 1.9 ENE,41.64602,-70.86737,2026-07-25,0.0,0.0,0.0
MA-BR-79,Fairhaven 1.9 ENE,41.64602,-70.86737,2026-07-26,0.0,0.0,0.0
MA-BR-79,Fairhaven 1.9 ENE,41.64602,-70.86737,2026-07-27,0.0,0.0,0.0
MA-BR-79,Fairhaven 1.9 ENE,41.64602,-70.86737,2026-07-28,0.0,3.9335548e-05,0.0
MA-BR-79,Fairhaven 1.9 ENE,41.64602,-70.86737,2026-07-29,0.0,0.00039282747,0.0
MA-BR-79,Fairhaven 1.9 ENE,41.64602,-70.86737,2026-07-30,0.53,0.9284562,0.6964126
MA-BR-79,Fairhaven 1.9 ENE,41.64602,-70.86737,2026-07-31,0.12,0.03279476,0.21565805
MA-BR-79,Fairhaven 1.9 ENE,41.64602,-70.86737,2026-08-01,0.11,0.062446896,0.08098687
MA-BR-79,Fairhaven 1.9 ENE,41.64602,-70.86737,2026-08-02,0.0,0.0,0.0
MA-BR-79,Fairhaven 1.9 ENE,41.64602,-70.86737,2026-08-03,0.2,0.01753679,0.079401836
MA-PL-63,Wareham 5.6 NE,41.800413009,-70.632944092,2025-01-01,0.6,0.20641024,0.9825866
MA-PL-63,Wareham 5.6 NE,41.800413009,-70.632944092,2025-01-02,0.07,0.19836704,0.20813626
MA-PL-63,Wareham 5.6 NE,41.800413009,-70.632944092,2025-01-03,0.0,0.00015734219,3.9335548e-05
MA-PL-63,Wareham 5.6 NE,41.800413009,-70.632944092,2025-01-04,0.0,0.00011827063,0.0
MA-PL-63,Wareham 5.6 NE,41.800413009,-70.632944092,2025-01-05,0.0,7.8671095e-05,0.0
MA-PL-63,Wareham 5.6 NE,41.800413009,-70.632944092,2025-01-06,0.0,0.0,0.0
MA-PL-63,Wareham 5.6 NE,41.800413009,-70.632944092,2025-01-07,0.0,0.0,0.0
MA-PL-63,Wareham 5.6 NE,41.800413009,-70.632944092,2025-01-08,0.0,0.0,0.0
MA-PL-63,Wareham 5.6 NE,41.800413009,-70.632944092,2025-01-09,0.0,0.0,0.0
MA-PL-63,Wareham 5.6 NE,41.800413009,-70.632944092,2025-01-10,0.0,0.0008643261,0.009394068
MA-PL-63,Wareham 5.6 NE,41.800413009,-70.632944092,2025-01-11,0.0,0.0007476394,0.0
MA-PL-63,Wareham 5.6 NE,41.800413009,-70.632944092,2025-01-12,0.11,0.14317578,0.12908435
MA-PL-63,Wareham 5.6 NE,41.800413009,-70.632944092,2025-01-13,0.0,0.0,0.0
MA-PL-63,Wareham 5.6 NE,41.800413009,-70.632944092,2025-01-14,0.0,0.00027455683,0.0
MA-PL-63,Wareham 5.6 NE,41.800413009,-70.632944092,2025-01-15,0.0,0.0,0.0
MA-PL-63,Wareham 5.6 NE,41.800413009,-70.632944092,2025-01-16,0.0,0.0,0.0
MA-PL-63,Wareham 5.6 NE,41.800413009,-70.632944092,2025-01-17,0.01,0.022433141,0.045075104
MA-PL-63,Wareham 5.6 NE,41.800413009,-70.632944092,2025-01-18,0.0,0.0,0.0
MA-PL-63,Wareham 5.6 NE,41.800413009,-70.632944092,2025-01-19,0.76,0.5171468,0.1320914
MA-PL-63,Wareham 5.6 NE,41.800413009,-70.632944092,2025-01-20,0.37,0.5458359,0.45764348
MA-PL-63,Wareham 5.6 NE,41.800413009,-70.632944092,2025-01-21,0.0,0.0062514483,0.01888951
MA-PL-63,Wareham 5.6 NE,41.800413009,-70.632944092,2025-01-22,0.0,0.0,0.0
MA-PL-63,Wareham 5.6 NE,41.800413009,-70.632944092,2025-01-23,0.0,0.0,3.9335548e-05
MA-PL-63,Wareham 5.6 NE,41.800413009,-70.632944092,2025-01-24,0.0,0.0,0.0016124934
MA-PL-63,Wareham 5.6 NE,41.800413009,-70.632944092,2025-01-25,0.0,0.0,0.0
MA-PL-63,Wareham 5.6 NE,41.800413009,-70.632944092,2025-01-26,0.0,0.0,0.011269502
MA-PL-63,Wareham 5.6 NE,41.800413009,-70.632944092,2025-01-27,0.0,0.0,0.008988569
MA-PL-63,Wareham 5.6 NE,41.800413009,-70.632944092,2025-01-28,0.0,0.0,0.00019667773
MA-PL-63,Wareham 5.6 NE,41.800413009,-70.632944092,2025-01-29,0.01,0.0006687043,0.0689164
MA-PL-63,Wareham 5.6 NE,41.800413009,-70.632944092,2025-01-30,0.0,0.005820605,0.10989876
MA-PL-63,Wareham 5.6 NE,41.800413009,-70.632944092,2025-01-31,0.0,0.0,0.0
MA-PL-63,Wareham 5.6 NE,41.800413009,-70.632944092,2025-02-01,0.82,0.85466295,0.88637084
MA-PL-63,Wareham 5.6 NE,41.800413009,-70.632944092,2025-02-02,0.05,0.05123653,0.032693382
MA-PL-63,Wareham 5.6 NE,41.800413009,-70.632944092,2025-02-03,0.2,0.13743523,0.12163132
MA-PL-63,Wareham 5.6 NE,41.800413009,-70.632944092,2025-02-04,0.0,0.0,0.0
MA-PL-63,Wareham 5.6 NE,41.800413009,-70.632944092,2025-02-05,0.0,0.00094616506,0.0
MA-PL-63,Wareham 5.6 NE,41.800413009,-70.632944092,2025-02-06,0.0,0.0,0.0
MA-PL-63,Wareham 5.6 NE,41.800413009,-70.632944092,2025-02-07,0.26,0.34781387,0.30087206
MA-PL-63,Wareham 5.6 NE,41.800413009,-70.632944092,2025-02-08,0.0,0.0,0.0
MA-PL-63,Wareham 5.6 NE,41.800413009,-70.632944092,2025-02-09,0.5,0.60309577,0.5892127
MA-PL-63,Wareham 5.6 NE,41.800413009,-70.632944092,2025-02-10,0.03,0.031621817,0.15307651
MA-PL-63,Wareham 5.6 NE,41.800413009,-70.632944092,2025-02-11,0.0,0.0,0.0
MA-PL-63,Wareham 5.6 NE,41.800413009,-70.632944092,2025-02-12,0.0,0.017706804,0.0
MA-PL-63,Wareham 5.6 NE,41.800413009,-70.632944092,2025-02-13,0.22,0.07466256,0.035285305
MA-PL-63,Wareham 5.6 NE,41.800413009,-70.632944092,2025-02-14,0.05,0.22559834,0.21125881
MA-PL-63,Wareham 5.6 NE,41.800413009,-70.632944092,2025-02-15,0.0,0.0,0.0
MA-PL-63,Wareham 5.6 NE,41.800413009,-70.632944092,2025-02-16,0.77,0.45828605,0.2263911
MA-PL-63,Wareham 5.6 NE,41.800413009,-70.632944092,2025-02-17,1.11,0.8640684,1.1507776
MA-PL-63,Wareham 5.6 NE,41.800413009,-70.632944092,2025-02-18,0.0,0.0005110981,3.9335548e-05
MA-PL-63,Wareham 5.6 NE,41.800413009,-70.632944092,2025-02-19,0.0,0.0,0.0
MA-PL-63,Wareham 5.6 NE,41.800413009,-70.632944092,2025-02-20,0.0,0.0,0.0
MA-PL-63,Wareham 5.6 NE,41.800413009,-70.632944092,2025-02-21,0.02,0.043577977,0.013897328
MA-PL-63,Wareham 5.6 NE,41.800413009,-70.632944092,2025-02-22,0.0,0.0,0.0
MA-PL-63,Wareham 5.6 NE,41.800413009,-70.632944092,2025-02-23,0.0,0.0,0.0
MA-PL-63,Wareham 5.6 NE,41.800413009,-70.632944092,2025-02-24,0.0,0.0,0.0
MA-PL-63,Wareham 5.6 NE,41.800413009,-70.632944092,2025-02-25,0.0,0.0,0.0
MA-PL-63,Wareham 5.6 NE,41.800413009,-70.632944092,2025-02-26,0.0,7.8671095e-05,0.0047223773
MA-PL-63,Wareham 5.6 NE,41.800413009,-70.632944092,2025-02-27,0.02,0.025373276,0.15302953
MA-PL-63,Wareham 5.6 NE,41.800413009,-70.632944092,2025-02-28,0.06,0.092469156,0.10195747
MA-PL-63,Wareham 5.6 NE,41.800413009,-70.632944092,2025-03-01,0.0,0.0,0.0037051972
MA-PL-63,Wareham 5.6 NE,41.800413009,-70.632944092,2025-03-02,0.0,0.0011819144,0.0
MA-PL-63,Wareham 5.6 NE,41.800413009,-70.632944092,2025-03-03,0.0,0.0,0.0
MA-PL-63,Wareham 5.6 NE,41.800413009,-70.632944092,2025-03-04,0.0,0.0,0.0
MA-PL-63,Wareham 5.6 NE,41.800413009,-70.632944092,2025-03-05,0.0,0.0,0.0
MA-PL-63,Wareham 5.6 NE,41.800413009,-70.632944092,2025-03-06,0.53,0.7793584,0.85297894
MA-PL-63,Wareham 5.6 NE,41.800413009,-70.632944092,2025-03-07,0.09,0.12756015,0.36064464
MA-PL-63,Wareham 5.6 NE,41.800413009,-70.632944092,2025-03-08,0.0,0.0,0.01157917
MA-PL-63,Wareham 5.6 NE,41.800413009,-70.632944092,2025-03-09,0.0,0.0,0.004257743
MA-PL-63,Wareham 5.6 NE,41.800413009,-70.632944092,2025-03-10,0.0,0.0,0.009596817
MA-PL-63,Wareham 5.6 NE,41.800413009,-70.632944092,2025-03-11,0.0,0.0,0.0
MA-PL-63,Wareham 5.6 NE,41.800413009,-70.632944092,2025-03-12,0.0,0.0,0.0
MA-PL-63,Wareham 5.6 NE,41.800413009,-70.632944092,2025-03-13,0.0,0.0,0.0
MA-PL-63,Wareham 5.6 NE,41.800413009,-70.632944092,2025-03-14,0.0,0.010312249,0.015048355
MA-PL-63,Wareham 5.6 NE,41.800413009,-70.632944092,2025-03-15,0.0,0.0016130215,0.002005849
MA-PL-63,Wareham 5.6 NE,41.800413009,-70.632944092,2025-03-16,0.0,0.014935364,0.017630508
MA-PL-63,Wareham 5.6 NE,41.800413009,-70.632944092,2025-03-17,0.79,0.02773552,1.0112395
MA-PL-63,Wareham 5.6 NE,41.800413009,-70.632944092,2025-03-18,1.38,1.6748474,2.5475495
MA-PL-63,Wareham 5.6 NE,41.800413009,-70.632944092,2025-03-19,0.0,0.0,0.014158685
MA-PL-63,Wareham 5.6 NE,41.800413009,-70.632944092,2025-03-20,0.02,0.010543246,0.009444491
MA-PL-63,Wareham 5.6 NE,41.800413009,-70.632944092,2025-03-21,0.25,0.15058692,0.13133109
MA-PL-63,Wareham 5.6 NE,41.800413009,-70.632944092,2025-03-22,0.12,0.21422166,0.15387617
MA-PL-63,Wareham 5.6 NE,41.800413009,-70.632944092,2025-03-23,0.0,0.0,0.0019683612
MA-PL-63,Wareham 5.6 NE,41.800413009,-70.632944092,2025-03-24,0.0,0.0,0.0
MA-PL-63,Wareham 5.6 NE,41.800413009,-70.632944092,2025-03-25,0.63,0.6414548,0.49470073
MA-PL-63,Wareham 5.6 NE,41.800413009,-70.632944092,2025-03-26,0.0,0.0030222372,0.037069395
MA-PL-63,Wareham 5.6 NE,41.800413009,-70.632944092,2025-03-27,0.0,0.22358693,0.34607676
MA-PL-63,Wareham 5.6 NE,41.800413009,-70.632944092,2025-03-28,0.0,0.0,0.002956766
MA-PL-63,Wareham 5.6 NE,41.800413009,-70.632944092,2025-03-29,0.06,0.06980211,0.000432163
MA-PL-63,Wareham 5.6 NE,41.800413009,-70.632944092,2025-03-30,0.08,0.16503954,0.5252314
MA-PL-63,Wareham 5.6 NE,41.800413009,-70.632944092,2025-03-31,0.0,0.032165654,0.07145078
MA-PL-63,Wareham 5.6 NE,41.800413009,-70.632944092,2025-04-01,0.22,0.8989492,1.0516617
MA-PL-63,Wareham 5.6 NE,41.800413009,-70.632944092,2025-04-02,0.03,0.043067407,0.032364972
MA-PL-63,Wareham 5.6 NE,41.800413009,-70.632944092,2025-04-03,0.14,0.09681296,0.24840212
MA-PL-63,Wareham 5.6 NE,41.800413009,-70.632944092,2025-04-04,0.19,0.3122152,0.13928136
MA-PL-63,Wareham 5.6 NE,41.800413009,-70.632944092,2025-04-05,0.0,0.03588669,0.0031531795
MA-PL-63,Wareham 5.6 NE,41.800413009,-70.632944092,2025-04-06,0.64,0.37488756,0.31137967
MA-PL-63,Wareham 5.6 NE,41.800413009,-70.632944092,2025-04-07,0.03,0.3429978,0.12731516
MA-PL-63,Wareham 5.6 NE,41.800413009,-70.632944092,2025-04-08,0.42,0.5959755,0.4132376
MA-PL-63,Wareham 5.6 NE,41.800413009,-70.632944092,2025-04-09,0.04,0.06423785,0.011039297
MA-PL-63,Wareham 5.6 NE,41.800413009,-70.632944092,2025-04-10,0.0,0.0,0.0
MA-PL-63,Wareham 5.6 NE,41.800413009,-70.632944092,2025-04-11,0.07,0.15710142,0.03394367
MA-PL-63,Wareham 5.6 NE,41.800413009,-70.632944092,2025-04-12,0.41,0.100712985,0.071246706
MA-PL-63,Wareham 5.6 NE,41.800413009,-70.632944092,2025-04-13,0.15,0.43554005,0.450307
MA-PL-63,Wareham 5.6 NE,41.800413009,-70.632944092,2025-04-14,0.44,0.48083773,0.8419602
MA-PL-63,Wareham 5.6 NE,41.800413009,-70.632944092,2025-04-15,0.15,0.040296495,0.0059357076
MA-PL-63,Wareham 5.6 NE,41.800413009,-70.632944092,2025-04-16,0.03,0.040941376,0.16314101
MA-PL-63,Wareham 5.6 NE,41.800413009,-70.632944092,2025-04-17,0.0,0.0,3.9335548e-05
MA-PL-63,Wareham 5.6 NE,41.800413009,-70.632944092,2025-04-18,0.0,0.0,0.0
MA-PL-63,Wareham 5.6 NE,41.800413009,-70.632944092,2025-04-19,0.0,0.018484011,0.0052263476
MA-PL-63,Wareham 5.6 NE,41.800413009,-70.632944092,2025-04-20,0.0,0.068951786,0.1681357
MA-PL-63,Wareham 5.6 NE,41.800413009,-70.632944092,2025-04-21,0.0,0.0,0.0
MA-PL-63,Wareham 5.6 NE,41.800413009,-70.632944092,2025-04-22,0.13,0.13811582,0.29050064
MA-PL-63,Wareham 5.6 NE,41.800413009,-70.632944092,2025-04-23,0.0,0.13872011,0.22888166
MA-PL-63,Wareham 5.6 NE,41.800413009,-70.632944092,2025-04-24,0.0,0.0,0.0
MA-PL-63,Wareham 5.6 NE,41.800413009,-70.632944092,2025-04-25,0.0,0.0,0.0
MA-PL-63,Wareham 5.6 NE,41.800413009,-70.632944092,2025-04-26,0.0,0.0417762,0.000432163
MA-PL-63,Wareham 5.6 NE,41.800413009,-70.632944092,2025-04-27,0.89,1.67261,1.5209744
MA-PL-63,Wareham 5.6 NE,41.800413009,-70.632944092,2025-04-28,0.0,0.0016927485,0.00011827063
MA-PL-63,Wareham 5.6 NE,41.800413009,-70.632944092,2025-04-29,0.0,0.0,0.0
MA-PL-63,Wareham 5.6 NE,41.800413009,-70.632944092,2025-04-30,0.0,0.0,0.0
MA-PL-63,Wareham 5.6 NE,41.800413009,-70.632944092,2025-05-01,0.0,0.0,0.00078565493
MA-PL-63,Wareham 5.6 NE,41.800413009,-70.632944092,2025-05-02,0.19,0.0100699,0.072402745
MA-PL-63,Wareham 5.6 NE,41.800413009,-70.632944092,2025-05-03,0.05,0.079387575,0.17436472
MA-PL-63,Wareham 5.6 NE,41.800413009,-70.632944092,2025-05-04,0.0,0.0046460824,0.0
MA-PL-63,Wareham 5.6 NE,41.800413009,-70.632944092,2025-05-05,0.2,0.0008265745,0.54607666
MA-PL-63,Wareham 5.6 NE,41.800413009,-70.632944092,2025-05-06,0.0,0.12210704,0.08771167
MA-PL-63,Wareham 5.6 NE,41.800413009,-70.632944092,2025-05-07,0.09,0.6642087,0.34735876
MA-PL-63,Wareham 5.6 NE,41.800413009,-70.632944092,2025-05-08,0.0,0.0,0.060035016
MA-PL-63,Wareham 5.6 NE,41.800413009,-70.632944092,2025-05-09,0.0,0.000432163,0.029243734
MA-PL-63,Wareham 5.6 NE,41.800413009,-70.632944092,2025-05-10,1.36,1.1241481,1.0871943
MA-PL-63,Wareham 5.6 NE,41.800413009,-70.632944092,2025-05-11,0.01,0.012712246,0.015441182
MA-PL-63,Wareham 5.6 NE,41.800413009,-70.632944092,2025-05-12,0.0,0.0,0.0
MA-PL-63,Wareham 5.6 NE,41.800413009,-70.632944092,2025-05-13,0.0,0.0,0.0
MA-PL-63,Wareham 5.6 NE,41.800413009,-70.632944092,2025-05-14,0.0,0.0,7.8671095e-05
MA-PL-63,Wareham 5.6 NE,41.800413009,-70.632944092,2025-05-15,0.11,0.06750429,0.0
MA-PL-63,Wareham 5.6 NE,41.800413009,-70.632944092,2025-05-16,0.07,0.42713016,0.05967968
MA-PL-63,Wareham 5.6 NE,41.800413009,-70.632944092,2025-05-17,0.0,0.0010639078,0.002519323
MA-PL-63,Wareham 5.6 NE,41.800413009,-70.632944092,2025-05-18,0.01,0.0014525113,0.0055882875
MA-PL-63,Wareham 5.6 NE,41.800413009,-70.632944092,2025-05-19,0.0,0.00027455683,0.0
MA-PL-63,Wareham 5.6 NE,41.800413009,-70.632944092,2025-05-20,0.0,0.0,0.0
MA-PL-63,Wareham 5.6 NE,41.800413009,-70.632944092,2025-05-21,0.0,0.0010617957,0.02187109
MA-PL-63,Wareham 5.6 NE,41.800413009,-70.632944092,2025-05-22,0.02,0.0153833665,0.1013611
MA-PL-63,Wareham 5.6 NE,41.800413009,-70.632944092,2025-05-23,4.95,2.7551024,3.0203364
MA-PL-63,Wareham 5.6 NE,41.800413009,-70.632944092,2025-05-24,0.04,0.036135904,0.11796571
MA-PL-63,Wareham 5.6 NE,41.800413009,-70.632944092,2025-05-25,0.05,0.1943271,0.028265096
MA-PL-63,Wareham 5.6 NE,41.800413009,-70.632944092,2025-05-26,0.0,0.04141162,0.057105973
MA-PL-63,Wareham 5.6 NE,41.800413009,-70.632944092,2025-05-27,0.0,0.0,0.0
MA-PL-63,Wareham 5.6 NE,41.800413009,-70.632944092,2025-05-28,0.0,0.0,0.0
MA-PL-63,Wareham 5.6 NE,41.800413009,-70.632944092,2025-05-29,0.14,0.054729737,0.12090005
MA-PL-63,Wareham 5.6 NE,41.800413009,-70.632944092,2025-05-30,0.03,0.070064,0.32401508
MA-PL-63,Wareham 5.6 NE,41.800413009,-70.632944092,2025-05-31,0.17,0.117022455,0.35242882
MA-PL-63,Wareham 5.6 NE,41.800413009,-70.632944092,2025-06-01,0.11,0.6254558,1.2881874
MA-PL-63,Wareham 5.6 NE,41.800413009,-70.632944092,2025-06-02,0.0,0.023280308,0.0005512256
MA-PL-63,Wareham 5.6 NE,41.800413009,-70.632944092,2025-06-03,0.0,0.0,0.0
MA-PL-63,Wareham 5.6 NE,41.800413009,-70.632944092,2025-06-04,0.0,0.0,0.0
MA-PL-63,Wareham 5.6 NE,41.800413009,-70.632944092,2025-06-05,0.0,0.0,0.0
MA-PL-63,Wareham 5.6 NE,41.800413009,-70.632944092,2025-06-06,0.0,0.0,0.0
MA-PL-63,Wareham 5.6 NE,41.800413009,-70.632944092,2025-06-07,0.0,0.0018878422,0.0
MA-PL-63,Wareham 5.6 NE,41.800413009,-70.632944092,2025-06-08,1.07,0.22056444,0.12984744
MA-PL-63,Wareham 5.6 NE,41.800413009,-70.632944092,2025-06-09,0.0,0.0005910892,0.00121861
MA-PL-63,Wareham 5.6 NE,41.800413009,-70.632944092,2025-06-10,0.03,0.030235041,0.10622577
MA-PL-63,Wareham 5.6 NE,41.800413009,-70.632944092,2025-06-11,0.43,0.09266847,0.16148219
MA-PL-63,Wareham 5.6 NE,41.800413009,-70.632944092,2025-06-12,0.0,0.0,0.0
MA-PL-63,Wareham 5.6 NE,41.800413009,-70.632944092,2025-06-13,0.0,0.0,0.0
MA-PL-63,Wareham 5.6 NE,41.800413009,-70.632944092,2025-06-14,0.0,0.10853865,0.039547272
MA-PL-63,Wareham 5.6 NE,41.800413009,-70.632944092,2025-06-15,0.05,0.29391202,0.09538078
MA-PL-63,Wareham 5.6 NE,41.800413009,-70.632944092,2025-06-16,0.0,3.9335548e-05,0.0014936947
MA-PL-63,Wareham 5.6 NE,41.800413009,-70.632944092,2025-06-17,0.0,0.16684185,0.006133441
MA-PL-63,Wareham 5.6 NE,41.800413009,-70.632944092,2025-06-18,0.06,0.052562058,0.016284917
MA-PL-63,Wareham 5.6 NE,41.800413009,-70.632944092,2025-06-19,0.0,0.0041756397,0.27028614
MA-PL-63,Wareham 5.6 NE,41.800413009,-70.632944092,2025-06-20,0.0,0.0,0.00027455683
MA-PL-63,Wareham 5.6 NE,41.800413009,-70.632944092,2025-06-21,0.0,0.0,0.0
MA-PL-63,Wareham 5.6 NE,41.800413009,-70.632944092,2025-06-22,0.0,0.0,0.7152718
MA-PL-63,Wareham 5.6 NE,41.800413009,-70.632944092,2025-06-23,0.01,0.007890341,0.020370534
MA-PL-63,Wareham 5.6 NE,41.800413009,-70.632944092,2025-06-24,0.0,0.0,0.0
MA-PL-63,Wareham 5.6 NE,41.800413009,-70.632944092,2025-06-25,0.0,0.0,0.0
MA-PL-63,Wareham 5.6 NE,41.800413009,-70.632944092,2025-06-26,0.03,0.00432955,0.11526318
MA-PL-63,Wareham 5.6 NE,41.800413009,-70.632944092,2025-06-27,0.03,0.003624414,0.31666383
MA-PL-63,Wareham 5.6 NE,41.800413009,-70.632944092,2025-06-28,0.03,0.011421564,0.33424363
MA-PL-63,Wareham 5.6 NE,41.800413009,-70.632944092,2025-06-29,0.04,0.004647402,0.02992854
MA-PL-63,Wareham 5.6 NE,41.800413009,-70.632944092,2025-06-30,0.0,0.0005892412,0.0
MA-PL-63,Wareham 5.6 NE,41.800413009,-70.632944092,2025-07-01,0.0,0.002004793,0.0
MA-PL-63,Wareham 5.6 NE,41.800413009,-70.632944092,2025-07-02,0.05,0.33827513,0.63093585
MA-PL-63,Wareham 5.6 NE,41.800413009,-70.632944092,2025-07-03,0.02,0.0075550647,0.020373173
MA-PL-63,Wareham 5.6 NE,41.800413009,-70.632944092,2025-07-04,1.39,0.15025704,0.62129253
MA-PL-63,Wareham 5.6 NE,41.800413009,-70.632944092,2025-07-05,0.0,0.0,0.0
MA-PL-63,Wareham 5.6 NE,41.800413009,-70.632944092,2025-07-06,0.0,0.0,0.0
MA-PL-63,Wareham 5.6 NE,41.800413009,-70.632944092,2025-07-07,0.0,0.0,0.0
MA-PL-63,Wareham 5.6 NE,41.800413009,-70.632944092,2025-07-08,0.08,0.060573835,0.057004333
MA-PL-63,Wareham 5.6 NE,41.800413009,-70.632944092,2025-07-09,0.36,1.2791898,0.70644027
MA-PL-63,Wareham 5.6 NE,41.800413009,-70.632944092,2025-07-10,0.16,0.006759378,0.47622776
MA-PL-63,Wareham 5.6 NE,41.800413009,-70.632944092,2025-07-11,0.95,0.43479928,0.6594446
MA-PL-63,Wareham 5.6 NE,41.800413009,-70.632944092,2025-07-12,0.0,0.00059135316,0.0007096238
MA-PL-63,Wareham 5.6 NE,41.800413009,-70.632944092,2025-07-13,0.0,0.00173182,0.001219402
MA-PL-63,Wareham 5.6 NE,41.800413009,-70.632944092,2025-07-14,0.0,0.0024398598,0.011371405
MA-PL-63,Wareham 5.6 NE,41.800413009,-70.632944092,2025-07-15,0.04,0.0024765553,0.003113052
MA-PL-63,Wareham 5.6 NE,41.800413009,-70.632944092,2025-07-16,0.0,0.00039282747,0.04182768
MA-PL-63,Wareham 5.6 NE,41.800413009,-70.632944092,2025-07-17,0.0,3.9335548e-05,0.0016513009
MA-PL-63,Wareham 5.6 NE,41.800413009,-70.632944092,2025-07-18,0.0,0.0005110981,0.01303749
MA-PL-63,Wareham 5.6 NE,41.800413009,-70.632944092,2025-07-19,0.0,0.0,0.0
MA-PL-63,Wareham 5.6 NE,41.800413009,-70.632944092,2025-07-20,0.0,0.0037762125,0.0
MA-PL-63,Wareham 5.6 NE,41.800413009,-70.632944092,2025-07-21,0.0,0.019077476,0.54327327
MA-PL-63,Wareham 5.6 NE,41.800413009,-70.632944092,2025-07-22,0.0,0.0,0.0
MA-PL-63,Wareham 5.6 NE,41.800413009,-70.632944092,2025-07-23,0.0,0.0,0.0
MA-PL-63,Wareham 5.6 NE,41.800413009,-70.632944092,2025-07-24,0.0,0.0,0.0
MA-PL-63,Wareham 5.6 NE,41.800413009,-70.632944092,2025-07-25,0.0,0.0,0.0
MA-PL-63,Wareham 5.6 NE,41.800413009,-70.632944092,2025-07-26,0.09,0.5300882,0.14339893
MA-PL-63,Wareham 5.6 NE,41.800413009,-70.632944092,2025-07-27,0.0,0.0,0.0
MA-PL-63,Wareham 5.6 NE,41.800413009,-70.632944092,2025-07-28,0.01,3.9335548e-05,0.1532769
MA-PL-63,Wareham 5.6 NE,41.800413009,-70.632944092,2025-07-29,0.0,0.0,0.0
MA-PL-63,Wareham 5.6 NE,41.800413009,-70.632944092,2025-07-30,0.0,0.0,0.0
MA-PL-63,Wareham 5.6 NE,41.800413009,-70.632944092,2025-07-31,0.0,7.8671095e-05,0.005005382
MA-PL-63,Wareham 5.6 NE,41.800413009,-70.632944092,2025-08-01,0.44,0.38973132,0.6227012
MA-PL-63,Wareham 5.6 NE,41.800413009,-70.632944092,2025-08-02,0.14,0.050805684,0.060693957
MA-PL-63,Wareham 5.6 NE,41.800413009,-70.632944092,2025-08-03,0.0,0.0,0.0
MA-PL-63,Wareham 5.6 NE,41.800413009,-70.632944092,2025-08-04,0.0,0.0,0.0
MA-PL-63,Wareham 5.6 NE,41.800413009,-70.632944092,2025-08-05,0.0,0.0,0.0
MA-PL-63,Wareham 5.6 NE,41.800413009,-70.632944092,2025-08-06,0.0,0.0,3.9335548e-05
MA-PL-63,Wareham 5.6 NE,41.800413009,-70.632944092,2025-08-07,0.0,0.0,0.0
MA-PL-63,Wareham 5.6 NE,41.800413009,-70.632944092,2025-08-08,0.0,0.0,0.0
MA-PL-63,Wareham 5.6 NE,41.800413009,-70.632944092,2025-08-09,0.0,0.0,0.0
MA-PL-63,Wareham 5.6 NE,41.800413009,-70.632944092,2025-08-10,0.0,0.0,7.8671095e-05
MA-PL-63,Wareham 5.6 NE,41.800413009,-70.632944092,2025-08-11,0.0,0.0,0.0
MA-PL-63,Wareham 5.6 NE,41.800413009,-70.632944092,2025-08-12,0.0,0.0,0.0
MA-PL-63,Wareham 5.6 NE,41.800413009,-70.632944092,2025-08-13,0.0,0.0,0.00023654127
MA-PL-63,Wareham 5.6 NE,41.800413009,-70.632944092,2025-08-14,0.0,0.0020454484,0.004919847
MA-PL-63,Wareham 5.6 NE,41.800413009,-70.632944092,2025-08-15,0.0,0.0036267901,0.14208658
MA-PL-63,Wareham 5.6 NE,41.800413009,-70.632944092,2025-08-16,0.0,0.0,0.00011800665
MA-PL-63,Wareham 5.6 NE,41.800413009,-70.632944092,2025-08-17,0.0,0.003108828,0.0007481674
MA-PL-63,Wareham 5.6 NE,41.800413009,-70.632944092,2025-08-18,0.05,0.001727596,0.10294614
MA-PL-63,Wareham 5.6 NE,41.800413009,-70.632944092,2025-08-19,0.0,0.0020063769,0.0
MA-PL-63,Wareham 5.6 NE,41.800413009,-70.632944092,2025-08-20,0.0,0.0,0.0
MA-PL-63,Wareham 5.6 NE,41.800413009,-70.632944092,2025-08-21,0.94,0.87469584,0.62805057
MA-PL-63,Wareham 5.6 NE,41.800413009,-70.632944092,2025-08-22,0.0,0.016929597,0.11997711
MA-PL-63,Wareham 5.6 NE,41.800413009,-70.632944092,2025-08-23,0.0,0.0,0.0
MA-PL-63,Wareham 5.6 NE,41.800413009,-70.632944092,2025-08-24,0.0,0.0,0.0
MA-PL-63,Wareham 5.6 NE,41.800413009,-70.632944092,2025-08-25,0.0,0.00039282747,0.0
MA-PL-63,Wareham 5.6 NE,41.800413009,-70.632944092,2025-08-26,0.0,3.9335548e-05,0.0
MA-PL-63,Wareham 5.6 NE,41.800413009,-70.632944092,2025-08-27,0.0,0.0,0.0
MA-PL-63,Wareham 5.6 NE,41.800413009,-70.632944092,2025-08-28,0.18,0.0,0.00078565493
MA-PL-63,Wareham 5.6 NE,41.800413009,-70.632944092,2025-08-29,0.0,0.0,0.0
MA-PL-63,Wareham 5.6 NE,41.800413009,-70.632944092,2025-08-30,0.32,0.26900917,0.13276725
MA-PL-63,Wareham 5.6 NE,41.800413009,-70.632944092,2025-08-31,0.0,0.0,0.0
MA-PL-63,Wareham 5.6 NE,41.800413009,-70.632944092,2025-09-01,0.0,0.0,0.0
MA-PL-63,Wareham 5.6 NE,41.800413009,-70.632944092,2025-09-02,0.0,0.0,0.00039282747
MA-PL-63,Wareham 5.6 NE,41.800413009,-70.632944092,2025-09-03,0.0,0.0,0.0
MA-PL-63,Wareham 5.6 NE,41.800413009,-70.632944092,2025-09-04,0.0,0.0,0.0
MA-PL-63,Wareham 5.6 NE,41.800413009,-70.632944092,2025-09-05,0.05,0.0019683612,0.0023654127
MA-PL-63,Wareham 5.6 NE,41.800413009,-70.632944092,2025-09-06,0.0,0.012570478,0.00039282747
MA-PL-63,Wareham 5.6 NE,41.800413009,-70.632944092,2025-09-07,0.03,0.0066907387,0.01391924
MA-PL-63,Wareham 5.6 NE,41.800413009,-70.632944092,2025-09-08,1.07,0.2990304,0.23458557
MA-PL-63,Wareham 5.6 NE,41.800413009,-70.632944092,2025-09-09,0.0,0.0,0.0
MA-PL-63,Wareham 5.6 NE,41.800413009,-70.632944092,2025-09-10,0.0,0.0031468438,0.12228339
MA-PL-63,Wareham 5.6 NE,41.800413009,-70.632944092,2025-09-11,0.0,0.005906404,0.33622864
MA-PL-63,Wareham 5.6 NE,41.800413009,-70.632944092,2025-09-12,0.0,0.0,0.0011404669
MA-PL-63,Wareham 5.6 NE,41.800413009,-70.632944092,2025-09-13,0.0,0.0,0.0
MA-PL-63,Wareham 5.6 NE,41.800413009,-70.632944092,2025-09-14,0.0,0.00039282747,0.071959235
MA-PL-63,Wareham 5.6 NE,41.800413009,-70.632944092,2025-09-15,0.0,0.0,0.00039282747
MA-PL-63,Wareham 5.6 NE,41.800413009,-70.632944092,2025-09-16,0.0,0.0,0.0
MA-PL-63,Wareham 5.6 NE,41.800413009,-70.632944092,2025-09-17,0.0,0.0,0.0
MA-PL-63,Wareham 5.6 NE,41.800413009,-70.632944092,2025-09-18,1.15,0.03502923,0.0058966363
MA-PL-63,Wareham 5.6 NE,41.800413009,-70.632944092,2025-09-19,0.0,0.0031848592,0.0032297387
MA-PL-63,Wareham 5.6 NE,41.800413009,-70.632944092,2025-09-20,0.0,0.0,0.0
MA-PL-63,Wareham 5.6 NE,41.800413009,-70.632944092,2025-09-21,0.0,0.0,0.0
MA-PL-63,Wareham 5.6 NE,41.800413009,-70.632944092,2025-09-22,0.0,0.0,0.0
MA-PL-63,Wareham 5.6 NE,41.800413009,-70.632944092,2025-09-23,0.0,0.0,0.0
MA-PL-63,Wareham 5.6 NE,41.800413009,-70.632944092,2025-09-24,0.04,7.8671095e-05,7.8671095e-05
MA-PL-63,Wareham 5.6 NE,41.800413009,-70.632944092,2025-09-25,0.68,0.42265412,0.36571157
MA-PL-63,Wareham 5.6 NE,41.800413009,-70.632944092,2025-09-26,2.12,0.16155188,2.0024064
MA-PL-63,Wareham 5.6 NE,41.800413009,-70.632944092,2025-09-27,0.0,0.0,0.0019683612
MA-PL-63,Wareham 5.6 NE,41.800413009,-70.632944092,2025-09-28,0.05,0.0058227167,0.006644275
MA-PL-63,Wareham 5.6 NE,41.800413009,-70.632944092,2025-09-29,0.0,0.0,0.0
MA-PL-63,Wareham 5.6 NE,41.800413009,-70.632944092,2025-09-30,0.0,0.0,0.0
MA-PL-63,Wareham 5.6 NE,41.800413009,-70.632944092,2025-10-01,0.0,0.0,0.0
MA-PL-63,Wareham 5.6 NE,41.800413009,-70.632944092,2025-10-02,0.0,0.0,0.0
MA-PL-63,Wareham 5.6 NE,41.800413009,-70.632944092,2025-10-03,0.0,0.0,0.0
MA-PL-63,Wareham 5.6 NE,41.800413009,-70.632944092,2025-10-04,0.0,0.0,0.0
MA-PL-63,Wareham 5.6 NE,41.800413009,-70.632944092,2025-10-05,0.0,0.0,0.0
MA-PL-63,Wareham 5.6 NE,41.800413009,-70.632944092,2025-10-06,0.0,0.0,0.0
MA-PL-63,Wareham 5.6 NE,41.800413009,-70.632944092,2025-10-07,0.0,0.0,0.0
MA-PL-63,Wareham 5.6 NE,41.800413009,-70.632944092,2025-10-08,0.0,0.0011827063,0.00078565493
MA-PL-63,Wareham 5.6 NE,41.800413009,-70.632944092,2025-10-09,1.22,0.35344547,1.4265747
MA-PL-63,Wareham 5.6 NE,41.800413009,-70.632944092,2025-10-10,0.0,0.0,0.0
MA-PL-63,Wareham 5.6 NE,41.800413009,-70.632944092,2025-10-11,0.0,0.001300713,7.8671095e-05
MA-PL-63,Wareham 5.6 NE,41.800413009,-70.632944092,2025-10-12,0.0,0.0,0.005122861
MA-PL-63,Wareham 5.6 NE,41.800413009,-70.632944092,2025-10-13,2.42,1.4818466,0.7950997
MA-PL-63,Wareham 5.6 NE,41.800413009,-70.632944092,2025-10-14,3.06,1.4293555,2.4869442
MA-PL-63,Wareham 5.6 NE,41.800413009,-70.632944092,2025-10-15,0.71,0.48859552,0.12733787
MA-PL-63,Wareham 5.6 NE,41.800413009,-70.632944092,2025-10-16,0.0,0.0,7.8671095e-05
MA-PL-63,Wareham 5.6 NE,41.800413009,-70.632944092,2025-10-17,0.0,0.0010620598,0.03809001
MA-PL-63,Wareham 5.6 NE,41.800413009,-70.632944092,2025-10-18,0.0,0.0,0.0
MA-PL-63,Wareham 5.6 NE,41.800413009,-70.632944092,2025-10-19,0.0,0.0,0.0
MA-PL-63,Wareham 5.6 NE,41.800413009,-70.632944092,2025-10-20,0.0,0.0,0.000432163
MA-PL-63,Wareham 5.6 NE,41.800413009,-70.632944092,2025-10-21,0.74,0.7359348,0.4897925
MA-PL-63,Wareham 5.6 NE,41.800413009,-70.632944092,2025-10-22,0.0,0.0,0.00078565493
MA-PL-63,Wareham 5.6 NE,41.800413009,-70.632944092,2025-10-23,0.12,0.02103475,0.040820267
MA-PL-63,Wareham 5.6 NE,41.800413009,-70.632944092,2025-10-24,0.0,0.0,0.0
MA-PL-63,Wareham 5.6 NE,41.800413009,-70.632944092,2025-10-25,0.03,0.0046294504,0.0
MA-PL-63,Wareham 5.6 NE,41.800413009,-70.632944092,2025-10-26,0.0,0.0,0.0
MA-PL-63,Wareham 5.6 NE,41.800413009,-70.632944092,2025-10-27,0.0,0.0,0.00078565493
MA-PL-63,Wareham 5.6 NE,41.800413009,-70.632944092,2025-10-28,0.04,0.012198771,0.09260591
MA-PL-63,Wareham 5.6 NE,41.800413009,-70.632944092,2025-10-29,0.02,0.0042881025,0.19197014
MA-PL-63,Wareham 5.6 NE,41.800413009,-70.632944092,2025-10-30,0.09,0.024062531,0.07149592
MA-PL-63,Wareham 5.6 NE,41.800413009,-70.632944092,2025-10-31,1.63,1.3426275,1.933656
MA-PL-63,Wareham 5.6 NE,41.800413009,-70.632944092,2025-11-01,0.0,0.0,0.00090339757
MA-PL-63,Wareham 5.6 NE,41.800413009,-70.632944092,2025-11-02,0.0,0.0,0.0
MA-PL-63,Wareham 5.6 NE,41.800413009,-70.632944092,2025-11-03,0.0,0.0,0.0
MA-PL-63,Wareham 5.6 NE,41.800413009,-70.632944092,2025-11-04,0.22,0.14984097,0.5538994
MA-PL-63,Wareham 5.6 NE,41.800413009,-70.632944092,2025-11-05,0.0,0.0,0.0
MA-PL-63,Wareham 5.6 NE,41.800413009,-70.632944092,2025-11-06,0.05,0.0,0.0003548119
MA-PL-63,Wareham 5.6 NE,41.800413009,-70.632944092,2025-11-07,0.0,0.0,0.0
MA-PL-63,Wareham 5.6 NE,41.800413009,-70.632944092,2025-11-08,0.03,0.0025554905,0.25264722
MA-PL-63,Wareham 5.6 NE,41.800413009,-70.632944092,2025-11-09,0.06,0.09444121,0.13679399
MA-PL-63,Wareham 5.6 NE,41.800413009,-70.632944092,2025-11-10,1.78,0.19627751,0.085754655
MA-PL-63,Wareham 5.6 NE,41.800413009,-70.632944092,2025-11-11,0.13,0.20146558,0.15455993
MA-PL-63,Wareham 5.6 NE,41.800413009,-70.632944092,2025-11-12,0.0,0.00070803985,0.0008249905
MA-PL-63,Wareham 5.6 NE,41.800413009,-70.632944092,2025-11-13,0.0,7.8671095e-05,0.010844203
MA-PL-63,Wareham 5.6 NE,41.800413009,-70.632944092,2025-11-14,0.01,0.019326689,0.0070397425
MA-PL-63,Wareham 5.6 NE,41.800413009,-70.632944092,2025-11-15,0.0,0.0,0.000432163
MA-PL-63,Wareham 5.6 NE,41.800413009,-70.632944092,2025-11-16,0.88,0.43147928,0.650894
MA-PL-63,Wareham 5.6 NE,41.800413009,-70.632944092,2025-11-17,0.0,0.0,0.0
MA-PL-63,Wareham 5.6 NE,41.800413009,-70.632944092,2025-11-18,0.0,0.0,0.0
MA-PL-63,Wareham 5.6 NE,41.800413009,-70.632944092,2025-11-19,0.0,0.0,0.0
MA-PL-63,Wareham 5.6 NE,41.800413009,-70.632944092,2025-11-20,0.0,0.0,0.016462058
MA-PL-63,Wareham 5.6 NE,41.800413009,-70.632944092,2025-11-21,0.0,0.0,0.0
MA-PL-63,Wareham 5.6 NE,41.800413009,-70.632944092,2025-11-22,0.01,0.0,0.0
MA-PL-63,Wareham 5.6 NE,41.800413009,-70.632944092,2025-11-23,0.47,0.21257167,0.0043337736
MA-PL-63,Wareham 5.6 NE,41.800413009,-70.632944092,2025-11-24,0.02,0.078366965,0.055078477
MA-PL-63,Wareham 5.6 NE,41.800413009,-70.632944092,2025-11-25,0.0,0.0,0.0
MA-PL-63,Wareham 5.6 NE,41.800413009,-70.632944092,2025-11-26,0.29,0.47772887,0.4196818
MA-PL-63,Wareham 5.6 NE,41.800413009,-70.632944092,2025-11-27,0.02,0.041583218,0.454457
MA-PL-63,Wareham 5.6 NE,41.800413009,-70.632944092,2025-11-28,0.0,0.0,0.0
MA-PL-63,Wareham 5.6 NE,41.800413009,-70.632944092,2025-11-29,0.0,7.8671095e-05,0.0057530217
MA-PL-63,Wareham 5.6 NE,41.800413009,-70.632944092,2025-11-30,0.0,0.0,0.0
MA-PL-63,Wareham 5.6 NE,41.800413009,-70.632944092,2025-12-01,0.98,0.39377365,0.26387024
MA-PL-63,Wareham 5.6 NE,41.800413009,-70.632944092,2025-12-02,0.0,0.0,0.0
MA-PL-63,Wareham 5.6 NE,41.800413009,-70.632944092,2025-12-03,0.95,1.0802501,0.9474745
MA-PL-63,Wareham 5.6 NE,41.800413009,-70.632944092,2025-12-04,0.0,0.001216498,0.0049729105
MA-PL-63,Wareham 5.6 NE,41.800413009,-70.632944092,2025-12-05,0.0,0.00015734219,0.0025174748
MA-PL-63,Wareham 5.6 NE,41.800413009,-70.632944092,2025-12-06,0.0,0.0,0.0024765555
MA-PL-63,Wareham 5.6 NE,41.800413009,-70.632944092,2025-12-07,0.03,0.00074869534,0.10523684
MA-PL-63,Wareham 5.6 NE,41.800413009,-70.632944092,2025-12-08,0.0,0.0,0.000432163
MA-PL-63,Wareham 5.6 NE,41.800413009,-70.632944092,2025-12-09,0.0,0.0,0.0007077759
MA-PL-63,Wareham 5.6 NE,41.800413009,-70.632944092,2025-12-10,0.03,0.013440613,0.0
MA-PL-63,Wareham 5.6 NE,41.800413009,-70.632944092,2025-12-11,0.01,0.011302237,0.084078275
MA-PL-63,Wareham 5.6 NE,41.800413009,-70.632944092,2025-12-12,0.0,3.9335548e-05,0.0006673843
MA-PL-63,Wareham 5.6 NE,41.800413009,-70.632944092,2025-12-13,0.0,0.0,0.0
MA-PL-63,Wareham 5.6 NE,41.800413009,-70.632944092,2025-12-14,0.19,0.12984136,0.086292416
MA-PL-63,Wareham 5.6 NE,41.800413009,-70.632944092,2025-12-15,0.15,0.2650466,0.25011757
MA-PL-63,Wareham 5.6 NE,41.800413009,-70.632944092,2025-12-16,0.0,0.0,0.0
MA-PL-63,Wareham 5.6 NE,41.800413009,-70.632944092,2025-12-17,0.0,0.0,0.0
MA-PL-63,Wareham 5.6 NE,41.800413009,-70.632944092,2025-12-18,0.0,0.0,0.0
MA-PL-63,Wareham 5.6 NE,41.800413009,-70.632944092,2025-12-19,0.09,0.021496216,0.011218814
MA-PL-63,Wareham 5.6 NE,41.800413009,-70.632944092,2025-12-20,0.52,0.35885978,0.45965856
MA-PL-63,Wareham 5.6 NE,41.800413009,-70.632944092,2025-12-21,0.0,0.0,0.0
MA-PL-63,Wareham 5.6 NE,41.800413009,-70.632944092,2025-12-22,0.0,0.0,0.0
MA-PL-63,Wareham 5.6 NE,41.800413009,-70.632944092,2025-12-23,0.0,0.0,0.049707457
MA-PL-63,Wareham 5.6 NE,41.800413009,-70.632944092,2025-12-24,0.13,0.19803573,0.2700285
MA-PL-63,Wareham 5.6 NE,41.800413009,-70.632944092,2025-12-25,0.02,0.0605873,0.114949554
MA-PL-63,Wareham 5.6 NE,41.800413009,-70.632944092,2025-12-26,0.01,0.0,0.00137912
MA-PL-63,Wareham 5.6 NE,41.800413009,-70.632944092,2025-12-27,0.27,0.1911676,0.09077694
MA-PL-63,Wareham 5.6 NE,41.800413009,-70.632944092,2025-12-28,0.01,0.018762792,0.024414439
MA-PL-63,Wareham 5.6 NE,41.800413009,-70.632944092,2025-12-29,0.27,0.34206668,0.7748184
MA-PL-63,Wareham 5.6 NE,41.800413009,-70.632944092,2025-12-30,0.3,0.3335034,0.66107374
MA-PL-63,Wareham 5.6 NE,41.800413009,-70.632944092,2025-12-31,0.0,0.0,0.00031494838
MA-PL-63,Wareham 5.6 NE,41.800413009,-70.632944092,2026-01-01,0.12,0.15982798,0.14245962
MA-PL-63,Wareham 5.6 NE,41.800413009,-70.632944092,2026-01-02,0.07,0.096210256,0.089868784
MA-PL-63,Wareham 5.6 NE,41.800413009,-70.632944092,2026-01-03,0.0,0.0,0.0
MA-PL-63,Wareham 5.6 NE,41.800413009,-70.632944092,2026-01-04,0.0,0.0,0.035507854
MA-PL-63,Wareham 5.6 NE,41.800413009,-70.632944092,2026-01-05,0.02,0.019033125,0.008067747
MA-PL-63,Wareham 5.6 NE,41.800413009,-70.632944092,2026-01-06,0.05,0.016487401,0.16267413
MA-PL-63,Wareham 5.6 NE,41.800413009,-70.632944092,2026-01-07,0.07,0.050135396,0.05439974
MA-PL-63,Wareham 5.6 NE,41.800413009,-70.632944092,2026-01-08,0.06,0.046805605,0.029486611
MA-PL-63,Wareham 5.6 NE,41.800413009,-70.632944092,2026-01-09,0.0,0.0,0.0
MA-PL-63,Wareham 5.6 NE,41.800413009,-70.632944092,2026-01-10,0.07,0.005305283,0.044327993
MA-PL-63,Wareham 5.6 NE,41.800413009,-70.632944092,2026-01-11,0.63,1.1208334,0.259283
MA-PL-63,Wareham 5.6 NE,41.800413009,-70.632944092,2026-01-12,0.01,0.010839978,0.293176
MA-PL-63,Wareham 5.6 NE,41.800413009,-70.632944092,2026-01-13,0.0,0.0,0.0
MA-PL-63,Wareham 5.6 NE,41.800413009,-70.632944092,2026-01-14,0.0,0.0,7.8671095e-05
MA-PL-63,Wareham 5.6 NE,41.800413009,-70.632944092,2026-01-15,0.0,0.0017698356,0.074776605
MA-PL-63,Wareham 5.6 NE,41.800413009,-70.632944092,2026-01-16,0.0,0.012840812,0.019080643
MA-PL-63,Wareham 5.6 NE,41.800413009,-70.632944092,2026-01-17,0.0,0.0,0.030116772
MA-PL-63,Wareham 5.6 NE,41.800413009,-70.632944092,2026-01-18,0.0,0.014147068,0.03978962
MA-PL-63,Wareham 5.6 NE,41.800413009,-70.632944092,2026-01-19,0.84,0.49813902,0.91523945
MA-PL-63,Wareham 5.6 NE,41.800413009,-70.632944092,2026-01-20,0.0,0.037211426,0.013685603
MA-PL-63,Wareham 5.6 NE,41.800413009,-70.632944092,2026-01-21,0.0,0.0,0.0
MA-PL-63,Wareham 5.6 NE,41.800413009,-70.632944092,2026-01-22,0.0,0.0013347686,0.0047984086
MA-PL-63,Wareham 5.6 NE,41.800413009,-70.632944092,2026-01-23,0.0,0.00011827063,0.0
MA-PL-63,Wareham 5.6 NE,41.800413009,-70.632944092,2026-01-24,0.0,0.0,0.0
MA-PL-63,Wareham 5.6 NE,41.800413009,-70.632944092,2026-01-25,0.0,0.0,0.0
MA-PL-63,Wareham 5.6 NE,41.800413009,-70.632944092,2026-01-26,1.72,1.3780494,1.3908231
MA-PL-63,Wareham 5.6 NE,41.800413009,-70.632944092,2026-01-27,0.19,0.20333257,0.24175495
MA-PL-63,Wareham 5.6 NE,41.800413009,-70.632944092,2026-01-28,0.0,0.0024382758,0.0018865223
MA-PL-63,Wareham 5.6 NE,41.800413009,-70.632944092,2026-01-29,0.0,0.0,0.0
MA-PL-63,Wareham 5.6 NE,41.800413009,-70.632944092,2026-01-30,0.0,7.8671095e-05,0.0
MA-PL-63,Wareham 5.6 NE,41.800413009,-70.632944092,2026-01-31,0.0,0.0,0.0
MA-PL-63,Wareham 5.6 NE,41.800413009,-70.632944092,2026-02-01,0.01,0.0027165287,0.0263894
MA-PL-63,Wareham 5.6 NE,41.800413009,-70.632944092,2026-02-02,0.02,0.015925616,0.0154646775
MA-PL-63,Wareham 5.6 NE,41.800413009,-70.632944092,2026-02-03,0.0,0.0,0.0
MA-PL-63,Wareham 5.6 NE,41.800413009,-70.632944092,2026-02-04,0.0,0.0,0.0008260465
MA-PL-63,Wareham 5.6 NE,41.800413009,-70.632944092,2026-02-05,0.0,0.0,3.9335548e-05
MA-PL-63,Wareham 5.6 NE,41.800413009,-70.632944092,2026-02-06,0.0,0.0022429181,7.8671095e-05
MA-PL-63,Wareham 5.6 NE,41.800413009,-70.632944092,2026-02-07,0.0,0.007393499,0.0061849207
MA-PL-63,Wareham 5.6 NE,41.800413009,-70.632944092,2026-02-08,0.24,0.070860185,0.5490994
MA-PL-63,Wareham 5.6 NE,41.800413009,-70.632944092,2026-02-09,0.0,0.00023654127,0.00031468438
MA-PL-63,Wareham 5.6 NE,41.800413009,-70.632944092,2026-02-10,0.0,0.0,0.0
MA-PL-63,Wareham 5.6 NE,41.800413009,-70.632944092,2026-02-11,0.25,0.24299943,0.1914688
MA-PL-63,Wareham 5.6 NE,41.800413009,-70.632944092,2026-02-12,0.0,0.0008257825,0.0029124145
MA-PL-63,Wareham 5.6 NE,41.800413009,-70.632944092,2026-02-13,0.0,0.0,0.0039691944
MA-PL-63,Wareham 5.6 NE,41.800413009,-70.632944092,2026-02-14,0.0,0.0,0.0
MA-PL-63,Wareham 5.6 NE,41.800413009,-70.632944092,2026-02-15,0.0,0.0,7.8671095e-05
MA-PL-63,Wareham 5.6 NE,41.800413009,-70.632944092,2026-02-16,0.0,0.0,0.0
MA-PL-63,Wareham 5.6 NE,41.800413009,-70.632944092,2026-02-17,0.0,0.0,0.0
MA-PL-63,Wareham 5.6 NE,41.800413009,-70.632944092,2026-02-18,0.0,0.00015734219,0.0053488426
MA-PL-63,Wareham 5.6 NE,41.800413009,-70.632944092,2026-02-19,0.15,0.16790946,0.52161574
MA-PL-63,Wareham 5.6 NE,41.800413009,-70.632944092,2026-02-20,0.0,0.0,0.0
MA-PL-63,Wareham 5.6 NE,41.800413009,-70.632944092,2026-02-21,0.51,0.4506449,0.6343699
MA-PL-63,Wareham 5.6 NE,41.800413009,-70.632944092,2026-02-22,0.0,0.009678128,0.062256556
MA-PL-63,Wareham 5.6 NE,41.800413009,-70.632944092,2026-02-23,0.83,0.7989857,0.75161994
MA-PL-63,Wareham 5.6 NE,41.800413009,-70.632944092,2026-02-24,2.51,1.3601567,1.6773788
MA-PL-63,Wareham 5.6 NE,41.800413009,-70.632944092,2026-02-25,0.0,0.0,0.0071551097
MA-PL-63,Wareham 5.6 NE,41.800413009,-70.632944092,2026-02-26,0.06,0.044617597,0.2560137
MA-PL-63,Wareham 5.6 NE,41.800413009,-70.632944092,2026-02-27,0.0,0.0,0.0
MA-PL-63,Wareham 5.6 NE,41.800413009,-70.632944092,2026-02-28,0.0,0.0,0.0
MA-PL-63,Wareham 5.6 NE,41.800413009,-70.632944092,2026-03-01,0.0,3.9335548e-05,0.0
MA-PL-63,Wareham 5.6 NE,41.800413009,-70.632944092,2026-03-02,0.02,0.0441065,0.072719544
MA-PL-63,Wareham 5.6 NE,41.800413009,-70.632944092,2026-03-03,0.0,0.0,0.0
MA-PL-63,Wareham 5.6 NE,41.800413009,-70.632944092,2026-03-04,0.72,0.7615615,0.35926077
MA-PL-63,Wareham 5.6 NE,41.800413009,-70.632944092,2026-03-05,0.0,3.9335548e-05,3.9335548e-05
MA-PL-63,Wareham 5.6 NE,41.800413009,-70.632944092,2026-03-06,0.99,0.99000126,0.6409788
MA-PL-63,Wareham 5.6 NE,41.800413009,-70.632944092,2026-03-07,0.11,0.07885193,0.21592891
MA-PL-63,Wareham 5.6 NE,41.800413009,-70.632944092,2026-03-08,0.02,0.045538947,0.058722954
MA-PL-63,Wareham 5.6 NE,41.800413009,-70.632944092,2026-03-09,0.01,0.013892048,0.046226922
MA-PL-63,Wareham 5.6 NE,41.800413009,-70.632944092,2026-03-10,0.0,0.00039414744,0.0
MA-PL-63,Wareham 5.6 NE,41.800413009,-70.632944092,2026-03-11,0.0,0.0,0.0
MA-PL-63,Wareham 5.6 NE,41.800413009,-70.632944092,2026-03-12,0.09,0.11293605,0.107678026
MA-PL-63,Wareham 5.6 NE,41.800413009,-70.632944092,2026-03-13,0.06,0.17353417,0.14289469
MA-PL-63,Wareham 5.6 NE,41.800413009,-70.632944092,2026-03-14,0.04,0.06545435,0.084236674
MA-PL-63,Wareham 5.6 NE,41.800413009,-70.632944092,2026-03-15,0.0,0.0,0.0
MA-PL-63,Wareham 5.6 NE,41.800413009,-70.632944092,2026-03-16,0.15,0.037925273,0.26803505
MA-PL-63,Wareham 5.6 NE,41.800413009,-70.632944092,2026-03-17,1.21,1.5160521,1.5895262
MA-PL-63,Wareham 5.6 NE,41.800413009,-70.632944092,2026-03-18,0.0,0.012063605,0.0028384952
MA-PL-63,Wareham 5.6 NE,41.800413009,-70.632944092,2026-03-19,0.0,0.0,0.00011827063
MA-PL-63,Wareham 5.6 NE,41.800413009,-70.632944092,2026-03-20,0.0,0.0,0.0
MA-PL-63,Wareham 5.6 NE,41.800413009,-70.632944092,2026-03-21,0.28,0.216317,0.102388576
MA-PL-63,Wareham 5.6 NE,41.800413009,-70.632944092,2026-03-22,0.0,0.0005124181,0.00026346897
MA-PL-63,Wareham 5.6 NE,41.800413009,-70.632944092,2026-03-23,1.47,1.0030419,1.0438422
MA-PL-63,Wareham 5.6 NE,41.800413009,-70.632944092,2026-03-24,0.74,0.7575741,0.22075607
MA-PL-63,Wareham 5.6 NE,41.800413009,-70.632944092,2026-03-25,0.0,0.0015765898,0.00047308253
MA-PL-63,Wareham 5.6 NE,41.800413009,-70.632944092,2026-03-26,0.01,0.0,0.0062894635
MA-PL-63,Wareham 5.6 NE,41.800413009,-70.632944092,2026-03-27,0.16,0.14459985,0.52355033
MA-PL-63,Wareham 5.6 NE,41.800413009,-70.632944092,2026-03-28,0.0,0.012190323,0.076151505
MA-PL-63,Wareham 5.6 NE,41.800413009,-70.632944092,2026-03-29,0.0,0.00082710246,0.021699758
MA-PL-63,Wareham 5.6 NE,41.800413009,-70.632944092,2026-03-30,0.0,0.0,0.0
MA-PL-63,Wareham 5.6 NE,41.800413009,-70.632944092,2026-03-31,0.03,0.0006673843,0.008515486
MA-PL-63,Wareham 5.6 NE,41.800413009,-70.632944092,2026-04-01,0.15,0.1359352,0.042301286
MA-PL-63,Wareham 5.6 NE,41.800413009,-70.632944092,2026-04-02,0.93,0.50977314,0.10537227
MA-PL-63,Wareham 5.6 NE,41.800413009,-70.632944092,2026-04-03,0.3,0.5269918,0.25010517
MA-PL-63,Wareham 5.6 NE,41.800413009,-70.632944092,2026-04-04,0.01,0.054977365,0.009989117
MA-PL-63,Wareham 5.6 NE,41.800413009,-70.632944092,2026-04-05,0.07,0.01806584,0.008853402
MA-PL-63,Wareham 5.6 NE,41.800413009,-70.632944092,2026-04-06,0.27,0.21561529,0.28706107
MA-PL-63,Wareham 5.6 NE,41.800413009,-70.632944092,2026-04-07,0.0,0.006226104,0.08147157
MA-PL-63,Wareham 5.6 NE,41.800413009,-70.632944092,2026-04-08,0.14,0.102785625,0.10675615
MA-PL-63,Wareham 5.6 NE,41.800413009,-70.632944092,2026-04-09,0.0,0.0,0.0
MA-PL-63,Wareham 5.6 NE,41.800413009,-70.632944092,2026-04-10,0.0,0.0,0.0
MA-PL-63,Wareham 5.6 NE,41.800413009,-70.632944092,2026-04-11,0.01,0.0002360133,0.0029155824
MA-PL-63,Wareham 5.6 NE,41.800413009,-70.632944092,2026-04-12,0.0,0.0,0.0
MA-PL-63,Wareham 5.6 NE,41.800413009,-70.632944092,2026-04-13,0.02,0.007220052,0.018583538
MA-PL-63,Wareham 5.6 NE,41.800413009,-70.632944092,2026-04-14,0.01,0.0038474917,0.016091142
MA-PL-63,Wareham 5.6 NE,41.800413009,-70.632944092,2026-04-15,0.08,0.0017740595,0.00067002425
MA-PL-63,Wareham 5.6 NE,41.800413009,-70.632944092,2026-04-16,0.41,0.19796658,0.28074598
MA-PL-63,Wareham 5.6 NE,41.800413009,-70.632944092,2026-04-17,0.0,0.054759305,0.0008257825
MA-PL-63,Wareham 5.6 NE,41.800413009,-70.632944092,2026-04-18,0.05,0.015023011,0.11685112
MA-PL-63,Wareham 5.6 NE,41.800413009,-70.632944092,2026-04-19,0.02,0.0100680515,0.006338567
MA-PL-63,Wareham 5.6 NE,41.800413009,-70.632944092,2026-04-20,0.17,0.12020467,0.3416316
MA-PL-63,Wareham 5.6 NE,41.800413009,-70.632944092,2026-04-21,0.35,0.0023989405,0.24252793
MA-PL-63,Wareham 5.6 NE,41.800413009,-70.632944092,2026-04-22,0.01,0.0,0.003305242
MA-PL-63,Wareham 5.6 NE,41.800413009,-70.632944092,2026-04-23,0.03,0.005348314,0.02790791
MA-PL-63,Wareham 5.6 NE,41.800413009,-70.632944092,2026-04-24,0.0,0.00019667773,0.0
MA-PL-63,Wareham 5.6 NE,41.800413009,-70.632944092,2026-04-25,0.0,0.0,0.0
MA-PL-63,Wareham 5.6 NE,41.800413009,-70.632944092,2026-04-26,0.0,0.0036157025,0.0027540163
MA-PL-63,Wareham 5.6 NE,41.800413009,-70.632944092,2026-04-27,0.0,0.010193715,0.05434351
MA-PL-63,Wareham 5.6 NE,41.800413009,-70.632944092,2026-04-28,0.0,0.0,0.032642696
MA-PL-63,Wareham 5.6 NE,41.800413009,-70.632944092,2026-04-29,0.0,0.0,3.9335548e-05
MA-PL-63,Wareham 5.6 NE,41.800413009,-70.632944092,2026-04-30,0.03,0.034230903,0.0
MA-PL-63,Wareham 5.6 NE,41.800413009,-70.632944092,2026-05-01,0.04,0.021340458,0.102452464
MA-PL-63,Wareham 5.6 NE,41.800413009,-70.632944092,2026-05-02,0.0,0.0,0.00011800664
MA-PL-63,Wareham 5.6 NE,41.800413009,-70.632944092,2026-05-03,0.36,0.41064408,0.90236825
MA-PL-63,Wareham 5.6 NE,41.800413009,-70.632944092,2026-05-04,0.0,0.07653219,0.111048736
MA-PL-63,Wareham 5.6 NE,41.800413009,-70.632944092,2026-05-05,0.0,0.0,0.0
MA-PL-63,Wareham 5.6 NE,41.800413009,-70.632944092,2026-05-06,0.0,0.0,3.9335548e-05
MA-PL-63,Wareham 5.6 NE,41.800413009,-70.632944092,2026-05-07,0.56,0.2555279,0.37299946
MA-PL-63,Wareham 5.6 NE,41.800413009,-70.632944092,2026-05-08,0.07,0.13095939,0.0061049294
MA-PL-63,Wareham 5.6 NE,41.800413009,-70.632944092,2026-05-09,0.02,0.0014569992,0.00039335547
MA-PL-63,Wareham 5.6 NE,41.800413009,-70.632944092,2026-05-10,0.16,0.47427583,0.55479515
MA-PL-63,Wareham 5.6 NE,41.800413009,-70.632944092,2026-05-11,0.21,0.12792474,0.032538418
MA-PL-63,Wareham 5.6 NE,41.800413009,-70.632944092,2026-05-12,0.0,0.02162663,0.0298042
MA-PL-63,Wareham 5.6 NE,41.800413009,-70.632944092,2026-05-13,0.0,0.0,0.0
MA-PL-63,Wareham 5.6 NE,41.800413009,-70.632944092,2026-05-14,0.0,0.0023611886,3.9335548e-05
MA-PL-63,Wareham 5.6 NE,41.800413009,-70.632944092,2026-05-15,0.07,1.4782788,0.31948093
MA-PL-63,Wareham 5.6 NE,41.800413009,-70.632944092,2026-05-16,0.0,0.0,0.008227993
MA-PL-63,Wareham 5.6 NE,41.800413009,-70.632944092,2026-05-17,0.02,0.04044222,0.011350812
MA-PL-63,Wareham 5.6 NE,41.800413009,-70.632944092,2026-05-18,0.0,0.0082789445,0.007439698
MA-PL-63,Wareham 5.6 NE,41.800413009,-70.632944092,2026-05-19,0.0,7.8671095e-05,0.00039282747
MA-PL-63,Wareham 5.6 NE,41.800413009,-70.632944092,2026-05-20,0.01,0.0,0.0
MA-PL-63,Wareham 5.6 NE,41.800413009,-70.632944092,2026-05-21,0.02,0.106485814,0.17886744
MA-PL-63,Wareham 5.6 NE,41.800413009,-70.632944092,2026-05-22,0.01,0.0015322383,0.002082408
MA-PL-63,Wareham 5.6 NE,41.800413009,-70.632944092,2026-05-23,0.0,0.0,0.0
MA-PL-63,Wareham 5.6 NE,41.800413009,-70.632944092,2026-05-24,0.03,0.04868526,0.1293036
MA-PL-63,Wareham 5.6 NE,41.800413009,-70.632944092,2026-05-25,0.49,0.6286084,0.44955647
MA-PL-63,Wareham 5.6 NE,41.800413009,-70.632944092,2026-05-26,0.13,0.0023973563,0.123174645
MA-PL-63,Wareham 5.6 NE,41.800413009,-70.632944092,2026-05-27,0.0,0.0,0.0
MA-PL-63,Wareham 5.6 NE,41.800413009,-70.632944092,2026-05-28,0.0,0.00039282747,0.0063794865
MA-PL-63,Wareham 5.6 NE,41.800413009,-70.632944092,2026-05-29,0.07,0.00920531,0.21600969
MA-PL-63,Wareham 5.6 NE,41.800413009,-70.632944092,2026-05-30,0.34,0.14471257,0.12866156
MA-PL-63,Wareham 5.6 NE,41.800413009,-70.632944092,2026-05-31,0.57,0.53533643,0.3718949
MA-PL-63,Wareham 5.6 NE,41.800413009,-70.632944092,2026-06-01,0.16,0.112031065,0.16872996
MA-PL-63,Wareham 5.6 NE,41.800413009,-70.632944092,2026-06-02,0.0,0.0,0.00078565493
MA-PL-63,Wareham 5.6 NE,41.800413009,-70.632944092,2026-06-03,0.0,0.0027540163,0.00062936876
MA-PL-63,Wareham 5.6 NE,41.800413009,-70.632944092,2026-06-04,0.0,0.0,0.0
MA-PL-63,Wareham 5.6 NE,41.800413009,-70.632944092,2026-06-05,0.0,0.0,0.0
MA-PL-63,Wareham 5.6 NE,41.800413009,-70.632944092,2026-06-06,0.0,0.0,0.0
MA-PL-63,Wareham 5.6 NE,41.800413009,-70.632944092,2026-06-07,0.1,0.27979875,0.08764277
MA-PL-63,Wareham 5.6 NE,41.800413009,-70.632944092,2026-06-08,0.0,0.09387521,0.13436098
MA-PL-63,Wareham 5.6 NE,41.800413009,-70.632944092,2026-06-09,0.0,0.0,0.0
MA-PL-63,Wareham 5.6 NE,41.800413009,-70.632944092,2026-06-10,0.0,0.0,0.0
MA-PL-63,Wareham 5.6 NE,41.800413009,-70.632944092,2026-06-11,0.05,0.001731556,0.0068845125
MA-PL-63,Wareham 5.6 NE,41.800413009,-70.632944092,2026-06-12,0.02,0.45248076,0.0006291048
MA-PL-63,Wareham 5.6 NE,41.800413009,-70.632944092,2026-06-13,0.0,0.02421433,0.00031468438
MA-PL-63,Wareham 5.6 NE,41.800413009,-70.632944092,2026-06-14,0.0,0.0,0.0
MA-PL-63,Wareham 5.6 NE,41.800413009,-70.632944092,2026-06-15,0.12,0.39346236,0.9452401
MA-PL-63,Wareham 5.6 NE,41.800413009,-70.632944092,2026-06-16,0.0,0.01622895,0.012523223
MA-PL-63,Wareham 5.6 NE,41.800413009,-70.632944092,2026-06-17,0.0,0.0,0.0
MA-PL-63,Wareham 5.6 NE,41.800413009,-70.632944092,2026-06-18,0.0,0.0,0.0
MA-PL-63,Wareham 5.6 NE,41.800413009,-70.632944092,2026-06-19,0.03,0.0013358246,0.012566255
MA-PL-63,Wareham 5.6 NE,41.800413009,-70.632944092,2026-06-20,0.0,0.0,0.00011827063
MA-PL-63,Wareham 5.6 NE,41.800413009,-70.632944092,2026-06-21,0.0,0.0055080326,0.0011808584
MA-PL-63,Wareham 5.6 NE,41.800413009,-70.632944092,2026-06-22,0.0,0.0,0.0
MA-PL-63,Wareham 5.6 NE,41.800413009,-70.632944092,2026-06-23,2.41,0.23503095,0.20960276
MA-PL-63,Wareham 5.6 NE,41.800413009,-70.632944092,2026-06-24,0.19,0.7438526,0.7453632
MA-PL-63,Wareham 5.6 NE,41.800413009,-70.632944092,2026-06-25,0.0,0.0,0.0
MA-PL-63,Wareham 5.6 NE,41.800413009,-70.632944092,2026-06-26,0.0,0.0,0.0
MA-PL-63,Wareham 5.6 NE,41.800413009,-70.632944092,2026-06-27,0.03,0.05532241,0.00031442038
MA-PL-63,Wareham 5.6 NE,41.800413009,-70.632944092,2026-06-28,0.01,0.007482994,0.07725237
MA-PL-63,Wareham 5.6 NE,41.800413009,-70.632944092,2026-06-29,0.0,0.00015734219,7.8671095e-05
MA-PL-63,Wareham 5.6 NE,41.800413009,-70.632944092,2026-06-30,0.0,0.0,0.0
MA-PL-63,Wareham 5.6 NE,41.800413009,-70.632944092,2026-07-01,0.01,0.010695045,0.06206674
MA-PL-63,Wareham 5.6 NE,41.800413009,-70.632944092,2026-07-02,0.16,0.0006673843,0.21660422
MA-PL-63,Wareham 5.6 NE,41.800413009,-70.632944092,2026-07-03,0.0,0.0,0.108549744
MA-PL-63,Wareham 5.6 NE,41.800413009,-70.632944092,2026-07-04,0.0,0.0,0.006065594
MA-PL-63,Wareham 5.6 NE,41.800413009,-70.632944092,2026-07-05,0.18,0.06496437,0.006724531
MA-PL-63,Wareham 5.6 NE,41.800413009,-70.632944092,2026-07-06,0.07,0.0024005244,0.022057474
MA-PL-63,Wareham 5.6 NE,41.800413009,-70.632944092,2026-07-07,0.33,1.401807,0.8624717
MA-PL-63,Wareham 5.6 NE,41.800413009,-70.632944092,2026-07-08,1.98,2.1224108,3.3533442
MA-PL-63,Wareham 5.6 NE,41.800413009,-70.632944092,2026-07-09,0.0,0.0,0.0016156613
MA-PL-63,Wareham 5.6 NE,41.800413009,-70.632944092,2026-07-10,0.0,0.0,0.0070624463
MA-PL-63,Wareham 5.6 NE,41.800413009,-70.632944092,2026-07-11,0.06,0.24384026,0.90049547
MA-PL-63,Wareham 5.6 NE,41.800413009,-70.632944092,2026-07-12,0.0,0.0,0.0
MA-PL-63,Wareham 5.6 NE,41.800413009,-70.632944092,2026-07-13,0.0,0.0,0.0
MA-PL-63,Wareham 5.6 NE,41.800413009,-70.632944092,2026-07-14,0.0,0.0,0.15784483
MA-PL-63,Wareham 5.6 NE,41.800413009,-70.632944092,2026-07-15,0.0,0.0,0.0
MA-PL-63,Wareham 5.6 NE,41.800413009,-70.632944092,2026-07-16,0.0,0.0,0.116365634
MA-PL-63,Wareham 5.6 NE,41.800413009,-70.632944092,2026-07-17,0.0,0.0,0.0
MA-PL-63,Wareham 5.6 NE,41.800413009,-70.632944092,2026-07-18,0.0,0.0,0.0
MA-PL-63,Wareham 5.6 NE,41.800413009,-70.632944092,2026-07-19,0.9,0.92967397,0.35106316
MA-PL-63,Wareham 5.6 NE,41.800413009,-70.632944092,2026-07-20,0.0,0.0,0.0
MA-PL-63,Wareham 5.6 NE,41.800413009,-70.632944092,2026-07-21,0.0,0.0,0.0
MA-PL-63,Wareham 5.6 NE,41.800413009,-70.632944092,2026-07-22,1.52,0.7313349,0.8796674
MA-PL-63,Wareham 5.6 NE,41.800413009,-70.632944092,2026-07-23,0.0,0.04695133,0.4556854
MA-PL-63,Wareham 5.6 NE,41.800413009,-70.632944092,2026-07-24,0.0,0.00074763934,0.0013770082
MA-PL-63,Wareham 5.6 NE,41.800413009,-70.632944092,2026-07-25,0.0,0.0,0.0
MA-PL-63,Wareham 5.6 NE,41.800413009,-70.632944092,2026-07-26,0.0,0.0,0.0
MA-PL-63,Wareham 5.6 NE,41.800413009,-70.632944092,2026-07-27,0.0,0.000864326,3.9335548e-05
MA-PL-63,Wareham 5.6 NE,41.800413009,-70.632944092,2026-07-28,0.0,0.0,0.0
MA-PL-63,Wareham 5.6 NE,41.800413009,-70.632944092,2026-07-29,0.0,7.8671095e-05,0.0
MA-PL-63,Wareham 5.6 NE,41.800413009,-70.632944092,2026-07-30,0.35,0.9251966,0.77202135
MA-PL-63,Wareham 5.6 NE,41.800413009,-70.632944092,2026-07-31,0.27,0.029482123,0.58492434
MA-PL-63,Wareham 5.6 NE,41.800413009,-70.632944092,2026-08-01,0.33,0.0,0.009267349
MA-PL-63,Wareham 5.6 NE,41.800413009,-70.632944092,2026-08-02,0.0,0.0,0.0
MA-PL-63,Wareham 5.6 NE,41.800413009,-70.632944092,2026-08-03,0.2,0.21017379,0.24647601
MA-PL-66,Marion 1.3 N,41.7223161,-70.7591872,2025-01-01,1.01,0.24404301,1.0719649
MA-PL-66,Marion 1.3 N,41.7223161,-70.7591872,2025-01-02,0.1,0.13392724,0.1740194
MA-PL-66,Marion 1.3 N,41.7223161,-70.7591872,2025-01-03,0.0,0.007676239,0.0
MA-PL-66,Marion 1.3 N,41.7223161,-70.7591872,2025-01-04,0.0,0.0,0.0
MA-PL-66,Marion 1.3 N,41.7223161,-70.7591872,2025-01-05,0.0,3.9335548e-05,0.0
MA-PL-66,Marion 1.3 N,41.7223161,-70.7591872,2025-01-06,0.0,0.0,0.0
MA-PL-66,Marion 1.3 N,41.7223161,-70.7591872,2025-01-07,0.0,0.0,0.0
MA-PL-66,Marion 1.3 N,41.7223161,-70.7591872,2025-01-08,0.0,0.0,0.0
MA-PL-66,Marion 1.3 N,41.7223161,-70.7591872,2025-01-09,0.0,0.0,0.0
MA-PL-66,Marion 1.3 N,41.7223161,-70.7591872,2025-01-10,0.0,0.0010628517,0.006848081
MA-PL-66,Marion 1.3 N,41.7223161,-70.7591872,2025-01-11,0.0,0.001216498,0.0
MA-PL-66,Marion 1.3 N,41.7223161,-70.7591872,2025-01-12,0.09,0.116197124,0.11776267
MA-PL-66,Marion 1.3 N,41.7223161,-70.7591872,2025-01-13,0.0,0.0,0.0
MA-PL-66,Marion 1.3 N,41.7223161,-70.7591872,2025-01-14,0.0,0.0008249905,0.00039282747
MA-PL-66,Marion 1.3 N,41.7223161,-70.7591872,2025-01-15,0.0,0.0,0.0
MA-PL-66,Marion 1.3 N,41.7223161,-70.7591872,2025-01-16,0.0,0.0,0.0
MA-PL-66,Marion 1.3 N,41.7223161,-70.7591872,2025-01-17,0.0,0.022721954,0.053417407
MA-PL-66,Marion 1.3 N,41.7223161,-70.7591872,2025-01-18,0.0,0.0,0.0
MA-PL-66,Marion 1.3 N,41.7223161,-70.7591872,2025-01-19,0.72,0.5696083,0.14040415
MA-PL-66,Marion 1.3 N,41.7223161,-70.7591872,2025-01-20,0.43,0.52401495,0.45905772
MA-PL-66,Marion 1.3 N,41.7223161,-70.7591872,2025-01-21,0.0,0.0035819109,0.0064188223
MA-PL-66,Marion 1.3 N,41.7223161,-70.7591872,2025-01-22,0.0,0.0,0.0
MA-PL-66,Marion 1.3 N,41.7223161,-70.7591872,2025-01-23,0.0,0.0,3.9335548e-05
MA-PL-66,Marion 1.3 N,41.7223161,-70.7591872,2025-01-24,0.0,0.0,0.00086564606
MA-PL-66,Marion 1.3 N,41.7223161,-70.7591872,2025-01-25,0.0,0.0,0.0
MA-PL-66,Marion 1.3 N,41.7223161,-70.7591872,2025-01-26,0.0,0.0,0.0098924935
MA-PL-66,Marion 1.3 N,41.7223161,-70.7591872,2025-01-27,0.0,0.0,0.009394067
MA-PL-66,Marion 1.3 N,41.7223161,-70.7591872,2025-01-28,0.0,0.0,0.00011800665
MA-PL-66,Marion 1.3 N,41.7223161,-70.7591872,2025-01-29,0.0,0.00011800665,0.07032456
MA-PL-66,Marion 1.3 N,41.7223161,-70.7591872,2025-01-30,0.0,0.009512339,0.0913609
MA-PL-66,Marion 1.3 N,41.7223161,-70.7591872,2025-01-31,0.0,0.0,0.0
MA-PL-66,Marion 1.3 N,41.7223161,-70.7591872,2025-02-01,0.77,0.837463,0.93494624
MA-PL-66,Marion 1.3 N,41.7223161,-70.7591872,2025-02-02,0.05,0.034822255,0.023721445
MA-PL-66,Marion 1.3 N,41.7223161,-70.7591872,2025-02-03,0.22,0.15995787,0.1493077
MA-PL-66,Marion 1.3 N,41.7223161,-70.7591872,2025-02-04,0.0,3.9335548e-05,7.8671095e-05
MA-PL-66,Marion 1.3 N,41.7223161,-70.7591872,2025-02-05,0.0,0.0,0.0
MA-PL-66,Marion 1.3 N,41.7223161,-70.7591872,2025-02-06,0.0,0.0,0.0
MA-PL-66,Marion 1.3 N,41.7223161,-70.7591872,2025-02-07,0.24,0.3861304,0.33271694
MA-PL-66,Marion 1.3 N,41.7223161,-70.7591872,2025-02-08,0.0,0.0,0.00031468438
MA-PL-66,Marion 1.3 N,41.7223161,-70.7591872,2025-02-11,0.0,0.0,0.0
MA-PL-66,Marion 1.3 N,41.7223161,-70.7591872,2025-02-12,0.0,0.03168729,0.0
MA-PL-66,Marion 1.3 N,41.7223161,-70.7591872,2025-02-13,0.19,0.07897099,0.03903987
MA-PL-66,Marion 1.3 N,41.7223161,-70.7591872,2025-02-14,0.04,0.22276537,0.24624501
MA-PL-66,Marion 1.3 N,41.7223161,-70.7591872,2025-02-25,0.0,0.0,0.0
MA-PL-66,Marion 1.3 N,41.7223161,-70.7591872,2025-02-26,0.0,7.8671095e-05,0.005081414
MA-PL-66,Marion 1.3 N,41.7223161,-70.7591872,2025-02-27,0.02,0.023117684,0.15209603
MA-PL-66,Marion 1.3 N,41.7223161,-70.7591872,2025-02-28,0.06,0.064318106,0.09861236
MA-PL-66,Marion 1.3 N,41.7223161,-70.7591872,2025-03-01,0.0,0.0,0.002002681
MA-PL-66,Marion 1.3 N,41.7223161,-70.7591872,2025-03-02,0.0,0.00062857673,0.0
MA-PL-66,Marion 1.3 N,41.7223161,-70.7591872,2025-03-03,0.0,0.0,0.0
MA-PL-66,Marion 1.3 N,41.7223161,-70.7591872,2025-03-04,0.0,0.0,0.0
MA-PL-66,Marion 1.3 N,41.7223161,-70.7591872,2025-03-05,0.0,0.0,0.0
MA-PL-66,Marion 1.3 N,41.7223161,-70.7591872,2025-03-06,0.39,0.8143158,0.69213086
MA-PL-66,Marion 1.3 N,41.7223161,-70.7591872,2025-03-07,0.07,0.062196624,0.40025398
MA-PL-66,Marion 1.3 N,41.7223161,-70.7591872,2025-03-08,0.0,0.0,0.0015313143
MA-PL-66,Marion 1.3 N,41.7223161,-70.7591872,2025-03-09,0.0,0.0,0.003970514
MA-PL-66,Marion 1.3 N,41.7223161,-70.7591872,2025-03-10,0.0,0.0,0.003221291
MA-PL-66,Marion 1.3 N,41.7223161,-70.7591872,2025-03-11,0.0,0.0,0.0
MA-PL-66,Marion 1.3 N,41.7223161,-70.7591872,2025-03-12,0.0,0.0,0.0
MA-PL-66,Marion 1.3 N,41.7223161,-70.7591872,2025-03-13,0.0,0.0,0.0
MA-PL-66,Marion 1.3 N,41.7223161,-70.7591872,2025-03-14,0.0,0.010157019,0.015966536
MA-PL-66,Marion 1.3 N,41.7223161,-70.7591872,2025-03-15,0.0,0.0029863336,0.004523324
MA-PL-66,Marion 1.3 N,41.7223161,-70.7591872,2025-03-16,0.01,0.02064509,0.019078268
MA-PL-66,Marion 1.3 N,41.7223161,-70.7591872,2025-03-17,0.83,0.025637537,1.0014627
MA-PL-66,Marion 1.3 N,41.7223161,-70.7591872,2025-03-18,1.27,1.4342511,2.4621243
MA-PL-66,Marion 1.3 N,41.7223161,-70.7591872,2025-03-19,0.0,0.0,0.019903257
MA-PL-66,Marion 1.3 N,41.7223161,-70.7591872,2025-03-20,0.01,0.02088559,0.015668748
MA-PL-66,Marion 1.3 N,41.7223161,-70.7591872,2025-03-21,0.26,0.18349122,0.16314694
MA-PL-66,Marion 1.3 N,41.7223161,-70.7591872,2025-03-22,0.11,0.055730816,0.16891463
MA-PL-66,Marion 1.3 N,41.7223161,-70.7591872,2025-03-23,0.0,0.00054911367,0.0011805943
MA-PL-66,Marion 1.3 N,41.7223161,-70.7591872,2025-03-24,0.0,0.0,0.0
MA-PL-66,Marion 1.3 N,41.7223161,-70.7591872,2025-03-25,0.67,0.60221505,0.46729416
MA-PL-66,Marion 1.3 N,41.7223161,-70.7591872,2025-03-26,0.0,0.0051912363,0.06271723
MA-PL-66,Marion 1.3 N,41.7223161,-70.7591872,2025-03-27,0.0,0.17923492,0.33843142
MA-PL-66,Marion 1.3 N,41.7223161,-70.7591872,2025-03-28,0.0,0.0,0.0039367224
MA-PL-66,Marion 1.3 N,41.7223161,-70.7591872,2025-03-29,0.05,0.0814853,3.9335548e-05
MA-PL-66,Marion 1.3 N,41.7223161,-70.7591872,2025-03-30,0.1,0.18803315,0.425618
MA-PL-66,Marion 1.3 N,41.7223161,-70.7591872,2025-03-31,0.01,0.039101645,0.07162422
MA-PL-66,Marion 1.3 N,41.7223161,-70.7591872,2025-04-01,0.19,0.87865365,0.8091079
MA-PL-66,Marion 1.3 N,41.7223161,-70.7591872,2025-04-02,0.05,0.040435884,0.033069313
MA-PL-66,Marion 1.3 N,41.7223161,-70.7591872,2025-04-03,0.15,0.11809323,0.16856945
MA-PL-66,Marion 1.3 N,41.7223161,-70.7591872,2025-04-04,0.17,0.22395785,0.16303712
MA-PL-66,Marion 1.3 N,41.7223161,-70.7591872,2025-04-05,0.0,0.060689732,0.0051637804
MA-PL-66,Marion 1.3 N,41.7223161,-70.7591872,2025-04-08,0.4,0.6588166,0.43264428
MA-PL-66,Marion 1.3 N,41.7223161,-70.7591872,2025-04-09,0.05,0.07244182,0.0053889696
MA-PL-66,Marion 1.3 N,41.7223161,-70.7591872,2025-04-10,0.0,0.0,0.0
MA-PL-66,Marion 1.3 N,41.7223161,-70.7591872,2025-04-11,0.04,0.15046138,0.032837
MA-PL-66,Marion 1.3 N,41.7223161,-70.7591872,2025-04-12,0.49,0.122915395,0.09059794
MA-PL-66,Marion 1.3 N,41.7223161,-70.7591872,2025-04-15,0.2,0.05911842,0.007093054
MA-PL-66,Marion 1.3 N,41.7223161,-70.7591872,2025-04-16,0.05,0.050605576,0.12001795
MA-PL-66,Marion 1.3 N,41.7223161,-70.7591872,2025-04-17,0.0,0.0,0.0
MA-PL-66,Marion 1.3 N,41.7223161,-70.7591872,2025-04-18,0.0,0.0,0.0
MA-PL-66,Marion 1.3 N,41.7223161,-70.7591872,2025-04-19,0.0,0.00047202656,0.0024807793
MA-PL-66,Marion 1.3 N,41.7223161,-70.7591872,2025-04-20,0.0,0.069458656,0.060784772
MA-PL-66,Marion 1.3 N,41.7223161,-70.7591872,2025-04-21,0.0,0.0,0.0
MA-PL-66,Marion 1.3 N,41.7223161,-70.7591872,2025-04-22,0.08,0.16359627,0.18305707
MA-PL-66,Marion 1.3 N,41.7223161,-70.7591872,2025-04-23,0.0,0.10583532,0.17791836
MA-PL-66,Marion 1.3 N,41.7223161,-70.7591872,2025-04-24,0.0,0.0,0.0
MA-PL-66,Marion 1.3 N,41.7223161,-70.7591872,2025-04-25,0.0,0.0,0.0
MA-PL-66,Marion 1.3 N,41.7223161,-70.7591872,2025-04-26,0.0,0.031206287,0.00019641373
MA-PL-66,Marion 1.3 N,41.7223161,-70.7591872,2025-04-27,0.9,1.3009248,1.7943759
MA-PL-66,Marion 1.3 N,41.7223161,-70.7591872,2025-04-28,0.0,0.0039351387,3.9335548e-05
MA-PL-66,Marion 1.3 N,41.7223161,-70.7591872,2025-04-29,0.0,0.0,0.0
MA-PL-66,Marion 1.3 N,41.7223161,-70.7591872,2025-04-30,0.0,0.0,0.0
MA-PL-66,Marion 1.3 N,41.7223161,-70.7591872,2025-05-01,0.0,0.0,0.0003548119
MA-PL-66,Marion 1.3 N,41.7223161,-70.7591872,2025-05-02,0.26,0.045995925,0.055925116
MA-PL-66,Marion 1.3 N,41.7223161,-70.7591872,2025-05-03,0.01,0.058833834,0.22847062
MA-PL-66,Marion 1.3 N,41.7223161,-70.7591872,2025-05-04,0.0,0.036032945,0.0
MA-PL-66,Marion 1.3 N,41.7223161,-70.7591872,2025-05-05,0.03,0.0020459765,0.45268086
MA-PL-66,Marion 1.3 N,41.7223161,-70.7591872,2025-05-06,0.0,0.20918328,0.26599038
MA-PL-66,Marion 1.3 N,41.7223161,-70.7591872,2025-05-07,0.11,0.8488949,0.6151282
MA-PL-66,Marion 1.3 N,41.7223161,-70.7591872,2025-05-08,0.0,7.8671095e-05,0.034266014
MA-PL-66,Marion 1.3 N,41.7223161,-70.7591872,2025-05-09,0.0,0.00078565493,0.014414761
MA-PL-66,Marion 1.3 N,41.7223161,-70.7591872,2025-05-10,1.63,1.046789,1.1481037
MA-PL-66,Marion 1.3 N,41.7223161,-70.7591872,2025-05-11,0.01,0.0049615586,0.0011784824
MA-PL-66,Marion 1.3 N,41.7223161,-70.7591872,2025-05-12,0.0,0.0,0.0
MA-PL-66,Marion 1.3 N,41.7223161,-70.7591872,2025-05-13,0.0,0.0,0.0
MA-PL-66,Marion 1.3 N,41.7223161,-70.7591872,2025-05-14,0.0,0.0,0.00090392557
MA-PL-66,Marion 1.3 N,41.7223161,-70.7591872,2025-05-17,0.0,0.0012209859,0.0028313673
MA-PL-66,Marion 1.3 N,41.7223161,-70.7591872,2025-05-18,0.01,0.003741629,0.0040507694
MA-PL-66,Marion 1.3 N,41.7223161,-70.7591872,2025-05-19,0.0,0.00027455683,0.0
MA-PL-66,Marion 1.3 N,41.7223161,-70.7591872,2025-05-20,0.0,0.0,0.0
MA-PL-66,Marion 1.3 N,41.7223161,-70.7591872,2025-05-21,0.0,0.00023601328,0.009744127
MA-PL-66,Marion 1.3 N,41.7223161,-70.7591872,2025-05-22,0.03,0.018364156,0.18174553
MA-PL-66,Marion 1.3 N,41.7223161,-70.7591872,2025-05-23,3.75,2.168019,2.9533741
MA-PL-66,Marion 1.3 N,41.7223161,-70.7591872,2025-05-24,0.02,0.024697179,0.085216105
MA-PL-66,Marion 1.3 N,41.7223161,-70.7591872,2025-05-25,0.03,0.058224,0.018754343
MA-PL-66,Marion 1.3 N,41.7223161,-70.7591872,2025-05-26,0.0,0.016943324,0.02103211
MA-PL-66,Marion 1.3 N,41.7223161,-70.7591872,2025-05-27,0.0,0.0,0.0
MA-PL-66,Marion 1.3 N,41.7223161,-70.7591872,2025-05-28,0.0,0.0,0.0
MA-PL-66,Marion 1.3 N,41.7223161,-70.7591872,2025-05-29,0.13,0.100124545,0.16480169
MA-PL-66,Marion 1.3 N,41.7223161,-70.7591872,2025-05-30,0.06,0.074022636,0.37119475
MA-PL-66,Marion 1.3 N,41.7223161,-70.7591872,2025-05-31,0.3,0.20813414,0.5188715
MA-PL-66,Marion 1.3 N,41.7223161,-70.7591872,2025-06-01,0.0,0.60977966,1.000917
MA-PL-66,Marion 1.3 N,41.7223161,-70.7591872,2025-06-02,0.0,0.015841138,0.006758322
MA-PL-66,Marion 1.3 N,41.7223161,-70.7591872,2025-06-03,0.0,0.0,0.0
MA-PL-66,Marion 1.3 N,41.7223161,-70.7591872,2025-06-04,0.0,0.0,0.0
MA-PL-66,Marion 1.3 N,41.7223161,-70.7591872,2025-06-05,0.0,0.0,0.0
MA-PL-66,Marion 1.3 N,41.7223161,-70.7591872,2025-06-06,0.0,0.0,0.0
MA-PL-66,Marion 1.3 N,41.7223161,-70.7591872,2025-06-07,0.0,0.0029924053,7.8671095e-05
MA-PL-66,Marion 1.3 N,41.7223161,-70.7591872,2025-06-08,0.57,0.13481823,0.22247392
MA-PL-66,Marion 1.3 N,41.7223161,-70.7591872,2025-06-09,0.01,0.0005504337,0.00023654127
MA-PL-66,Marion 1.3 N,41.7223161,-70.7591872,2025-06-10,0.08,0.048160966,0.045340687
MA-PL-66,Marion 1.3 N,41.7223161,-70.7591872,2025-06-11,0.49,0.024545908,0.1672009
MA-PL-66,Marion 1.3 N,41.7223161,-70.7591872,2025-06-12,0.0,0.0,0.0
MA-PL-66,Marion 1.3 N,41.7223161,-70.7591872,2025-06-13,0.0,0.00035322792,0.0
MA-PL-66,Marion 1.3 N,41.7223161,-70.7591872,2025-06-14,0.0,0.030496929,0.06228269
MA-PL-66,Marion 1.3 N,41.7223161,-70.7591872,2025-06-15,0.05,0.25200832,0.056641337
MA-PL-66,Marion 1.3 N,41.7223161,-70.7591872,2025-06-16,0.0,0.00015734219,7.8671095e-05
MA-PL-66,Marion 1.3 N,41.7223161,-70.7591872,2025-06-17,0.0,0.1286642,0.021643262
MA-PL-66,Marion 1.3 N,41.7223161,-70.7591872,2025-06-18,0.04,0.05609513,0.008967977
MA-PL-66,Marion 1.3 N,41.7223161,-70.7591872,2025-06-19,0.0,0.004253519,0.47425783
MA-PL-66,Marion 1.3 N,41.7223161,-70.7591872,2025-06-20,0.0,0.0,0.00062936876
MA-PL-66,Marion 1.3 N,41.7223161,-70.7591872,2025-06-21,0.0,0.0,0.0
MA-PL-66,Marion 1.3 N,41.7223161,-70.7591872,2025-06-22,0.0,0.0,0.35288844
MA-PL-66,Marion 1.3 N,41.7223161,-70.7591872,2025-06-23,0.0,0.007146925,0.009572794
MA-PL-66,Marion 1.3 N,41.7223161,-70.7591872,2025-06-24,0.0,0.0,0.0
MA-PL-66,Marion 1.3 N,41.7223161,-70.7591872,2025-06-25,0.0,0.0,0.0
MA-PL-66,Marion 1.3 N,41.7223161,-70.7591872,2025-06-28,0.0,0.007529193,0.15699424
MA-PL-66,Marion 1.3 N,41.7223161,-70.7591872,2025-06-29,0.0,0.0046471385,0.09057604
MA-PL-66,Marion 1.3 N,41.7223161,-70.7591872,2025-06-30,0.0,0.000432163,0.0
MA-PL-66,Marion 1.3 N,41.7223161,-70.7591872,2025-07-01,0.0,0.0011388828,0.00015734219
MA-PL-66,Marion 1.3 N,41.7223161,-70.7591872,2025-07-02,0.05,0.022870585,1.2258667
MA-PL-66,Marion 1.3 N,41.7223161,-70.7591872,2025-07-03,0.03,0.030302625,0.016083222
MA-PL-66,Marion 1.3 N,41.7223161,-70.7591872,2025-07-04,1.19,0.05787869,0.42643744
MA-PL-66,Marion 1.3 N,41.7223161,-70.7591872,2025-07-05,0.0,0.0,0.0
MA-PL-66,Marion 1.3 N,41.7223161,-70.7591872,2025-07-06,0.0,0.0,0.0
MA-PL-66,Marion 1.3 N,41.7223161,-70.7591872,2025-07-07,0.0,0.0,0.0
MA-PL-66,Marion 1.3 N,41.7223161,-70.7591872,2025-07-19,0.0,0.0,0.0
MA-PL-66,Marion 1.3 N,41.7223161,-70.7591872,2025-07-20,0.0,0.013233639,0.0
MA-PL-66,Marion 1.3 N,41.7223161,-70.7591872,2025-07-21,0.0,0.03403871,0.2083984
MA-PL-66,Marion 1.3 N,41.7223161,-70.7591872,2025-07-22,0.0,0.0,0.0
MA-PL-66,Marion 1.3 N,41.7223161,-70.7591872,2025-07-23,0.0,0.0,0.0
MA-PL-66,Marion 1.3 N,41.7223161,-70.7591872,2025-07-24,0.0,0.0,0.0
MA-PL-66,Marion 1.3 N,41.7223161,-70.7591872,2025-07-25,0.0,0.0,0.0
MA-PL-66,Marion 1.3 N,41.7223161,-70.7591872,2025-07-26,0.15,0.1019155,0.038083144
MA-PL-66,Marion 1.3 N,41.7223161,-70.7591872,2025-07-27,0.0,0.0,0.0
MA-PL-66,Marion 1.3 N,41.7223161,-70.7591872,2025-07-28,0.02,3.9335548e-05,0.51099485
MA-PL-66,Marion 1.3 N,41.7223161,-70.7591872,2025-07-29,0.0,0.0,0.0
MA-PL-66,Marion 1.3 N,41.7223161,-70.7591872,2025-07-30,0.0,0.0,3.9335548e-05
MA-PL-66,Marion 1.3 N,41.7223161,-70.7591872,2025-07-31,0.0,0.0,0.007043967
MA-PL-66,Marion 1.3 N,41.7223161,-70.7591872,2025-08-01,0.46,0.41158736,0.56272244
MA-PL-66,Marion 1.3 N,41.7223161,-70.7591872,2025-08-02,0.05,0.045618676,0.045803737
MA-PL-66,Marion 1.3 N,41.7223161,-70.7591872,2025-08-03,0.0,0.0,0.00039282747
MA-PL-66,Marion 1.3 N,41.7223161,-70.7591872,2025-08-04,0.0,0.0,0.0
MA-PL-66,Marion 1.3 N,41.7223161,-70.7591872,2025-08-05,0.0,0.0,0.0
MA-PL-66,Marion 1.3 N,41.7223161,-70.7591872,2025-08-06,0.0,0.0,0.0
MA-PL-66,Marion 1.3 N,41.7223161,-70.7591872,2025-08-07,0.0,0.0,0.0
MA-PL-66,Marion 1.3 N,41.7223161,-70.7591872,2025-08-08,0.0,0.0,0.0
MA-PL-66,Marion 1.3 N,41.7223161,-70.7591872,2025-08-09,0.0,0.0,0.0
MA-PL-66,Marion 1.3 N,41.7223161,-70.7591872,2025-08-10,0.0,0.0,3.9335548e-05
MA-PL-66,Marion 1.3 N,41.7223161,-70.7591872,2025-08-11,0.0,0.0,3.9335548e-05
MA-PL-66,Marion 1.3 N,41.7223161,-70.7591872,2025-08-12,0.0,0.0,0.0
MA-PL-66,Marion 1.3 N,41.7223161,-70.7591872,2025-08-13,0.0,0.0,0.00086591
MA-PL-66,Marion 1.3 N,41.7223161,-70.7591872,2025-08-14,0.0,0.0029855415,0.0071184137
MA-PL-66,Marion 1.3 N,41.7223161,-70.7591872,2025-08-15,0.0,0.00035375592,0.7901041
MA-PL-66,Marion 1.3 N,41.7223161,-70.7591872,2025-08-16,0.0,0.0,3.9335548e-05
MA-PL-66,Marion 1.3 N,41.7223161,-70.7591872,2025-08-17,0.0,0.0009841806,0.00039388347
MA-PL-66,Marion 1.3 N,41.7223161,-70.7591872,2025-08-18,0.0,0.009691857,0.05912687
MA-PL-66,Marion 1.3 N,41.7223161,-70.7591872,2025-08-19,0.0,0.000864326,7.8671095e-05
MA-PL-66,Marion 1.3 N,41.7223161,-70.7591872,2025-08-20,0.0,0.0,0.0
MA-PL-66,Marion 1.3 N,41.7223161,-70.7591872,2025-08-21,0.95,0.81425107,2.8916938
MA-PL-66,Marion 1.3 N,41.7223161,-70.7591872,2025-08-22,0.0,0.07941028,0.29436716
MA-PL-66,Marion 1.3 N,41.7223161,-70.7591872,2025-08-23,0.0,0.0,0.0
MA-PL-66,Marion 1.3 N,41.7223161,-70.7591872,2025-08-24,0.0,0.0,0.0
MA-PL-66,Marion 1.3 N,41.7223161,-70.7591872,2025-08-25,0.07,0.004240847,0.0
MA-PL-66,Marion 1.3 N,41.7223161,-70.7591872,2025-08-26,0.0,0.0,0.0
MA-PL-66,Marion 1.3 N,41.7223161,-70.7591872,2025-08-27,0.0,0.0,0.0
MA-PL-66,Marion 1.3 N,41.7223161,-70.7591872,2025-08-28,0.01,0.0,0.0
MA-PL-66,Marion 1.3 N,41.7223161,-70.7591872,2025-08-29,0.0,0.0,0.0
MA-PL-66,Marion 1.3 N,41.7223161,-70.7591872,2025-08-30,0.45,0.568151,0.06763391
MA-PL-66,Marion 1.3 N,41.7223161,-70.7591872,2025-08-31,0.0,0.0,0.0
MA-PL-66,Marion 1.3 N,41.7223161,-70.7591872,2025-09-01,0.0,0.0,0.0
MA-PL-66,Marion 1.3 N,41.7223161,-70.7591872,2025-09-02,0.0,0.0,0.00039282747
MA-PL-66,Marion 1.3 N,41.7223161,-70.7591872,2025-09-03,0.0,0.0,0.0
MA-PL-66,Marion 1.3 N,41.7223161,-70.7591872,2025-09-04,0.0,0.0,0.0
MA-PL-66,Marion 1.3 N,41.7223161,-70.7591872,2025-09-05,0.06,0.0027540163,0.0015713099
MA-PL-66,Marion 1.3 N,41.7223161,-70.7591872,2025-09-06,0.0,0.012570479,0.0
MA-PL-66,Marion 1.3 N,41.7223161,-70.7591872,2025-09-07,0.04,0.020891663,0.0075072814
MA-PL-66,Marion 1.3 N,41.7223161,-70.7591872,2025-09-08,0.94,0.27454415,0.27092424
MA-PL-66,Marion 1.3 N,41.7223161,-70.7591872,2025-09-09,0.0,0.0,0.0
MA-PL-66,Marion 1.3 N,41.7223161,-70.7591872,2025-09-10,0.0,0.014707798,0.16186604
MA-PL-66,Marion 1.3 N,41.7223161,-70.7591872,2025-09-11,0.0,0.004010642,0.081213385
MA-PL-66,Marion 1.3 N,41.7223161,-70.7591872,2025-09-12,0.0,0.0,3.9335548e-05
MA-PL-66,Marion 1.3 N,41.7223161,-70.7591872,2025-09-13,0.0,0.0,0.0
MA-PL-66,Marion 1.3 N,41.7223161,-70.7591872,2025-09-14,0.0,0.0,0.017335096
MA-PL-66,Marion 1.3 N,41.7223161,-70.7591872,2025-09-15,0.19,0.0,0.00039388344
MA-PL-66,Marion 1.3 N,41.7223161,-70.7591872,2025-09-16,0.01,0.0,0.0
MA-PL-66,Marion 1.3 N,41.7223161,-70.7591872,2025-09-17,0.0,0.00078565493,0.0
MA-PL-66,Marion 1.3 N,41.7223161,-70.7591872,2025-09-18,0.04,0.06932349,0.03154869
MA-PL-66,Marion 1.3 N,41.7223161,-70.7591872,2025-09-19,0.0,0.0,0.0005110981
MA-PL-66,Marion 1.3 N,41.7223161,-70.7591872,2025-09-20,0.0,0.0,0.0
MA-PL-66,Marion 1.3 N,41.7223161,-70.7591872,2025-09-21,0.0,0.0,0.0
MA-PL-66,Marion 1.3 N,41.7223161,-70.7591872,2025-09-22,0.0,0.0,0.0
MA-PL-66,Marion 1.3 N,41.7223161,-70.7591872,2025-09-23,0.0,0.0,0.0
MA-PL-66,Marion 1.3 N,41.7223161,-70.7591872,2025-09-24,0.11,0.00015760618,0.0
MA-PL-66,Marion 1.3 N,41.7223161,-70.7591872,2025-09-25,0.91,0.7051235,0.2535833
MA-PL-66,Marion 1.3 N,41.7223161,-70.7591872,2025-09-26,2.18,0.11030268,2.3599935
MA-PL-66,Marion 1.3 N,41.7223161,-70.7591872,2025-09-27,0.0,0.0,0.0027540163
MA-PL-66,Marion 1.3 N,41.7223161,-70.7591872,2025-09-28,0.06,0.014754262,0.006640051
MA-PL-66,Marion 1.3 N,41.7223161,-70.7591872,2025-09-29,0.0,0.008266272,0.0011827063
MA-PL-66,Marion 1.3 N,41.7223161,-70.7591872,2025-09-30,0.0,0.0,0.0
MA-PL-66,Marion 1.3 N,41.7223161,-70.7591872,2025-10-01,0.0,0.0,0.0
MA-PL-66,Marion 1.3 N,41.7223161,-70.7591872,2025-10-02,0.0,0.0,0.0
MA-PL-66,Marion 1.3 N,41.7223161,-70.7591872,2025-10-03,0.0,0.0,0.0
MA-PL-66,Marion 1.3 N,41.7223161,-70.7591872,2025-10-04,0.0,0.0,0.0
MA-PL-66,Marion 1.3 N,41.7223161,-70.7591872,2025-10-05,0.0,0.0,0.0
MA-PL-66,Marion 1.3 N,41.7223161,-70.7591872,2025-10-06,0.0,0.0,0.0
MA-PL-66,Marion 1.3 N,41.7223161,-70.7591872,2025-10-07,0.0,0.0,0.0
MA-PL-66,Marion 1.3 N,41.7223161,-70.7591872,2025-10-08,0.0,0.00039282747,0.0023611886
MA-PL-66,Marion 1.3 N,41.7223161,-70.7591872,2025-10-09,0.87,0.28557923,1.1386236
MA-PL-66,Marion 1.3 N,41.7223161,-70.7591872,2025-10-10,0.0,0.0,0.0
MA-PL-66,Marion 1.3 N,41.7223161,-70.7591872,2025-10-11,0.0,0.0005501696,0.0011784824
MA-PL-66,Marion 1.3 N,41.7223161,-70.7591872,2025-10-12,0.0,0.0,0.0018448108
MA-PL-66,Marion 1.3 N,41.7223161,-70.7591872,2025-10-13,1.82,1.4582305,0.6837732
MA-PL-66,Marion 1.3 N,41.7223161,-70.7591872,2025-10-14,1.16,1.5890673,1.505788
MA-PL-66,Marion 1.3 N,41.7223161,-70.7591872,2025-10-15,0.25,0.20271297,0.03629747
MA-PL-66,Marion 1.3 N,41.7223161,-70.7591872,2025-10-16,0.0,0.0,0.0
MA-PL-66,Marion 1.3 N,41.7223161,-70.7591872,2025-10-17,0.0,0.00023601328,0.011529011
MA-PL-66,Marion 1.3 N,41.7223161,-70.7591872,2025-10-18,0.0,0.0,0.0
MA-PL-66,Marion 1.3 N,41.7223161,-70.7591872,2025-10-19,0.0,0.0,0.0
MA-PL-66,Marion 1.3 N,41.7223161,-70.7591872,2025-10-20,0.0,0.0,0.0005110981
MA-PL-66,Marion 1.3 N,41.7223161,-70.7591872,2025-10-21,0.52,0.84708804,0.4486174
MA-PL-66,Marion 1.3 N,41.7223161,-70.7591872,2025-10-22,0.0,0.0,0.00078565493
MA-PL-66,Marion 1.3 N,41.7223161,-70.7591872,2025-10-23,0.08,0.022478284,0.034535024
MA-PL-66,Marion 1.3 N,41.7223161,-70.7591872,2025-10-24,0.0,0.0,0.0
MA-PL-66,Marion 1.3 N,41.7223161,-70.7591872,2025-10-25,0.0,0.0,0.0
MA-PL-66,Marion 1.3 N,41.7223161,-70.7591872,2025-10-26,0.0,0.0,0.0
MA-PL-66,Marion 1.3 N,41.7223161,-70.7591872,2025-10-27,0.0,0.0,0.0
MA-PL-66,Marion 1.3 N,41.7223161,-70.7591872,2025-10-28,0.03,0.01300977,0.034661744
MA-PL-66,Marion 1.3 N,41.7223161,-70.7591872,2025-10-29,0.01,0.0022833096,0.15180458
MA-PL-66,Marion 1.3 N,41.7223161,-70.7591872,2025-10-30,0.04,0.010932906,0.034771565
MA-PL-66,Marion 1.3 N,41.7223161,-70.7591872,2025-10-31,1.73,1.3838594,2.1633782
MA-PL-66,Marion 1.3 N,41.7223161,-70.7591872,2025-11-01,0.0,0.0,0.0013374086
MA-PL-66,Marion 1.3 N,41.7223161,-70.7591872,2025-11-02,0.0,0.0,0.0
MA-PL-66,Marion 1.3 N,41.7223161,-70.7591872,2025-11-03,0.0,0.0,0.0
MA-PL-66,Marion 1.3 N,41.7223161,-70.7591872,2025-11-04,0.21,0.1491646,0.5157487
MA-PL-66,Marion 1.3 N,41.7223161,-70.7591872,2025-11-05,0.0,0.0,0.0
MA-PL-66,Marion 1.3 N,41.7223161,-70.7591872,2025-11-06,0.03,0.0008249905,3.9335548e-05
MA-PL-66,Marion 1.3 N,41.7223161,-70.7591872,2025-11-07,0.0,0.0,0.0
MA-PL-66,Marion 1.3 N,41.7223161,-70.7591872,2025-11-08,0.0,0.008059299,0.3240024
MA-PL-66,Marion 1.3 N,41.7223161,-70.7591872,2025-11-09,0.04,0.06983168,0.13022019
MA-PL-66,Marion 1.3 N,41.7223161,-70.7591872,2025-11-10,1.55,0.23994076,0.09358296
MA-PL-66,Marion 1.3 N,41.7223161,-70.7591872,2025-11-11,0.06,0.20102021,0.1840629
MA-PL-66,Marion 1.3 N,41.7223161,-70.7591872,2025-11-12,0.0,0.00039282747,0.0017740595
MA-PL-66,Marion 1.3 N,41.7223161,-70.7591872,2025-11-13,0.0,0.00023654127,0.009698192
MA-PL-66,Marion 1.3 N,41.7223161,-70.7591872,2025-11-14,0.0,0.05736099,0.0011784823
MA-PL-66,Marion 1.3 N,41.7223161,-70.7591872,2025-11-15,0.0,0.0,3.9335548e-05
MA-PL-66,Marion 1.3 N,41.7223161,-70.7591872,2025-11-16,0.75,0.4190582,0.6464826
MA-PL-66,Marion 1.3 N,41.7223161,-70.7591872,2025-11-17,0.0,0.00011827063,0.0
MA-PL-66,Marion 1.3 N,41.7223161,-70.7591872,2025-11-18,0.0,0.0,0.0
MA-PL-66,Marion 1.3 N,41.7223161,-70.7591872,2025-11-19,0.0,0.0,0.00015760618
MA-PL-66,Marion 1.3 N,41.7223161,-70.7591872,2025-11-20,0.0,0.0,0.068692535
MA-PL-66,Marion 1.3 N,41.7223161,-70.7591872,2025-11-21,0.0,0.0,0.0
MA-PL-66,Marion 1.3 N,41.7223161,-70.7591872,2025-11-22,0.01,0.0,0.0
MA-PL-66,Marion 1.3 N,41.7223161,-70.7591872,2025-11-23,0.42,0.20170212,0.006019395
MA-PL-66,Marion 1.3 N,41.7223161,-70.7591872,2025-11-24,0.01,0.052066535,0.04030758
MA-PL-66,Marion 1.3 N,41.7223161,-70.7591872,2025-11-25,0.0,0.0,0.0
MA-PL-66,Marion 1.3 N,41.7223161,-70.7591872,2025-11-26,0.27,0.5753613,0.4059716
MA-PL-66,Marion 1.3 N,41.7223161,-70.7591872,2025-11-27,0.01,0.040501885,0.5516388
MA-PL-66,Marion 1.3 N,41.7223161,-70.7591872,2025-11-28,0.0,0.0,0.0
MA-PL-66,Marion 1.3 N,41.7223161,-70.7591872,2025-11-29,0.0,0.00031468438,0.0019303458
MA-PL-66,Marion 1.3 N,41.7223161,-70.7591872,2025-11-30,0.0,0.0,0.0
MA-PL-66,Marion 1.3 N,41.7223161,-70.7591872,2025-12-01,1.0,0.41160715,0.2540791
MA-PL-66,Marion 1.3 N,41.7223161,-70.7591872,2025-12-02,0.0,0.0,0.0
MA-PL-66,Marion 1.3 N,41.7223161,-70.7591872,2025-12-03,0.94,1.0917323,1.0192753
MA-PL-66,Marion 1.3 N,41.7223161,-70.7591872,2025-12-04,0.0,0.00047308253,0.0016135494
MA-PL-66,Marion 1.3 N,41.7223161,-70.7591872,2025-12-05,0.0,0.0,3.9335548e-05
MA-PL-66,Marion 1.3 N,41.7223161,-70.7591872,2025-12-06,0.0,3.9335548e-05,0.003384705
MA-PL-66,Marion 1.3 N,41.7223161,-70.7591872,2025-12-07,0.03,0.006256464,0.096243784
MA-PL-66,Marion 1.3 N,41.7223161,-70.7591872,2025-12-08,0.0,0.0,0.00027455683
MA-PL-66,Marion 1.3 N,41.7223161,-70.7591872,2025-12-09,0.0,0.0,0.00019694172
MA-PL-66,Marion 1.3 N,41.7223161,-70.7591872,2025-12-10,0.0,0.016566338,0.0
MA-PL-66,Marion 1.3 N,41.7223161,-70.7591872,2025-12-11,0.01,0.011941638,0.104130425
MA-PL-66,Marion 1.3 N,41.7223161,-70.7591872,2025-12-12,0.0,0.0,0.00047308253
MA-PL-66,Marion 1.3 N,41.7223161,-70.7591872,2025-12-13,0.0,0.0,0.0
MA-PL-66,Marion 1.3 N,41.7223161,-70.7591872,2025-12-16,0.0,0.0,0.0
MA-PL-66,Marion 1.3 N,41.7223161,-70.7591872,2025-12-17,0.0,0.0,0.0
MA-PL-66,Marion 1.3 N,41.7223161,-70.7591872,2025-12-18,0.0,0.0,0.0
MA-PL-66,Marion 1.3 N,41.7223161,-70.7591872,2025-12-19,0.04,0.006143737,0.009934733
MA-PL-66,Marion 1.3 N,41.7223161,-70.7591872,2025-12-20,0.33,0.32169613,0.5433691
MA-PL-66,Marion 1.3 N,41.7223161,-70.7591872,2025-12-21,0.0,0.0,0.0
MA-PL-66,Marion 1.3 N,41.7223161,-70.7591872,2025-12-22,0.0,0.0,0.0009065655
MA-PL-66,Marion 1.3 N,41.7223161,-70.7591872,2025-12-23,0.0,0.0,0.025681622
MA-PL-66,Marion 1.3 N,41.7223161,-70.7591872,2025-12-24,0.15,0.21482725,0.2873343
MA-PL-66,Marion 1.3 N,41.7223161,-70.7591872,2025-12-25,0.0,0.007899053,0.11377503
MA-PL-66,Marion 1.3 N,41.7223161,-70.7591872,2025-12-26,0.0,0.0,0.0012587374
MA-PL-66,Marion 1.3 N,41.7223161,-70.7591872,2025-12-27,0.26,0.20008013,0.07954545
MA-PL-66,Marion 1.3 N,41.7223161,-70.7591872,2025-12-28,0.0,0.011201918,0.013803873
MA-PL-66,Marion 1.3 N,41.7223161,-70.7591872,2025-12-29,0.27,0.2972801,0.6528201
MA-PL-66,Marion 1.3 N,41.7223161,-70.7591872,2025-12-30,0.26,0.29540548,0.7286696
MA-PL-66,Marion 1.3 N,41.7223161,-70.7591872,2025-12-31,0.0,7.8671095e-05,0.00015734219
MA-PL-66,Marion 1.3 N,41.7223161,-70.7591872,2026-01-03,0.0,0.0,0.0
MA-PL-66,Marion 1.3 N,41.7223161,-70.7591872,2026-01-04,0.0,3.9335548e-05,0.036233053
MA-PL-66,Marion 1.3 N,41.7223161,-70.7591872,2026-01-05,0.0,0.023439763,0.008305608
MA-PL-66,Marion 1.3 N,41.7223161,-70.7591872,2026-01-06,0.02,0.010289281,0.18822771
MA-PL-66,Marion 1.3 N,41.7223161,-70.7591872,2026-01-07,0.07,0.057265427,0.044787347
MA-PL-66,Marion 1.3 N,41.7223161,-70.7591872,2026-01-08,0.03,0.05506343,0.037843436
MA-PL-66,Marion 1.3 N,41.7223161,-70.7591872,2026-01-09,0.0,0.0,0.0
MA-PL-66,Marion 1.3 N,41.7223161,-70.7591872,2026-01-10,0.1,0.005271491,0.049904138
MA-PL-66,Marion 1.3 N,41.7223161,-70.7591872,2026-01-11,0.69,1.2353262,0.2964918
MA-PL-66,Marion 1.3 N,41.7223161,-70.7591872,2026-01-12,0.02,0.010771603,0.28287327
MA-PL-66,Marion 1.3 N,41.7223161,-70.7591872,2026-01-13,0.0,0.0,0.0
MA-PL-66,Marion 1.3 N,41.7223161,-70.7591872,2026-01-14,0.0,0.0,3.9335548e-05
MA-PL-66,Marion 1.3 N,41.7223161,-70.7591872,2026-01-15,0.0,0.0036547738,0.07020049
MA-PL-66,Marion 1.3 N,41.7223161,-70.7591872,2026-01-16,0.0,0.00063068874,0.019085659
MA-PL-66,Marion 1.3 N,41.7223161,-70.7591872,2026-01-17,0.0,0.0,0.024076523
MA-PL-66,Marion 1.3 N,41.7223161,-70.7591872,2026-01-18,0.0,0.018337227,0.038742084
MA-PL-66,Marion 1.3 N,41.7223161,-70.7591872,2026-01-21,0.0,0.0,0.0
MA-PL-66,Marion 1.3 N,41.7223161,-70.7591872,2026-01-22,0.0,0.0012967531,0.005124973
MA-PL-66,Marion 1.3 N,41.7223161,-70.7591872,2026-01-23,0.0,3.9335548e-05,0.0
MA-PL-66,Marion 1.3 N,41.7223161,-70.7591872,2026-01-24,0.0,0.0,0.0
MA-PL-66,Marion 1.3 N,41.7223161,-70.7591872,2026-01-25,0.0,0.0,0.0
MA-PL-66,Marion 1.3 N,41.7223161,-70.7591872,2026-01-28,0.0,0.0024382758,0.0021679432
MA-PL-66,Marion 1.3 N,41.7223161,-70.7591872,2026-01-29,0.0,3.9335548e-05,0.0
MA-PL-66,Marion 1.3 N,41.7223161,-70.7591872,2026-01-30,0.0,0.0,0.0
MA-PL-66,Marion 1.3 N,41.7223161,-70.7591872,2026-01-31,0.0,0.0,0.0
MA-PL-66,Marion 1.3 N,41.7223161,-70.7591872,2026-02-01,0.0,0.0035761027,0.0203671
MA-PL-66,Marion 1.3 N,41.7223161,-70.7591872,2026-02-02,0.0,0.021561688,0.017199665
MA-PL-66,Marion 1.3 N,41.7223161,-70.7591872,2026-02-03,0.0,0.0,0.0
MA-PL-66,Marion 1.3 N,41.7223161,-70.7591872,2026-02-04,0.0,0.0,0.002165303
MA-PL-66,Marion 1.3 N,41.7223161,-70.7591872,2026-02-05,0.0,0.0,7.8671095e-05
MA-PL-66,Marion 1.3 N,41.7223161,-70.7591872,2026-02-06,0.0,0.00019667773,7.8671095e-05
MA-PL-66,Marion 1.3 N,41.7223161,-70.7591872,2026-02-09,0.0,0.0,0.0
MA-PL-66,Marion 1.3 N,41.7223161,-70.7591872,2026-02-10,0.0,0.0,0.0
MA-PL-66,Marion 1.3 N,41.7223161,-70.7591872,2026-02-11,0.2,0.25142014,0.1686629
MA-PL-66,Marion 1.3 N,41.7223161,-70.7591872,2026-02-12,0.0,0.0,0.0002360133
MA-PL-66,Marion 1.3 N,41.7223161,-70.7591872,2026-02-13,0.0,0.0,0.0020103368
MA-PL-66,Marion 1.3 N,41.7223161,-70.7591872,2026-02-14,0.0,0.0,0.0
MA-PL-66,Marion 1.3 N,41.7223161,-70.7591872,2026-02-28,0.0,0.0,0.0
MA-PL-66,Marion 1.3 N,41.7223161,-70.7591872,2026-03-05,0.0,7.8671095e-05,0.00015734219
MA-PL-66,Marion 1.3 N,41.7223161,-70.7591872,2026-03-06,1.04,0.8985611,0.6599895
MA-PL-66,Marion 1.3 N,41.7223161,-70.7591872,2026-03-07,0.09,0.06682238,0.16091433
MA-PL-66,Marion 1.3 N,41.7223161,-70.7591872,2026-03-08,0.01,0.060374785,0.07312637
MA-PL-66,Marion 1.3 N,41.7223161,-70.7591872,2026-03-09,0.01,0.00872378,0.03899552
MA-PL-66,Marion 1.3 N,41.7223161,-70.7591872,2026-03-10,0.0,0.00015734219,0.0
MA-PL-66,Marion 1.3 N,41.7223161,-70.7591872,2026-03-11,0.0,0.0,0.00011827063
MA-PL-66,Marion 1.3 N,41.7223161,-70.7591872,2026-03-12,0.09,0.15259235,0.10488203
MA-PL-66,Marion 1.3 N,41.7223161,-70.7591872,2026-03-13,0.04,0.25076595,0.13359433
MA-PL-66,Marion 1.3 N,41.7223161,-70.7591872,2026-03-14,0.02,0.062125877,0.097088836
MA-PL-66,Marion 1.3 N,41.7223161,-70.7591872,2026-03-15,0.0,0.0,0.0
MA-PL-66,Marion 1.3 N,41.7223161,-70.7591872,2026-03-16,0.06,0.018770974,0.27935523
MA-PL-66,Marion 1.3 N,41.7223161,-70.7591872,2026-03-17,1.06,1.4796475,1.8584033
MA-PL-66,Marion 1.3 N,41.7223161,-70.7591872,2026-03-18,0.0,0.00783675,0.0020428083
MA-PL-66,Marion 1.3 N,41.7223161,-70.7591872,2026-03-19,0.0,0.0,0.0019683612
MA-PL-66,Marion 1.3 N,41.7223161,-70.7591872,2026-03-20,0.0,0.00039282747,0.0
MA-PL-66,Marion 1.3 N,41.7223161,-70.7591872,2026-03-21,0.27,0.20410132,0.12469949
MA-PL-66,Marion 1.3 N,41.7223161,-70.7591872,2026-03-22,0.0,3.9335548e-05,0.000173182
MA-PL-66,Marion 1.3 N,41.7223161,-70.7591872,2026-03-23,1.46,0.9219095,0.8376958
MA-PL-66,Marion 1.3 N,41.7223161,-70.7591872,2026-03-24,0.65,0.7028618,0.1900551
MA-PL-66,Marion 1.3 N,41.7223161,-70.7591872,2026-03-25,0.0,0.00082367053,0.00035401992
MA-PL-66,Marion 1.3 N,41.7223161,-70.7591872,2026-03-26,0.0,0.0,0.004604107
MA-PL-66,Marion 1.3 N,41.7223161,-70.7591872,2026-03-27,0.12,0.23949909,0.34540096
MA-PL-66,Marion 1.3 N,41.7223161,-70.7591872,2026-03-28,0.0,0.009616354,0.09305048
MA-PL-66,Marion 1.3 N,41.7223161,-70.7591872,2026-03-29,0.0,0.0010243081,0.013144936
MA-PL-66,Marion 1.3 N,41.7223161,-70.7591872,2026-03-30,0.0,0.0,0.0
MA-PL-66,Marion 1.3 N,41.7223161,-70.7591872,2026-03-31,0.0,0.0020106009,0.0014952787
MA-PL-66,Marion 1.3 N,41.7223161,-70.7591872,2026-04-01,0.08,0.18675198,0.05240709
MA-PL-66,Marion 1.3 N,41.7223161,-70.7591872,2026-04-02,0.78,0.5547479,0.13580664
MA-PL-66,Marion 1.3 N,41.7223161,-70.7591872,2026-04-03,0.26,0.4023947,0.31125215
MA-PL-66,Marion 1.3 N,41.7223161,-70.7591872,2026-04-04,0.01,0.027751625,0.009910182
MA-PL-66,Marion 1.3 N,41.7223161,-70.7591872,2026-04-05,0.0,0.027320517,0.0091263745
MA-PL-66,Marion 1.3 N,41.7223161,-70.7591872,2026-04-06,0.2,0.22084138,0.21525942
MA-PL-66,Marion 1.3 N,41.7223161,-70.7591872,2026-04-07,0.0,0.0024752354,0.07988337
MA-PL-66,Marion 1.3 N,41.7223161,-70.7591872,2026-04-08,0.16,0.10740663,0.13751496
MA-PL-66,Marion 1.3 N,41.7223161,-70.7591872,2026-04-09,0.0,0.0,0.00086591
MA-PL-66,Marion 1.3 N,41.7223161,-70.7591872,2026-04-10,0.0,0.0,0.0
MA-PL-66,Marion 1.3 N,41.7223161,-70.7591872,2026-04-11,0.0,0.00078671094,0.0014973907
MA-PL-66,Marion 1.3 N,41.7223161,-70.7591872,2026-04-12,0.0,0.0,0.0
MA-PL-66,Marion 1.3 N,41.7223161,-70.7591872,2026-04-13,0.03,0.018897958,0.0035016555
MA-PL-66,Marion 1.3 N,41.7223161,-70.7591872,2026-04-14,0.0,0.0041832956,0.059379514
MA-PL-66,Marion 1.3 N,41.7223161,-70.7591872,2026-04-15,0.0,7.8671095e-05,0.0016109095
MA-PL-66,Marion 1.3 N,41.7223161,-70.7591872,2026-04-16,0.27,0.23091497,0.12333357
MA-PL-66,Marion 1.3 N,41.7223161,-70.7591872,2026-04-17,0.0,0.03495742,0.00121861
MA-PL-66,Marion 1.3 N,41.7223161,-70.7591872,2026-04-18,0.05,0.0051542763,0.13254654
MA-PL-66,Marion 1.3 N,41.7223161,-70.7591872,2026-04-21,0.05,0.008538454,0.15072088
MA-PL-66,Marion 1.3 N,41.7223161,-70.7591872,2026-04-22,0.0,0.0,0.0014583191
MA-PL-66,Marion 1.3 N,41.7223161,-70.7591872,2026-04-23,0.04,0.004681986,0.01913582
MA-PL-66,Marion 1.3 N,41.7223161,-70.7591872,2026-04-25,0.0,0.0,0.0
MA-PL-66,Marion 1.3 N,41.7223161,-70.7591872,2026-04-26,0.0,0.00015760618,0.0
MA-PL-66,Marion 1.3 N,41.7223161,-70.7591872,2026-04-27,0.0,0.007200253,0.059954237
MA-PL-66,Marion 1.3 N,41.7223161,-70.7591872,2026-04-28,0.0,0.0,0.01824747
MA-PL-66,Marion 1.3 N,41.7223161,-70.7591872,2026-04-29,0.0,0.0,0.002086632
MA-PL-66,Marion 1.3 N,41.7223161,-70.7591872,2026-04-30,0.02,0.004437789,0.00011800665
MA-PL-66,Marion 1.3 N,41.7223161,-70.7591872,2026-05-01,0.06,0.03262263,0.08084616
MA-PL-66,Marion 1.3 N,41.7223161,-70.7591872,2026-05-02,0.0,0.0,0.0
MA-PL-66,Marion 1.3 N,41.7223161,-70.7591872,2026-05-03,0.36,0.35393333,0.880371
MA-PL-66,Marion 1.3 N,41.7223161,-70.7591872,2026-05-04,0.0,0.0016127573,0.09299451
MA-PL-66,Marion 1.3 N,41.7223161,-70.7591872,2026-05-05,0.0,0.0,0.0
MA-PL-66,Marion 1.3 N,41.7223161,-70.7591872,2026-05-06,0.0,0.0,7.8671095e-05
MA-PL-66,Marion 1.3 N,41.7223161,-70.7591872,2026-05-07,0.53,0.2588849,0.47335842
MA-PL-66,Marion 1.3 N,41.7223161,-70.7591872,2026-05-08,0.08,0.12393073,0.006335927
MA-PL-66,Marion 1.3 N,41.7223161,-70.7591872,2026-05-12,0.0,0.011421564,0.026571294
MA-PL-66,Marion 1.3 N,41.7223161,-70.7591872,2026-05-13,0.0,0.0,0.0
MA-PL-66,Marion 1.3 N,41.7223161,-70.7591872,2026-05-14,0.0,0.00078565493,0.0
MA-PL-66,Marion 1.3 N,41.7223161,-70.7591872,2026-05-15,0.2,0.9010195,0.30113208
MA-PL-66,Marion 1.3 N,41.7223161,-70.7591872,2026-05-16,0.0,0.0040943283,0.0060555623
MA-PL-66,Marion 1.3 N,41.7223161,-70.7591872,2026-05-17,0.0,0.09228277,0.0197145
MA-PL-66,Marion 1.3 N,41.7223161,-70.7591872,2026-05-18,0.0,0.013381477,0.0049095517
MA-PL-66,Marion 1.3 N,41.7223161,-70.7591872,2026-05-19,0.0,0.00019694172,0.00039282747
MA-PL-66,Marion 1.3 N,41.7223161,-70.7591872,2026-05-20,0.0,3.9335548e-05,0.0
MA-PL-66,Marion 1.3 N,41.7223161,-70.7591872,2026-05-21,0.03,0.006678067,0.24078213
MA-PL-66,Marion 1.3 N,41.7223161,-70.7591872,2026-05-22,0.01,0.0033411456,0.0014572631
MA-PL-66,Marion 1.3 N,41.7223161,-70.7591872,2026-05-23,0.0,0.0,0.0
MA-PL-66,Marion 1.3 N,41.7223161,-70.7591872,2026-05-24,0.04,0.11242891,0.03761006
MA-PL-66,Marion 1.3 N,41.7223161,-70.7591872,2026-05-25,0.89,0.6519436,0.4541719
MA-PL-66,Marion 1.3 N,41.7223161,-70.7591872,2026-05-26,0.1,0.00605081,0.12836932
MA-PL-66,Marion 1.3 N,41.7223161,-70.7591872,2026-05-27,0.0,0.0,0.0
MA-PL-66,Marion 1.3 N,41.7223161,-70.7591872,2026-05-28,0.0,0.23504177,0.0018078511
MA-PL-66,Marion 1.3 N,41.7223161,-70.7591872,2026-05-29,0.04,0.011463804,0.10404357
MA-PL-66,Marion 1.3 N,41.7223161,-70.7591872,2026-05-30,0.19,0.1663392,0.16265301
MA-PL-66,Marion 1.3 N,41.7223161,-70.7591872,2026-05-31,0.5,0.33298674,0.33395404
MA-PL-66,Marion 1.3 N,41.7223161,-70.7591872,2026-06-01,0.29,0.2016356,0.02698788
MA-PL-66,Marion 1.3 N,41.7223161,-70.7591872,2026-06-02,0.0,0.0,0.00078565493
MA-PL-66,Marion 1.3 N,41.7223161,-70.7591872,2026-06-03,0.0,0.0039367224,0.007645352
MA-PL-66,Marion 1.3 N,41.7223161,-70.7591872,2026-06-04,0.0,0.0,0.0
MA-PL-66,Marion 1.3 N,41.7223161,-70.7591872,2026-06-05,0.0,0.0,0.0
MA-PL-66,Marion 1.3 N,41.7223161,-70.7591872,2026-06-06,0.0,0.0,0.0
MA-PL-66,Marion 1.3 N,41.7223161,-70.7591872,2026-06-07,0.04,0.17939965,0.08440537
MA-PL-66,Marion 1.3 N,41.7223161,-70.7591872,2026-06-08,0.09,0.15601295,0.15311533
MA-PL-66,Marion 1.3 N,41.7223161,-70.7591872,2026-06-09,0.0,0.0,0.0
MA-PL-66,Marion 1.3 N,41.7223161,-70.7591872,2026-06-10,0.0,0.0,0.0
MA-PL-66,Marion 1.3 N,41.7223161,-70.7591872,2026-06-11,0.58,0.0032664344,0.012415512
MA-PL-66,Marion 1.3 N,41.7223161,-70.7591872,2026-06-12,0.0,2.7111769,0.0007067199
MA-PL-66,Marion 1.3 N,41.7223161,-70.7591872,2026-06-13,0.0,0.027764032,0.00031468438
MA-PL-66,Marion 1.3 N,41.7223161,-70.7591872,2026-06-14,0.0,0.0,0.0
MA-PL-66,Marion 1.3 N,41.7223161,-70.7591872,2026-06-15,0.07,0.38383073,0.78253764
MA-PL-66,Marion 1.3 N,41.7223161,-70.7591872,2026-06-16,0.0,0.023377722,0.0022450301
MA-PL-66,Marion 1.3 N,41.7223161,-70.7591872,2026-06-17,0.0,0.0,0.0
MA-PL-66,Marion 1.3 N,41.7223161,-70.7591872,2026-06-18,0.0,0.0,0.0
MA-PL-66,Marion 1.3 N,41.7223161,-70.7591872,2026-06-19,0.0,0.00054964167,0.026336337
MA-PL-66,Marion 1.3 N,41.7223161,-70.7591872,2026-06-20,0.0,0.0,0.00011827063
MA-PL-66,Marion 1.3 N,41.7223161,-70.7591872,2026-06-21,0.0,0.23464894,0.06451029
MA-PL-66,Marion 1.3 N,41.7223161,-70.7591872,2026-06-22,0.0,0.0,0.0
MA-PL-66,Marion 1.3 N,41.7223161,-70.7591872,2026-06-23,2.16,0.19799455,0.15499789
MA-PL-66,Marion 1.3 N,41.7223161,-70.7591872,2026-06-24,0.16,1.0757728,0.6464377
MA-PL-66,Marion 1.3 N,41.7223161,-70.7591872,2026-06-25,0.0,0.0,0.0
MA-PL-66,Marion 1.3 N,41.7223161,-70.7591872,2026-06-26,0.0,0.0,0.0
MA-PL-66,Marion 1.3 N,41.7223161,-70.7591872,2026-06-27,0.02,0.02746413,0.0037783245
MA-PL-66,Marion 1.3 N,41.7223161,-70.7591872,2026-06-28,0.02,0.01476535,0.1927888
MA-PL-66,Marion 1.3 N,41.7223161,-70.7591872,2026-06-29,0.01,7.8671095e-05,0.00015734219
MA-PL-66,Marion 1.3 N,41.7223161,-70.7591872,2026-06-30,0.0,0.0,0.0
MA-PL-66,Marion 1.3 N,41.7223161,-70.7591872,2026-07-01,0.0,0.0016552609,0.0021270234
MA-PL-66,Marion 1.3 N,41.7223161,-70.7591872,2026-07-02,0.04,0.00019641373,0.09718467
MA-PL-66,Marion 1.3 N,41.7223161,-70.7591872,2026-07-03,0.0,0.0,0.039384123
MA-PL-66,Marion 1.3 N,41.7223161,-70.7591872,2026-07-04,0.0,0.0,0.06879972
MA-PL-66,Marion 1.3 N,41.7223161,-70.7591872,2026-07-07,0.74,1.6403123,0.9479756
MA-PL-66,Marion 1.3 N,41.7223161,-70.7591872,2026-07-08,1.66,1.40328,2.5587008
MA-PL-66,Marion 1.3 N,41.7223161,-70.7591872,2026-07-09,0.0,0.0,0.0014979187
MA-PL-66,Marion 1.3 N,41.7223161,-70.7591872,2026-07-10,0.0,0.0,0.0002360133
MA-PL-66,Marion 1.3 N,41.7223161,-70.7591872,2026-07-11,0.52,0.48396343,0.04675069
MA-PL-66,Marion 1.3 N,41.7223161,-70.7591872,2026-07-12,0.0,0.0,0.0
MA-PL-66,Marion 1.3 N,41.7223161,-70.7591872,2026-07-13,0.0,0.0,0.0
MA-PL-66,Marion 1.3 N,41.7223161,-70.7591872,2026-07-14,0.0,0.0,0.16318524
MA-PL-66,Marion 1.3 N,41.7223161,-70.7591872,2026-07-15,0.0,0.0,0.0
MA-PL-66,Marion 1.3 N,41.7223161,-70.7591872,2026-07-16,0.0,0.0,0.00011827063
MA-PL-66,Marion 1.3 N,41.7223161,-70.7591872,2026-07-17,0.0,0.0,0.0
MA-PL-66,Marion 1.3 N,41.7223161,-70.7591872,2026-07-18,0.0,0.0,0.0
MA-PL-66,Marion 1.3 N,41.7223161,-70.7591872,2026-07-19,0.89,0.8774977,0.34627953
MA-PL-66,Marion 1.3 N,41.7223161,-70.7591872,2026-07-20,0.0,0.0,0.0
MA-PL-66,Marion 1.3 N,41.7223161,-70.7591872,2026-07-21,0.0,0.0,0.0
MA-PL-66,Marion 1.3 N,41.7223161,-70.7591872,2026-07-22,1.14,0.4556883,0.61273056
MA-PL-66,Marion 1.3 N,41.7223161,-70.7591872,2026-07-23,0.0,0.032414604,0.7429297
MA-PL-66,Marion 1.3 N,41.7223161,-70.7591872,2026-07-24,0.0,0.0029947814,0.001300977
MA-PL-66,Marion 1.3 N,41.7223161,-70.7591872,2026-07-25,0.0,0.0,0.0
MA-PL-66,Marion 1.3 N,41.7223161,-70.7591872,2026-08-01,0.05,0.0,0.0009823326
MA-PL-66,Marion 1.3 N,41.7223161,-70.7591872,2026-08-02,0.0,0.0,0.0
MA-PL-66,Marion 1.3 N,41.7223161,-70.7591872,2026-08-03,0.18,0.11731285,0.113066725
MA-BA-112,North Falmouth 1.0 NE,41.651097,-70.619223,2025-04-15,0.1,0.0460115,0.007028655
MA-BA-112,North Falmouth 1.0 NE,41.651097,-70.619223,2025-04-16,0.03,0.08618088,0.060898025
MA-BA-112,North Falmouth 1.0 NE,41.651097,-70.619223,2025-04-17,0.0,0.0,0.0
MA-BA-112,North Falmouth 1.0 NE,41.651097,-70.619223,2025-04-18,0.0,0.0,0.0
MA-BA-112,North Falmouth 1.0 NE,41.651097,-70.619223,2025-04-19,0.0,0.0034235127,0.002245558
MA-BA-112,North Falmouth 1.0 NE,41.651097,-70.619223,2025-04-20,0.0,0.031808995,0.027649986
MA-BA-112,North Falmouth 1.0 NE,41.651097,-70.619223,2025-04-21,0.0,0.0,0.0
MA-BA-112,North Falmouth 1.0 NE,41.651097,-70.619223,2025-04-22,0.13,0.12378791,0.12164478
MA-BA-112,North Falmouth 1.0 NE,41.651097,-70.619223,2025-04-23,0.0,0.107641324,0.21435681
MA-BA-112,North Falmouth 1.0 NE,41.651097,-70.619223,2025-04-24,0.0,0.0,0.0
MA-BA-112,North Falmouth 1.0 NE,41.651097,-70.619223,2025-04-25,0.0,0.0,0.0
MA-BA-112,North Falmouth 1.0 NE,41.651097,-70.619223,2025-04-26,0.0,0.02139616,0.0
MA-BA-112,North Falmouth 1.0 NE,41.651097,-70.619223,2025-04-27,0.45,1.104209,1.1854905
MA-BA-112,North Falmouth 1.0 NE,41.651097,-70.619223,2025-04-28,0.0,0.0018099631,3.9335548e-05
MA-BA-112,North Falmouth 1.0 NE,41.651097,-70.619223,2025-04-29,0.0,0.0,0.0
MA-BA-112,North Falmouth 1.0 NE,41.651097,-70.619223,2025-04-30,0.0,7.8671095e-05,0.0
MA-BA-112,North Falmouth 1.0 NE,41.651097,-70.619223,2025-05-01,0.0,0.0,0.00015734219
MA-BA-112,North Falmouth 1.0 NE,41.651097,-70.619223,2025-05-02,0.38,0.12597512,0.07469054
MA-BA-112,North Falmouth 1.0 NE,41.651097,-70.619223,2025-05-03,0.0,0.03238292,0.26654822
MA-BA-112,North Falmouth 1.0 NE,41.651097,-70.619223,2025-05-04,0.0,0.00019641373,0.0
MA-BA-112,North Falmouth 1.0 NE,41.651097,-70.619223,2025-05-07,0.09,0.5068752,0.39608675
MA-BA-112,North Falmouth 1.0 NE,41.651097,-70.619223,2025-05-08,0.0,0.0,0.017378656
MA-BA-112,North Falmouth 1.0 NE,41.651097,-70.619223,2025-05-10,1.13,1.252448,1.1193286
MA-BA-112,North Falmouth 1.0 NE,41.651097,-70.619223,2025-05-13,0.0,0.0,0.0
MA-BA-112,North Falmouth 1.0 NE,41.651097,-70.619223,2025-05-18,0.01,0.00063068874,0.0082704965
MA-BA-112,North Falmouth 1.0 NE,41.651097,-70.619223,2025-05-19,0.0,0.00019641373,0.0
MA-BA-112,North Falmouth 1.0 NE,41.651097,-70.619223,2025-05-20,0.0,0.0,0.0
MA-BA-112,North Falmouth 1.0 NE,41.651097,-70.619223,2025-05-22,0.1,0.011171031,0.19846341
MA-BA-112,North Falmouth 1.0 NE,41.651097,-70.619223,2025-05-23,3.5,2.0887663,2.7805765
MA-BA-112,North Falmouth 1.0 NE,41.651097,-70.619223,2025-05-24,0.0,0.022318568,0.075170755
MA-BA-112,North Falmouth 1.0 NE,41.651097,-70.619223,2025-05-28,0.0,0.0,0.0
MA-BA-112,North Falmouth 1.0 NE,41.651097,-70.619223,2025-05-29,0.13,0.0519546,0.1337134
MA-BA-112,North Falmouth 1.0 NE,41.651097,-70.619223,2025-05-30,0.02,0.079908445,0.28281465
MA-BA-112,North Falmouth 1.0 NE,41.651097,-70.619223,2025-05-31,0.14,0.10081542,0.43172583
MA-BA-112,North Falmouth 1.0 NE,41.651097,-70.619223,2025-06-01,0.0,0.6054823,0.6502232
MA-BA-112,North Falmouth 1.0 NE,41.651097,-70.619223,2025-06-02,0.0,3.9335548e-05,0.0
MA-BA-112,North Falmouth 1.0 NE,41.651097,-70.619223,2025-06-03,0.0,0.0,0.0
MA-BA-112,North Falmouth 1.0 NE,41.651097,-70.619223,2025-06-04,0.0,0.0,0.0
MA-BA-112,North Falmouth 1.0 NE,41.651097,-70.619223,2025-06-06,0.0,0.0,0.0
MA-BA-112,North Falmouth 1.0 NE,41.651097,-70.619223,2025-06-07,0.0,0.0062944796,3.9335548e-05
MA-BA-112,North Falmouth 1.0 NE,41.651097,-70.619223,2025-06-10,,0.009077008,0.05078879
MA-BA-112,North Falmouth 1.0 NE,41.651097,-70.619223,2025-06-11,0.55,0.06834195,0.120291
MA-BA-112,North Falmouth 1.0 NE,41.651097,-70.619223,2025-06-12,0.0,0.0,0.0
MA-BA-112,North Falmouth 1.0 NE,41.651097,-70.619223,2025-06-13,0.0,0.0005512256,0.00011827063
MA-BA-112,North Falmouth 1.0 NE,41.651097,-70.619223,2025-06-14,0.0,0.07785587,0.038899686
MA-BA-112,North Falmouth 1.0 NE,41.651097,-70.619223,2025-06-20,0.0,3.9335548e-05,0.00078565493
MA-BA-112,North Falmouth 1.0 NE,41.651097,-70.619223,2025-06-21,0.0,0.0,0.0
MA-BA-112,North Falmouth 1.0 NE,41.651097,-70.619223,2025-06-22,0.0,0.0,0.31480184
MA-BA-112,North Falmouth 1.0 NE,41.651097,-70.619223,2025-06-23,0.0,0.0110667525,0.0069666156
MA-BA-112,North Falmouth 1.0 NE,41.651097,-70.619223,2025-06-24,0.0,0.0,0.0
MA-BA-112,North Falmouth 1.0 NE,41.651097,-70.619223,2025-06-25,0.0,0.0,0.0
MA-BA-112,North Falmouth 1.0 NE,41.651097,-70.619223,2025-06-26,0.0,0.0011827063,0.121041544
MA-BA-112,North Falmouth 1.0 NE,41.651097,-70.619223,2025-06-29,0.0,0.0036170222,0.12592365
MA-BA-112,North Falmouth 1.0 NE,41.651097,-70.619223,2025-06-30,0.0,0.0019683612,3.9335548e-05
MA-BA-112,North Falmouth 1.0 NE,41.651097,-70.619223,2025-07-03,0.0,0.008502022,0.016043887
MA-BA-112,North Falmouth 1.0 NE,41.651097,-70.619223,2025-07-04,0.12,0.042374678,0.3153602
MA-BA-112,North Falmouth 1.0 NE,41.651097,-70.619223,2025-07-05,0.0,0.0,0.0
MA-BA-112,North Falmouth 1.0 NE,41.651097,-70.619223,2025-07-06,0.0,0.0,0.0
MA-BA-112,North Falmouth 1.0 NE,41.651097,-70.619223,2025-07-09,0.52,0.38498357,0.5583583
MA-BA-112,North Falmouth 1.0 NE,41.651097,-70.619223,2025-07-19,0.0,0.0,0.0
MA-BA-112,North Falmouth 1.0 NE,41.651097,-70.619223,2025-08-06,0.0,0.0,0.0
MA-BA-112,North Falmouth 1.0 NE,41.651097,-70.619223,2025-08-07,0.0,0.0,0.0
MA-BA-112,North Falmouth 1.0 NE,41.651097,-70.619223,2025-08-08,0.0,0.0,0.0
MA-BA-112,North Falmouth 1.0 NE,41.651097,-70.619223,2025-08-09,0.0,0.0,0.0
MA-BA-112,North Falmouth 1.0 NE,41.651097,-70.619223,2025-08-10,0.0,0.0,0.0
MA-BA-112,North Falmouth 1.0 NE,41.651097,-70.619223,2025-08-11,0.0,0.0,0.0
MA-BA-112,North Falmouth 1.0 NE,41.651097,-70.619223,2025-08-12,0.0,0.0,0.0
MA-BA-112,North Falmouth 1.0 NE,41.651097,-70.619223,2025-08-13,0.0,3.9335548e-05,0.00467961
MA-BA-112,North Falmouth 1.0 NE,41.651097,-70.619223,2025-08-20,0.0,0.0,0.0
MA-BA-112,North Falmouth 1.0 NE,41.651097,-70.619223,2025-08-21,1.08,0.6067146,2.71678
MA-BA-112,North Falmouth 1.0 NE,41.651097,-70.619223,2025-08-22,0.0,0.003113052,0.13767125
MA-BA-112,North Falmouth 1.0 NE,41.651097,-70.619223,2025-08-23,0.0,0.0,0.0
MA-BA-112,North Falmouth 1.0 NE,41.651097,-70.619223,2025-08-24,0.0,0.0,0.0
MA-BA-112,North Falmouth 1.0 NE,41.651097,-70.619223,2025-08-25,0.0,0.0,3.9335548e-05
MA-BA-112,North Falmouth 1.0 NE,41.651097,-70.619223,2025-08-26,0.0,0.025585793,0.0
MA-BA-112,North Falmouth 1.0 NE,41.651097,-70.619223,2025-08-27,0.0,0.0,0.0
MA-BA-112,North Falmouth 1.0 NE,41.651097,-70.619223,2025-09-04,0.0,0.0,0.0
MA-BA-112,North Falmouth 1.0 NE,41.651097,-70.619223,2025-09-05,0.01,0.0,0.0
MA-BA-112,North Falmouth 1.0 NE,41.651097,-70.619223,2025-09-06,0.0,0.0011827063,0.0
MA-BA-112,North Falmouth 1.0 NE,41.651097,-70.619223,2025-09-07,0.02,0.097294495,0.0058628446
MA-BA-112,North Falmouth 1.0 NE,41.651097,-70.619223,2025-09-08,0.96,0.22385252,0.9897985
MA-BA-112,North Falmouth 1.0 NE,41.651097,-70.619223,2025-09-09,0.0,0.0,0.0
MA-BA-112,North Falmouth 1.0 NE,41.651097,-70.619223,2025-09-24,0.07,0.0,0.0
MA-BA-112,North Falmouth 1.0 NE,41.651097,-70.619223,2025-09-25,1.56,0.2995201,0.5403107
MA-BA-112,North Falmouth 1.0 NE,41.651097,-70.619223,2025-09-26,0.46,0.18331948,1.0812132
MA-BA-112,North Falmouth 1.0 NE,41.651097,-70.619223,2025-09-27,0.0,0.0,0.014935892
MA-BA-112,North Falmouth 1.0 NE,41.651097,-70.619223,2025-10-01,0.0,0.0,0.0
MA-BA-112,North Falmouth 1.0 NE,41.651097,-70.619223,2025-10-02,0.0,0.0,0.0
MA-BA-112,North Falmouth 1.0 NE,41.651097,-70.619223,2025-10-03,0.0,0.0,0.0
MA-BA-112,North Falmouth 1.0 NE,41.651097,-70.619223,2025-10-17,0.0,0.0017310281,0.061801687
MA-BA-112,North Falmouth 1.0 NE,41.651097,-70.619223,2025-10-18,0.0,0.0,0.0
MA-BA-112,North Falmouth 1.0 NE,41.651097,-70.619223,2025-10-19,0.0,0.0,0.0
MA-BA-112,North Falmouth 1.0 NE,41.651097,-70.619223,2025-10-20,0.0,7.8671095e-05,0.0
MA-BA-112,North Falmouth 1.0 NE,41.651097,-70.619223,2025-10-21,0.69,0.7493416,0.48605853
MA-BA-112,North Falmouth 1.0 NE,41.651097,-70.619223,2025-10-22,0.01,0.0,0.0066907387
MA-BA-112,North Falmouth 1.0 NE,41.651097,-70.619223,2025-10-23,0.0,0.009947405,0.05943865
MA-BA-112,North Falmouth 1.0 NE,41.651097,-70.619223,2025-10-24,0.0,0.0,0.0
MA-BA-112,North Falmouth 1.0 NE,41.651097,-70.619223,2025-10-25,0.0,0.0,0.0
MA-BA-112,North Falmouth 1.0 NE,41.651097,-70.619223,2025-10-26,0.0,0.0,0.0
MA-BA-112,North Falmouth 1.0 NE,41.651097,-70.619223,2025-10-27,0.0,0.0,0.0062852395
MA-BA-112,North Falmouth 1.0 NE,41.651097,-70.619223,2025-10-28,0.01,0.03419711,0.0676508
MA-BA-112,North Falmouth 1.0 NE,41.651097,-70.619223,2025-10-29,0.01,0.006759642,0.14469145
MA-BA-112,North Falmouth 1.0 NE,41.651097,-70.619223,2025-10-30,0.04,0.0063736783,0.055629436
MA-BA-112,North Falmouth 1.0 NE,41.651097,-70.619223,2025-10-31,1.59,1.4061341,2.1488197
MA-BA-112,North Falmouth 1.0 NE,41.651097,-70.619223,2025-11-01,0.0,0.0,0.009703472
MA-BA-112,North Falmouth 1.0 NE,41.651097,-70.619223,2025-11-05,0.0,0.0,0.0
MA-BA-112,North Falmouth 1.0 NE,41.651097,-70.619223,2025-11-09,0.02,0.03538536,0.08583069
MA-BA-112,North Falmouth 1.0 NE,41.651097,-70.619223,2025-11-12,0.0,0.00086591,0.0
MA-BA-112,North Falmouth 1.0 NE,41.651097,-70.619223,2025-11-13,0.0,0.00086591,0.014920844
MA-BA-112,North Falmouth 1.0 NE,41.651097,-70.619223,2025-11-14,0.0,0.045479808,0.00047149856
MA-BA-112,North Falmouth 1.0 NE,41.651097,-70.619223,2025-11-15,0.0,0.0,0.0
MA-BA-112,North Falmouth 1.0 NE,41.651097,-70.619223,2025-11-16,0.64,0.5598594,0.52039635
MA-BA-112,North Falmouth 1.0 NE,41.651097,-70.619223,2025-11-17,0.0,3.9335548e-05,3.9335548e-05
MA-BA-112,North Falmouth 1.0 NE,41.651097,-70.619223,2025-11-18,0.0,0.0,0.0
MA-BA-112,North Falmouth 1.0 NE,41.651097,-70.619223,2025-11-19,0.0,0.0,0.0014572631
MA-BA-112,North Falmouth 1.0 NE,41.651097,-70.619223,2025-11-20,0.0,3.9335548e-05,0.0958668
MA-BA-112,North Falmouth 1.0 NE,41.651097,-70.619223,2025-11-21,0.0,0.0,0.0
MA-BA-112,North Falmouth 1.0 NE,41.651097,-70.619223,2025-11-23,0.23,0.19639683,0.011967774
MA-BA-112,North Falmouth 1.0 NE,41.651097,-70.619223,2025-12-03,0.74,0.929396,0.76758486
MA-BA-112,North Falmouth 1.0 NE,41.651097,-70.619223,2025-12-04,0.0,0.0012587375,0.001652885
MA-BA-112,North Falmouth 1.0 NE,41.651097,-70.619223,2025-12-05,0.0,0.0,0.00011827063
MA-BA-112,North Falmouth 1.0 NE,41.651097,-70.619223,2025-12-10,0.03,0.016317124,0.0047308253
MA-BA-112,North Falmouth 1.0 NE,41.651097,-70.619223,2025-12-13,0.0,0.0,0.0
MA-BA-112,North Falmouth 1.0 NE,41.651097,-70.619223,2025-12-14,0.18,0.16173932,0.107775435
MA-BA-112,North Falmouth 1.0 NE,41.651097,-70.619223,2025-12-15,0.14,0.26016372,0.2908267
MA-BA-112,North Falmouth 1.0 NE,41.651097,-70.619223,2025-12-16,0.0,0.0,0.0
MA-BA-112,North Falmouth 1.0 NE,41.651097,-70.619223,2025-12-17,0.0,0.0,0.0
MA-BA-112,North Falmouth 1.0 NE,41.651097,-70.619223,2025-12-30,0.18,0.2981307,0.74664253
MA-BA-112,North Falmouth 1.0 NE,41.651097,-70.619223,2025-12-31,0.0,0.00078565493,3.9335548e-05
MA-BA-112,North Falmouth 1.0 NE,41.651097,-70.619223,2026-01-05,0.0,0.018312149,0.00791278
MA-BA-112,North Falmouth 1.0 NE,41.651097,-70.619223,2026-01-06,0.02,0.011096057,0.17971224
MA-BA-112,North Falmouth 1.0 NE,41.651097,-70.619223,2026-01-07,0.02,0.026458832,0.04268857
MA-BA-112,North Falmouth 1.0 NE,41.651097,-70.619223,2026-01-08,0.06,0.07282092,0.06627485
MA-BA-112,North Falmouth 1.0 NE,41.651097,-70.619223,2026-01-12,0.0,0.0072430205,0.4242452
MA-BA-112,North Falmouth 1.0 NE,41.651097,-70.619223,2026-01-14,0.0,0.0,0.0
MA-BA-112,North Falmouth 1.0 NE,41.651097,-70.619223,2026-01-15,0.0,0.0041716797,0.07541152
MA-BA-112,North Falmouth 1.0 NE,41.651097,-70.619223,2026-01-16,0.0,0.003383385,0.039451707
MA-BA-112,North Falmouth 1.0 NE,41.651097,-70.619223,2026-01-17,0.0,0.0,0.01164121
MA-BA-112,North Falmouth 1.0 NE,41.651097,-70.619223,2026-01-18,0.0,0.013668706,0.040670842
MA-BA-112,North Falmouth 1.0 NE,41.651097,-70.619223,2026-01-19,0.76,0.5168469,0.88926
MA-BA-112,North Falmouth 1.0 NE,41.651097,-70.619223,2026-01-20,0.0,0.03556356,0.020348093
MA-BA-112,North Falmouth 1.0 NE,41.651097,-70.619223,2026-01-21,0.0,0.0,0.0
MA-BA-112,North Falmouth 1.0 NE,41.651097,-70.619223,2026-01-22,0.0,0.00090392557,0.005792357
MA-BA-112,North Falmouth 1.0 NE,41.651097,-70.619223,2026-01-23,0.0,0.0,0.0
MA-BA-112,North Falmouth 1.0 NE,41.651097,-70.619223,2026-01-24,0.0,0.0,0.0
MA-BA-112,North Falmouth 1.0 NE,41.651097,-70.619223,2026-01-25,0.0,0.0,0.0
MA-BA-112,North Falmouth 1.0 NE,41.651097,-70.619223,2026-01-26,1.21,1.4051058,1.322074
MA-BA-112,North Falmouth 1.0 NE,41.651097,-70.619223,2026-01-27,0.13,0.16194893,0.18158449
MA-BA-112,North Falmouth 1.0 NE,41.651097,-70.619223,2026-01-28,0.0,0.0021597592,0.0023625088
MA-BA-112,North Falmouth 1.0 NE,41.651097,-70.619223,2026-01-29,0.0,0.0005897693,0.0
MA-BA-112,North Falmouth 1.0 NE,41.651097,-70.619223,2026-01-30,0.0,0.0,0.0
MA-BA-112,North Falmouth 1.0 NE,41.651097,-70.619223,2026-01-31,0.0,0.0,0.0
MA-BA-112,North Falmouth 1.0 NE,41.651097,-70.619223,2026-02-01,0.0,0.002323965,0.019733245
MA-BA-112,North Falmouth 1.0 NE,41.651097,-70.619223,2026-02-02,0.01,0.008580165,0.027502675
MA-BA-112,North Falmouth 1.0 NE,41.651097,-70.619223,2026-02-03,0.0,0.0,0.0
MA-BA-112,North Falmouth 1.0 NE,41.651097,-70.619223,2026-02-04,0.0,0.0,0.003978962
MA-BA-112,North Falmouth 1.0 NE,41.651097,-70.619223,2026-02-05,0.0,0.0,7.8671095e-05
MA-BA-112,North Falmouth 1.0 NE,41.651097,-70.619223,2026-02-06,0.0,0.0011827063,0.0
MA-BA-112,North Falmouth 1.0 NE,41.651097,-70.619223,2026-02-07,0.01,0.008031052,0.0022827818
MA-BA-112,North Falmouth 1.0 NE,41.651097,-70.619223,2026-02-19,0.14,0.22574486,0.45543832
MA-BA-112,North Falmouth 1.0 NE,41.651097,-70.619223,2026-02-20,0.0,0.0,0.0
MA-BA-112,North Falmouth 1.0 NE,41.651097,-70.619223,2026-02-21,0.54,0.4050215,0.6077688
MA-BA-112,North Falmouth 1.0 NE,41.651097,-70.619223,2026-02-22,0.0,0.015494509,0.0562889
MA-BA-112,North Falmouth 1.0 NE,41.651097,-70.619223,2026-02-23,,0.8637468,0.9152822
MA-BA-112,North Falmouth 1.0 NE,41.651097,-70.619223,2026-02-24,0.4,1.4023793,1.8121313
MA-BA-112,North Falmouth 1.0 NE,41.651097,-70.619223,2026-03-05,0.0,0.0036267901,0.0
MA-BA-112,North Falmouth 1.0 NE,41.651097,-70.619223,2026-03-06,0.93,0.91412854,0.58339524
MA-BA-112,North Falmouth 1.0 NE,41.651097,-70.619223,2026-03-07,0.03,0.061083354,0.15389729
MA-BA-112,North Falmouth 1.0 NE,41.651097,-70.619223,2026-03-08,0.0,0.041241076,0.12050775
MA-BA-112,North Falmouth 1.0 NE,41.651097,-70.619223,2026-03-09,0.0,0.019656686,0.05322179
MA-BA-112,North Falmouth 1.0 NE,41.651097,-70.619223,2026-03-10,0.0,0.0005105701,0.0
MA-BA-112,North Falmouth 1.0 NE,41.651097,-70.619223,2026-03-11,0.0,0.0,0.00035375592
MA-BA-112,North Falmouth 1.0 NE,41.651097,-70.619223,2026-03-12,0.02,0.123676494,0.13814433
MA-BA-112,North Falmouth 1.0 NE,41.651097,-70.619223,2026-03-13,0.04,0.22146809,0.14012852
MA-BA-112,North Falmouth 1.0 NE,41.651097,-70.619223,2026-03-14,0.0,0.06693485,0.11915345
MA-BA-112,North Falmouth 1.0 NE,41.651097,-70.619223,2026-03-15,0.0,0.0,0.0
MA-BA-112,North Falmouth 1.0 NE,41.651097,-70.619223,2026-03-16,0.13,0.0043702056,0.33214328
MA-BA-112,North Falmouth 1.0 NE,41.651097,-70.619223,2026-03-17,0.51,1.2744603,1.1991063
MA-BA-112,North Falmouth 1.0 NE,41.651097,-70.619223,2026-03-18,0.0,0.009129278,0.0022400143
MA-BA-112,North Falmouth 1.0 NE,41.651097,-70.619223,2026-03-19,0.0,0.0,0.0
MA-BA-112,North Falmouth 1.0 NE,41.651097,-70.619223,2026-03-20,0.0,0.0,0.0
MA-BA-112,North Falmouth 1.0 NE,41.651097,-70.619223,2026-03-21,0.16,0.20392656,0.15283233
MA-BA-112,North Falmouth 1.0 NE,41.651097,-70.619223,2026-03-24,0.27,0.75525516,0.1802323
MA-BA-112,North Falmouth 1.0 NE,41.651097,-70.619223,2026-03-25,0.0,0.0010644357,0.00011800664
MA-BA-112,North Falmouth 1.0 NE,41.651097,-70.619223,2026-03-26,0.0,0.0,0.0031468438
MA-BA-112,North Falmouth 1.0 NE,41.651097,-70.619223,2026-03-27,0.12,0.16154608,0.26485863
MA-BA-112,North Falmouth 1.0 NE,41.651097,-70.619223,2026-03-28,0.0,0.012195075,0.12588643
MA-BA-112,North Falmouth 1.0 NE,41.651097,-70.619223,2026-03-29,0.0,0.00011800665,0.03046868
MA-BA-112,North Falmouth 1.0 NE,41.651097,-70.619223,2026-03-30,0.0,0.0,0.0
MA-BA-112,North Falmouth 1.0 NE,41.651097,-70.619223,2026-03-31,0.01,0.00031468438,0.00023654127
MA-BA-112,North Falmouth 1.0 NE,41.651097,-70.619223,2026-04-01,0.21,0.29008067,0.03566995
MA-BA-112,North Falmouth 1.0 NE,41.651097,-70.619223,2026-04-02,0.68,0.34936303,0.20674685
MA-BA-112,North Falmouth 1.0 NE,41.651097,-70.619223,2026-04-03,0.14,0.43338108,0.3952594
MA-BA-112,North Falmouth 1.0 NE,41.651097,-70.619223,2026-04-05,0.0,0.05954504,0.0094447555
MA-BA-112,North Falmouth 1.0 NE,41.651097,-70.619223,2026-04-06,0.11,0.3528203,0.3648071
MA-BA-112,North Falmouth 1.0 NE,41.651097,-70.619223,2026-04-07,0.0,0.0008249905,0.06878282
MA-BA-112,North Falmouth 1.0 NE,41.651097,-70.619223,2026-04-18,0.01,0.002005585,0.08056738
MA-BA-112,North Falmouth 1.0 NE,41.651097,-70.619223,2026-04-23,0.01,0.0039691944,0.017610708
MA-BA-112,North Falmouth 1.0 NE,41.651097,-70.619223,2026-04-24,0.0,0.0,0.0
MA-BA-112,North Falmouth 1.0 NE,41.651097,-70.619223,2026-04-25,0.0,0.0,0.0
MA-BA-112,North Falmouth 1.0 NE,41.651097,-70.619223,2026-04-27,0.0,0.011435555,0.11455039
MA-BA-112,North Falmouth 1.0 NE,41.651097,-70.619223,2026-04-28,0.0,0.0,0.030277282
MA-BA-112,North Falmouth 1.0 NE,41.651097,-70.619223,2026-04-29,0.0,0.0,0.00023574928
MA-BA-112,North Falmouth 1.0 NE,41.651097,-70.619223,2026-04-30,0.02,0.032096222,0.0
MA-BA-112,North Falmouth 1.0 NE,41.651097,-70.619223,2026-05-02,0.0,0.0,0.0
MA-BA-112,North Falmouth 1.0 NE,41.651097,-70.619223,2026-05-05,0.0,0.0,0.0
MA-BA-112,North Falmouth 1.0 NE,41.651097,-70.619223,2026-05-06,0.0,0.0,0.0
MA-BA-112,North Falmouth 1.0 NE,41.651097,-70.619223,2026-05-07,0.48,0.189506,0.32002026
MA-BA-112,North Falmouth 1.0 NE,41.651097,-70.619223,2026-05-09,,0.0024794594,0.04327544
MA-BA-112,North Falmouth 1.0 NE,41.651097,-70.619223,2026-05-10,0.14,0.5454433,0.35503814
MA-BA-112,North Falmouth 1.0 NE,41.651097,-70.619223,2026-05-11,0.24,0.05857617,0.0056175916
MA-BA-112,North Falmouth 1.0 NE,41.651097,-70.619223,2026-05-12,0.0,0.010238858,0.033495933
MA-BA-112,North Falmouth 1.0 NE,41.651097,-70.619223,2026-05-13,0.0,0.0,0.0
MA-BA-112,North Falmouth 1.0 NE,41.651097,-70.619223,2026-05-14,0.0,0.010610566,0.0
MA-BA-112,North Falmouth 1.0 NE,41.651097,-70.619223,2026-05-15,0.1,1.1100937,0.6302064
MA-BA-112,North Falmouth 1.0 NE,41.651097,-70.619223,2026-05-18,0.0,0.035143275,0.008154865
MA-BA-112,North Falmouth 1.0 NE,41.651097,-70.619223,2026-05-19,0.0,0.0011404669,0.0031426197
MA-BA-112,North Falmouth 1.0 NE,41.651097,-70.619223,2026-05-20,0.0,0.0,0.0
MA-BA-112,North Falmouth 1.0 NE,41.651097,-70.619223,2026-05-21,0.05,0.0015713099,0.36449426
MA-BA-112,North Falmouth 1.0 NE,41.651097,-70.619223,2026-05-22,0.01,0.0038944832,0.00090392557
MA-BA-112,North Falmouth 1.0 NE,41.651097,-70.619223,2026-05-23,0.0,0.0,0.0
MA-BA-112,North Falmouth 1.0 NE,41.651097,-70.619223,2026-05-24,0.04,0.13859206,0.025799895
MA-BA-112,North Falmouth 1.0 NE,41.651097,-70.619223,2026-05-27,0.0,0.0,3.9335548e-05
MA-BA-112,North Falmouth 1.0 NE,41.651097,-70.619223,2026-05-28,0.0,0.10380783,0.0
MA-BA-112,North Falmouth 1.0 NE,41.651097,-70.619223,2026-05-29,0.2,0.036647003,0.2429263
MA-BA-112,North Falmouth 1.0 NE,41.651097,-70.619223,2026-05-30,0.22,0.1230606,0.13484251
MA-BA-112,North Falmouth 1.0 NE,41.651097,-70.619223,2026-05-31,0.29,0.47872573,0.36573213
MA-BA-112,North Falmouth 1.0 NE,41.651097,-70.619223,2026-06-01,0.19,0.19908327,0.027994238
MA-BA-112,North Falmouth 1.0 NE,41.651097,-70.619223,2026-06-02,0.0,0.0,0.0
MA-BA-112,North Falmouth 1.0 NE,41.651097,-70.619223,2026-06-03,0.0,0.002754016,0.00031468438
MA-BA-112,North Falmouth 1.0 NE,41.651097,-70.619223,2026-06-04,0.0,0.0,0.0
MA-BA-112,North Falmouth 1.0 NE,41.651097,-70.619223,2026-06-05,0.0,0.0,0.0
MA-BA-112,North Falmouth 1.0 NE,41.651097,-70.619223,2026-06-06,0.0,0.0,0.0
MA-BA-112,North Falmouth 1.0 NE,41.651097,-70.619223,2026-06-07,0.03,0.3795867,0.06437302
MA-BA-112,North Falmouth 1.0 NE,41.651097,-70.619223,2026-06-08,0.0,0.07563671,0.18273368
MA-BA-112,North Falmouth 1.0 NE,41.651097,-70.619223,2026-06-09,0.0,0.0,0.0
MA-BA-112,North Falmouth 1.0 NE,41.651097,-70.619223,2026-06-10,0.0,0.0,0.0
MA-BA-112,North Falmouth 1.0 NE,41.651097,-70.619223,2026-06-11,0.21,0.014008999,0.004754321
MA-BA-112,North Falmouth 1.0 NE,41.651097,-70.619223,2026-06-12,0.0,2.1993153,0.00055043364
MA-BA-112,North Falmouth 1.0 NE,41.651097,-70.619223,2026-06-13,0.0,0.008249377,3.9335548e-05
MA-BA-112,North Falmouth 1.0 NE,41.651097,-70.619223,2026-06-14,0.0,0.0,0.0
MA-BA-112,North Falmouth 1.0 NE,41.651097,-70.619223,2026-06-19,0.0,0.00039282747,0.06165702
MA-BA-112,North Falmouth 1.0 NE,41.651097,-70.619223,2026-06-20,0.0,0.0,3.9335548e-05
MA-BA-112,North Falmouth 1.0 NE,41.651097,-70.619223,2026-06-21,0.0,0.06709588,0.09677917
MA-BA-112,North Falmouth 1.0 NE,41.651097,-70.619223,2026-06-22,0.0,0.0,0.0
MA-BA-112,North Falmouth 1.0 NE,41.651097,-70.619223,2026-06-23,1.94,0.118841924,0.076617196
MA-BA-112,North Falmouth 1.0 NE,41.651097,-70.619223,2026-06-24,0.22,1.0338966,0.8716989
MA-BA-112,North Falmouth 1.0 NE,41.651097,-70.619223,2026-06-26,0.0,0.0,0.0
MA-BA-112,North Falmouth 1.0 NE,41.651097,-70.619223,2026-06-29,0.0,3.9335548e-05,3.9335548e-05
MA-BA-112,North Falmouth 1.0 NE,41.651097,-70.619223,2026-07-03,0.0,0.00015734219,0.00059135316
MA-BA-112,North Falmouth 1.0 NE,41.651097,-70.619223,2026-07-07,0.79,2.1544645,1.0598907
MA-BA-112,North Falmouth 1.0 NE,41.651097,-70.619223,2026-07-08,1.86,1.2569627,2.331959
MA-BA-112,North Falmouth 1.0 NE,41.651097,-70.619223,2026-07-09,0.0,0.0,0.013470181
MA-BA-112,North Falmouth 1.0 NE,41.651097,-70.619223,2026-07-10,0.0,0.0,0.00086564606
MA-BA-112,North Falmouth 1.0 NE,41.651097,-70.619223,2026-07-13,0.0,0.0,0.0
MA-BA-112,North Falmouth 1.0 NE,41.651097,-70.619223,2026-07-14,0.0,0.0,0.26357457
MA-BA-112,North Falmouth 1.0 NE,41.651097,-70.619223,2026-07-15,0.0,0.0,0.0
MA-BA-112,North Falmouth 1.0 NE,41.651097,-70.619223,2026-07-16,0.0,0.0,0.00011827063
MA-BA-112,North Falmouth 1.0 NE,41.651097,-70.619223,2026-07-17,0.0,0.0,0.0
MA-BA-112,North Falmouth 1.0 NE,41.651097,-70.619223,2026-07-18,0.0,0.0,0.0
MA-BA-112,North Falmouth 1.0 NE,41.651097,-70.619223,2026-07-19,1.5,1.2161833,0.9585856
MA-BA-112,North Falmouth 1.0 NE,41.651097,-70.619223,2026-07-20,0.0,0.0,0.0
MA-BA-112,North Falmouth 1.0 NE,41.651097,-70.619223,2026-07-21,0.0,0.0,0.0
MA-BA-112,North Falmouth 1.0 NE,41.651097,-70.619223,2026-07-22,1.45,0.63473314,0.8852346
MA-BA-112,North Falmouth 1.0 NE,41.651097,-70.619223,2026-07-23,0.0,0.043994565,0.80138624
MA-BA-112,North Falmouth 1.0 NE,41.651097,-70.619223,2026-07-24,0.0,0.004570315,0.00078565493
MA-BA-112,North Falmouth 1.0 NE,41.651097,-70.619223,2026-07-25,0.0,0.0,0.0
MA-BA-112,North Falmouth 1.0 NE,41.651097,-70.619223,2026-07-26,0.0,0.0,0.0
MA-BA-112,North Falmouth 1.0 NE,41.651097,-70.619223,2026-07-27,0.0,0.00015734219,0.0005110981
MA-BA-112,North Falmouth 1.0 NE,41.651097,-70.619223,2026-07-28,0.0,0.0,0.0
MA-BA-112,North Falmouth 1.0 NE,41.651097,-70.619223,2026-07-31,0.16,0.014477856,1.0121944
MA-BA-112,North Falmouth 1.0 NE,41.651097,-70.619223,2026-08-01,0.01,0.0,0.0027540163
MA-BA-112,North Falmouth 1.0 NE,41.651097,-70.619223,2026-08-02,0.0,0.0,0.0
MA-BA-112,North Falmouth 1.0 NE,41.651097,-70.619223,2026-08-03,0.02,0.20586906,0.061644346
