stationNumber,stationName,latitude,longitude,date,precip_in,aorc_in
MA-BA-46,East Falmouth 0.2 ESE,41.57692,-70.55556,2025-01-01,0.5,0.5905511899022606
MA-BA-46,East Falmouth 0.2 ESE,41.57692,-70.55556,2025-01-02,0.29,0.1692913411053147
MA-BA-46,East Falmouth 0.2 ESE,41.57692,-70.55556,2025-01-19,0.41,0.3740157536047651
MA-BA-46,East Falmouth 0.2 ESE,41.57692,-70.55556,2025-01-20,0.48,0.2716535473550399
MA-BA-46,East Falmouth 0.2 ESE,41.57692,-70.55556,2025-02-01,0.66,0.4488189043257181
MA-BA-46,East Falmouth 0.2 ESE,41.57692,-70.55556,2025-02-03,0.21,0.14960630144190604
MA-BA-46,East Falmouth 0.2 ESE,41.57692,-70.55556,2025-02-09,0.6,0.30708661874917553
MA-BA-46,East Falmouth 0.2 ESE,41.57692,-70.55556,2025-03-06,0.52,0.6023622137003058
MA-BA-46,East Falmouth 0.2 ESE,41.57692,-70.55556,2025-03-07,0.24,0.04330708725949911
MA-BA-46,East Falmouth 0.2 ESE,41.57692,-70.55556,2025-03-18,2.3,0.17322834903799644
MA-BA-46,East Falmouth 0.2 ESE,41.57692,-70.55556,2025-03-21,0.39,0.3622047298067198
MA-BA-46,East Falmouth 0.2 ESE,41.57692,-70.55556,2025-03-22,0.06,0.0
MA-BA-46,East Falmouth 0.2 ESE,41.57692,-70.55556,2025-03-29,0.02,0.023622047596090427
MA-BA-46,East Falmouth 0.2 ESE,41.57692,-70.55556,2025-04-01,0.33,0.3110236266818573
MA-BA-46,East Falmouth 0.2 ESE,41.57692,-70.55556,2025-04-02,0.09,0.023622047596090424
MA-BA-46,East Falmouth 0.2 ESE,41.57692,-70.55556,2025-04-03,0.15,0.3070866187491755
MA-BA-46,East Falmouth 0.2 ESE,41.57692,-70.55556,2025-04-04,0.16,0.0
MA-BA-46,East Falmouth 0.2 ESE,41.57692,-70.55556,2025-04-06,0.76,0.523622055046671
MA-BA-46,East Falmouth 0.2 ESE,41.57692,-70.55556,2025-04-08,0.58,0.25590551562431296
MA-BA-46,East Falmouth 0.2 ESE,41.57692,-70.55556,2025-04-11,0.07,0.12204724591313386
MA-BA-46,East Falmouth 0.2 ESE,41.57692,-70.55556,2025-04-12,0.3,0.2913385870184486
MA-BA-46,East Falmouth 0.2 ESE,41.57692,-70.55556,2025-04-13,0.22,0.7874015865363474
MA-BA-46,East Falmouth 0.2 ESE,41.57692,-70.55556,2025-04-27,1.64,0.27952756322040334
MA-BA-46,East Falmouth 0.2 ESE,41.57692,-70.55556,2025-05-02,0.46,0.5354330788447162
MA-BA-46,East Falmouth 0.2 ESE,41.57692,-70.55556,2025-05-07,0.19,0.007874015865363475
MA-BA-46,East Falmouth 0.2 ESE,41.57692,-70.55556,2025-05-10,1.32,0.4763779598544902
MA-BA-46,East Falmouth 0.2 ESE,41.57692,-70.55556,2025-05-23,4.05,1.393700808169335
MA-BA-46,East Falmouth 0.2 ESE,41.57692,-70.55556,2025-05-24,0.23,0.03543307139413564
MA-BA-46,East Falmouth 0.2 ESE,41.57692,-70.55556,2025-05-29,0.18,0.17322834903799644
MA-BA-46,East Falmouth 0.2 ESE,41.57692,-70.55556,2025-05-30,0.11,0.0
MA-BA-46,East Falmouth 0.2 ESE,41.57692,-70.55556,2025-05-31,0.41,0.2716535473550399
MA-BA-46,East Falmouth 0.2 ESE,41.57692,-70.55556,2025-06-08,0.08,0.0
MA-BA-46,East Falmouth 0.2 ESE,41.57692,-70.55556,2025-07-09,1.31,0.7283464675461213
MA-BA-46,East Falmouth 0.2 ESE,41.57692,-70.55556,2025-07-10,0.16,0.5314960709120345
MA-BA-46,East Falmouth 0.2 ESE,41.57692,-70.55556,2025-07-11,0.34,0.0
MA-BA-46,East Falmouth 0.2 ESE,41.57692,-70.55556,2025-08-01,0.28,0.2952755949511303
MA-BA-46,East Falmouth 0.2 ESE,41.57692,-70.55556,2025-08-02,0.18,0.0
MA-BA-46,East Falmouth 0.2 ESE,41.57692,-70.55556,2025-09-18,0.44,0.30708661874917553
MA-BA-46,East Falmouth 0.2 ESE,41.57692,-70.55556,2025-09-19,0.01,0.0
MA-BA-46,East Falmouth 0.2 ESE,41.57692,-70.55556,2025-09-25,1.48,1.6929134110531467
MA-BA-46,East Falmouth 0.2 ESE,41.57692,-70.55556,2025-09-26,0.34,0.0
MA-BA-46,East Falmouth 0.2 ESE,41.57692,-70.55556,2025-09-28,0.1,0.09842519831704342
MA-BA-46,East Falmouth 0.2 ESE,41.57692,-70.55556,2025-10-09,0.91,0.0
MA-BA-46,East Falmouth 0.2 ESE,41.57692,-70.55556,2025-10-13,2.1,1.94881892667746
MA-BA-46,East Falmouth 0.2 ESE,41.57692,-70.55556,2025-10-14,1.61,0.9921259990357978
MA-BA-46,East Falmouth 0.2 ESE,41.57692,-70.55556,2025-10-15,0.46,0.0
MA-BA-46,East Falmouth 0.2 ESE,41.57692,-70.55556,2025-10-23,0.03,0.0
MA-BA-46,East Falmouth 0.2 ESE,41.57692,-70.55556,2025-10-29,0.03,0.04330708725949911
MA-BA-46,East Falmouth 0.2 ESE,41.57692,-70.55556,2025-10-30,0.06,0.0629921269229078
MA-BA-46,East Falmouth 0.2 ESE,41.57692,-70.55556,2025-10-31,1.35,1.2322834829293836
MA-BA-46,East Falmouth 0.2 ESE,41.57692,-70.55556,2025-11-08,0.16,0.20078740456676863
MA-BA-46,East Falmouth 0.2 ESE,41.57692,-70.55556,2025-11-23,0.19,0.01574803173072695
MA-BA-46,East Falmouth 0.2 ESE,41.57692,-70.55556,2025-11-26,0.22,0.2322834680282225
MA-BA-46,East Falmouth 0.2 ESE,41.57692,-70.55556,2025-12-01,0.29,0.33464567427794767
MA-BA-115,Pocasset 1.0 NNW,41.6994,-70.6222,2025-07-20,0.0,0.01574803173072695
MA-BA-115,Pocasset 1.0 NNW,41.6994,-70.6222,2025-07-21,0.03,0.011811023798045212
MA-BA-115,Pocasset 1.0 NNW,41.6994,-70.6222,2025-07-22,0.0,0.0
MA-BA-115,Pocasset 1.0 NNW,41.6994,-70.6222,2025-07-23,0.0,0.0
MA-BA-115,Pocasset 1.0 NNW,41.6994,-70.6222,2025-07-25,0.0,0.12204724591313386
MA-BA-115,Pocasset 1.0 NNW,41.6994,-70.6222,2025-07-27,0.0,0.047244095192180854
MA-BA-115,Pocasset 1.0 NNW,41.6994,-70.6222,2025-07-28,0.0,0.0
MA-BA-115,Pocasset 1.0 NNW,41.6994,-70.6222,2025-07-30,0.0,0.0
MA-BA-115,Pocasset 1.0 NNW,41.6994,-70.6222,2025-08-01,0.26,0.5039370153832624
MA-BA-115,Pocasset 1.0 NNW,41.6994,-70.6222,2025-08-02,0.13,0.0
MA-BA-115,Pocasset 1.0 NNW,41.6994,-70.6222,2025-08-03,0.0,0.0
MA-BA-115,Pocasset 1.0 NNW,41.6994,-70.6222,2025-08-04,0.0,0.0
MA-BA-115,Pocasset 1.0 NNW,41.6994,-70.6222,2025-08-05,0.0,0.0
MA-BA-115,Pocasset 1.0 NNW,41.6994,-70.6222,2025-08-06,0.0,0.0
MA-BA-115,Pocasset 1.0 NNW,41.6994,-70.6222,2025-08-08,0.0,0.0
MA-BA-115,Pocasset 1.0 NNW,41.6994,-70.6222,2025-08-09,0.0,0.0
MA-BA-115,Pocasset 1.0 NNW,41.6994,-70.6222,2025-08-10,0.0,0.0
MA-BA-115,Pocasset 1.0 NNW,41.6994,-70.6222,2025-08-11,0.0,0.0
MA-BA-115,Pocasset 1.0 NNW,41.6994,-70.6222,2025-08-12,0.0,0.0
MA-BA-115,Pocasset 1.0 NNW,41.6994,-70.6222,2025-08-13,0.0,0.0
MA-BA-115,Pocasset 1.0 NNW,41.6994,-70.6222,2025-08-14,0.0,0.0
MA-BA-115,Pocasset 1.0 NNW,41.6994,-70.6222,2025-08-15,0.0,0.0
MA-BA-115,Pocasset 1.0 NNW,41.6994,-70.6222,2025-08-16,0.0,0.0
MA-BA-115,Pocasset 1.0 NNW,41.6994,-70.6222,2025-08-18,0.04,0.1062992141824069
MA-BA-115,Pocasset 1.0 NNW,41.6994,-70.6222,2025-08-19,0.0,0.0
MA-BA-115,Pocasset 1.0 NNW,41.6994,-70.6222,2025-08-20,0.0,0.16141732523995123
MA-BA-115,Pocasset 1.0 NNW,41.6994,-70.6222,2025-08-21,1.08,0.854330721391937
MA-BA-115,Pocasset 1.0 NNW,41.6994,-70.6222,2025-08-22,0.0,0.0
MA-BA-115,Pocasset 1.0 NNW,41.6994,-70.6222,2025-08-23,0.0,0.0
MA-BA-115,Pocasset 1.0 NNW,41.6994,-70.6222,2025-08-24,0.0,0.0
MA-BA-115,Pocasset 1.0 NNW,41.6994,-70.6222,2025-08-25,0.0,0.0
MA-BA-115,Pocasset 1.0 NNW,41.6994,-70.6222,2025-08-26,0.0,0.0
MA-BA-115,Pocasset 1.0 NNW,41.6994,-70.6222,2025-08-27,0.0,0.07874015865363475
MA-BA-115,Pocasset 1.0 NNW,41.6994,-70.6222,2025-08-28,0.01,0.0
MA-BA-115,Pocasset 1.0 NNW,41.6994,-70.6222,2025-08-29,0.0,0.0
MA-BA-115,Pocasset 1.0 NNW,41.6994,-70.6222,2025-08-31,0.0,0.0
MA-BA-115,Pocasset 1.0 NNW,41.6994,-70.6222,2025-09-01,0.0,0.0
MA-BA-115,Pocasset 1.0 NNW,41.6994,-70.6222,2025-09-02,0.0,0.0
MA-BA-115,Pocasset 1.0 NNW,41.6994,-70.6222,2025-09-03,0.0,0.0
MA-BA-115,Pocasset 1.0 NNW,41.6994,-70.6222,2025-09-04,0.0,0.0
MA-BA-115,Pocasset 1.0 NNW,41.6994,-70.6222,2025-09-05,0.0,0.0314960634614539
MA-BA-115,Pocasset 1.0 NNW,41.6994,-70.6222,2025-09-06,0.02,0.0
MA-BA-115,Pocasset 1.0 NNW,41.6994,-70.6222,2025-09-07,0.01,0.854330721391937
MA-BA-115,Pocasset 1.0 NNW,41.6994,-70.6222,2025-09-08,0.7,0.007874015865363475
MA-BA-115,Pocasset 1.0 NNW,41.6994,-70.6222,2025-09-09,0.0,0.0
MA-BA-115,Pocasset 1.0 NNW,41.6994,-70.6222,2025-09-10,0.0,0.0
MA-BA-115,Pocasset 1.0 NNW,41.6994,-70.6222,2025-09-11,0.0,0.0
MA-BA-115,Pocasset 1.0 NNW,41.6994,-70.6222,2025-09-12,0.0,0.0
MA-BA-115,Pocasset 1.0 NNW,41.6994,-70.6222,2025-09-13,0.0,0.0
MA-BA-115,Pocasset 1.0 NNW,41.6994,-70.6222,2025-09-14,0.0,0.003937007932681738
MA-BA-115,Pocasset 1.0 NNW,41.6994,-70.6222,2025-09-16,0.0,0.0
MA-BA-115,Pocasset 1.0 NNW,41.6994,-70.6222,2025-09-17,0.0,0.003937007932681738
MA-BA-115,Pocasset 1.0 NNW,41.6994,-70.6222,2025-09-18,0.79,0.6220472533637145
MA-BA-115,Pocasset 1.0 NNW,41.6994,-70.6222,2025-09-20,0.0,0.0
MA-BA-115,Pocasset 1.0 NNW,41.6994,-70.6222,2025-09-21,0.0,0.0
MA-BA-115,Pocasset 1.0 NNW,41.6994,-70.6222,2025-09-22,0.0,0.0
MA-BA-115,Pocasset 1.0 NNW,41.6994,-70.6222,2025-09-23,0.0,0.0
MA-BA-115,Pocasset 1.0 NNW,41.6994,-70.6222,2025-09-24,0.0,1.0551181259587055
MA-BA-115,Pocasset 1.0 NNW,41.6994,-70.6222,2025-09-25,1.17,2.5314961007143566
MA-BA-115,Pocasset 1.0 NNW,41.6994,-70.6222,2025-09-26,1.28,0.003937007932681738
MA-BA-115,Pocasset 1.0 NNW,41.6994,-70.6222,2025-09-27,0.0,0.0
MA-BA-115,Pocasset 1.0 NNW,41.6994,-70.6222,2025-09-28,0.06,0.05905511899022606
MA-BA-115,Pocasset 1.0 NNW,41.6994,-70.6222,2025-09-29,0.0,0.0
MA-BA-115,Pocasset 1.0 NNW,41.6994,-70.6222,2025-09-30,0.0,0.0
MA-BA-115,Pocasset 1.0 NNW,41.6994,-70.6222,2025-10-01,0.0,0.0
MA-BA-115,Pocasset 1.0 NNW,41.6994,-70.6222,2025-10-02,0.0,0.0
MA-BA-115,Pocasset 1.0 NNW,41.6994,-70.6222,2025-10-03,0.0,0.0
MA-BA-115,Pocasset 1.0 NNW,41.6994,-70.6222,2025-10-04,0.0,0.0
MA-BA-115,Pocasset 1.0 NNW,41.6994,-70.6222,2025-10-05,0.0,0.0
MA-BA-115,Pocasset 1.0 NNW,41.6994,-70.6222,2025-10-06,0.0,0.0
MA-BA-115,Pocasset 1.0 NNW,41.6994,-70.6222,2025-10-07,0.0,0.0
MA-BA-115,Pocasset 1.0 NNW,41.6994,-70.6222,2025-10-09,0.69,0.0
MA-BA-115,Pocasset 1.0 NNW,41.6994,-70.6222,2025-10-10,0.0,0.0
MA-BA-115,Pocasset 1.0 NNW,41.6994,-70.6222,2025-10-11,0.0,0.0
MA-BA-115,Pocasset 1.0 NNW,41.6994,-70.6222,2025-10-12,0.0,0.7874015865363475
MA-BA-115,Pocasset 1.0 NNW,41.6994,-70.6222,2025-10-13,1.99,2.248031529561272
MA-BA-115,Pocasset 1.0 NNW,41.6994,-70.6222,2025-10-14,2.56,2.059055148792548
MA-BA-115,Pocasset 1.0 NNW,41.6994,-70.6222,2025-10-15,0.0,0.0
MA-BA-115,Pocasset 1.0 NNW,41.6994,-70.6222,2025-10-16,0.0,0.0
MA-BA-115,Pocasset 1.0 NNW,41.6994,-70.6222,2025-10-17,0.0,0.0
MA-BA-115,Pocasset 1.0 NNW,41.6994,-70.6222,2025-10-18,0.0,0.0
MA-BA-115,Pocasset 1.0 NNW,41.6994,-70.6222,2025-10-19,0.0,0.0
MA-BA-115,Pocasset 1.0 NNW,41.6994,-70.6222,2025-10-20,0.0,0.6456693009598049
MA-BA-115,Pocasset 1.0 NNW,41.6994,-70.6222,2025-10-21,0.86,0.0
MA-BA-115,Pocasset 1.0 NNW,41.6994,-70.6222,2025-10-22,0.0,0.04724409519218085
MA-BA-115,Pocasset 1.0 NNW,41.6994,-70.6222,2025-10-23,0.03,0.0
MA-BA-115,Pocasset 1.0 NNW,41.6994,-70.6222,2025-10-24,0.0,0.003937007932681738
MA-BA-115,Pocasset 1.0 NNW,41.6994,-70.6222,2025-10-25,0.0,0.0
MA-BA-115,Pocasset 1.0 NNW,41.6994,-70.6222,2025-10-26,0.0,0.0
MA-BA-115,Pocasset 1.0 NNW,41.6994,-70.6222,2025-10-27,0.0,0.0
MA-BA-115,Pocasset 1.0 NNW,41.6994,-70.6222,2025-10-28,0.02,0.05511811105754432
MA-BA-115,Pocasset 1.0 NNW,41.6994,-70.6222,2025-10-30,0.07,0.07086614278827127
MA-BA-115,Pocasset 1.0 NNW,41.6994,-70.6222,2025-10-31,1.69,1.3464567129771543
MA-BA-115,Pocasset 1.0 NNW,41.6994,-70.6222,2025-11-01,0.0,0.0
MA-BA-115,Pocasset 1.0 NNW,41.6994,-70.6222,2025-11-02,0.0,0.0
MA-BA-115,Pocasset 1.0 NNW,41.6994,-70.6222,2025-11-03,0.0,0.17322834903799644
MA-BA-115,Pocasset 1.0 NNW,41.6994,-70.6222,2025-11-04,0.24,0.10629921418240691
MA-BA-115,Pocasset 1.0 NNW,41.6994,-70.6222,2025-11-06,0.04,0.0629921269229078
MA-BA-115,Pocasset 1.0 NNW,41.6994,-70.6222,2025-11-07,0.0,0.0
MA-BA-115,Pocasset 1.0 NNW,41.6994,-70.6222,2025-11-08,0.02,0.05905511899022606
MA-BA-115,Pocasset 1.0 NNW,41.6994,-70.6222,2025-11-09,0.01,0.7874015865363474
MA-BA-115,Pocasset 1.0 NNW,41.6994,-70.6222,2025-11-10,1.54,0.8031496182670743
MA-BA-115,Pocasset 1.0 NNW,41.6994,-70.6222,2025-11-11,0.4,0.01574803173072695
MA-BA-115,Pocasset 1.0 NNW,41.6994,-70.6222,2025-11-12,0.0,0.0
MA-BA-115,Pocasset 1.0 NNW,41.6994,-70.6222,2025-11-13,0.0,0.003937007932681738
MA-BA-115,Pocasset 1.0 NNW,41.6994,-70.6222,2025-11-14,0.0,0.0
MA-BA-115,Pocasset 1.0 NNW,41.6994,-70.6222,2025-11-15,0.0,0.0
MA-BA-115,Pocasset 1.0 NNW,41.6994,-70.6222,2025-11-16,0.78,0.7362204834114849
MA-BA-115,Pocasset 1.0 NNW,41.6994,-70.6222,2025-11-17,0.0,0.0
MA-BA-115,Pocasset 1.0 NNW,41.6994,-70.6222,2025-11-18,0.0,0.0
MA-BA-115,Pocasset 1.0 NNW,41.6994,-70.6222,2025-11-20,0.0,0.0
MA-BA-115,Pocasset 1.0 NNW,41.6994,-70.6222,2025-11-21,0.0,0.0
MA-BA-115,Pocasset 1.0 NNW,41.6994,-70.6222,2025-11-22,0.0,0.2952755949511303
MA-BA-115,Pocasset 1.0 NNW,41.6994,-70.6222,2025-11-23,0.33,0.01574803173072695
MA-BA-115,Pocasset 1.0 NNW,41.6994,-70.6222,2025-11-24,0.02,0.011811023798045212
MA-BA-115,Pocasset 1.0 NNW,41.6994,-70.6222,2025-11-25,0.0,0.0
MA-BA-115,Pocasset 1.0 NNW,41.6994,-70.6222,2025-11-27,0.03,0.0
MA-BA-115,Pocasset 1.0 NNW,41.6994,-70.6222,2025-11-28,0.0,0.0
MA-BA-115,Pocasset 1.0 NNW,41.6994,-70.6222,2025-11-29,0.0,0.0
MA-BA-115,Pocasset 1.0 NNW,41.6994,-70.6222,2025-11-30,0.0,0.09055118245167995
MA-BA-115,Pocasset 1.0 NNW,41.6994,-70.6222,2025-12-01,0.45,0.8070866261997561
MA-BA-115,Pocasset 1.0 NNW,41.6994,-70.6222,2025-12-02,0.0,0.4921259915852172
MA-BA-115,Pocasset 1.0 NNW,41.6994,-70.6222,2025-12-04,0.0,0.0
MA-BA-115,Pocasset 1.0 NNW,41.6994,-70.6222,2025-12-05,0.0,0.0
MA-BA-115,Pocasset 1.0 NNW,41.6994,-70.6222,2025-12-06,0.0,0.0314960634614539
MA-BA-115,Pocasset 1.0 NNW,41.6994,-70.6222,2025-12-07,0.01,0.0
MA-BA-115,Pocasset 1.0 NNW,41.6994,-70.6222,2025-12-08,0.0,0.0
MA-BA-115,Pocasset 1.0 NNW,41.6994,-70.6222,2025-12-09,0.0,0.0
MA-BA-115,Pocasset 1.0 NNW,41.6994,-70.6222,2025-12-10,0.04,0.0629921269229078
MA-BA-115,Pocasset 1.0 NNW,41.6994,-70.6222,2025-12-12,0.0,0.0
MA-BA-115,Pocasset 1.0 NNW,41.6994,-70.6222,2025-12-13,0.0,0.0
MA-BA-115,Pocasset 1.0 NNW,41.6994,-70.6222,2025-12-14,0.03,0.3346456742779477
MA-BA-115,Pocasset 1.0 NNW,41.6994,-70.6222,2025-12-15,0.32,0.027559055528772164
MA-BA-115,Pocasset 1.0 NNW,41.6994,-70.6222,2025-12-16,0.0,0.0
MA-BA-115,Pocasset 1.0 NNW,41.6994,-70.6222,2025-12-17,0.0,0.0
MA-BA-115,Pocasset 1.0 NNW,41.6994,-70.6222,2025-12-18,0.0,0.0
MA-BA-115,Pocasset 1.0 NNW,41.6994,-70.6222,2025-12-19,0.05,0.6968504040846676
MA-BA-115,Pocasset 1.0 NNW,41.6994,-70.6222,2025-12-20,0.41,0.07086614278827127
MA-BA-115,Pocasset 1.0 NNW,41.6994,-70.6222,2025-12-22,0.0,0.0
MA-BA-115,Pocasset 1.0 NNW,41.6994,-70.6222,2025-12-23,0.0,0.04330708725949911
MA-BA-115,Pocasset 1.0 NNW,41.6994,-70.6222,2025-12-24,0.12,0.09842519831704344
MA-BA-115,Pocasset 1.0 NNW,41.6994,-70.6222,2025-12-25,0.0,0.0
MA-BA-115,Pocasset 1.0 NNW,41.6994,-70.6222,2025-12-26,0.0,0.0
MA-BA-115,Pocasset 1.0 NNW,41.6994,-70.6222,2025-12-27,0.04,0.20866142043213207
MA-BA-115,Pocasset 1.0 NNW,41.6994,-70.6222,2025-12-29,0.26,0.4724409519218085
MA-BA-115,Pocasset 1.0 NNW,41.6994,-70.6222,2025-12-30,0.26,0.0
MA-BA-115,Pocasset 1.0 NNW,41.6994,-70.6222,2025-12-31,0.0,0.0
MA-BA-13,Falmouth 0.6 NNW,41.5538,-70.6115,2025-01-01,0.55,0.5905511899022606
MA-BA-13,Falmouth 0.6 NNW,41.5538,-70.6115,2025-01-02,0.17,0.17716535697067817
MA-BA-13,Falmouth 0.6 NNW,41.5538,-70.6115,2025-01-03,0.0,0.0
MA-BA-13,Falmouth 0.6 NNW,41.5538,-70.6115,2025-01-04,0.0,0.0
MA-BA-13,Falmouth 0.6 NNW,41.5538,-70.6115,2025-01-05,0.0,0.0
MA-BA-13,Falmouth 0.6 NNW,41.5538,-70.6115,2025-01-06,0.0,0.0
MA-BA-13,Falmouth 0.6 NNW,41.5538,-70.6115,2025-01-07,0.0,0.0
MA-BA-13,Falmouth 0.6 NNW,41.5538,-70.6115,2025-01-08,0.0,0.0
MA-BA-13,Falmouth 0.6 NNW,41.5538,-70.6115,2025-01-09,0.0,0.0
MA-BA-13,Falmouth 0.6 NNW,41.5538,-70.6115,2025-01-10,0.0,0.0
MA-BA-13,Falmouth 0.6 NNW,41.5538,-70.6115,2025-01-11,0.01,0.12204724591313386
MA-BA-13,Falmouth 0.6 NNW,41.5538,-70.6115,2025-01-12,0.05,0.011811023798045212
MA-BA-13,Falmouth 0.6 NNW,41.5538,-70.6115,2025-01-13,0.0,0.0
MA-BA-13,Falmouth 0.6 NNW,41.5538,-70.6115,2025-01-14,0.0,0.0
MA-BA-13,Falmouth 0.6 NNW,41.5538,-70.6115,2025-01-15,0.0,0.0
MA-BA-13,Falmouth 0.6 NNW,41.5538,-70.6115,2025-01-16,0.0,0.0
MA-BA-13,Falmouth 0.6 NNW,41.5538,-70.6115,2025-01-17,0.01,0.003937007932681738
MA-BA-13,Falmouth 0.6 NNW,41.5538,-70.6115,2025-01-18,0.0,0.11811023798045212
MA-BA-13,Falmouth 0.6 NNW,41.5538,-70.6115,2025-01-19,0.43,0.36614173773940156
MA-BA-13,Falmouth 0.6 NNW,41.5538,-70.6115,2025-01-20,0.44,0.28346457115308504
MA-BA-13,Falmouth 0.6 NNW,41.5538,-70.6115,2025-01-21,0.0,0.0
MA-BA-13,Falmouth 0.6 NNW,41.5538,-70.6115,2025-01-22,0.02,0.01574803173072695
MA-BA-13,Falmouth 0.6 NNW,41.5538,-70.6115,2025-01-23,0.0,0.0
MA-BA-13,Falmouth 0.6 NNW,41.5538,-70.6115,2025-01-24,0.0,0.0
MA-BA-13,Falmouth 0.6 NNW,41.5538,-70.6115,2025-01-25,0.0,0.0
MA-BA-13,Falmouth 0.6 NNW,41.5538,-70.6115,2025-01-26,0.0,0.0
MA-BA-13,Falmouth 0.6 NNW,41.5538,-70.6115,2025-01-27,0.0,0.0
MA-BA-13,Falmouth 0.6 NNW,41.5538,-70.6115,2025-01-28,0.0,0.0
MA-BA-13,Falmouth 0.6 NNW,41.5538,-70.6115,2025-01-29,0.0,0.007874015865363475
MA-BA-13,Falmouth 0.6 NNW,41.5538,-70.6115,2025-01-30,0.0,0.0
MA-BA-13,Falmouth 0.6 NNW,41.5538,-70.6115,2025-01-31,0.0,0.21259842836481385
MA-BA-13,Falmouth 0.6 NNW,41.5538,-70.6115,2025-02-01,0.67,0.464566936056445
MA-BA-13,Falmouth 0.6 NNW,41.5538,-70.6115,2025-02-02,0.03,0.0
MA-BA-13,Falmouth 0.6 NNW,41.5538,-70.6115,2025-02-03,0.21,0.1692913411053147
MA-BA-13,Falmouth 0.6 NNW,41.5538,-70.6115,2025-02-04,0.0,0.0
MA-BA-13,Falmouth 0.6 NNW,41.5538,-70.6115,2025-02-05,0.0,0.0
MA-BA-13,Falmouth 0.6 NNW,41.5538,-70.6115,2025-02-06,0.0,0.24803149975894945
MA-BA-13,Falmouth 0.6 NNW,41.5538,-70.6115,2025-02-07,0.21,0.0
MA-BA-13,Falmouth 0.6 NNW,41.5538,-70.6115,2025-02-08,0.0,0.0
MA-BA-13,Falmouth 0.6 NNW,41.5538,-70.6115,2025-02-09,0.57,0.3267716584125842
MA-BA-13,Falmouth 0.6 NNW,41.5538,-70.6115,2025-02-10,0.0,0.0
MA-BA-13,Falmouth 0.6 NNW,41.5538,-70.6115,2025-02-11,0.0,0.0
MA-BA-13,Falmouth 0.6 NNW,41.5538,-70.6115,2025-02-12,0.04,0.07480315072095302
MA-BA-13,Falmouth 0.6 NNW,41.5538,-70.6115,2025-02-13,0.2,0.17322834903799642
MA-BA-13,Falmouth 0.6 NNW,41.5538,-70.6115,2025-02-14,0.1,0.0
MA-BA-13,Falmouth 0.6 NNW,41.5538,-70.6115,2025-02-15,0.0,0.0
MA-BA-13,Falmouth 0.6 NNW,41.5538,-70.6115,2025-02-16,0.75,1.3070866336503368
MA-BA-13,Falmouth 0.6 NNW,41.5538,-70.6115,2025-02-17,0.97,0.003937007932681738
MA-BA-13,Falmouth 0.6 NNW,41.5538,-70.6115,2025-02-18,0.0,0.0
MA-BA-13,Falmouth 0.6 NNW,41.5538,-70.6115,2025-02-19,0.0,0.0
MA-BA-13,Falmouth 0.6 NNW,41.5538,-70.6115,2025-02-20,0.0,0.0
MA-BA-13,Falmouth 0.6 NNW,41.5538,-70.6115,2025-02-21,0.0,0.0
MA-BA-13,Falmouth 0.6 NNW,41.5538,-70.6115,2025-02-22,0.0,0.0
MA-BA-13,Falmouth 0.6 NNW,41.5538,-70.6115,2025-02-23,0.0,0.0
MA-BA-13,Falmouth 0.6 NNW,41.5538,-70.6115,2025-02-24,0.0,0.0
MA-BA-13,Falmouth 0.6 NNW,41.5538,-70.6115,2025-02-25,0.0,0.0
MA-BA-13,Falmouth 0.6 NNW,41.5538,-70.6115,2025-02-26,0.0,0.0
MA-BA-13,Falmouth 0.6 NNW,41.5538,-70.6115,2025-02-27,0.01,0.09842519831704345
MA-BA-13,Falmouth 0.6 NNW,41.5538,-70.6115,2025-02-28,0.05,0.04330708725949911
MA-BA-13,Falmouth 0.6 NNW,41.5538,-70.6115,2025-03-01,0.0,0.0
MA-BA-13,Falmouth 0.6 NNW,41.5538,-70.6115,2025-03-02,0.0,0.0
MA-BA-13,Falmouth 0.6 NNW,41.5538,-70.6115,2025-03-03,0.0,0.0
MA-BA-13,Falmouth 0.6 NNW,41.5538,-70.6115,2025-03-04,0.0,0.0
MA-BA-13,Falmouth 0.6 NNW,41.5538,-70.6115,2025-03-05,0.0,0.0
MA-BA-13,Falmouth 0.6 NNW,41.5538,-70.6115,2025-03-06,0.82,0.5472441026427615
MA-BA-13,Falmouth 0.6 NNW,41.5538,-70.6115,2025-03-07,0.05,0.051181103124862584
MA-BA-13,Falmouth 0.6 NNW,41.5538,-70.6115,2025-03-08,0.0,0.0
MA-BA-13,Falmouth 0.6 NNW,41.5538,-70.6115,2025-03-09,0.0,0.0
MA-BA-13,Falmouth 0.6 NNW,41.5538,-70.6115,2025-03-10,0.0,0.0
MA-BA-13,Falmouth 0.6 NNW,41.5538,-70.6115,2025-03-11,0.0,0.0
MA-BA-13,Falmouth 0.6 NNW,41.5538,-70.6115,2025-03-12,0.0,0.0
MA-BA-13,Falmouth 0.6 NNW,41.5538,-70.6115,2025-03-13,0.0,0.0
MA-BA-13,Falmouth 0.6 NNW,41.5538,-70.6115,2025-03-14,0.0,0.0
MA-BA-13,Falmouth 0.6 NNW,41.5538,-70.6115,2025-03-15,0.0,0.0
MA-BA-13,Falmouth 0.6 NNW,41.5538,-70.6115,2025-03-16,0.0,0.0
MA-BA-13,Falmouth 0.6 NNW,41.5538,-70.6115,2025-03-17,0.32,1.8858267997545521
MA-BA-13,Falmouth 0.6 NNW,41.5538,-70.6115,2025-03-18,1.99,0.15354330937458774
MA-BA-13,Falmouth 0.6 NNW,41.5538,-70.6115,2025-03-19,0.0,0.0
MA-BA-13,Falmouth 0.6 NNW,41.5538,-70.6115,2025-03-20,0.0,0.0
MA-BA-13,Falmouth 0.6 NNW,41.5538,-70.6115,2025-03-21,0.42,0.3779527615374467
MA-BA-13,Falmouth 0.6 NNW,41.5538,-70.6115,2025-03-22,0.07,0.0
MA-BA-13,Falmouth 0.6 NNW,41.5538,-70.6115,2025-03-23,0.0,0.0
MA-BA-13,Falmouth 0.6 NNW,41.5538,-70.6115,2025-03-24,0.0,0.32283465047990245
MA-BA-13,Falmouth 0.6 NNW,41.5538,-70.6115,2025-03-25,0.48,0.1811023649033599
MA-BA-13,Falmouth 0.6 NNW,41.5538,-70.6115,2025-03-26,0.0,0.003937007932681738
MA-BA-13,Falmouth 0.6 NNW,41.5538,-70.6115,2025-03-27,0.0,0.01574803173072695
MA-BA-13,Falmouth 0.6 NNW,41.5538,-70.6115,2025-03-28,0.0,0.0
MA-BA-13,Falmouth 0.6 NNW,41.5538,-70.6115,2025-03-29,0.05,0.023622047596090427
MA-BA-13,Falmouth 0.6 NNW,41.5538,-70.6115,2025-03-30,0.08,0.09448819038436171
MA-BA-13,Falmouth 0.6 NNW,41.5538,-70.6115,2025-03-31,0.0,0.011811023798045212
MA-BA-13,Falmouth 0.6 NNW,41.5538,-70.6115,2025-04-01,0.27,0.2637795314896764
MA-BA-13,Falmouth 0.6 NNW,41.5538,-70.6115,2025-04-02,0.0,0.0314960634614539
MA-BA-13,Falmouth 0.6 NNW,41.5538,-70.6115,2025-04-03,0.13,0.299212602883812
MA-BA-13,Falmouth 0.6 NNW,41.5538,-70.6115,2025-04-04,0.15,0.0
MA-BA-13,Falmouth 0.6 NNW,41.5538,-70.6115,2025-04-05,0.0,0.0944881903843617
MA-BA-13,Falmouth 0.6 NNW,41.5538,-70.6115,2025-04-06,0.84,0.5433070947100798
MA-BA-13,Falmouth 0.6 NNW,41.5538,-70.6115,2025-04-07,0.03,0.2362204759609042
MA-BA-13,Falmouth 0.6 NNW,41.5538,-70.6115,2025-04-08,0.59,0.24803149975894945
MA-BA-13,Falmouth 0.6 NNW,41.5538,-70.6115,2025-04-09,0.01,0.0
MA-BA-13,Falmouth 0.6 NNW,41.5538,-70.6115,2025-04-10,0.0,0.0
MA-BA-13,Falmouth 0.6 NNW,41.5538,-70.6115,2025-04-11,0.06,0.12204724591313386
MA-BA-13,Falmouth 0.6 NNW,41.5538,-70.6115,2025-04-12,0.32,0.31102362668185723
MA-BA-13,Falmouth 0.6 NNW,41.5538,-70.6115,2025-04-13,0.21,0.7362204834114848
MA-BA-13,Falmouth 0.6 NNW,41.5538,-70.6115,2025-04-14,0.6,0.01574803173072695
MA-BA-13,Falmouth 0.6 NNW,41.5538,-70.6115,2025-04-15,0.08,0.09842519831704344
MA-BA-13,Falmouth 0.6 NNW,41.5538,-70.6115,2025-04-16,0.02,0.0
MA-BA-13,Falmouth 0.6 NNW,41.5538,-70.6115,2025-04-17,0.0,0.0
MA-BA-13,Falmouth 0.6 NNW,41.5538,-70.6115,2025-04-18,0.0,0.0
MA-BA-13,Falmouth 0.6 NNW,41.5538,-70.6115,2025-04-19,0.0,0.0
MA-BA-13,Falmouth 0.6 NNW,41.5538,-70.6115,2025-04-20,0.0,0.0
MA-BA-13,Falmouth 0.6 NNW,41.5538,-70.6115,2025-04-21,0.0,0.0
MA-BA-13,Falmouth 0.6 NNW,41.5538,-70.6115,2025-04-22,0.07,0.07480315072095302
MA-BA-13,Falmouth 0.6 NNW,41.5538,-70.6115,2025-04-23,0.0,0.0
MA-BA-13,Falmouth 0.6 NNW,41.5538,-70.6115,2025-04-24,0.0,0.0
MA-BA-13,Falmouth 0.6 NNW,41.5538,-70.6115,2025-04-25,0.0,0.0
MA-BA-13,Falmouth 0.6 NNW,41.5538,-70.6115,2025-04-26,0.0,0.7165354437480761
MA-BA-13,Falmouth 0.6 NNW,41.5538,-70.6115,2025-04-27,1.58,0.2874015790857668
MA-BA-13,Falmouth 0.6 NNW,41.5538,-70.6115,2025-04-28,0.0,0.0
MA-BA-13,Falmouth 0.6 NNW,41.5538,-70.6115,2025-04-29,0.0,0.0
MA-BA-13,Falmouth 0.6 NNW,41.5538,-70.6115,2025-04-30,0.0,0.0
MA-BA-13,Falmouth 0.6 NNW,41.5538,-70.6115,2025-05-01,0.0,0.0
MA-BA-13,Falmouth 0.6 NNW,41.5538,-70.6115,2025-05-02,0.57,0.4763779598544902
MA-BA-13,Falmouth 0.6 NNW,41.5538,-70.6115,2025-05-03,0.01,0.0
MA-BA-13,Falmouth 0.6 NNW,41.5538,-70.6115,2025-05-04,0.0,0.0
MA-BA-13,Falmouth 0.6 NNW,41.5538,-70.6115,2025-05-05,0.15,0.11417323004777039
MA-BA-13,Falmouth 0.6 NNW,41.5538,-70.6115,2025-05-06,0.0,0.074803150720953
MA-BA-13,Falmouth 0.6 NNW,41.5538,-70.6115,2025-05-07,0.16,0.007874015865363475
MA-BA-13,Falmouth 0.6 NNW,41.5538,-70.6115,2025-05-08,0.0,0.0
MA-BA-13,Falmouth 0.6 NNW,41.5538,-70.6115,2025-05-09,0.0,0.6220472533637145
MA-BA-13,Falmouth 0.6 NNW,41.5538,-70.6115,2025-05-10,1.23,0.4212598487969459
MA-BA-13,Falmouth 0.6 NNW,41.5538,-70.6115,2025-05-11,0.01,0.0
MA-BA-13,Falmouth 0.6 NNW,41.5538,-70.6115,2025-05-12,0.0,0.0
MA-BA-13,Falmouth 0.6 NNW,41.5538,-70.6115,2025-05-13,0.0,0.0
MA-BA-13,Falmouth 0.6 NNW,41.5538,-70.6115,2025-05-14,0.0,0.0
MA-BA-13,Falmouth 0.6 NNW,41.5538,-70.6115,2025-05-15,0.0,0.0314960634614539
MA-BA-13,Falmouth 0.6 NNW,41.5538,-70.6115,2025-05-16,0.0,0.0
MA-BA-13,Falmouth 0.6 NNW,41.5538,-70.6115,2025-05-17,0.0,0.0
MA-BA-13,Falmouth 0.6 NNW,41.5538,-70.6115,2025-05-18,0.0,0.0
MA-BA-13,Falmouth 0.6 NNW,41.5538,-70.6115,2025-05-19,0.0,0.0
MA-BA-13,Falmouth 0.6 NNW,41.5538,-70.6115,2025-05-20,0.0,0.0
MA-BA-13,Falmouth 0.6 NNW,41.5538,-70.6115,2025-05-21,0.0,0.0
MA-BA-13,Falmouth 0.6 NNW,41.5538,-70.6115,2025-05-22,0.02,2.118110267782775
MA-BA-13,Falmouth 0.6 NNW,41.5538,-70.6115,2025-05-23,5.3,1.8385827045623704
MA-BA-13,Falmouth 0.6 NNW,41.5538,-70.6115,2025-05-24,0.01,0.039370079326817374
MA-BA-13,Falmouth 0.6 NNW,41.5538,-70.6115,2025-05-25,0.07,0.0
MA-BA-13,Falmouth 0.6 NNW,41.5538,-70.6115,2025-05-26,0.0,0.0
MA-BA-13,Falmouth 0.6 NNW,41.5538,-70.6115,2025-05-27,0.0,0.0
MA-BA-13,Falmouth 0.6 NNW,41.5538,-70.6115,2025-05-28,0.0,0.0
MA-BA-13,Falmouth 0.6 NNW,41.5538,-70.6115,2025-05-29,0.17,0.18503937283604166
MA-BA-13,Falmouth 0.6 NNW,41.5538,-70.6115,2025-05-30,0.09,0.0
MA-BA-13,Falmouth 0.6 NNW,41.5538,-70.6115,2025-05-31,0.32,0.24409449182626772
MA-BA-13,Falmouth 0.6 NNW,41.5538,-70.6115,2025-06-01,0.0,0.0
MA-BA-13,Falmouth 0.6 NNW,41.5538,-70.6115,2025-06-02,0.0,0.0
MA-BA-13,Falmouth 0.6 NNW,41.5538,-70.6115,2025-06-03,0.0,0.0
MA-BA-13,Falmouth 0.6 NNW,41.5538,-70.6115,2025-06-04,0.0,0.0
MA-BA-13,Falmouth 0.6 NNW,41.5538,-70.6115,2025-06-05,0.0,0.0
MA-BA-13,Falmouth 0.6 NNW,41.5538,-70.6115,2025-06-06,0.0,0.0
MA-BA-13,Falmouth 0.6 NNW,41.5538,-70.6115,2025-06-07,0.0,0.08267716658631649
MA-BA-13,Falmouth 0.6 NNW,41.5538,-70.6115,2025-06-08,0.08,0.0
MA-BA-13,Falmouth 0.6 NNW,41.5538,-70.6115,2025-06-09,0.0,0.0
MA-BA-13,Falmouth 0.6 NNW,41.5538,-70.6115,2025-06-10,0.1,0.9724409593723891
MA-BA-13,Falmouth 0.6 NNW,41.5538,-70.6115,2025-06-11,0.86,0.0
MA-BA-13,Falmouth 0.6 NNW,41.5538,-70.6115,2025-06-12,0.0,0.0
MA-BA-13,Falmouth 0.6 NNW,41.5538,-70.6115,2025-06-13,0.0,0.0
MA-BA-13,Falmouth 0.6 NNW,41.5538,-70.6115,2025-06-14,0.0,0.11417323004777039
MA-BA-13,Falmouth 0.6 NNW,41.5538,-70.6115,2025-06-15,0.28,0.003937007932681738
MA-BA-13,Falmouth 0.6 NNW,41.5538,-70.6115,2025-06-16,0.0,0.0
MA-BA-13,Falmouth 0.6 NNW,41.5538,-70.6115,2025-06-17,0.01,0.007874015865363475
MA-BA-13,Falmouth 0.6 NNW,41.5538,-70.6115,2025-06-18,0.0,0.0
MA-BA-13,Falmouth 0.6 NNW,41.5538,-70.6115,2025-06-19,0.0,0.0
MA-BA-13,Falmouth 0.6 NNW,41.5538,-70.6115,2025-06-20,0.0,0.0
MA-BA-13,Falmouth 0.6 NNW,41.5538,-70.6115,2025-06-21,0.0,0.0
MA-BA-13,Falmouth 0.6 NNW,41.5538,-70.6115,2025-06-22,0.0,0.007874015865363475
MA-BA-13,Falmouth 0.6 NNW,41.5538,-70.6115,2025-06-23,0.0,0.0
MA-BA-13,Falmouth 0.6 NNW,41.5538,-70.6115,2025-06-24,0.0,0.0
MA-BA-13,Falmouth 0.6 NNW,41.5538,-70.6115,2025-06-25,0.0,0.0
MA-BA-13,Falmouth 0.6 NNW,41.5538,-70.6115,2025-06-26,0.0,0.059055118990226065
MA-BA-13,Falmouth 0.6 NNW,41.5538,-70.6115,2025-06-27,0.0,0.003937007932681738
MA-BA-13,Falmouth 0.6 NNW,41.5538,-70.6115,2025-06-28,0.0,0.0
MA-BA-13,Falmouth 0.6 NNW,41.5538,-70.6115,2025-06-29,0.0,0.0
MA-BA-13,Falmouth 0.6 NNW,41.5538,-70.6115,2025-06-30,0.0,0.0
MA-BA-13,Falmouth 0.6 NNW,41.5538,-70.6115,2025-07-01,0.05,0.05905511899022606
MA-BA-13,Falmouth 0.6 NNW,41.5538,-70.6115,2025-07-02,0.02,0.051181103124862584
MA-BA-13,Falmouth 0.6 NNW,41.5538,-70.6115,2025-07-03,0.02,0.0
MA-BA-13,Falmouth 0.6 NNW,41.5538,-70.6115,2025-07-04,0.01,0.1259842538458156
MA-BA-13,Falmouth 0.6 NNW,41.5538,-70.6115,2025-07-05,0.0,0.0
MA-BA-13,Falmouth 0.6 NNW,41.5538,-70.6115,2025-07-06,0.0,0.0
MA-BA-13,Falmouth 0.6 NNW,41.5538,-70.6115,2025-07-07,0.0,0.04330708725949911
MA-BA-13,Falmouth 0.6 NNW,41.5538,-70.6115,2025-07-08,0.12,0.0
MA-BA-13,Falmouth 0.6 NNW,41.5538,-70.6115,2025-07-09,1.32,0.9842519831704343
MA-BA-13,Falmouth 0.6 NNW,41.5538,-70.6115,2025-07-10,0.2,0.48425197571985373
MA-BA-13,Falmouth 0.6 NNW,41.5538,-70.6115,2025-07-11,0.22,0.0
MA-BA-13,Falmouth 0.6 NNW,41.5538,-70.6115,2025-07-12,0.01,0.0
MA-BA-13,Falmouth 0.6 NNW,41.5538,-70.6115,2025-07-13,0.0,0.0
MA-BA-13,Falmouth 0.6 NNW,41.5538,-70.6115,2025-07-14,0.0,0.0
MA-BA-13,Falmouth 0.6 NNW,41.5538,-70.6115,2025-07-15,0.08,0.07086614278827127
MA-BA-13,Falmouth 0.6 NNW,41.5538,-70.6115,2025-07-16,0.01,0.0
MA-BA-13,Falmouth 0.6 NNW,41.5538,-70.6115,2025-07-17,0.0,0.06692913485558953
MA-BA-13,Falmouth 0.6 NNW,41.5538,-70.6115,2025-07-18,0.05,0.0
MA-BA-13,Falmouth 0.6 NNW,41.5538,-70.6115,2025-07-19,0.0,0.0
MA-BA-13,Falmouth 0.6 NNW,41.5538,-70.6115,2025-07-20,0.0,0.019685039663408687
MA-BA-13,Falmouth 0.6 NNW,41.5538,-70.6115,2025-07-21,0.0,0.003937007932681738
MA-BA-13,Falmouth 0.6 NNW,41.5538,-70.6115,2025-07-22,0.0,0.0
MA-BA-13,Falmouth 0.6 NNW,41.5538,-70.6115,2025-07-23,0.0,0.0
MA-BA-13,Falmouth 0.6 NNW,41.5538,-70.6115,2025-07-24,0.0,0.0
MA-BA-13,Falmouth 0.6 NNW,41.5538,-70.6115,2025-07-25,0.0,0.12598425384581557
MA-BA-13,Falmouth 0.6 NNW,41.5538,-70.6115,2025-07-26,0.05,0.0
MA-BA-13,Falmouth 0.6 NNW,41.5538,-70.6115,2025-07-27,0.0,0.027559055528772164
MA-BA-13,Falmouth 0.6 NNW,41.5538,-70.6115,2025-07-28,0.0,0.0
MA-BA-13,Falmouth 0.6 NNW,41.5538,-70.6115,2025-07-29,0.0,0.0
MA-BA-13,Falmouth 0.6 NNW,41.5538,-70.6115,2025-07-30,0.0,0.0
MA-BA-13,Falmouth 0.6 NNW,41.5538,-70.6115,2025-07-31,0.0,0.05511811105754433
MA-BA-13,Falmouth 0.6 NNW,41.5538,-70.6115,2025-08-01,0.31,0.27952756322040334
MA-BA-13,Falmouth 0.6 NNW,41.5538,-70.6115,2025-08-02,0.07,0.0
MA-BA-13,Falmouth 0.6 NNW,41.5538,-70.6115,2025-08-03,0.0,0.0
MA-BA-13,Falmouth 0.6 NNW,41.5538,-70.6115,2025-08-04,0.0,0.0
MA-BA-13,Falmouth 0.6 NNW,41.5538,-70.6115,2025-08-05,0.0,0.0
MA-BA-13,Falmouth 0.6 NNW,41.5538,-70.6115,2025-08-06,0.0,0.0
MA-BA-13,Falmouth 0.6 NNW,41.5538,-70.6115,2025-08-07,0.0,0.0
MA-BA-13,Falmouth 0.6 NNW,41.5538,-70.6115,2025-08-08,0.0,0.0
MA-BA-13,Falmouth 0.6 NNW,41.5538,-70.6115,2025-08-09,0.0,0.0
MA-BA-13,Falmouth 0.6 NNW,41.5538,-70.6115,2025-08-10,0.0,0.0
MA-BA-13,Falmouth 0.6 NNW,41.5538,-70.6115,2025-08-11,0.0,0.0
MA-BA-13,Falmouth 0.6 NNW,41.5538,-70.6115,2025-08-12,0.0,0.0
MA-BA-13,Falmouth 0.6 NNW,41.5538,-70.6115,2025-08-13,0.0,0.0
MA-BA-13,Falmouth 0.6 NNW,41.5538,-70.6115,2025-08-14,0.0,0.003937007932681738
MA-BA-13,Falmouth 0.6 NNW,41.5538,-70.6115,2025-08-15,0.0,0.0
MA-BA-13,Falmouth 0.6 NNW,41.5538,-70.6115,2025-08-16,0.0,0.0
MA-BA-13,Falmouth 0.6 NNW,41.5538,-70.6115,2025-08-17,0.0,0.0
MA-BA-13,Falmouth 0.6 NNW,41.5538,-70.6115,2025-08-18,0.0,0.003937007932681738
MA-BA-13,Falmouth 0.6 NNW,41.5538,-70.6115,2025-08-19,0.0,0.0
MA-BA-13,Falmouth 0.6 NNW,41.5538,-70.6115,2025-08-20,0.0,0.20078740456676858
MA-BA-13,Falmouth 0.6 NNW,41.5538,-70.6115,2025-08-21,1.54,1.2677165543235194
MA-BA-13,Falmouth 0.6 NNW,41.5538,-70.6115,2025-08-22,0.0,0.0
MA-BA-13,Falmouth 0.6 NNW,41.5538,-70.6115,2025-08-23,0.0,0.0
MA-BA-13,Falmouth 0.6 NNW,41.5538,-70.6115,2025-08-24,0.0,0.0
MA-BA-13,Falmouth 0.6 NNW,41.5538,-70.6115,2025-08-25,0.0,0.01574803173072695
MA-BA-13,Falmouth 0.6 NNW,41.5538,-70.6115,2025-08-26,0.02,0.0
MA-BA-13,Falmouth 0.6 NNW,41.5538,-70.6115,2025-08-27,0.0,0.0
MA-BA-13,Falmouth 0.6 NNW,41.5538,-70.6115,2025-08-28,0.0,0.0
MA-BA-13,Falmouth 0.6 NNW,41.5538,-70.6115,2025-08-29,0.0,0.0
MA-BA-13,Falmouth 0.6 NNW,41.5538,-70.6115,2025-08-30,0.22,0.36614173773940156
MA-BA-13,Falmouth 0.6 NNW,41.5538,-70.6115,2025-08-31,0.0,0.0
MA-BA-13,Falmouth 0.6 NNW,41.5538,-70.6115,2025-09-01,0.0,0.0
MA-BA-13,Falmouth 0.6 NNW,41.5538,-70.6115,2025-09-02,0.0,0.0
MA-BA-13,Falmouth 0.6 NNW,41.5538,-70.6115,2025-09-03,0.0,0.0
MA-BA-13,Falmouth 0.6 NNW,41.5538,-70.6115,2025-09-04,0.0,0.0
MA-BA-13,Falmouth 0.6 NNW,41.5538,-70.6115,2025-09-05,0.0,0.0
MA-BA-13,Falmouth 0.6 NNW,41.5538,-70.6115,2025-09-06,0.0,0.0
MA-BA-13,Falmouth 0.6 NNW,41.5538,-70.6115,2025-09-07,0.04,0.5708661502388519
MA-BA-13,Falmouth 0.6 NNW,41.5538,-70.6115,2025-09-08,0.56,0.011811023798045214
MA-BA-13,Falmouth 0.6 NNW,41.5538,-70.6115,2025-09-09,0.0,0.0
MA-BA-13,Falmouth 0.6 NNW,41.5538,-70.6115,2025-09-10,0.0,0.003937007932681738
MA-BA-13,Falmouth 0.6 NNW,41.5538,-70.6115,2025-09-11,0.0,0.0
MA-BA-13,Falmouth 0.6 NNW,41.5538,-70.6115,2025-09-12,0.0,0.0
MA-BA-13,Falmouth 0.6 NNW,41.5538,-70.6115,2025-09-13,0.0,0.0
MA-BA-13,Falmouth 0.6 NNW,41.5538,-70.6115,2025-09-14,0.0,0.0
MA-BA-13,Falmouth 0.6 NNW,41.5538,-70.6115,2025-09-15,0.0,0.0
MA-BA-13,Falmouth 0.6 NNW,41.5538,-70.6115,2025-09-16,0.0,0.0
MA-BA-13,Falmouth 0.6 NNW,41.5538,-70.6115,2025-09-17,0.0,0.13779527764386082
MA-BA-13,Falmouth 0.6 NNW,41.5538,-70.6115,2025-09-18,0.14,0.16535433317263298
MA-BA-13,Falmouth 0.6 NNW,41.5538,-70.6115,2025-09-19,0.01,0.0
MA-BA-13,Falmouth 0.6 NNW,41.5538,-70.6115,2025-09-20,0.0,0.0
MA-BA-13,Falmouth 0.6 NNW,41.5538,-70.6115,2025-09-22,0.0,0.0
MA-BA-13,Falmouth 0.6 NNW,41.5538,-70.6115,2025-09-23,0.0,0.0
MA-BA-13,Falmouth 0.6 NNW,41.5538,-70.6115,2025-09-24,0.0,1.0787401735547961
MA-BA-13,Falmouth 0.6 NNW,41.5538,-70.6115,2025-09-25,1.37,1.590551204803422
MA-BA-13,Falmouth 0.6 NNW,41.5538,-70.6115,2025-09-26,0.35,0.0
MA-BA-13,Falmouth 0.6 NNW,41.5538,-70.6115,2025-09-27,0.0,0.0
MA-BA-13,Falmouth 0.6 NNW,41.5538,-70.6115,2025-09-28,0.1,0.08267716658631648
MA-BA-13,Falmouth 0.6 NNW,41.5538,-70.6115,2025-09-29,0.0,0.0
MA-BA-13,Falmouth 0.6 NNW,41.5538,-70.6115,2025-09-30,0.0,0.0
MA-BA-13,Falmouth 0.6 NNW,41.5538,-70.6115,2025-10-01,0.0,0.0
MA-BA-13,Falmouth 0.6 NNW,41.5538,-70.6115,2025-10-02,0.0,0.0
MA-BA-13,Falmouth 0.6 NNW,41.5538,-70.6115,2025-10-03,0.0,0.0
MA-BA-13,Falmouth 0.6 NNW,41.5538,-70.6115,2025-10-04,0.0,0.0
MA-BA-13,Falmouth 0.6 NNW,41.5538,-70.6115,2025-10-05,0.0,0.0
MA-BA-13,Falmouth 0.6 NNW,41.5538,-70.6115,2025-10-06,0.0,0.0
MA-BA-13,Falmouth 0.6 NNW,41.5538,-70.6115,2025-10-07,0.0,0.0
MA-BA-13,Falmouth 0.6 NNW,41.5538,-70.6115,2025-10-08,0.01,0.8031496182670744
MA-BA-13,Falmouth 0.6 NNW,41.5538,-70.6115,2025-10-09,0.97,0.0
MA-BA-13,Falmouth 0.6 NNW,41.5538,-70.6115,2025-10-10,0.0,0.0
MA-BA-13,Falmouth 0.6 NNW,41.5538,-70.6115,2025-10-11,0.0,0.0
MA-BA-13,Falmouth 0.6 NNW,41.5538,-70.6115,2025-10-12,0.0,0.74803150720953
MA-BA-13,Falmouth 0.6 NNW,41.5538,-70.6115,2025-10-13,2.32,1.7204724665819193
MA-BA-13,Falmouth 0.6 NNW,41.5538,-70.6115,2025-10-14,0.97,0.6968504040846676
MA-BA-13,Falmouth 0.6 NNW,41.5538,-70.6115,2025-10-15,0.32,0.0
MA-BA-13,Falmouth 0.6 NNW,41.5538,-70.6115,2025-10-16,0.0,0.0
MA-BA-13,Falmouth 0.6 NNW,41.5538,-70.6115,2025-10-17,0.0,0.0
MA-BA-13,Falmouth 0.6 NNW,41.5538,-70.6115,2025-10-18,0.0,0.0
MA-BA-13,Falmouth 0.6 NNW,41.5538,-70.6115,2025-10-19,0.0,0.0
MA-BA-13,Falmouth 0.6 NNW,41.5538,-70.6115,2025-10-20,0.0,0.5748031581715336
MA-BA-13,Falmouth 0.6 NNW,41.5538,-70.6115,2025-10-21,0.67,0.0
MA-BA-13,Falmouth 0.6 NNW,41.5538,-70.6115,2025-10-22,0.01,0.019685039663408687
MA-BA-13,Falmouth 0.6 NNW,41.5538,-70.6115,2025-10-23,0.01,0.0
MA-BA-13,Falmouth 0.6 NNW,41.5538,-70.6115,2025-10-24,0.0,0.0
MA-BA-13,Falmouth 0.6 NNW,41.5538,-70.6115,2025-10-25,0.0,0.0
MA-BA-13,Falmouth 0.6 NNW,41.5538,-70.6115,2025-10-26,0.0,0.0
MA-BA-13,Falmouth 0.6 NNW,41.5538,-70.6115,2025-10-27,0.0,0.0
MA-BA-13,Falmouth 0.6 NNW,41.5538,-70.6115,2025-10-28,0.01,0.01574803173072695
MA-BA-13,Falmouth 0.6 NNW,41.5538,-70.6115,2025-10-29,0.02,0.019685039663408687
MA-BA-13,Falmouth 0.6 NNW,41.5538,-70.6115,2025-10-30,0.05,0.0629921269229078
MA-BA-13,Falmouth 0.6 NNW,41.5538,-70.6115,2025-10-31,1.54,1.1692913560064762
MA-BA-13,Falmouth 0.6 NNW,41.5538,-70.6115,2025-11-01,0.01,0.0
MA-BA-13,Falmouth 0.6 NNW,41.5538,-70.6115,2025-11-02,0.0,0.0
MA-BA-13,Falmouth 0.6 NNW,41.5538,-70.6115,2025-11-03,0.0,0.23622047596090423
MA-BA-13,Falmouth 0.6 NNW,41.5538,-70.6115,2025-11-04,0.24,0.11417323004777039
MA-BA-13,Falmouth 0.6 NNW,41.5538,-70.6115,2025-11-05,0.0,0.0
MA-BA-13,Falmouth 0.6 NNW,41.5538,-70.6115,2025-11-06,0.02,0.051181103124862584
MA-BA-13,Falmouth 0.6 NNW,41.5538,-70.6115,2025-11-07,0.0,0.0
MA-BA-13,Falmouth 0.6 NNW,41.5538,-70.6115,2025-11-08,0.17,0.1850393728360417
MA-BA-13,Falmouth 0.6 NNW,41.5538,-70.6115,2025-11-09,0.03,1.2677165543235194
MA-BA-13,Falmouth 0.6 NNW,41.5538,-70.6115,2025-11-10,2.04,0.8740157610553457
MA-BA-13,Falmouth 0.6 NNW,41.5538,-70.6115,2025-11-11,0.33,0.023622047596090424
MA-BA-13,Falmouth 0.6 NNW,41.5538,-70.6115,2025-11-12,0.0,0.0
MA-BA-13,Falmouth 0.6 NNW,41.5538,-70.6115,2025-11-13,0.0,0.019685039663408687
MA-BA-13,Falmouth 0.6 NNW,41.5538,-70.6115,2025-11-14,0.01,0.0
MA-BA-13,Falmouth 0.6 NNW,41.5538,-70.6115,2025-11-15,0.0,0.0
MA-BA-13,Falmouth 0.6 NNW,41.5538,-70.6115,2025-11-16,0.82,0.7755905627383022
MA-BA-13,Falmouth 0.6 NNW,41.5538,-70.6115,2025-11-17,0.0,0.0
MA-BA-13,Falmouth 0.6 NNW,41.5538,-70.6115,2025-11-18,0.0,0.0
MA-BA-13,Falmouth 0.6 NNW,41.5538,-70.6115,2025-11-19,0.0,0.0
MA-BA-13,Falmouth 0.6 NNW,41.5538,-70.6115,2025-11-20,0.0,0.0
MA-BA-13,Falmouth 0.6 NNW,41.5538,-70.6115,2025-11-21,0.0,0.0
MA-BA-13,Falmouth 0.6 NNW,41.5538,-70.6115,2025-11-22,0.03,0.18503937283604166
MA-BA-13,Falmouth 0.6 NNW,41.5538,-70.6115,2025-11-23,0.16,0.01574803173072695
MA-BA-13,Falmouth 0.6 NNW,41.5538,-70.6115,2025-11-24,0.02,0.007874015865363475
MA-BA-13,Falmouth 0.6 NNW,41.5538,-70.6115,2025-11-25,0.0,0.0
MA-BA-13,Falmouth 0.6 NNW,41.5538,-70.6115,2025-11-26,0.23,0.21653543629749553
MA-BA-13,Falmouth 0.6 NNW,41.5538,-70.6115,2025-11-27,0.04,0.011811023798045214
MA-BA-13,Falmouth 0.6 NNW,41.5538,-70.6115,2025-11-28,0.0,0.0
MA-BA-13,Falmouth 0.6 NNW,41.5538,-70.6115,2025-11-29,0.0,0.0
MA-BA-13,Falmouth 0.6 NNW,41.5538,-70.6115,2025-11-30,0.0,0.06692913485558954
MA-BA-13,Falmouth 0.6 NNW,41.5538,-70.6115,2025-12-01,0.34,0.34251969014331113
MA-BA-13,Falmouth 0.6 NNW,41.5538,-70.6115,2025-12-02,0.0,0.523622055046671
MA-BA-13,Falmouth 0.6 NNW,41.5538,-70.6115,2025-12-03,0.97,0.3582677218740381
MA-BA-13,Falmouth 0.6 NNW,41.5538,-70.6115,2025-12-04,0.0,0.0
MA-BA-13,Falmouth 0.6 NNW,41.5538,-70.6115,2025-12-05,0.0,0.0
MA-BA-13,Falmouth 0.6 NNW,41.5538,-70.6115,2025-12-06,0.0,0.0314960634614539
MA-BA-13,Falmouth 0.6 NNW,41.5538,-70.6115,2025-12-07,0.03,0.0
MA-BA-13,Falmouth 0.6 NNW,41.5538,-70.6115,2025-12-08,0.0,0.0
MA-BA-13,Falmouth 0.6 NNW,41.5538,-70.6115,2025-12-09,0.0,0.0
MA-BA-13,Falmouth 0.6 NNW,41.5538,-70.6115,2025-12-10,0.04,0.04330708725949911
MA-BA-13,Falmouth 0.6 NNW,41.5538,-70.6115,2025-12-11,0.01,0.023622047596090424
MA-BA-13,Falmouth 0.6 NNW,41.5538,-70.6115,2025-12-12,0.0,0.0
MA-BA-13,Falmouth 0.6 NNW,41.5538,-70.6115,2025-12-13,0.0,0.0
MA-BA-13,Falmouth 0.6 NNW,41.5538,-70.6115,2025-12-14,0.2,0.3543307139413564
MA-BA-13,Falmouth 0.6 NNW,41.5538,-70.6115,2025-12-15,0.11,0.01574803173072695
MA-BA-13,Falmouth 0.6 NNW,41.5538,-70.6115,2025-12-16,0.0,0.0
MA-BA-13,Falmouth 0.6 NNW,41.5538,-70.6115,2025-12-17,0.0,0.0
MA-BA-13,Falmouth 0.6 NNW,41.5538,-70.6115,2025-12-18,0.0,0.0
MA-BA-13,Falmouth 0.6 NNW,41.5538,-70.6115,2025-12-19,0.09,0.5275590629793527
MA-BA-13,Falmouth 0.6 NNW,41.5538,-70.6115,2025-12-20,0.33,0.019685039663408687
MA-BA-13,Falmouth 0.6 NNW,41.5538,-70.6115,2025-12-21,0.0,0.0
MA-BA-13,Falmouth 0.6 NNW,41.5538,-70.6115,2025-12-22,0.0,0.0
MA-BA-13,Falmouth 0.6 NNW,41.5538,-70.6115,2025-12-23,0.0,0.04330708725949911
MA-BA-13,Falmouth 0.6 NNW,41.5538,-70.6115,2025-12-24,0.13,0.0629921269229078
MA-BA-13,Falmouth 0.6 NNW,41.5538,-70.6115,2025-12-25,0.0,0.0
MA-BA-13,Falmouth 0.6 NNW,41.5538,-70.6115,2025-12-26,0.0,0.0
MA-BA-13,Falmouth 0.6 NNW,41.5538,-70.6115,2025-12-27,0.22,0.19291338870140512
MA-BA-13,Falmouth 0.6 NNW,41.5538,-70.6115,2025-12-28,0.0,0.0
MA-BA-13,Falmouth 0.6 NNW,41.5538,-70.6115,2025-12-29,0.26,0.45669292019108154
MA-BA-13,Falmouth 0.6 NNW,41.5538,-70.6115,2025-12-30,0.24,0.0
MA-BA-13,Falmouth 0.6 NNW,41.5538,-70.6115,2025-12-31,0.0,0.0
MA-BA-2,Falmouth 3.1 NNW,41.5871,-70.6321,2025-01-01,0.56,0.6338582771617596
MA-BA-2,Falmouth 3.1 NNW,41.5871,-70.6321,2025-01-02,0.12,0.1574803173072695
MA-BA-2,Falmouth 3.1 NNW,41.5871,-70.6321,2025-01-03,0.0,0.0
MA-BA-2,Falmouth 3.1 NNW,41.5871,-70.6321,2025-01-04,0.0,0.0
MA-BA-2,Falmouth 3.1 NNW,41.5871,-70.6321,2025-01-05,0.0,0.0
MA-BA-2,Falmouth 3.1 NNW,41.5871,-70.6321,2025-01-06,0.0,0.0
MA-BA-2,Falmouth 3.1 NNW,41.5871,-70.6321,2025-01-07,0.0,0.0
MA-BA-2,Falmouth 3.1 NNW,41.5871,-70.6321,2025-01-08,0.0,0.0
MA-BA-2,Falmouth 3.1 NNW,41.5871,-70.6321,2025-01-09,0.0,0.0
MA-BA-2,Falmouth 3.1 NNW,41.5871,-70.6321,2025-01-10,0.0,0.0
MA-BA-2,Falmouth 3.1 NNW,41.5871,-70.6321,2025-01-11,0.0,0.11417323004777039
MA-BA-2,Falmouth 3.1 NNW,41.5871,-70.6321,2025-01-12,0.1,0.011811023798045212
MA-BA-2,Falmouth 3.1 NNW,41.5871,-70.6321,2025-01-13,0.0,0.0
MA-BA-2,Falmouth 3.1 NNW,41.5871,-70.6321,2025-01-14,0.0,0.0
MA-BA-2,Falmouth 3.1 NNW,41.5871,-70.6321,2025-01-15,0.0,0.0
MA-BA-2,Falmouth 3.1 NNW,41.5871,-70.6321,2025-01-16,0.0,0.0
MA-BA-2,Falmouth 3.1 NNW,41.5871,-70.6321,2025-01-17,0.01,0.0
MA-BA-2,Falmouth 3.1 NNW,41.5871,-70.6321,2025-01-18,0.0,0.14173228557654255
MA-BA-2,Falmouth 3.1 NNW,41.5871,-70.6321,2025-01-19,0.51,0.36614173773940156
MA-BA-2,Falmouth 3.1 NNW,41.5871,-70.6321,2025-01-20,0.41,0.3188976425472207
MA-BA-2,Falmouth 3.1 NNW,41.5871,-70.6321,2025-01-21,0.0,0.0
MA-BA-2,Falmouth 3.1 NNW,41.5871,-70.6321,2025-01-22,0.01,0.007874015865363475
MA-BA-2,Falmouth 3.1 NNW,41.5871,-70.6321,2025-01-23,0.0,0.0
MA-BA-2,Falmouth 3.1 NNW,41.5871,-70.6321,2025-01-24,0.0,0.0
MA-BA-2,Falmouth 3.1 NNW,41.5871,-70.6321,2025-01-25,0.0,0.0
MA-BA-2,Falmouth 3.1 NNW,41.5871,-70.6321,2025-01-26,0.0,0.0
MA-BA-2,Falmouth 3.1 NNW,41.5871,-70.6321,2025-01-27,0.0,0.0
MA-BA-2,Falmouth 3.1 NNW,41.5871,-70.6321,2025-01-28,0.0,0.0
MA-BA-2,Falmouth 3.1 NNW,41.5871,-70.6321,2025-01-29,0.0,0.011811023798045212
MA-BA-2,Falmouth 3.1 NNW,41.5871,-70.6321,2025-01-30,0.0,0.0
MA-BA-2,Falmouth 3.1 NNW,41.5871,-70.6321,2025-01-31,0.0,0.21259842836481382
MA-BA-2,Falmouth 3.1 NNW,41.5871,-70.6321,2025-02-01,0.71,0.4724409519218085
MA-BA-2,Falmouth 3.1 NNW,41.5871,-70.6321,2025-02-02,0.05,0.0
MA-BA-2,Falmouth 3.1 NNW,41.5871,-70.6321,2025-02-03,0.16,0.17322834903799647
MA-BA-2,Falmouth 3.1 NNW,41.5871,-70.6321,2025-02-04,0.0,0.0
MA-BA-2,Falmouth 3.1 NNW,41.5871,-70.6321,2025-02-05,0.0,0.0
MA-BA-2,Falmouth 3.1 NNW,41.5871,-70.6321,2025-02-06,0.0,0.24803149975894945
MA-BA-2,Falmouth 3.1 NNW,41.5871,-70.6321,2025-02-07,0.26,0.0
MA-BA-2,Falmouth 3.1 NNW,41.5871,-70.6321,2025-02-08,0.0,0.0
MA-BA-2,Falmouth 3.1 NNW,41.5871,-70.6321,2025-02-09,0.51,0.3307086663452659
MA-BA-2,Falmouth 3.1 NNW,41.5871,-70.6321,2025-02-10,0.0,0.0
MA-BA-2,Falmouth 3.1 NNW,41.5871,-70.6321,2025-02-11,0.0,0.0
MA-BA-2,Falmouth 3.1 NNW,41.5871,-70.6321,2025-02-12,0.02,0.051181103124862584
MA-BA-2,Falmouth 3.1 NNW,41.5871,-70.6321,2025-02-13,0.21,0.1574803173072695
MA-BA-2,Falmouth 3.1 NNW,41.5871,-70.6321,2025-02-14,0.08,0.0
MA-BA-2,Falmouth 3.1 NNW,41.5871,-70.6321,2025-02-15,0.0,0.0
MA-BA-2,Falmouth 3.1 NNW,41.5871,-70.6321,2025-02-16,0.71,1.5157480540824688
MA-BA-2,Falmouth 3.1 NNW,41.5871,-70.6321,2025-02-17,1.19,0.003937007932681738
MA-BA-2,Falmouth 3.1 NNW,41.5871,-70.6321,2025-02-18,0.0,0.0
MA-BA-2,Falmouth 3.1 NNW,41.5871,-70.6321,2025-02-19,0.0,0.0
MA-BA-2,Falmouth 3.1 NNW,41.5871,-70.6321,2025-02-20,0.0,0.0
MA-BA-2,Falmouth 3.1 NNW,41.5871,-70.6321,2025-02-21,0.0,0.0
MA-BA-2,Falmouth 3.1 NNW,41.5871,-70.6321,2025-02-22,0.0,0.0
MA-BA-2,Falmouth 3.1 NNW,41.5871,-70.6321,2025-02-23,0.0,0.0
MA-BA-2,Falmouth 3.1 NNW,41.5871,-70.6321,2025-02-24,0.0,0.0
MA-BA-2,Falmouth 3.1 NNW,41.5871,-70.6321,2025-02-25,0.0,0.0
MA-BA-2,Falmouth 3.1 NNW,41.5871,-70.6321,2025-02-26,0.0,0.0
MA-BA-2,Falmouth 3.1 NNW,41.5871,-70.6321,2025-02-27,0.03,0.12992126177849733
MA-BA-2,Falmouth 3.1 NNW,41.5871,-70.6321,2025-02-28,0.06,0.04330708725949911
MA-BA-2,Falmouth 3.1 NNW,41.5871,-70.6321,2025-03-01,0.0,0.0
MA-BA-2,Falmouth 3.1 NNW,41.5871,-70.6321,2025-03-02,0.0,0.0
MA-BA-2,Falmouth 3.1 NNW,41.5871,-70.6321,2025-03-03,0.0,0.0
MA-BA-2,Falmouth 3.1 NNW,41.5871,-70.6321,2025-03-04,0.0,0.0
MA-BA-2,Falmouth 3.1 NNW,41.5871,-70.6321,2025-03-05,0.0,0.0
MA-BA-2,Falmouth 3.1 NNW,41.5871,-70.6321,2025-03-06,0.67,0.4606299281237633
MA-BA-2,Falmouth 3.1 NNW,41.5871,-70.6321,2025-03-07,0.03,0.07086614278827127
MA-BA-2,Falmouth 3.1 NNW,41.5871,-70.6321,2025-03-08,0.0,0.0
MA-BA-2,Falmouth 3.1 NNW,41.5871,-70.6321,2025-03-09,0.0,0.0
MA-BA-2,Falmouth 3.1 NNW,41.5871,-70.6321,2025-03-10,0.0,0.0
MA-BA-2,Falmouth 3.1 NNW,41.5871,-70.6321,2025-03-11,0.0,0.0
MA-BA-2,Falmouth 3.1 NNW,41.5871,-70.6321,2025-03-12,0.0,0.0
MA-BA-2,Falmouth 3.1 NNW,41.5871,-70.6321,2025-03-13,0.0,0.0
MA-BA-2,Falmouth 3.1 NNW,41.5871,-70.6321,2025-03-14,0.0,0.0
MA-BA-2,Falmouth 3.1 NNW,41.5871,-70.6321,2025-03-15,0.0,0.0
MA-BA-2,Falmouth 3.1 NNW,41.5871,-70.6321,2025-03-16,0.0,0.0
MA-BA-2,Falmouth 3.1 NNW,41.5871,-70.6321,2025-03-17,0.33,1.9212598711486881
MA-BA-2,Falmouth 3.1 NNW,41.5871,-70.6321,2025-03-18,1.89,0.1259842538458156
MA-BA-2,Falmouth 3.1 NNW,41.5871,-70.6321,2025-03-19,0.0,0.0
MA-BA-2,Falmouth 3.1 NNW,41.5871,-70.6321,2025-03-20,0.0,0.0
MA-BA-2,Falmouth 3.1 NNW,41.5871,-70.6321,2025-03-21,0.36,0.39370079326817375
MA-BA-2,Falmouth 3.1 NNW,41.5871,-70.6321,2025-03-22,0.07,0.0
MA-BA-2,Falmouth 3.1 NNW,41.5871,-70.6321,2025-03-23,0.0,0.0
MA-BA-2,Falmouth 3.1 NNW,41.5871,-70.6321,2025-03-24,0.0,0.3779527615374468
MA-BA-2,Falmouth 3.1 NNW,41.5871,-70.6321,2025-03-25,0.54,0.18503937283604163
MA-BA-2,Falmouth 3.1 NNW,41.5871,-70.6321,2025-03-26,0.0,0.011811023798045212
MA-BA-2,Falmouth 3.1 NNW,41.5871,-70.6321,2025-03-27,0.0,0.023622047596090424
MA-BA-2,Falmouth 3.1 NNW,41.5871,-70.6321,2025-03-28,0.0,0.0
MA-BA-2,Falmouth 3.1 NNW,41.5871,-70.6321,2025-03-29,0.05,0.01968503966340869
MA-BA-2,Falmouth 3.1 NNW,41.5871,-70.6321,2025-03-30,0.07,0.08267716658631648
MA-BA-2,Falmouth 3.1 NNW,41.5871,-70.6321,2025-03-31,0.0,0.0
MA-BA-2,Falmouth 3.1 NNW,41.5871,-70.6321,2025-04-01,0.19,0.2598425235569947
MA-BA-2,Falmouth 3.1 NNW,41.5871,-70.6321,2025-04-02,0.09,0.03543307139413564
MA-BA-2,Falmouth 3.1 NNW,41.5871,-70.6321,2025-04-03,0.17,0.31102362668185723
MA-BA-2,Falmouth 3.1 NNW,41.5871,-70.6321,2025-04-04,0.15,0.0
MA-BA-2,Falmouth 3.1 NNW,41.5871,-70.6321,2025-04-05,0.0,0.08661417451899824
MA-BA-2,Falmouth 3.1 NNW,41.5871,-70.6321,2025-04-06,0.81,0.5118110312486258
MA-BA-2,Falmouth 3.1 NNW,41.5871,-70.6321,2025-04-07,0.02,0.24409449182626775
MA-BA-2,Falmouth 3.1 NNW,41.5871,-70.6321,2025-04-08,0.63,0.24409449182626772
MA-BA-2,Falmouth 3.1 NNW,41.5871,-70.6321,2025-04-09,0.02,0.0
MA-BA-2,Falmouth 3.1 NNW,41.5871,-70.6321,2025-04-10,0.0,0.0
MA-BA-2,Falmouth 3.1 NNW,41.5871,-70.6321,2025-04-11,0.06,0.10629921418240691
MA-BA-2,Falmouth 3.1 NNW,41.5871,-70.6321,2025-04-12,0.33,0.3385826822106294
MA-BA-2,Falmouth 3.1 NNW,41.5871,-70.6321,2025-04-13,0.19,0.704724419950031
MA-BA-2,Falmouth 3.1 NNW,41.5871,-70.6321,2025-04-14,0.61,0.01574803173072695
MA-BA-2,Falmouth 3.1 NNW,41.5871,-70.6321,2025-04-15,0.07,0.10236220624972517
MA-BA-2,Falmouth 3.1 NNW,41.5871,-70.6321,2025-04-16,0.01,0.003937007932681738
MA-BA-2,Falmouth 3.1 NNW,41.5871,-70.6321,2025-04-17,0.0,0.0
MA-BA-2,Falmouth 3.1 NNW,41.5871,-70.6321,2025-04-18,0.0,0.0
MA-BA-2,Falmouth 3.1 NNW,41.5871,-70.6321,2025-04-19,0.0,0.0
MA-BA-2,Falmouth 3.1 NNW,41.5871,-70.6321,2025-04-20,0.0,0.0
MA-BA-2,Falmouth 3.1 NNW,41.5871,-70.6321,2025-04-21,0.0,0.0
MA-BA-2,Falmouth 3.1 NNW,41.5871,-70.6321,2025-04-22,0.08,0.07874015865363475
MA-BA-2,Falmouth 3.1 NNW,41.5871,-70.6321,2025-04-23,0.0,0.0
MA-BA-2,Falmouth 3.1 NNW,41.5871,-70.6321,2025-04-24,0.0,0.0
MA-BA-2,Falmouth 3.1 NNW,41.5871,-70.6321,2025-04-25,0.0,0.0
MA-BA-2,Falmouth 3.1 NNW,41.5871,-70.6321,2025-04-26,0.0,0.5551181185081249
MA-BA-2,Falmouth 3.1 NNW,41.5871,-70.6321,2025-04-27,0.95,0.21653543629749555
MA-BA-2,Falmouth 3.1 NNW,41.5871,-70.6321,2025-04-28,0.0,0.0
MA-BA-2,Falmouth 3.1 NNW,41.5871,-70.6321,2025-04-29,0.0,0.0
MA-BA-2,Falmouth 3.1 NNW,41.5871,-70.6321,2025-04-30,0.0,0.0
MA-BA-2,Falmouth 3.1 NNW,41.5871,-70.6321,2025-05-01,0.0,0.0
MA-BA-2,Falmouth 3.1 NNW,41.5871,-70.6321,2025-05-02,0.47,0.46850394398912676
MA-BA-2,Falmouth 3.1 NNW,41.5871,-70.6321,2025-05-03,0.0,0.0
MA-BA-2,Falmouth 3.1 NNW,41.5871,-70.6321,2025-05-04,0.0,0.0
MA-BA-2,Falmouth 3.1 NNW,41.5871,-70.6321,2025-05-05,0.12,0.10236220624972518
MA-BA-2,Falmouth 3.1 NNW,41.5871,-70.6321,2025-05-06,0.0,0.10236220624972517
MA-BA-2,Falmouth 3.1 NNW,41.5871,-70.6321,2025-05-07,0.12,0.0
MA-BA-2,Falmouth 3.1 NNW,41.5871,-70.6321,2025-05-08,0.0,0.0
MA-BA-2,Falmouth 3.1 NNW,41.5871,-70.6321,2025-05-09,0.0,0.7007874120173493
MA-BA-2,Falmouth 3.1 NNW,41.5871,-70.6321,2025-05-10,1.09,0.3622047298067198
MA-BA-2,Falmouth 3.1 NNW,41.5871,-70.6321,2025-05-11,0.01,0.0
MA-BA-2,Falmouth 3.1 NNW,41.5871,-70.6321,2025-05-12,0.0,0.0
MA-BA-2,Falmouth 3.1 NNW,41.5871,-70.6321,2025-05-13,0.0,0.0
MA-BA-2,Falmouth 3.1 NNW,41.5871,-70.6321,2025-05-14,0.0,0.0
MA-BA-2,Falmouth 3.1 NNW,41.5871,-70.6321,2025-05-15,0.0,0.03543307139413564
MA-BA-2,Falmouth 3.1 NNW,41.5871,-70.6321,2025-05-16,0.0,0.0
MA-BA-2,Falmouth 3.1 NNW,41.5871,-70.6321,2025-05-17,0.0,0.0
MA-BA-2,Falmouth 3.1 NNW,41.5871,-70.6321,2025-05-18,0.01,0.0
MA-BA-2,Falmouth 3.1 NNW,41.5871,-70.6321,2025-05-19,0.0,0.0
MA-BA-2,Falmouth 3.1 NNW,41.5871,-70.6321,2025-05-20,0.0,0.0
MA-BA-2,Falmouth 3.1 NNW,41.5871,-70.6321,2025-05-21,0.0,0.0
MA-BA-2,Falmouth 3.1 NNW,41.5871,-70.6321,2025-05-22,0.02,1.9291338870140509
MA-BA-2,Falmouth 3.1 NNW,41.5871,-70.6321,2025-05-23,4.81,1.7559055379760546
MA-BA-2,Falmouth 3.1 NNW,41.5871,-70.6321,2025-05-24,0.0,0.039370079326817374
MA-BA-2,Falmouth 3.1 NNW,41.5871,-70.6321,2025-05-25,0.04,0.0
MA-BA-2,Falmouth 3.1 NNW,41.5871,-70.6321,2025-05-26,0.0,0.0
MA-BA-2,Falmouth 3.1 NNW,41.5871,-70.6321,2025-05-27,0.0,0.0
MA-BA-2,Falmouth 3.1 NNW,41.5871,-70.6321,2025-05-28,0.0,0.0
MA-BA-2,Falmouth 3.1 NNW,41.5871,-70.6321,2025-05-29,0.16,0.2007874045667686
MA-BA-2,Falmouth 3.1 NNW,41.5871,-70.6321,2025-05-30,0.06,0.0
MA-BA-2,Falmouth 3.1 NNW,41.5871,-70.6321,2025-05-31,0.19,0.2204724442301773
MA-BA-2,Falmouth 3.1 NNW,41.5871,-70.6321,2025-06-01,0.0,0.0
MA-BA-2,Falmouth 3.1 NNW,41.5871,-70.6321,2025-06-02,0.0,0.0
MA-BA-2,Falmouth 3.1 NNW,41.5871,-70.6321,2025-06-03,0.0,0.0
MA-BA-2,Falmouth 3.1 NNW,41.5871,-70.6321,2025-06-04,0.0,0.0
MA-BA-2,Falmouth 3.1 NNW,41.5871,-70.6321,2025-06-05,0.0,0.0
MA-BA-2,Falmouth 3.1 NNW,41.5871,-70.6321,2025-06-06,0.0,0.0
MA-BA-2,Falmouth 3.1 NNW,41.5871,-70.6321,2025-06-07,0.0,0.14960630144190604
MA-BA-2,Falmouth 3.1 NNW,41.5871,-70.6321,2025-06-08,0.08,0.0
MA-BA-2,Falmouth 3.1 NNW,41.5871,-70.6321,2025-06-09,0.0,0.0
MA-BA-2,Falmouth 3.1 NNW,41.5871,-70.6321,2025-06-10,0.06,0.9055118245167996
MA-BA-2,Falmouth 3.1 NNW,41.5871,-70.6321,2025-06-11,0.81,0.0
MA-BA-2,Falmouth 3.1 NNW,41.5871,-70.6321,2025-06-12,0.0,0.0
MA-BA-2,Falmouth 3.1 NNW,41.5871,-70.6321,2025-06-13,0.0,0.0
MA-BA-2,Falmouth 3.1 NNW,41.5871,-70.6321,2025-06-14,0.0,0.0944881903843617
MA-BA-2,Falmouth 3.1 NNW,41.5871,-70.6321,2025-06-15,0.18,0.003937007932681738
MA-BA-2,Falmouth 3.1 NNW,41.5871,-70.6321,2025-06-16,0.0,0.0
MA-BA-2,Falmouth 3.1 NNW,41.5871,-70.6321,2025-06-17,0.0,0.003937007932681738
MA-BA-2,Falmouth 3.1 NNW,41.5871,-70.6321,2025-06-18,0.0,0.0
MA-BA-2,Falmouth 3.1 NNW,41.5871,-70.6321,2025-06-19,0.0,0.0
MA-BA-2,Falmouth 3.1 NNW,41.5871,-70.6321,2025-06-20,0.0,0.0
MA-BA-2,Falmouth 3.1 NNW,41.5871,-70.6321,2025-06-21,0.0,0.0
MA-BA-2,Falmouth 3.1 NNW,41.5871,-70.6321,2025-06-22,0.0,0.007874015865363475
MA-BA-2,Falmouth 3.1 NNW,41.5871,-70.6321,2025-06-23,0.0,0.0
MA-BA-2,Falmouth 3.1 NNW,41.5871,-70.6321,2025-06-24,0.0,0.0
MA-BA-2,Falmouth 3.1 NNW,41.5871,-70.6321,2025-06-25,0.0,0.0
MA-BA-2,Falmouth 3.1 NNW,41.5871,-70.6321,2025-06-26,0.0,0.04330708725949911
MA-BA-2,Falmouth 3.1 NNW,41.5871,-70.6321,2025-06-27,0.01,0.003937007932681738
MA-BA-2,Falmouth 3.1 NNW,41.5871,-70.6321,2025-06-28,0.0,0.003937007932681738
MA-BA-2,Falmouth 3.1 NNW,41.5871,-70.6321,2025-06-29,0.0,0.0
MA-BA-2,Falmouth 3.1 NNW,41.5871,-70.6321,2025-06-30,0.0,0.0
MA-BA-2,Falmouth 3.1 NNW,41.5871,-70.6321,2025-07-01,0.02,0.03543307139413564
MA-BA-2,Falmouth 3.1 NNW,41.5871,-70.6321,2025-07-02,0.01,0.03937007932681738
MA-BA-2,Falmouth 3.1 NNW,41.5871,-70.6321,2025-07-03,0.01,0.0
MA-BA-2,Falmouth 3.1 NNW,41.5871,-70.6321,2025-07-04,0.05,0.1338582697111791
MA-BA-2,Falmouth 3.1 NNW,41.5871,-70.6321,2025-07-05,0.0,0.0
MA-BA-2,Falmouth 3.1 NNW,41.5871,-70.6321,2025-07-06,0.0,0.0
MA-BA-2,Falmouth 3.1 NNW,41.5871,-70.6321,2025-07-07,0.0,0.05905511899022606
MA-BA-2,Falmouth 3.1 NNW,41.5871,-70.6321,2025-07-08,0.2,0.0
MA-BA-2,Falmouth 3.1 NNW,41.5871,-70.6321,2025-07-09,0.94,1.153543324275749
MA-BA-2,Falmouth 3.1 NNW,41.5871,-70.6321,2025-07-10,0.19,0.42913386466230935
MA-BA-2,Falmouth 3.1 NNW,41.5871,-70.6321,2025-07-11,0.18,0.0
MA-BA-2,Falmouth 3.1 NNW,41.5871,-70.6321,2025-07-12,0.0,0.0
MA-BA-2,Falmouth 3.1 NNW,41.5871,-70.6321,2025-07-13,0.0,0.0
MA-BA-2,Falmouth 3.1 NNW,41.5871,-70.6321,2025-07-14,0.0,0.0
MA-BA-2,Falmouth 3.1 NNW,41.5871,-70.6321,2025-07-15,0.08,0.0629921269229078
MA-BA-2,Falmouth 3.1 NNW,41.5871,-70.6321,2025-07-16,0.01,0.0
MA-BA-2,Falmouth 3.1 NNW,41.5871,-70.6321,2025-07-17,0.0,0.039370079326817374
MA-BA-2,Falmouth 3.1 NNW,41.5871,-70.6321,2025-07-18,0.01,0.0
MA-BA-2,Falmouth 3.1 NNW,41.5871,-70.6321,2025-07-19,0.0,0.0
MA-BA-2,Falmouth 3.1 NNW,41.5871,-70.6321,2025-07-20,0.0,0.04330708725949911
MA-BA-2,Falmouth 3.1 NNW,41.5871,-70.6321,2025-07-21,0.01,0.0
MA-BA-2,Falmouth 3.1 NNW,41.5871,-70.6321,2025-07-22,0.0,0.0
MA-BA-2,Falmouth 3.1 NNW,41.5871,-70.6321,2025-07-23,0.0,0.0
MA-BA-2,Falmouth 3.1 NNW,41.5871,-70.6321,2025-07-24,0.0,0.0
MA-BA-2,Falmouth 3.1 NNW,41.5871,-70.6321,2025-07-25,0.0,0.13385826971117906
MA-BA-2,Falmouth 3.1 NNW,41.5871,-70.6321,2025-07-26,0.05,0.0
MA-BA-2,Falmouth 3.1 NNW,41.5871,-70.6321,2025-07-27,0.0,0.03543307139413564
MA-BA-2,Falmouth 3.1 NNW,41.5871,-70.6321,2025-07-28,0.0,0.0
MA-BA-2,Falmouth 3.1 NNW,41.5871,-70.6321,2025-07-29,0.0,0.0
MA-BA-2,Falmouth 3.1 NNW,41.5871,-70.6321,2025-07-30,0.0,0.0
MA-BA-2,Falmouth 3.1 NNW,41.5871,-70.6321,2025-07-31,0.0,0.019685039663408687
MA-BA-2,Falmouth 3.1 NNW,41.5871,-70.6321,2025-08-01,0.34,0.33070866634526597
MA-BA-2,Falmouth 3.1 NNW,41.5871,-70.6321,2025-08-02,0.12,0.0
MA-BA-2,Falmouth 3.1 NNW,41.5871,-70.6321,2025-08-03,0.0,0.0
MA-BA-2,Falmouth 3.1 NNW,41.5871,-70.6321,2025-08-04,0.0,0.0
MA-BA-2,Falmouth 3.1 NNW,41.5871,-70.6321,2025-08-05,0.0,0.0
MA-BA-2,Falmouth 3.1 NNW,41.5871,-70.6321,2025-08-06,0.0,0.0
MA-BA-2,Falmouth 3.1 NNW,41.5871,-70.6321,2025-08-07,0.0,0.0
MA-BA-2,Falmouth 3.1 NNW,41.5871,-70.6321,2025-08-08,0.0,0.0
MA-BA-2,Falmouth 3.1 NNW,41.5871,-70.6321,2025-08-09,0.0,0.0
MA-BA-2,Falmouth 3.1 NNW,41.5871,-70.6321,2025-08-10,0.0,0.0
MA-BA-2,Falmouth 3.1 NNW,41.5871,-70.6321,2025-08-11,0.0,0.0
MA-BA-2,Falmouth 3.1 NNW,41.5871,-70.6321,2025-08-12,0.0,0.0
MA-BA-2,Falmouth 3.1 NNW,41.5871,-70.6321,2025-08-13,0.0,0.0
MA-BA-2,Falmouth 3.1 NNW,41.5871,-70.6321,2025-08-14,0.0,0.0
MA-BA-2,Falmouth 3.1 NNW,41.5871,-70.6321,2025-08-15,0.0,0.0
MA-BA-2,Falmouth 3.1 NNW,41.5871,-70.6321,2025-08-16,0.0,0.0
MA-BA-2,Falmouth 3.1 NNW,41.5871,-70.6321,2025-08-17,0.0,0.0
MA-BA-2,Falmouth 3.1 NNW,41.5871,-70.6321,2025-08-18,0.0,0.003937007932681738
MA-BA-2,Falmouth 3.1 NNW,41.5871,-70.6321,2025-08-19,0.0,0.0
MA-BA-2,Falmouth 3.1 NNW,41.5871,-70.6321,2025-08-20,0.0,0.17322834903799644
MA-BA-2,Falmouth 3.1 NNW,41.5871,-70.6321,2025-08-21,1.47,1.20078741946793
MA-BA-2,Falmouth 3.1 NNW,41.5871,-70.6321,2025-08-22,0.0,0.0
MA-BA-2,Falmouth 3.1 NNW,41.5871,-70.6321,2025-08-23,0.0,0.0
MA-BA-2,Falmouth 3.1 NNW,41.5871,-70.6321,2025-08-24,0.0,0.0
MA-BA-2,Falmouth 3.1 NNW,41.5871,-70.6321,2025-08-25,0.0,0.011811023798045212
MA-BA-2,Falmouth 3.1 NNW,41.5871,-70.6321,2025-08-26,0.05,0.0
MA-BA-2,Falmouth 3.1 NNW,41.5871,-70.6321,2025-08-27,0.0,0.0
MA-BA-2,Falmouth 3.1 NNW,41.5871,-70.6321,2025-08-28,0.0,0.0
MA-BA-2,Falmouth 3.1 NNW,41.5871,-70.6321,2025-08-29,0.0,0.0
MA-BA-2,Falmouth 3.1 NNW,41.5871,-70.6321,2025-08-30,0.41,0.523622055046671
MA-BA-2,Falmouth 3.1 NNW,41.5871,-70.6321,2025-08-31,0.0,0.0
MA-BA-2,Falmouth 3.1 NNW,41.5871,-70.6321,2025-09-01,0.0,0.0
MA-BA-2,Falmouth 3.1 NNW,41.5871,-70.6321,2025-09-02,0.0,0.0
MA-BA-2,Falmouth 3.1 NNW,41.5871,-70.6321,2025-09-03,0.0,0.0
MA-BA-2,Falmouth 3.1 NNW,41.5871,-70.6321,2025-09-04,0.0,0.0
MA-BA-2,Falmouth 3.1 NNW,41.5871,-70.6321,2025-09-05,0.0,0.003937007932681738
MA-BA-2,Falmouth 3.1 NNW,41.5871,-70.6321,2025-09-06,0.0,0.0
MA-BA-2,Falmouth 3.1 NNW,41.5871,-70.6321,2025-09-07,0.03,0.7598425310075752
MA-BA-2,Falmouth 3.1 NNW,41.5871,-70.6321,2025-09-08,0.86,0.011811023798045214
MA-BA-2,Falmouth 3.1 NNW,41.5871,-70.6321,2025-09-09,0.0,0.0
MA-BA-2,Falmouth 3.1 NNW,41.5871,-70.6321,2025-09-10,0.0,0.0
MA-BA-2,Falmouth 3.1 NNW,41.5871,-70.6321,2025-09-11,0.0,0.0
MA-BA-2,Falmouth 3.1 NNW,41.5871,-70.6321,2025-09-12,0.0,0.0
MA-BA-2,Falmouth 3.1 NNW,41.5871,-70.6321,2025-09-13,0.0,0.0
MA-BA-2,Falmouth 3.1 NNW,41.5871,-70.6321,2025-09-14,0.0,0.003937007932681738
MA-BA-2,Falmouth 3.1 NNW,41.5871,-70.6321,2025-09-15,0.0,0.0
MA-BA-2,Falmouth 3.1 NNW,41.5871,-70.6321,2025-09-16,0.0,0.0
MA-BA-2,Falmouth 3.1 NNW,41.5871,-70.6321,2025-09-17,0.0,0.07874015865363475
MA-BA-2,Falmouth 3.1 NNW,41.5871,-70.6321,2025-09-18,0.31,0.2559055156243129
MA-BA-2,Falmouth 3.1 NNW,41.5871,-70.6321,2025-09-19,0.01,0.0
MA-BA-2,Falmouth 3.1 NNW,41.5871,-70.6321,2025-09-20,0.0,0.0
MA-BA-2,Falmouth 3.1 NNW,41.5871,-70.6321,2025-09-21,0.0,0.0
MA-BA-2,Falmouth 3.1 NNW,41.5871,-70.6321,2025-09-22,0.0,0.0
MA-BA-2,Falmouth 3.1 NNW,41.5871,-70.6321,2025-09-23,0.0,0.0
MA-BA-2,Falmouth 3.1 NNW,41.5871,-70.6321,2025-09-24,0.0,1.2992126177849732
MA-BA-2,Falmouth 3.1 NNW,41.5871,-70.6321,2025-09-25,1.47,2.003937037735004
MA-BA-2,Falmouth 3.1 NNW,41.5871,-70.6321,2025-09-26,0.41,0.0
MA-BA-2,Falmouth 3.1 NNW,41.5871,-70.6321,2025-09-27,0.0,0.0
MA-BA-2,Falmouth 3.1 NNW,41.5871,-70.6321,2025-09-28,0.1,0.07874015865363475
MA-BA-2,Falmouth 3.1 NNW,41.5871,-70.6321,2025-09-29,0.0,0.0
MA-BA-2,Falmouth 3.1 NNW,41.5871,-70.6321,2025-09-30,0.0,0.0
MA-BA-2,Falmouth 3.1 NNW,41.5871,-70.6321,2025-10-01,0.0,0.0
MA-BA-2,Falmouth 3.1 NNW,41.5871,-70.6321,2025-10-02,0.0,0.0
MA-BA-2,Falmouth 3.1 NNW,41.5871,-70.6321,2025-10-03,0.0,0.0
MA-BA-2,Falmouth 3.1 NNW,41.5871,-70.6321,2025-10-04,0.0,0.0
MA-BA-2,Falmouth 3.1 NNW,41.5871,-70.6321,2025-10-05,0.0,0.0
MA-BA-2,Falmouth 3.1 NNW,41.5871,-70.6321,2025-10-06,0.0,0.0
MA-BA-2,Falmouth 3.1 NNW,41.5871,-70.6321,2025-10-07,0.0,0.0
MA-BA-2,Falmouth 3.1 NNW,41.5871,-70.6321,2025-10-08,0.0,0.7125984358153944
MA-BA-2,Falmouth 3.1 NNW,41.5871,-70.6321,2025-10-09,0.75,0.0
MA-BA-2,Falmouth 3.1 NNW,41.5871,-70.6321,2025-10-10,0.0,0.0
MA-BA-2,Falmouth 3.1 NNW,41.5871,-70.6321,2025-10-11,0.0,0.0
MA-BA-2,Falmouth 3.1 NNW,41.5871,-70.6321,2025-10-12,0.0,0.7519685151422117
MA-BA-2,Falmouth 3.1 NNW,41.5871,-70.6321,2025-10-13,2.21,1.814960656966281
MA-BA-2,Falmouth 3.1 NNW,41.5871,-70.6321,2025-10-14,1.39,0.5787401661042154
MA-BA-2,Falmouth 3.1 NNW,41.5871,-70.6321,2025-10-15,0.27,0.0
MA-BA-2,Falmouth 3.1 NNW,41.5871,-70.6321,2025-10-16,0.0,0.0
MA-BA-2,Falmouth 3.1 NNW,41.5871,-70.6321,2025-10-17,0.0,0.0
MA-BA-2,Falmouth 3.1 NNW,41.5871,-70.6321,2025-10-18,0.0,0.0
MA-BA-2,Falmouth 3.1 NNW,41.5871,-70.6321,2025-10-19,0.0,0.0
MA-BA-2,Falmouth 3.1 NNW,41.5871,-70.6321,2025-10-20,0.0,0.6062992216329876
MA-BA-2,Falmouth 3.1 NNW,41.5871,-70.6321,2025-10-21,0.82,0.0
MA-BA-2,Falmouth 3.1 NNW,41.5871,-70.6321,2025-10-22,0.0,0.019685039663408687
MA-BA-2,Falmouth 3.1 NNW,41.5871,-70.6321,2025-10-23,0.02,0.0
MA-BA-2,Falmouth 3.1 NNW,41.5871,-70.6321,2025-10-24,0.0,0.0
MA-BA-2,Falmouth 3.1 NNW,41.5871,-70.6321,2025-10-25,0.0,0.0
MA-BA-2,Falmouth 3.1 NNW,41.5871,-70.6321,2025-10-26,0.0,0.0
MA-BA-2,Falmouth 3.1 NNW,41.5871,-70.6321,2025-10-27,0.0,0.0
MA-BA-2,Falmouth 3.1 NNW,41.5871,-70.6321,2025-10-28,0.01,0.019685039663408687
MA-BA-2,Falmouth 3.1 NNW,41.5871,-70.6321,2025-10-29,0.03,0.003937007932681738
MA-BA-2,Falmouth 3.1 NNW,41.5871,-70.6321,2025-10-30,0.05,0.06692913485558953
MA-BA-2,Falmouth 3.1 NNW,41.5871,-70.6321,2025-10-31,1.68,1.228346474996702
MA-BA-2,Falmouth 3.1 NNW,41.5871,-70.6321,2025-11-01,0.0,0.0
MA-BA-2,Falmouth 3.1 NNW,41.5871,-70.6321,2025-11-02,0.0,0.0
MA-BA-2,Falmouth 3.1 NNW,41.5871,-70.6321,2025-11-03,0.0,0.22440945216285904
MA-BA-2,Falmouth 3.1 NNW,41.5871,-70.6321,2025-11-04,0.24,0.10629921418240691
MA-BA-2,Falmouth 3.1 NNW,41.5871,-70.6321,2025-11-05,0.0,0.0
MA-BA-2,Falmouth 3.1 NNW,41.5871,-70.6321,2025-11-06,0.01,0.051181103124862584
MA-BA-2,Falmouth 3.1 NNW,41.5871,-70.6321,2025-11-07,0.0,0.0
MA-BA-2,Falmouth 3.1 NNW,41.5871,-70.6321,2025-11-08,0.11,0.10236220624972518
MA-BA-2,Falmouth 3.1 NNW,41.5871,-70.6321,2025-11-09,0.02,1.2401574987947472
MA-BA-2,Falmouth 3.1 NNW,41.5871,-70.6321,2025-11-10,2.33,0.9803149752377528
MA-BA-2,Falmouth 3.1 NNW,41.5871,-70.6321,2025-11-11,0.51,0.019685039663408687
MA-BA-2,Falmouth 3.1 NNW,41.5871,-70.6321,2025-11-12,0.0,0.0
MA-BA-2,Falmouth 3.1 NNW,41.5871,-70.6321,2025-11-13,0.0,0.027559055528772164
MA-BA-2,Falmouth 3.1 NNW,41.5871,-70.6321,2025-11-14,0.0,0.0
MA-BA-2,Falmouth 3.1 NNW,41.5871,-70.6321,2025-11-15,0.0,0.0
MA-BA-2,Falmouth 3.1 NNW,41.5871,-70.6321,2025-11-16,0.76,0.7559055230748936
MA-BA-2,Falmouth 3.1 NNW,41.5871,-70.6321,2025-11-17,0.0,0.0
MA-BA-2,Falmouth 3.1 NNW,41.5871,-70.6321,2025-11-18,0.0,0.0
MA-BA-2,Falmouth 3.1 NNW,41.5871,-70.6321,2025-11-19,0.0,0.0
MA-BA-2,Falmouth 3.1 NNW,41.5871,-70.6321,2025-11-20,0.0,0.0
MA-BA-2,Falmouth 3.1 NNW,41.5871,-70.6321,2025-11-21,0.0,0.0
MA-BA-2,Falmouth 3.1 NNW,41.5871,-70.6321,2025-11-22,0.0,0.19685039663408688
MA-BA-2,Falmouth 3.1 NNW,41.5871,-70.6321,2025-11-23,0.18,0.01574803173072695
MA-BA-2,Falmouth 3.1 NNW,41.5871,-70.6321,2025-11-24,0.01,0.0
MA-BA-2,Falmouth 3.1 NNW,41.5871,-70.6321,2025-11-25,0.0,0.0
MA-BA-2,Falmouth 3.1 NNW,41.5871,-70.6321,2025-11-26,0.26,0.22440945216285899
MA-BA-2,Falmouth 3.1 NNW,41.5871,-70.6321,2025-11-27,0.03,0.01574803173072695
MA-BA-2,Falmouth 3.1 NNW,41.5871,-70.6321,2025-11-28,0.0,0.0
MA-BA-2,Falmouth 3.1 NNW,41.5871,-70.6321,2025-11-29,0.0,0.0
MA-BA-2,Falmouth 3.1 NNW,41.5871,-70.6321,2025-11-30,0.0,0.074803150720953
MA-BA-2,Falmouth 3.1 NNW,41.5871,-70.6321,2025-12-01,0.27,0.35433071394135635
MA-BA-2,Falmouth 3.1 NNW,41.5871,-70.6321,2025-12-02,0.0,0.523622055046671
MA-BA-2,Falmouth 3.1 NNW,41.5871,-70.6321,2025-12-03,1.01,0.3346456742779477
MA-BA-2,Falmouth 3.1 NNW,41.5871,-70.6321,2025-12-04,0.0,0.0
MA-BA-2,Falmouth 3.1 NNW,41.5871,-70.6321,2025-12-05,0.0,0.0
MA-BA-2,Falmouth 3.1 NNW,41.5871,-70.6321,2025-12-06,0.0,0.0314960634614539
MA-BA-2,Falmouth 3.1 NNW,41.5871,-70.6321,2025-12-07,0.02,0.0
MA-BA-2,Falmouth 3.1 NNW,41.5871,-70.6321,2025-12-08,0.0,0.0
MA-BA-2,Falmouth 3.1 NNW,41.5871,-70.6321,2025-12-09,0.0,0.0
MA-BA-2,Falmouth 3.1 NNW,41.5871,-70.6321,2025-12-10,0.03,0.06692913485558953
MA-BA-2,Falmouth 3.1 NNW,41.5871,-70.6321,2025-12-11,0.0,0.019685039663408687
MA-BA-2,Falmouth 3.1 NNW,41.5871,-70.6321,2025-12-12,0.0,0.0
MA-BA-2,Falmouth 3.1 NNW,41.5871,-70.6321,2025-12-13,0.0,0.0
MA-BA-2,Falmouth 3.1 NNW,41.5871,-70.6321,2025-12-14,0.17,0.3543307139413564
MA-BA-2,Falmouth 3.1 NNW,41.5871,-70.6321,2025-12-15,0.16,0.01574803173072695
MA-BA-2,Falmouth 3.1 NNW,41.5871,-70.6321,2025-12-16,0.0,0.0
MA-BA-2,Falmouth 3.1 NNW,41.5871,-70.6321,2025-12-17,0.0,0.0
MA-BA-2,Falmouth 3.1 NNW,41.5871,-70.6321,2025-12-18,0.0,0.0
MA-BA-2,Falmouth 3.1 NNW,41.5871,-70.6321,2025-12-19,0.11,0.5826771740368971
MA-BA-2,Falmouth 3.1 NNW,41.5871,-70.6321,2025-12-20,0.38,0.0314960634614539
MA-BA-2,Falmouth 3.1 NNW,41.5871,-70.6321,2025-12-21,0.0,0.0
MA-BA-2,Falmouth 3.1 NNW,41.5871,-70.6321,2025-12-22,0.0,0.0
MA-BA-2,Falmouth 3.1 NNW,41.5871,-70.6321,2025-12-23,0.0,0.04724409519218085
MA-BA-2,Falmouth 3.1 NNW,41.5871,-70.6321,2025-12-24,0.12,0.06692913485558954
MA-BA-2,Falmouth 3.1 NNW,41.5871,-70.6321,2025-12-25,0.0,0.0
MA-BA-2,Falmouth 3.1 NNW,41.5871,-70.6321,2025-12-26,0.0,0.0
MA-BA-2,Falmouth 3.1 NNW,41.5871,-70.6321,2025-12-27,0.27,0.1889763807687234
MA-BA-2,Falmouth 3.1 NNW,41.5871,-70.6321,2025-12-28,0.01,0.0
MA-BA-2,Falmouth 3.1 NNW,41.5871,-70.6321,2025-12-29,0.31,0.4370078805276729
MA-BA-2,Falmouth 3.1 NNW,41.5871,-70.6321,2025-12-30,0.21,0.0
MA-BA-2,Falmouth 3.1 NNW,41.5871,-70.6321,2025-12-31,0.0,0.0
MA-BA-3,Falmouth 3.0 E,41.553061,-70.550358,2025-01-01,0.49,0.5472441026427616
MA-BA-3,Falmouth 3.0 E,41.553061,-70.550358,2025-01-02,0.18,0.16141732523995123
MA-BA-3,Falmouth 3.0 E,41.553061,-70.550358,2025-01-03,0.0,0.0
MA-BA-3,Falmouth 3.0 E,41.553061,-70.550358,2025-01-04,0.0,0.0
MA-BA-3,Falmouth 3.0 E,41.553061,-70.550358,2025-01-05,0.0,0.0
MA-BA-3,Falmouth 3.0 E,41.553061,-70.550358,2025-01-06,0.0,0.0
MA-BA-3,Falmouth 3.0 E,41.553061,-70.550358,2025-01-07,0.0,0.0
MA-BA-3,Falmouth 3.0 E,41.553061,-70.550358,2025-01-08,0.0,0.0
MA-BA-3,Falmouth 3.0 E,41.553061,-70.550358,2025-01-09,0.0,0.0
MA-BA-3,Falmouth 3.0 E,41.553061,-70.550358,2025-01-10,0.0,0.0
MA-BA-3,Falmouth 3.0 E,41.553061,-70.550358,2025-01-11,0.0,0.11811023798045213
MA-BA-3,Falmouth 3.0 E,41.553061,-70.550358,2025-01-12,0.07,0.01574803173072695
MA-BA-3,Falmouth 3.0 E,41.553061,-70.550358,2025-01-13,0.0,0.0
MA-BA-3,Falmouth 3.0 E,41.553061,-70.550358,2025-01-14,0.0,0.0
MA-BA-3,Falmouth 3.0 E,41.553061,-70.550358,2025-01-15,0.0,0.0
MA-BA-3,Falmouth 3.0 E,41.553061,-70.550358,2025-01-16,0.0,0.0
MA-BA-3,Falmouth 3.0 E,41.553061,-70.550358,2025-01-17,0.01,0.003937007932681738
MA-BA-3,Falmouth 3.0 E,41.553061,-70.550358,2025-01-18,0.0,0.09842519831704344
MA-BA-3,Falmouth 3.0 E,41.553061,-70.550358,2025-01-19,0.47,0.3661417377394017
MA-BA-3,Falmouth 3.0 E,41.553061,-70.550358,2025-01-20,0.48,0.2677165394223581
MA-BA-3,Falmouth 3.0 E,41.553061,-70.550358,2025-01-21,0.0,0.0
MA-BA-3,Falmouth 3.0 E,41.553061,-70.550358,2025-01-22,0.0,0.01574803173072695
MA-BA-3,Falmouth 3.0 E,41.553061,-70.550358,2025-01-23,0.0,0.0
MA-BA-3,Falmouth 3.0 E,41.553061,-70.550358,2025-01-24,0.0,0.0
MA-BA-3,Falmouth 3.0 E,41.553061,-70.550358,2025-01-25,0.0,0.0
MA-BA-3,Falmouth 3.0 E,41.553061,-70.550358,2025-01-26,0.0,0.0
MA-BA-3,Falmouth 3.0 E,41.553061,-70.550358,2025-01-27,0.0,0.0
MA-BA-3,Falmouth 3.0 E,41.553061,-70.550358,2025-01-28,0.0,0.0
MA-BA-3,Falmouth 3.0 E,41.553061,-70.550358,2025-01-29,0.0,0.007874015865363475
MA-BA-3,Falmouth 3.0 E,41.553061,-70.550358,2025-01-30,0.0,0.0
MA-BA-3,Falmouth 3.0 E,41.553061,-70.550358,2025-01-31,0.0,0.2086614204321321
MA-BA-3,Falmouth 3.0 E,41.553061,-70.550358,2025-02-01,0.66,0.4448818963930363
MA-BA-3,Falmouth 3.0 E,41.553061,-70.550358,2025-02-02,0.03,0.0
MA-BA-3,Falmouth 3.0 E,41.553061,-70.550358,2025-02-03,0.18,0.14566929350922428
MA-BA-3,Falmouth 3.0 E,41.553061,-70.550358,2025-02-04,0.0,0.0
MA-BA-3,Falmouth 3.0 E,41.553061,-70.550358,2025-02-05,0.0,0.0
MA-BA-3,Falmouth 3.0 E,41.553061,-70.550358,2025-02-06,0.0,0.22834646009554077
MA-BA-3,Falmouth 3.0 E,41.553061,-70.550358,2025-02-07,0.22,0.0
MA-BA-3,Falmouth 3.0 E,41.553061,-70.550358,2025-02-08,0.0,0.0
MA-BA-3,Falmouth 3.0 E,41.553061,-70.550358,2025-02-09,0.48,0.30708661874917553
MA-BA-3,Falmouth 3.0 E,41.553061,-70.550358,2025-02-10,0.01,0.0
MA-BA-3,Falmouth 3.0 E,41.553061,-70.550358,2025-02-11,0.0,0.0
MA-BA-3,Falmouth 3.0 E,41.553061,-70.550358,2025-02-12,0.03,0.07874015865363475
MA-BA-3,Falmouth 3.0 E,41.553061,-70.550358,2025-02-13,0.18,0.1692913411053147
MA-BA-3,Falmouth 3.0 E,41.553061,-70.550358,2025-02-14,0.12,0.0
MA-BA-3,Falmouth 3.0 E,41.553061,-70.550358,2025-02-15,0.0,0.0
MA-BA-3,Falmouth 3.0 E,41.553061,-70.550358,2025-02-16,0.56,1.2165354511986568
MA-BA-3,Falmouth 3.0 E,41.553061,-70.550358,2025-02-17,0.93,0.0
MA-BA-3,Falmouth 3.0 E,41.553061,-70.550358,2025-02-18,0.0,0.0
MA-BA-3,Falmouth 3.0 E,41.553061,-70.550358,2025-02-19,0.0,0.0
MA-BA-3,Falmouth 3.0 E,41.553061,-70.550358,2025-02-20,0.0,0.0
MA-BA-3,Falmouth 3.0 E,41.553061,-70.550358,2025-02-21,0.0,0.0
MA-BA-3,Falmouth 3.0 E,41.553061,-70.550358,2025-02-22,0.0,0.0
MA-BA-3,Falmouth 3.0 E,41.553061,-70.550358,2025-02-23,0.0,0.0
MA-BA-3,Falmouth 3.0 E,41.553061,-70.550358,2025-02-24,0.0,0.0
MA-BA-3,Falmouth 3.0 E,41.553061,-70.550358,2025-02-25,0.0,0.0
MA-BA-3,Falmouth 3.0 E,41.553061,-70.550358,2025-02-26,0.0,0.0
MA-BA-3,Falmouth 3.0 E,41.553061,-70.550358,2025-02-27,0.01,0.07874015865363475
MA-BA-3,Falmouth 3.0 E,41.553061,-70.550358,2025-02-28,0.06,0.047244095192180854
MA-BA-3,Falmouth 3.0 E,41.553061,-70.550358,2025-03-01,0.0,0.0
MA-BA-3,Falmouth 3.0 E,41.553061,-70.550358,2025-03-02,0.0,0.0
MA-BA-3,Falmouth 3.0 E,41.553061,-70.550358,2025-03-03,0.0,0.0
MA-BA-3,Falmouth 3.0 E,41.553061,-70.550358,2025-03-04,0.0,0.0
MA-BA-3,Falmouth 3.0 E,41.553061,-70.550358,2025-03-05,0.0,0.0
MA-BA-3,Falmouth 3.0 E,41.553061,-70.550358,2025-03-06,0.77,0.5590551264408067
MA-BA-3,Falmouth 3.0 E,41.553061,-70.550358,2025-03-07,0.03,0.039370079326817374
MA-BA-3,Falmouth 3.0 E,41.553061,-70.550358,2025-03-08,0.0,0.0
MA-BA-3,Falmouth 3.0 E,41.553061,-70.550358,2025-03-09,0.0,0.0
MA-BA-3,Falmouth 3.0 E,41.553061,-70.550358,2025-03-10,0.0,0.0
MA-BA-3,Falmouth 3.0 E,41.553061,-70.550358,2025-03-11,0.0,0.0
MA-BA-3,Falmouth 3.0 E,41.553061,-70.550358,2025-03-12,0.0,0.0
MA-BA-3,Falmouth 3.0 E,41.553061,-70.550358,2025-03-13,0.0,0.0
MA-BA-3,Falmouth 3.0 E,41.553061,-70.550358,2025-03-14,0.0,0.0
MA-BA-3,Falmouth 3.0 E,41.553061,-70.550358,2025-03-15,0.0,0.0
MA-BA-3,Falmouth 3.0 E,41.553061,-70.550358,2025-03-16,0.0,0.0
MA-BA-3,Falmouth 3.0 E,41.553061,-70.550358,2025-03-17,0.18,1.799212625235554
MA-BA-3,Falmouth 3.0 E,41.553061,-70.550358,2025-03-18,2.15,0.1692913411053147
MA-BA-3,Falmouth 3.0 E,41.553061,-70.550358,2025-03-19,0.0,0.0
MA-BA-3,Falmouth 3.0 E,41.553061,-70.550358,2025-03-20,0.0,0.0
MA-BA-3,Falmouth 3.0 E,41.553061,-70.550358,2025-03-21,0.44,0.3543307139413563
MA-BA-3,Falmouth 3.0 E,41.553061,-70.550358,2025-03-22,0.05,0.0
MA-BA-3,Falmouth 3.0 E,41.553061,-70.550358,2025-03-23,0.0,0.0
MA-BA-3,Falmouth 3.0 E,41.553061,-70.550358,2025-03-24,0.0,0.27559055528772164
MA-BA-3,Falmouth 3.0 E,41.553061,-70.550358,2025-03-25,0.49,0.1574803173072695
MA-BA-3,Falmouth 3.0 E,41.553061,-70.550358,2025-03-26,0.0,0.011811023798045212
MA-BA-3,Falmouth 3.0 E,41.553061,-70.550358,2025-03-27,0.03,0.011811023798045212
MA-BA-3,Falmouth 3.0 E,41.553061,-70.550358,2025-03-28,0.0,0.0
MA-BA-3,Falmouth 3.0 E,41.553061,-70.550358,2025-03-29,0.06,0.027559055528772164
MA-BA-3,Falmouth 3.0 E,41.553061,-70.550358,2025-03-30,0.1,0.09055118245167997
MA-BA-3,Falmouth 3.0 E,41.553061,-70.550358,2025-03-31,0.01,0.003937007932681738
MA-BA-3,Falmouth 3.0 E,41.553061,-70.550358,2025-04-01,0.4,0.31102362668185723
MA-BA-3,Falmouth 3.0 E,41.553061,-70.550358,2025-04-02,0.05,0.02755905552877216
MA-BA-3,Falmouth 3.0 E,41.553061,-70.550358,2025-04-03,0.13,0.31102362668185723
MA-BA-3,Falmouth 3.0 E,41.553061,-70.550358,2025-04-04,0.18,0.0
MA-BA-3,Falmouth 3.0 E,41.553061,-70.550358,2025-04-05,0.0,0.08661417451899822
MA-BA-3,Falmouth 3.0 E,41.553061,-70.550358,2025-04-06,0.78,0.5039370153832624
MA-BA-3,Falmouth 3.0 E,41.553061,-70.550358,2025-04-07,0.02,0.23622047596090423
MA-BA-3,Falmouth 3.0 E,41.553061,-70.550358,2025-04-08,0.57,0.2519685076916312
MA-BA-3,Falmouth 3.0 E,41.553061,-70.550358,2025-04-09,0.01,0.0
MA-BA-3,Falmouth 3.0 E,41.553061,-70.550358,2025-04-10,0.0,0.0
MA-BA-3,Falmouth 3.0 E,41.553061,-70.550358,2025-04-11,0.06,0.12204724591313386
MA-BA-3,Falmouth 3.0 E,41.553061,-70.550358,2025-04-12,0.27,0.2952755949511303
MA-BA-3,Falmouth 3.0 E,41.553061,-70.550358,2025-04-13,0.18,0.795275602401711
MA-BA-3,Falmouth 3.0 E,41.553061,-70.550358,2025-04-14,0.65,0.01574803173072695
MA-BA-3,Falmouth 3.0 E,41.553061,-70.550358,2025-04-15,0.09,0.08661417451899822
MA-BA-3,Falmouth 3.0 E,41.553061,-70.550358,2025-04-16,0.02,0.0
MA-BA-3,Falmouth 3.0 E,41.553061,-70.550358,2025-04-17,0.0,0.0
MA-BA-3,Falmouth 3.0 E,41.553061,-70.550358,2025-04-18,0.0,0.0
MA-BA-3,Falmouth 3.0 E,41.553061,-70.550358,2025-04-19,0.0,0.003937007932681738
MA-BA-3,Falmouth 3.0 E,41.553061,-70.550358,2025-04-20,0.0,0.0
MA-BA-3,Falmouth 3.0 E,41.553061,-70.550358,2025-04-21,0.0,0.0
MA-BA-3,Falmouth 3.0 E,41.553061,-70.550358,2025-04-22,0.09,0.07480315072095302
MA-BA-3,Falmouth 3.0 E,41.553061,-70.550358,2025-04-23,0.0,0.0
MA-BA-3,Falmouth 3.0 E,41.553061,-70.550358,2025-04-24,0.0,0.0
MA-BA-3,Falmouth 3.0 E,41.553061,-70.550358,2025-04-25,0.0,0.0
MA-BA-3,Falmouth 3.0 E,41.553061,-70.550358,2025-04-26,0.0,0.7165354437480763
MA-BA-3,Falmouth 3.0 E,41.553061,-70.550358,2025-04-27,1.27,0.27952756322040334
MA-BA-3,Falmouth 3.0 E,41.553061,-70.550358,2025-04-28,0.0,0.0
MA-BA-3,Falmouth 3.0 E,41.553061,-70.550358,2025-04-29,0.0,0.0
MA-BA-3,Falmouth 3.0 E,41.553061,-70.550358,2025-04-30,0.0,0.0
MA-BA-3,Falmouth 3.0 E,41.553061,-70.550358,2025-05-01,0.0,0.0
MA-BA-3,Falmouth 3.0 E,41.553061,-70.550358,2025-05-02,0.53,0.6102362295656693
MA-BA-3,Falmouth 3.0 E,41.553061,-70.550358,2025-05-03,0.22,0.0
MA-BA-3,Falmouth 3.0 E,41.553061,-70.550358,2025-05-04,0.0,0.0
MA-BA-3,Falmouth 3.0 E,41.553061,-70.550358,2025-05-05,0.26,0.13385826971117906
MA-BA-3,Falmouth 3.0 E,41.553061,-70.550358,2025-05-06,0.0,0.05905511899022606
MA-BA-3,Falmouth 3.0 E,41.553061,-70.550358,2025-05-07,0.08,0.007874015865363475
MA-BA-3,Falmouth 3.0 E,41.553061,-70.550358,2025-05-08,0.0,0.0
MA-BA-3,Falmouth 3.0 E,41.553061,-70.550358,2025-05-09,0.0,0.5669291423061702
MA-BA-3,Falmouth 3.0 E,41.553061,-70.550358,2025-05-10,1.2,0.5000000074505807
MA-BA-3,Falmouth 3.0 E,41.553061,-70.550358,2025-05-11,0.0,0.0
MA-BA-3,Falmouth 3.0 E,41.553061,-70.550358,2025-05-12,0.0,0.0
MA-BA-3,Falmouth 3.0 E,41.553061,-70.550358,2025-05-13,0.0,0.0
MA-BA-3,Falmouth 3.0 E,41.553061,-70.550358,2025-05-14,0.0,0.0
MA-BA-3,Falmouth 3.0 E,41.553061,-70.550358,2025-05-15,0.0,0.03543307139413564
MA-BA-3,Falmouth 3.0 E,41.553061,-70.550358,2025-05-16,0.06,0.0
MA-BA-3,Falmouth 3.0 E,41.553061,-70.550358,2025-05-17,0.0,0.0
MA-BA-3,Falmouth 3.0 E,41.553061,-70.550358,2025-05-18,0.01,0.0
MA-BA-3,Falmouth 3.0 E,41.553061,-70.550358,2025-05-19,0.0,0.0
MA-BA-3,Falmouth 3.0 E,41.553061,-70.550358,2025-05-20,0.0,0.0
MA-BA-3,Falmouth 3.0 E,41.553061,-70.550358,2025-05-21,0.0,0.0
MA-BA-3,Falmouth 3.0 E,41.553061,-70.550358,2025-05-22,0.04,2.0196850694657313
MA-BA-3,Falmouth 3.0 E,41.553061,-70.550358,2025-05-23,4.37,1.3385826971117902
MA-BA-3,Falmouth 3.0 E,41.553061,-70.550358,2025-05-24,0.01,0.039370079326817374
MA-BA-3,Falmouth 3.0 E,41.553061,-70.550358,2025-05-25,0.02,0.0
MA-BA-3,Falmouth 3.0 E,41.553061,-70.550358,2025-05-26,0.0,0.0
MA-BA-3,Falmouth 3.0 E,41.553061,-70.550358,2025-05-27,0.0,0.0
MA-BA-3,Falmouth 3.0 E,41.553061,-70.550358,2025-05-28,0.0,0.0
MA-BA-3,Falmouth 3.0 E,41.553061,-70.550358,2025-05-29,0.14,0.17716535697067823
MA-BA-3,Falmouth 3.0 E,41.553061,-70.550358,2025-05-30,0.07,0.0
MA-BA-3,Falmouth 3.0 E,41.553061,-70.550358,2025-05-31,0.45,0.29133858701844856
MA-BA-3,Falmouth 3.0 E,41.553061,-70.550358,2025-06-01,0.0,0.0
MA-BA-3,Falmouth 3.0 E,41.553061,-70.550358,2025-06-02,0.0,0.0
MA-BA-3,Falmouth 3.0 E,41.553061,-70.550358,2025-06-03,0.0,0.0
MA-BA-3,Falmouth 3.0 E,41.553061,-70.550358,2025-06-04,0.0,0.0
MA-BA-3,Falmouth 3.0 E,41.553061,-70.550358,2025-06-05,0.0,0.0
MA-BA-3,Falmouth 3.0 E,41.553061,-70.550358,2025-06-06,0.0,0.0
MA-BA-3,Falmouth 3.0 E,41.553061,-70.550358,2025-06-07,0.0,0.08661417451899822
MA-BA-3,Falmouth 3.0 E,41.553061,-70.550358,2025-06-08,0.07,0.0
MA-BA-3,Falmouth 3.0 E,41.553061,-70.550358,2025-06-09,0.0,0.0
MA-BA-3,Falmouth 3.0 E,41.553061,-70.550358,2025-06-10,0.07,1.0590551338913872
MA-BA-3,Falmouth 3.0 E,41.553061,-70.550358,2025-06-11,0.97,0.0
MA-BA-3,Falmouth 3.0 E,41.553061,-70.550358,2025-06-12,0.0,0.0
MA-BA-3,Falmouth 3.0 E,41.553061,-70.550358,2025-06-13,0.0,0.0
MA-BA-3,Falmouth 3.0 E,41.553061,-70.550358,2025-06-14,0.0,0.09842519831704344
MA-BA-3,Falmouth 3.0 E,41.553061,-70.550358,2025-06-15,0.16,0.003937007932681738
MA-BA-3,Falmouth 3.0 E,41.553061,-70.550358,2025-06-16,0.0,0.0
MA-BA-3,Falmouth 3.0 E,41.553061,-70.550358,2025-06-17,0.02,0.007874015865363475
MA-BA-3,Falmouth 3.0 E,41.553061,-70.550358,2025-06-18,0.0,0.0
MA-BA-3,Falmouth 3.0 E,41.553061,-70.550358,2025-06-19,0.0,0.0
MA-BA-3,Falmouth 3.0 E,41.553061,-70.550358,2025-06-20,0.0,0.0
MA-BA-3,Falmouth 3.0 E,41.553061,-70.550358,2025-06-21,0.0,0.0
MA-BA-3,Falmouth 3.0 E,41.553061,-70.550358,2025-06-22,0.0,0.011811023798045214
MA-BA-3,Falmouth 3.0 E,41.553061,-70.550358,2025-06-23,0.0,0.0
MA-BA-3,Falmouth 3.0 E,41.553061,-70.550358,2025-06-24,0.0,0.0
MA-BA-3,Falmouth 3.0 E,41.553061,-70.550358,2025-06-25,0.0,0.0
MA-BA-3,Falmouth 3.0 E,41.553061,-70.550358,2025-06-26,0.0,0.0629921269229078
MA-BA-3,Falmouth 3.0 E,41.553061,-70.550358,2025-06-27,0.01,0.0
MA-BA-3,Falmouth 3.0 E,41.553061,-70.550358,2025-06-28,0.0,0.0
MA-BA-3,Falmouth 3.0 E,41.553061,-70.550358,2025-06-29,0.0,0.0
MA-BA-3,Falmouth 3.0 E,41.553061,-70.550358,2025-06-30,0.0,0.0
MA-BA-3,Falmouth 3.0 E,41.553061,-70.550358,2025-07-01,0.03,0.07874015865363475
MA-BA-3,Falmouth 3.0 E,41.553061,-70.550358,2025-07-02,0.07,0.04724409519218085
MA-BA-3,Falmouth 3.0 E,41.553061,-70.550358,2025-07-03,0.03,0.0
MA-BA-3,Falmouth 3.0 E,41.553061,-70.550358,2025-07-04,0.11,0.2559055156243129
MA-BA-3,Falmouth 3.0 E,41.553061,-70.550358,2025-07-05,0.0,0.0
MA-BA-3,Falmouth 3.0 E,41.553061,-70.550358,2025-07-06,0.0,0.0
MA-BA-3,Falmouth 3.0 E,41.553061,-70.550358,2025-07-07,0.0,0.011811023798045212
MA-BA-3,Falmouth 3.0 E,41.553061,-70.550358,2025-07-08,0.02,0.007874015865363475
MA-BA-3,Falmouth 3.0 E,41.553061,-70.550358,2025-07-09,1.08,0.8503937134592553
MA-BA-3,Falmouth 3.0 E,41.553061,-70.550358,2025-07-10,0.21,0.5629921343734884
MA-BA-3,Falmouth 3.0 E,41.553061,-70.550358,2025-07-11,0.48,0.0
MA-BA-3,Falmouth 3.0 E,41.553061,-70.550358,2025-07-12,0.0,0.0
MA-BA-3,Falmouth 3.0 E,41.553061,-70.550358,2025-07-13,0.0,0.0
MA-BA-3,Falmouth 3.0 E,41.553061,-70.550358,2025-07-14,0.0,0.0
MA-BA-3,Falmouth 3.0 E,41.553061,-70.550358,2025-07-15,0.1,0.07480315072095302
MA-BA-3,Falmouth 3.0 E,41.553061,-70.550358,2025-07-16,0.02,0.0
MA-BA-3,Falmouth 3.0 E,41.553061,-70.550358,2025-07-17,0.0,0.08267716658631649
MA-BA-3,Falmouth 3.0 E,41.553061,-70.550358,2025-07-18,0.06,0.0
MA-BA-3,Falmouth 3.0 E,41.553061,-70.550358,2025-07-19,0.0,0.0
MA-BA-3,Falmouth 3.0 E,41.553061,-70.550358,2025-07-20,0.0,0.011811023798045212
MA-BA-3,Falmouth 3.0 E,41.553061,-70.550358,2025-07-21,0.02,0.0
MA-BA-3,Falmouth 3.0 E,41.553061,-70.550358,2025-07-22,0.0,0.0
MA-BA-3,Falmouth 3.0 E,41.553061,-70.550358,2025-07-23,0.0,0.0
MA-BA-3,Falmouth 3.0 E,41.553061,-70.550358,2025-07-24,0.0,0.0
MA-BA-3,Falmouth 3.0 E,41.553061,-70.550358,2025-07-25,0.0,0.08267716658631649
MA-BA-3,Falmouth 3.0 E,41.553061,-70.550358,2025-07-26,0.02,0.0
MA-BA-3,Falmouth 3.0 E,41.553061,-70.550358,2025-07-27,0.0,0.02755905552877216
MA-BA-3,Falmouth 3.0 E,41.553061,-70.550358,2025-07-28,0.0,0.0
MA-BA-3,Falmouth 3.0 E,41.553061,-70.550358,2025-07-29,0.0,0.0
MA-BA-3,Falmouth 3.0 E,41.553061,-70.550358,2025-07-30,0.0,0.0
MA-BA-3,Falmouth 3.0 E,41.553061,-70.550358,2025-07-31,0.0,0.04724409519218085
MA-BA-3,Falmouth 3.0 E,41.553061,-70.550358,2025-08-01,0.17,0.25984252355699466
MA-BA-3,Falmouth 3.0 E,41.553061,-70.550358,2025-08-02,0.08,0.0
MA-BA-3,Falmouth 3.0 E,41.553061,-70.550358,2025-08-03,0.0,0.0
MA-BA-3,Falmouth 3.0 E,41.553061,-70.550358,2025-08-04,0.0,0.0
MA-BA-3,Falmouth 3.0 E,41.553061,-70.550358,2025-08-05,0.0,0.0
MA-BA-3,Falmouth 3.0 E,41.553061,-70.550358,2025-08-06,0.0,0.0
MA-BA-3,Falmouth 3.0 E,41.553061,-70.550358,2025-08-07,0.0,0.0
MA-BA-3,Falmouth 3.0 E,41.553061,-70.550358,2025-08-08,0.0,0.0
MA-BA-3,Falmouth 3.0 E,41.553061,-70.550358,2025-08-09,0.0,0.0
MA-BA-3,Falmouth 3.0 E,41.553061,-70.550358,2025-08-10,0.0,0.0
MA-BA-3,Falmouth 3.0 E,41.553061,-70.550358,2025-08-11,0.0,0.0
MA-BA-3,Falmouth 3.0 E,41.553061,-70.550358,2025-08-12,0.0,0.0
MA-BA-3,Falmouth 3.0 E,41.553061,-70.550358,2025-08-13,0.0,0.0
MA-BA-3,Falmouth 3.0 E,41.553061,-70.550358,2025-08-14,0.0,0.0
MA-BA-3,Falmouth 3.0 E,41.553061,-70.550358,2025-08-15,0.0,0.0
MA-BA-3,Falmouth 3.0 E,41.553061,-70.550358,2025-08-16,0.0,0.0
MA-BA-3,Falmouth 3.0 E,41.553061,-70.550358,2025-08-17,0.0,0.0
MA-BA-3,Falmouth 3.0 E,41.553061,-70.550358,2025-08-18,0.0,0.0
MA-BA-3,Falmouth 3.0 E,41.553061,-70.550358,2025-08-19,0.0,0.0
MA-BA-3,Falmouth 3.0 E,41.553061,-70.550358,2025-08-20,0.0,0.1889763807687234
MA-BA-3,Falmouth 3.0 E,41.553061,-70.550358,2025-08-21,1.5,1.2677165543235196
MA-BA-3,Falmouth 3.0 E,41.553061,-70.550358,2025-08-22,0.0,0.0
MA-BA-3,Falmouth 3.0 E,41.553061,-70.550358,2025-08-23,0.0,0.0
MA-BA-3,Falmouth 3.0 E,41.553061,-70.550358,2025-08-24,0.0,0.0
MA-BA-3,Falmouth 3.0 E,41.553061,-70.550358,2025-08-25,0.02,0.023622047596090424
MA-BA-3,Falmouth 3.0 E,41.553061,-70.550358,2025-08-26,0.04,0.0
MA-BA-3,Falmouth 3.0 E,41.553061,-70.550358,2025-08-27,0.0,0.0
MA-BA-3,Falmouth 3.0 E,41.553061,-70.550358,2025-08-28,0.0,0.0
MA-BA-3,Falmouth 3.0 E,41.553061,-70.550358,2025-08-29,0.0,0.0
MA-BA-3,Falmouth 3.0 E,41.553061,-70.550358,2025-08-30,0.36,0.38188976947012854
MA-BA-3,Falmouth 3.0 E,41.553061,-70.550358,2025-08-31,0.0,0.0
MA-BA-3,Falmouth 3.0 E,41.553061,-70.550358,2025-09-01,0.0,0.0
MA-BA-3,Falmouth 3.0 E,41.553061,-70.550358,2025-09-02,0.0,0.0
MA-BA-3,Falmouth 3.0 E,41.553061,-70.550358,2025-09-03,0.0,0.0
MA-BA-3,Falmouth 3.0 E,41.553061,-70.550358,2025-09-04,0.0,0.0
MA-BA-3,Falmouth 3.0 E,41.553061,-70.550358,2025-09-05,0.0,0.0
MA-BA-3,Falmouth 3.0 E,41.553061,-70.550358,2025-09-06,0.0,0.0
MA-BA-3,Falmouth 3.0 E,41.553061,-70.550358,2025-09-07,0.0,0.5275590629793528
MA-BA-3,Falmouth 3.0 E,41.553061,-70.550358,2025-09-08,0.57,0.01574803173072695
MA-BA-3,Falmouth 3.0 E,41.553061,-70.550358,2025-09-09,0.0,0.0
MA-BA-3,Falmouth 3.0 E,41.553061,-70.550358,2025-09-10,0.0,0.007874015865363475
MA-BA-3,Falmouth 3.0 E,41.553061,-70.550358,2025-09-11,0.0,0.0
MA-BA-3,Falmouth 3.0 E,41.553061,-70.550358,2025-09-12,0.0,0.0
MA-BA-3,Falmouth 3.0 E,41.553061,-70.550358,2025-09-13,0.0,0.0
MA-BA-3,Falmouth 3.0 E,41.553061,-70.550358,2025-09-14,0.0,0.0
MA-BA-3,Falmouth 3.0 E,41.553061,-70.550358,2025-09-15,0.0,0.0
MA-BA-3,Falmouth 3.0 E,41.553061,-70.550358,2025-09-16,0.0,0.0
MA-BA-3,Falmouth 3.0 E,41.553061,-70.550358,2025-09-17,0.0,0.16141732523995123
MA-BA-3,Falmouth 3.0 E,41.553061,-70.550358,2025-09-18,0.66,0.374015753604765
MA-BA-3,Falmouth 3.0 E,41.553061,-70.550358,2025-09-19,0.0,0.0
MA-BA-3,Falmouth 3.0 E,41.553061,-70.550358,2025-09-20,0.0,0.0
MA-BA-3,Falmouth 3.0 E,41.553061,-70.550358,2025-09-21,0.0,0.0
MA-BA-3,Falmouth 3.0 E,41.553061,-70.550358,2025-09-22,0.0,0.0
MA-BA-3,Falmouth 3.0 E,41.553061,-70.550358,2025-09-23,0.0,0.0
MA-BA-3,Falmouth 3.0 E,41.553061,-70.550358,2025-09-24,0.0,1.1929134036025661
MA-BA-3,Falmouth 3.0 E,41.553061,-70.550358,2025-09-25,1.36,1.6062992365341489
MA-BA-3,Falmouth 3.0 E,41.553061,-70.550358,2025-09-26,0.25,0.007874015865363475
MA-BA-3,Falmouth 3.0 E,41.553061,-70.550358,2025-09-27,0.0,0.0
MA-BA-3,Falmouth 3.0 E,41.553061,-70.550358,2025-09-28,0.11,0.09055118245167997
MA-BA-3,Falmouth 3.0 E,41.553061,-70.550358,2025-09-29,0.0,0.0
MA-BA-3,Falmouth 3.0 E,41.553061,-70.550358,2025-09-30,0.0,0.0
MA-BA-3,Falmouth 3.0 E,41.553061,-70.550358,2025-10-01,0.0,0.0
MA-BA-3,Falmouth 3.0 E,41.553061,-70.550358,2025-10-02,0.0,0.0
MA-BA-3,Falmouth 3.0 E,41.553061,-70.550358,2025-10-03,0.0,0.0
MA-BA-3,Falmouth 3.0 E,41.553061,-70.550358,2025-10-04,0.0,0.0
MA-BA-3,Falmouth 3.0 E,41.553061,-70.550358,2025-10-05,0.0,0.0
MA-BA-3,Falmouth 3.0 E,41.553061,-70.550358,2025-10-06,0.0,0.0
MA-BA-3,Falmouth 3.0 E,41.553061,-70.550358,2025-10-07,0.0,0.0
MA-BA-3,Falmouth 3.0 E,41.553061,-70.550358,2025-10-08,0.0,0.8385826896612099
MA-BA-3,Falmouth 3.0 E,41.553061,-70.550358,2025-10-09,0.94,0.0
MA-BA-3,Falmouth 3.0 E,41.553061,-70.550358,2025-10-10,0.0,0.0
MA-BA-3,Falmouth 3.0 E,41.553061,-70.550358,2025-10-11,0.0,0.0
MA-BA-3,Falmouth 3.0 E,41.553061,-70.550358,2025-10-12,0.0,0.7637795389402569
MA-BA-3,Falmouth 3.0 E,41.553061,-70.550358,2025-10-13,2.07,1.7992126252355534
MA-BA-3,Falmouth 3.0 E,41.553061,-70.550358,2025-10-14,0.97,0.9212598562475266
MA-BA-3,Falmouth 3.0 E,41.553061,-70.550358,2025-10-15,0.57,0.0
MA-BA-3,Falmouth 3.0 E,41.553061,-70.550358,2025-10-16,0.0,0.0
MA-BA-3,Falmouth 3.0 E,41.553061,-70.550358,2025-10-17,0.0,0.0
MA-BA-3,Falmouth 3.0 E,41.553061,-70.550358,2025-10-18,0.0,0.0
MA-BA-3,Falmouth 3.0 E,41.553061,-70.550358,2025-10-19,0.0,0.0
MA-BA-3,Falmouth 3.0 E,41.553061,-70.550358,2025-10-20,0.0,0.5196850471139893
MA-BA-3,Falmouth 3.0 E,41.553061,-70.550358,2025-10-21,0.49,0.0
MA-BA-3,Falmouth 3.0 E,41.553061,-70.550358,2025-10-22,0.0,0.023622047596090424
MA-BA-3,Falmouth 3.0 E,41.553061,-70.550358,2025-10-23,0.03,0.0
MA-BA-3,Falmouth 3.0 E,41.553061,-70.550358,2025-10-24,0.0,0.0
MA-BA-3,Falmouth 3.0 E,41.553061,-70.550358,2025-10-25,0.0,0.0
MA-BA-3,Falmouth 3.0 E,41.553061,-70.550358,2025-10-26,0.0,0.0
MA-BA-3,Falmouth 3.0 E,41.553061,-70.550358,2025-10-27,0.0,0.0
MA-BA-3,Falmouth 3.0 E,41.553061,-70.550358,2025-10-28,0.0,0.007874015865363475
MA-BA-3,Falmouth 3.0 E,41.553061,-70.550358,2025-10-29,0.0,0.0314960634614539
MA-BA-3,Falmouth 3.0 E,41.553061,-70.550358,2025-10-30,0.05,0.05905511899022606
MA-BA-3,Falmouth 3.0 E,41.553061,-70.550358,2025-10-31,1.17,1.1732283639391579
MA-BA-3,Falmouth 3.0 E,41.553061,-70.550358,2025-11-01,0.0,0.0
MA-BA-3,Falmouth 3.0 E,41.553061,-70.550358,2025-11-02,0.0,0.0
MA-BA-3,Falmouth 3.0 E,41.553061,-70.550358,2025-11-03,0.0,0.240157483893586
MA-BA-3,Falmouth 3.0 E,41.553061,-70.550358,2025-11-04,0.23,0.15354330937458777
MA-BA-3,Falmouth 3.0 E,41.553061,-70.550358,2025-11-05,0.0,0.0
MA-BA-3,Falmouth 3.0 E,41.553061,-70.550358,2025-11-06,0.0,0.05511811105754432
MA-BA-3,Falmouth 3.0 E,41.553061,-70.550358,2025-11-07,0.0,0.0
MA-BA-3,Falmouth 3.0 E,41.553061,-70.550358,2025-11-08,0.2,0.21259842836481382
MA-BA-3,Falmouth 3.0 E,41.553061,-70.550358,2025-11-09,0.03,1.275590570188883
MA-BA-3,Falmouth 3.0 E,41.553061,-70.550358,2025-11-10,1.92,0.6535433168251684
MA-BA-3,Falmouth 3.0 E,41.553061,-70.550358,2025-11-11,0.23,0.02755905552877216
MA-BA-3,Falmouth 3.0 E,41.553061,-70.550358,2025-11-12,0.0,0.0
MA-BA-3,Falmouth 3.0 E,41.553061,-70.550358,2025-11-13,0.0,0.01574803173072695
MA-BA-3,Falmouth 3.0 E,41.553061,-70.550358,2025-11-14,0.01,0.0
MA-BA-3,Falmouth 3.0 E,41.553061,-70.550358,2025-11-15,0.0,0.0
MA-BA-3,Falmouth 3.0 E,41.553061,-70.550358,2025-11-16,0.81,0.7716535548056205
MA-BA-3,Falmouth 3.0 E,41.553061,-70.550358,2025-11-17,0.0,0.0
MA-BA-3,Falmouth 3.0 E,41.553061,-70.550358,2025-11-18,0.0,0.0
MA-BA-3,Falmouth 3.0 E,41.553061,-70.550358,2025-11-19,0.0,0.0
MA-BA-3,Falmouth 3.0 E,41.553061,-70.550358,2025-11-20,0.0,0.0
MA-BA-3,Falmouth 3.0 E,41.553061,-70.550358,2025-11-21,0.0,0.0
MA-BA-3,Falmouth 3.0 E,41.553061,-70.550358,2025-11-22,0.03,0.18503937283604166
MA-BA-3,Falmouth 3.0 E,41.553061,-70.550358,2025-11-23,0.17,0.01574803173072695
MA-BA-3,Falmouth 3.0 E,41.553061,-70.550358,2025-11-24,0.02,0.011811023798045212
MA-BA-3,Falmouth 3.0 E,41.553061,-70.550358,2025-11-25,0.0,0.0
MA-BA-3,Falmouth 3.0 E,41.553061,-70.550358,2025-11-26,0.21,0.22440945216285904
MA-BA-3,Falmouth 3.0 E,41.553061,-70.550358,2025-11-27,0.05,0.007874015865363475
MA-BA-3,Falmouth 3.0 E,41.553061,-70.550358,2025-11-28,0.0,0.0
MA-BA-3,Falmouth 3.0 E,41.553061,-70.550358,2025-11-29,0.0,0.0
MA-BA-3,Falmouth 3.0 E,41.553061,-70.550358,2025-11-30,0.0,0.0629921269229078
MA-BA-3,Falmouth 3.0 E,41.553061,-70.550358,2025-12-01,0.27,0.3622047298067198
MA-BA-3,Falmouth 3.0 E,41.553061,-70.550358,2025-12-02,0.0,0.539370086777398
MA-BA-3,Falmouth 3.0 E,41.553061,-70.550358,2025-12-03,0.94,0.3385826822106294
MA-BA-3,Falmouth 3.0 E,41.553061,-70.550358,2025-12-04,0.0,0.0
MA-BA-3,Falmouth 3.0 E,41.553061,-70.550358,2025-12-05,0.0,0.0
MA-BA-3,Falmouth 3.0 E,41.553061,-70.550358,2025-12-06,0.0,0.039370079326817374
MA-BA-3,Falmouth 3.0 E,41.553061,-70.550358,2025-12-07,0.04,0.0
MA-BA-3,Falmouth 3.0 E,41.553061,-70.550358,2025-12-08,0.0,0.0
MA-BA-3,Falmouth 3.0 E,41.553061,-70.550358,2025-12-09,0.0,0.0
MA-BA-3,Falmouth 3.0 E,41.553061,-70.550358,2025-12-10,0.02,0.03543307139413564
MA-BA-3,Falmouth 3.0 E,41.553061,-70.550358,2025-12-11,0.0,0.023622047596090424
MA-BA-3,Falmouth 3.0 E,41.553061,-70.550358,2025-12-12,0.0,0.0
MA-BA-3,Falmouth 3.0 E,41.553061,-70.550358,2025-12-13,0.0,0.0
MA-BA-3,Falmouth 3.0 E,41.553061,-70.550358,2025-12-14,0.15,0.3425196901433112
MA-BA-3,Falmouth 3.0 E,41.553061,-70.550358,2025-12-15,0.14,0.011811023798045214
MA-BA-3,Falmouth 3.0 E,41.553061,-70.550358,2025-12-16,0.0,0.0
MA-BA-3,Falmouth 3.0 E,41.553061,-70.550358,2025-12-17,0.0,0.0
MA-BA-3,Falmouth 3.0 E,41.553061,-70.550358,2025-12-18,0.0,0.0
MA-BA-3,Falmouth 3.0 E,41.553061,-70.550358,2025-12-19,0.06,0.523622055046671
MA-BA-3,Falmouth 3.0 E,41.553061,-70.550358,2025-12-20,0.41,0.011811023798045214
MA-BA-3,Falmouth 3.0 E,41.553061,-70.550358,2025-12-21,0.0,0.0
MA-BA-3,Falmouth 3.0 E,41.553061,-70.550358,2025-12-23,0.0,0.051181103124862584
MA-BA-3,Falmouth 3.0 E,41.553061,-70.550358,2025-12-24,0.12,0.08267716658631648
MA-BA-3,Falmouth 3.0 E,41.553061,-70.550358,2025-12-25,0.0,0.0
MA-BA-3,Falmouth 3.0 E,41.553061,-70.550358,2025-12-26,0.0,0.0
MA-BA-3,Falmouth 3.0 E,41.553061,-70.550358,2025-12-27,0.23,0.19291338870140518
MA-BA-3,Falmouth 3.0 E,41.553061,-70.550358,2025-12-28,0.0,0.0
MA-BA-3,Falmouth 3.0 E,41.553061,-70.550358,2025-12-29,0.27,0.4921259915852172
MA-BA-3,Falmouth 3.0 E,41.553061,-70.550358,2025-12-30,0.25,0.0
MA-BA-3,Falmouth 3.0 E,41.553061,-70.550358,2025-12-31,0.0,0.0
MA-BA-17,East Falmouth 1.2 WNW,41.582808,-70.580293,2025-01-01,0.48,0.5944881978349422
MA-BA-17,East Falmouth 1.2 WNW,41.582808,-70.580293,2025-01-02,0.1,0.17322834903799644
MA-BA-17,East Falmouth 1.2 WNW,41.582808,-70.580293,2025-01-03,0.0,0.0
MA-BA-17,East Falmouth 1.2 WNW,41.582808,-70.580293,2025-01-04,0.0,0.0
MA-BA-17,East Falmouth 1.2 WNW,41.582808,-70.580293,2025-01-05,0.0,0.0
MA-BA-17,East Falmouth 1.2 WNW,41.582808,-70.580293,2025-01-06,0.0,0.0
MA-BA-17,East Falmouth 1.2 WNW,41.582808,-70.580293,2025-01-08,0.0,0.0
MA-BA-17,East Falmouth 1.2 WNW,41.582808,-70.580293,2025-01-09,0.0,0.0
MA-BA-17,East Falmouth 1.2 WNW,41.582808,-70.580293,2025-01-10,0.0,0.0
MA-BA-17,East Falmouth 1.2 WNW,41.582808,-70.580293,2025-01-11,0.01,0.12204724591313387
MA-BA-17,East Falmouth 1.2 WNW,41.582808,-70.580293,2025-01-12,0.06,0.01574803173072695
MA-BA-17,East Falmouth 1.2 WNW,41.582808,-70.580293,2025-01-13,0.0,0.0
MA-BA-17,East Falmouth 1.2 WNW,41.582808,-70.580293,2025-01-14,0.0,0.0
MA-BA-17,East Falmouth 1.2 WNW,41.582808,-70.580293,2025-01-15,0.0,0.0
MA-BA-17,East Falmouth 1.2 WNW,41.582808,-70.580293,2025-01-16,0.0,0.0
MA-BA-17,East Falmouth 1.2 WNW,41.582808,-70.580293,2025-01-17,0.2,0.011811023798045212
MA-BA-17,East Falmouth 1.2 WNW,41.582808,-70.580293,2025-01-18,0.0,0.12204724591313386
MA-BA-17,East Falmouth 1.2 WNW,41.582808,-70.580293,2025-01-19,0.49,0.3700787456720834
MA-BA-17,East Falmouth 1.2 WNW,41.582808,-70.580293,2025-01-20,0.36,0.2834645711530851
MA-BA-17,East Falmouth 1.2 WNW,41.582808,-70.580293,2025-01-21,0.0,0.0
MA-BA-17,East Falmouth 1.2 WNW,41.582808,-70.580293,2025-01-22,0.03,0.011811023798045212
MA-BA-17,East Falmouth 1.2 WNW,41.582808,-70.580293,2025-01-23,0.0,0.0
MA-BA-17,East Falmouth 1.2 WNW,41.582808,-70.580293,2025-01-24,0.0,0.0
MA-BA-17,East Falmouth 1.2 WNW,41.582808,-70.580293,2025-01-25,0.0,0.0
MA-BA-17,East Falmouth 1.2 WNW,41.582808,-70.580293,2025-01-26,0.0,0.0
MA-BA-17,East Falmouth 1.2 WNW,41.582808,-70.580293,2025-01-27,0.0,0.0
MA-BA-17,East Falmouth 1.2 WNW,41.582808,-70.580293,2025-01-28,0.0,0.0
MA-BA-17,East Falmouth 1.2 WNW,41.582808,-70.580293,2025-01-29,0.0,0.011811023798045212
MA-BA-17,East Falmouth 1.2 WNW,41.582808,-70.580293,2025-01-30,0.0,0.0
MA-BA-17,East Falmouth 1.2 WNW,41.582808,-70.580293,2025-01-31,0.0,0.224409452162859
MA-BA-17,East Falmouth 1.2 WNW,41.582808,-70.580293,2025-02-01,0.63,0.44881890432571814
MA-BA-17,East Falmouth 1.2 WNW,41.582808,-70.580293,2025-02-02,0.03,0.0
MA-BA-17,East Falmouth 1.2 WNW,41.582808,-70.580293,2025-02-03,0.2,0.1574803173072695
MA-BA-17,East Falmouth 1.2 WNW,41.582808,-70.580293,2025-02-04,0.0,0.0
MA-BA-17,East Falmouth 1.2 WNW,41.582808,-70.580293,2025-02-05,0.0,0.0
MA-BA-17,East Falmouth 1.2 WNW,41.582808,-70.580293,2025-02-06,0.0,0.24803149975894945
MA-BA-17,East Falmouth 1.2 WNW,41.582808,-70.580293,2025-02-07,0.24,0.0
MA-BA-17,East Falmouth 1.2 WNW,41.582808,-70.580293,2025-02-08,0.0,0.0
MA-BA-17,East Falmouth 1.2 WNW,41.582808,-70.580293,2025-02-09,0.83,0.314960634614539
MA-BA-17,East Falmouth 1.2 WNW,41.582808,-70.580293,2025-02-10,0.0,0.0
MA-BA-17,East Falmouth 1.2 WNW,41.582808,-70.580293,2025-02-11,0.0,0.0
MA-BA-17,East Falmouth 1.2 WNW,41.582808,-70.580293,2025-02-12,0.03,0.059055118990226065
MA-BA-17,East Falmouth 1.2 WNW,41.582808,-70.580293,2025-02-13,0.18,0.16535433317263296
MA-BA-17,East Falmouth 1.2 WNW,41.582808,-70.580293,2025-02-14,0.06,0.0
MA-BA-17,East Falmouth 1.2 WNW,41.582808,-70.580293,2025-02-15,0.0,0.0
MA-BA-17,East Falmouth 1.2 WNW,41.582808,-70.580293,2025-02-16,0.69,1.3740157685059264
MA-BA-17,East Falmouth 1.2 WNW,41.582808,-70.580293,2025-02-17,0.92,0.0
MA-BA-17,East Falmouth 1.2 WNW,41.582808,-70.580293,2025-02-18,0.0,0.0
MA-BA-17,East Falmouth 1.2 WNW,41.582808,-70.580293,2025-02-19,0.0,0.0
MA-BA-17,East Falmouth 1.2 WNW,41.582808,-70.580293,2025-02-20,0.0,0.0
MA-BA-17,East Falmouth 1.2 WNW,41.582808,-70.580293,2025-02-21,0.01,0.0
MA-BA-17,East Falmouth 1.2 WNW,41.582808,-70.580293,2025-02-22,0.0,0.0
MA-BA-17,East Falmouth 1.2 WNW,41.582808,-70.580293,2025-02-23,0.0,0.0
MA-BA-17,East Falmouth 1.2 WNW,41.582808,-70.580293,2025-02-24,0.0,0.0
MA-BA-17,East Falmouth 1.2 WNW,41.582808,-70.580293,2025-02-25,0.0,0.0
MA-BA-17,East Falmouth 1.2 WNW,41.582808,-70.580293,2025-02-26,0.0,0.0
MA-BA-17,East Falmouth 1.2 WNW,41.582808,-70.580293,2025-02-27,0.0,0.10236220624972518
MA-BA-17,East Falmouth 1.2 WNW,41.582808,-70.580293,2025-02-28,0.04,0.04330708725949911
MA-BA-17,East Falmouth 1.2 WNW,41.582808,-70.580293,2025-03-01,0.0,0.0
MA-BA-17,East Falmouth 1.2 WNW,41.582808,-70.580293,2025-03-02,0.0,0.0
MA-BA-17,East Falmouth 1.2 WNW,41.582808,-70.580293,2025-03-03,0.0,0.0
MA-BA-17,East Falmouth 1.2 WNW,41.582808,-70.580293,2025-03-04,0.0,0.0
MA-BA-17,East Falmouth 1.2 WNW,41.582808,-70.580293,2025-03-05,0.0,0.0
MA-BA-17,East Falmouth 1.2 WNW,41.582808,-70.580293,2025-03-08,0.0,0.0
MA-BA-17,East Falmouth 1.2 WNW,41.582808,-70.580293,2025-03-09,0.0,0.0
MA-BA-17,East Falmouth 1.2 WNW,41.582808,-70.580293,2025-03-10,0.0,0.0
MA-BA-17,East Falmouth 1.2 WNW,41.582808,-70.580293,2025-03-11,0.0,0.0
MA-BA-17,East Falmouth 1.2 WNW,41.582808,-70.580293,2025-03-12,0.0,0.0
MA-BA-17,East Falmouth 1.2 WNW,41.582808,-70.580293,2025-03-13,0.0,0.0
MA-BA-17,East Falmouth 1.2 WNW,41.582808,-70.580293,2025-03-14,0.0,0.0
MA-BA-17,East Falmouth 1.2 WNW,41.582808,-70.580293,2025-03-15,0.0,0.0
MA-BA-17,East Falmouth 1.2 WNW,41.582808,-70.580293,2025-03-16,0.0,0.0
MA-BA-17,East Falmouth 1.2 WNW,41.582808,-70.580293,2025-03-17,0.24,1.842519712495053
MA-BA-17,East Falmouth 1.2 WNW,41.582808,-70.580293,2025-03-18,1.79,0.16535433317263296
MA-BA-17,East Falmouth 1.2 WNW,41.582808,-70.580293,2025-03-19,0.0,0.0
MA-BA-17,East Falmouth 1.2 WNW,41.582808,-70.580293,2025-03-20,0.0,0.0
MA-BA-17,East Falmouth 1.2 WNW,41.582808,-70.580293,2025-03-21,0.38,0.37007874567208326
MA-BA-17,East Falmouth 1.2 WNW,41.582808,-70.580293,2025-03-22,0.04,0.0
MA-BA-17,East Falmouth 1.2 WNW,41.582808,-70.580293,2025-03-23,0.0,0.0
MA-BA-17,East Falmouth 1.2 WNW,41.582808,-70.580293,2025-03-24,0.0,0.32677165841258415
MA-BA-17,East Falmouth 1.2 WNW,41.582808,-70.580293,2025-03-25,0.47,0.19685039663408688
MA-BA-17,East Falmouth 1.2 WNW,41.582808,-70.580293,2025-03-26,0.0,0.003937007932681738
MA-BA-17,East Falmouth 1.2 WNW,41.582808,-70.580293,2025-03-27,0.0,0.01574803173072695
MA-BA-17,East Falmouth 1.2 WNW,41.582808,-70.580293,2025-03-28,0.0,0.0
MA-BA-17,East Falmouth 1.2 WNW,41.582808,-70.580293,2025-03-29,0.06,0.01968503966340869
MA-BA-17,East Falmouth 1.2 WNW,41.582808,-70.580293,2025-03-30,0.08,0.08267716658631648
MA-BA-17,East Falmouth 1.2 WNW,41.582808,-70.580293,2025-03-31,0.01,0.01574803173072695
MA-BA-17,East Falmouth 1.2 WNW,41.582808,-70.580293,2025-04-01,0.18,0.29527559495113026
MA-BA-17,East Falmouth 1.2 WNW,41.582808,-70.580293,2025-04-02,0.04,0.02755905552877216
MA-BA-17,East Falmouth 1.2 WNW,41.582808,-70.580293,2025-04-12,0.3,0.2992126028838121
MA-BA-17,East Falmouth 1.2 WNW,41.582808,-70.580293,2025-04-13,0.13,0.751968515142212
MA-BA-17,East Falmouth 1.2 WNW,41.582808,-70.580293,2025-04-14,0.39,0.01574803173072695
MA-BA-17,East Falmouth 1.2 WNW,41.582808,-70.580293,2025-04-15,0.11,0.09055118245167995
MA-BA-17,East Falmouth 1.2 WNW,41.582808,-70.580293,2025-04-16,0.02,0.0
MA-BA-17,East Falmouth 1.2 WNW,41.582808,-70.580293,2025-04-17,0.0,0.0
MA-BA-17,East Falmouth 1.2 WNW,41.582808,-70.580293,2025-04-18,0.0,0.0
MA-BA-17,East Falmouth 1.2 WNW,41.582808,-70.580293,2025-04-19,0.0,0.0
MA-BA-17,East Falmouth 1.2 WNW,41.582808,-70.580293,2025-04-20,0.0,0.0
MA-BA-17,East Falmouth 1.2 WNW,41.582808,-70.580293,2025-04-21,0.0,0.0
MA-BA-17,East Falmouth 1.2 WNW,41.582808,-70.580293,2025-04-22,0.07,0.07874015865363475
MA-BA-17,East Falmouth 1.2 WNW,41.582808,-70.580293,2025-04-23,0.0,0.0
MA-BA-17,East Falmouth 1.2 WNW,41.582808,-70.580293,2025-04-24,0.0,0.0
MA-BA-17,East Falmouth 1.2 WNW,41.582808,-70.580293,2025-04-25,0.0,0.0
MA-BA-17,East Falmouth 1.2 WNW,41.582808,-70.580293,2025-04-26,0.0,0.6850393802866223
MA-BA-17,East Falmouth 1.2 WNW,41.582808,-70.580293,2025-04-27,1.06,0.2716535473550399
MA-BA-17,East Falmouth 1.2 WNW,41.582808,-70.580293,2025-04-28,0.0,0.0
MA-BA-17,East Falmouth 1.2 WNW,41.582808,-70.580293,2025-04-29,0.0,0.0
MA-BA-17,East Falmouth 1.2 WNW,41.582808,-70.580293,2025-04-30,0.0,0.0
MA-BA-17,East Falmouth 1.2 WNW,41.582808,-70.580293,2025-05-01,0.0,0.0
MA-BA-17,East Falmouth 1.2 WNW,41.582808,-70.580293,2025-05-02,0.55,0.4685039439891267
MA-BA-17,East Falmouth 1.2 WNW,41.582808,-70.580293,2025-05-03,0.0,0.0
MA-BA-17,East Falmouth 1.2 WNW,41.582808,-70.580293,2025-05-04,0.0,0.0
MA-BA-17,East Falmouth 1.2 WNW,41.582808,-70.580293,2025-05-05,0.15,0.12992126177849733
MA-BA-17,East Falmouth 1.2 WNW,41.582808,-70.580293,2025-05-06,0.0,0.07874015865363475
MA-BA-17,East Falmouth 1.2 WNW,41.582808,-70.580293,2025-05-07,0.11,0.007874015865363475
MA-BA-17,East Falmouth 1.2 WNW,41.582808,-70.580293,2025-05-08,0.0,0.0
MA-BA-17,East Falmouth 1.2 WNW,41.582808,-70.580293,2025-05-09,0.0,0.6023622137003058
MA-BA-17,East Falmouth 1.2 WNW,41.582808,-70.580293,2025-05-10,1.31,0.4527559122583998
MA-BA-17,East Falmouth 1.2 WNW,41.582808,-70.580293,2025-05-11,0.0,0.0
MA-BA-17,East Falmouth 1.2 WNW,41.582808,-70.580293,2025-05-12,0.0,0.0
MA-BA-17,East Falmouth 1.2 WNW,41.582808,-70.580293,2025-05-13,0.0,0.0
MA-BA-17,East Falmouth 1.2 WNW,41.582808,-70.580293,2025-05-14,0.0,0.0
MA-BA-17,East Falmouth 1.2 WNW,41.582808,-70.580293,2025-05-15,0.0,0.05511811105754433
MA-BA-17,East Falmouth 1.2 WNW,41.582808,-70.580293,2025-05-16,0.07,0.0
MA-BA-17,East Falmouth 1.2 WNW,41.582808,-70.580293,2025-05-17,0.0,0.0
MA-BA-17,East Falmouth 1.2 WNW,41.582808,-70.580293,2025-05-18,0.0,0.0
MA-BA-17,East Falmouth 1.2 WNW,41.582808,-70.580293,2025-05-19,0.0,0.0
MA-BA-17,East Falmouth 1.2 WNW,41.582808,-70.580293,2025-05-20,0.0,0.0
MA-BA-17,East Falmouth 1.2 WNW,41.582808,-70.580293,2025-05-21,0.0,0.0
MA-BA-17,East Falmouth 1.2 WNW,41.582808,-70.580293,2025-05-22,0.02,1.9842519980715954
MA-BA-17,East Falmouth 1.2 WNW,41.582808,-70.580293,2025-05-23,4.03,1.602362228601467
MA-BA-17,East Falmouth 1.2 WNW,41.582808,-70.580293,2025-05-24,0.0,0.03543307139413564
MA-BA-17,East Falmouth 1.2 WNW,41.582808,-70.580293,2025-05-25,0.0,0.0
MA-BA-17,East Falmouth 1.2 WNW,41.582808,-70.580293,2025-05-26,0.0,0.0
MA-BA-17,East Falmouth 1.2 WNW,41.582808,-70.580293,2025-05-27,0.0,0.0
MA-BA-17,East Falmouth 1.2 WNW,41.582808,-70.580293,2025-05-28,0.0,0.0
MA-BA-17,East Falmouth 1.2 WNW,41.582808,-70.580293,2025-05-29,0.16,0.17322834903799644
MA-BA-17,East Falmouth 1.2 WNW,41.582808,-70.580293,2025-05-30,0.08,0.0
MA-BA-17,East Falmouth 1.2 WNW,41.582808,-70.580293,2025-05-31,0.36,0.2519685076916312
MA-BA-17,East Falmouth 1.2 WNW,41.582808,-70.580293,2025-06-01,0.0,0.0
MA-BA-17,East Falmouth 1.2 WNW,41.582808,-70.580293,2025-06-02,0.0,0.0
MA-BA-17,East Falmouth 1.2 WNW,41.582808,-70.580293,2025-06-03,0.0,0.0
MA-BA-17,East Falmouth 1.2 WNW,41.582808,-70.580293,2025-06-04,0.0,0.0
MA-BA-17,East Falmouth 1.2 WNW,41.582808,-70.580293,2025-06-05,0.0,0.0
MA-BA-17,East Falmouth 1.2 WNW,41.582808,-70.580293,2025-06-06,0.0,0.0
MA-BA-17,East Falmouth 1.2 WNW,41.582808,-70.580293,2025-06-07,0.0,0.1062992141824069
MA-BA-17,East Falmouth 1.2 WNW,41.582808,-70.580293,2025-06-08,0.05,0.0
MA-BA-17,East Falmouth 1.2 WNW,41.582808,-70.580293,2025-06-09,0.0,0.0
MA-BA-17,East Falmouth 1.2 WNW,41.582808,-70.580293,2025-06-10,0.1,0.9645669435070257
MA-BA-17,East Falmouth 1.2 WNW,41.582808,-70.580293,2025-06-11,0.72,0.0
MA-BA-17,East Falmouth 1.2 WNW,41.582808,-70.580293,2025-06-12,0.0,0.0
MA-BA-17,East Falmouth 1.2 WNW,41.582808,-70.580293,2025-06-13,0.0,0.0
MA-BA-17,East Falmouth 1.2 WNW,41.582808,-70.580293,2025-06-14,0.0,0.09055118245167997
MA-BA-17,East Falmouth 1.2 WNW,41.582808,-70.580293,2025-06-15,0.21,0.007874015865363475
MA-BA-17,East Falmouth 1.2 WNW,41.582808,-70.580293,2025-06-16,0.0,0.0
MA-BA-17,East Falmouth 1.2 WNW,41.582808,-70.580293,2025-06-17,0.0,0.0
MA-BA-17,East Falmouth 1.2 WNW,41.582808,-70.580293,2025-06-18,0.0,0.0
MA-BA-17,East Falmouth 1.2 WNW,41.582808,-70.580293,2025-06-19,0.0,0.0
MA-BA-17,East Falmouth 1.2 WNW,41.582808,-70.580293,2025-06-20,0.0,0.0
MA-BA-17,East Falmouth 1.2 WNW,41.582808,-70.580293,2025-06-21,0.0,0.0
MA-BA-17,East Falmouth 1.2 WNW,41.582808,-70.580293,2025-06-22,0.0,0.011811023798045214
MA-BA-17,East Falmouth 1.2 WNW,41.582808,-70.580293,2025-06-23,0.0,0.0
MA-BA-17,East Falmouth 1.2 WNW,41.582808,-70.580293,2025-06-24,0.0,0.0
MA-BA-17,East Falmouth 1.2 WNW,41.582808,-70.580293,2025-06-25,0.0,0.0
MA-BA-17,East Falmouth 1.2 WNW,41.582808,-70.580293,2025-06-26,0.0,0.04330708725949911
MA-BA-17,East Falmouth 1.2 WNW,41.582808,-70.580293,2025-06-27,0.02,0.0
MA-BA-17,East Falmouth 1.2 WNW,41.582808,-70.580293,2025-06-28,0.0,0.003937007932681738
MA-BA-17,East Falmouth 1.2 WNW,41.582808,-70.580293,2025-06-29,0.0,0.0
MA-BA-17,East Falmouth 1.2 WNW,41.582808,-70.580293,2025-06-30,0.0,0.0
MA-BA-17,East Falmouth 1.2 WNW,41.582808,-70.580293,2025-07-01,0.04,0.04724409519218085
MA-BA-17,East Falmouth 1.2 WNW,41.582808,-70.580293,2025-07-02,0.01,0.039370079326817374
MA-BA-17,East Falmouth 1.2 WNW,41.582808,-70.580293,2025-07-03,0.02,0.0
MA-BA-17,East Falmouth 1.2 WNW,41.582808,-70.580293,2025-07-04,0.0,0.11811023798045212
MA-BA-17,East Falmouth 1.2 WNW,41.582808,-70.580293,2025-07-05,0.0,0.0
MA-BA-17,East Falmouth 1.2 WNW,41.582808,-70.580293,2025-07-06,0.0,0.0
MA-BA-17,East Falmouth 1.2 WNW,41.582808,-70.580293,2025-07-07,0.0,0.04724409519218085
MA-BA-17,East Falmouth 1.2 WNW,41.582808,-70.580293,2025-07-08,0.08,0.0
MA-BA-17,East Falmouth 1.2 WNW,41.582808,-70.580293,2025-07-09,0.91,0.74803150720953
MA-BA-17,East Falmouth 1.2 WNW,41.582808,-70.580293,2025-07-10,0.22,0.47244095192180846
MA-BA-17,East Falmouth 1.2 WNW,41.582808,-70.580293,2025-07-11,0.23,0.0
MA-BA-17,East Falmouth 1.2 WNW,41.582808,-70.580293,2025-07-12,0.0,0.0
MA-BA-17,East Falmouth 1.2 WNW,41.582808,-70.580293,2025-07-13,0.0,0.0
MA-BA-17,East Falmouth 1.2 WNW,41.582808,-70.580293,2025-07-14,0.0,0.0
MA-BA-17,East Falmouth 1.2 WNW,41.582808,-70.580293,2025-07-15,0.02,0.07086614278827129
MA-BA-17,East Falmouth 1.2 WNW,41.582808,-70.580293,2025-07-16,0.1,0.0
MA-BA-17,East Falmouth 1.2 WNW,41.582808,-70.580293,2025-07-17,0.0,0.051181103124862584
MA-BA-17,East Falmouth 1.2 WNW,41.582808,-70.580293,2025-07-18,0.03,0.0
MA-BA-17,East Falmouth 1.2 WNW,41.582808,-70.580293,2025-07-19,0.0,0.0
MA-BA-17,East Falmouth 1.2 WNW,41.582808,-70.580293,2025-07-20,0.0,0.023622047596090424
MA-BA-17,East Falmouth 1.2 WNW,41.582808,-70.580293,2025-07-21,0.01,0.0
MA-BA-17,East Falmouth 1.2 WNW,41.582808,-70.580293,2025-07-22,0.0,0.0
MA-BA-17,East Falmouth 1.2 WNW,41.582808,-70.580293,2025-07-23,0.0,0.0
MA-BA-17,East Falmouth 1.2 WNW,41.582808,-70.580293,2025-07-24,0.0,0.0
MA-BA-17,East Falmouth 1.2 WNW,41.582808,-70.580293,2025-07-25,0.0,0.09055118245167995
MA-BA-17,East Falmouth 1.2 WNW,41.582808,-70.580293,2025-07-26,0.02,0.0
MA-BA-17,East Falmouth 1.2 WNW,41.582808,-70.580293,2025-07-27,0.0,0.0314960634614539
MA-BA-17,East Falmouth 1.2 WNW,41.582808,-70.580293,2025-07-28,0.0,0.0
MA-BA-17,East Falmouth 1.2 WNW,41.582808,-70.580293,2025-07-29,0.0,0.0
MA-BA-17,East Falmouth 1.2 WNW,41.582808,-70.580293,2025-07-30,0.0,0.0
MA-BA-17,East Falmouth 1.2 WNW,41.582808,-70.580293,2025-07-31,0.0,0.0629921269229078
MA-BA-17,East Falmouth 1.2 WNW,41.582808,-70.580293,2025-08-01,0.29,0.3070866187491756
MA-BA-17,East Falmouth 1.2 WNW,41.582808,-70.580293,2025-08-02,0.1,0.0
MA-BA-17,East Falmouth 1.2 WNW,41.582808,-70.580293,2025-08-03,0.0,0.0
MA-BA-17,East Falmouth 1.2 WNW,41.582808,-70.580293,2025-08-04,0.0,0.0
MA-BA-17,East Falmouth 1.2 WNW,41.582808,-70.580293,2025-08-05,0.0,0.0
MA-BA-17,East Falmouth 1.2 WNW,41.582808,-70.580293,2025-08-06,0.0,0.0
MA-BA-17,East Falmouth 1.2 WNW,41.582808,-70.580293,2025-08-07,0.0,0.0
MA-BA-17,East Falmouth 1.2 WNW,41.582808,-70.580293,2025-08-08,0.0,0.0
MA-BA-17,East Falmouth 1.2 WNW,41.582808,-70.580293,2025-08-09,0.0,0.0
MA-BA-17,East Falmouth 1.2 WNW,41.582808,-70.580293,2025-08-10,0.0,0.0
MA-BA-17,East Falmouth 1.2 WNW,41.582808,-70.580293,2025-08-11,0.0,0.0
MA-BA-17,East Falmouth 1.2 WNW,41.582808,-70.580293,2025-08-12,0.0,0.0
MA-BA-17,East Falmouth 1.2 WNW,41.582808,-70.580293,2025-08-13,0.0,0.0
MA-BA-17,East Falmouth 1.2 WNW,41.582808,-70.580293,2025-08-14,0.0,0.0
MA-BA-17,East Falmouth 1.2 WNW,41.582808,-70.580293,2025-08-15,0.0,0.0
MA-BA-17,East Falmouth 1.2 WNW,41.582808,-70.580293,2025-08-16,0.0,0.0
MA-BA-17,East Falmouth 1.2 WNW,41.582808,-70.580293,2025-08-17,0.0,0.0
MA-BA-17,East Falmouth 1.2 WNW,41.582808,-70.580293,2025-08-18,0.0,0.0
MA-BA-17,East Falmouth 1.2 WNW,41.582808,-70.580293,2025-08-19,0.0,0.0
MA-BA-17,East Falmouth 1.2 WNW,41.582808,-70.580293,2025-08-20,0.0,0.17716535697067817
MA-BA-17,East Falmouth 1.2 WNW,41.582808,-70.580293,2025-08-21,1.51,1.212598443265975
MA-BA-17,East Falmouth 1.2 WNW,41.582808,-70.580293,2025-08-22,0.0,0.0
MA-BA-17,East Falmouth 1.2 WNW,41.582808,-70.580293,2025-08-23,0.0,0.0
MA-BA-17,East Falmouth 1.2 WNW,41.582808,-70.580293,2025-08-24,0.0,0.0
MA-BA-17,East Falmouth 1.2 WNW,41.582808,-70.580293,2025-08-25,0.0,0.019685039663408687
MA-BA-17,East Falmouth 1.2 WNW,41.582808,-70.580293,2025-08-26,0.02,0.0
MA-BA-17,East Falmouth 1.2 WNW,41.582808,-70.580293,2025-08-27,0.0,0.0
MA-BA-17,East Falmouth 1.2 WNW,41.582808,-70.580293,2025-08-28,0.0,0.0
MA-BA-17,East Falmouth 1.2 WNW,41.582808,-70.580293,2025-08-29,0.0,0.0
MA-BA-17,East Falmouth 1.2 WNW,41.582808,-70.580293,2025-08-30,0.26,0.45275591225839973
MA-BA-17,East Falmouth 1.2 WNW,41.582808,-70.580293,2025-08-31,0.0,0.0
MA-BA-17,East Falmouth 1.2 WNW,41.582808,-70.580293,2025-09-01,0.0,0.0
MA-BA-17,East Falmouth 1.2 WNW,41.582808,-70.580293,2025-09-02,0.0,0.0
MA-BA-17,East Falmouth 1.2 WNW,41.582808,-70.580293,2025-09-03,0.0,0.0
MA-BA-17,East Falmouth 1.2 WNW,41.582808,-70.580293,2025-09-04,0.0,0.0
MA-BA-17,East Falmouth 1.2 WNW,41.582808,-70.580293,2025-09-05,0.0,0.0
MA-BA-17,East Falmouth 1.2 WNW,41.582808,-70.580293,2025-09-06,0.0,0.0
MA-BA-17,East Falmouth 1.2 WNW,41.582808,-70.580293,2025-09-07,0.0,0.5787401661042153
MA-BA-17,East Falmouth 1.2 WNW,41.582808,-70.580293,2025-09-08,0.42,0.007874015865363475
MA-BA-17,East Falmouth 1.2 WNW,41.582808,-70.580293,2025-09-09,0.0,0.0
MA-BA-17,East Falmouth 1.2 WNW,41.582808,-70.580293,2025-09-10,0.0,0.0
MA-BA-17,East Falmouth 1.2 WNW,41.582808,-70.580293,2025-09-11,0.0,0.0
MA-BA-17,East Falmouth 1.2 WNW,41.582808,-70.580293,2025-09-12,0.0,0.0
MA-BA-17,East Falmouth 1.2 WNW,41.582808,-70.580293,2025-09-13,0.0,0.0
MA-BA-17,East Falmouth 1.2 WNW,41.582808,-70.580293,2025-09-14,0.0,0.0
MA-BA-17,East Falmouth 1.2 WNW,41.582808,-70.580293,2025-09-15,0.0,0.0
MA-BA-17,East Falmouth 1.2 WNW,41.582808,-70.580293,2025-09-16,0.0,0.0
MA-BA-17,East Falmouth 1.2 WNW,41.582808,-70.580293,2025-09-17,0.0,0.14566929350922428
MA-BA-17,East Falmouth 1.2 WNW,41.582808,-70.580293,2025-09-29,0.0,0.0
MA-BA-17,East Falmouth 1.2 WNW,41.582808,-70.580293,2025-09-30,0.0,0.0
MA-BA-17,East Falmouth 1.2 WNW,41.582808,-70.580293,2025-10-01,0.0,0.0
MA-BA-17,East Falmouth 1.2 WNW,41.582808,-70.580293,2025-10-02,0.0,0.0
MA-BA-17,East Falmouth 1.2 WNW,41.582808,-70.580293,2025-10-03,0.0,0.0
MA-BA-17,East Falmouth 1.2 WNW,41.582808,-70.580293,2025-10-04,0.0,0.0
MA-BA-17,East Falmouth 1.2 WNW,41.582808,-70.580293,2025-10-05,0.0,0.0
MA-BA-17,East Falmouth 1.2 WNW,41.582808,-70.580293,2025-10-06,0.0,0.0
MA-BA-17,East Falmouth 1.2 WNW,41.582808,-70.580293,2025-10-07,0.0,0.0
MA-BA-17,East Falmouth 1.2 WNW,41.582808,-70.580293,2025-10-08,0.0,0.7755905627383022
MA-BA-17,East Falmouth 1.2 WNW,41.582808,-70.580293,2025-10-09,0.53,0.0
MA-BA-17,East Falmouth 1.2 WNW,41.582808,-70.580293,2025-10-10,0.0,0.0
MA-BA-17,East Falmouth 1.2 WNW,41.582808,-70.580293,2025-10-11,0.0,0.0
MA-BA-17,East Falmouth 1.2 WNW,41.582808,-70.580293,2025-10-12,0.0,0.7598425310075753
MA-BA-17,East Falmouth 1.2 WNW,41.582808,-70.580293,2025-10-13,2.41,1.8976378235525972
MA-BA-17,East Falmouth 1.2 WNW,41.582808,-70.580293,2025-10-14,1.28,0.826771665863165
MA-BA-17,East Falmouth 1.2 WNW,41.582808,-70.580293,2025-10-15,0.37,0.0
MA-BA-17,East Falmouth 1.2 WNW,41.582808,-70.580293,2025-10-16,0.0,0.0
MA-BA-17,East Falmouth 1.2 WNW,41.582808,-70.580293,2025-10-17,0.0,0.0
MA-BA-17,East Falmouth 1.2 WNW,41.582808,-70.580293,2025-10-18,0.0,0.0
MA-BA-17,East Falmouth 1.2 WNW,41.582808,-70.580293,2025-10-19,0.0,0.0
MA-BA-17,East Falmouth 1.2 WNW,41.582808,-70.580293,2025-10-20,0.0,0.555118118508125
MA-BA-17,East Falmouth 1.2 WNW,41.582808,-70.580293,2025-10-21,0.54,0.0
MA-BA-17,East Falmouth 1.2 WNW,41.582808,-70.580293,2025-10-22,0.0,0.019685039663408687
MA-BA-17,East Falmouth 1.2 WNW,41.582808,-70.580293,2025-10-23,0.03,0.0
MA-BA-17,East Falmouth 1.2 WNW,41.582808,-70.580293,2025-10-24,0.0,0.0
MA-BA-17,East Falmouth 1.2 WNW,41.582808,-70.580293,2025-10-25,0.0,0.0
MA-BA-17,East Falmouth 1.2 WNW,41.582808,-70.580293,2025-10-26,0.0,0.0
MA-BA-17,East Falmouth 1.2 WNW,41.582808,-70.580293,2025-10-27,0.0,0.0
MA-BA-17,East Falmouth 1.2 WNW,41.582808,-70.580293,2025-10-28,0.0,0.03543307139413564
MA-BA-17,East Falmouth 1.2 WNW,41.582808,-70.580293,2025-10-29,0.03,0.0314960634614539
MA-BA-17,East Falmouth 1.2 WNW,41.582808,-70.580293,2025-10-30,0.04,0.05511811105754432
MA-BA-17,East Falmouth 1.2 WNW,41.582808,-70.580293,2025-10-31,1.56,1.2283464749967021
MA-BA-17,East Falmouth 1.2 WNW,41.582808,-70.580293,2025-11-01,0.0,0.0
MA-BA-17,East Falmouth 1.2 WNW,41.582808,-70.580293,2025-11-02,0.0,0.0
MA-BA-17,East Falmouth 1.2 WNW,41.582808,-70.580293,2025-11-03,0.0,0.23622047596090423
MA-BA-17,East Falmouth 1.2 WNW,41.582808,-70.580293,2025-11-04,0.25,0.12992126177849733
MA-BA-17,East Falmouth 1.2 WNW,41.582808,-70.580293,2025-11-05,0.0,0.0
MA-BA-17,East Falmouth 1.2 WNW,41.582808,-70.580293,2025-11-06,0.02,0.0629921269229078
MA-BA-17,East Falmouth 1.2 WNW,41.582808,-70.580293,2025-11-07,0.0,0.0
MA-BA-17,East Falmouth 1.2 WNW,41.582808,-70.580293,2025-11-11,0.33,0.02755905552877216
MA-BA-17,East Falmouth 1.2 WNW,41.582808,-70.580293,2025-11-12,0.0,0.0
MA-BA-17,East Falmouth 1.2 WNW,41.582808,-70.580293,2025-11-13,0.0,0.019685039663408687
MA-BA-17,East Falmouth 1.2 WNW,41.582808,-70.580293,2025-11-14,0.0,0.0
MA-BA-17,East Falmouth 1.2 WNW,41.582808,-70.580293,2025-11-15,0.0,0.0
MA-BA-17,East Falmouth 1.2 WNW,41.582808,-70.580293,2025-11-16,0.78,0.7913385944690291
MA-BA-17,East Falmouth 1.2 WNW,41.582808,-70.580293,2025-11-17,0.0,0.0
MA-BA-17,East Falmouth 1.2 WNW,41.582808,-70.580293,2025-11-18,0.0,0.0
MA-BA-17,East Falmouth 1.2 WNW,41.582808,-70.580293,2025-11-19,0.0,0.0
MA-BA-17,East Falmouth 1.2 WNW,41.582808,-70.580293,2025-11-20,0.0,0.0
MA-BA-17,East Falmouth 1.2 WNW,41.582808,-70.580293,2025-11-21,0.0,0.0
MA-BA-17,East Falmouth 1.2 WNW,41.582808,-70.580293,2025-11-22,0.03,0.18897638076872336
MA-BA-17,East Falmouth 1.2 WNW,41.582808,-70.580293,2025-11-23,0.14,0.01574803173072695
MA-BA-17,East Falmouth 1.2 WNW,41.582808,-70.580293,2025-11-24,0.02,0.003937007932681738
MA-BA-17,East Falmouth 1.2 WNW,41.582808,-70.580293,2025-11-25,0.0,0.0
MA-BA-17,East Falmouth 1.2 WNW,41.582808,-70.580293,2025-11-26,0.25,0.22834646009554072
MA-BA-17,East Falmouth 1.2 WNW,41.582808,-70.580293,2025-11-27,0.05,0.011811023798045214
MA-BA-17,East Falmouth 1.2 WNW,41.582808,-70.580293,2025-11-28,0.0,0.0
MA-BA-17,East Falmouth 1.2 WNW,41.582808,-70.580293,2025-11-29,0.0,0.0
MA-BA-17,East Falmouth 1.2 WNW,41.582808,-70.580293,2025-11-30,0.0,0.0629921269229078
MA-BA-17,East Falmouth 1.2 WNW,41.582808,-70.580293,2025-12-01,,0.3346456742779476
MA-BA-17,East Falmouth 1.2 WNW,41.582808,-70.580293,2025-12-02,0.0,0.5433070947100798
MA-BA-17,East Falmouth 1.2 WNW,41.582808,-70.580293,2025-12-03,0.94,0.3661417377394016
MA-BA-17,East Falmouth 1.2 WNW,41.582808,-70.580293,2025-12-04,0.0,0.0
MA-BA-17,East Falmouth 1.2 WNW,41.582808,-70.580293,2025-12-05,0.0,0.0
MA-BA-17,East Falmouth 1.2 WNW,41.582808,-70.580293,2025-12-06,0.0,0.023622047596090424
MA-BA-17,East Falmouth 1.2 WNW,41.582808,-70.580293,2025-12-07,0.03,0.0
MA-BA-17,East Falmouth 1.2 WNW,41.582808,-70.580293,2025-12-08,0.0,0.0
MA-BA-17,East Falmouth 1.2 WNW,41.582808,-70.580293,2025-12-09,0.0,0.0
MA-BA-17,East Falmouth 1.2 WNW,41.582808,-70.580293,2025-12-10,0.02,0.04330708725949911
MA-BA-17,East Falmouth 1.2 WNW,41.582808,-70.580293,2025-12-11,0.0,0.023622047596090424
MA-BA-17,East Falmouth 1.2 WNW,41.582808,-70.580293,2025-12-12,0.0,0.0
MA-BA-17,East Falmouth 1.2 WNW,41.582808,-70.580293,2025-12-13,0.0,0.0
MA-BA-17,East Falmouth 1.2 WNW,41.582808,-70.580293,2025-12-16,0.0,0.0
MA-BA-17,East Falmouth 1.2 WNW,41.582808,-70.580293,2025-12-17,0.0,0.0
MA-BA-17,East Falmouth 1.2 WNW,41.582808,-70.580293,2025-12-18,0.0,0.0
MA-BA-17,East Falmouth 1.2 WNW,41.582808,-70.580293,2025-12-19,0.06,0.5708661502388519
MA-BA-17,East Falmouth 1.2 WNW,41.582808,-70.580293,2025-12-20,0.34,0.023622047596090427
MA-BA-17,East Falmouth 1.2 WNW,41.582808,-70.580293,2025-12-21,0.0,0.0
MA-BA-17,East Falmouth 1.2 WNW,41.582808,-70.580293,2025-12-22,0.0,0.0
MA-BA-17,East Falmouth 1.2 WNW,41.582808,-70.580293,2025-12-23,0.0,0.04330708725949911
MA-BA-17,East Falmouth 1.2 WNW,41.582808,-70.580293,2025-12-29,0.33,0.49212599158521714
MA-BA-17,East Falmouth 1.2 WNW,41.582808,-70.580293,2025-12-30,0.17,0.0
MA-BA-57,Falmouth 5.7 N,41.628365,-70.623234,2025-01-01,0.57,0.6259842612963962
MA-BA-57,Falmouth 5.7 N,41.628365,-70.623234,2025-01-02,0.08,0.16929134110531469
MA-BA-57,Falmouth 5.7 N,41.628365,-70.623234,2025-01-03,0.0,0.0
MA-BA-57,Falmouth 5.7 N,41.628365,-70.623234,2025-01-04,0.0,0.0
MA-BA-57,Falmouth 5.7 N,41.628365,-70.623234,2025-01-05,0.0,0.0
MA-BA-57,Falmouth 5.7 N,41.628365,-70.623234,2025-01-06,0.0,0.0
MA-BA-57,Falmouth 5.7 N,41.628365,-70.623234,2025-01-07,0.0,0.0
MA-BA-57,Falmouth 5.7 N,41.628365,-70.623234,2025-01-08,0.0,0.0
MA-BA-57,Falmouth 5.7 N,41.628365,-70.623234,2025-01-09,0.0,0.0
MA-BA-57,Falmouth 5.7 N,41.628365,-70.623234,2025-01-10,0.0,0.0
MA-BA-57,Falmouth 5.7 N,41.628365,-70.623234,2025-01-11,0.01,0.1259842538458156
MA-BA-57,Falmouth 5.7 N,41.628365,-70.623234,2025-01-12,0.1,0.01574803173072695
MA-BA-57,Falmouth 5.7 N,41.628365,-70.623234,2025-01-13,0.0,0.0
MA-BA-57,Falmouth 5.7 N,41.628365,-70.623234,2025-01-14,0.0,0.0
MA-BA-57,Falmouth 5.7 N,41.628365,-70.623234,2025-01-15,0.0,0.0
MA-BA-57,Falmouth 5.7 N,41.628365,-70.623234,2025-01-16,0.0,0.0
MA-BA-57,Falmouth 5.7 N,41.628365,-70.623234,2025-01-17,0.01,0.0
MA-BA-57,Falmouth 5.7 N,41.628365,-70.623234,2025-01-18,0.0,0.16535433317263298
MA-BA-57,Falmouth 5.7 N,41.628365,-70.623234,2025-01-19,0.48,0.36220472980671986
MA-BA-57,Falmouth 5.7 N,41.628365,-70.623234,2025-01-20,0.52,0.3346456742779477
MA-BA-57,Falmouth 5.7 N,41.628365,-70.623234,2025-01-21,0.0,0.0
MA-BA-57,Falmouth 5.7 N,41.628365,-70.623234,2025-01-22,0.01,0.003937007932681738
MA-BA-57,Falmouth 5.7 N,41.628365,-70.623234,2025-01-23,0.0,0.0
MA-BA-57,Falmouth 5.7 N,41.628365,-70.623234,2025-01-24,0.0,0.0
MA-BA-57,Falmouth 5.7 N,41.628365,-70.623234,2025-01-25,0.0,0.0
MA-BA-57,Falmouth 5.7 N,41.628365,-70.623234,2025-01-26,0.0,0.0
MA-BA-57,Falmouth 5.7 N,41.628365,-70.623234,2025-01-27,0.0,0.0
MA-BA-57,Falmouth 5.7 N,41.628365,-70.623234,2025-01-28,0.0,0.0
MA-BA-57,Falmouth 5.7 N,41.628365,-70.623234,2025-01-29,0.0,0.01574803173072695
MA-BA-57,Falmouth 5.7 N,41.628365,-70.623234,2025-01-30,0.0,0.0
MA-BA-57,Falmouth 5.7 N,41.628365,-70.623234,2025-01-31,0.0,0.24015748389358602
MA-BA-57,Falmouth 5.7 N,41.628365,-70.623234,2025-02-01,0.73,0.48031496778717203
MA-BA-57,Falmouth 5.7 N,41.628365,-70.623234,2025-02-02,0.04,0.0
MA-BA-57,Falmouth 5.7 N,41.628365,-70.623234,2025-02-03,0.2,0.16535433317263296
MA-BA-57,Falmouth 5.7 N,41.628365,-70.623234,2025-02-09,0.57,0.31102362668185723
MA-BA-57,Falmouth 5.7 N,41.628365,-70.623234,2025-02-10,0.0,0.0
MA-BA-57,Falmouth 5.7 N,41.628365,-70.623234,2025-02-11,0.0,0.0
MA-BA-57,Falmouth 5.7 N,41.628365,-70.623234,2025-02-12,0.02,0.011811023798045214
MA-BA-57,Falmouth 5.7 N,41.628365,-70.623234,2025-02-13,0.2,0.14566929350922428
MA-BA-57,Falmouth 5.7 N,41.628365,-70.623234,2025-02-14,0.06,0.0
MA-BA-57,Falmouth 5.7 N,41.628365,-70.623234,2025-02-15,0.0,0.0
MA-BA-57,Falmouth 5.7 N,41.628365,-70.623234,2025-02-16,0.7,1.5984252206687855
MA-BA-57,Falmouth 5.7 N,41.628365,-70.623234,2025-02-17,1.13,0.019685039663408687
MA-BA-57,Falmouth 5.7 N,41.628365,-70.623234,2025-02-18,0.0,0.0
MA-BA-57,Falmouth 5.7 N,41.628365,-70.623234,2025-02-19,0.0,0.0
MA-BA-57,Falmouth 5.7 N,41.628365,-70.623234,2025-02-20,0.0,0.0
MA-BA-57,Falmouth 5.7 N,41.628365,-70.623234,2025-02-21,0.01,0.0
MA-BA-57,Falmouth 5.7 N,41.628365,-70.623234,2025-02-22,0.0,0.0
MA-BA-57,Falmouth 5.7 N,41.628365,-70.623234,2025-02-23,0.0,0.0
MA-BA-57,Falmouth 5.7 N,41.628365,-70.623234,2025-02-24,0.0,0.0
MA-BA-57,Falmouth 5.7 N,41.628365,-70.623234,2025-02-25,0.0,0.0
MA-BA-57,Falmouth 5.7 N,41.628365,-70.623234,2025-02-26,0.0,0.0
MA-BA-57,Falmouth 5.7 N,41.628365,-70.623234,2025-02-27,0.04,0.13779527764386082
MA-BA-57,Falmouth 5.7 N,41.628365,-70.623234,2025-02-28,0.05,0.0314960634614539
MA-BA-57,Falmouth 5.7 N,41.628365,-70.623234,2025-03-01,0.0,0.0
MA-BA-57,Falmouth 5.7 N,41.628365,-70.623234,2025-03-02,0.0,0.0
MA-BA-57,Falmouth 5.7 N,41.628365,-70.623234,2025-03-03,0.0,0.0
MA-BA-57,Falmouth 5.7 N,41.628365,-70.623234,2025-03-04,0.0,0.0
MA-BA-57,Falmouth 5.7 N,41.628365,-70.623234,2025-03-05,0.0,0.0
MA-BA-57,Falmouth 5.7 N,41.628365,-70.623234,2025-03-06,0.42,0.4921259915852172
MA-BA-57,Falmouth 5.7 N,41.628365,-70.623234,2025-03-07,0.05,0.06692913485558953
MA-BA-57,Falmouth 5.7 N,41.628365,-70.623234,2025-03-08,0.0,0.0
MA-BA-57,Falmouth 5.7 N,41.628365,-70.623234,2025-03-09,0.0,0.0
MA-BA-57,Falmouth 5.7 N,41.628365,-70.623234,2025-03-10,0.0,0.0
MA-BA-57,Falmouth 5.7 N,41.628365,-70.623234,2025-03-11,0.0,0.0
MA-BA-57,Falmouth 5.7 N,41.628365,-70.623234,2025-03-12,0.0,0.0
MA-BA-57,Falmouth 5.7 N,41.628365,-70.623234,2025-03-13,0.0,0.0
MA-BA-57,Falmouth 5.7 N,41.628365,-70.623234,2025-03-14,0.0,0.0
MA-BA-57,Falmouth 5.7 N,41.628365,-70.623234,2025-03-15,0.0,0.0
MA-BA-57,Falmouth 5.7 N,41.628365,-70.623234,2025-03-16,0.0,0.0
MA-BA-57,Falmouth 5.7 N,41.628365,-70.623234,2025-03-17,0.31,1.9842519980715956
MA-BA-57,Falmouth 5.7 N,41.628365,-70.623234,2025-03-20,0.01,0.0
MA-BA-57,Falmouth 5.7 N,41.628365,-70.623234,2025-03-21,0.35,0.4094488249989007
MA-BA-57,Falmouth 5.7 N,41.628365,-70.623234,2025-03-22,0.12,0.0
MA-BA-57,Falmouth 5.7 N,41.628365,-70.623234,2025-03-23,0.0,0.0
MA-BA-57,Falmouth 5.7 N,41.628365,-70.623234,2025-03-24,0.0,0.4173228408642642
MA-BA-57,Falmouth 5.7 N,41.628365,-70.623234,2025-03-25,0.51,0.1889763807687234
MA-BA-57,Falmouth 5.7 N,41.628365,-70.623234,2025-03-26,0.0,0.011811023798045212
MA-BA-57,Falmouth 5.7 N,41.628365,-70.623234,2025-03-27,0.0,0.01574803173072695
MA-BA-57,Falmouth 5.7 N,41.628365,-70.623234,2025-03-28,0.0,0.0
MA-BA-57,Falmouth 5.7 N,41.628365,-70.623234,2025-03-29,0.03,0.01574803173072695
MA-BA-57,Falmouth 5.7 N,41.628365,-70.623234,2025-03-30,0.09,0.07874015865363475
MA-BA-57,Falmouth 5.7 N,41.628365,-70.623234,2025-03-31,0.0,0.0
MA-BA-57,Falmouth 5.7 N,41.628365,-70.623234,2025-04-01,0.19,0.2598425235569947
MA-BA-57,Falmouth 5.7 N,41.628365,-70.623234,2025-04-02,0.0,0.039370079326817374
MA-BA-57,Falmouth 5.7 N,41.628365,-70.623234,2025-04-03,0.25,0.3464566980759929
MA-BA-57,Falmouth 5.7 N,41.628365,-70.623234,2025-04-04,0.15,0.0
MA-BA-57,Falmouth 5.7 N,41.628365,-70.623234,2025-04-05,0.0,0.08661417451899824
MA-BA-57,Falmouth 5.7 N,41.628365,-70.623234,2025-04-06,0.73,0.48818898365253544
MA-BA-57,Falmouth 5.7 N,41.628365,-70.623234,2025-04-07,0.03,0.24409449182626772
MA-BA-57,Falmouth 5.7 N,41.628365,-70.623234,2025-04-08,0.58,0.24409449182626772
MA-BA-57,Falmouth 5.7 N,41.628365,-70.623234,2025-04-09,0.03,0.0
MA-BA-57,Falmouth 5.7 N,41.628365,-70.623234,2025-04-10,0.0,0.0
MA-BA-57,Falmouth 5.7 N,41.628365,-70.623234,2025-04-11,0.05,0.10629921418240693
MA-BA-57,Falmouth 5.7 N,41.628365,-70.623234,2025-04-12,0.33,0.3464566980759929
MA-BA-57,Falmouth 5.7 N,41.628365,-70.623234,2025-04-13,0.18,0.6653543406232135
MA-BA-57,Falmouth 5.7 N,41.628365,-70.623234,2025-04-14,0.55,0.019685039663408687
MA-BA-57,Falmouth 5.7 N,41.628365,-70.623234,2025-04-15,0.11,0.14566929350922428
MA-BA-57,Falmouth 5.7 N,41.628365,-70.623234,2025-04-16,0.03,0.011811023798045212
MA-BA-57,Falmouth 5.7 N,41.628365,-70.623234,2025-04-17,0.0,0.0
MA-BA-57,Falmouth 5.7 N,41.628365,-70.623234,2025-04-18,0.0,0.0
MA-BA-57,Falmouth 5.7 N,41.628365,-70.623234,2025-04-19,0.0,0.0
MA-BA-57,Falmouth 5.7 N,41.628365,-70.623234,2025-04-20,0.0,0.0
MA-BA-57,Falmouth 5.7 N,41.628365,-70.623234,2025-04-21,0.0,0.0
MA-BA-57,Falmouth 5.7 N,41.628365,-70.623234,2025-04-22,0.08,0.10629921418240691
MA-BA-57,Falmouth 5.7 N,41.628365,-70.623234,2025-04-23,0.0,0.0
MA-BA-57,Falmouth 5.7 N,41.628365,-70.623234,2025-04-24,0.0,0.0
MA-BA-57,Falmouth 5.7 N,41.628365,-70.623234,2025-04-25,0.0,0.0
MA-BA-57,Falmouth 5.7 N,41.628365,-70.623234,2025-04-26,0.01,0.5472441026427615
MA-BA-57,Falmouth 5.7 N,41.628365,-70.623234,2025-04-27,0.6,0.1771653569706782
MA-BA-57,Falmouth 5.7 N,41.628365,-70.623234,2025-04-28,0.0,0.0
MA-BA-57,Falmouth 5.7 N,41.628365,-70.623234,2025-04-29,0.0,0.0
MA-BA-57,Falmouth 5.7 N,41.628365,-70.623234,2025-04-30,0.0,0.0
MA-BA-57,Falmouth 5.7 N,41.628365,-70.623234,2025-05-01,0.0,0.0
MA-BA-57,Falmouth 5.7 N,41.628365,-70.623234,2025-05-02,0.54,0.5236220550466711
MA-BA-57,Falmouth 5.7 N,41.628365,-70.623234,2025-05-03,0.0,0.0
MA-BA-57,Falmouth 5.7 N,41.628365,-70.623234,2025-05-04,0.0,0.0
MA-BA-57,Falmouth 5.7 N,41.628365,-70.623234,2025-05-05,0.14,0.10236220624972518
MA-BA-57,Falmouth 5.7 N,41.628365,-70.623234,2025-05-06,0.01,0.11023622211508864
MA-BA-57,Falmouth 5.7 N,41.628365,-70.623234,2025-05-07,0.06,0.0
MA-BA-57,Falmouth 5.7 N,41.628365,-70.623234,2025-05-08,0.0,0.0
MA-BA-57,Falmouth 5.7 N,41.628365,-70.623234,2025-05-09,0.0,0.7440944992768483
MA-BA-57,Falmouth 5.7 N,41.628365,-70.623234,2025-05-10,1.29,0.3779527615374467
MA-BA-57,Falmouth 5.7 N,41.628365,-70.623234,2025-05-11,0.0,0.0
MA-BA-57,Falmouth 5.7 N,41.628365,-70.623234,2025-05-12,0.0,0.0
MA-BA-57,Falmouth 5.7 N,41.628365,-70.623234,2025-05-13,0.0,0.0
MA-BA-57,Falmouth 5.7 N,41.628365,-70.623234,2025-05-14,0.0,0.0
MA-BA-57,Falmouth 5.7 N,41.628365,-70.623234,2025-05-15,0.0,0.04330708725949911
MA-BA-57,Falmouth 5.7 N,41.628365,-70.623234,2025-05-16,0.0,0.0
MA-BA-57,Falmouth 5.7 N,41.628365,-70.623234,2025-05-17,0.0,0.0
MA-BA-57,Falmouth 5.7 N,41.628365,-70.623234,2025-05-18,0.0,0.011811023798045212
MA-BA-57,Falmouth 5.7 N,41.628365,-70.623234,2025-05-19,0.0,0.0
MA-BA-57,Falmouth 5.7 N,41.628365,-70.623234,2025-05-20,0.0,0.0
MA-BA-57,Falmouth 5.7 N,41.628365,-70.623234,2025-05-21,0.0,0.0
MA-BA-57,Falmouth 5.7 N,41.628365,-70.623234,2025-05-22,0.01,1.7795275855721453
MA-BA-57,Falmouth 5.7 N,41.628365,-70.623234,2025-05-23,4.66,1.6889764031204653
MA-BA-57,Falmouth 5.7 N,41.628365,-70.623234,2025-05-24,0.0,0.03543307139413564
MA-BA-57,Falmouth 5.7 N,41.628365,-70.623234,2025-05-25,0.03,0.0
MA-BA-57,Falmouth 5.7 N,41.628365,-70.623234,2025-05-26,0.0,0.0
MA-BA-57,Falmouth 5.7 N,41.628365,-70.623234,2025-05-27,0.0,0.0
MA-BA-57,Falmouth 5.7 N,41.628365,-70.623234,2025-05-28,0.0,0.0
MA-BA-57,Falmouth 5.7 N,41.628365,-70.623234,2025-05-29,0.14,0.1692913411053147
MA-BA-57,Falmouth 5.7 N,41.628365,-70.623234,2025-05-30,0.05,0.0
MA-BA-57,Falmouth 5.7 N,41.628365,-70.623234,2025-05-31,0.19,0.22047244423017728
MA-BA-57,Falmouth 5.7 N,41.628365,-70.623234,2025-06-01,0.0,0.0
MA-BA-57,Falmouth 5.7 N,41.628365,-70.623234,2025-06-02,0.0,0.0
MA-BA-57,Falmouth 5.7 N,41.628365,-70.623234,2025-06-03,0.0,0.0
MA-BA-57,Falmouth 5.7 N,41.628365,-70.623234,2025-06-04,0.0,0.0
MA-BA-57,Falmouth 5.7 N,41.628365,-70.623234,2025-06-05,0.0,0.0
MA-BA-57,Falmouth 5.7 N,41.628365,-70.623234,2025-06-06,0.0,0.0
MA-BA-57,Falmouth 5.7 N,41.628365,-70.623234,2025-06-07,0.01,0.2952755949511303
MA-BA-57,Falmouth 5.7 N,41.628365,-70.623234,2025-06-08,0.21,0.0
MA-BA-57,Falmouth 5.7 N,41.628365,-70.623234,2025-06-09,0.0,0.0
MA-BA-57,Falmouth 5.7 N,41.628365,-70.623234,2025-06-10,0.09,0.7992126103343927
MA-BA-57,Falmouth 5.7 N,41.628365,-70.623234,2025-06-11,0.71,0.0
MA-BA-57,Falmouth 5.7 N,41.628365,-70.623234,2025-06-12,0.0,0.0
MA-BA-57,Falmouth 5.7 N,41.628365,-70.623234,2025-06-13,0.0,0.0
MA-BA-57,Falmouth 5.7 N,41.628365,-70.623234,2025-06-14,0.0,0.07874015865363475
MA-BA-57,Falmouth 5.7 N,41.628365,-70.623234,2025-06-15,0.17,0.003937007932681738
MA-BA-57,Falmouth 5.7 N,41.628365,-70.623234,2025-06-16,0.0,0.0
MA-BA-57,Falmouth 5.7 N,41.628365,-70.623234,2025-06-17,0.0,0.0
MA-BA-57,Falmouth 5.7 N,41.628365,-70.623234,2025-06-18,0.0,0.003937007932681738
MA-BA-57,Falmouth 5.7 N,41.628365,-70.623234,2025-06-19,0.0,0.0
MA-BA-57,Falmouth 5.7 N,41.628365,-70.623234,2025-06-20,0.0,0.0
MA-BA-57,Falmouth 5.7 N,41.628365,-70.623234,2025-06-21,0.0,0.0
MA-BA-57,Falmouth 5.7 N,41.628365,-70.623234,2025-06-22,0.0,0.01574803173072695
MA-BA-57,Falmouth 5.7 N,41.628365,-70.623234,2025-06-23,0.0,0.0
MA-BA-57,Falmouth 5.7 N,41.628365,-70.623234,2025-06-24,0.0,0.0
MA-BA-57,Falmouth 5.7 N,41.628365,-70.623234,2025-06-25,0.0,0.0
MA-BA-57,Falmouth 5.7 N,41.628365,-70.623234,2025-06-26,0.0,0.023622047596090424
MA-BA-57,Falmouth 5.7 N,41.628365,-70.623234,2025-06-27,0.0,0.0
MA-BA-57,Falmouth 5.7 N,41.628365,-70.623234,2025-06-28,0.0,0.003937007932681738
MA-BA-57,Falmouth 5.7 N,41.628365,-70.623234,2025-06-29,0.01,0.0
MA-BA-57,Falmouth 5.7 N,41.628365,-70.623234,2025-06-30,0.0,0.0
MA-BA-57,Falmouth 5.7 N,41.628365,-70.623234,2025-07-01,0.0,0.027559055528772164
MA-BA-57,Falmouth 5.7 N,41.628365,-70.623234,2025-07-02,0.01,0.05905511899022606
MA-BA-57,Falmouth 5.7 N,41.628365,-70.623234,2025-07-03,0.0,0.0
MA-BA-57,Falmouth 5.7 N,41.628365,-70.623234,2025-07-04,0.04,0.16535433317263298
MA-BA-57,Falmouth 5.7 N,41.628365,-70.623234,2025-07-05,0.0,0.0
MA-BA-57,Falmouth 5.7 N,41.628365,-70.623234,2025-07-06,0.0,0.0
MA-BA-57,Falmouth 5.7 N,41.628365,-70.623234,2025-07-07,0.0,0.05905511899022606
MA-BA-57,Falmouth 5.7 N,41.628365,-70.623234,2025-07-08,0.15,0.0
MA-BA-57,Falmouth 5.7 N,41.628365,-70.623234,2025-07-09,0.48,0.9881889911031161
MA-BA-57,Falmouth 5.7 N,41.628365,-70.623234,2025-07-10,0.19,0.37795276153744684
MA-BA-57,Falmouth 5.7 N,41.628365,-70.623234,2025-07-11,0.17,0.0
MA-BA-57,Falmouth 5.7 N,41.628365,-70.623234,2025-07-12,0.0,0.0
MA-BA-57,Falmouth 5.7 N,41.628365,-70.623234,2025-07-13,0.0,0.0
MA-BA-57,Falmouth 5.7 N,41.628365,-70.623234,2025-07-14,0.0,0.0
MA-BA-57,Falmouth 5.7 N,41.628365,-70.623234,2025-07-19,0.0,0.0
MA-BA-57,Falmouth 5.7 N,41.628365,-70.623234,2025-07-20,0.0,0.051181103124862584
MA-BA-57,Falmouth 5.7 N,41.628365,-70.623234,2025-07-21,0.08,0.0
MA-BA-57,Falmouth 5.7 N,41.628365,-70.623234,2025-07-22,0.0,0.0
MA-BA-57,Falmouth 5.7 N,41.628365,-70.623234,2025-07-23,0.0,0.0
MA-BA-57,Falmouth 5.7 N,41.628365,-70.623234,2025-07-24,0.0,0.0
MA-BA-57,Falmouth 5.7 N,41.628365,-70.623234,2025-07-25,0.0,0.1377952776438608
MA-BA-57,Falmouth 5.7 N,41.628365,-70.623234,2025-07-26,0.04,0.0
MA-BA-57,Falmouth 5.7 N,41.628365,-70.623234,2025-07-27,0.0,0.05511811105754433
MA-BA-57,Falmouth 5.7 N,41.628365,-70.623234,2025-07-28,0.01,0.0
MA-BA-57,Falmouth 5.7 N,41.628365,-70.623234,2025-07-29,0.0,0.0
MA-BA-57,Falmouth 5.7 N,41.628365,-70.623234,2025-07-30,0.0,0.0
MA-BA-57,Falmouth 5.7 N,41.628365,-70.623234,2025-07-31,0.0,0.003937007932681738
MA-BA-57,Falmouth 5.7 N,41.628365,-70.623234,2025-08-01,0.25,0.3307086663452659
MA-BA-57,Falmouth 5.7 N,41.628365,-70.623234,2025-08-02,0.12,0.0
MA-BA-57,Falmouth 5.7 N,41.628365,-70.623234,2025-08-03,0.0,0.0
MA-BA-57,Falmouth 5.7 N,41.628365,-70.623234,2025-08-04,0.0,0.0
MA-BA-57,Falmouth 5.7 N,41.628365,-70.623234,2025-08-05,0.0,0.0
MA-BA-57,Falmouth 5.7 N,41.628365,-70.623234,2025-08-06,0.0,0.0
MA-BA-57,Falmouth 5.7 N,41.628365,-70.623234,2025-08-07,0.0,0.0
MA-BA-57,Falmouth 5.7 N,41.628365,-70.623234,2025-08-08,0.0,0.0
MA-BA-57,Falmouth 5.7 N,41.628365,-70.623234,2025-08-09,0.0,0.0
MA-BA-57,Falmouth 5.7 N,41.628365,-70.623234,2025-08-10,0.0,0.0
MA-BA-57,Falmouth 5.7 N,41.628365,-70.623234,2025-08-11,0.0,0.0
MA-BA-57,Falmouth 5.7 N,41.628365,-70.623234,2025-08-12,0.0,0.0
MA-BA-57,Falmouth 5.7 N,41.628365,-70.623234,2025-08-13,0.0,0.0
MA-BA-57,Falmouth 5.7 N,41.628365,-70.623234,2025-08-14,0.0,0.0
MA-BA-57,Falmouth 5.7 N,41.628365,-70.623234,2025-08-15,0.0,0.0
MA-BA-57,Falmouth 5.7 N,41.628365,-70.623234,2025-08-16,0.0,0.0
MA-BA-57,Falmouth 5.7 N,41.628365,-70.623234,2025-08-17,0.0,0.0
MA-BA-57,Falmouth 5.7 N,41.628365,-70.623234,2025-08-18,0.0,0.003937007932681738
MA-BA-57,Falmouth 5.7 N,41.628365,-70.623234,2025-08-19,0.0,0.0
MA-BA-57,Falmouth 5.7 N,41.628365,-70.623234,2025-08-20,0.0,0.1377952776438608
MA-BA-57,Falmouth 5.7 N,41.628365,-70.623234,2025-08-21,1.44,1.0984252132182046
MA-BA-57,Falmouth 5.7 N,41.628365,-70.623234,2025-08-22,0.0,0.0
MA-BA-57,Falmouth 5.7 N,41.628365,-70.623234,2025-08-23,0.0,0.0
MA-BA-57,Falmouth 5.7 N,41.628365,-70.623234,2025-08-24,0.0,0.0
MA-BA-57,Falmouth 5.7 N,41.628365,-70.623234,2025-08-25,0.0,0.007874015865363475
MA-BA-57,Falmouth 5.7 N,41.628365,-70.623234,2025-08-26,0.02,0.0
MA-BA-57,Falmouth 5.7 N,41.628365,-70.623234,2025-08-27,0.0,0.0
MA-BA-57,Falmouth 5.7 N,41.628365,-70.623234,2025-08-28,0.0,0.0
MA-BA-57,Falmouth 5.7 N,41.628365,-70.623234,2025-08-29,0.0,0.0
MA-BA-57,Falmouth 5.7 N,41.628365,-70.623234,2025-08-30,0.36,0.6535433168251684
MA-BA-57,Falmouth 5.7 N,41.628365,-70.623234,2025-08-31,0.0,0.0
MA-BA-57,Falmouth 5.7 N,41.628365,-70.623234,2025-09-01,0.0,0.0
MA-BA-57,Falmouth 5.7 N,41.628365,-70.623234,2025-09-02,0.0,0.0
MA-BA-57,Falmouth 5.7 N,41.628365,-70.623234,2025-09-03,0.0,0.0
MA-BA-57,Falmouth 5.7 N,41.628365,-70.623234,2025-09-04,0.0,0.0
MA-BA-57,Falmouth 5.7 N,41.628365,-70.623234,2025-09-05,0.0,0.019685039663408687
MA-BA-57,Falmouth 5.7 N,41.628365,-70.623234,2025-09-06,0.0,0.0
MA-BA-57,Falmouth 5.7 N,41.628365,-70.623234,2025-09-07,0.03,0.8661417451899821
MA-BA-57,Falmouth 5.7 N,41.628365,-70.623234,2025-09-08,0.83,0.01574803173072695
MA-BA-57,Falmouth 5.7 N,41.628365,-70.623234,2025-09-09,0.0,0.0
MA-BA-57,Falmouth 5.7 N,41.628365,-70.623234,2025-09-10,0.0,0.0
MA-BA-57,Falmouth 5.7 N,41.628365,-70.623234,2025-09-11,0.0,0.0
MA-BA-57,Falmouth 5.7 N,41.628365,-70.623234,2025-09-12,0.0,0.0
MA-BA-57,Falmouth 5.7 N,41.628365,-70.623234,2025-09-13,0.0,0.0
MA-BA-57,Falmouth 5.7 N,41.628365,-70.623234,2025-09-14,0.0,0.007874015865363475
MA-BA-57,Falmouth 5.7 N,41.628365,-70.623234,2025-09-15,0.0,0.0
MA-BA-57,Falmouth 5.7 N,41.628365,-70.623234,2025-09-16,0.0,0.0
MA-BA-57,Falmouth 5.7 N,41.628365,-70.623234,2025-09-17,0.0,0.04724409519218085
MA-BA-57,Falmouth 5.7 N,41.628365,-70.623234,2025-09-18,0.24,0.39370079326817375
MA-BA-57,Falmouth 5.7 N,41.628365,-70.623234,2025-09-19,0.0,0.0
MA-BA-57,Falmouth 5.7 N,41.628365,-70.623234,2025-09-20,0.0,0.0
MA-BA-57,Falmouth 5.7 N,41.628365,-70.623234,2025-09-21,0.0,0.0
MA-BA-57,Falmouth 5.7 N,41.628365,-70.623234,2025-09-22,0.0,0.0
MA-BA-57,Falmouth 5.7 N,41.628365,-70.623234,2025-09-23,0.0,0.0
MA-BA-57,Falmouth 5.7 N,41.628365,-70.623234,2025-09-24,0.0,1.4133858478327437
MA-BA-57,Falmouth 5.7 N,41.628365,-70.623234,2025-09-25,2.49,2.2952756247534527
MA-BA-57,Falmouth 5.7 N,41.628365,-70.623234,2025-09-26,0.83,0.007874015865363475
MA-BA-57,Falmouth 5.7 N,41.628365,-70.623234,2025-09-27,0.0,0.0
MA-BA-57,Falmouth 5.7 N,41.628365,-70.623234,2025-09-28,0.08,0.07874015865363475
MA-BA-57,Falmouth 5.7 N,41.628365,-70.623234,2025-09-29,0.0,0.0
MA-BA-57,Falmouth 5.7 N,41.628365,-70.623234,2025-09-30,0.0,0.0
MA-BA-57,Falmouth 5.7 N,41.628365,-70.623234,2025-10-01,0.0,0.0
MA-BA-57,Falmouth 5.7 N,41.628365,-70.623234,2025-10-02,0.0,0.0
MA-BA-57,Falmouth 5.7 N,41.628365,-70.623234,2025-10-03,0.0,0.0
MA-BA-57,Falmouth 5.7 N,41.628365,-70.623234,2025-10-04,0.0,0.0
MA-BA-57,Falmouth 5.7 N,41.628365,-70.623234,2025-10-05,0.0,0.0
MA-BA-57,Falmouth 5.7 N,41.628365,-70.623234,2025-10-06,0.0,0.0
MA-BA-57,Falmouth 5.7 N,41.628365,-70.623234,2025-10-07,0.0,0.0
MA-BA-57,Falmouth 5.7 N,41.628365,-70.623234,2025-10-08,0.0,0.7086614278827127
MA-BA-57,Falmouth 5.7 N,41.628365,-70.623234,2025-10-09,0.79,0.0
MA-BA-57,Falmouth 5.7 N,41.628365,-70.623234,2025-10-10,0.0,0.0
MA-BA-57,Falmouth 5.7 N,41.628365,-70.623234,2025-10-11,0.0,0.0
MA-BA-57,Falmouth 5.7 N,41.628365,-70.623234,2025-10-12,0.0,0.7559055230748936
MA-BA-57,Falmouth 5.7 N,41.628365,-70.623234,2025-10-13,2.46,1.9803149901389139
MA-BA-57,Falmouth 5.7 N,41.628365,-70.623234,2025-10-14,1.81,0.7519685151422119
MA-BA-57,Falmouth 5.7 N,41.628365,-70.623234,2025-10-15,0.36,0.0
MA-BA-57,Falmouth 5.7 N,41.628365,-70.623234,2025-10-16,0.0,0.0
MA-BA-57,Falmouth 5.7 N,41.628365,-70.623234,2025-10-17,0.0,0.0
MA-BA-57,Falmouth 5.7 N,41.628365,-70.623234,2025-10-18,0.0,0.0
MA-BA-57,Falmouth 5.7 N,41.628365,-70.623234,2025-10-19,0.0,0.0
MA-BA-57,Falmouth 5.7 N,41.628365,-70.623234,2025-10-20,0.0,0.6456693009598049
MA-BA-57,Falmouth 5.7 N,41.628365,-70.623234,2025-10-21,0.83,0.0
MA-BA-57,Falmouth 5.7 N,41.628365,-70.623234,2025-10-22,0.0,0.02755905552877216
MA-BA-57,Falmouth 5.7 N,41.628365,-70.623234,2025-10-23,0.02,0.0
MA-BA-57,Falmouth 5.7 N,41.628365,-70.623234,2025-10-24,0.0,0.0
MA-BA-57,Falmouth 5.7 N,41.628365,-70.623234,2025-10-25,0.0,0.0
MA-BA-57,Falmouth 5.7 N,41.628365,-70.623234,2025-10-26,0.0,0.0
MA-BA-57,Falmouth 5.7 N,41.628365,-70.623234,2025-10-27,0.0,0.0
MA-BA-57,Falmouth 5.7 N,41.628365,-70.623234,2025-10-28,0.02,0.0314960634614539
MA-BA-57,Falmouth 5.7 N,41.628365,-70.623234,2025-10-29,0.02,0.003937007932681738
MA-BA-57,Falmouth 5.7 N,41.628365,-70.623234,2025-10-30,0.05,0.06692913485558953
MA-BA-57,Falmouth 5.7 N,41.628365,-70.623234,2025-10-31,2.07,1.2677165543235194
MA-BA-57,Falmouth 5.7 N,41.628365,-70.623234,2025-11-01,0.0,0.0
MA-BA-57,Falmouth 5.7 N,41.628365,-70.623234,2025-11-02,0.0,0.0
MA-BA-57,Falmouth 5.7 N,41.628365,-70.623234,2025-11-03,0.0,0.20472441249945036
MA-BA-57,Falmouth 5.7 N,41.628365,-70.623234,2025-11-04,0.35,0.1259842538458156
MA-BA-57,Falmouth 5.7 N,41.628365,-70.623234,2025-11-05,0.0,0.0
MA-BA-57,Falmouth 5.7 N,41.628365,-70.623234,2025-11-06,0.01,0.05905511899022606
MA-BA-57,Falmouth 5.7 N,41.628365,-70.623234,2025-11-07,0.0,0.0
MA-BA-57,Falmouth 5.7 N,41.628365,-70.623234,2025-11-08,0.01,0.074803150720953
MA-BA-57,Falmouth 5.7 N,41.628365,-70.623234,2025-11-09,0.01,0.9330708800455718
MA-BA-57,Falmouth 5.7 N,41.628365,-70.623234,2025-11-10,2.61,1.0078740307665248
MA-BA-57,Falmouth 5.7 N,41.628365,-70.623234,2025-11-11,0.57,0.01574803173072695
MA-BA-57,Falmouth 5.7 N,41.628365,-70.623234,2025-11-12,0.0,0.0
MA-BA-57,Falmouth 5.7 N,41.628365,-70.623234,2025-11-13,0.0,0.0314960634614539
MA-BA-57,Falmouth 5.7 N,41.628365,-70.623234,2025-11-14,0.0,0.0
MA-BA-57,Falmouth 5.7 N,41.628365,-70.623234,2025-11-15,0.0,0.0
MA-BA-57,Falmouth 5.7 N,41.628365,-70.623234,2025-11-16,0.72,0.763779538940257
MA-BA-57,Falmouth 5.7 N,41.628365,-70.623234,2025-11-17,0.0,0.0
MA-BA-57,Falmouth 5.7 N,41.628365,-70.623234,2025-11-18,0.0,0.0
MA-BA-57,Falmouth 5.7 N,41.628365,-70.623234,2025-11-19,0.0,0.0
MA-BA-57,Falmouth 5.7 N,41.628365,-70.623234,2025-11-20,0.0,0.0
MA-BA-57,Falmouth 5.7 N,41.628365,-70.623234,2025-11-21,0.0,0.0
MA-BA-57,Falmouth 5.7 N,41.628365,-70.623234,2025-11-22,0.01,0.2204724442301773
MA-BA-57,Falmouth 5.7 N,41.628365,-70.623234,2025-11-23,0.2,0.01574803173072695
MA-BA-57,Falmouth 5.7 N,41.628365,-70.623234,2025-11-24,0.0,0.0
MA-BA-57,Falmouth 5.7 N,41.628365,-70.623234,2025-11-25,0.0,0.0
MA-BA-57,Falmouth 5.7 N,41.628365,-70.623234,2025-11-26,0.18,0.24015748389358593
MA-BA-57,Falmouth 5.7 N,41.628365,-70.623234,2025-11-27,0.03,0.011811023798045212
MA-BA-57,Falmouth 5.7 N,41.628365,-70.623234,2025-11-28,0.0,0.0
MA-BA-57,Falmouth 5.7 N,41.628365,-70.623234,2025-11-29,0.0,0.0
MA-BA-57,Falmouth 5.7 N,41.628365,-70.623234,2025-11-30,0.0,0.074803150720953
MA-BA-57,Falmouth 5.7 N,41.628365,-70.623234,2025-12-01,0.2,0.41732284086426413
MA-BA-57,Falmouth 5.7 N,41.628365,-70.623234,2025-12-02,0.0,0.5354330788447162
MA-BA-57,Falmouth 5.7 N,41.628365,-70.623234,2025-12-03,1.06,0.31889764254722075
MA-BA-57,Falmouth 5.7 N,41.628365,-70.623234,2025-12-04,0.0,0.0
MA-BA-57,Falmouth 5.7 N,41.628365,-70.623234,2025-12-05,0.0,0.0
MA-BA-57,Falmouth 5.7 N,41.628365,-70.623234,2025-12-06,0.0,0.01574803173072695
MA-BA-57,Falmouth 5.7 N,41.628365,-70.623234,2025-12-07,0.0,0.0
MA-BA-57,Falmouth 5.7 N,41.628365,-70.623234,2025-12-08,0.0,0.0
MA-BA-57,Falmouth 5.7 N,41.628365,-70.623234,2025-12-09,0.0,0.0
MA-BA-57,Falmouth 5.7 N,41.628365,-70.623234,2025-12-10,0.03,0.07086614278827127
MA-BA-57,Falmouth 5.7 N,41.628365,-70.623234,2025-12-12,0.0,0.0
MA-BA-57,Falmouth 5.7 N,41.628365,-70.623234,2025-12-13,0.0,0.0
MA-BA-57,Falmouth 5.7 N,41.628365,-70.623234,2025-12-14,0.17,0.3543307139413564
MA-BA-57,Falmouth 5.7 N,41.628365,-70.623234,2025-12-15,0.16,0.01574803173072695
MA-BA-57,Falmouth 5.7 N,41.628365,-70.623234,2025-12-16,0.0,0.0
MA-BA-57,Falmouth 5.7 N,41.628365,-70.623234,2025-12-17,0.0,0.0
MA-BA-57,Falmouth 5.7 N,41.628365,-70.623234,2025-12-18,0.0,0.0
MA-BA-57,Falmouth 5.7 N,41.628365,-70.623234,2025-12-19,0.11,0.6023622137003058
MA-BA-57,Falmouth 5.7 N,41.628365,-70.623234,2025-12-20,0.3,0.051181103124862584
MA-BA-57,Falmouth 5.7 N,41.628365,-70.623234,2025-12-21,0.0,0.0
MA-BA-57,Falmouth 5.7 N,41.628365,-70.623234,2025-12-22,0.0,0.0
MA-BA-57,Falmouth 5.7 N,41.628365,-70.623234,2025-12-23,0.0,0.04330708725949911
MA-BA-57,Falmouth 5.7 N,41.628365,-70.623234,2025-12-24,0.14,0.0826771665863165
MA-BA-57,Falmouth 5.7 N,41.628365,-70.623234,2025-12-25,0.0,0.0
MA-BA-57,Falmouth 5.7 N,41.628365,-70.623234,2025-12-26,0.0,0.0
MA-BA-57,Falmouth 5.7 N,41.628365,-70.623234,2025-12-27,0.24,0.2007874045667686
MA-BA-57,Falmouth 5.7 N,41.628365,-70.623234,2025-12-28,0.01,0.0
MA-BA-57,Falmouth 5.7 N,41.628365,-70.623234,2025-12-29,0.3,0.4724409519218085
MA-BA-57,Falmouth 5.7 N,41.628365,-70.623234,2025-12-30,0.22,0.0
MA-BA-57,Falmouth 5.7 N,41.628365,-70.623234,2025-12-31,0.0,0.0
MA-BA-87,Falmouth 1.5 NNW,41.566667,-70.615556,2025-01-01,0.54,0.6062992216329876
MA-BA-87,Falmouth 1.5 NNW,41.566667,-70.615556,2025-01-02,0.17,0.17322834903799644
MA-BA-87,Falmouth 1.5 NNW,41.566667,-70.615556,2025-01-03,0.0,0.0
MA-BA-87,Falmouth 1.5 NNW,41.566667,-70.615556,2025-01-04,0.0,0.0
MA-BA-87,Falmouth 1.5 NNW,41.566667,-70.615556,2025-01-05,0.0,0.0
MA-BA-87,Falmouth 1.5 NNW,41.566667,-70.615556,2025-01-06,0.0,0.0
MA-BA-87,Falmouth 1.5 NNW,41.566667,-70.615556,2025-01-07,0.0,0.0
MA-BA-87,Falmouth 1.5 NNW,41.566667,-70.615556,2025-01-08,0.0,0.0
MA-BA-87,Falmouth 1.5 NNW,41.566667,-70.615556,2025-01-09,0.0,0.0
MA-BA-87,Falmouth 1.5 NNW,41.566667,-70.615556,2025-01-10,0.0,0.0
MA-BA-87,Falmouth 1.5 NNW,41.566667,-70.615556,2025-01-11,0.0,0.1141732300477704
MA-BA-87,Falmouth 1.5 NNW,41.566667,-70.615556,2025-01-12,0.04,0.011811023798045212
MA-BA-87,Falmouth 1.5 NNW,41.566667,-70.615556,2025-01-13,0.0,0.0
MA-BA-87,Falmouth 1.5 NNW,41.566667,-70.615556,2025-01-14,0.0,0.0
MA-BA-87,Falmouth 1.5 NNW,41.566667,-70.615556,2025-01-15,0.0,0.0
MA-BA-87,Falmouth 1.5 NNW,41.566667,-70.615556,2025-01-16,0.0,0.0
MA-BA-87,Falmouth 1.5 NNW,41.566667,-70.615556,2025-01-17,0.01,0.003937007932681738
MA-BA-87,Falmouth 1.5 NNW,41.566667,-70.615556,2025-01-18,0.0,0.1259842538458156
MA-BA-87,Falmouth 1.5 NNW,41.566667,-70.615556,2025-01-19,0.45,0.3740157536047651
MA-BA-87,Falmouth 1.5 NNW,41.566667,-70.615556,2025-01-20,0.41,0.29527559495113026
MA-BA-87,Falmouth 1.5 NNW,41.566667,-70.615556,2025-01-21,0.0,0.0
MA-BA-87,Falmouth 1.5 NNW,41.566667,-70.615556,2025-01-22,0.04,0.01574803173072695
MA-BA-87,Falmouth 1.5 NNW,41.566667,-70.615556,2025-01-23,0.0,0.0
MA-BA-87,Falmouth 1.5 NNW,41.566667,-70.615556,2025-01-24,0.0,0.0
MA-BA-87,Falmouth 1.5 NNW,41.566667,-70.615556,2025-01-25,0.0,0.0
MA-BA-87,Falmouth 1.5 NNW,41.566667,-70.615556,2025-01-26,0.0,0.0
MA-BA-87,Falmouth 1.5 NNW,41.566667,-70.615556,2025-01-27,0.0,0.0
MA-BA-87,Falmouth 1.5 NNW,41.566667,-70.615556,2025-01-28,0.0,0.0
MA-BA-87,Falmouth 1.5 NNW,41.566667,-70.615556,2025-01-29,0.0,0.011811023798045212
MA-BA-87,Falmouth 1.5 NNW,41.566667,-70.615556,2025-01-30,0.0,0.0
MA-BA-87,Falmouth 1.5 NNW,41.566667,-70.615556,2025-01-31,0.0,0.2086614204321321
MA-BA-87,Falmouth 1.5 NNW,41.566667,-70.615556,2025-02-01,0.63,0.4606299281237633
MA-BA-87,Falmouth 1.5 NNW,41.566667,-70.615556,2025-02-02,0.05,0.0
MA-BA-87,Falmouth 1.5 NNW,41.566667,-70.615556,2025-02-03,0.14,0.1692913411053147
MA-BA-87,Falmouth 1.5 NNW,41.566667,-70.615556,2025-02-04,0.0,0.0
MA-BA-87,Falmouth 1.5 NNW,41.566667,-70.615556,2025-02-05,0.0,0.0
MA-BA-87,Falmouth 1.5 NNW,41.566667,-70.615556,2025-02-06,0.0,0.24803149975894945
MA-BA-87,Falmouth 1.5 NNW,41.566667,-70.615556,2025-02-07,0.18,0.0
MA-BA-87,Falmouth 1.5 NNW,41.566667,-70.615556,2025-02-08,0.0,0.0
MA-BA-87,Falmouth 1.5 NNW,41.566667,-70.615556,2025-02-09,0.56,0.3346456742779477
MA-BA-87,Falmouth 1.5 NNW,41.566667,-70.615556,2025-02-11,0.0,0.0
MA-BA-87,Falmouth 1.5 NNW,41.566667,-70.615556,2025-02-12,0.04,0.07086614278827127
MA-BA-87,Falmouth 1.5 NNW,41.566667,-70.615556,2025-02-13,0.22,0.16929134110531469
MA-BA-87,Falmouth 1.5 NNW,41.566667,-70.615556,2025-02-14,0.08,0.0
MA-BA-87,Falmouth 1.5 NNW,41.566667,-70.615556,2025-02-15,0.0,0.0
MA-BA-87,Falmouth 1.5 NNW,41.566667,-70.615556,2025-02-16,0.7,1.3582677367751992
MA-BA-87,Falmouth 1.5 NNW,41.566667,-70.615556,2025-02-17,0.99,0.0
MA-BA-87,Falmouth 1.5 NNW,41.566667,-70.615556,2025-02-18,0.0,0.0
MA-BA-87,Falmouth 1.5 NNW,41.566667,-70.615556,2025-02-19,0.0,0.0
MA-BA-87,Falmouth 1.5 NNW,41.566667,-70.615556,2025-02-20,0.0,0.0
MA-BA-87,Falmouth 1.5 NNW,41.566667,-70.615556,2025-02-21,0.0,0.0
MA-BA-87,Falmouth 1.5 NNW,41.566667,-70.615556,2025-02-22,0.0,0.0
MA-BA-87,Falmouth 1.5 NNW,41.566667,-70.615556,2025-02-23,0.0,0.0
MA-BA-87,Falmouth 1.5 NNW,41.566667,-70.615556,2025-02-24,0.0,0.0
MA-BA-87,Falmouth 1.5 NNW,41.566667,-70.615556,2025-02-25,0.0,0.0
MA-BA-87,Falmouth 1.5 NNW,41.566667,-70.615556,2025-02-26,0.0,0.0
MA-BA-87,Falmouth 1.5 NNW,41.566667,-70.615556,2025-02-27,0.02,0.11023622211508866
MA-BA-87,Falmouth 1.5 NNW,41.566667,-70.615556,2025-02-28,0.06,0.04330708725949911
MA-BA-87,Falmouth 1.5 NNW,41.566667,-70.615556,2025-03-01,0.0,0.0
MA-BA-87,Falmouth 1.5 NNW,41.566667,-70.615556,2025-03-02,0.0,0.0
MA-BA-87,Falmouth 1.5 NNW,41.566667,-70.615556,2025-03-03,0.0,0.0
MA-BA-87,Falmouth 1.5 NNW,41.566667,-70.615556,2025-03-04,0.0,0.0
MA-BA-87,Falmouth 1.5 NNW,41.566667,-70.615556,2025-03-05,0.0,0.0
MA-BA-87,Falmouth 1.5 NNW,41.566667,-70.615556,2025-03-06,0.62,0.5196850471139893
MA-BA-87,Falmouth 1.5 NNW,41.566667,-70.615556,2025-03-07,0.05,0.05905511899022606
MA-BA-87,Falmouth 1.5 NNW,41.566667,-70.615556,2025-03-08,0.0,0.0
MA-BA-87,Falmouth 1.5 NNW,41.566667,-70.615556,2025-03-09,0.0,0.0
MA-BA-87,Falmouth 1.5 NNW,41.566667,-70.615556,2025-03-10,0.0,0.0
MA-BA-87,Falmouth 1.5 NNW,41.566667,-70.615556,2025-03-11,0.0,0.0
MA-BA-87,Falmouth 1.5 NNW,41.566667,-70.615556,2025-03-12,0.0,0.0
MA-BA-87,Falmouth 1.5 NNW,41.566667,-70.615556,2025-03-13,0.0,0.0
MA-BA-87,Falmouth 1.5 NNW,41.566667,-70.615556,2025-03-14,0.0,0.0
MA-BA-87,Falmouth 1.5 NNW,41.566667,-70.615556,2025-03-15,0.01,0.0
MA-BA-87,Falmouth 1.5 NNW,41.566667,-70.615556,2025-03-16,0.0,0.0
MA-BA-87,Falmouth 1.5 NNW,41.566667,-70.615556,2025-03-17,0.32,1.889763807687234
MA-BA-87,Falmouth 1.5 NNW,41.566667,-70.615556,2025-03-18,1.63,0.149606301441906
MA-BA-87,Falmouth 1.5 NNW,41.566667,-70.615556,2025-03-19,0.0,0.0
MA-BA-87,Falmouth 1.5 NNW,41.566667,-70.615556,2025-03-20,0.01,0.0
MA-BA-87,Falmouth 1.5 NNW,41.566667,-70.615556,2025-03-21,0.39,0.3779527615374468
MA-BA-87,Falmouth 1.5 NNW,41.566667,-70.615556,2025-03-22,0.06,0.0
MA-BA-87,Falmouth 1.5 NNW,41.566667,-70.615556,2025-03-23,0.0,0.0
MA-BA-87,Falmouth 1.5 NNW,41.566667,-70.615556,2025-03-24,0.0,0.33464567427794767
MA-BA-87,Falmouth 1.5 NNW,41.566667,-70.615556,2025-03-25,0.39,0.18503937283604163
MA-BA-87,Falmouth 1.5 NNW,41.566667,-70.615556,2025-03-26,0.0,0.003937007932681738
MA-BA-87,Falmouth 1.5 NNW,41.566667,-70.615556,2025-03-27,0.0,0.019685039663408687
MA-BA-87,Falmouth 1.5 NNW,41.566667,-70.615556,2025-03-28,0.0,0.0
MA-BA-87,Falmouth 1.5 NNW,41.566667,-70.615556,2025-03-29,0.06,0.027559055528772164
MA-BA-87,Falmouth 1.5 NNW,41.566667,-70.615556,2025-03-30,0.1,0.09055118245167997
MA-BA-87,Falmouth 1.5 NNW,41.566667,-70.615556,2025-03-31,0.0,0.007874015865363475
MA-BA-87,Falmouth 1.5 NNW,41.566667,-70.615556,2025-04-01,0.17,0.2637795314896764
MA-BA-87,Falmouth 1.5 NNW,41.566667,-70.615556,2025-04-02,0.07,0.0314960634614539
MA-BA-87,Falmouth 1.5 NNW,41.566667,-70.615556,2025-04-03,0.12,0.30708661874917553
MA-BA-87,Falmouth 1.5 NNW,41.566667,-70.615556,2025-04-04,0.14,0.0
MA-BA-87,Falmouth 1.5 NNW,41.566667,-70.615556,2025-04-05,0.0,0.0944881903843617
MA-BA-87,Falmouth 1.5 NNW,41.566667,-70.615556,2025-04-06,0.8,0.5314960709120345
MA-BA-87,Falmouth 1.5 NNW,41.566667,-70.615556,2025-04-07,0.04,0.23622047596090423
MA-BA-87,Falmouth 1.5 NNW,41.566667,-70.615556,2025-04-08,0.63,0.24409449182626772
MA-BA-87,Falmouth 1.5 NNW,41.566667,-70.615556,2025-04-09,0.03,0.0
MA-BA-87,Falmouth 1.5 NNW,41.566667,-70.615556,2025-04-10,0.0,0.0
MA-BA-87,Falmouth 1.5 NNW,41.566667,-70.615556,2025-04-11,0.07,0.11811023798045213
MA-BA-87,Falmouth 1.5 NNW,41.566667,-70.615556,2025-04-12,0.34,0.31889764254722075
MA-BA-87,Falmouth 1.5 NNW,41.566667,-70.615556,2025-04-13,0.21,0.7283464675461212
MA-BA-87,Falmouth 1.5 NNW,41.566667,-70.615556,2025-04-14,0.63,0.01574803173072695
MA-BA-87,Falmouth 1.5 NNW,41.566667,-70.615556,2025-04-15,0.08,0.09448819038436171
MA-BA-87,Falmouth 1.5 NNW,41.566667,-70.615556,2025-04-16,0.02,0.0
MA-BA-87,Falmouth 1.5 NNW,41.566667,-70.615556,2025-04-17,0.0,0.0
MA-BA-87,Falmouth 1.5 NNW,41.566667,-70.615556,2025-04-18,0.0,0.0
MA-BA-87,Falmouth 1.5 NNW,41.566667,-70.615556,2025-04-19,0.0,0.0
MA-BA-87,Falmouth 1.5 NNW,41.566667,-70.615556,2025-04-20,0.0,0.0
MA-BA-87,Falmouth 1.5 NNW,41.566667,-70.615556,2025-04-21,0.0,0.0
MA-BA-87,Falmouth 1.5 NNW,41.566667,-70.615556,2025-04-22,0.06,0.07480315072095302
MA-BA-87,Falmouth 1.5 NNW,41.566667,-70.615556,2025-04-23,0.0,0.0
MA-BA-87,Falmouth 1.5 NNW,41.566667,-70.615556,2025-04-24,0.0,0.0
MA-BA-87,Falmouth 1.5 NNW,41.566667,-70.615556,2025-04-25,0.0,0.0
MA-BA-87,Falmouth 1.5 NNW,41.566667,-70.615556,2025-04-26,0.0,0.6653543406232136
MA-BA-87,Falmouth 1.5 NNW,41.566667,-70.615556,2025-04-27,1.27,0.25984252355699466
MA-BA-87,Falmouth 1.5 NNW,41.566667,-70.615556,2025-04-28,0.02,0.0
MA-BA-87,Falmouth 1.5 NNW,41.566667,-70.615556,2025-04-29,0.0,0.0
MA-BA-87,Falmouth 1.5 NNW,41.566667,-70.615556,2025-04-30,0.0,0.0
MA-BA-87,Falmouth 1.5 NNW,41.566667,-70.615556,2025-05-01,0.0,0.0
MA-BA-87,Falmouth 1.5 NNW,41.566667,-70.615556,2025-05-04,0.0,0.0
MA-BA-87,Falmouth 1.5 NNW,41.566667,-70.615556,2025-05-05,0.17,0.11023622211508864
MA-BA-87,Falmouth 1.5 NNW,41.566667,-70.615556,2025-05-06,0.0,0.08267716658631649
MA-BA-87,Falmouth 1.5 NNW,41.566667,-70.615556,2025-05-07,0.18,0.003937007932681738
MA-BA-87,Falmouth 1.5 NNW,41.566667,-70.615556,2025-05-08,0.0,0.0
MA-BA-87,Falmouth 1.5 NNW,41.566667,-70.615556,2025-05-09,0.0,0.6417322930271232
MA-BA-87,Falmouth 1.5 NNW,41.566667,-70.615556,2025-05-10,1.26,0.39763780120085546
MA-BA-87,Falmouth 1.5 NNW,41.566667,-70.615556,2025-05-11,0.02,0.0
MA-BA-87,Falmouth 1.5 NNW,41.566667,-70.615556,2025-05-12,0.0,0.0
MA-BA-87,Falmouth 1.5 NNW,41.566667,-70.615556,2025-05-13,0.0,0.0
MA-BA-87,Falmouth 1.5 NNW,41.566667,-70.615556,2025-05-21,0.0,0.0
MA-BA-87,Falmouth 1.5 NNW,41.566667,-70.615556,2025-05-22,0.02,2.0629921567252305
MA-BA-87,Falmouth 1.5 NNW,41.566667,-70.615556,2025-05-23,5.13,1.8110236490335985
MA-BA-87,Falmouth 1.5 NNW,41.566667,-70.615556,2025-05-24,0.02,0.039370079326817374
MA-BA-87,Falmouth 1.5 NNW,41.566667,-70.615556,2025-05-25,0.05,0.0
MA-BA-87,Falmouth 1.5 NNW,41.566667,-70.615556,2025-05-26,0.0,0.0
MA-BA-87,Falmouth 1.5 NNW,41.566667,-70.615556,2025-05-27,0.0,0.0
MA-BA-87,Falmouth 1.5 NNW,41.566667,-70.615556,2025-05-28,0.0,0.0
MA-BA-87,Falmouth 1.5 NNW,41.566667,-70.615556,2025-05-31,0.22,0.2322834680282225
MA-BA-87,Falmouth 1.5 NNW,41.566667,-70.615556,2025-06-01,0.0,0.0
MA-BA-87,Falmouth 1.5 NNW,41.566667,-70.615556,2025-06-04,0.0,0.0
MA-BA-87,Falmouth 1.5 NNW,41.566667,-70.615556,2025-06-05,0.0,0.0
MA-BA-87,Falmouth 1.5 NNW,41.566667,-70.615556,2025-06-06,0.0,0.0
MA-BA-87,Falmouth 1.5 NNW,41.566667,-70.615556,2025-06-07,0.0,0.0944881903843617
MA-BA-87,Falmouth 1.5 NNW,41.566667,-70.615556,2025-06-08,0.06,0.0
MA-BA-87,Falmouth 1.5 NNW,41.566667,-70.615556,2025-06-09,0.0,0.0
MA-BA-87,Falmouth 1.5 NNW,41.566667,-70.615556,2025-06-10,0.09,0.956692927641662
MA-BA-87,Falmouth 1.5 NNW,41.566667,-70.615556,2025-06-11,0.74,0.0
MA-BA-87,Falmouth 1.5 NNW,41.566667,-70.615556,2025-06-12,0.0,0.0
MA-BA-87,Falmouth 1.5 NNW,41.566667,-70.615556,2025-06-13,0.0,0.0
MA-BA-87,Falmouth 1.5 NNW,41.566667,-70.615556,2025-06-14,0.0,0.10629921418240691
MA-BA-87,Falmouth 1.5 NNW,41.566667,-70.615556,2025-06-15,0.27,0.003937007932681738
MA-BA-87,Falmouth 1.5 NNW,41.566667,-70.615556,2025-06-16,0.0,0.0
MA-BA-87,Falmouth 1.5 NNW,41.566667,-70.615556,2025-06-17,0.0,0.007874015865363475
MA-BA-87,Falmouth 1.5 NNW,41.566667,-70.615556,2025-06-18,0.0,0.0
MA-BA-87,Falmouth 1.5 NNW,41.566667,-70.615556,2025-06-19,0.0,0.0
MA-BA-87,Falmouth 1.5 NNW,41.566667,-70.615556,2025-06-20,0.0,0.0
MA-BA-87,Falmouth 1.5 NNW,41.566667,-70.615556,2025-06-21,0.0,0.0
MA-BA-87,Falmouth 1.5 NNW,41.566667,-70.615556,2025-06-22,0.0,0.011811023798045214
MA-BA-87,Falmouth 1.5 NNW,41.566667,-70.615556,2025-06-23,0.0,0.0
MA-BA-87,Falmouth 1.5 NNW,41.566667,-70.615556,2025-06-24,0.0,0.0
MA-BA-87,Falmouth 1.5 NNW,41.566667,-70.615556,2025-06-25,0.0,0.0
MA-BA-87,Falmouth 1.5 NNW,41.566667,-70.615556,2025-06-26,0.0,0.051181103124862584
MA-BA-87,Falmouth 1.5 NNW,41.566667,-70.615556,2025-06-27,0.02,0.007874015865363475
MA-BA-87,Falmouth 1.5 NNW,41.566667,-70.615556,2025-06-28,0.0,0.003937007932681738
MA-BA-87,Falmouth 1.5 NNW,41.566667,-70.615556,2025-06-29,0.0,0.0
MA-BA-87,Falmouth 1.5 NNW,41.566667,-70.615556,2025-06-30,0.0,0.0
MA-BA-87,Falmouth 1.5 NNW,41.566667,-70.615556,2025-07-01,0.02,0.05511811105754432
MA-BA-87,Falmouth 1.5 NNW,41.566667,-70.615556,2025-07-02,0.02,0.047244095192180854
MA-BA-87,Falmouth 1.5 NNW,41.566667,-70.615556,2025-07-03,0.02,0.0
MA-BA-87,Falmouth 1.5 NNW,41.566667,-70.615556,2025-07-04,0.02,0.11811023798045213
MA-BA-87,Falmouth 1.5 NNW,41.566667,-70.615556,2025-07-05,0.0,0.0
MA-BA-87,Falmouth 1.5 NNW,41.566667,-70.615556,2025-07-06,0.0,0.0
MA-BA-87,Falmouth 1.5 NNW,41.566667,-70.615556,2025-07-07,0.0,0.051181103124862584
MA-BA-87,Falmouth 1.5 NNW,41.566667,-70.615556,2025-07-08,0.09,0.0
MA-BA-87,Falmouth 1.5 NNW,41.566667,-70.615556,2025-07-09,1.08,1.0826771814874778
MA-BA-87,Falmouth 1.5 NNW,41.566667,-70.615556,2025-07-10,0.2,0.46456693605644495
MA-BA-87,Falmouth 1.5 NNW,41.566667,-70.615556,2025-07-11,0.15,0.0
MA-BA-87,Falmouth 1.5 NNW,41.566667,-70.615556,2025-07-12,0.0,0.0
MA-BA-87,Falmouth 1.5 NNW,41.566667,-70.615556,2025-07-13,0.0,0.0
MA-BA-87,Falmouth 1.5 NNW,41.566667,-70.615556,2025-07-14,0.0,0.0
MA-BA-87,Falmouth 1.5 NNW,41.566667,-70.615556,2025-07-15,0.07,0.06692913485558954
MA-BA-87,Falmouth 1.5 NNW,41.566667,-70.615556,2025-07-16,0.04,0.0
MA-BA-87,Falmouth 1.5 NNW,41.566667,-70.615556,2025-07-17,0.0,0.05905511899022606
MA-BA-87,Falmouth 1.5 NNW,41.566667,-70.615556,2025-07-18,0.03,0.0
MA-BA-87,Falmouth 1.5 NNW,41.566667,-70.615556,2025-07-19,0.0,0.0
MA-BA-87,Falmouth 1.5 NNW,41.566667,-70.615556,2025-07-20,0.0,0.023622047596090424
MA-BA-87,Falmouth 1.5 NNW,41.566667,-70.615556,2025-07-21,0.0,0.0
MA-BA-87,Falmouth 1.5 NNW,41.566667,-70.615556,2025-07-22,0.0,0.0
MA-BA-87,Falmouth 1.5 NNW,41.566667,-70.615556,2025-07-23,0.0,0.0
MA-BA-87,Falmouth 1.5 NNW,41.566667,-70.615556,2025-07-24,0.0,0.0
MA-BA-87,Falmouth 1.5 NNW,41.566667,-70.615556,2025-07-25,0.0,0.12204724591313386
MA-BA-87,Falmouth 1.5 NNW,41.566667,-70.615556,2025-07-26,0.04,0.0
MA-BA-87,Falmouth 1.5 NNW,41.566667,-70.615556,2025-07-27,0.0,0.027559055528772164
MA-BA-87,Falmouth 1.5 NNW,41.566667,-70.615556,2025-07-28,0.0,0.0
MA-BA-87,Falmouth 1.5 NNW,41.566667,-70.615556,2025-07-29,0.0,0.0
MA-BA-87,Falmouth 1.5 NNW,41.566667,-70.615556,2025-07-30,0.0,0.0
MA-BA-87,Falmouth 1.5 NNW,41.566667,-70.615556,2025-07-31,0.0,0.047244095192180854
MA-BA-87,Falmouth 1.5 NNW,41.566667,-70.615556,2025-08-01,0.3,0.3031496108164938
MA-BA-87,Falmouth 1.5 NNW,41.566667,-70.615556,2025-08-02,0.29,0.0
MA-BA-87,Falmouth 1.5 NNW,41.566667,-70.615556,2025-08-03,0.0,0.0
MA-BA-87,Falmouth 1.5 NNW,41.566667,-70.615556,2025-08-04,0.0,0.0
MA-BA-87,Falmouth 1.5 NNW,41.566667,-70.615556,2025-08-05,0.0,0.0
MA-BA-87,Falmouth 1.5 NNW,41.566667,-70.615556,2025-08-06,0.0,0.0
MA-BA-87,Falmouth 1.5 NNW,41.566667,-70.615556,2025-08-07,0.0,0.0
MA-BA-87,Falmouth 1.5 NNW,41.566667,-70.615556,2025-08-08,0.0,0.0
MA-BA-87,Falmouth 1.5 NNW,41.566667,-70.615556,2025-08-09,0.0,0.0
MA-BA-87,Falmouth 1.5 NNW,41.566667,-70.615556,2025-08-10,0.0,0.0
MA-BA-87,Falmouth 1.5 NNW,41.566667,-70.615556,2025-08-11,0.0,0.0
MA-BA-87,Falmouth 1.5 NNW,41.566667,-70.615556,2025-08-12,0.0,0.0
MA-BA-87,Falmouth 1.5 NNW,41.566667,-70.615556,2025-08-13,0.0,0.0
MA-BA-87,Falmouth 1.5 NNW,41.566667,-70.615556,2025-08-14,0.0,0.0
MA-BA-87,Falmouth 1.5 NNW,41.566667,-70.615556,2025-08-15,0.0,0.0
MA-BA-87,Falmouth 1.5 NNW,41.566667,-70.615556,2025-08-16,0.0,0.0
MA-BA-87,Falmouth 1.5 NNW,41.566667,-70.615556,2025-08-17,0.0,0.0
MA-BA-87,Falmouth 1.5 NNW,41.566667,-70.615556,2025-08-18,0.0,0.003937007932681738
MA-BA-87,Falmouth 1.5 NNW,41.566667,-70.615556,2025-08-19,0.0,0.0
MA-BA-87,Falmouth 1.5 NNW,41.566667,-70.615556,2025-08-20,0.0,0.2007874045667686
MA-BA-87,Falmouth 1.5 NNW,41.566667,-70.615556,2025-08-21,1.6,1.2401574987947472
MA-BA-87,Falmouth 1.5 NNW,41.566667,-70.615556,2025-08-22,0.01,0.0
MA-BA-87,Falmouth 1.5 NNW,41.566667,-70.615556,2025-08-23,0.0,0.0
MA-BA-87,Falmouth 1.5 NNW,41.566667,-70.615556,2025-08-24,0.0,0.0
MA-BA-87,Falmouth 1.5 NNW,41.566667,-70.615556,2025-08-25,0.0,0.011811023798045212
MA-BA-87,Falmouth 1.5 NNW,41.566667,-70.615556,2025-08-26,0.03,0.0
MA-BA-87,Falmouth 1.5 NNW,41.566667,-70.615556,2025-08-27,0.0,0.0
MA-BA-87,Falmouth 1.5 NNW,41.566667,-70.615556,2025-08-28,0.0,0.0
MA-BA-87,Falmouth 1.5 NNW,41.566667,-70.615556,2025-08-29,0.0,0.0
MA-BA-87,Falmouth 1.5 NNW,41.566667,-70.615556,2025-08-30,0.49,0.41732284086426413
MA-BA-87,Falmouth 1.5 NNW,41.566667,-70.615556,2025-08-31,0.0,0.0
MA-BA-87,Falmouth 1.5 NNW,41.566667,-70.615556,2025-09-01,0.0,0.0
MA-BA-87,Falmouth 1.5 NNW,41.566667,-70.615556,2025-09-02,0.0,0.0
MA-BA-87,Falmouth 1.5 NNW,41.566667,-70.615556,2025-09-03,0.0,0.0
MA-BA-87,Falmouth 1.5 NNW,41.566667,-70.615556,2025-09-04,0.0,0.0
MA-BA-87,Falmouth 1.5 NNW,41.566667,-70.615556,2025-09-05,0.0,0.0
MA-BA-87,Falmouth 1.5 NNW,41.566667,-70.615556,2025-09-06,0.0,0.0
MA-BA-87,Falmouth 1.5 NNW,41.566667,-70.615556,2025-09-07,0.03,0.6259842612963962
MA-BA-87,Falmouth 1.5 NNW,41.566667,-70.615556,2025-09-08,0.55,0.007874015865363475
MA-BA-87,Falmouth 1.5 NNW,41.566667,-70.615556,2025-09-09,0.0,0.0
MA-BA-87,Falmouth 1.5 NNW,41.566667,-70.615556,2025-09-10,0.0,0.0
MA-BA-87,Falmouth 1.5 NNW,41.566667,-70.615556,2025-09-11,0.0,0.0
MA-BA-87,Falmouth 1.5 NNW,41.566667,-70.615556,2025-09-12,0.0,0.0
MA-BA-87,Falmouth 1.5 NNW,41.566667,-70.615556,2025-09-13,0.0,0.0
MA-BA-87,Falmouth 1.5 NNW,41.566667,-70.615556,2025-09-14,0.0,0.0
MA-BA-87,Falmouth 1.5 NNW,41.566667,-70.615556,2025-09-15,0.0,0.0
MA-BA-87,Falmouth 1.5 NNW,41.566667,-70.615556,2025-09-16,0.0,0.0
MA-BA-87,Falmouth 1.5 NNW,41.566667,-70.615556,2025-09-17,0.0,0.12204724591313384
MA-BA-87,Falmouth 1.5 NNW,41.566667,-70.615556,2025-09-18,0.16,0.20472441249945034
MA-BA-87,Falmouth 1.5 NNW,41.566667,-70.615556,2025-09-19,0.01,0.0
MA-BA-87,Falmouth 1.5 NNW,41.566667,-70.615556,2025-09-20,0.0,0.0
MA-BA-87,Falmouth 1.5 NNW,41.566667,-70.615556,2025-09-21,0.0,0.0
MA-BA-87,Falmouth 1.5 NNW,41.566667,-70.615556,2025-09-22,0.0,0.0
MA-BA-87,Falmouth 1.5 NNW,41.566667,-70.615556,2025-09-23,0.0,0.0
MA-BA-87,Falmouth 1.5 NNW,41.566667,-70.615556,2025-09-24,0.0,1.1417323004777038
MA-BA-87,Falmouth 1.5 NNW,41.566667,-70.615556,2025-09-25,1.27,1.6811023872551019
MA-BA-87,Falmouth 1.5 NNW,41.566667,-70.615556,2025-09-26,0.24,0.0
MA-BA-87,Falmouth 1.5 NNW,41.566667,-70.615556,2025-09-27,0.0,0.0
MA-BA-87,Falmouth 1.5 NNW,41.566667,-70.615556,2025-09-28,0.11,0.08267716658631648
MA-BA-87,Falmouth 1.5 NNW,41.566667,-70.615556,2025-09-29,0.0,0.0
MA-BA-87,Falmouth 1.5 NNW,41.566667,-70.615556,2025-09-30,0.0,0.0
MA-BA-87,Falmouth 1.5 NNW,41.566667,-70.615556,2025-10-01,0.0,0.0
MA-BA-87,Falmouth 1.5 NNW,41.566667,-70.615556,2025-10-02,0.0,0.0
MA-BA-87,Falmouth 1.5 NNW,41.566667,-70.615556,2025-10-03,0.0,0.0
MA-BA-87,Falmouth 1.5 NNW,41.566667,-70.615556,2025-10-04,0.0,0.0
MA-BA-87,Falmouth 1.5 NNW,41.566667,-70.615556,2025-10-05,0.0,0.0
MA-BA-87,Falmouth 1.5 NNW,41.566667,-70.615556,2025-10-06,0.0,0.0
MA-BA-87,Falmouth 1.5 NNW,41.566667,-70.615556,2025-10-07,0.0,0.0
MA-BA-87,Falmouth 1.5 NNW,41.566667,-70.615556,2025-10-08,0.0,0.7677165468729388
MA-BA-87,Falmouth 1.5 NNW,41.566667,-70.615556,2025-10-09,0.74,0.0
MA-BA-87,Falmouth 1.5 NNW,41.566667,-70.615556,2025-10-10,0.0,0.0
MA-BA-87,Falmouth 1.5 NNW,41.566667,-70.615556,2025-10-11,0.0,0.0
MA-BA-87,Falmouth 1.5 NNW,41.566667,-70.615556,2025-10-12,0.0,0.7519685151422119
MA-BA-87,Falmouth 1.5 NNW,41.566667,-70.615556,2025-10-13,2.2,1.7322834903799642
MA-BA-87,Falmouth 1.5 NNW,41.566667,-70.615556,2025-10-14,1.11,0.6614173326905319
MA-BA-87,Falmouth 1.5 NNW,41.566667,-70.615556,2025-10-15,0.32,0.0
MA-BA-87,Falmouth 1.5 NNW,41.566667,-70.615556,2025-10-16,0.0,0.0
MA-BA-87,Falmouth 1.5 NNW,41.566667,-70.615556,2025-10-17,0.0,0.0
MA-BA-87,Falmouth 1.5 NNW,41.566667,-70.615556,2025-10-18,0.0,0.0
MA-BA-87,Falmouth 1.5 NNW,41.566667,-70.615556,2025-10-19,0.0,0.0
MA-BA-87,Falmouth 1.5 NNW,41.566667,-70.615556,2025-10-20,0.0,0.5905511899022606
MA-BA-87,Falmouth 1.5 NNW,41.566667,-70.615556,2025-10-21,0.58,0.0
MA-BA-87,Falmouth 1.5 NNW,41.566667,-70.615556,2025-10-22,0.0,0.019685039663408687
MA-BA-87,Falmouth 1.5 NNW,41.566667,-70.615556,2025-10-23,0.03,0.0
MA-BA-87,Falmouth 1.5 NNW,41.566667,-70.615556,2025-10-24,0.0,0.0
MA-BA-87,Falmouth 1.5 NNW,41.566667,-70.615556,2025-10-25,0.0,0.0
MA-BA-87,Falmouth 1.5 NNW,41.566667,-70.615556,2025-10-26,0.0,0.0
MA-BA-87,Falmouth 1.5 NNW,41.566667,-70.615556,2025-10-27,0.0,0.0
MA-BA-87,Falmouth 1.5 NNW,41.566667,-70.615556,2025-10-28,0.02,0.01574803173072695
MA-BA-87,Falmouth 1.5 NNW,41.566667,-70.615556,2025-10-29,0.03,0.007874015865363475
MA-BA-87,Falmouth 1.5 NNW,41.566667,-70.615556,2025-10-30,0.08,0.06692913485558953
MA-BA-87,Falmouth 1.5 NNW,41.566667,-70.615556,2025-10-31,1.52,1.1889763956698847
MA-BA-87,Falmouth 1.5 NNW,41.566667,-70.615556,2025-11-01,0.03,0.0
MA-BA-87,Falmouth 1.5 NNW,41.566667,-70.615556,2025-11-02,0.0,0.0
MA-BA-87,Falmouth 1.5 NNW,41.566667,-70.615556,2025-11-03,0.0,0.23622047596090426
MA-BA-87,Falmouth 1.5 NNW,41.566667,-70.615556,2025-11-04,0.24,0.11023622211508864
MA-BA-87,Falmouth 1.5 NNW,41.566667,-70.615556,2025-11-05,0.0,0.0
MA-BA-87,Falmouth 1.5 NNW,41.566667,-70.615556,2025-11-06,0.02,0.04724409519218085
MA-BA-87,Falmouth 1.5 NNW,41.566667,-70.615556,2025-11-07,0.0,0.0
MA-BA-87,Falmouth 1.5 NNW,41.566667,-70.615556,2025-11-08,0.14,0.15748031730726952
MA-BA-87,Falmouth 1.5 NNW,41.566667,-70.615556,2025-11-09,0.03,1.271653562256201
MA-BA-87,Falmouth 1.5 NNW,41.566667,-70.615556,2025-11-10,2.43,0.9173228483148448
MA-BA-87,Falmouth 1.5 NNW,41.566667,-70.615556,2025-11-11,0.42,0.019685039663408687
MA-BA-87,Falmouth 1.5 NNW,41.566667,-70.615556,2025-11-12,0.0,0.0
MA-BA-87,Falmouth 1.5 NNW,41.566667,-70.615556,2025-11-13,0.0,0.023622047596090427
MA-BA-87,Falmouth 1.5 NNW,41.566667,-70.615556,2025-11-14,0.02,0.0
MA-BA-87,Falmouth 1.5 NNW,41.566667,-70.615556,2025-11-15,0.0,0.0
MA-BA-87,Falmouth 1.5 NNW,41.566667,-70.615556,2025-11-16,0.67,0.7716535548056205
MA-BA-87,Falmouth 1.5 NNW,41.566667,-70.615556,2025-11-17,0.0,0.0
MA-BA-87,Falmouth 1.5 NNW,41.566667,-70.615556,2025-11-18,0.0,0.0
MA-BA-87,Falmouth 1.5 NNW,41.566667,-70.615556,2025-11-19,0.0,0.0
MA-BA-87,Falmouth 1.5 NNW,41.566667,-70.615556,2025-11-20,0.0,0.0
MA-BA-87,Falmouth 1.5 NNW,41.566667,-70.615556,2025-11-21,0.0,0.0
MA-BA-87,Falmouth 1.5 NNW,41.566667,-70.615556,2025-11-22,0.02,0.1889763807687234
MA-BA-87,Falmouth 1.5 NNW,41.566667,-70.615556,2025-11-23,0.18,0.01574803173072695
MA-BA-87,Falmouth 1.5 NNW,41.566667,-70.615556,2025-11-24,0.01,0.003937007932681738
MA-BA-87,Falmouth 1.5 NNW,41.566667,-70.615556,2025-11-25,0.0,0.0
MA-BA-87,Falmouth 1.5 NNW,41.566667,-70.615556,2025-11-26,0.21,0.2125984283648138
MA-BA-87,Falmouth 1.5 NNW,41.566667,-70.615556,2025-11-27,0.04,0.011811023798045212
MA-BA-87,Falmouth 1.5 NNW,41.566667,-70.615556,2025-11-28,0.0,0.0
MA-BA-87,Falmouth 1.5 NNW,41.566667,-70.615556,2025-11-29,0.0,0.0
MA-BA-87,Falmouth 1.5 NNW,41.566667,-70.615556,2025-11-30,0.0,0.06692913485558954
MA-BA-87,Falmouth 1.5 NNW,41.566667,-70.615556,2025-12-01,0.3,0.34251969014331113
MA-BA-87,Falmouth 1.5 NNW,41.566667,-70.615556,2025-12-02,0.0,0.5196850471139893
MA-BA-87,Falmouth 1.5 NNW,41.566667,-70.615556,2025-12-03,0.95,0.35039370600867464
MA-BA-87,Falmouth 1.5 NNW,41.566667,-70.615556,2025-12-04,0.0,0.0
MA-BA-87,Falmouth 1.5 NNW,41.566667,-70.615556,2025-12-05,0.0,0.0
MA-BA-87,Falmouth 1.5 NNW,41.566667,-70.615556,2025-12-06,0.0,0.0314960634614539
MA-BA-87,Falmouth 1.5 NNW,41.566667,-70.615556,2025-12-07,0.04,0.0
MA-BA-87,Falmouth 1.5 NNW,41.566667,-70.615556,2025-12-08,0.0,0.0
MA-BA-87,Falmouth 1.5 NNW,41.566667,-70.615556,2025-12-09,0.0,0.0
MA-BA-87,Falmouth 1.5 NNW,41.566667,-70.615556,2025-12-10,0.04,0.04724409519218085
MA-BA-87,Falmouth 1.5 NNW,41.566667,-70.615556,2025-12-11,0.02,0.023622047596090424
MA-BA-87,Falmouth 1.5 NNW,41.566667,-70.615556,2025-12-12,0.0,0.0
MA-BA-87,Falmouth 1.5 NNW,41.566667,-70.615556,2025-12-13,0.0,0.0
MA-BA-87,Falmouth 1.5 NNW,41.566667,-70.615556,2025-12-14,0.17,0.3661417377394016
MA-BA-87,Falmouth 1.5 NNW,41.566667,-70.615556,2025-12-15,0.08,0.01574803173072695
MA-BA-87,Falmouth 1.5 NNW,41.566667,-70.615556,2025-12-16,0.0,0.0
MA-BA-87,Falmouth 1.5 NNW,41.566667,-70.615556,2025-12-18,0.0,0.0
MA-BA-87,Falmouth 1.5 NNW,41.566667,-70.615556,2025-12-19,0.07,0.5393700867773981
MA-BA-87,Falmouth 1.5 NNW,41.566667,-70.615556,2025-12-20,0.3,0.01574803173072695
MA-BA-87,Falmouth 1.5 NNW,41.566667,-70.615556,2025-12-21,0.0,0.0
MA-BA-87,Falmouth 1.5 NNW,41.566667,-70.615556,2025-12-22,0.0,0.0
MA-BA-87,Falmouth 1.5 NNW,41.566667,-70.615556,2025-12-23,0.0,0.039370079326817374
MA-BA-87,Falmouth 1.5 NNW,41.566667,-70.615556,2025-12-24,0.09,0.0629921269229078
MA-BA-87,Falmouth 1.5 NNW,41.566667,-70.615556,2025-12-25,0.0,0.0
MA-BA-87,Falmouth 1.5 NNW,41.566667,-70.615556,2025-12-26,0.0,0.0
MA-BA-87,Falmouth 1.5 NNW,41.566667,-70.615556,2025-12-27,0.24,0.1889763807687234
MA-BA-87,Falmouth 1.5 NNW,41.566667,-70.615556,2025-12-28,0.0,0.0
MA-BA-87,Falmouth 1.5 NNW,41.566667,-70.615556,2025-12-29,0.27,0.4448818963930363
MA-BA-87,Falmouth 1.5 NNW,41.566667,-70.615556,2025-12-30,0.22,0.0
MA-BA-87,Falmouth 1.5 NNW,41.566667,-70.615556,2025-12-31,0.0,0.0
MA-BA-101,North Falmouth 1.2 SE,41.6328232,-70.614358,2025-10-09,0.9,0.0
MA-BA-101,North Falmouth 1.2 SE,41.6328232,-70.614358,2025-10-10,0.0,0.0
MA-BA-101,North Falmouth 1.2 SE,41.6328232,-70.614358,2025-10-11,0.0,0.0
MA-BA-101,North Falmouth 1.2 SE,41.6328232,-70.614358,2025-10-12,0.0,0.7637795389402571
MA-BA-101,North Falmouth 1.2 SE,41.6328232,-70.614358,2025-10-13,2.48,2.0078740456676862
MA-BA-101,North Falmouth 1.2 SE,41.6328232,-70.614358,2025-10-14,1.36,0.8661417451899822
MA-BA-101,North Falmouth 1.2 SE,41.6328232,-70.614358,2025-10-16,0.0,0.0
MA-BA-101,North Falmouth 1.2 SE,41.6328232,-70.614358,2025-10-17,0.0,0.0
MA-BA-101,North Falmouth 1.2 SE,41.6328232,-70.614358,2025-10-18,0.0,0.0
MA-BA-101,North Falmouth 1.2 SE,41.6328232,-70.614358,2025-10-19,0.0,0.0
MA-BA-101,North Falmouth 1.2 SE,41.6328232,-70.614358,2025-10-20,0.0,0.6417322930271232
MA-BA-101,North Falmouth 1.2 SE,41.6328232,-70.614358,2025-10-21,0.78,0.0
MA-BA-101,North Falmouth 1.2 SE,41.6328232,-70.614358,2025-10-25,0.0,0.0
MA-BA-101,North Falmouth 1.2 SE,41.6328232,-70.614358,2025-11-01,0.01,0.0
MA-BA-101,North Falmouth 1.2 SE,41.6328232,-70.614358,2025-11-03,0.0,0.21653543629749555
MA-BA-101,North Falmouth 1.2 SE,41.6328232,-70.614358,2025-11-04,0.35,0.1259842538458156
MA-BA-101,North Falmouth 1.2 SE,41.6328232,-70.614358,2025-11-09,0.03,0.9724409593723891
MA-BA-101,North Falmouth 1.2 SE,41.6328232,-70.614358,2025-11-10,2.27,1.0118110386992063
MA-BA-101,North Falmouth 1.2 SE,41.6328232,-70.614358,2025-11-11,0.47,0.01574803173072695
MA-BA-101,North Falmouth 1.2 SE,41.6328232,-70.614358,2025-12-20,0.42,0.04724409519218085
MA-BA-101,North Falmouth 1.2 SE,41.6328232,-70.614358,2025-12-21,0.0,0.0
MA-BA-105,Falmouth 4.9 NNW,41.6104,-70.6463,2025-01-01,0.56,0.6456693009598049
MA-BA-105,Falmouth 4.9 NNW,41.6104,-70.6463,2025-01-02,0.1,0.16141732523995123
MA-BA-105,Falmouth 4.9 NNW,41.6104,-70.6463,2025-01-03,0.0,0.0
MA-BA-105,Falmouth 4.9 NNW,41.6104,-70.6463,2025-01-04,0.0,0.0
MA-BA-105,Falmouth 4.9 NNW,41.6104,-70.6463,2025-01-05,0.0,0.0
MA-BA-105,Falmouth 4.9 NNW,41.6104,-70.6463,2025-01-06,0.0,0.0
MA-BA-105,Falmouth 4.9 NNW,41.6104,-70.6463,2025-01-07,0.0,0.0
MA-BA-105,Falmouth 4.9 NNW,41.6104,-70.6463,2025-01-08,0.0,0.0
MA-BA-105,Falmouth 4.9 NNW,41.6104,-70.6463,2025-01-09,0.0,0.0
MA-BA-105,Falmouth 4.9 NNW,41.6104,-70.6463,2025-01-10,0.0,0.0
MA-BA-105,Falmouth 4.9 NNW,41.6104,-70.6463,2025-01-11,0.0,0.11811023798045213
MA-BA-105,Falmouth 4.9 NNW,41.6104,-70.6463,2025-01-12,0.04,0.011811023798045212
MA-BA-105,Falmouth 4.9 NNW,41.6104,-70.6463,2025-01-13,0.0,0.0
MA-BA-105,Falmouth 4.9 NNW,41.6104,-70.6463,2025-01-14,0.0,0.0
MA-BA-105,Falmouth 4.9 NNW,41.6104,-70.6463,2025-01-15,0.0,0.0
MA-BA-105,Falmouth 4.9 NNW,41.6104,-70.6463,2025-01-16,0.0,0.0
MA-BA-105,Falmouth 4.9 NNW,41.6104,-70.6463,2025-01-17,0.0,0.0
MA-BA-105,Falmouth 4.9 NNW,41.6104,-70.6463,2025-01-18,0.0,0.149606301441906
MA-BA-105,Falmouth 4.9 NNW,41.6104,-70.6463,2025-01-19,0.53,0.3543307139413564
MA-BA-105,Falmouth 4.9 NNW,41.6104,-70.6463,2025-01-20,0.47,0.3307086663452659
MA-BA-105,Falmouth 4.9 NNW,41.6104,-70.6463,2025-01-21,0.0,0.0
MA-BA-105,Falmouth 4.9 NNW,41.6104,-70.6463,2025-01-22,0.01,0.003937007932681738
MA-BA-105,Falmouth 4.9 NNW,41.6104,-70.6463,2025-01-23,0.0,0.0
MA-BA-105,Falmouth 4.9 NNW,41.6104,-70.6463,2025-01-24,0.0,0.0
MA-BA-105,Falmouth 4.9 NNW,41.6104,-70.6463,2025-01-25,0.0,0.0
MA-BA-105,Falmouth 4.9 NNW,41.6104,-70.6463,2025-01-26,0.0,0.0
MA-BA-105,Falmouth 4.9 NNW,41.6104,-70.6463,2025-01-27,0.0,0.0
MA-BA-105,Falmouth 4.9 NNW,41.6104,-70.6463,2025-01-28,0.0,0.0
MA-BA-105,Falmouth 4.9 NNW,41.6104,-70.6463,2025-01-29,0.0,0.011811023798045214
MA-BA-105,Falmouth 4.9 NNW,41.6104,-70.6463,2025-01-30,0.0,0.0
MA-BA-105,Falmouth 4.9 NNW,41.6104,-70.6463,2025-01-31,0.0,0.22834646009554077
MA-BA-105,Falmouth 4.9 NNW,41.6104,-70.6463,2025-02-01,0.69,0.46062992812376335
MA-BA-105,Falmouth 4.9 NNW,41.6104,-70.6463,2025-02-04,0.0,0.0
MA-BA-105,Falmouth 4.9 NNW,41.6104,-70.6463,2025-02-05,0.0,0.0
MA-BA-105,Falmouth 4.9 NNW,41.6104,-70.6463,2025-02-06,0.0,0.2559055156243129
MA-BA-105,Falmouth 4.9 NNW,41.6104,-70.6463,2025-02-07,0.26,0.0
MA-BA-105,Falmouth 4.9 NNW,41.6104,-70.6463,2025-02-08,0.0,0.0
MA-BA-105,Falmouth 4.9 NNW,41.6104,-70.6463,2025-02-09,0.53,0.32283465047990245
MA-BA-105,Falmouth 4.9 NNW,41.6104,-70.6463,2025-02-10,0.0,0.0
MA-BA-105,Falmouth 4.9 NNW,41.6104,-70.6463,2025-02-11,0.0,0.0
MA-BA-105,Falmouth 4.9 NNW,41.6104,-70.6463,2025-02-12,0.01,0.03543307139413564
MA-BA-105,Falmouth 4.9 NNW,41.6104,-70.6463,2025-02-13,0.15,0.14566929350922428
MA-BA-105,Falmouth 4.9 NNW,41.6104,-70.6463,2025-02-14,0.02,0.0
MA-BA-105,Falmouth 4.9 NNW,41.6104,-70.6463,2025-02-15,0.0,0.0
MA-BA-105,Falmouth 4.9 NNW,41.6104,-70.6463,2025-02-17,1.16,0.011811023798045212
MA-BA-105,Falmouth 4.9 NNW,41.6104,-70.6463,2025-02-18,0.0,0.0
MA-BA-105,Falmouth 4.9 NNW,41.6104,-70.6463,2025-02-19,0.0,0.0
MA-BA-105,Falmouth 4.9 NNW,41.6104,-70.6463,2025-02-20,0.0,0.0
MA-BA-105,Falmouth 4.9 NNW,41.6104,-70.6463,2025-02-21,0.0,0.0
MA-BA-105,Falmouth 4.9 NNW,41.6104,-70.6463,2025-02-22,0.0,0.0
MA-BA-105,Falmouth 4.9 NNW,41.6104,-70.6463,2025-02-23,0.0,0.0
MA-BA-105,Falmouth 4.9 NNW,41.6104,-70.6463,2025-02-24,0.0,0.0
MA-BA-105,Falmouth 4.9 NNW,41.6104,-70.6463,2025-02-25,0.0,0.0
MA-BA-105,Falmouth 4.9 NNW,41.6104,-70.6463,2025-02-26,0.0,0.0
MA-BA-105,Falmouth 4.9 NNW,41.6104,-70.6463,2025-02-27,0.02,0.14173228557654255
MA-BA-105,Falmouth 4.9 NNW,41.6104,-70.6463,2025-02-28,0.04,0.03543307139413564
MA-BA-105,Falmouth 4.9 NNW,41.6104,-70.6463,2025-03-01,0.0,0.0
MA-BA-105,Falmouth 4.9 NNW,41.6104,-70.6463,2025-03-02,0.0,0.0
MA-BA-105,Falmouth 4.9 NNW,41.6104,-70.6463,2025-03-03,0.0,0.0
MA-BA-105,Falmouth 4.9 NNW,41.6104,-70.6463,2025-03-04,0.0,0.0
MA-BA-105,Falmouth 4.9 NNW,41.6104,-70.6463,2025-03-05,0.0,0.0
MA-BA-105,Falmouth 4.9 NNW,41.6104,-70.6463,2025-03-06,0.44,0.46062992812376324
MA-BA-105,Falmouth 4.9 NNW,41.6104,-70.6463,2025-03-07,0.04,0.074803150720953
MA-BA-105,Falmouth 4.9 NNW,41.6104,-70.6463,2025-03-08,0.0,0.0
MA-BA-105,Falmouth 4.9 NNW,41.6104,-70.6463,2025-03-09,0.0,0.0
MA-BA-105,Falmouth 4.9 NNW,41.6104,-70.6463,2025-03-10,0.0,0.0
MA-BA-105,Falmouth 4.9 NNW,41.6104,-70.6463,2025-03-11,0.0,0.0
MA-BA-105,Falmouth 4.9 NNW,41.6104,-70.6463,2025-03-12,0.0,0.0
MA-BA-105,Falmouth 4.9 NNW,41.6104,-70.6463,2025-03-13,0.0,0.0
MA-BA-105,Falmouth 4.9 NNW,41.6104,-70.6463,2025-03-14,0.0,0.0
MA-BA-105,Falmouth 4.9 NNW,41.6104,-70.6463,2025-03-15,0.0,0.0
MA-BA-105,Falmouth 4.9 NNW,41.6104,-70.6463,2025-03-16,0.0,0.0
MA-BA-105,Falmouth 4.9 NNW,41.6104,-70.6463,2025-03-17,0.43,1.9488189266774605
MA-BA-105,Falmouth 4.9 NNW,41.6104,-70.6463,2025-03-18,1.82,0.11417323004777039
MA-BA-105,Falmouth 4.9 NNW,41.6104,-70.6463,2025-03-19,0.0,0.0
MA-BA-105,Falmouth 4.9 NNW,41.6104,-70.6463,2025-03-20,0.01,0.0
MA-BA-105,Falmouth 4.9 NNW,41.6104,-70.6463,2025-03-21,0.28,0.3976378012008555
MA-BA-105,Falmouth 4.9 NNW,41.6104,-70.6463,2025-03-22,0.12,0.0
MA-BA-105,Falmouth 4.9 NNW,41.6104,-70.6463,2025-03-23,0.0,0.0
MA-BA-105,Falmouth 4.9 NNW,41.6104,-70.6463,2025-03-24,0.0,0.4133858329315825
MA-BA-105,Falmouth 4.9 NNW,41.6104,-70.6463,2025-03-25,0.54,0.18503937283604166
MA-BA-105,Falmouth 4.9 NNW,41.6104,-70.6463,2025-03-26,0.0,0.011811023798045212
MA-BA-105,Falmouth 4.9 NNW,41.6104,-70.6463,2025-03-27,0.0,0.019685039663408687
MA-BA-105,Falmouth 4.9 NNW,41.6104,-70.6463,2025-03-28,0.0,0.0
MA-BA-105,Falmouth 4.9 NNW,41.6104,-70.6463,2025-03-29,0.05,0.023622047596090427
MA-BA-105,Falmouth 4.9 NNW,41.6104,-70.6463,2025-03-30,0.09,0.07874015865363475
MA-BA-105,Falmouth 4.9 NNW,41.6104,-70.6463,2025-03-31,0.01,0.0
MA-BA-105,Falmouth 4.9 NNW,41.6104,-70.6463,2025-04-01,0.21,0.25196850769163126
MA-BA-105,Falmouth 4.9 NNW,41.6104,-70.6463,2025-04-02,0.06,0.03543307139413564
MA-BA-105,Falmouth 4.9 NNW,41.6104,-70.6463,2025-04-03,0.2,0.3385826822106294
MA-BA-105,Falmouth 4.9 NNW,41.6104,-70.6463,2025-04-04,0.18,0.0
MA-BA-105,Falmouth 4.9 NNW,41.6104,-70.6463,2025-04-05,0.0,0.07874015865363475
MA-BA-105,Falmouth 4.9 NNW,41.6104,-70.6463,2025-04-06,0.78,0.5039370153832625
MA-BA-105,Falmouth 4.9 NNW,41.6104,-70.6463,2025-04-07,0.03,0.24409449182626772
MA-BA-105,Falmouth 4.9 NNW,41.6104,-70.6463,2025-04-08,0.56,0.24803149975894945
MA-BA-105,Falmouth 4.9 NNW,41.6104,-70.6463,2025-04-09,0.04,0.0
MA-BA-105,Falmouth 4.9 NNW,41.6104,-70.6463,2025-04-12,0.35,0.3543307139413564
MA-BA-105,Falmouth 4.9 NNW,41.6104,-70.6463,2025-04-13,0.18,0.6811023723539406
MA-BA-105,Falmouth 4.9 NNW,41.6104,-70.6463,2025-04-22,0.1,0.08267716658631649
MA-BA-105,Falmouth 4.9 NNW,41.6104,-70.6463,2025-04-23,0.01,0.0
MA-BA-105,Falmouth 4.9 NNW,41.6104,-70.6463,2025-04-24,0.0,0.0
MA-BA-105,Falmouth 4.9 NNW,41.6104,-70.6463,2025-04-25,0.0,0.0
MA-BA-105,Falmouth 4.9 NNW,41.6104,-70.6463,2025-04-26,0.0,0.5433070947100797
MA-BA-105,Falmouth 4.9 NNW,41.6104,-70.6463,2025-04-27,0.8,0.18503937283604166
MA-BA-105,Falmouth 4.9 NNW,41.6104,-70.6463,2025-04-28,0.01,0.0
MA-BA-105,Falmouth 4.9 NNW,41.6104,-70.6463,2025-04-29,0.0,0.0
MA-BA-105,Falmouth 4.9 NNW,41.6104,-70.6463,2025-04-30,0.0,0.0
MA-BA-105,Falmouth 4.9 NNW,41.6104,-70.6463,2025-05-01,0.0,0.0
MA-BA-105,Falmouth 4.9 NNW,41.6104,-70.6463,2025-05-02,0.56,0.5000000074505806
MA-BA-105,Falmouth 4.9 NNW,41.6104,-70.6463,2025-05-03,0.0,0.0
MA-BA-105,Falmouth 4.9 NNW,41.6104,-70.6463,2025-05-04,0.0,0.0
MA-BA-105,Falmouth 4.9 NNW,41.6104,-70.6463,2025-05-05,0.13,0.10236220624972518
MA-BA-105,Falmouth 4.9 NNW,41.6104,-70.6463,2025-05-06,0.01,0.11023622211508864
MA-BA-105,Falmouth 4.9 NNW,41.6104,-70.6463,2025-05-07,0.11,0.0
MA-BA-105,Falmouth 4.9 NNW,41.6104,-70.6463,2025-05-08,0.0,0.0
MA-BA-105,Falmouth 4.9 NNW,41.6104,-70.6463,2025-05-09,0.0,0.7637795389402571
MA-BA-105,Falmouth 4.9 NNW,41.6104,-70.6463,2025-05-10,1.1,0.37007874567208326
MA-BA-105,Falmouth 4.9 NNW,41.6104,-70.6463,2025-05-11,0.01,0.0
MA-BA-105,Falmouth 4.9 NNW,41.6104,-70.6463,2025-05-12,0.0,0.0
MA-BA-105,Falmouth 4.9 NNW,41.6104,-70.6463,2025-05-13,0.0,0.0
MA-BA-105,Falmouth 4.9 NNW,41.6104,-70.6463,2025-05-15,0.01,0.059055118990226065
MA-BA-105,Falmouth 4.9 NNW,41.6104,-70.6463,2025-05-16,0.02,0.0
MA-BA-105,Falmouth 4.9 NNW,41.6104,-70.6463,2025-05-17,0.0,0.0
MA-BA-105,Falmouth 4.9 NNW,41.6104,-70.6463,2025-05-18,0.01,0.003937007932681738
MA-BA-105,Falmouth 4.9 NNW,41.6104,-70.6463,2025-05-19,0.0,0.0
MA-BA-105,Falmouth 4.9 NNW,41.6104,-70.6463,2025-05-20,0.0,0.0
MA-BA-105,Falmouth 4.9 NNW,41.6104,-70.6463,2025-05-21,0.0,0.0
MA-BA-105,Falmouth 4.9 NNW,41.6104,-70.6463,2025-05-23,4.47,1.673228371389738
MA-BA-105,Falmouth 4.9 NNW,41.6104,-70.6463,2025-05-24,0.01,0.039370079326817374
MA-BA-105,Falmouth 4.9 NNW,41.6104,-70.6463,2025-05-25,0.04,0.0
MA-BA-105,Falmouth 4.9 NNW,41.6104,-70.6463,2025-05-26,0.0,0.0
MA-BA-105,Falmouth 4.9 NNW,41.6104,-70.6463,2025-05-27,0.0,0.0
MA-BA-105,Falmouth 4.9 NNW,41.6104,-70.6463,2025-05-29,0.17,0.1889763807687234
MA-BA-105,Falmouth 4.9 NNW,41.6104,-70.6463,2025-05-30,0.04,0.0
MA-BA-105,Falmouth 4.9 NNW,41.6104,-70.6463,2025-05-31,0.17,0.22047244423017728
MA-BA-105,Falmouth 4.9 NNW,41.6104,-70.6463,2025-06-01,0.0,0.0
MA-BA-105,Falmouth 4.9 NNW,41.6104,-70.6463,2025-06-02,0.0,0.0
MA-BA-105,Falmouth 4.9 NNW,41.6104,-70.6463,2025-06-03,0.0,0.0
MA-BA-105,Falmouth 4.9 NNW,41.6104,-70.6463,2025-06-04,0.0,0.0
MA-BA-105,Falmouth 4.9 NNW,41.6104,-70.6463,2025-06-05,0.0,0.0
MA-BA-105,Falmouth 4.9 NNW,41.6104,-70.6463,2025-06-06,0.0,0.0
MA-BA-105,Falmouth 4.9 NNW,41.6104,-70.6463,2025-06-07,0.0,0.20472441249945036
MA-BA-105,Falmouth 4.9 NNW,41.6104,-70.6463,2025-06-08,0.15,0.0
MA-BA-105,Falmouth 4.9 NNW,41.6104,-70.6463,2025-06-09,0.0,0.0
MA-BA-105,Falmouth 4.9 NNW,41.6104,-70.6463,2025-06-10,0.05,0.8346456817285282
MA-BA-105,Falmouth 4.9 NNW,41.6104,-70.6463,2025-06-11,0.64,0.0
MA-BA-105,Falmouth 4.9 NNW,41.6104,-70.6463,2025-06-12,0.0,0.0
MA-BA-105,Falmouth 4.9 NNW,41.6104,-70.6463,2025-06-13,0.0,0.0
MA-BA-105,Falmouth 4.9 NNW,41.6104,-70.6463,2025-06-14,0.0,0.08661417451899822
MA-BA-105,Falmouth 4.9 NNW,41.6104,-70.6463,2025-06-15,0.17,0.003937007932681738
MA-BA-105,Falmouth 4.9 NNW,41.6104,-70.6463,2025-06-16,0.0,0.0
MA-BA-105,Falmouth 4.9 NNW,41.6104,-70.6463,2025-06-17,0.0,0.0
MA-BA-105,Falmouth 4.9 NNW,41.6104,-70.6463,2025-06-18,0.0,0.0
MA-BA-105,Falmouth 4.9 NNW,41.6104,-70.6463,2025-06-19,0.0,0.0
MA-BA-105,Falmouth 4.9 NNW,41.6104,-70.6463,2025-06-20,0.0,0.0
MA-BA-105,Falmouth 4.9 NNW,41.6104,-70.6463,2025-06-22,0.0,0.011811023798045212
MA-BA-105,Falmouth 4.9 NNW,41.6104,-70.6463,2025-06-23,0.0,0.0
MA-BA-105,Falmouth 4.9 NNW,41.6104,-70.6463,2025-06-24,0.0,0.0
MA-BA-105,Falmouth 4.9 NNW,41.6104,-70.6463,2025-06-25,0.0,0.0
MA-BA-105,Falmouth 4.9 NNW,41.6104,-70.6463,2025-06-26,0.0,0.02755905552877216
MA-BA-105,Falmouth 4.9 NNW,41.6104,-70.6463,2025-06-27,0.0,0.0
MA-BA-105,Falmouth 4.9 NNW,41.6104,-70.6463,2025-07-05,0.0,0.0
MA-BA-105,Falmouth 4.9 NNW,41.6104,-70.6463,2025-07-06,0.0,0.0
MA-BA-105,Falmouth 4.9 NNW,41.6104,-70.6463,2025-07-07,0.0,0.05905511899022606
MA-BA-105,Falmouth 4.9 NNW,41.6104,-70.6463,2025-07-08,0.19,0.0
MA-BA-105,Falmouth 4.9 NNW,41.6104,-70.6463,2025-07-09,0.45,1.01968505456457
MA-BA-105,Falmouth 4.9 NNW,41.6104,-70.6463,2025-07-12,0.0,0.0
MA-BA-105,Falmouth 4.9 NNW,41.6104,-70.6463,2025-07-13,0.0,0.0
MA-BA-105,Falmouth 4.9 NNW,41.6104,-70.6463,2025-07-14,0.0,0.0
MA-BA-105,Falmouth 4.9 NNW,41.6104,-70.6463,2025-07-15,0.07,0.0629921269229078
MA-BA-105,Falmouth 4.9 NNW,41.6104,-70.6463,2025-07-19,0.01,0.0
MA-BA-105,Falmouth 4.9 NNW,41.6104,-70.6463,2025-07-20,0.0,0.051181103124862584
MA-BA-105,Falmouth 4.9 NNW,41.6104,-70.6463,2025-07-21,0.06,0.0
MA-BA-105,Falmouth 4.9 NNW,41.6104,-70.6463,2025-07-22,0.0,0.0
MA-BA-105,Falmouth 4.9 NNW,41.6104,-70.6463,2025-07-23,0.0,0.0
MA-BA-105,Falmouth 4.9 NNW,41.6104,-70.6463,2025-07-24,0.0,0.0
MA-BA-105,Falmouth 4.9 NNW,41.6104,-70.6463,2025-07-25,0.0,0.149606301441906
MA-BA-105,Falmouth 4.9 NNW,41.6104,-70.6463,2025-07-26,0.07,0.0
MA-BA-105,Falmouth 4.9 NNW,41.6104,-70.6463,2025-07-27,0.0,0.04330708725949911
MA-BA-105,Falmouth 4.9 NNW,41.6104,-70.6463,2025-07-28,0.01,0.0
MA-BA-105,Falmouth 4.9 NNW,41.6104,-70.6463,2025-07-29,0.0,0.0
MA-BA-105,Falmouth 4.9 NNW,41.6104,-70.6463,2025-07-30,0.0,0.0
MA-BA-105,Falmouth 4.9 NNW,41.6104,-70.6463,2025-07-31,0.0,0.011811023798045214
MA-BA-105,Falmouth 4.9 NNW,41.6104,-70.6463,2025-08-03,0.0,0.0
MA-BA-105,Falmouth 4.9 NNW,41.6104,-70.6463,2025-08-04,0.0,0.0
MA-BA-105,Falmouth 4.9 NNW,41.6104,-70.6463,2025-08-05,0.0,0.0
MA-BA-105,Falmouth 4.9 NNW,41.6104,-70.6463,2025-08-06,0.0,0.0
MA-BA-105,Falmouth 4.9 NNW,41.6104,-70.6463,2025-08-07,0.0,0.0
MA-BA-105,Falmouth 4.9 NNW,41.6104,-70.6463,2025-08-08,0.0,0.0
MA-BA-105,Falmouth 4.9 NNW,41.6104,-70.6463,2025-08-09,0.0,0.0
MA-BA-105,Falmouth 4.9 NNW,41.6104,-70.6463,2025-08-10,0.0,0.0
MA-BA-105,Falmouth 4.9 NNW,41.6104,-70.6463,2025-08-11,0.0,0.0
MA-BA-105,Falmouth 4.9 NNW,41.6104,-70.6463,2025-08-12,0.0,0.0
MA-BA-105,Falmouth 4.9 NNW,41.6104,-70.6463,2025-08-13,0.0,0.0
MA-BA-105,Falmouth 4.9 NNW,41.6104,-70.6463,2025-08-14,0.0,0.0
MA-BA-105,Falmouth 4.9 NNW,41.6104,-70.6463,2025-08-15,0.0,0.0
MA-BA-105,Falmouth 4.9 NNW,41.6104,-70.6463,2025-08-16,0.0,0.0
MA-BA-105,Falmouth 4.9 NNW,41.6104,-70.6463,2025-08-17,0.0,0.0
MA-BA-105,Falmouth 4.9 NNW,41.6104,-70.6463,2025-08-18,0.0,0.003937007932681738
MA-BA-105,Falmouth 4.9 NNW,41.6104,-70.6463,2025-08-19,0.0,0.0
MA-BA-105,Falmouth 4.9 NNW,41.6104,-70.6463,2025-08-20,0.0,0.15354330937458777
MA-BA-105,Falmouth 4.9 NNW,41.6104,-70.6463,2025-08-21,1.27,1.169291356006476
MA-BA-105,Falmouth 4.9 NNW,41.6104,-70.6463,2025-08-22,0.02,0.0
MA-BA-105,Falmouth 4.9 NNW,41.6104,-70.6463,2025-08-23,0.0,0.0
MA-BA-105,Falmouth 4.9 NNW,41.6104,-70.6463,2025-08-24,0.0,0.0
MA-BA-105,Falmouth 4.9 NNW,41.6104,-70.6463,2025-08-25,0.0,0.007874015865363475
MA-BA-105,Falmouth 4.9 NNW,41.6104,-70.6463,2025-08-26,0.0,0.0
MA-BA-105,Falmouth 4.9 NNW,41.6104,-70.6463,2025-08-27,0.0,0.0
MA-BA-105,Falmouth 4.9 NNW,41.6104,-70.6463,2025-08-28,0.0,0.0
MA-BA-105,Falmouth 4.9 NNW,41.6104,-70.6463,2025-08-29,0.0,0.0
MA-BA-105,Falmouth 4.9 NNW,41.6104,-70.6463,2025-08-30,0.37,0.5866141819695788
MA-BA-105,Falmouth 4.9 NNW,41.6104,-70.6463,2025-08-31,0.0,0.0
MA-BA-105,Falmouth 4.9 NNW,41.6104,-70.6463,2025-09-01,0.0,0.0
MA-BA-105,Falmouth 4.9 NNW,41.6104,-70.6463,2025-09-02,0.0,0.0
MA-BA-105,Falmouth 4.9 NNW,41.6104,-70.6463,2025-09-03,0.0,0.0
MA-BA-105,Falmouth 4.9 NNW,41.6104,-70.6463,2025-09-04,0.0,0.0
MA-BA-105,Falmouth 4.9 NNW,41.6104,-70.6463,2025-09-05,0.0,0.011811023798045212
MA-BA-105,Falmouth 4.9 NNW,41.6104,-70.6463,2025-09-06,0.0,0.0
MA-BA-105,Falmouth 4.9 NNW,41.6104,-70.6463,2025-09-07,0.05,0.8149606420651196
MA-BA-105,Falmouth 4.9 NNW,41.6104,-70.6463,2025-09-08,0.88,0.01574803173072695
MA-BA-105,Falmouth 4.9 NNW,41.6104,-70.6463,2025-09-09,0.0,0.0
MA-BA-105,Falmouth 4.9 NNW,41.6104,-70.6463,2025-09-10,0.0,0.0
MA-BA-105,Falmouth 4.9 NNW,41.6104,-70.6463,2025-09-11,0.0,0.0
MA-BA-105,Falmouth 4.9 NNW,41.6104,-70.6463,2025-09-12,0.0,0.0
MA-BA-105,Falmouth 4.9 NNW,41.6104,-70.6463,2025-09-13,0.0,0.0
MA-BA-105,Falmouth 4.9 NNW,41.6104,-70.6463,2025-09-14,0.0,0.007874015865363475
MA-BA-105,Falmouth 4.9 NNW,41.6104,-70.6463,2025-09-15,0.0,0.0
MA-BA-105,Falmouth 4.9 NNW,41.6104,-70.6463,2025-09-16,0.0,0.0
MA-BA-105,Falmouth 4.9 NNW,41.6104,-70.6463,2025-09-17,0.0,0.05905511899022606
MA-BA-105,Falmouth 4.9 NNW,41.6104,-70.6463,2025-09-18,0.31,0.29133858701844856
MA-BA-105,Falmouth 4.9 NNW,41.6104,-70.6463,2025-09-19,0.0,0.0
MA-BA-105,Falmouth 4.9 NNW,41.6104,-70.6463,2025-09-20,0.0,0.0
MA-BA-105,Falmouth 4.9 NNW,41.6104,-70.6463,2025-09-21,0.0,0.0
MA-BA-105,Falmouth 4.9 NNW,41.6104,-70.6463,2025-09-22,0.0,0.0
MA-BA-105,Falmouth 4.9 NNW,41.6104,-70.6463,2025-09-23,0.0,0.0
MA-BA-105,Falmouth 4.9 NNW,41.6104,-70.6463,2025-09-24,0.0,1.3582677367751992
MA-BA-105,Falmouth 4.9 NNW,41.6104,-70.6463,2025-09-27,0.0,0.0
MA-BA-105,Falmouth 4.9 NNW,41.6104,-70.6463,2025-09-28,0.1,0.07874015865363475
MA-BA-105,Falmouth 4.9 NNW,41.6104,-70.6463,2025-09-29,0.0,0.0
MA-BA-105,Falmouth 4.9 NNW,41.6104,-70.6463,2025-09-30,0.0,0.0
MA-BA-105,Falmouth 4.9 NNW,41.6104,-70.6463,2025-10-01,0.0,0.0
MA-BA-105,Falmouth 4.9 NNW,41.6104,-70.6463,2025-10-02,0.0,0.0
MA-BA-105,Falmouth 4.9 NNW,41.6104,-70.6463,2025-10-03,0.0,0.0
MA-BA-105,Falmouth 4.9 NNW,41.6104,-70.6463,2025-10-04,0.0,0.0
MA-BA-105,Falmouth 4.9 NNW,41.6104,-70.6463,2025-10-05,0.0,0.0
MA-BA-105,Falmouth 4.9 NNW,41.6104,-70.6463,2025-10-06,0.0,0.0
MA-BA-105,Falmouth 4.9 NNW,41.6104,-70.6463,2025-10-07,0.0,0.0
MA-BA-105,Falmouth 4.9 NNW,41.6104,-70.6463,2025-10-08,0.0,0.7086614278827127
MA-BA-105,Falmouth 4.9 NNW,41.6104,-70.6463,2025-10-09,0.78,0.0
MA-BA-105,Falmouth 4.9 NNW,41.6104,-70.6463,2025-10-10,0.0,0.0
MA-BA-105,Falmouth 4.9 NNW,41.6104,-70.6463,2025-10-11,0.0,0.0
MA-BA-105,Falmouth 4.9 NNW,41.6104,-70.6463,2025-10-13,2.25,1.8503937283604164
MA-BA-105,Falmouth 4.9 NNW,41.6104,-70.6463,2025-10-14,1.5,0.5866141819695788
MA-BA-105,Falmouth 4.9 NNW,41.6104,-70.6463,2025-10-15,0.28,0.0
MA-BA-105,Falmouth 4.9 NNW,41.6104,-70.6463,2025-10-16,0.0,0.0
MA-BA-105,Falmouth 4.9 NNW,41.6104,-70.6463,2025-10-17,0.0,0.0
MA-BA-105,Falmouth 4.9 NNW,41.6104,-70.6463,2025-10-18,0.0,0.0
MA-BA-105,Falmouth 4.9 NNW,41.6104,-70.6463,2025-10-19,0.0,0.0
MA-BA-105,Falmouth 4.9 NNW,41.6104,-70.6463,2025-10-20,0.0,0.6181102454310328
MA-BA-105,Falmouth 4.9 NNW,41.6104,-70.6463,2025-10-21,0.84,0.0
MA-BA-105,Falmouth 4.9 NNW,41.6104,-70.6463,2025-10-23,0.02,0.0
MA-BA-105,Falmouth 4.9 NNW,41.6104,-70.6463,2025-10-24,0.0,0.0
MA-BA-105,Falmouth 4.9 NNW,41.6104,-70.6463,2025-10-25,0.0,0.0
MA-BA-105,Falmouth 4.9 NNW,41.6104,-70.6463,2025-10-26,0.0,0.0
MA-BA-105,Falmouth 4.9 NNW,41.6104,-70.6463,2025-10-27,0.0,0.0
MA-BA-105,Falmouth 4.9 NNW,41.6104,-70.6463,2025-10-28,0.02,0.01574803173072695
MA-BA-105,Falmouth 4.9 NNW,41.6104,-70.6463,2025-10-29,0.02,0.003937007932681738
MA-BA-105,Falmouth 4.9 NNW,41.6104,-70.6463,2025-10-30,0.1,0.06692913485558953
MA-BA-105,Falmouth 4.9 NNW,41.6104,-70.6463,2025-10-31,1.69,1.244094506727429
MA-BA-105,Falmouth 4.9 NNW,41.6104,-70.6463,2025-11-01,0.0,0.0
MA-BA-105,Falmouth 4.9 NNW,41.6104,-70.6463,2025-11-02,0.0,0.0
MA-BA-105,Falmouth 4.9 NNW,41.6104,-70.6463,2025-11-03,0.0,0.21259842836481382
MA-BA-105,Falmouth 4.9 NNW,41.6104,-70.6463,2025-11-04,0.28,0.11417323004777039
MA-BA-105,Falmouth 4.9 NNW,41.6104,-70.6463,2025-11-05,0.0,0.0
MA-BA-105,Falmouth 4.9 NNW,41.6104,-70.6463,2025-11-06,0.02,0.051181103124862584
MA-BA-105,Falmouth 4.9 NNW,41.6104,-70.6463,2025-11-07,0.0,0.0
MA-BA-105,Falmouth 4.9 NNW,41.6104,-70.6463,2025-11-08,0.03,0.07480315072095302
MA-BA-105,Falmouth 4.9 NNW,41.6104,-70.6463,2025-11-09,0.03,1.0984252132182046
MA-BA-105,Falmouth 4.9 NNW,41.6104,-70.6463,2025-11-10,2.28,0.9921259990357978
MA-BA-105,Falmouth 4.9 NNW,41.6104,-70.6463,2025-11-11,0.43,0.01574803173072695
MA-BA-105,Falmouth 4.9 NNW,41.6104,-70.6463,2025-11-12,0.0,0.0
MA-BA-105,Falmouth 4.9 NNW,41.6104,-70.6463,2025-11-13,0.0,0.0314960634614539
MA-BA-105,Falmouth 4.9 NNW,41.6104,-70.6463,2025-11-14,0.0,0.0
MA-BA-105,Falmouth 4.9 NNW,41.6104,-70.6463,2025-11-15,0.0,0.0
MA-BA-105,Falmouth 4.9 NNW,41.6104,-70.6463,2025-11-16,0.81,0.7559055230748936
MA-BA-105,Falmouth 4.9 NNW,41.6104,-70.6463,2025-11-17,0.0,0.0
MA-BA-105,Falmouth 4.9 NNW,41.6104,-70.6463,2025-11-18,0.0,0.0
MA-BA-105,Falmouth 4.9 NNW,41.6104,-70.6463,2025-11-19,0.0,0.0
MA-BA-105,Falmouth 4.9 NNW,41.6104,-70.6463,2025-11-20,0.0,0.0
MA-BA-105,Falmouth 4.9 NNW,41.6104,-70.6463,2025-11-21,0.0,0.0
MA-BA-105,Falmouth 4.9 NNW,41.6104,-70.6463,2025-11-22,0.05,0.20472441249945034
MA-BA-105,Falmouth 4.9 NNW,41.6104,-70.6463,2025-11-23,0.17,0.01574803173072695
MA-BA-105,Falmouth 4.9 NNW,41.6104,-70.6463,2025-11-24,0.01,0.0
MA-BA-105,Falmouth 4.9 NNW,41.6104,-70.6463,2025-11-25,0.0,0.0
MA-BA-105,Falmouth 4.9 NNW,41.6104,-70.6463,2025-11-26,0.25,0.22834646009554074
MA-BA-105,Falmouth 4.9 NNW,41.6104,-70.6463,2025-11-27,0.05,0.011811023798045212
MA-BA-105,Falmouth 4.9 NNW,41.6104,-70.6463,2025-11-28,0.0,0.0
MA-BA-105,Falmouth 4.9 NNW,41.6104,-70.6463,2025-11-29,0.0,0.0
MA-BA-105,Falmouth 4.9 NNW,41.6104,-70.6463,2025-11-30,0.0,0.074803150720953
MA-BA-105,Falmouth 4.9 NNW,41.6104,-70.6463,2025-12-01,0.34,0.38976378533549205
MA-BA-105,Falmouth 4.9 NNW,41.6104,-70.6463,2025-12-02,0.0,0.5275590629793527
MA-BA-105,Falmouth 4.9 NNW,41.6104,-70.6463,2025-12-03,0.91,0.314960634614539
MA-BA-105,Falmouth 4.9 NNW,41.6104,-70.6463,2025-12-04,0.0,0.0
MA-BA-105,Falmouth 4.9 NNW,41.6104,-70.6463,2025-12-05,0.0,0.0
MA-BA-105,Falmouth 4.9 NNW,41.6104,-70.6463,2025-12-07,0.03,0.0
MA-BA-105,Falmouth 4.9 NNW,41.6104,-70.6463,2025-12-08,0.0,0.0
MA-BA-105,Falmouth 4.9 NNW,41.6104,-70.6463,2025-12-09,0.0,0.0
MA-BA-105,Falmouth 4.9 NNW,41.6104,-70.6463,2025-12-10,0.04,0.07480315072095302
MA-BA-105,Falmouth 4.9 NNW,41.6104,-70.6463,2025-12-11,0.0,0.023622047596090424
MA-BA-105,Falmouth 4.9 NNW,41.6104,-70.6463,2025-12-13,0.0,0.0
MA-BA-105,Falmouth 4.9 NNW,41.6104,-70.6463,2025-12-14,0.29,0.35039370600867464
MA-BA-105,Falmouth 4.9 NNW,41.6104,-70.6463,2025-12-15,0.01,0.011811023798045214
MA-BA-105,Falmouth 4.9 NNW,41.6104,-70.6463,2025-12-16,0.0,0.0
MA-BA-105,Falmouth 4.9 NNW,41.6104,-70.6463,2025-12-17,0.0,0.0
MA-BA-105,Falmouth 4.9 NNW,41.6104,-70.6463,2025-12-18,0.0,0.0
MA-BA-105,Falmouth 4.9 NNW,41.6104,-70.6463,2025-12-19,0.09,0.6023622137003057
MA-BA-105,Falmouth 4.9 NNW,41.6104,-70.6463,2025-12-20,0.43,0.039370079326817374
MA-BA-105,Falmouth 4.9 NNW,41.6104,-70.6463,2025-12-21,0.0,0.0
MA-BA-105,Falmouth 4.9 NNW,41.6104,-70.6463,2025-12-22,0.0,0.0
MA-BA-105,Falmouth 4.9 NNW,41.6104,-70.6463,2025-12-23,0.0,0.04724409519218085
MA-BA-105,Falmouth 4.9 NNW,41.6104,-70.6463,2025-12-24,0.11,0.07086614278827127
MA-BA-105,Falmouth 4.9 NNW,41.6104,-70.6463,2025-12-25,0.0,0.0
MA-BA-105,Falmouth 4.9 NNW,41.6104,-70.6463,2025-12-26,0.0,0.0
MA-BA-105,Falmouth 4.9 NNW,41.6104,-70.6463,2025-12-27,0.26,0.1889763807687234
MA-BA-105,Falmouth 4.9 NNW,41.6104,-70.6463,2025-12-28,0.0,0.0
MA-BA-105,Falmouth 4.9 NNW,41.6104,-70.6463,2025-12-29,0.31,0.4448818963930363
MA-BA-105,Falmouth 4.9 NNW,41.6104,-70.6463,2025-12-30,0.2,0.0
MA-BA-105,Falmouth 4.9 NNW,41.6104,-70.6463,2025-12-31,0.0,0.0
MA-BA-109,N Falmouth 0.7 E,41.643684,-70.608876,2025-01-01,0.51,0.6220472533637145
MA-BA-109,N Falmouth 0.7 E,41.643684,-70.608876,2025-01-02,0.13,0.17322834903799644
MA-BA-109,N Falmouth 0.7 E,41.643684,-70.608876,2025-01-03,0.0,0.0
MA-BA-109,N Falmouth 0.7 E,41.643684,-70.608876,2025-01-04,0.0,0.0
MA-BA-109,N Falmouth 0.7 E,41.643684,-70.608876,2025-01-05,0.0,0.0
MA-BA-109,N Falmouth 0.7 E,41.643684,-70.608876,2025-01-06,0.0,0.0
MA-BA-109,N Falmouth 0.7 E,41.643684,-70.608876,2025-01-07,0.0,0.0
MA-BA-109,N Falmouth 0.7 E,41.643684,-70.608876,2025-01-08,0.0,0.0
MA-BA-109,N Falmouth 0.7 E,41.643684,-70.608876,2025-01-09,0.0,0.0
MA-BA-109,N Falmouth 0.7 E,41.643684,-70.608876,2025-01-10,0.0,0.0
MA-BA-109,N Falmouth 0.7 E,41.643684,-70.608876,2025-01-11,0.01,0.12204724591313387
MA-BA-109,N Falmouth 0.7 E,41.643684,-70.608876,2025-01-12,0.12,0.01574803173072695
MA-BA-109,N Falmouth 0.7 E,41.643684,-70.608876,2025-01-13,0.0,0.0
MA-BA-109,N Falmouth 0.7 E,41.643684,-70.608876,2025-01-14,0.0,0.0
MA-BA-109,N Falmouth 0.7 E,41.643684,-70.608876,2025-01-15,0.0,0.0
MA-BA-109,N Falmouth 0.7 E,41.643684,-70.608876,2025-01-16,0.0,0.0
MA-BA-109,N Falmouth 0.7 E,41.643684,-70.608876,2025-01-17,0.01,0.003937007932681738
MA-BA-109,N Falmouth 0.7 E,41.643684,-70.608876,2025-01-18,0.0,0.15354330937458777
MA-BA-109,N Falmouth 0.7 E,41.643684,-70.608876,2025-01-19,0.56,0.3700787456720833
MA-BA-109,N Falmouth 0.7 E,41.643684,-70.608876,2025-01-20,0.51,0.3346456742779477
MA-BA-109,N Falmouth 0.7 E,41.643684,-70.608876,2025-01-21,0.0,0.0
MA-BA-109,N Falmouth 0.7 E,41.643684,-70.608876,2025-01-22,0.02,0.007874015865363475
MA-BA-109,N Falmouth 0.7 E,41.643684,-70.608876,2025-01-23,0.0,0.0
MA-BA-109,N Falmouth 0.7 E,41.643684,-70.608876,2025-01-24,0.0,0.0
MA-BA-109,N Falmouth 0.7 E,41.643684,-70.608876,2025-01-25,0.0,0.0
MA-BA-109,N Falmouth 0.7 E,41.643684,-70.608876,2025-01-26,0.0,0.0
MA-BA-109,N Falmouth 0.7 E,41.643684,-70.608876,2025-01-27,0.0,0.0
MA-BA-109,N Falmouth 0.7 E,41.643684,-70.608876,2025-01-28,0.0,0.0
MA-BA-109,N Falmouth 0.7 E,41.643684,-70.608876,2025-01-29,0.0,0.019685039663408687
MA-BA-109,N Falmouth 0.7 E,41.643684,-70.608876,2025-01-30,0.0,0.0
MA-BA-109,N Falmouth 0.7 E,41.643684,-70.608876,2025-01-31,0.0,0.24409449182626775
MA-BA-109,N Falmouth 0.7 E,41.643684,-70.608876,2025-02-01,0.72,0.48425197571985373
MA-BA-109,N Falmouth 0.7 E,41.643684,-70.608876,2025-02-02,0.06,0.0
MA-BA-109,N Falmouth 0.7 E,41.643684,-70.608876,2025-02-03,0.23,0.16535433317263296
MA-BA-109,N Falmouth 0.7 E,41.643684,-70.608876,2025-02-04,0.0,0.0
MA-BA-109,N Falmouth 0.7 E,41.643684,-70.608876,2025-02-05,0.0,0.0
MA-BA-109,N Falmouth 0.7 E,41.643684,-70.608876,2025-02-06,0.0,0.2559055156243129
MA-BA-109,N Falmouth 0.7 E,41.643684,-70.608876,2025-02-07,0.3,0.0
MA-BA-109,N Falmouth 0.7 E,41.643684,-70.608876,2025-02-08,0.0,0.0
MA-BA-109,N Falmouth 0.7 E,41.643684,-70.608876,2025-02-09,0.59,0.30314961081649383
MA-BA-109,N Falmouth 0.7 E,41.643684,-70.608876,2025-02-10,0.0,0.0
MA-BA-109,N Falmouth 0.7 E,41.643684,-70.608876,2025-02-11,0.0,0.0
MA-BA-109,N Falmouth 0.7 E,41.643684,-70.608876,2025-02-12,0.01,0.011811023798045214
MA-BA-109,N Falmouth 0.7 E,41.643684,-70.608876,2025-02-13,0.18,0.14566929350922428
MA-BA-109,N Falmouth 0.7 E,41.643684,-70.608876,2025-02-14,0.05,0.0
MA-BA-109,N Falmouth 0.7 E,41.643684,-70.608876,2025-02-15,0.0,0.0
MA-BA-109,N Falmouth 0.7 E,41.643684,-70.608876,2025-02-16,0.61,1.6141732523995125
MA-BA-109,N Falmouth 0.7 E,41.643684,-70.608876,2025-02-17,1.34,0.023622047596090424
MA-BA-109,N Falmouth 0.7 E,41.643684,-70.608876,2025-02-18,0.0,0.0
MA-BA-109,N Falmouth 0.7 E,41.643684,-70.608876,2025-02-19,0.0,0.0
MA-BA-109,N Falmouth 0.7 E,41.643684,-70.608876,2025-02-20,0.0,0.0
MA-BA-109,N Falmouth 0.7 E,41.643684,-70.608876,2025-02-21,0.01,0.0
MA-BA-109,N Falmouth 0.7 E,41.643684,-70.608876,2025-02-22,0.0,0.0
MA-BA-109,N Falmouth 0.7 E,41.643684,-70.608876,2025-02-23,0.0,0.0
MA-BA-109,N Falmouth 0.7 E,41.643684,-70.608876,2025-02-24,0.0,0.0
MA-BA-109,N Falmouth 0.7 E,41.643684,-70.608876,2025-02-25,0.0,0.0
MA-BA-109,N Falmouth 0.7 E,41.643684,-70.608876,2025-02-26,0.0,0.0
MA-BA-109,N Falmouth 0.7 E,41.643684,-70.608876,2025-02-27,0.02,0.13779527764386082
MA-BA-109,N Falmouth 0.7 E,41.643684,-70.608876,2025-02-28,0.06,0.0314960634614539
MA-BA-109,N Falmouth 0.7 E,41.643684,-70.608876,2025-03-01,0.0,0.0
MA-BA-109,N Falmouth 0.7 E,41.643684,-70.608876,2025-03-02,0.0,0.0
MA-BA-109,N Falmouth 0.7 E,41.643684,-70.608876,2025-03-03,0.0,0.0
MA-BA-109,N Falmouth 0.7 E,41.643684,-70.608876,2025-03-04,0.0,0.0
MA-BA-109,N Falmouth 0.7 E,41.643684,-70.608876,2025-03-05,0.0,0.0
MA-BA-109,N Falmouth 0.7 E,41.643684,-70.608876,2025-03-06,0.58,0.5314960709120345
MA-BA-109,N Falmouth 0.7 E,41.643684,-70.608876,2025-03-07,0.03,0.0629921269229078
MA-BA-109,N Falmouth 0.7 E,41.643684,-70.608876,2025-03-08,0.0,0.0
MA-BA-109,N Falmouth 0.7 E,41.643684,-70.608876,2025-03-09,0.0,0.0
MA-BA-109,N Falmouth 0.7 E,41.643684,-70.608876,2025-03-10,0.0,0.0
MA-BA-109,N Falmouth 0.7 E,41.643684,-70.608876,2025-03-11,0.0,0.0
MA-BA-109,N Falmouth 0.7 E,41.643684,-70.608876,2025-03-12,0.0,0.0
MA-BA-109,N Falmouth 0.7 E,41.643684,-70.608876,2025-03-13,0.0,0.0
MA-BA-109,N Falmouth 0.7 E,41.643684,-70.608876,2025-03-14,0.0,0.0
MA-BA-109,N Falmouth 0.7 E,41.643684,-70.608876,2025-03-15,0.0,0.0
MA-BA-109,N Falmouth 0.7 E,41.643684,-70.608876,2025-03-16,0.0,0.0
MA-BA-109,N Falmouth 0.7 E,41.643684,-70.608876,2025-03-17,0.32,1.9685039663408688
MA-BA-109,N Falmouth 0.7 E,41.643684,-70.608876,2025-03-18,2.06,0.1259842538458156
MA-BA-109,N Falmouth 0.7 E,41.643684,-70.608876,2025-03-19,0.0,0.0
MA-BA-109,N Falmouth 0.7 E,41.643684,-70.608876,2025-03-20,0.01,0.0
MA-BA-109,N Falmouth 0.7 E,41.643684,-70.608876,2025-03-21,0.32,0.41732284086426413
MA-BA-109,N Falmouth 0.7 E,41.643684,-70.608876,2025-03-22,0.14,0.0
MA-BA-109,N Falmouth 0.7 E,41.643684,-70.608876,2025-03-23,0.0,0.0
MA-BA-109,N Falmouth 0.7 E,41.643684,-70.608876,2025-03-24,0.0,0.41338583293158243
MA-BA-109,N Falmouth 0.7 E,41.643684,-70.608876,2025-03-25,0.57,0.18503937283604163
MA-BA-109,N Falmouth 0.7 E,41.643684,-70.608876,2025-03-26,0.0,0.011811023798045214
MA-BA-109,N Falmouth 0.7 E,41.643684,-70.608876,2025-03-27,0.01,0.023622047596090424
MA-BA-109,N Falmouth 0.7 E,41.643684,-70.608876,2025-03-28,0.0,0.0
MA-BA-109,N Falmouth 0.7 E,41.643684,-70.608876,2025-03-29,0.04,0.01574803173072695
MA-BA-109,N Falmouth 0.7 E,41.643684,-70.608876,2025-03-30,0.09,0.07874015865363475
MA-BA-109,N Falmouth 0.7 E,41.643684,-70.608876,2025-03-31,0.0,0.003937007932681738
MA-BA-109,N Falmouth 0.7 E,41.643684,-70.608876,2025-04-01,0.2,0.25590551562431296
MA-BA-109,N Falmouth 0.7 E,41.643684,-70.608876,2025-04-02,0.09,0.03543307139413564
MA-BA-109,N Falmouth 0.7 E,41.643684,-70.608876,2025-04-03,0.17,0.3503937060086747
MA-BA-109,N Falmouth 0.7 E,41.643684,-70.608876,2025-04-05,0.0,0.08267716658631649
MA-BA-109,N Falmouth 0.7 E,41.643684,-70.608876,2025-04-06,0.65,0.48425197571985373
MA-BA-109,N Falmouth 0.7 E,41.643684,-70.608876,2025-04-07,0.03,0.24803149975894942
MA-BA-109,N Falmouth 0.7 E,41.643684,-70.608876,2025-04-08,0.57,0.24803149975894945
MA-BA-109,N Falmouth 0.7 E,41.643684,-70.608876,2025-04-09,0.03,0.0
MA-BA-109,N Falmouth 0.7 E,41.643684,-70.608876,2025-04-10,0.0,0.0
MA-BA-109,N Falmouth 0.7 E,41.643684,-70.608876,2025-04-11,0.04,0.1141732300477704
MA-BA-109,N Falmouth 0.7 E,41.643684,-70.608876,2025-04-12,0.33,0.34645669807599294
MA-BA-109,N Falmouth 0.7 E,41.643684,-70.608876,2025-04-13,0.17,0.6614173326905319
MA-BA-109,N Falmouth 0.7 E,41.643684,-70.608876,2025-04-14,0.51,0.019685039663408687
MA-BA-109,N Falmouth 0.7 E,41.643684,-70.608876,2025-04-15,0.09,0.15354330937458777
MA-BA-109,N Falmouth 0.7 E,41.643684,-70.608876,2025-04-16,0.05,0.011811023798045212
MA-BA-109,N Falmouth 0.7 E,41.643684,-70.608876,2025-04-17,0.0,0.0
MA-BA-109,N Falmouth 0.7 E,41.643684,-70.608876,2025-04-18,0.0,0.0
MA-BA-109,N Falmouth 0.7 E,41.643684,-70.608876,2025-04-19,0.0,0.0
MA-BA-109,N Falmouth 0.7 E,41.643684,-70.608876,2025-04-20,0.0,0.0
MA-BA-109,N Falmouth 0.7 E,41.643684,-70.608876,2025-04-21,0.0,0.0
MA-BA-109,N Falmouth 0.7 E,41.643684,-70.608876,2025-04-22,0.14,0.11023622211508864
MA-BA-109,N Falmouth 0.7 E,41.643684,-70.608876,2025-04-23,0.0,0.0
MA-BA-109,N Falmouth 0.7 E,41.643684,-70.608876,2025-04-24,0.0,0.0
MA-BA-109,N Falmouth 0.7 E,41.643684,-70.608876,2025-04-25,0.0,0.0
MA-BA-109,N Falmouth 0.7 E,41.643684,-70.608876,2025-04-26,0.0,0.5629921343734885
MA-BA-109,N Falmouth 0.7 E,41.643684,-70.608876,2025-04-27,0.86,0.17322834903799644
MA-BA-109,N Falmouth 0.7 E,41.643684,-70.608876,2025-04-28,0.0,0.0
MA-BA-109,N Falmouth 0.7 E,41.643684,-70.608876,2025-04-29,0.0,0.0
MA-BA-109,N Falmouth 0.7 E,41.643684,-70.608876,2025-04-30,0.0,0.0
MA-BA-109,N Falmouth 0.7 E,41.643684,-70.608876,2025-05-01,0.0,0.0
MA-BA-109,N Falmouth 0.7 E,41.643684,-70.608876,2025-05-02,0.41,0.5078740233159441
MA-BA-109,N Falmouth 0.7 E,41.643684,-70.608876,2025-05-03,0.0,0.0
MA-BA-109,N Falmouth 0.7 E,41.643684,-70.608876,2025-05-04,0.0,0.0
MA-BA-109,N Falmouth 0.7 E,41.643684,-70.608876,2025-05-05,0.16,0.11811023798045213
MA-BA-109,N Falmouth 0.7 E,41.643684,-70.608876,2025-05-06,0.01,0.10236220624972518
MA-BA-109,N Falmouth 0.7 E,41.643684,-70.608876,2025-05-07,0.13,0.003937007932681738
MA-BA-109,N Falmouth 0.7 E,41.643684,-70.608876,2025-05-08,0.0,0.0
MA-BA-109,N Falmouth 0.7 E,41.643684,-70.608876,2025-05-09,0.0,0.7283464675461214
MA-BA-109,N Falmouth 0.7 E,41.643684,-70.608876,2025-05-10,1.19,0.38582677740281024
MA-BA-109,N Falmouth 0.7 E,41.643684,-70.608876,2025-05-11,0.02,0.0
MA-BA-109,N Falmouth 0.7 E,41.643684,-70.608876,2025-05-12,0.0,0.0
MA-BA-109,N Falmouth 0.7 E,41.643684,-70.608876,2025-05-13,0.0,0.0
MA-BA-109,N Falmouth 0.7 E,41.643684,-70.608876,2025-05-14,0.0,0.0
MA-BA-109,N Falmouth 0.7 E,41.643684,-70.608876,2025-05-15,0.0,0.039370079326817374
MA-BA-109,N Falmouth 0.7 E,41.643684,-70.608876,2025-05-16,0.02,0.0
MA-BA-109,N Falmouth 0.7 E,41.643684,-70.608876,2025-05-17,0.0,0.0
MA-BA-109,N Falmouth 0.7 E,41.643684,-70.608876,2025-05-18,0.02,0.011811023798045212
MA-BA-109,N Falmouth 0.7 E,41.643684,-70.608876,2025-05-19,0.0,0.0
MA-BA-109,N Falmouth 0.7 E,41.643684,-70.608876,2025-05-20,0.0,0.0
MA-BA-109,N Falmouth 0.7 E,41.643684,-70.608876,2025-05-21,0.0,0.0
MA-BA-109,N Falmouth 0.7 E,41.643684,-70.608876,2025-05-22,0.02,1.7559055379760546
MA-BA-109,N Falmouth 0.7 E,41.643684,-70.608876,2025-05-23,4.09,1.6889764031204655
MA-BA-109,N Falmouth 0.7 E,41.643684,-70.608876,2025-05-24,0.02,0.03543307139413564
MA-BA-109,N Falmouth 0.7 E,41.643684,-70.608876,2025-05-25,0.08,0.0
MA-BA-109,N Falmouth 0.7 E,41.643684,-70.608876,2025-05-26,0.0,0.0
MA-BA-109,N Falmouth 0.7 E,41.643684,-70.608876,2025-05-27,0.0,0.0
MA-BA-109,N Falmouth 0.7 E,41.643684,-70.608876,2025-05-28,0.0,0.0
MA-BA-109,N Falmouth 0.7 E,41.643684,-70.608876,2025-05-29,0.13,0.16141732523995123
MA-BA-109,N Falmouth 0.7 E,41.643684,-70.608876,2025-05-30,0.1,0.0
MA-BA-109,N Falmouth 0.7 E,41.643684,-70.608876,2025-05-31,0.19,0.22047244423017728
MA-BA-109,N Falmouth 0.7 E,41.643684,-70.608876,2025-06-01,0.0,0.0
MA-BA-109,N Falmouth 0.7 E,41.643684,-70.608876,2025-06-02,0.0,0.0
MA-BA-109,N Falmouth 0.7 E,41.643684,-70.608876,2025-06-03,0.0,0.0
MA-BA-109,N Falmouth 0.7 E,41.643684,-70.608876,2025-06-04,0.0,0.0
MA-BA-109,N Falmouth 0.7 E,41.643684,-70.608876,2025-06-05,0.0,0.0
MA-BA-109,N Falmouth 0.7 E,41.643684,-70.608876,2025-06-06,0.0,0.0
MA-BA-109,N Falmouth 0.7 E,41.643684,-70.608876,2025-06-07,0.0,0.33858268221062937
MA-BA-109,N Falmouth 0.7 E,41.643684,-70.608876,2025-06-08,0.32,0.0
MA-BA-109,N Falmouth 0.7 E,41.643684,-70.608876,2025-06-09,0.0,0.0
MA-BA-109,N Falmouth 0.7 E,41.643684,-70.608876,2025-06-10,0.08,0.795275602401711
MA-BA-109,N Falmouth 0.7 E,41.643684,-70.608876,2025-06-11,0.65,0.0
MA-BA-109,N Falmouth 0.7 E,41.643684,-70.608876,2025-06-12,0.0,0.0
MA-BA-109,N Falmouth 0.7 E,41.643684,-70.608876,2025-06-13,0.0,0.0
MA-BA-109,N Falmouth 0.7 E,41.643684,-70.608876,2025-06-14,0.0,0.07480315072095302
MA-BA-109,N Falmouth 0.7 E,41.643684,-70.608876,2025-06-15,0.19,0.003937007932681738
MA-BA-109,N Falmouth 0.7 E,41.643684,-70.608876,2025-06-16,0.0,0.0
MA-BA-109,N Falmouth 0.7 E,41.643684,-70.608876,2025-06-17,0.0,0.003937007932681738
MA-BA-109,N Falmouth 0.7 E,41.643684,-70.608876,2025-06-18,0.0,0.011811023798045214
MA-BA-109,N Falmouth 0.7 E,41.643684,-70.608876,2025-06-19,0.0,0.0
MA-BA-109,N Falmouth 0.7 E,41.643684,-70.608876,2025-06-20,0.0,0.0
MA-BA-109,N Falmouth 0.7 E,41.643684,-70.608876,2025-06-21,0.0,0.0
MA-BA-109,N Falmouth 0.7 E,41.643684,-70.608876,2025-06-22,0.0,0.01574803173072695
MA-BA-109,N Falmouth 0.7 E,41.643684,-70.608876,2025-06-23,0.0,0.0
MA-BA-109,N Falmouth 0.7 E,41.643684,-70.608876,2025-06-24,0.0,0.0
MA-BA-109,N Falmouth 0.7 E,41.643684,-70.608876,2025-06-25,0.0,0.0
MA-BA-109,N Falmouth 0.7 E,41.643684,-70.608876,2025-06-26,0.0,0.03543307139413564
MA-BA-109,N Falmouth 0.7 E,41.643684,-70.608876,2025-06-27,0.0,0.0
MA-BA-109,N Falmouth 0.7 E,41.643684,-70.608876,2025-06-28,0.0,0.003937007932681738
MA-BA-109,N Falmouth 0.7 E,41.643684,-70.608876,2025-06-29,0.01,0.0
MA-BA-109,N Falmouth 0.7 E,41.643684,-70.608876,2025-06-30,0.0,0.0
MA-BA-109,N Falmouth 0.7 E,41.643684,-70.608876,2025-07-01,0.0,0.027559055528772164
MA-BA-109,N Falmouth 0.7 E,41.643684,-70.608876,2025-07-02,0.02,0.051181103124862584
MA-BA-109,N Falmouth 0.7 E,41.643684,-70.608876,2025-07-03,0.01,0.0
MA-BA-109,N Falmouth 0.7 E,41.643684,-70.608876,2025-07-04,0.09,0.1692913411053147
MA-BA-109,N Falmouth 0.7 E,41.643684,-70.608876,2025-07-05,0.0,0.0
MA-BA-109,N Falmouth 0.7 E,41.643684,-70.608876,2025-07-06,0.0,0.0
MA-BA-109,N Falmouth 0.7 E,41.643684,-70.608876,2025-07-07,0.0,0.0629921269229078
MA-BA-109,N Falmouth 0.7 E,41.643684,-70.608876,2025-07-08,0.17,0.0
MA-BA-109,N Falmouth 0.7 E,41.643684,-70.608876,2025-07-09,0.54,0.7598425310075753
MA-BA-109,N Falmouth 0.7 E,41.643684,-70.608876,2025-07-10,0.17,0.3779527615374468
MA-BA-109,N Falmouth 0.7 E,41.643684,-70.608876,2025-07-11,0.19,0.0
MA-BA-109,N Falmouth 0.7 E,41.643684,-70.608876,2025-07-12,0.01,0.0
MA-BA-109,N Falmouth 0.7 E,41.643684,-70.608876,2025-07-13,0.0,0.0
MA-BA-109,N Falmouth 0.7 E,41.643684,-70.608876,2025-07-14,0.0,0.0
MA-BA-109,N Falmouth 0.7 E,41.643684,-70.608876,2025-07-15,0.07,0.0629921269229078
MA-BA-109,N Falmouth 0.7 E,41.643684,-70.608876,2025-07-16,0.01,0.0
MA-BA-109,N Falmouth 0.7 E,41.643684,-70.608876,2025-07-17,0.01,0.01574803173072695
MA-BA-109,N Falmouth 0.7 E,41.643684,-70.608876,2025-07-18,0.0,0.0
MA-BA-109,N Falmouth 0.7 E,41.643684,-70.608876,2025-07-19,0.0,0.0
MA-BA-109,N Falmouth 0.7 E,41.643684,-70.608876,2025-07-20,0.0,0.051181103124862584
MA-BA-109,N Falmouth 0.7 E,41.643684,-70.608876,2025-07-21,0.08,0.0
MA-BA-109,N Falmouth 0.7 E,41.643684,-70.608876,2025-07-22,0.0,0.0
MA-BA-109,N Falmouth 0.7 E,41.643684,-70.608876,2025-07-23,0.0,0.0
MA-BA-109,N Falmouth 0.7 E,41.643684,-70.608876,2025-07-24,0.0,0.0
MA-BA-109,N Falmouth 0.7 E,41.643684,-70.608876,2025-07-25,0.0,0.12204724591313386
MA-BA-109,N Falmouth 0.7 E,41.643684,-70.608876,2025-07-26,0.06,0.003937007932681738
MA-BA-109,N Falmouth 0.7 E,41.643684,-70.608876,2025-07-27,0.0,0.05511811105754433
MA-BA-109,N Falmouth 0.7 E,41.643684,-70.608876,2025-07-28,0.02,0.0
MA-BA-109,N Falmouth 0.7 E,41.643684,-70.608876,2025-07-30,0.0,0.0
MA-BA-109,N Falmouth 0.7 E,41.643684,-70.608876,2025-07-31,0.0,0.007874015865363475
MA-BA-109,N Falmouth 0.7 E,41.643684,-70.608876,2025-08-01,0.48,0.33070866634526597
MA-BA-109,N Falmouth 0.7 E,41.643684,-70.608876,2025-08-02,0.09,0.0
MA-BA-109,N Falmouth 0.7 E,41.643684,-70.608876,2025-08-03,0.0,0.0
MA-BA-109,N Falmouth 0.7 E,41.643684,-70.608876,2025-08-04,0.0,0.0
MA-BA-109,N Falmouth 0.7 E,41.643684,-70.608876,2025-08-05,0.0,0.0
MA-BA-109,N Falmouth 0.7 E,41.643684,-70.608876,2025-08-06,0.0,0.0
MA-BA-109,N Falmouth 0.7 E,41.643684,-70.608876,2025-08-07,0.0,0.0
MA-BA-109,N Falmouth 0.7 E,41.643684,-70.608876,2025-08-08,0.0,0.0
MA-BA-109,N Falmouth 0.7 E,41.643684,-70.608876,2025-08-09,0.0,0.0
MA-BA-109,N Falmouth 0.7 E,41.643684,-70.608876,2025-08-10,0.0,0.0
MA-BA-109,N Falmouth 0.7 E,41.643684,-70.608876,2025-08-11,0.0,0.0
MA-BA-109,N Falmouth 0.7 E,41.643684,-70.608876,2025-08-12,0.0,0.0
MA-BA-109,N Falmouth 0.7 E,41.643684,-70.608876,2025-08-13,0.0,0.0
MA-BA-109,N Falmouth 0.7 E,41.643684,-70.608876,2025-08-14,0.0,0.0
MA-BA-109,N Falmouth 0.7 E,41.643684,-70.608876,2025-08-15,0.0,0.0
MA-BA-109,N Falmouth 0.7 E,41.643684,-70.608876,2025-08-16,0.0,0.0
MA-BA-109,N Falmouth 0.7 E,41.643684,-70.608876,2025-08-17,0.0,0.0
MA-BA-109,N Falmouth 0.7 E,41.643684,-70.608876,2025-08-18,0.0,0.007874015865363475
MA-BA-109,N Falmouth 0.7 E,41.643684,-70.608876,2025-08-19,0.0,0.0
MA-BA-109,N Falmouth 0.7 E,41.643684,-70.608876,2025-08-20,0.0,0.1377952776438608
MA-BA-109,N Falmouth 0.7 E,41.643684,-70.608876,2025-08-21,1.13,1.0826771814874776
MA-BA-109,N Falmouth 0.7 E,41.643684,-70.608876,2025-08-22,0.0,0.0
MA-BA-109,N Falmouth 0.7 E,41.643684,-70.608876,2025-08-23,0.0,0.0
MA-BA-109,N Falmouth 0.7 E,41.643684,-70.608876,2025-08-24,0.0,0.0
MA-BA-109,N Falmouth 0.7 E,41.643684,-70.608876,2025-08-25,0.0,0.011811023798045212
MA-BA-109,N Falmouth 0.7 E,41.643684,-70.608876,2025-08-26,0.0,0.0
MA-BA-109,N Falmouth 0.7 E,41.643684,-70.608876,2025-08-27,0.0,0.0
MA-BA-109,N Falmouth 0.7 E,41.643684,-70.608876,2025-08-28,0.0,0.0
MA-BA-109,N Falmouth 0.7 E,41.643684,-70.608876,2025-08-29,0.0,0.0
MA-BA-109,N Falmouth 0.7 E,41.643684,-70.608876,2025-08-30,0.54,0.6417322930271232
MA-BA-109,N Falmouth 0.7 E,41.643684,-70.608876,2025-08-31,0.0,0.0
MA-BA-109,N Falmouth 0.7 E,41.643684,-70.608876,2025-09-01,0.0,0.0
MA-BA-109,N Falmouth 0.7 E,41.643684,-70.608876,2025-09-02,0.0,0.0
MA-BA-109,N Falmouth 0.7 E,41.643684,-70.608876,2025-09-03,0.0,0.0
MA-BA-109,N Falmouth 0.7 E,41.643684,-70.608876,2025-09-04,0.0,0.0
MA-BA-109,N Falmouth 0.7 E,41.643684,-70.608876,2025-09-05,0.01,0.019685039663408687
MA-BA-109,N Falmouth 0.7 E,41.643684,-70.608876,2025-09-06,0.0,0.0
MA-BA-109,N Falmouth 0.7 E,41.643684,-70.608876,2025-09-07,0.02,0.8425196975938918
MA-BA-109,N Falmouth 0.7 E,41.643684,-70.608876,2025-09-08,0.86,0.011811023798045214
MA-BA-109,N Falmouth 0.7 E,41.643684,-70.608876,2025-09-09,0.0,0.0
MA-BA-109,N Falmouth 0.7 E,41.643684,-70.608876,2025-09-10,0.0,0.0
MA-BA-109,N Falmouth 0.7 E,41.643684,-70.608876,2025-09-11,0.0,0.0
MA-BA-109,N Falmouth 0.7 E,41.643684,-70.608876,2025-09-12,0.0,0.0
MA-BA-109,N Falmouth 0.7 E,41.643684,-70.608876,2025-09-13,0.0,0.0
MA-BA-109,N Falmouth 0.7 E,41.643684,-70.608876,2025-09-14,0.0,0.003937007932681738
MA-BA-109,N Falmouth 0.7 E,41.643684,-70.608876,2025-09-15,0.0,0.0
MA-BA-109,N Falmouth 0.7 E,41.643684,-70.608876,2025-09-16,0.0,0.0
MA-BA-109,N Falmouth 0.7 E,41.643684,-70.608876,2025-09-17,0.0,0.05511811105754432
MA-BA-109,N Falmouth 0.7 E,41.643684,-70.608876,2025-09-18,0.19,0.39763780120085546
MA-BA-109,N Falmouth 0.7 E,41.643684,-70.608876,2025-09-19,0.0,0.0
MA-BA-109,N Falmouth 0.7 E,41.643684,-70.608876,2025-09-20,0.0,0.0
MA-BA-109,N Falmouth 0.7 E,41.643684,-70.608876,2025-09-21,0.0,0.0
MA-BA-109,N Falmouth 0.7 E,41.643684,-70.608876,2025-09-22,0.0,0.0
MA-BA-109,N Falmouth 0.7 E,41.643684,-70.608876,2025-09-23,0.0,0.0
MA-BA-109,N Falmouth 0.7 E,41.643684,-70.608876,2025-09-24,0.0,1.3858267923039715
MA-BA-109,N Falmouth 0.7 E,41.643684,-70.608876,2025-09-25,1.75,2.2834646009554076
MA-BA-109,N Falmouth 0.7 E,41.643684,-70.608876,2025-09-26,0.61,0.007874015865363475
MA-BA-109,N Falmouth 0.7 E,41.643684,-70.608876,2025-09-27,0.0,0.0
MA-BA-109,N Falmouth 0.7 E,41.643684,-70.608876,2025-09-28,0.1,0.08267716658631649
MA-BA-109,N Falmouth 0.7 E,41.643684,-70.608876,2025-09-29,0.0,0.0
MA-BA-109,N Falmouth 0.7 E,41.643684,-70.608876,2025-09-30,0.0,0.0
MA-BA-109,N Falmouth 0.7 E,41.643684,-70.608876,2025-10-01,0.0,0.0
MA-BA-109,N Falmouth 0.7 E,41.643684,-70.608876,2025-10-02,0.0,0.0
MA-BA-109,N Falmouth 0.7 E,41.643684,-70.608876,2025-10-03,0.0,0.0
MA-BA-109,N Falmouth 0.7 E,41.643684,-70.608876,2025-10-04,0.0,0.0
MA-BA-109,N Falmouth 0.7 E,41.643684,-70.608876,2025-10-05,0.0,0.0
MA-BA-109,N Falmouth 0.7 E,41.643684,-70.608876,2025-10-06,0.0,0.0
MA-BA-109,N Falmouth 0.7 E,41.643684,-70.608876,2025-10-07,0.0,0.0
MA-BA-109,N Falmouth 0.7 E,41.643684,-70.608876,2025-10-08,0.0,0.7086614278827127
MA-BA-109,N Falmouth 0.7 E,41.643684,-70.608876,2025-10-09,0.84,0.0
MA-BA-109,N Falmouth 0.7 E,41.643684,-70.608876,2025-10-10,0.0,0.0
MA-BA-109,N Falmouth 0.7 E,41.643684,-70.608876,2025-10-11,0.0,0.0
MA-BA-109,N Falmouth 0.7 E,41.643684,-70.608876,2025-10-12,0.0,0.7637795389402571
MA-BA-109,N Falmouth 0.7 E,41.643684,-70.608876,2025-10-13,2.23,2.023622077398413
MA-BA-109,N Falmouth 0.7 E,41.643684,-70.608876,2025-10-14,1.59,0.9330708800455718
MA-BA-109,N Falmouth 0.7 E,41.643684,-70.608876,2025-10-15,0.48,0.0
MA-BA-109,N Falmouth 0.7 E,41.643684,-70.608876,2025-10-16,0.0,0.0
MA-BA-109,N Falmouth 0.7 E,41.643684,-70.608876,2025-10-17,0.0,0.0
MA-BA-109,N Falmouth 0.7 E,41.643684,-70.608876,2025-10-18,0.0,0.0
MA-BA-109,N Falmouth 0.7 E,41.643684,-70.608876,2025-10-19,0.0,0.0
MA-BA-109,N Falmouth 0.7 E,41.643684,-70.608876,2025-10-20,0.0,0.6417322930271232
MA-BA-109,N Falmouth 0.7 E,41.643684,-70.608876,2025-10-21,0.79,0.0
MA-BA-109,N Falmouth 0.7 E,41.643684,-70.608876,2025-10-22,0.0,0.02755905552877216
MA-BA-109,N Falmouth 0.7 E,41.643684,-70.608876,2025-10-23,0.02,0.0
MA-BA-109,N Falmouth 0.7 E,41.643684,-70.608876,2025-10-24,0.0,0.0
MA-BA-109,N Falmouth 0.7 E,41.643684,-70.608876,2025-10-25,0.0,0.0
MA-BA-109,N Falmouth 0.7 E,41.643684,-70.608876,2025-10-26,0.0,0.0
MA-BA-109,N Falmouth 0.7 E,41.643684,-70.608876,2025-10-27,0.0,0.0
MA-BA-109,N Falmouth 0.7 E,41.643684,-70.608876,2025-10-28,0.03,0.051181103124862584
MA-BA-109,N Falmouth 0.7 E,41.643684,-70.608876,2025-10-29,0.02,0.003937007932681738
MA-BA-109,N Falmouth 0.7 E,41.643684,-70.608876,2025-10-30,0.06,0.0629921269229078
MA-BA-109,N Falmouth 0.7 E,41.643684,-70.608876,2025-10-31,1.76,1.2913386019196098
MA-BA-109,N Falmouth 0.7 E,41.643684,-70.608876,2025-11-01,0.0,0.0
MA-BA-109,N Falmouth 0.7 E,41.643684,-70.608876,2025-11-02,0.0,0.0
MA-BA-109,N Falmouth 0.7 E,41.643684,-70.608876,2025-11-03,0.0,0.21259842836481382
MA-BA-109,N Falmouth 0.7 E,41.643684,-70.608876,2025-11-04,0.38,0.1259842538458156
MA-BA-109,N Falmouth 0.7 E,41.643684,-70.608876,2025-11-05,0.0,0.0
MA-BA-109,N Falmouth 0.7 E,41.643684,-70.608876,2025-11-06,0.02,0.05905511899022606
MA-BA-109,N Falmouth 0.7 E,41.643684,-70.608876,2025-11-07,0.0,0.0
MA-BA-109,N Falmouth 0.7 E,41.643684,-70.608876,2025-11-08,0.04,0.08267716658631649
MA-BA-109,N Falmouth 0.7 E,41.643684,-70.608876,2025-11-09,0.03,0.9566929276416621
MA-BA-109,N Falmouth 0.7 E,41.643684,-70.608876,2025-11-10,2.32,1.0078740307665246
MA-BA-109,N Falmouth 0.7 E,41.643684,-70.608876,2025-11-11,0.5,0.01574803173072695
MA-BA-109,N Falmouth 0.7 E,41.643684,-70.608876,2025-11-12,0.0,0.0
MA-BA-109,N Falmouth 0.7 E,41.643684,-70.608876,2025-11-13,0.0,0.019685039663408687
MA-BA-109,N Falmouth 0.7 E,41.643684,-70.608876,2025-11-14,0.01,0.0
MA-BA-109,N Falmouth 0.7 E,41.643684,-70.608876,2025-11-15,0.0,0.0
MA-BA-109,N Falmouth 0.7 E,41.643684,-70.608876,2025-11-16,0.75,0.7677165468729387
MA-BA-109,N Falmouth 0.7 E,41.643684,-70.608876,2025-11-17,0.0,0.0
MA-BA-109,N Falmouth 0.7 E,41.643684,-70.608876,2025-11-18,0.0,0.0
MA-BA-109,N Falmouth 0.7 E,41.643684,-70.608876,2025-11-19,0.0,0.0
MA-BA-109,N Falmouth 0.7 E,41.643684,-70.608876,2025-11-20,0.0,0.0
MA-BA-109,N Falmouth 0.7 E,41.643684,-70.608876,2025-11-21,0.0,0.0
MA-BA-109,N Falmouth 0.7 E,41.643684,-70.608876,2025-11-22,0.02,0.2322834680282225
MA-BA-109,N Falmouth 0.7 E,41.643684,-70.608876,2025-11-23,0.21,0.011811023798045212
MA-BA-109,N Falmouth 0.7 E,41.643684,-70.608876,2025-11-24,0.01,0.003937007932681738
MA-BA-109,N Falmouth 0.7 E,41.643684,-70.608876,2025-11-25,0.0,0.0
MA-BA-109,N Falmouth 0.7 E,41.643684,-70.608876,2025-11-26,0.23,0.24015748389358593
MA-BA-109,N Falmouth 0.7 E,41.643684,-70.608876,2025-11-27,0.05,0.011811023798045212
MA-BA-109,N Falmouth 0.7 E,41.643684,-70.608876,2025-11-28,0.0,0.0
MA-BA-109,N Falmouth 0.7 E,41.643684,-70.608876,2025-11-29,0.0,0.0
MA-BA-109,N Falmouth 0.7 E,41.643684,-70.608876,2025-11-30,0.0,0.07874015865363475
MA-BA-109,N Falmouth 0.7 E,41.643684,-70.608876,2025-12-01,0.3,0.4173228408642642
MA-BA-109,N Falmouth 0.7 E,41.643684,-70.608876,2025-12-02,0.0,0.5354330788447162
MA-BA-109,N Falmouth 0.7 E,41.643684,-70.608876,2025-12-03,0.97,0.32677165841258426
MA-BA-109,N Falmouth 0.7 E,41.643684,-70.608876,2025-12-04,0.0,0.0
MA-BA-109,N Falmouth 0.7 E,41.643684,-70.608876,2025-12-05,0.0,0.0
MA-BA-109,N Falmouth 0.7 E,41.643684,-70.608876,2025-12-06,0.0,0.023622047596090424
MA-BA-109,N Falmouth 0.7 E,41.643684,-70.608876,2025-12-07,0.03,0.0
MA-BA-109,N Falmouth 0.7 E,41.643684,-70.608876,2025-12-08,0.0,0.0
MA-BA-109,N Falmouth 0.7 E,41.643684,-70.608876,2025-12-09,0.0,0.0
MA-BA-109,N Falmouth 0.7 E,41.643684,-70.608876,2025-12-10,0.05,0.074803150720953
MA-BA-109,N Falmouth 0.7 E,41.643684,-70.608876,2025-12-11,0.01,0.023622047596090424
MA-BA-109,N Falmouth 0.7 E,41.643684,-70.608876,2025-12-12,0.0,0.0
MA-BA-109,N Falmouth 0.7 E,41.643684,-70.608876,2025-12-13,0.0,0.0
MA-BA-109,N Falmouth 0.7 E,41.643684,-70.608876,2025-12-14,0.2,0.3661417377394017
MA-BA-109,N Falmouth 0.7 E,41.643684,-70.608876,2025-12-15,0.19,0.01968503966340869
MA-BA-109,N Falmouth 0.7 E,41.643684,-70.608876,2025-12-16,0.0,0.0
MA-BA-109,N Falmouth 0.7 E,41.643684,-70.608876,2025-12-17,0.0,0.0
MA-BA-109,N Falmouth 0.7 E,41.643684,-70.608876,2025-12-18,0.0,0.0
MA-BA-109,N Falmouth 0.7 E,41.643684,-70.608876,2025-12-19,0.14,0.6259842612963962
MA-BA-109,N Falmouth 0.7 E,41.643684,-70.608876,2025-12-20,0.43,0.051181103124862584
MA-BA-109,N Falmouth 0.7 E,41.643684,-70.608876,2025-12-21,0.0,0.0
MA-BA-109,N Falmouth 0.7 E,41.643684,-70.608876,2025-12-22,0.0,0.0
MA-BA-109,N Falmouth 0.7 E,41.643684,-70.608876,2025-12-23,0.0,0.04330708725949911
MA-BA-109,N Falmouth 0.7 E,41.643684,-70.608876,2025-12-24,0.14,0.09055118245167997
MA-BA-109,N Falmouth 0.7 E,41.643684,-70.608876,2025-12-25,0.0,0.0
MA-BA-109,N Falmouth 0.7 E,41.643684,-70.608876,2025-12-26,0.0,0.0
MA-BA-109,N Falmouth 0.7 E,41.643684,-70.608876,2025-12-27,0.25,0.2007874045667686
MA-BA-109,N Falmouth 0.7 E,41.643684,-70.608876,2025-12-28,0.01,0.0
MA-BA-109,N Falmouth 0.7 E,41.643684,-70.608876,2025-12-29,0.29,0.47244095192180846
MA-BA-109,N Falmouth 0.7 E,41.643684,-70.608876,2025-12-30,0.26,0.0
MA-BA-109,N Falmouth 0.7 E,41.643684,-70.608876,2025-12-31,0.0,0.0
MA-BA-113,Falmouth 3.2 WSW,41.53048,-70.66651,2025-07-02,0.06,0.051181103124862584
MA-BA-113,Falmouth 3.2 WSW,41.53048,-70.66651,2025-07-03,0.01,0.0
MA-BA-113,Falmouth 3.2 WSW,41.53048,-70.66651,2025-07-08,0.18,0.0
MA-BA-113,Falmouth 3.2 WSW,41.53048,-70.66651,2025-07-09,1.1,1.153543324275749
MA-BA-113,Falmouth 3.2 WSW,41.53048,-70.66651,2025-07-10,0.18,0.49212599158521714
MA-BA-113,Falmouth 3.2 WSW,41.53048,-70.66651,2025-07-11,0.18,0.0
MA-BA-113,Falmouth 3.2 WSW,41.53048,-70.66651,2025-07-17,0.01,0.07086614278827127
MA-BA-113,Falmouth 3.2 WSW,41.53048,-70.66651,2025-07-26,0.18,0.0
MA-BA-113,Falmouth 3.2 WSW,41.53048,-70.66651,2025-08-01,0.2,0.2795275632204034
MA-BA-113,Falmouth 3.2 WSW,41.53048,-70.66651,2025-08-02,0.04,0.0
MA-BA-113,Falmouth 3.2 WSW,41.53048,-70.66651,2025-08-10,0.0,0.0
MA-BA-113,Falmouth 3.2 WSW,41.53048,-70.66651,2025-08-11,0.0,0.0
MA-BA-113,Falmouth 3.2 WSW,41.53048,-70.66651,2025-08-12,0.0,0.0
MA-BA-113,Falmouth 3.2 WSW,41.53048,-70.66651,2025-08-13,0.0,0.0
MA-BA-113,Falmouth 3.2 WSW,41.53048,-70.66651,2025-08-16,0.0,0.0
MA-BA-113,Falmouth 3.2 WSW,41.53048,-70.66651,2025-08-17,0.0,0.0
MA-BA-113,Falmouth 3.2 WSW,41.53048,-70.66651,2025-08-18,0.05,0.02755905552877216
MA-BA-113,Falmouth 3.2 WSW,41.53048,-70.66651,2025-08-19,0.0,0.0
MA-BA-113,Falmouth 3.2 WSW,41.53048,-70.66651,2025-08-20,0.0,0.21259842836481382
MA-BA-113,Falmouth 3.2 WSW,41.53048,-70.66651,2025-08-21,1.5,1.2755905701888828
MA-BA-113,Falmouth 3.2 WSW,41.53048,-70.66651,2025-08-22,0.01,0.0
MA-BA-113,Falmouth 3.2 WSW,41.53048,-70.66651,2025-08-24,0.0,0.0
MA-BA-113,Falmouth 3.2 WSW,41.53048,-70.66651,2025-08-25,0.0,0.0
MA-BA-113,Falmouth 3.2 WSW,41.53048,-70.66651,2025-08-26,0.03,0.0
MA-BA-113,Falmouth 3.2 WSW,41.53048,-70.66651,2025-08-27,0.0,0.0
MA-BA-113,Falmouth 3.2 WSW,41.53048,-70.66651,2025-08-29,0.0,0.0
MA-BA-113,Falmouth 3.2 WSW,41.53048,-70.66651,2025-08-30,0.35,0.39370079326817375
MA-BA-113,Falmouth 3.2 WSW,41.53048,-70.66651,2025-09-02,0.0,0.0
MA-BA-113,Falmouth 3.2 WSW,41.53048,-70.66651,2025-09-05,0.0,0.0
MA-BA-113,Falmouth 3.2 WSW,41.53048,-70.66651,2025-09-07,0.0,0.5826771740368971
MA-BA-113,Falmouth 3.2 WSW,41.53048,-70.66651,2025-09-08,0.56,0.01574803173072695
MA-BA-113,Falmouth 3.2 WSW,41.53048,-70.66651,2025-09-09,0.0,0.0
MA-BA-113,Falmouth 3.2 WSW,41.53048,-70.66651,2025-09-10,0.0,0.0
MA-BA-113,Falmouth 3.2 WSW,41.53048,-70.66651,2025-09-11,0.0,0.0
MA-BA-113,Falmouth 3.2 WSW,41.53048,-70.66651,2025-09-13,0.0,0.0
MA-BA-113,Falmouth 3.2 WSW,41.53048,-70.66651,2025-09-14,0.0,0.003937007932681738
MA-BA-113,Falmouth 3.2 WSW,41.53048,-70.66651,2025-09-15,0.0,0.0
MA-BA-113,Falmouth 3.2 WSW,41.53048,-70.66651,2025-09-16,0.0,0.0
MA-BA-113,Falmouth 3.2 WSW,41.53048,-70.66651,2025-09-17,0.0,0.08661417451899822
MA-BA-113,Falmouth 3.2 WSW,41.53048,-70.66651,2025-09-18,0.29,0.25984252355699466
MA-BA-113,Falmouth 3.2 WSW,41.53048,-70.66651,2025-09-19,0.0,0.0
MA-BA-113,Falmouth 3.2 WSW,41.53048,-70.66651,2025-09-20,0.0,0.0
MA-BA-113,Falmouth 3.2 WSW,41.53048,-70.66651,2025-09-21,0.0,0.0
MA-BA-113,Falmouth 3.2 WSW,41.53048,-70.66651,2025-09-22,0.0,0.0
MA-BA-113,Falmouth 3.2 WSW,41.53048,-70.66651,2025-09-24,0.0,0.9409448959109351
MA-BA-113,Falmouth 3.2 WSW,41.53048,-70.66651,2025-09-25,0.78,1.4330708874961522
MA-BA-113,Falmouth 3.2 WSW,41.53048,-70.66651,2025-09-26,0.38,0.0
MA-BA-113,Falmouth 3.2 WSW,41.53048,-70.66651,2025-09-27,0.0,0.0
MA-BA-113,Falmouth 3.2 WSW,41.53048,-70.66651,2025-09-28,0.1,0.07874015865363475
MA-BA-113,Falmouth 3.2 WSW,41.53048,-70.66651,2025-09-29,0.0,0.0
MA-BA-113,Falmouth 3.2 WSW,41.53048,-70.66651,2025-09-30,0.0,0.0
MA-BA-113,Falmouth 3.2 WSW,41.53048,-70.66651,2025-10-04,0.0,0.0
MA-BA-113,Falmouth 3.2 WSW,41.53048,-70.66651,2025-10-13,1.75,1.5708661651400133
MA-BA-113,Falmouth 3.2 WSW,41.53048,-70.66651,2025-10-14,3.0,0.6417322930271233
MA-BA-113,Falmouth 3.2 WSW,41.53048,-70.66651,2025-10-23,0.03,0.0
MA-BA-113,Falmouth 3.2 WSW,41.53048,-70.66651,2025-10-24,0.0,0.0
MA-BA-113,Falmouth 3.2 WSW,41.53048,-70.66651,2025-10-27,0.0,0.0
MA-BA-113,Falmouth 3.2 WSW,41.53048,-70.66651,2025-10-28,0.0,0.0
MA-BA-113,Falmouth 3.2 WSW,41.53048,-70.66651,2025-10-29,0.02,0.0
MA-BA-113,Falmouth 3.2 WSW,41.53048,-70.66651,2025-10-30,0.03,0.08661417451899822
MA-BA-113,Falmouth 3.2 WSW,41.53048,-70.66651,2025-10-31,1.55,1.1614173401411125
MA-BA-113,Falmouth 3.2 WSW,41.53048,-70.66651,2025-11-01,0.01,0.0
MA-BA-113,Falmouth 3.2 WSW,41.53048,-70.66651,2025-11-02,0.0,0.0
MA-BA-113,Falmouth 3.2 WSW,41.53048,-70.66651,2025-11-04,0.27,0.11417323004777039
MA-BA-113,Falmouth 3.2 WSW,41.53048,-70.66651,2025-11-05,0.0,0.0
MA-BA-113,Falmouth 3.2 WSW,41.53048,-70.66651,2025-11-06,0.01,0.039370079326817374
MA-BA-113,Falmouth 3.2 WSW,41.53048,-70.66651,2025-11-07,0.0,0.0
MA-BA-113,Falmouth 3.2 WSW,41.53048,-70.66651,2025-11-08,0.17,0.1889763807687234
MA-BA-113,Falmouth 3.2 WSW,41.53048,-70.66651,2025-11-09,0.02,1.2322834829293838
MA-BA-113,Falmouth 3.2 WSW,41.53048,-70.66651,2025-11-10,2.11,1.035433086295297
MA-BA-113,Falmouth 3.2 WSW,41.53048,-70.66651,2025-11-11,0.46,0.01574803173072695
MA-BA-117,Falmouth 4.8 N,41.6145087,-70.6233059,2025-08-20,0.0,0.14173228557654255
MA-BA-117,Falmouth 4.8 N,41.6145087,-70.6233059,2025-08-21,1.25,1.1377952925450219
MA-BA-117,Falmouth 4.8 N,41.6145087,-70.6233059,2025-08-22,0.0,0.0
MA-BA-117,Falmouth 4.8 N,41.6145087,-70.6233059,2025-08-23,0.0,0.0
MA-BA-117,Falmouth 4.8 N,41.6145087,-70.6233059,2025-08-24,0.0,0.0
MA-BA-117,Falmouth 4.8 N,41.6145087,-70.6233059,2025-08-25,0.0,0.011811023798045212
MA-BA-117,Falmouth 4.8 N,41.6145087,-70.6233059,2025-08-26,0.0,0.0
MA-BA-117,Falmouth 4.8 N,41.6145087,-70.6233059,2025-08-27,0.0,0.0
MA-BA-117,Falmouth 4.8 N,41.6145087,-70.6233059,2025-08-28,0.0,0.0
MA-BA-117,Falmouth 4.8 N,41.6145087,-70.6233059,2025-08-29,0.0,0.0
MA-BA-117,Falmouth 4.8 N,41.6145087,-70.6233059,2025-08-30,0.5,0.6062992216329876
MA-BA-117,Falmouth 4.8 N,41.6145087,-70.6233059,2025-08-31,0.0,0.0
MA-BA-117,Falmouth 4.8 N,41.6145087,-70.6233059,2025-09-01,0.0,0.0
MA-BA-117,Falmouth 4.8 N,41.6145087,-70.6233059,2025-09-02,0.0,0.0
MA-BA-117,Falmouth 4.8 N,41.6145087,-70.6233059,2025-09-03,0.0,0.0
MA-BA-117,Falmouth 4.8 N,41.6145087,-70.6233059,2025-09-04,0.0,0.0
MA-BA-117,Falmouth 4.8 N,41.6145087,-70.6233059,2025-09-05,0.0,0.011811023798045212
MA-BA-117,Falmouth 4.8 N,41.6145087,-70.6233059,2025-09-06,0.0,0.0
MA-BA-117,Falmouth 4.8 N,41.6145087,-70.6233059,2025-09-07,0.09,0.8188976499978012
MA-BA-117,Falmouth 4.8 N,41.6145087,-70.6233059,2025-09-08,0.84,0.011811023798045214
MA-BA-117,Falmouth 4.8 N,41.6145087,-70.6233059,2025-09-09,0.0,0.0
MA-BA-117,Falmouth 4.8 N,41.6145087,-70.6233059,2025-09-10,0.0,0.0
MA-BA-117,Falmouth 4.8 N,41.6145087,-70.6233059,2025-09-11,0.0,0.0
MA-BA-117,Falmouth 4.8 N,41.6145087,-70.6233059,2025-09-12,0.0,0.0
MA-BA-117,Falmouth 4.8 N,41.6145087,-70.6233059,2025-09-13,0.0,0.0
MA-BA-117,Falmouth 4.8 N,41.6145087,-70.6233059,2025-09-14,0.0,0.007874015865363475
MA-BA-117,Falmouth 4.8 N,41.6145087,-70.6233059,2025-09-15,0.0,0.0
MA-BA-117,Falmouth 4.8 N,41.6145087,-70.6233059,2025-09-16,0.0,0.0
MA-BA-117,Falmouth 4.8 N,41.6145087,-70.6233059,2025-09-17,0.0,0.06692913485558953
MA-BA-117,Falmouth 4.8 N,41.6145087,-70.6233059,2025-09-18,0.18,0.32283465047990245
MA-BA-117,Falmouth 4.8 N,41.6145087,-70.6233059,2025-09-19,0.0,0.0
MA-BA-117,Falmouth 4.8 N,41.6145087,-70.6233059,2025-09-20,0.0,0.0
MA-BA-117,Falmouth 4.8 N,41.6145087,-70.6233059,2025-09-21,0.0,0.0
MA-BA-117,Falmouth 4.8 N,41.6145087,-70.6233059,2025-09-22,0.0,0.0
MA-BA-117,Falmouth 4.8 N,41.6145087,-70.6233059,2025-09-23,0.0,0.0
MA-BA-117,Falmouth 4.8 N,41.6145087,-70.6233059,2025-09-24,0.0,1.40551183196738
MA-BA-117,Falmouth 4.8 N,41.6145087,-70.6233059,2025-09-25,1.74,2.196850426436409
MA-BA-117,Falmouth 4.8 N,41.6145087,-70.6233059,2025-09-26,0.55,0.003937007932681738
MA-BA-117,Falmouth 4.8 N,41.6145087,-70.6233059,2025-09-27,0.0,0.0
MA-BA-117,Falmouth 4.8 N,41.6145087,-70.6233059,2025-09-28,0.08,0.08661417451899822
MA-BA-117,Falmouth 4.8 N,41.6145087,-70.6233059,2025-09-29,0.0,0.0
MA-BA-117,Falmouth 4.8 N,41.6145087,-70.6233059,2025-09-30,0.0,0.0
MA-BA-117,Falmouth 4.8 N,41.6145087,-70.6233059,2025-10-01,0.0,0.0
MA-BA-117,Falmouth 4.8 N,41.6145087,-70.6233059,2025-10-02,0.0,0.0
MA-BA-117,Falmouth 4.8 N,41.6145087,-70.6233059,2025-10-03,0.0,0.0
MA-BA-117,Falmouth 4.8 N,41.6145087,-70.6233059,2025-10-04,0.0,0.0
MA-BA-117,Falmouth 4.8 N,41.6145087,-70.6233059,2025-10-05,0.0,0.0
MA-BA-117,Falmouth 4.8 N,41.6145087,-70.6233059,2025-10-06,0.0,0.0
MA-BA-117,Falmouth 4.8 N,41.6145087,-70.6233059,2025-10-07,0.0,0.0
MA-BA-117,Falmouth 4.8 N,41.6145087,-70.6233059,2025-10-08,0.0,0.7165354437480762
MA-BA-117,Falmouth 4.8 N,41.6145087,-70.6233059,2025-10-09,0.8,0.0
MA-BA-117,Falmouth 4.8 N,41.6145087,-70.6233059,2025-10-10,0.0,0.0
MA-BA-117,Falmouth 4.8 N,41.6145087,-70.6233059,2025-10-11,0.0,0.0
MA-BA-117,Falmouth 4.8 N,41.6145087,-70.6233059,2025-10-12,0.0,0.763779538940257
MA-BA-117,Falmouth 4.8 N,41.6145087,-70.6233059,2025-10-13,2.45,1.929133887014051
MA-BA-117,Falmouth 4.8 N,41.6145087,-70.6233059,2025-10-14,1.46,0.6653543406232135
MA-BA-117,Falmouth 4.8 N,41.6145087,-70.6233059,2025-10-15,0.0,0.0
MA-BA-117,Falmouth 4.8 N,41.6145087,-70.6233059,2025-10-16,0.0,0.0
MA-BA-117,Falmouth 4.8 N,41.6145087,-70.6233059,2025-10-17,0.0,0.0
MA-BA-117,Falmouth 4.8 N,41.6145087,-70.6233059,2025-10-18,0.0,0.0
MA-BA-117,Falmouth 4.8 N,41.6145087,-70.6233059,2025-10-19,0.0,0.0
MA-BA-117,Falmouth 4.8 N,41.6145087,-70.6233059,2025-10-20,0.0,0.6299212692290779
MA-BA-117,Falmouth 4.8 N,41.6145087,-70.6233059,2025-10-21,0.84,0.0
MA-BA-117,Falmouth 4.8 N,41.6145087,-70.6233059,2025-10-22,0.0,0.019685039663408687
MA-BA-117,Falmouth 4.8 N,41.6145087,-70.6233059,2025-10-23,0.01,0.0
MA-BA-117,Falmouth 4.8 N,41.6145087,-70.6233059,2025-10-24,0.0,0.0
MA-BA-117,Falmouth 4.8 N,41.6145087,-70.6233059,2025-10-25,0.0,0.0
MA-BA-117,Falmouth 4.8 N,41.6145087,-70.6233059,2025-10-26,0.0,0.0
MA-BA-117,Falmouth 4.8 N,41.6145087,-70.6233059,2025-10-27,0.0,0.0
MA-BA-117,Falmouth 4.8 N,41.6145087,-70.6233059,2025-10-28,0.02,0.02755905552877216
MA-BA-117,Falmouth 4.8 N,41.6145087,-70.6233059,2025-10-29,0.02,0.007874015865363475
MA-BA-117,Falmouth 4.8 N,41.6145087,-70.6233059,2025-10-30,0.04,0.0629921269229078
MA-BA-117,Falmouth 4.8 N,41.6145087,-70.6233059,2025-10-31,1.72,1.2598425384581557
MA-BA-117,Falmouth 4.8 N,41.6145087,-70.6233059,2025-11-01,0.0,0.0
MA-BA-117,Falmouth 4.8 N,41.6145087,-70.6233059,2025-11-02,0.0,0.0
MA-BA-117,Falmouth 4.8 N,41.6145087,-70.6233059,2025-11-04,0.37,0.11811023798045213
MA-BA-117,Falmouth 4.8 N,41.6145087,-70.6233059,2025-11-05,0.0,0.0
MA-BA-117,Falmouth 4.8 N,41.6145087,-70.6233059,2025-11-06,0.0,0.051181103124862584
MA-BA-117,Falmouth 4.8 N,41.6145087,-70.6233059,2025-11-07,0.0,0.0
MA-BA-117,Falmouth 4.8 N,41.6145087,-70.6233059,2025-11-08,0.05,0.08267716658631649
MA-BA-117,Falmouth 4.8 N,41.6145087,-70.6233059,2025-11-09,0.03,1.0314960783626153
MA-BA-117,Falmouth 4.8 N,41.6145087,-70.6233059,2025-11-10,2.25,1.003937022833843
MA-BA-117,Falmouth 4.8 N,41.6145087,-70.6233059,2025-11-11,0.42,0.01574803173072695
MA-BA-117,Falmouth 4.8 N,41.6145087,-70.6233059,2025-11-12,0.0,0.0
MA-BA-117,Falmouth 4.8 N,41.6145087,-70.6233059,2025-11-13,0.01,0.0314960634614539
MA-BA-117,Falmouth 4.8 N,41.6145087,-70.6233059,2025-11-14,0.0,0.0
MA-BA-117,Falmouth 4.8 N,41.6145087,-70.6233059,2025-11-16,0.8,0.7716535548056205
MA-BA-117,Falmouth 4.8 N,41.6145087,-70.6233059,2025-11-17,0.0,0.0
MA-BA-117,Falmouth 4.8 N,41.6145087,-70.6233059,2025-11-18,0.0,0.0
MA-BA-117,Falmouth 4.8 N,41.6145087,-70.6233059,2025-11-19,0.0,0.0
MA-BA-117,Falmouth 4.8 N,41.6145087,-70.6233059,2025-11-20,0.0,0.0
MA-BA-117,Falmouth 4.8 N,41.6145087,-70.6233059,2025-11-21,0.0,0.0
MA-BA-117,Falmouth 4.8 N,41.6145087,-70.6233059,2025-11-22,0.02,0.21653543629749555
MA-BA-117,Falmouth 4.8 N,41.6145087,-70.6233059,2025-11-23,0.19,0.01574803173072695
MA-BA-117,Falmouth 4.8 N,41.6145087,-70.6233059,2025-11-24,0.0,0.0
MA-BA-117,Falmouth 4.8 N,41.6145087,-70.6233059,2025-11-25,0.0,0.0
MA-BA-117,Falmouth 4.8 N,41.6145087,-70.6233059,2025-11-26,0.22,0.23622047596090423
MA-BA-117,Falmouth 4.8 N,41.6145087,-70.6233059,2025-11-27,0.04,0.011811023798045212
MA-BA-117,Falmouth 4.8 N,41.6145087,-70.6233059,2025-11-28,0.0,0.0
MA-BA-117,Falmouth 4.8 N,41.6145087,-70.6233059,2025-11-29,0.0,0.0
MA-BA-117,Falmouth 4.8 N,41.6145087,-70.6233059,2025-11-30,0.0,0.074803150720953
MA-BA-117,Falmouth 4.8 N,41.6145087,-70.6233059,2025-12-01,0.27,0.3937007932681737
MA-BA-117,Falmouth 4.8 N,41.6145087,-70.6233059,2025-12-02,0.0,0.5354330788447162
MA-BA-117,Falmouth 4.8 N,41.6145087,-70.6233059,2025-12-03,1.05,0.32283465047990245
MA-BA-117,Falmouth 4.8 N,41.6145087,-70.6233059,2025-12-04,0.0,0.0
MA-BA-117,Falmouth 4.8 N,41.6145087,-70.6233059,2025-12-05,0.0,0.0
MA-BA-117,Falmouth 4.8 N,41.6145087,-70.6233059,2025-12-06,0.0,0.023622047596090427
MA-BA-117,Falmouth 4.8 N,41.6145087,-70.6233059,2025-12-07,0.02,0.0
MA-BA-117,Falmouth 4.8 N,41.6145087,-70.6233059,2025-12-08,0.0,0.0
MA-BA-117,Falmouth 4.8 N,41.6145087,-70.6233059,2025-12-10,0.02,0.06692913485558953
MA-BA-117,Falmouth 4.8 N,41.6145087,-70.6233059,2025-12-11,0.0,0.023622047596090424
MA-BA-117,Falmouth 4.8 N,41.6145087,-70.6233059,2025-12-12,0.0,0.0
MA-BA-117,Falmouth 4.8 N,41.6145087,-70.6233059,2025-12-13,0.0,0.0
MA-BA-117,Falmouth 4.8 N,41.6145087,-70.6233059,2025-12-14,0.16,0.35826772187403816
MA-BA-117,Falmouth 4.8 N,41.6145087,-70.6233059,2025-12-15,0.14,0.019685039663408687
MA-BA-117,Falmouth 4.8 N,41.6145087,-70.6233059,2025-12-16,0.0,0.0
MA-BA-117,Falmouth 4.8 N,41.6145087,-70.6233059,2025-12-17,0.0,0.0
MA-BA-117,Falmouth 4.8 N,41.6145087,-70.6233059,2025-12-18,0.0,0.0
MA-BA-117,Falmouth 4.8 N,41.6145087,-70.6233059,2025-12-19,0.15,0.5944881978349423
MA-BA-117,Falmouth 4.8 N,41.6145087,-70.6233059,2025-12-20,0.4,0.04330708725949911
MA-BA-117,Falmouth 4.8 N,41.6145087,-70.6233059,2025-12-21,0.0,0.0
MA-BA-117,Falmouth 4.8 N,41.6145087,-70.6233059,2025-12-22,0.0,0.0
MA-BA-117,Falmouth 4.8 N,41.6145087,-70.6233059,2025-12-23,0.0,0.04330708725949911
MA-BA-117,Falmouth 4.8 N,41.6145087,-70.6233059,2025-12-24,0.12,0.07480315072095302
MA-BA-117,Falmouth 4.8 N,41.6145087,-70.6233059,2025-12-25,0.0,0.0
MA-BA-117,Falmouth 4.8 N,41.6145087,-70.6233059,2025-12-26,0.0,0.0
MA-BA-117,Falmouth 4.8 N,41.6145087,-70.6233059,2025-12-27,0.25,0.19291338870140512
MA-BA-117,Falmouth 4.8 N,41.6145087,-70.6233059,2025-12-29,0.29,0.46062992812376324
MA-BA-117,Falmouth 4.8 N,41.6145087,-70.6233059,2025-12-30,0.22,0.0
MA-BA-117,Falmouth 4.8 N,41.6145087,-70.6233059,2025-12-31,0.0,0.0
MA-BR-14,Dartmouth 2.5 SSW,41.534589,-71.021972,2025-01-01,0.75,0.988188991103116
MA-BR-14,Dartmouth 2.5 SSW,41.534589,-71.021972,2025-01-02,0.21,0.2007874045667686
MA-BR-14,Dartmouth 2.5 SSW,41.534589,-71.021972,2025-01-03,0.0,0.0
MA-BR-14,Dartmouth 2.5 SSW,41.534589,-71.021972,2025-01-04,0.0,0.0
MA-BR-14,Dartmouth 2.5 SSW,41.534589,-71.021972,2025-01-05,0.0,0.0
MA-BR-14,Dartmouth 2.5 SSW,41.534589,-71.021972,2025-01-06,0.0,0.0
MA-BR-14,Dartmouth 2.5 SSW,41.534589,-71.021972,2025-01-07,0.0,0.0
MA-BR-14,Dartmouth 2.5 SSW,41.534589,-71.021972,2025-01-08,0.0,0.0
MA-BR-14,Dartmouth 2.5 SSW,41.534589,-71.021972,2025-01-09,0.0,0.0
MA-BR-14,Dartmouth 2.5 SSW,41.534589,-71.021972,2025-01-10,0.0,0.0
MA-BR-14,Dartmouth 2.5 SSW,41.534589,-71.021972,2025-01-11,0.0,0.18503937283604166
MA-BR-14,Dartmouth 2.5 SSW,41.534589,-71.021972,2025-01-12,0.03,0.003937007932681738
MA-BR-14,Dartmouth 2.5 SSW,41.534589,-71.021972,2025-01-13,0.0,0.0
MA-BR-14,Dartmouth 2.5 SSW,41.534589,-71.021972,2025-01-14,0.0,0.0
MA-BR-14,Dartmouth 2.5 SSW,41.534589,-71.021972,2025-01-15,0.0,0.0
MA-BR-14,Dartmouth 2.5 SSW,41.534589,-71.021972,2025-01-16,0.0,0.0
MA-BR-14,Dartmouth 2.5 SSW,41.534589,-71.021972,2025-01-17,0.0,0.0
MA-BR-14,Dartmouth 2.5 SSW,41.534589,-71.021972,2025-01-18,0.0,0.2874015790857668
MA-BR-14,Dartmouth 2.5 SSW,41.534589,-71.021972,2025-01-19,0.52,0.31889764254722075
MA-BR-14,Dartmouth 2.5 SSW,41.534589,-71.021972,2025-01-20,0.43,0.3582677218740381
MA-BR-14,Dartmouth 2.5 SSW,41.534589,-71.021972,2025-01-21,0.0,0.0
MA-BR-14,Dartmouth 2.5 SSW,41.534589,-71.021972,2025-01-22,0.0,0.0
MA-BR-14,Dartmouth 2.5 SSW,41.534589,-71.021972,2025-01-23,0.0,0.0
MA-BR-14,Dartmouth 2.5 SSW,41.534589,-71.021972,2025-01-24,0.0,0.0
MA-BR-14,Dartmouth 2.5 SSW,41.534589,-71.021972,2025-01-25,0.0,0.0
MA-BR-14,Dartmouth 2.5 SSW,41.534589,-71.021972,2025-01-26,0.0,0.0
MA-BR-14,Dartmouth 2.5 SSW,41.534589,-71.021972,2025-01-27,0.0,0.0
MA-BR-14,Dartmouth 2.5 SSW,41.534589,-71.021972,2025-01-28,0.0,0.0
MA-BR-14,Dartmouth 2.5 SSW,41.534589,-71.021972,2025-01-29,0.0,0.0
MA-BR-14,Dartmouth 2.5 SSW,41.534589,-71.021972,2025-01-30,0.0,0.0
MA-BR-14,Dartmouth 2.5 SSW,41.534589,-71.021972,2025-01-31,0.0,0.16141732523995123
MA-BR-14,Dartmouth 2.5 SSW,41.534589,-71.021972,2025-02-01,0.5,0.3779527615374468
MA-BR-14,Dartmouth 2.5 SSW,41.534589,-71.021972,2025-02-02,0.01,0.0
MA-BR-14,Dartmouth 2.5 SSW,41.534589,-71.021972,2025-02-03,0.19,0.2519685076916312
MA-BR-14,Dartmouth 2.5 SSW,41.534589,-71.021972,2025-02-04,0.0,0.0
MA-BR-14,Dartmouth 2.5 SSW,41.534589,-71.021972,2025-02-05,0.0,0.0
MA-BR-14,Dartmouth 2.5 SSW,41.534589,-71.021972,2025-02-06,0.0,0.314960634614539
MA-BR-14,Dartmouth 2.5 SSW,41.534589,-71.021972,2025-02-07,0.3,0.0
MA-BR-14,Dartmouth 2.5 SSW,41.534589,-71.021972,2025-02-08,0.0,0.0
MA-BR-14,Dartmouth 2.5 SSW,41.534589,-71.021972,2025-02-09,0.38,0.4133858329315824
MA-BR-14,Dartmouth 2.5 SSW,41.534589,-71.021972,2025-02-10,0.03,0.0
MA-BR-14,Dartmouth 2.5 SSW,41.534589,-71.021972,2025-02-11,0.0,0.0
MA-BR-14,Dartmouth 2.5 SSW,41.534589,-71.021972,2025-02-12,0.02,0.09055118245167997
MA-BR-14,Dartmouth 2.5 SSW,41.534589,-71.021972,2025-02-13,0.26,0.24803149975894945
MA-BR-14,Dartmouth 2.5 SSW,41.534589,-71.021972,2025-02-14,0.14,0.0
MA-BR-14,Dartmouth 2.5 SSW,41.534589,-71.021972,2025-02-15,0.0,0.01574803173072695
MA-BR-14,Dartmouth 2.5 SSW,41.534589,-71.021972,2025-02-16,0.57,1.6732283713897382
MA-BR-14,Dartmouth 2.5 SSW,41.534589,-71.021972,2025-02-17,1.34,0.03543307139413564
MA-BR-14,Dartmouth 2.5 SSW,41.534589,-71.021972,2025-02-18,0.0,0.0
MA-BR-14,Dartmouth 2.5 SSW,41.534589,-71.021972,2025-02-19,0.0,0.0
MA-BR-14,Dartmouth 2.5 SSW,41.534589,-71.021972,2025-02-20,0.0,0.0
MA-BR-14,Dartmouth 2.5 SSW,41.534589,-71.021972,2025-02-21,0.0,0.0
MA-BR-14,Dartmouth 2.5 SSW,41.534589,-71.021972,2025-02-22,0.0,0.0
MA-BR-14,Dartmouth 2.5 SSW,41.534589,-71.021972,2025-02-23,0.0,0.0
MA-BR-14,Dartmouth 2.5 SSW,41.534589,-71.021972,2025-02-24,0.0,0.0
MA-BR-14,Dartmouth 2.5 SSW,41.534589,-71.021972,2025-02-25,0.0,0.0
MA-BR-14,Dartmouth 2.5 SSW,41.534589,-71.021972,2025-02-26,0.0,0.0
MA-BR-14,Dartmouth 2.5 SSW,41.534589,-71.021972,2025-02-27,0.0,0.17716535697067817
MA-BR-14,Dartmouth 2.5 SSW,41.534589,-71.021972,2025-02-28,0.09,0.023622047596090424
MA-BR-14,Dartmouth 2.5 SSW,41.534589,-71.021972,2025-03-01,0.0,0.0
MA-BR-14,Dartmouth 2.5 SSW,41.534589,-71.021972,2025-03-02,0.0,0.0
MA-BR-14,Dartmouth 2.5 SSW,41.534589,-71.021972,2025-03-03,0.0,0.0
MA-BR-14,Dartmouth 2.5 SSW,41.534589,-71.021972,2025-03-04,0.0,0.0
MA-BR-14,Dartmouth 2.5 SSW,41.534589,-71.021972,2025-03-05,0.0,0.0
MA-BR-14,Dartmouth 2.5 SSW,41.534589,-71.021972,2025-03-06,0.33,0.4094488249989007
MA-BR-14,Dartmouth 2.5 SSW,41.534589,-71.021972,2025-03-07,0.07,0.12204724591313386
MA-BR-14,Dartmouth 2.5 SSW,41.534589,-71.021972,2025-03-08,0.0,0.0
MA-BR-14,Dartmouth 2.5 SSW,41.534589,-71.021972,2025-03-09,0.0,0.0
MA-BR-14,Dartmouth 2.5 SSW,41.534589,-71.021972,2025-03-10,0.0,0.0
MA-BR-14,Dartmouth 2.5 SSW,41.534589,-71.021972,2025-03-11,0.0,0.0
MA-BR-14,Dartmouth 2.5 SSW,41.534589,-71.021972,2025-03-12,0.0,0.0
MA-BR-14,Dartmouth 2.5 SSW,41.534589,-71.021972,2025-03-13,0.0,0.0
MA-BR-14,Dartmouth 2.5 SSW,41.534589,-71.021972,2025-03-14,0.0,0.0
MA-BR-14,Dartmouth 2.5 SSW,41.534589,-71.021972,2025-03-15,0.0,0.0
MA-BR-14,Dartmouth 2.5 SSW,41.534589,-71.021972,2025-03-16,0.0,0.0
MA-BR-14,Dartmouth 2.5 SSW,41.534589,-71.021972,2025-03-17,0.83,1.818897664898963
MA-BR-14,Dartmouth 2.5 SSW,41.534589,-71.021972,2025-03-18,1.14,0.04724409519218085
MA-BR-14,Dartmouth 2.5 SSW,41.534589,-71.021972,2025-03-19,0.0,0.0
MA-BR-14,Dartmouth 2.5 SSW,41.534589,-71.021972,2025-03-20,0.0,0.0
MA-BR-14,Dartmouth 2.5 SSW,41.534589,-71.021972,2025-03-21,0.23,0.3110236266818573
MA-BR-14,Dartmouth 2.5 SSW,41.534589,-71.021972,2025-03-22,0.03,0.0
MA-BR-14,Dartmouth 2.5 SSW,41.534589,-71.021972,2025-03-23,0.0,0.0
MA-BR-14,Dartmouth 2.5 SSW,41.534589,-71.021972,2025-03-24,0.0,0.6417322930271232
MA-BR-14,Dartmouth 2.5 SSW,41.534589,-71.021972,2025-03-25,0.66,0.12598425384581557
MA-BR-14,Dartmouth 2.5 SSW,41.534589,-71.021972,2025-03-26,0.0,0.0
MA-BR-14,Dartmouth 2.5 SSW,41.534589,-71.021972,2025-03-27,0.0,0.0
MA-BR-14,Dartmouth 2.5 SSW,41.534589,-71.021972,2025-03-28,0.0,0.0
MA-BR-14,Dartmouth 2.5 SSW,41.534589,-71.021972,2025-03-29,0.08,0.08267716658631648
MA-BR-14,Dartmouth 2.5 SSW,41.534589,-71.021972,2025-03-30,0.15,0.1771653569706782
MA-BR-14,Dartmouth 2.5 SSW,41.534589,-71.021972,2025-03-31,0.01,0.0
MA-BR-14,Dartmouth 2.5 SSW,41.534589,-71.021972,2025-04-01,0.25,0.41732284086426413
MA-BR-14,Dartmouth 2.5 SSW,41.534589,-71.021972,2025-04-02,0.07,0.051181103124862584
MA-BR-14,Dartmouth 2.5 SSW,41.534589,-71.021972,2025-04-03,0.01,0.2874015790857668
MA-BR-14,Dartmouth 2.5 SSW,41.534589,-71.021972,2025-04-04,0.23,0.0
MA-BR-14,Dartmouth 2.5 SSW,41.534589,-71.021972,2025-04-05,0.0,0.1338582697111791
MA-BR-14,Dartmouth 2.5 SSW,41.534589,-71.021972,2025-04-06,0.71,0.7519685151422117
MA-BR-14,Dartmouth 2.5 SSW,41.534589,-71.021972,2025-04-07,0.0,0.20472441249945036
MA-BR-14,Dartmouth 2.5 SSW,41.534589,-71.021972,2025-04-08,0.32,0.1811023649033599
MA-BR-14,Dartmouth 2.5 SSW,41.534589,-71.021972,2025-04-09,0.03,0.0
MA-BR-14,Dartmouth 2.5 SSW,41.534589,-71.021972,2025-04-10,0.0,0.0
MA-BR-14,Dartmouth 2.5 SSW,41.534589,-71.021972,2025-04-11,0.04,0.11023622211508864
MA-BR-14,Dartmouth 2.5 SSW,41.534589,-71.021972,2025-04-12,0.34,0.3818897694701286
MA-BR-14,Dartmouth 2.5 SSW,41.534589,-71.021972,2025-04-13,0.12,0.5354330788447162
MA-BR-14,Dartmouth 2.5 SSW,41.534589,-71.021972,2025-04-14,0.38,0.0
MA-BR-14,Dartmouth 2.5 SSW,41.534589,-71.021972,2025-04-15,0.1,0.15748031730726947
MA-BR-14,Dartmouth 2.5 SSW,41.534589,-71.021972,2025-04-16,0.03,0.019685039663408687
MA-BR-14,Dartmouth 2.5 SSW,41.534589,-71.021972,2025-04-17,0.0,0.0
MA-BR-14,Dartmouth 2.5 SSW,41.534589,-71.021972,2025-04-18,0.0,0.0
MA-BR-14,Dartmouth 2.5 SSW,41.534589,-71.021972,2025-04-19,0.0,0.0
MA-BR-14,Dartmouth 2.5 SSW,41.534589,-71.021972,2025-04-20,0.0,0.0
MA-BR-14,Dartmouth 2.5 SSW,41.534589,-71.021972,2025-04-21,0.0,0.0
MA-BR-14,Dartmouth 2.5 SSW,41.534589,-71.021972,2025-04-22,0.09,0.074803150720953
MA-BR-14,Dartmouth 2.5 SSW,41.534589,-71.021972,2025-04-23,0.0,0.0
MA-BR-14,Dartmouth 2.5 SSW,41.534589,-71.021972,2025-04-24,0.0,0.0
MA-BR-14,Dartmouth 2.5 SSW,41.534589,-71.021972,2025-04-25,0.0,0.0
MA-BR-14,Dartmouth 2.5 SSW,41.534589,-71.021972,2025-04-26,0.0,0.5944881978349422
MA-BR-14,Dartmouth 2.5 SSW,41.534589,-71.021972,2025-04-27,0.74,0.149606301441906
MA-BR-14,Dartmouth 2.5 SSW,41.534589,-71.021972,2025-04-28,0.0,0.0
MA-BR-14,Dartmouth 2.5 SSW,41.534589,-71.021972,2025-04-29,0.0,0.0
MA-BR-14,Dartmouth 2.5 SSW,41.534589,-71.021972,2025-04-30,0.0,0.0
MA-BR-14,Dartmouth 2.5 SSW,41.534589,-71.021972,2025-05-01,0.0,0.0
MA-BR-14,Dartmouth 2.5 SSW,41.534589,-71.021972,2025-05-02,0.3,0.32677165841258426
MA-BR-14,Dartmouth 2.5 SSW,41.534589,-71.021972,2025-05-03,0.0,0.0
MA-BR-14,Dartmouth 2.5 SSW,41.534589,-71.021972,2025-05-04,0.0,0.0
MA-BR-14,Dartmouth 2.5 SSW,41.534589,-71.021972,2025-05-05,0.02,0.2834645711530851
MA-BR-14,Dartmouth 2.5 SSW,41.534589,-71.021972,2025-05-06,0.11,0.19291338870140515
MA-BR-14,Dartmouth 2.5 SSW,41.534589,-71.021972,2025-05-07,0.13,0.003937007932681738
MA-BR-14,Dartmouth 2.5 SSW,41.534589,-71.021972,2025-05-08,0.0,0.0
MA-BR-14,Dartmouth 2.5 SSW,41.534589,-71.021972,2025-05-09,0.0,1.696850418985829
MA-BR-14,Dartmouth 2.5 SSW,41.534589,-71.021972,2025-05-10,2.07,0.2913385870184486
MA-BR-14,Dartmouth 2.5 SSW,41.534589,-71.021972,2025-05-11,0.0,0.0
MA-BR-14,Dartmouth 2.5 SSW,41.534589,-71.021972,2025-05-12,0.0,0.0
MA-BR-14,Dartmouth 2.5 SSW,41.534589,-71.021972,2025-05-13,0.0,0.0
MA-BR-14,Dartmouth 2.5 SSW,41.534589,-71.021972,2025-05-14,0.0,0.0
MA-BR-14,Dartmouth 2.5 SSW,41.534589,-71.021972,2025-05-15,0.52,0.629921269229078
MA-BR-14,Dartmouth 2.5 SSW,41.534589,-71.021972,2025-05-16,0.0,0.0
MA-BR-14,Dartmouth 2.5 SSW,41.534589,-71.021972,2025-05-17,0.0,0.0
MA-BR-14,Dartmouth 2.5 SSW,41.534589,-71.021972,2025-05-18,0.03,0.03543307139413564
MA-BR-14,Dartmouth 2.5 SSW,41.534589,-71.021972,2025-05-19,0.0,0.0
MA-BR-14,Dartmouth 2.5 SSW,41.534589,-71.021972,2025-05-20,0.0,0.0
MA-BR-14,Dartmouth 2.5 SSW,41.534589,-71.021972,2025-05-21,0.0,0.0
MA-BR-14,Dartmouth 2.5 SSW,41.534589,-71.021972,2025-05-22,0.03,2.3307086961475885
MA-BR-14,Dartmouth 2.5 SSW,41.534589,-71.021972,2025-05-23,2.2,0.4606299281237632
MA-BR-14,Dartmouth 2.5 SSW,41.534589,-71.021972,2025-05-24,0.0,0.027559055528772164
MA-BR-14,Dartmouth 2.5 SSW,41.534589,-71.021972,2025-05-25,0.03,0.0
MA-BR-14,Dartmouth 2.5 SSW,41.534589,-71.021972,2025-05-26,0.0,0.0
MA-BR-14,Dartmouth 2.5 SSW,41.534589,-71.021972,2025-05-27,0.0,0.0
MA-BR-14,Dartmouth 2.5 SSW,41.534589,-71.021972,2025-05-28,0.0,0.0
MA-BR-14,Dartmouth 2.5 SSW,41.534589,-71.021972,2025-05-29,0.16,0.2519685076916312
MA-BR-14,Dartmouth 2.5 SSW,41.534589,-71.021972,2025-05-30,0.06,0.0
MA-BR-14,Dartmouth 2.5 SSW,41.534589,-71.021972,2025-05-31,0.36,0.29133858701844856
MA-BR-14,Dartmouth 2.5 SSW,41.534589,-71.021972,2025-06-01,0.01,0.0
MA-BR-14,Dartmouth 2.5 SSW,41.534589,-71.021972,2025-06-02,0.0,0.0
MA-BR-14,Dartmouth 2.5 SSW,41.534589,-71.021972,2025-06-03,0.0,0.0
MA-BR-14,Dartmouth 2.5 SSW,41.534589,-71.021972,2025-06-04,0.0,0.0
MA-BR-14,Dartmouth 2.5 SSW,41.534589,-71.021972,2025-06-05,0.0,0.0
MA-BR-14,Dartmouth 2.5 SSW,41.534589,-71.021972,2025-06-06,0.0,0.0
MA-BR-14,Dartmouth 2.5 SSW,41.534589,-71.021972,2025-06-07,0.0,0.2283464600955408
MA-BR-14,Dartmouth 2.5 SSW,41.534589,-71.021972,2025-06-08,0.06,0.0
MA-BR-14,Dartmouth 2.5 SSW,41.534589,-71.021972,2025-06-09,0.0,0.007874015865363475
MA-BR-14,Dartmouth 2.5 SSW,41.534589,-71.021972,2025-06-10,0.08,0.795275602401711
MA-BR-14,Dartmouth 2.5 SSW,41.534589,-71.021972,2025-06-11,0.57,0.0
MA-BR-14,Dartmouth 2.5 SSW,41.534589,-71.021972,2025-06-12,0.0,0.0
MA-BR-14,Dartmouth 2.5 SSW,41.534589,-71.021972,2025-06-13,0.0,0.0
MA-BR-14,Dartmouth 2.5 SSW,41.534589,-71.021972,2025-06-14,0.0,0.11023622211508866
MA-BR-14,Dartmouth 2.5 SSW,41.534589,-71.021972,2025-06-15,0.08,0.003937007932681738
MA-BR-14,Dartmouth 2.5 SSW,41.534589,-71.021972,2025-06-16,0.0,0.0
MA-BR-14,Dartmouth 2.5 SSW,41.534589,-71.021972,2025-06-17,0.01,0.023622047596090424
MA-BR-14,Dartmouth 2.5 SSW,41.534589,-71.021972,2025-06-18,0.0,0.011811023798045214
MA-BR-14,Dartmouth 2.5 SSW,41.534589,-71.021972,2025-06-19,0.01,0.0
MA-BR-14,Dartmouth 2.5 SSW,41.534589,-71.021972,2025-06-20,0.0,0.0
MA-BR-14,Dartmouth 2.5 SSW,41.534589,-71.021972,2025-06-21,0.0,0.0
MA-BR-14,Dartmouth 2.5 SSW,41.534589,-71.021972,2025-06-22,0.0,0.023622047596090424
MA-BR-14,Dartmouth 2.5 SSW,41.534589,-71.021972,2025-06-23,0.02,0.0
MA-BR-14,Dartmouth 2.5 SSW,41.534589,-71.021972,2025-06-24,0.0,0.0
MA-BR-14,Dartmouth 2.5 SSW,41.534589,-71.021972,2025-06-25,0.0,0.011811023798045214
MA-BR-14,Dartmouth 2.5 SSW,41.534589,-71.021972,2025-06-26,0.08,0.0944881903843617
MA-BR-14,Dartmouth 2.5 SSW,41.534589,-71.021972,2025-06-27,0.07,0.003937007932681738
MA-BR-14,Dartmouth 2.5 SSW,41.534589,-71.021972,2025-06-28,0.0,0.011811023798045212
MA-BR-14,Dartmouth 2.5 SSW,41.534589,-71.021972,2025-06-29,0.0,0.0
MA-BR-14,Dartmouth 2.5 SSW,41.534589,-71.021972,2025-06-30,0.0,0.0
MA-BR-14,Dartmouth 2.5 SSW,41.534589,-71.021972,2025-07-01,0.02,0.05511811105754433
MA-BR-14,Dartmouth 2.5 SSW,41.534589,-71.021972,2025-07-02,0.1,0.16929134110531474
MA-BR-14,Dartmouth 2.5 SSW,41.534589,-71.021972,2025-07-03,0.01,0.003937007932681738
MA-BR-14,Dartmouth 2.5 SSW,41.534589,-71.021972,2025-07-04,0.09,0.27952756322040334
MA-BR-14,Dartmouth 2.5 SSW,41.534589,-71.021972,2025-07-05,0.0,0.0
MA-BR-14,Dartmouth 2.5 SSW,41.534589,-71.021972,2025-07-06,0.0,0.0
MA-BR-14,Dartmouth 2.5 SSW,41.534589,-71.021972,2025-07-07,0.0,0.1377952776438608
MA-BR-14,Dartmouth 2.5 SSW,41.534589,-71.021972,2025-07-08,0.38,0.05905511899022606
MA-BR-14,Dartmouth 2.5 SSW,41.534589,-71.021972,2025-07-09,0.28,0.7559055230748936
MA-BR-14,Dartmouth 2.5 SSW,41.534589,-71.021972,2025-07-10,0.22,0.44094488846035457
MA-BR-14,Dartmouth 2.5 SSW,41.534589,-71.021972,2025-07-11,0.14,0.0
MA-BR-14,Dartmouth 2.5 SSW,41.534589,-71.021972,2025-07-12,0.0,0.0
MA-BR-14,Dartmouth 2.5 SSW,41.534589,-71.021972,2025-07-13,0.0,0.0
MA-BR-14,Dartmouth 2.5 SSW,41.534589,-71.021972,2025-07-14,0.0,0.0
MA-BR-14,Dartmouth 2.5 SSW,41.534589,-71.021972,2025-07-15,0.01,0.0314960634614539
MA-BR-14,Dartmouth 2.5 SSW,41.534589,-71.021972,2025-07-16,0.0,0.0
MA-BR-14,Dartmouth 2.5 SSW,41.534589,-71.021972,2025-07-17,0.0,0.007874015865363475
MA-BR-14,Dartmouth 2.5 SSW,41.534589,-71.021972,2025-07-18,0.01,0.0
MA-BR-14,Dartmouth 2.5 SSW,41.534589,-71.021972,2025-07-19,0.0,0.0
MA-BR-14,Dartmouth 2.5 SSW,41.534589,-71.021972,2025-07-20,0.0,0.03543307139413564
MA-BR-14,Dartmouth 2.5 SSW,41.534589,-71.021972,2025-07-21,0.04,0.0629921269229078
MA-BR-14,Dartmouth 2.5 SSW,41.534589,-71.021972,2025-07-22,0.01,0.0
MA-BR-14,Dartmouth 2.5 SSW,41.534589,-71.021972,2025-07-23,0.0,0.0
MA-BR-14,Dartmouth 2.5 SSW,41.534589,-71.021972,2025-07-24,0.0,0.0
MA-BR-14,Dartmouth 2.5 SSW,41.534589,-71.021972,2025-07-25,0.0,0.31102362668185723
MA-BR-14,Dartmouth 2.5 SSW,41.534589,-71.021972,2025-07-26,0.09,0.0
MA-BR-14,Dartmouth 2.5 SSW,41.534589,-71.021972,2025-07-27,0.0,0.01574803173072695
MA-BR-14,Dartmouth 2.5 SSW,41.534589,-71.021972,2025-07-28,0.01,0.0
MA-BR-14,Dartmouth 2.5 SSW,41.534589,-71.021972,2025-07-29,0.0,0.0
MA-BR-14,Dartmouth 2.5 SSW,41.534589,-71.021972,2025-07-30,0.0,0.0
MA-BR-14,Dartmouth 2.5 SSW,41.534589,-71.021972,2025-07-31,0.0,0.007874015865363475
MA-BR-14,Dartmouth 2.5 SSW,41.534589,-71.021972,2025-08-01,0.36,0.44881890432571797
MA-BR-14,Dartmouth 2.5 SSW,41.534589,-71.021972,2025-08-02,0.04,0.0
MA-BR-14,Dartmouth 2.5 SSW,41.534589,-71.021972,2025-08-03,0.0,0.0
MA-BR-14,Dartmouth 2.5 SSW,41.534589,-71.021972,2025-08-04,0.0,0.0
MA-BR-14,Dartmouth 2.5 SSW,41.534589,-71.021972,2025-08-05,0.0,0.0
MA-BR-14,Dartmouth 2.5 SSW,41.534589,-71.021972,2025-08-06,0.0,0.0
MA-BR-14,Dartmouth 2.5 SSW,41.534589,-71.021972,2025-08-07,0.0,0.0
MA-BR-14,Dartmouth 2.5 SSW,41.534589,-71.021972,2025-08-08,0.0,0.0
MA-BR-14,Dartmouth 2.5 SSW,41.534589,-71.021972,2025-08-09,0.0,0.0
MA-BR-14,Dartmouth 2.5 SSW,41.534589,-71.021972,2025-08-10,0.0,0.0
MA-BR-14,Dartmouth 2.5 SSW,41.534589,-71.021972,2025-08-11,0.0,0.0
MA-BR-14,Dartmouth 2.5 SSW,41.534589,-71.021972,2025-08-12,0.0,0.0
MA-BR-14,Dartmouth 2.5 SSW,41.534589,-71.021972,2025-08-13,0.0,0.0
MA-BR-14,Dartmouth 2.5 SSW,41.534589,-71.021972,2025-08-14,0.0,0.0
MA-BR-14,Dartmouth 2.5 SSW,41.534589,-71.021972,2025-08-15,0.03,0.023622047596090424
MA-BR-14,Dartmouth 2.5 SSW,41.534589,-71.021972,2025-08-16,0.0,0.0
MA-BR-14,Dartmouth 2.5 SSW,41.534589,-71.021972,2025-08-17,0.0,0.0
MA-BR-14,Dartmouth 2.5 SSW,41.534589,-71.021972,2025-08-18,0.01,0.04330708725949911
MA-BR-14,Dartmouth 2.5 SSW,41.534589,-71.021972,2025-08-19,0.0,0.0
MA-BR-14,Dartmouth 2.5 SSW,41.534589,-71.021972,2025-08-20,0.0,0.3779527615374467
MA-BR-14,Dartmouth 2.5 SSW,41.534589,-71.021972,2025-08-21,1.64,1.3425197050444722
MA-BR-14,Dartmouth 2.5 SSW,41.534589,-71.021972,2025-08-22,0.0,0.0
MA-BR-14,Dartmouth 2.5 SSW,41.534589,-71.021972,2025-08-23,0.0,0.0
MA-BR-14,Dartmouth 2.5 SSW,41.534589,-71.021972,2025-08-24,0.0,0.0
MA-BR-14,Dartmouth 2.5 SSW,41.534589,-71.021972,2025-08-25,0.0,0.0
MA-BR-14,Dartmouth 2.5 SSW,41.534589,-71.021972,2025-08-26,0.01,0.0
MA-BR-14,Dartmouth 2.5 SSW,41.534589,-71.021972,2025-08-27,0.0,0.0
MA-BR-14,Dartmouth 2.5 SSW,41.534589,-71.021972,2025-08-28,0.0,0.0
MA-BR-14,Dartmouth 2.5 SSW,41.534589,-71.021972,2025-08-29,0.0,0.007874015865363475
MA-BR-14,Dartmouth 2.5 SSW,41.534589,-71.021972,2025-08-30,0.22,0.32283465047990245
MA-BR-14,Dartmouth 2.5 SSW,41.534589,-71.021972,2025-08-31,0.0,0.0
MA-BR-14,Dartmouth 2.5 SSW,41.534589,-71.021972,2025-09-01,0.0,0.0
MA-BR-14,Dartmouth 2.5 SSW,41.534589,-71.021972,2025-09-02,0.0,0.0
MA-BR-14,Dartmouth 2.5 SSW,41.534589,-71.021972,2025-09-03,0.0,0.0
MA-BR-14,Dartmouth 2.5 SSW,41.534589,-71.021972,2025-09-04,0.0,0.0
MA-BR-14,Dartmouth 2.5 SSW,41.534589,-71.021972,2025-09-05,0.07,0.07874015865363475
MA-BR-14,Dartmouth 2.5 SSW,41.534589,-71.021972,2025-09-06,0.0,0.0
MA-BR-14,Dartmouth 2.5 SSW,41.534589,-71.021972,2025-09-07,0.14,1.0944882052855232
MA-BR-14,Dartmouth 2.5 SSW,41.534589,-71.021972,2025-09-08,0.9,0.007874015865363475
MA-BR-14,Dartmouth 2.5 SSW,41.534589,-71.021972,2025-09-09,0.0,0.0
MA-BR-14,Dartmouth 2.5 SSW,41.534589,-71.021972,2025-09-10,0.01,0.0
MA-BR-14,Dartmouth 2.5 SSW,41.534589,-71.021972,2025-09-11,0.0,0.0
MA-BR-14,Dartmouth 2.5 SSW,41.534589,-71.021972,2025-09-12,0.0,0.0
MA-BR-14,Dartmouth 2.5 SSW,41.534589,-71.021972,2025-09-13,0.0,0.0
MA-BR-14,Dartmouth 2.5 SSW,41.534589,-71.021972,2025-09-14,0.0,0.007874015865363475
MA-BR-14,Dartmouth 2.5 SSW,41.534589,-71.021972,2025-09-15,0.01,0.0
MA-BR-14,Dartmouth 2.5 SSW,41.534589,-71.021972,2025-09-16,0.0,0.0
MA-BR-14,Dartmouth 2.5 SSW,41.534589,-71.021972,2025-09-17,0.0,0.03543307139413564
MA-BR-14,Dartmouth 2.5 SSW,41.534589,-71.021972,2025-09-18,0.18,0.1811023649033599
MA-BR-14,Dartmouth 2.5 SSW,41.534589,-71.021972,2025-09-19,0.01,0.0
MA-BR-14,Dartmouth 2.5 SSW,41.534589,-71.021972,2025-09-20,0.0,0.0
MA-BR-14,Dartmouth 2.5 SSW,41.534589,-71.021972,2025-09-21,0.0,0.0
MA-BR-14,Dartmouth 2.5 SSW,41.534589,-71.021972,2025-09-22,0.0,0.0
MA-BR-14,Dartmouth 2.5 SSW,41.534589,-71.021972,2025-09-23,0.0,0.0
MA-BR-14,Dartmouth 2.5 SSW,41.534589,-71.021972,2025-09-24,0.0,0.6259842612963963
MA-BR-14,Dartmouth 2.5 SSW,41.534589,-71.021972,2025-09-25,0.95,1.535433093745877
MA-BR-14,Dartmouth 2.5 SSW,41.534589,-71.021972,2025-09-26,0.51,0.0
MA-BR-14,Dartmouth 2.5 SSW,41.534589,-71.021972,2025-09-27,0.0,0.0
MA-BR-14,Dartmouth 2.5 SSW,41.534589,-71.021972,2025-09-28,0.05,0.039370079326817374
MA-BR-14,Dartmouth 2.5 SSW,41.534589,-71.021972,2025-09-29,0.0,0.0
MA-BR-14,Dartmouth 2.5 SSW,41.534589,-71.021972,2025-09-30,0.0,0.0
MA-BR-14,Dartmouth 2.5 SSW,41.534589,-71.021972,2025-10-01,0.0,0.0
MA-BR-14,Dartmouth 2.5 SSW,41.534589,-71.021972,2025-10-02,0.0,0.0
MA-BR-14,Dartmouth 2.5 SSW,41.534589,-71.021972,2025-10-03,0.0,0.0
MA-BR-14,Dartmouth 2.5 SSW,41.534589,-71.021972,2025-10-04,0.0,0.0
MA-BR-14,Dartmouth 2.5 SSW,41.534589,-71.021972,2025-10-05,0.0,0.0
MA-BR-14,Dartmouth 2.5 SSW,41.534589,-71.021972,2025-10-06,0.02,0.0
MA-BR-14,Dartmouth 2.5 SSW,41.534589,-71.021972,2025-10-07,0.0,0.0
MA-BR-14,Dartmouth 2.5 SSW,41.534589,-71.021972,2025-10-08,0.02,0.704724419950031
MA-BR-14,Dartmouth 2.5 SSW,41.534589,-71.021972,2025-10-09,0.65,0.0
MA-BR-14,Dartmouth 2.5 SSW,41.534589,-71.021972,2025-10-10,0.0,0.0
MA-BR-14,Dartmouth 2.5 SSW,41.534589,-71.021972,2025-10-11,0.0,0.0
MA-BR-14,Dartmouth 2.5 SSW,41.534589,-71.021972,2025-10-12,0.0,0.8188976499978015
MA-BR-14,Dartmouth 2.5 SSW,41.534589,-71.021972,2025-10-13,1.53,1.783464593504827
MA-BR-14,Dartmouth 2.5 SSW,41.534589,-71.021972,2025-10-14,1.32,0.2362204759609042
MA-BR-14,Dartmouth 2.5 SSW,41.534589,-71.021972,2025-10-15,0.02,0.0
MA-BR-14,Dartmouth 2.5 SSW,41.534589,-71.021972,2025-10-16,0.0,0.0
MA-BR-14,Dartmouth 2.5 SSW,41.534589,-71.021972,2025-10-17,0.0,0.0
MA-BR-14,Dartmouth 2.5 SSW,41.534589,-71.021972,2025-10-18,0.0,0.0
MA-BR-14,Dartmouth 2.5 SSW,41.534589,-71.021972,2025-10-19,0.0,0.0
MA-BR-14,Dartmouth 2.5 SSW,41.534589,-71.021972,2025-10-20,0.0,0.7716535548056206
MA-BR-14,Dartmouth 2.5 SSW,41.534589,-71.021972,2025-10-21,0.68,0.0
MA-BR-14,Dartmouth 2.5 SSW,41.534589,-71.021972,2025-10-22,0.0,0.03543307139413564
MA-BR-14,Dartmouth 2.5 SSW,41.534589,-71.021972,2025-10-23,0.0,0.0
MA-BR-14,Dartmouth 2.5 SSW,41.534589,-71.021972,2025-10-24,0.0,0.003937007932681738
MA-BR-14,Dartmouth 2.5 SSW,41.534589,-71.021972,2025-10-25,0.0,0.0
MA-BR-14,Dartmouth 2.5 SSW,41.534589,-71.021972,2025-10-26,0.0,0.0
MA-BR-14,Dartmouth 2.5 SSW,41.534589,-71.021972,2025-10-27,0.0,0.0
MA-BR-14,Dartmouth 2.5 SSW,41.534589,-71.021972,2025-10-28,0.0,0.0
MA-BR-14,Dartmouth 2.5 SSW,41.534589,-71.021972,2025-10-29,0.0,0.0
MA-BR-14,Dartmouth 2.5 SSW,41.534589,-71.021972,2025-10-30,0.01,0.05511811105754432
MA-BR-14,Dartmouth 2.5 SSW,41.534589,-71.021972,2025-10-31,1.21,0.92913387211289
MA-BR-14,Dartmouth 2.5 SSW,41.534589,-71.021972,2025-11-01,0.0,0.0
MA-BR-14,Dartmouth 2.5 SSW,41.534589,-71.021972,2025-11-02,0.0,0.0
MA-BR-14,Dartmouth 2.5 SSW,41.534589,-71.021972,2025-11-03,0.0,0.16141732523995123
MA-BR-14,Dartmouth 2.5 SSW,41.534589,-71.021972,2025-11-04,0.15,0.05905511899022606
MA-BR-14,Dartmouth 2.5 SSW,41.534589,-71.021972,2025-11-05,0.0,0.0
MA-BR-14,Dartmouth 2.5 SSW,41.534589,-71.021972,2025-11-06,0.0,0.027559055528772164
MA-BR-14,Dartmouth 2.5 SSW,41.534589,-71.021972,2025-11-07,0.0,0.0
MA-BR-14,Dartmouth 2.5 SSW,41.534589,-71.021972,2025-11-08,0.01,0.06692913485558953
MA-BR-14,Dartmouth 2.5 SSW,41.534589,-71.021972,2025-11-09,0.02,1.2913386019196098
MA-BR-14,Dartmouth 2.5 SSW,41.534589,-71.021972,2025-11-10,2.13,0.2204724442301773
MA-BR-14,Dartmouth 2.5 SSW,41.534589,-71.021972,2025-11-11,0.04,0.02755905552877216
MA-BR-14,Dartmouth 2.5 SSW,41.534589,-71.021972,2025-11-12,0.0,0.0
MA-BR-14,Dartmouth 2.5 SSW,41.534589,-71.021972,2025-11-13,0.0,0.011811023798045214
MA-BR-14,Dartmouth 2.5 SSW,41.534589,-71.021972,2025-11-14,0.0,0.0
MA-BR-14,Dartmouth 2.5 SSW,41.534589,-71.021972,2025-11-15,0.0,0.0
MA-BR-14,Dartmouth 2.5 SSW,41.534589,-71.021972,2025-11-16,0.72,0.6968504040846675
MA-BR-14,Dartmouth 2.5 SSW,41.534589,-71.021972,2025-11-17,0.0,0.0
MA-BR-14,Dartmouth 2.5 SSW,41.534589,-71.021972,2025-11-18,0.0,0.0
MA-BR-14,Dartmouth 2.5 SSW,41.534589,-71.021972,2025-11-19,0.0,0.0
MA-BR-14,Dartmouth 2.5 SSW,41.534589,-71.021972,2025-11-20,0.0,0.0
MA-BR-14,Dartmouth 2.5 SSW,41.534589,-71.021972,2025-11-21,0.0,0.0
MA-BR-14,Dartmouth 2.5 SSW,41.534589,-71.021972,2025-11-22,0.01,0.22834646009554077
MA-BR-14,Dartmouth 2.5 SSW,41.534589,-71.021972,2025-11-23,0.16,0.0
MA-BR-14,Dartmouth 2.5 SSW,41.534589,-71.021972,2025-11-24,0.0,0.007874015865363475
MA-BR-14,Dartmouth 2.5 SSW,41.534589,-71.021972,2025-11-25,0.0,0.0
MA-BR-14,Dartmouth 2.5 SSW,41.534589,-71.021972,2025-11-26,0.29,0.2992126028838121
MA-BR-14,Dartmouth 2.5 SSW,41.534589,-71.021972,2025-11-27,0.03,0.011811023798045212
MA-BR-14,Dartmouth 2.5 SSW,41.534589,-71.021972,2025-11-28,0.0,0.0
MA-BR-14,Dartmouth 2.5 SSW,41.534589,-71.021972,2025-11-29,0.0,0.0
MA-BR-14,Dartmouth 2.5 SSW,41.534589,-71.021972,2025-11-30,0.0,0.15354330937458777
MA-BR-14,Dartmouth 2.5 SSW,41.534589,-71.021972,2025-12-01,1.05,0.9094488324494813
MA-BR-14,Dartmouth 2.5 SSW,41.534589,-71.021972,2025-12-02,0.0,0.6023622137003058
MA-BR-14,Dartmouth 2.5 SSW,41.534589,-71.021972,2025-12-03,0.84,0.16141732523995125
MA-BR-14,Dartmouth 2.5 SSW,41.534589,-71.021972,2025-12-04,0.0,0.0
MA-BR-14,Dartmouth 2.5 SSW,41.534589,-71.021972,2025-12-05,0.0,0.0
MA-BR-14,Dartmouth 2.5 SSW,41.534589,-71.021972,2025-12-06,0.0,0.08267716658631649
MA-BR-14,Dartmouth 2.5 SSW,41.534589,-71.021972,2025-12-07,0.05,0.0
MA-BR-14,Dartmouth 2.5 SSW,41.534589,-71.021972,2025-12-08,0.0,0.0
MA-BR-14,Dartmouth 2.5 SSW,41.534589,-71.021972,2025-12-09,0.0,0.0
MA-BR-14,Dartmouth 2.5 SSW,41.534589,-71.021972,2025-12-10,0.01,0.04724409519218085
MA-BR-14,Dartmouth 2.5 SSW,41.534589,-71.021972,2025-12-11,0.02,0.07086614278827127
MA-BR-14,Dartmouth 2.5 SSW,41.534589,-71.021972,2025-12-12,0.0,0.0
MA-BR-14,Dartmouth 2.5 SSW,41.534589,-71.021972,2025-12-13,0.0,0.0
MA-BR-14,Dartmouth 2.5 SSW,41.534589,-71.021972,2025-12-14,0.12,0.330708666345266
MA-BR-14,Dartmouth 2.5 SSW,41.534589,-71.021972,2025-12-15,0.13,0.051181103124862584
MA-BR-14,Dartmouth 2.5 SSW,41.534589,-71.021972,2025-12-16,0.0,0.0
MA-BR-14,Dartmouth 2.5 SSW,41.534589,-71.021972,2025-12-17,0.0,0.0
MA-BR-14,Dartmouth 2.5 SSW,41.534589,-71.021972,2025-12-18,0.0,0.0
MA-BR-14,Dartmouth 2.5 SSW,41.534589,-71.021972,2025-12-19,0.01,0.41338583293158243
MA-BR-14,Dartmouth 2.5 SSW,41.534589,-71.021972,2025-12-20,0.43,0.06692913485558954
MA-BR-14,Dartmouth 2.5 SSW,41.534589,-71.021972,2025-12-21,0.0,0.0
MA-BR-14,Dartmouth 2.5 SSW,41.534589,-71.021972,2025-12-22,0.0,0.0
MA-BR-14,Dartmouth 2.5 SSW,41.534589,-71.021972,2025-12-23,0.0,0.051181103124862584
MA-BR-14,Dartmouth 2.5 SSW,41.534589,-71.021972,2025-12-24,0.11,0.08267716658631649
MA-BR-14,Dartmouth 2.5 SSW,41.534589,-71.021972,2025-12-25,0.0,0.0
MA-BR-14,Dartmouth 2.5 SSW,41.534589,-71.021972,2025-12-26,0.0,0.0
MA-BR-14,Dartmouth 2.5 SSW,41.534589,-71.021972,2025-12-27,0.27,0.2440944918262677
MA-BR-14,Dartmouth 2.5 SSW,41.534589,-71.021972,2025-12-28,0.0,0.0
MA-BR-14,Dartmouth 2.5 SSW,41.534589,-71.021972,2025-12-29,0.34,0.42913386466230935
MA-BR-14,Dartmouth 2.5 SSW,41.534589,-71.021972,2025-12-30,0.26,0.0
MA-BR-14,Dartmouth 2.5 SSW,41.534589,-71.021972,2025-12-31,0.0,0.0
MA-BR-18,Fairhaven 2.2 ESE,41.6219,-70.8667,2025-01-02,0.15,0.1692913411053147
MA-BR-18,Fairhaven 2.2 ESE,41.6219,-70.8667,2025-01-03,0.0,0.0
MA-BR-18,Fairhaven 2.2 ESE,41.6219,-70.8667,2025-01-08,0.0,0.0
MA-BR-18,Fairhaven 2.2 ESE,41.6219,-70.8667,2025-01-09,0.0,0.0
MA-BR-18,Fairhaven 2.2 ESE,41.6219,-70.8667,2025-01-10,0.0,0.0
MA-BR-18,Fairhaven 2.2 ESE,41.6219,-70.8667,2025-01-11,0.02,0.15354330937458777
MA-BR-18,Fairhaven 2.2 ESE,41.6219,-70.8667,2025-01-12,0.03,0.0
MA-BR-18,Fairhaven 2.2 ESE,41.6219,-70.8667,2025-01-13,0.0,0.0
MA-BR-18,Fairhaven 2.2 ESE,41.6219,-70.8667,2025-01-14,0.0,0.0
MA-BR-18,Fairhaven 2.2 ESE,41.6219,-70.8667,2025-01-15,0.0,0.0
MA-BR-18,Fairhaven 2.2 ESE,41.6219,-70.8667,2025-01-16,0.0,0.0
MA-BR-18,Fairhaven 2.2 ESE,41.6219,-70.8667,2025-01-20,0.45,0.3700787456720833
MA-BR-18,Fairhaven 2.2 ESE,41.6219,-70.8667,2025-01-21,0.0,0.0
MA-BR-18,Fairhaven 2.2 ESE,41.6219,-70.8667,2025-01-26,0.0,0.0
MA-BR-18,Fairhaven 2.2 ESE,41.6219,-70.8667,2025-01-27,0.0,0.0
MA-BR-18,Fairhaven 2.2 ESE,41.6219,-70.8667,2025-01-28,0.0,0.0
MA-BR-18,Fairhaven 2.2 ESE,41.6219,-70.8667,2025-01-29,0.0,0.019685039663408687
MA-BR-18,Fairhaven 2.2 ESE,41.6219,-70.8667,2025-01-30,0.0,0.0
MA-BR-18,Fairhaven 2.2 ESE,41.6219,-70.8667,2025-01-31,0.0,0.24409449182626775
MA-BR-18,Fairhaven 2.2 ESE,41.6219,-70.8667,2025-02-01,0.68,0.4212598487969459
MA-BR-18,Fairhaven 2.2 ESE,41.6219,-70.8667,2025-02-02,0.03,0.0
MA-BR-18,Fairhaven 2.2 ESE,41.6219,-70.8667,2025-02-03,0.23,0.22834646009554074
MA-BR-18,Fairhaven 2.2 ESE,41.6219,-70.8667,2025-02-04,0.0,0.0
MA-BR-18,Fairhaven 2.2 ESE,41.6219,-70.8667,2025-02-05,0.0,0.0
MA-BR-18,Fairhaven 2.2 ESE,41.6219,-70.8667,2025-02-06,0.0,0.3031496108164937
MA-BR-18,Fairhaven 2.2 ESE,41.6219,-70.8667,2025-02-07,0.25,0.0
MA-BR-18,Fairhaven 2.2 ESE,41.6219,-70.8667,2025-02-08,0.0,0.0
MA-BR-18,Fairhaven 2.2 ESE,41.6219,-70.8667,2025-02-09,0.45,0.3976378012008555
MA-BR-18,Fairhaven 2.2 ESE,41.6219,-70.8667,2025-02-10,0.0,0.0
MA-BR-18,Fairhaven 2.2 ESE,41.6219,-70.8667,2025-02-12,0.02,0.01574803173072695
MA-BR-18,Fairhaven 2.2 ESE,41.6219,-70.8667,2025-02-13,0.14,0.25984252355699466
MA-BR-18,Fairhaven 2.2 ESE,41.6219,-70.8667,2025-02-14,0.1,0.0
MA-BR-18,Fairhaven 2.2 ESE,41.6219,-70.8667,2025-02-15,0.0,0.003937007932681738
MA-BR-18,Fairhaven 2.2 ESE,41.6219,-70.8667,2025-02-19,0.0,0.0
MA-BR-18,Fairhaven 2.2 ESE,41.6219,-70.8667,2025-02-20,0.0,0.0
MA-BR-18,Fairhaven 2.2 ESE,41.6219,-70.8667,2025-02-21,0.0,0.0
MA-BR-18,Fairhaven 2.2 ESE,41.6219,-70.8667,2025-02-22,0.0,0.0
MA-BR-18,Fairhaven 2.2 ESE,41.6219,-70.8667,2025-02-23,0.0,0.0
MA-BR-18,Fairhaven 2.2 ESE,41.6219,-70.8667,2025-02-24,0.0,0.0
MA-BR-18,Fairhaven 2.2 ESE,41.6219,-70.8667,2025-02-25,0.0,0.0
MA-BR-18,Fairhaven 2.2 ESE,41.6219,-70.8667,2025-02-26,0.0,0.0
MA-BR-18,Fairhaven 2.2 ESE,41.6219,-70.8667,2025-02-27,0.02,0.1692913411053147
MA-BR-18,Fairhaven 2.2 ESE,41.6219,-70.8667,2025-02-28,0.05,0.027559055528772164
MA-BR-18,Fairhaven 2.2 ESE,41.6219,-70.8667,2025-03-05,0.0,0.0
MA-BR-18,Fairhaven 2.2 ESE,41.6219,-70.8667,2025-03-06,0.33,0.4094488249989007
MA-BR-18,Fairhaven 2.2 ESE,41.6219,-70.8667,2025-03-07,0.07,0.12992126177849733
MA-BR-18,Fairhaven 2.2 ESE,41.6219,-70.8667,2025-03-10,0.0,0.0
MA-BR-18,Fairhaven 2.2 ESE,41.6219,-70.8667,2025-03-11,0.0,0.0
MA-BR-18,Fairhaven 2.2 ESE,41.6219,-70.8667,2025-03-12,0.0,0.0
MA-BR-18,Fairhaven 2.2 ESE,41.6219,-70.8667,2025-03-13,0.0,0.0
MA-BR-18,Fairhaven 2.2 ESE,41.6219,-70.8667,2025-03-14,0.0,0.0
MA-BR-18,Fairhaven 2.2 ESE,41.6219,-70.8667,2025-03-15,0.01,0.0
MA-BR-18,Fairhaven 2.2 ESE,41.6219,-70.8667,2025-03-16,0.0,0.0
MA-BR-18,Fairhaven 2.2 ESE,41.6219,-70.8667,2025-03-17,0.86,1.8228346728316447
MA-BR-18,Fairhaven 2.2 ESE,41.6219,-70.8667,2025-03-18,1.36,0.0629921269229078
MA-BR-18,Fairhaven 2.2 ESE,41.6219,-70.8667,2025-03-19,0.0,0.0
MA-BR-18,Fairhaven 2.2 ESE,41.6219,-70.8667,2025-03-20,0.01,0.0
MA-BR-18,Fairhaven 2.2 ESE,41.6219,-70.8667,2025-03-21,0.35,0.3267716584125842
MA-BR-18,Fairhaven 2.2 ESE,41.6219,-70.8667,2025-03-22,0.02,0.0
MA-BR-18,Fairhaven 2.2 ESE,41.6219,-70.8667,2025-03-30,0.08,0.08267716658631649
MA-BR-18,Fairhaven 2.2 ESE,41.6219,-70.8667,2025-03-31,0.0,0.0
MA-BR-18,Fairhaven 2.2 ESE,41.6219,-70.8667,2025-04-01,0.35,0.3385826822106294
MA-BR-18,Fairhaven 2.2 ESE,41.6219,-70.8667,2025-04-02,0.0,0.04724409519218085
MA-BR-18,Fairhaven 2.2 ESE,41.6219,-70.8667,2025-04-03,0.22,0.40551181706621897
MA-BR-18,Fairhaven 2.2 ESE,41.6219,-70.8667,2025-04-04,0.24,0.0
MA-BR-18,Fairhaven 2.2 ESE,41.6219,-70.8667,2025-04-05,0.0,0.11417323004777039
MA-BR-18,Fairhaven 2.2 ESE,41.6219,-70.8667,2025-04-06,0.71,0.6181102454310328
MA-BR-18,Fairhaven 2.2 ESE,41.6219,-70.8667,2025-04-07,0.02,0.21259842836481382
MA-BR-18,Fairhaven 2.2 ESE,41.6219,-70.8667,2025-04-10,0.0,0.0
MA-BR-18,Fairhaven 2.2 ESE,41.6219,-70.8667,2025-04-11,0.04,0.08661417451899822
MA-BR-18,Fairhaven 2.2 ESE,41.6219,-70.8667,2025-04-12,0.39,0.4448818963930363
MA-BR-18,Fairhaven 2.2 ESE,41.6219,-70.8667,2025-04-13,0.14,0.5708661502388519
MA-BR-18,Fairhaven 2.2 ESE,41.6219,-70.8667,2025-04-14,0.49,0.007874015865363475
MA-BR-18,Fairhaven 2.2 ESE,41.6219,-70.8667,2025-04-15,0.16,0.2086614204321321
MA-BR-18,Fairhaven 2.2 ESE,41.6219,-70.8667,2025-04-16,0.04,0.023622047596090424
MA-BR-18,Fairhaven 2.2 ESE,41.6219,-70.8667,2025-04-17,0.0,0.0
MA-BR-18,Fairhaven 2.2 ESE,41.6219,-70.8667,2025-04-18,0.0,0.0
MA-BR-18,Fairhaven 2.2 ESE,41.6219,-70.8667,2025-04-19,0.0,0.0
MA-BR-18,Fairhaven 2.2 ESE,41.6219,-70.8667,2025-04-20,0.0,0.0
MA-BR-18,Fairhaven 2.2 ESE,41.6219,-70.8667,2025-04-21,0.0,0.0
MA-BR-18,Fairhaven 2.2 ESE,41.6219,-70.8667,2025-04-22,0.12,0.09055118245167995
MA-BR-18,Fairhaven 2.2 ESE,41.6219,-70.8667,2025-04-23,0.0,0.0
MA-BR-18,Fairhaven 2.2 ESE,41.6219,-70.8667,2025-04-24,0.0,0.0
MA-BR-18,Fairhaven 2.2 ESE,41.6219,-70.8667,2025-04-25,0.0,0.0
MA-BR-18,Fairhaven 2.2 ESE,41.6219,-70.8667,2025-04-26,0.0,0.5590551264408067
MA-BR-18,Fairhaven 2.2 ESE,41.6219,-70.8667,2025-04-27,0.95,0.18110236490335993
MA-BR-18,Fairhaven 2.2 ESE,41.6219,-70.8667,2025-04-28,0.0,0.0
MA-BR-18,Fairhaven 2.2 ESE,41.6219,-70.8667,2025-04-29,0.0,0.0
MA-BR-18,Fairhaven 2.2 ESE,41.6219,-70.8667,2025-04-30,0.0,0.0
MA-BR-18,Fairhaven 2.2 ESE,41.6219,-70.8667,2025-05-01,0.0,0.0
MA-BR-18,Fairhaven 2.2 ESE,41.6219,-70.8667,2025-05-02,0.49,0.38976378533549194
MA-BR-18,Fairhaven 2.2 ESE,41.6219,-70.8667,2025-05-03,0.0,0.0
MA-BR-18,Fairhaven 2.2 ESE,41.6219,-70.8667,2025-05-04,0.0,0.0
MA-BR-18,Fairhaven 2.2 ESE,41.6219,-70.8667,2025-05-05,0.09,0.16535433317263298
MA-BR-18,Fairhaven 2.2 ESE,41.6219,-70.8667,2025-05-06,0.0,0.3385826822106294
MA-BR-18,Fairhaven 2.2 ESE,41.6219,-70.8667,2025-05-07,0.55,0.0
MA-BR-18,Fairhaven 2.2 ESE,41.6219,-70.8667,2025-05-08,0.0,0.0
MA-BR-18,Fairhaven 2.2 ESE,41.6219,-70.8667,2025-05-09,0.0,1.4803149826883333
MA-BR-18,Fairhaven 2.2 ESE,41.6219,-70.8667,2025-05-10,1.78,0.3267716584125842
MA-BR-18,Fairhaven 2.2 ESE,41.6219,-70.8667,2025-05-11,0.0,0.0
MA-BR-18,Fairhaven 2.2 ESE,41.6219,-70.8667,2025-05-12,0.0,0.0
MA-BR-18,Fairhaven 2.2 ESE,41.6219,-70.8667,2025-05-13,0.0,0.0
MA-BR-18,Fairhaven 2.2 ESE,41.6219,-70.8667,2025-05-14,0.0,0.0
MA-BR-18,Fairhaven 2.2 ESE,41.6219,-70.8667,2025-05-15,0.31,0.2559055156243129
MA-BR-18,Fairhaven 2.2 ESE,41.6219,-70.8667,2025-05-16,0.03,0.0
MA-BR-18,Fairhaven 2.2 ESE,41.6219,-70.8667,2025-05-17,0.0,0.0
MA-BR-18,Fairhaven 2.2 ESE,41.6219,-70.8667,2025-05-18,0.0,0.02755905552877216
MA-BR-18,Fairhaven 2.2 ESE,41.6219,-70.8667,2025-05-19,0.0,0.0
MA-BR-18,Fairhaven 2.2 ESE,41.6219,-70.8667,2025-05-24,0.0,0.023622047596090427
MA-BR-18,Fairhaven 2.2 ESE,41.6219,-70.8667,2025-05-25,0.03,0.0
MA-BR-18,Fairhaven 2.2 ESE,41.6219,-70.8667,2025-05-26,0.0,0.0
MA-BR-18,Fairhaven 2.2 ESE,41.6219,-70.8667,2025-05-27,0.0,0.0
MA-BR-18,Fairhaven 2.2 ESE,41.6219,-70.8667,2025-05-28,0.0,0.0
MA-BR-18,Fairhaven 2.2 ESE,41.6219,-70.8667,2025-05-29,0.17,0.18503937283604166
MA-BR-18,Fairhaven 2.2 ESE,41.6219,-70.8667,2025-05-30,0.05,0.0
MA-BR-18,Fairhaven 2.2 ESE,41.6219,-70.8667,2025-05-31,0.28,0.25590551562431296
MA-BR-18,Fairhaven 2.2 ESE,41.6219,-70.8667,2025-06-01,0.0,0.0
MA-BR-18,Fairhaven 2.2 ESE,41.6219,-70.8667,2025-06-02,0.0,0.0
MA-BR-18,Fairhaven 2.2 ESE,41.6219,-70.8667,2025-06-03,0.0,0.0
MA-BR-18,Fairhaven 2.2 ESE,41.6219,-70.8667,2025-06-04,0.0,0.0
MA-BR-18,Fairhaven 2.2 ESE,41.6219,-70.8667,2025-06-05,0.0,0.0
MA-BR-18,Fairhaven 2.2 ESE,41.6219,-70.8667,2025-06-06,0.01,0.0
MA-BR-18,Fairhaven 2.2 ESE,41.6219,-70.8667,2025-06-07,0.0,0.4370078805276728
MA-BR-18,Fairhaven 2.2 ESE,41.6219,-70.8667,2025-06-08,0.31,0.003937007932681738
MA-BR-18,Fairhaven 2.2 ESE,41.6219,-70.8667,2025-06-09,0.0,0.0
MA-BR-18,Fairhaven 2.2 ESE,41.6219,-70.8667,2025-06-10,0.05,0.7598425310075754
MA-BR-18,Fairhaven 2.2 ESE,41.6219,-70.8667,2025-06-11,0.52,0.0
MA-BR-18,Fairhaven 2.2 ESE,41.6219,-70.8667,2025-06-12,0.0,0.0
MA-BR-18,Fairhaven 2.2 ESE,41.6219,-70.8667,2025-06-13,0.0,0.0
MA-BR-18,Fairhaven 2.2 ESE,41.6219,-70.8667,2025-06-14,0.0,0.08661417451899822
MA-BR-18,Fairhaven 2.2 ESE,41.6219,-70.8667,2025-06-15,0.08,0.0
MA-BR-18,Fairhaven 2.2 ESE,41.6219,-70.8667,2025-06-16,0.0,0.0
MA-BR-18,Fairhaven 2.2 ESE,41.6219,-70.8667,2025-06-17,0.0,0.0
MA-BR-18,Fairhaven 2.2 ESE,41.6219,-70.8667,2025-06-27,0.0,0.003937007932681738
MA-BR-18,Fairhaven 2.2 ESE,41.6219,-70.8667,2025-06-28,0.0,0.003937007932681738
MA-BR-18,Fairhaven 2.2 ESE,41.6219,-70.8667,2025-06-29,0.02,0.0
MA-BR-18,Fairhaven 2.2 ESE,41.6219,-70.8667,2025-06-30,0.0,0.0
MA-BR-18,Fairhaven 2.2 ESE,41.6219,-70.8667,2025-07-01,0.01,0.027559055528772164
MA-BR-18,Fairhaven 2.2 ESE,41.6219,-70.8667,2025-07-02,0.04,0.07480315072095302
MA-BR-18,Fairhaven 2.2 ESE,41.6219,-70.8667,2025-07-03,0.0,0.0
MA-BR-18,Fairhaven 2.2 ESE,41.6219,-70.8667,2025-07-04,0.31,0.4685039439891267
MA-BR-18,Fairhaven 2.2 ESE,41.6219,-70.8667,2025-07-05,0.0,0.0
MA-BR-18,Fairhaven 2.2 ESE,41.6219,-70.8667,2025-07-06,0.0,0.0
MA-BR-18,Fairhaven 2.2 ESE,41.6219,-70.8667,2025-07-07,0.0,0.09842519831704342
MA-BR-18,Fairhaven 2.2 ESE,41.6219,-70.8667,2025-07-08,0.43,0.019685039663408687
MA-BR-18,Fairhaven 2.2 ESE,41.6219,-70.8667,2025-07-09,0.71,0.9527559197089804
MA-BR-18,Fairhaven 2.2 ESE,41.6219,-70.8667,2025-07-10,0.21,0.5433070947100798
MA-BR-18,Fairhaven 2.2 ESE,41.6219,-70.8667,2025-07-11,0.19,0.0
MA-BR-18,Fairhaven 2.2 ESE,41.6219,-70.8667,2025-07-12,0.0,0.0
MA-BR-18,Fairhaven 2.2 ESE,41.6219,-70.8667,2025-07-13,0.0,0.0
MA-BR-18,Fairhaven 2.2 ESE,41.6219,-70.8667,2025-07-14,0.0,0.0
MA-BR-18,Fairhaven 2.2 ESE,41.6219,-70.8667,2025-07-25,0.0,0.5354330788447162
MA-BR-18,Fairhaven 2.2 ESE,41.6219,-70.8667,2025-07-28,0.0,0.0
MA-BR-18,Fairhaven 2.2 ESE,41.6219,-70.8667,2025-07-30,0.0,0.0
MA-BR-18,Fairhaven 2.2 ESE,41.6219,-70.8667,2025-07-31,0.0,0.0
MA-BR-18,Fairhaven 2.2 ESE,41.6219,-70.8667,2025-08-01,0.36,0.44094488846035457
MA-BR-18,Fairhaven 2.2 ESE,41.6219,-70.8667,2025-08-02,0.0,0.0
MA-BR-18,Fairhaven 2.2 ESE,41.6219,-70.8667,2025-08-03,0.0,0.0
MA-BR-18,Fairhaven 2.2 ESE,41.6219,-70.8667,2025-08-04,0.0,0.0
MA-BR-18,Fairhaven 2.2 ESE,41.6219,-70.8667,2025-08-05,0.0,0.0
MA-BR-18,Fairhaven 2.2 ESE,41.6219,-70.8667,2025-08-06,0.0,0.0
MA-BR-18,Fairhaven 2.2 ESE,41.6219,-70.8667,2025-08-07,0.0,0.0
MA-BR-18,Fairhaven 2.2 ESE,41.6219,-70.8667,2025-08-08,0.0,0.0
MA-BR-18,Fairhaven 2.2 ESE,41.6219,-70.8667,2025-08-09,0.0,0.0
MA-BR-18,Fairhaven 2.2 ESE,41.6219,-70.8667,2025-08-14,0.0,0.0
MA-BR-18,Fairhaven 2.2 ESE,41.6219,-70.8667,2025-08-15,0.0,0.04330708725949911
MA-BR-18,Fairhaven 2.2 ESE,41.6219,-70.8667,2025-08-16,0.0,0.0
MA-BR-18,Fairhaven 2.2 ESE,41.6219,-70.8667,2025-08-17,0.0,0.0
MA-BR-18,Fairhaven 2.2 ESE,41.6219,-70.8667,2025-08-18,0.0,0.0
MA-BR-18,Fairhaven 2.2 ESE,41.6219,-70.8667,2025-08-19,0.0,0.0
MA-BR-18,Fairhaven 2.2 ESE,41.6219,-70.8667,2025-08-20,0.0,0.2755905552877216
MA-BR-18,Fairhaven 2.2 ESE,41.6219,-70.8667,2025-08-21,1.09,1.0866141894201595
MA-BR-18,Fairhaven 2.2 ESE,41.6219,-70.8667,2025-08-22,0.0,0.0
MA-BR-18,Fairhaven 2.2 ESE,41.6219,-70.8667,2025-08-23,0.0,0.0
MA-BR-18,Fairhaven 2.2 ESE,41.6219,-70.8667,2025-08-24,0.0,0.0
MA-BR-18,Fairhaven 2.2 ESE,41.6219,-70.8667,2025-08-25,0.01,0.0
MA-BR-18,Fairhaven 2.2 ESE,41.6219,-70.8667,2025-08-28,0.0,0.0
MA-BR-18,Fairhaven 2.2 ESE,41.6219,-70.8667,2025-08-29,0.0,0.011811023798045212
MA-BR-18,Fairhaven 2.2 ESE,41.6219,-70.8667,2025-08-30,0.72,0.7795275706709839
MA-BR-18,Fairhaven 2.2 ESE,41.6219,-70.8667,2025-08-31,0.0,0.0
MA-BR-18,Fairhaven 2.2 ESE,41.6219,-70.8667,2025-09-01,0.0,0.0
MA-BR-18,Fairhaven 2.2 ESE,41.6219,-70.8667,2025-09-02,0.0,0.0
MA-BR-18,Fairhaven 2.2 ESE,41.6219,-70.8667,2025-09-03,0.0,0.0
MA-BR-18,Fairhaven 2.2 ESE,41.6219,-70.8667,2025-09-04,0.0,0.0
MA-BR-18,Fairhaven 2.2 ESE,41.6219,-70.8667,2025-09-09,0.0,0.0
MA-BR-18,Fairhaven 2.2 ESE,41.6219,-70.8667,2025-09-15,0.31,0.0
MA-BR-18,Fairhaven 2.2 ESE,41.6219,-70.8667,2025-09-16,0.0,0.0
MA-BR-18,Fairhaven 2.2 ESE,41.6219,-70.8667,2025-09-17,0.0,0.07086614278827127
MA-BR-18,Fairhaven 2.2 ESE,41.6219,-70.8667,2025-09-18,0.28,0.25196850769163115
MA-BR-18,Fairhaven 2.2 ESE,41.6219,-70.8667,2025-09-19,0.01,0.0
MA-BR-18,Fairhaven 2.2 ESE,41.6219,-70.8667,2025-09-20,0.0,0.0
MA-BR-18,Fairhaven 2.2 ESE,41.6219,-70.8667,2025-09-21,0.0,0.0
MA-BR-18,Fairhaven 2.2 ESE,41.6219,-70.8667,2025-09-22,0.0,0.0
MA-BR-18,Fairhaven 2.2 ESE,41.6219,-70.8667,2025-09-23,0.0,0.0
MA-BR-18,Fairhaven 2.2 ESE,41.6219,-70.8667,2025-09-24,0.0,1.0551181259587057
MA-BR-18,Fairhaven 2.2 ESE,41.6219,-70.8667,2025-09-25,0.85,2.496063029320221
MA-BR-18,Fairhaven 2.2 ESE,41.6219,-70.8667,2025-09-26,1.82,0.0
MA-BR-18,Fairhaven 2.2 ESE,41.6219,-70.8667,2025-09-27,0.0,0.0
MA-BR-18,Fairhaven 2.2 ESE,41.6219,-70.8667,2025-09-28,0.05,0.039370079326817374
MA-BR-18,Fairhaven 2.2 ESE,41.6219,-70.8667,2025-09-29,0.0,0.0
MA-BR-18,Fairhaven 2.2 ESE,41.6219,-70.8667,2025-09-30,0.0,0.0
MA-BR-18,Fairhaven 2.2 ESE,41.6219,-70.8667,2025-10-01,0.0,0.0
MA-BR-18,Fairhaven 2.2 ESE,41.6219,-70.8667,2025-10-02,0.0,0.0
MA-BR-18,Fairhaven 2.2 ESE,41.6219,-70.8667,2025-10-03,0.0,0.0
MA-BR-18,Fairhaven 2.2 ESE,41.6219,-70.8667,2025-10-04,0.0,0.0
MA-BR-18,Fairhaven 2.2 ESE,41.6219,-70.8667,2025-10-05,0.0,0.0
MA-BR-18,Fairhaven 2.2 ESE,41.6219,-70.8667,2025-10-06,0.0,0.0
MA-BR-18,Fairhaven 2.2 ESE,41.6219,-70.8667,2025-10-07,0.0,0.0
MA-BR-18,Fairhaven 2.2 ESE,41.6219,-70.8667,2025-10-08,0.0,0.74803150720953
MA-BR-18,Fairhaven 2.2 ESE,41.6219,-70.8667,2025-10-09,0.88,0.0
MA-BR-18,Fairhaven 2.2 ESE,41.6219,-70.8667,2025-10-10,0.0,0.0
MA-BR-18,Fairhaven 2.2 ESE,41.6219,-70.8667,2025-10-14,0.96,0.34251969014331113
MA-BR-18,Fairhaven 2.2 ESE,41.6219,-70.8667,2025-10-15,0.06,0.0
MA-BR-18,Fairhaven 2.2 ESE,41.6219,-70.8667,2025-10-16,0.0,0.0
MA-BR-18,Fairhaven 2.2 ESE,41.6219,-70.8667,2025-10-21,0.8,0.0
MA-BR-18,Fairhaven 2.2 ESE,41.6219,-70.8667,2025-10-22,0.0,0.051181103124862584
MA-BR-18,Fairhaven 2.2 ESE,41.6219,-70.8667,2025-10-23,0.04,0.0
MA-BR-18,Fairhaven 2.2 ESE,41.6219,-70.8667,2025-10-24,0.0,0.0
MA-BR-18,Fairhaven 2.2 ESE,41.6219,-70.8667,2025-10-25,0.0,0.0
MA-BR-18,Fairhaven 2.2 ESE,41.6219,-70.8667,2025-10-26,0.0,0.0
MA-BR-18,Fairhaven 2.2 ESE,41.6219,-70.8667,2025-10-27,0.0,0.0
MA-BR-18,Fairhaven 2.2 ESE,41.6219,-70.8667,2025-10-28,0.0,0.003937007932681738
MA-BR-18,Fairhaven 2.2 ESE,41.6219,-70.8667,2025-10-29,0.0,0.0
MA-BR-18,Fairhaven 2.2 ESE,41.6219,-70.8667,2025-10-30,0.04,0.17716535697067817
MA-BR-18,Fairhaven 2.2 ESE,41.6219,-70.8667,2025-10-31,1.6,1.031496078362615
MA-BR-18,Fairhaven 2.2 ESE,41.6219,-70.8667,2025-11-01,0.0,0.0
MA-BR-18,Fairhaven 2.2 ESE,41.6219,-70.8667,2025-11-02,0.0,0.0
MA-BR-18,Fairhaven 2.2 ESE,41.6219,-70.8667,2025-11-03,0.0,0.14960630144190604
MA-BR-18,Fairhaven 2.2 ESE,41.6219,-70.8667,2025-11-04,0.19,0.1377952776438608
MA-BR-18,Fairhaven 2.2 ESE,41.6219,-70.8667,2025-11-05,0.0,0.0
MA-BR-18,Fairhaven 2.2 ESE,41.6219,-70.8667,2025-11-06,0.0,0.01574803173072695
MA-BR-18,Fairhaven 2.2 ESE,41.6219,-70.8667,2025-11-07,0.0,0.0
MA-BR-18,Fairhaven 2.2 ESE,41.6219,-70.8667,2025-11-08,0.02,0.04724409519218085
MA-BR-18,Fairhaven 2.2 ESE,41.6219,-70.8667,2025-11-09,0.03,1.1023622211508863
MA-BR-18,Fairhaven 2.2 ESE,41.6219,-70.8667,2025-11-10,2.11,0.3543307139413564
MA-BR-18,Fairhaven 2.2 ESE,41.6219,-70.8667,2025-11-11,0.09,0.0314960634614539
MA-BR-18,Fairhaven 2.2 ESE,41.6219,-70.8667,2025-11-12,0.0,0.0
MA-BR-18,Fairhaven 2.2 ESE,41.6219,-70.8667,2025-11-13,0.0,0.01574803173072695
MA-BR-18,Fairhaven 2.2 ESE,41.6219,-70.8667,2025-11-14,0.0,0.0
MA-BR-18,Fairhaven 2.2 ESE,41.6219,-70.8667,2025-11-15,0.0,0.0
MA-BR-18,Fairhaven 2.2 ESE,41.6219,-70.8667,2025-11-16,0.93,0.7598425310075754
MA-BR-18,Fairhaven 2.2 ESE,41.6219,-70.8667,2025-11-17,0.0,0.0
MA-BR-18,Fairhaven 2.2 ESE,41.6219,-70.8667,2025-11-18,0.0,0.0
MA-BR-18,Fairhaven 2.2 ESE,41.6219,-70.8667,2025-11-19,0.0,0.0
MA-BR-18,Fairhaven 2.2 ESE,41.6219,-70.8667,2025-11-20,0.0,0.0
MA-BR-18,Fairhaven 2.2 ESE,41.6219,-70.8667,2025-11-21,0.0,0.0
MA-BR-18,Fairhaven 2.2 ESE,41.6219,-70.8667,2025-11-22,0.03,0.3110236266818573
MA-BR-18,Fairhaven 2.2 ESE,41.6219,-70.8667,2025-11-23,0.29,0.003937007932681738
MA-BR-18,Fairhaven 2.2 ESE,41.6219,-70.8667,2025-11-24,0.0,0.0
MA-BR-18,Fairhaven 2.2 ESE,41.6219,-70.8667,2025-11-25,0.0,0.0
MA-BR-18,Fairhaven 2.2 ESE,41.6219,-70.8667,2025-11-26,0.26,0.2755905552877216
MA-BR-18,Fairhaven 2.2 ESE,41.6219,-70.8667,2025-11-29,0.0,0.0
MA-BR-18,Fairhaven 2.2 ESE,41.6219,-70.8667,2025-11-30,0.0,0.14566929350922428
MA-BR-18,Fairhaven 2.2 ESE,41.6219,-70.8667,2025-12-01,1.44,0.9015748165841179
MA-BR-18,Fairhaven 2.2 ESE,41.6219,-70.8667,2025-12-02,0.0,0.5590551264408067
MA-BR-18,Fairhaven 2.2 ESE,41.6219,-70.8667,2025-12-03,0.97,0.22047244423017734
MA-BR-18,Fairhaven 2.2 ESE,41.6219,-70.8667,2025-12-04,0.0,0.0
MA-BR-18,Fairhaven 2.2 ESE,41.6219,-70.8667,2025-12-05,0.0,0.0
MA-BR-18,Fairhaven 2.2 ESE,41.6219,-70.8667,2025-12-06,0.0,0.07086614278827127
MA-BR-18,Fairhaven 2.2 ESE,41.6219,-70.8667,2025-12-07,0.04,0.0
MA-BR-18,Fairhaven 2.2 ESE,41.6219,-70.8667,2025-12-08,0.0,0.0
MA-BR-18,Fairhaven 2.2 ESE,41.6219,-70.8667,2025-12-09,0.0,0.0
MA-BR-18,Fairhaven 2.2 ESE,41.6219,-70.8667,2025-12-10,0.0,0.047244095192180854
MA-BR-18,Fairhaven 2.2 ESE,41.6219,-70.8667,2025-12-11,0.0,0.0314960634614539
MA-BR-18,Fairhaven 2.2 ESE,41.6219,-70.8667,2025-12-12,0.0,0.0
MA-BR-18,Fairhaven 2.2 ESE,41.6219,-70.8667,2025-12-13,0.0,0.0
MA-BR-18,Fairhaven 2.2 ESE,41.6219,-70.8667,2025-12-14,0.11,0.30314961081649383
MA-BR-18,Fairhaven 2.2 ESE,41.6219,-70.8667,2025-12-15,0.14,0.05511811105754432
MA-BR-18,Fairhaven 2.2 ESE,41.6219,-70.8667,2025-12-16,0.0,0.0
MA-BR-18,Fairhaven 2.2 ESE,41.6219,-70.8667,2025-12-17,0.0,0.0
MA-BR-18,Fairhaven 2.2 ESE,41.6219,-70.8667,2025-12-18,0.0,0.0
MA-BR-18,Fairhaven 2.2 ESE,41.6219,-70.8667,2025-12-22,0.0,0.0
MA-BR-18,Fairhaven 2.2 ESE,41.6219,-70.8667,2025-12-23,0.0,0.023622047596090427
MA-BR-18,Fairhaven 2.2 ESE,41.6219,-70.8667,2025-12-24,0.1,0.09055118245167997
MA-BR-18,Fairhaven 2.2 ESE,41.6219,-70.8667,2025-12-25,0.0,0.0
MA-BR-18,Fairhaven 2.2 ESE,41.6219,-70.8667,2025-12-26,0.0,0.0
MA-BR-18,Fairhaven 2.2 ESE,41.6219,-70.8667,2025-12-27,0.29,0.22047244423017728
MA-BR-18,Fairhaven 2.2 ESE,41.6219,-70.8667,2025-12-28,0.0,0.0
MA-BR-52,New Bedford 4.3 N,41.72305,-70.944,2025-01-01,0.75,0.9488189117762987
MA-BR-52,New Bedford 4.3 N,41.72305,-70.944,2025-01-02,0.13,0.12992126177849733
MA-BR-52,New Bedford 4.3 N,41.72305,-70.944,2025-01-03,0.0,0.0
MA-BR-52,New Bedford 4.3 N,41.72305,-70.944,2025-01-04,0.0,0.0
MA-BR-52,New Bedford 4.3 N,41.72305,-70.944,2025-01-05,0.0,0.0
MA-BR-52,New Bedford 4.3 N,41.72305,-70.944,2025-01-06,0.0,0.0
MA-BR-52,New Bedford 4.3 N,41.72305,-70.944,2025-01-07,0.0,0.0
MA-BR-52,New Bedford 4.3 N,41.72305,-70.944,2025-01-08,0.0,0.0
MA-BR-52,New Bedford 4.3 N,41.72305,-70.944,2025-01-09,0.0,0.0
MA-BR-52,New Bedford 4.3 N,41.72305,-70.944,2025-01-10,0.0,0.0
MA-BR-52,New Bedford 4.3 N,41.72305,-70.944,2025-01-11,0.0,0.10629921418240693
MA-BR-52,New Bedford 4.3 N,41.72305,-70.944,2025-01-12,0.03,0.003937007932681738
MA-BR-52,New Bedford 4.3 N,41.72305,-70.944,2025-01-13,0.0,0.0
MA-BR-52,New Bedford 4.3 N,41.72305,-70.944,2025-01-14,0.0,0.0
MA-BR-52,New Bedford 4.3 N,41.72305,-70.944,2025-01-15,0.0,0.0
MA-BR-52,New Bedford 4.3 N,41.72305,-70.944,2025-01-16,0.0,0.0
MA-BR-52,New Bedford 4.3 N,41.72305,-70.944,2025-01-17,0.0,0.003937007932681738
MA-BR-52,New Bedford 4.3 N,41.72305,-70.944,2025-01-18,0.0,0.21653543629749555
MA-BR-52,New Bedford 4.3 N,41.72305,-70.944,2025-01-19,0.49,0.35433071394135635
MA-BR-52,New Bedford 4.3 N,41.72305,-70.944,2025-01-20,0.42,0.448818904325718
MA-BR-52,New Bedford 4.3 N,41.72305,-70.944,2025-01-21,0.0,0.0
MA-BR-52,New Bedford 4.3 N,41.72305,-70.944,2025-01-22,0.0,0.0
MA-BR-52,New Bedford 4.3 N,41.72305,-70.944,2025-01-23,0.0,0.0
MA-BR-52,New Bedford 4.3 N,41.72305,-70.944,2025-01-24,0.0,0.0
MA-BR-52,New Bedford 4.3 N,41.72305,-70.944,2025-01-25,0.0,0.0
MA-BR-52,New Bedford 4.3 N,41.72305,-70.944,2025-01-26,0.0,0.0
MA-BR-52,New Bedford 4.3 N,41.72305,-70.944,2025-01-27,0.0,0.0
MA-BR-52,New Bedford 4.3 N,41.72305,-70.944,2025-01-28,0.0,0.0
MA-BR-52,New Bedford 4.3 N,41.72305,-70.944,2025-01-29,0.0,0.011811023798045214
MA-BR-52,New Bedford 4.3 N,41.72305,-70.944,2025-01-30,0.0,0.0
MA-BR-52,New Bedford 4.3 N,41.72305,-70.944,2025-01-31,0.0,0.2716535473550399
MA-BR-52,New Bedford 4.3 N,41.72305,-70.944,2025-02-01,,0.39763780120085546
MA-BR-52,New Bedford 4.3 N,41.72305,-70.944,2025-02-02,0.04,0.0
MA-BR-52,New Bedford 4.3 N,41.72305,-70.944,2025-02-03,0.2,0.21653543629749553
MA-BR-52,New Bedford 4.3 N,41.72305,-70.944,2025-02-04,0.02,0.0
MA-BR-52,New Bedford 4.3 N,41.72305,-70.944,2025-02-05,0.0,0.0
MA-BR-52,New Bedford 4.3 N,41.72305,-70.944,2025-02-06,0.0,0.20078740456676863
MA-BR-52,New Bedford 4.3 N,41.72305,-70.944,2025-02-07,0.2,0.0
MA-BR-52,New Bedford 4.3 N,41.72305,-70.944,2025-02-08,0.0,0.0
MA-BR-52,New Bedford 4.3 N,41.72305,-70.944,2025-02-09,0.49,0.4055118170662189
MA-BR-52,New Bedford 4.3 N,41.72305,-70.944,2025-02-10,0.0,0.0
MA-BR-52,New Bedford 4.3 N,41.72305,-70.944,2025-02-11,0.0,0.0
MA-BR-52,New Bedford 4.3 N,41.72305,-70.944,2025-02-12,0.0,0.0
MA-BR-52,New Bedford 4.3 N,41.72305,-70.944,2025-02-13,0.18,0.2165354362974956
MA-BR-52,New Bedford 4.3 N,41.72305,-70.944,2025-02-14,0.06,0.0
MA-BR-52,New Bedford 4.3 N,41.72305,-70.944,2025-02-15,0.0,0.0
MA-BR-52,New Bedford 4.3 N,41.72305,-70.944,2025-02-16,0.53,1.7559055379760546
MA-BR-52,New Bedford 4.3 N,41.72305,-70.944,2025-02-17,1.15,0.0629921269229078
MA-BR-52,New Bedford 4.3 N,41.72305,-70.944,2025-02-18,0.0,0.0
MA-BR-52,New Bedford 4.3 N,41.72305,-70.944,2025-02-19,0.0,0.0
MA-BR-52,New Bedford 4.3 N,41.72305,-70.944,2025-02-20,0.0,0.0
MA-BR-52,New Bedford 4.3 N,41.72305,-70.944,2025-02-21,0.0,0.0
MA-BR-52,New Bedford 4.3 N,41.72305,-70.944,2025-02-22,0.0,0.0
MA-BR-52,New Bedford 4.3 N,41.72305,-70.944,2025-02-23,0.0,0.0
MA-BR-52,New Bedford 4.3 N,41.72305,-70.944,2025-02-24,0.0,0.0
MA-BR-52,New Bedford 4.3 N,41.72305,-70.944,2025-02-25,0.0,0.0
MA-BR-52,New Bedford 4.3 N,41.72305,-70.944,2025-02-26,0.0,0.0
MA-BR-52,New Bedford 4.3 N,41.72305,-70.944,2025-02-27,0.03,0.14566929350922428
MA-BR-52,New Bedford 4.3 N,41.72305,-70.944,2025-02-28,0.09,0.019685039663408687
MA-BR-52,New Bedford 4.3 N,41.72305,-70.944,2025-03-01,0.0,0.0
MA-BR-52,New Bedford 4.3 N,41.72305,-70.944,2025-03-02,0.0,0.0
MA-BR-52,New Bedford 4.3 N,41.72305,-70.944,2025-03-03,0.0,0.0
MA-BR-52,New Bedford 4.3 N,41.72305,-70.944,2025-03-04,0.0,0.0
MA-BR-52,New Bedford 4.3 N,41.72305,-70.944,2025-03-05,0.0,0.0
MA-BR-52,New Bedford 4.3 N,41.72305,-70.944,2025-03-06,0.56,0.5629921343734884
MA-BR-52,New Bedford 4.3 N,41.72305,-70.944,2025-03-07,0.08,0.20472441249945034
MA-BR-52,New Bedford 4.3 N,41.72305,-70.944,2025-03-08,0.0,0.0
MA-BR-52,New Bedford 4.3 N,41.72305,-70.944,2025-03-09,0.0,0.0
MA-BR-52,New Bedford 4.3 N,41.72305,-70.944,2025-03-10,0.0,0.0
MA-BR-52,New Bedford 4.3 N,41.72305,-70.944,2025-03-11,0.0,0.0
MA-BR-52,New Bedford 4.3 N,41.72305,-70.944,2025-03-12,0.0,0.0
MA-BR-52,New Bedford 4.3 N,41.72305,-70.944,2025-03-13,0.0,0.0
MA-BR-52,New Bedford 4.3 N,41.72305,-70.944,2025-03-14,0.0,0.0
MA-BR-52,New Bedford 4.3 N,41.72305,-70.944,2025-03-15,0.01,0.0
MA-BR-52,New Bedford 4.3 N,41.72305,-70.944,2025-03-16,0.01,0.0
MA-BR-52,New Bedford 4.3 N,41.72305,-70.944,2025-03-17,1.12,1.6850393951877833
MA-BR-52,New Bedford 4.3 N,41.72305,-70.944,2025-03-18,0.55,0.0314960634614539
MA-BR-52,New Bedford 4.3 N,41.72305,-70.944,2025-03-19,0.0,0.0
MA-BR-52,New Bedford 4.3 N,41.72305,-70.944,2025-03-20,0.0,0.0
MA-BR-52,New Bedford 4.3 N,41.72305,-70.944,2025-03-21,0.35,0.4094488249989007
MA-BR-52,New Bedford 4.3 N,41.72305,-70.944,2025-03-22,0.06,0.0
MA-BR-52,New Bedford 4.3 N,41.72305,-70.944,2025-03-23,0.0,0.0
MA-BR-52,New Bedford 4.3 N,41.72305,-70.944,2025-03-24,0.02,0.6692913485558952
MA-BR-52,New Bedford 4.3 N,41.72305,-70.944,2025-03-25,0.73,0.07874015865363475
MA-BR-52,New Bedford 4.3 N,41.72305,-70.944,2025-03-26,0.0,0.0
MA-BR-52,New Bedford 4.3 N,41.72305,-70.944,2025-03-27,0.0,0.007874015865363475
MA-BR-52,New Bedford 4.3 N,41.72305,-70.944,2025-03-28,0.0,0.0
MA-BR-52,New Bedford 4.3 N,41.72305,-70.944,2025-03-29,0.05,0.039370079326817374
MA-BR-52,New Bedford 4.3 N,41.72305,-70.944,2025-03-30,0.07,0.07086614278827127
MA-BR-52,New Bedford 4.3 N,41.72305,-70.944,2025-03-31,0.02,0.0
MA-BR-52,New Bedford 4.3 N,41.72305,-70.944,2025-04-01,0.21,0.3267716584125842
MA-BR-52,New Bedford 4.3 N,41.72305,-70.944,2025-04-03,0.14,0.3267716584125842
MA-BR-52,New Bedford 4.3 N,41.72305,-70.944,2025-04-04,0.2,0.0
MA-BR-52,New Bedford 4.3 N,41.72305,-70.944,2025-04-05,0.0,0.11023622211508866
MA-BR-52,New Bedford 4.3 N,41.72305,-70.944,2025-04-06,0.55,0.4842519757198536
MA-BR-52,New Bedford 4.3 N,41.72305,-70.944,2025-04-07,0.07,0.22047244423017728
MA-BR-52,New Bedford 4.3 N,41.72305,-70.944,2025-04-08,0.25,0.074803150720953
MA-BR-52,New Bedford 4.3 N,41.72305,-70.944,2025-04-09,0.04,0.0
MA-BR-52,New Bedford 4.3 N,41.72305,-70.944,2025-04-10,0.0,0.0
MA-BR-52,New Bedford 4.3 N,41.72305,-70.944,2025-04-11,0.1,0.10236220624972517
MA-BR-52,New Bedford 4.3 N,41.72305,-70.944,2025-04-12,0.4,0.40157480913353727
MA-BR-52,New Bedford 4.3 N,41.72305,-70.944,2025-04-13,0.13,0.480314967787172
MA-BR-52,New Bedford 4.3 N,41.72305,-70.944,2025-04-14,0.39,0.01574803173072695
MA-BR-52,New Bedford 4.3 N,41.72305,-70.944,2025-04-15,0.18,0.22047244423017734
MA-BR-52,New Bedford 4.3 N,41.72305,-70.944,2025-04-16,0.06,0.0314960634614539
MA-BR-52,New Bedford 4.3 N,41.72305,-70.944,2025-04-17,0.0,0.0
MA-BR-52,New Bedford 4.3 N,41.72305,-70.944,2025-04-18,0.0,0.0
MA-BR-52,New Bedford 4.3 N,41.72305,-70.944,2025-04-19,0.0,0.0
MA-BR-52,New Bedford 4.3 N,41.72305,-70.944,2025-04-20,0.0,0.0
MA-BR-52,New Bedford 4.3 N,41.72305,-70.944,2025-04-21,0.0,0.0
MA-BR-52,New Bedford 4.3 N,41.72305,-70.944,2025-04-22,0.1,0.10236220624972517
MA-BR-52,New Bedford 4.3 N,41.72305,-70.944,2025-04-23,0.0,0.0
MA-BR-52,New Bedford 4.3 N,41.72305,-70.944,2025-04-24,0.0,0.0
MA-BR-52,New Bedford 4.3 N,41.72305,-70.944,2025-04-25,0.0,0.0
MA-BR-52,New Bedford 4.3 N,41.72305,-70.944,2025-04-26,0.0,0.6338582771617598
MA-BR-52,New Bedford 4.3 N,41.72305,-70.944,2025-04-27,1.08,0.1574803173072695
MA-BR-52,New Bedford 4.3 N,41.72305,-70.944,2025-04-28,0.0,0.0
MA-BR-52,New Bedford 4.3 N,41.72305,-70.944,2025-04-29,0.0,0.0
MA-BR-52,New Bedford 4.3 N,41.72305,-70.944,2025-04-30,0.0,0.0
MA-BR-52,New Bedford 4.3 N,41.72305,-70.944,2025-05-01,0.0,0.0
MA-BR-52,New Bedford 4.3 N,41.72305,-70.944,2025-05-02,0.12,0.24015748389358596
MA-BR-52,New Bedford 4.3 N,41.72305,-70.944,2025-05-03,0.0,0.0
MA-BR-52,New Bedford 4.3 N,41.72305,-70.944,2025-05-04,0.0,0.0
MA-BR-52,New Bedford 4.3 N,41.72305,-70.944,2025-05-05,0.03,0.1456692935092243
MA-BR-52,New Bedford 4.3 N,41.72305,-70.944,2025-05-06,0.02,0.18503937283604163
MA-BR-52,New Bedford 4.3 N,41.72305,-70.944,2025-05-07,0.15,0.01574803173072695
MA-BR-52,New Bedford 4.3 N,41.72305,-70.944,2025-05-08,0.01,0.0
MA-BR-52,New Bedford 4.3 N,41.72305,-70.944,2025-05-09,0.0,1.484251990621015
MA-BR-52,New Bedford 4.3 N,41.72305,-70.944,2025-05-10,1.38,0.389763785335492
MA-BR-52,New Bedford 4.3 N,41.72305,-70.944,2025-05-11,0.03,0.0
MA-BR-52,New Bedford 4.3 N,41.72305,-70.944,2025-05-12,0.0,0.0
MA-BR-52,New Bedford 4.3 N,41.72305,-70.944,2025-05-13,0.0,0.0
MA-BR-52,New Bedford 4.3 N,41.72305,-70.944,2025-05-14,0.0,0.0
MA-BR-52,New Bedford 4.3 N,41.72305,-70.944,2025-05-15,0.6,0.7677165468729389
MA-BR-52,New Bedford 4.3 N,41.72305,-70.944,2025-05-16,0.02,0.0
MA-BR-52,New Bedford 4.3 N,41.72305,-70.944,2025-05-17,0.0,0.0
MA-BR-52,New Bedford 4.3 N,41.72305,-70.944,2025-05-18,0.0,0.007874015865363475
MA-BR-52,New Bedford 4.3 N,41.72305,-70.944,2025-05-19,0.0,0.0
MA-BR-52,New Bedford 4.3 N,41.72305,-70.944,2025-05-20,0.0,0.0
MA-BR-52,New Bedford 4.3 N,41.72305,-70.944,2025-05-21,0.0,0.0
MA-BR-52,New Bedford 4.3 N,41.72305,-70.944,2025-05-22,0.04,2.1968504264364093
MA-BR-52,New Bedford 4.3 N,41.72305,-70.944,2025-05-23,3.06,1.4842519906210148
MA-BR-52,New Bedford 4.3 N,41.72305,-70.944,2025-05-24,0.0,0.027559055528772164
MA-BR-52,New Bedford 4.3 N,41.72305,-70.944,2025-05-25,0.07,0.0
MA-BR-52,New Bedford 4.3 N,41.72305,-70.944,2025-05-26,0.0,0.0
MA-BR-52,New Bedford 4.3 N,41.72305,-70.944,2025-05-27,0.0,0.0
MA-BR-52,New Bedford 4.3 N,41.72305,-70.944,2025-05-28,0.0,0.0
MA-BR-52,New Bedford 4.3 N,41.72305,-70.944,2025-05-29,0.12,0.1732283490379965
MA-BR-52,New Bedford 4.3 N,41.72305,-70.944,2025-05-30,0.0,0.0
MA-BR-52,New Bedford 4.3 N,41.72305,-70.944,2025-05-31,0.25,0.2755905552877216
MA-BR-52,New Bedford 4.3 N,41.72305,-70.944,2025-06-01,0.0,0.011811023798045212
MA-BR-52,New Bedford 4.3 N,41.72305,-70.944,2025-06-02,0.02,0.0
MA-BR-52,New Bedford 4.3 N,41.72305,-70.944,2025-06-03,0.0,0.0
MA-BR-52,New Bedford 4.3 N,41.72305,-70.944,2025-06-04,0.0,0.0
MA-BR-52,New Bedford 4.3 N,41.72305,-70.944,2025-06-05,0.0,0.0
MA-BR-52,New Bedford 4.3 N,41.72305,-70.944,2025-06-06,0.0,0.0
MA-BR-52,New Bedford 4.3 N,41.72305,-70.944,2025-06-07,0.0,0.4291338646623094
MA-BR-52,New Bedford 4.3 N,41.72305,-70.944,2025-06-08,0.38,0.0
MA-BR-52,New Bedford 4.3 N,41.72305,-70.944,2025-06-09,0.0,0.0
MA-BR-52,New Bedford 4.3 N,41.72305,-70.944,2025-06-10,0.04,0.36614173773940156
MA-BR-52,New Bedford 4.3 N,41.72305,-70.944,2025-06-11,0.38,0.0
MA-BR-52,New Bedford 4.3 N,41.72305,-70.944,2025-06-12,0.0,0.0
MA-BR-52,New Bedford 4.3 N,41.72305,-70.944,2025-06-13,0.0,0.0
MA-BR-52,New Bedford 4.3 N,41.72305,-70.944,2025-06-14,0.0,0.074803150720953
MA-BR-52,New Bedford 4.3 N,41.72305,-70.944,2025-06-15,0.08,0.0
MA-BR-52,New Bedford 4.3 N,41.72305,-70.944,2025-06-16,0.0,0.0
MA-BR-52,New Bedford 4.3 N,41.72305,-70.944,2025-06-17,0.0,0.05905511899022606
MA-BR-52,New Bedford 4.3 N,41.72305,-70.944,2025-06-18,0.05,0.019685039663408687
MA-BR-52,New Bedford 4.3 N,41.72305,-70.944,2025-06-19,0.0,0.0
MA-BR-52,New Bedford 4.3 N,41.72305,-70.944,2025-06-20,0.0,0.0
MA-BR-52,New Bedford 4.3 N,41.72305,-70.944,2025-06-21,0.0,0.0
MA-BR-52,New Bedford 4.3 N,41.72305,-70.944,2025-06-22,0.01,0.01968503966340869
MA-BR-52,New Bedford 4.3 N,41.72305,-70.944,2025-06-23,0.0,0.0
MA-BR-52,New Bedford 4.3 N,41.72305,-70.944,2025-06-24,0.02,0.0
MA-BR-52,New Bedford 4.3 N,41.72305,-70.944,2025-06-27,0.05,0.007874015865363475
MA-BR-52,New Bedford 4.3 N,41.72305,-70.944,2025-06-28,0.0,0.0
MA-BR-52,New Bedford 4.3 N,41.72305,-70.944,2025-06-29,0.01,0.0
MA-BR-52,New Bedford 4.3 N,41.72305,-70.944,2025-06-30,0.0,0.0
MA-BR-52,New Bedford 4.3 N,41.72305,-70.944,2025-07-01,0.0,0.011811023798045214
MA-BR-52,New Bedford 4.3 N,41.72305,-70.944,2025-07-02,0.07,0.12204724591313387
MA-BR-52,New Bedford 4.3 N,41.72305,-70.944,2025-07-03,0.03,0.0
MA-BR-52,New Bedford 4.3 N,41.72305,-70.944,2025-07-04,1.28,0.8700787531226639
MA-BR-52,New Bedford 4.3 N,41.72305,-70.944,2025-07-05,0.0,0.0
MA-BR-52,New Bedford 4.3 N,41.72305,-70.944,2025-07-06,0.0,0.0
MA-BR-52,New Bedford 4.3 N,41.72305,-70.944,2025-07-07,0.0,0.023622047596090427
MA-BR-52,New Bedford 4.3 N,41.72305,-70.944,2025-07-08,0.02,0.0629921269229078
MA-BR-52,New Bedford 4.3 N,41.72305,-70.944,2025-07-09,1.35,1.4724409668229694
MA-BR-52,New Bedford 4.3 N,41.72305,-70.944,2025-07-10,0.49,0.5787401661042154
MA-BR-52,New Bedford 4.3 N,41.72305,-70.944,2025-07-11,0.18,0.0
MA-BR-52,New Bedford 4.3 N,41.72305,-70.944,2025-07-12,0.02,0.0
MA-BR-52,New Bedford 4.3 N,41.72305,-70.944,2025-07-13,0.0,0.0
MA-BR-52,New Bedford 4.3 N,41.72305,-70.944,2025-07-14,0.0,0.0
MA-BR-52,New Bedford 4.3 N,41.72305,-70.944,2025-07-15,0.03,0.04724409519218085
MA-BR-52,New Bedford 4.3 N,41.72305,-70.944,2025-07-16,0.0,0.0
MA-BR-52,New Bedford 4.3 N,41.72305,-70.944,2025-07-17,0.0,0.0
MA-BR-52,New Bedford 4.3 N,41.72305,-70.944,2025-07-18,0.0,0.0
MA-BR-52,New Bedford 4.3 N,41.72305,-70.944,2025-07-19,0.0,0.0
MA-BR-52,New Bedford 4.3 N,41.72305,-70.944,2025-07-20,0.0,0.0
MA-BR-52,New Bedford 4.3 N,41.72305,-70.944,2025-07-21,0.0,0.01574803173072695
MA-BR-52,New Bedford 4.3 N,41.72305,-70.944,2025-07-22,0.0,0.0
MA-BR-52,New Bedford 4.3 N,41.72305,-70.944,2025-07-24,0.0,0.0
MA-BR-52,New Bedford 4.3 N,41.72305,-70.944,2025-07-25,0.0,0.688976388219304
MA-BR-52,New Bedford 4.3 N,41.72305,-70.944,2025-07-26,0.65,0.0
MA-BR-52,New Bedford 4.3 N,41.72305,-70.944,2025-07-27,0.0,0.0314960634614539
MA-BR-52,New Bedford 4.3 N,41.72305,-70.944,2025-07-28,0.05,0.0
MA-BR-52,New Bedford 4.3 N,41.72305,-70.944,2025-07-29,0.0,0.0
MA-BR-52,New Bedford 4.3 N,41.72305,-70.944,2025-07-30,0.0,0.0
MA-BR-52,New Bedford 4.3 N,41.72305,-70.944,2025-07-31,0.0,0.0
MA-BR-52,New Bedford 4.3 N,41.72305,-70.944,2025-08-01,0.45,0.5275590629793528
MA-BR-52,New Bedford 4.3 N,41.72305,-70.944,2025-08-02,0.0,0.0
MA-BR-52,New Bedford 4.3 N,41.72305,-70.944,2025-08-03,0.0,0.0
MA-BR-52,New Bedford 4.3 N,41.72305,-70.944,2025-08-04,0.0,0.0
MA-BR-52,New Bedford 4.3 N,41.72305,-70.944,2025-08-05,0.0,0.0
MA-BR-52,New Bedford 4.3 N,41.72305,-70.944,2025-08-06,0.0,0.0
MA-BR-52,New Bedford 4.3 N,41.72305,-70.944,2025-08-07,0.0,0.0
MA-BR-52,New Bedford 4.3 N,41.72305,-70.944,2025-08-08,0.0,0.0
MA-BR-52,New Bedford 4.3 N,41.72305,-70.944,2025-08-09,0.0,0.0
MA-BR-52,New Bedford 4.3 N,41.72305,-70.944,2025-08-10,0.0,0.0
MA-BR-52,New Bedford 4.3 N,41.72305,-70.944,2025-08-11,0.0,0.0
MA-BR-52,New Bedford 4.3 N,41.72305,-70.944,2025-08-12,0.0,0.0
MA-BR-52,New Bedford 4.3 N,41.72305,-70.944,2025-08-13,0.0,0.0
MA-BR-52,New Bedford 4.3 N,41.72305,-70.944,2025-08-14,0.0,0.06692913485558953
MA-BR-52,New Bedford 4.3 N,41.72305,-70.944,2025-08-15,0.35,0.20078740456676858
MA-BR-52,New Bedford 4.3 N,41.72305,-70.944,2025-08-16,0.0,0.0
MA-BR-52,New Bedford 4.3 N,41.72305,-70.944,2025-08-17,0.0,0.0
MA-BR-52,New Bedford 4.3 N,41.72305,-70.944,2025-08-18,0.0,0.0
MA-BR-52,New Bedford 4.3 N,41.72305,-70.944,2025-08-19,0.0,0.0
MA-BR-52,New Bedford 4.3 N,41.72305,-70.944,2025-08-20,0.0,0.2677165394223581
MA-BR-52,New Bedford 4.3 N,41.72305,-70.944,2025-08-21,0.79,0.8582677293246189
MA-BR-52,New Bedford 4.3 N,41.72305,-70.944,2025-08-22,0.0,0.0
MA-BR-52,New Bedford 4.3 N,41.72305,-70.944,2025-08-23,0.0,0.0
MA-BR-52,New Bedford 4.3 N,41.72305,-70.944,2025-08-24,0.0,0.0
MA-BR-52,New Bedford 4.3 N,41.72305,-70.944,2025-08-25,0.0,0.0
MA-BR-52,New Bedford 4.3 N,41.72305,-70.944,2025-08-26,0.0,0.0
MA-BR-52,New Bedford 4.3 N,41.72305,-70.944,2025-08-27,0.0,0.0
MA-BR-52,New Bedford 4.3 N,41.72305,-70.944,2025-08-28,0.0,0.0
MA-BR-52,New Bedford 4.3 N,41.72305,-70.944,2025-08-29,0.0,0.13779527764386082
MA-BR-52,New Bedford 4.3 N,41.72305,-70.944,2025-08-30,0.45,0.2755905552877216
MA-BR-52,New Bedford 4.3 N,41.72305,-70.944,2025-08-31,0.0,0.0
MA-BR-52,New Bedford 4.3 N,41.72305,-70.944,2025-09-01,0.0,0.0
MA-BR-52,New Bedford 4.3 N,41.72305,-70.944,2025-09-02,0.0,0.0
MA-BR-52,New Bedford 4.3 N,41.72305,-70.944,2025-09-03,0.0,0.0
MA-BR-52,New Bedford 4.3 N,41.72305,-70.944,2025-09-04,0.0,0.0
MA-BR-52,New Bedford 4.3 N,41.72305,-70.944,2025-09-05,0.04,0.04724409519218085
MA-BR-52,New Bedford 4.3 N,41.72305,-70.944,2025-09-06,0.0,0.0
MA-BR-52,New Bedford 4.3 N,41.72305,-70.944,2025-09-07,0.18,0.7244094596134397
MA-BR-52,New Bedford 4.3 N,41.72305,-70.944,2025-09-08,0.54,0.0
MA-BR-52,New Bedford 4.3 N,41.72305,-70.944,2025-09-09,0.0,0.0
MA-BR-52,New Bedford 4.3 N,41.72305,-70.944,2025-09-10,0.0,0.0
MA-BR-52,New Bedford 4.3 N,41.72305,-70.944,2025-09-11,0.0,0.0
MA-BR-52,New Bedford 4.3 N,41.72305,-70.944,2025-09-12,0.0,0.0
MA-BR-52,New Bedford 4.3 N,41.72305,-70.944,2025-09-13,0.0,0.0
MA-BR-52,New Bedford 4.3 N,41.72305,-70.944,2025-09-14,0.0,0.01574803173072695
MA-BR-52,New Bedford 4.3 N,41.72305,-70.944,2025-09-15,0.03,0.0
MA-BR-52,New Bedford 4.3 N,41.72305,-70.944,2025-09-16,0.0,0.0
MA-BR-52,New Bedford 4.3 N,41.72305,-70.944,2025-09-17,0.0,0.09842519831704344
MA-BR-52,New Bedford 4.3 N,41.72305,-70.944,2025-09-18,0.6,0.5314960709120344
MA-BR-52,New Bedford 4.3 N,41.72305,-70.944,2025-09-19,0.0,0.0
MA-BR-52,New Bedford 4.3 N,41.72305,-70.944,2025-09-20,0.0,0.0
MA-BR-52,New Bedford 4.3 N,41.72305,-70.944,2025-09-21,0.0,0.0
MA-BR-52,New Bedford 4.3 N,41.72305,-70.944,2025-09-22,0.0,0.0
MA-BR-52,New Bedford 4.3 N,41.72305,-70.944,2025-09-23,0.0,0.0
MA-BR-52,New Bedford 4.3 N,41.72305,-70.944,2025-09-24,1.23,2.161417355042274
MA-BR-52,New Bedford 4.3 N,41.72305,-70.944,2025-09-25,1.45,2.8582677591269405
MA-BR-52,New Bedford 4.3 N,41.72305,-70.944,2025-09-26,1.05,0.01574803173072695
MA-BR-52,New Bedford 4.3 N,41.72305,-70.944,2025-09-27,0.0,0.0
MA-BR-52,New Bedford 4.3 N,41.72305,-70.944,2025-09-28,0.05,0.05905511899022606
MA-BR-52,New Bedford 4.3 N,41.72305,-70.944,2025-09-29,0.0,0.0
MA-BR-52,New Bedford 4.3 N,41.72305,-70.944,2025-09-30,0.0,0.0
MA-BR-52,New Bedford 4.3 N,41.72305,-70.944,2025-10-01,0.0,0.0
MA-BR-52,New Bedford 4.3 N,41.72305,-70.944,2025-10-02,0.0,0.0
MA-BR-52,New Bedford 4.3 N,41.72305,-70.944,2025-10-03,0.0,0.0
MA-BR-52,New Bedford 4.3 N,41.72305,-70.944,2025-10-04,0.0,0.0
MA-BR-52,New Bedford 4.3 N,41.72305,-70.944,2025-10-05,0.0,0.0
MA-BR-52,New Bedford 4.3 N,41.72305,-70.944,2025-10-06,0.0,0.0
MA-BR-52,New Bedford 4.3 N,41.72305,-70.944,2025-10-07,0.0,0.0
MA-BR-52,New Bedford 4.3 N,41.72305,-70.944,2025-10-08,0.03,0.8307086737958467
MA-BR-52,New Bedford 4.3 N,41.72305,-70.944,2025-10-09,0.72,0.0
MA-BR-52,New Bedford 4.3 N,41.72305,-70.944,2025-10-10,0.0,0.0
MA-BR-52,New Bedford 4.3 N,41.72305,-70.944,2025-10-11,0.0,0.0
MA-BR-52,New Bedford 4.3 N,41.72305,-70.944,2025-10-12,0.0,0.7480315072095302
MA-BR-52,New Bedford 4.3 N,41.72305,-70.944,2025-10-13,1.65,2.1141732598500926
MA-BR-52,New Bedford 4.3 N,41.72305,-70.944,2025-10-14,1.95,0.3700787456720833
MA-BR-52,New Bedford 4.3 N,41.72305,-70.944,2025-10-15,0.09,0.0
MA-BR-52,New Bedford 4.3 N,41.72305,-70.944,2025-10-16,0.0,0.0
MA-BR-52,New Bedford 4.3 N,41.72305,-70.944,2025-10-17,0.0,0.0
MA-BR-52,New Bedford 4.3 N,41.72305,-70.944,2025-10-18,0.0,0.0
MA-BR-52,New Bedford 4.3 N,41.72305,-70.944,2025-10-19,0.0,0.0
MA-BR-52,New Bedford 4.3 N,41.72305,-70.944,2025-10-20,0.0,0.8464567055265735
MA-BR-52,New Bedford 4.3 N,41.72305,-70.944,2025-10-21,0.85,0.0
MA-BR-52,New Bedford 4.3 N,41.72305,-70.944,2025-10-22,0.0,0.07480315072095302
MA-BR-52,New Bedford 4.3 N,41.72305,-70.944,2025-10-23,0.0,0.0
MA-BR-52,New Bedford 4.3 N,41.72305,-70.944,2025-10-24,0.0,0.0
MA-BR-52,New Bedford 4.3 N,41.72305,-70.944,2025-10-25,0.0,0.0
MA-BR-52,New Bedford 4.3 N,41.72305,-70.944,2025-10-26,0.0,0.0
MA-BR-52,New Bedford 4.3 N,41.72305,-70.944,2025-10-27,0.0,0.0
MA-BR-52,New Bedford 4.3 N,41.72305,-70.944,2025-10-28,0.0,0.007874015865363475
MA-BR-52,New Bedford 4.3 N,41.72305,-70.944,2025-10-29,0.0,0.003937007932681738
MA-BR-52,New Bedford 4.3 N,41.72305,-70.944,2025-10-30,0.07,0.0944881903843617
MA-BR-52,New Bedford 4.3 N,41.72305,-70.944,2025-10-31,0.95,1.0944882052855227
MA-BR-52,New Bedford 4.3 N,41.72305,-70.944,2025-11-01,0.0,0.0
MA-BR-52,New Bedford 4.3 N,41.72305,-70.944,2025-11-02,0.0,0.0
MA-BR-52,New Bedford 4.3 N,41.72305,-70.944,2025-11-03,0.0,0.08267716658631649
MA-BR-52,New Bedford 4.3 N,41.72305,-70.944,2025-11-04,0.15,0.13385826971117906
MA-BR-52,New Bedford 4.3 N,41.72305,-70.944,2025-11-05,0.0,0.0
MA-BR-52,New Bedford 4.3 N,41.72305,-70.944,2025-11-06,0.05,0.03543307139413564
MA-BR-52,New Bedford 4.3 N,41.72305,-70.944,2025-11-07,0.0,0.0
MA-BR-52,New Bedford 4.3 N,41.72305,-70.944,2025-11-08,0.02,0.06692913485558954
MA-BR-52,New Bedford 4.3 N,41.72305,-70.944,2025-11-09,0.04,0.555118118508125
MA-BR-52,New Bedford 4.3 N,41.72305,-70.944,2025-11-10,0.55,0.11023622211508866
MA-BR-52,New Bedford 4.3 N,41.72305,-70.944,2025-11-11,0.02,0.01574803173072695
MA-BR-52,New Bedford 4.3 N,41.72305,-70.944,2025-11-12,0.02,0.0
MA-BR-52,New Bedford 4.3 N,41.72305,-70.944,2025-11-13,0.0,0.0
MA-BR-52,New Bedford 4.3 N,41.72305,-70.944,2025-11-14,0.0,0.0
MA-BR-52,New Bedford 4.3 N,41.72305,-70.944,2025-11-15,0.0,0.0
MA-BR-52,New Bedford 4.3 N,41.72305,-70.944,2025-11-16,0.82,0.7834645786036658
MA-BR-52,New Bedford 4.3 N,41.72305,-70.944,2025-11-17,0.0,0.0
MA-BR-52,New Bedford 4.3 N,41.72305,-70.944,2025-11-18,0.0,0.0
MA-BR-52,New Bedford 4.3 N,41.72305,-70.944,2025-11-19,0.0,0.0
MA-BR-52,New Bedford 4.3 N,41.72305,-70.944,2025-11-20,0.0,0.0
MA-BR-52,New Bedford 4.3 N,41.72305,-70.944,2025-11-21,0.0,0.0
MA-BR-52,New Bedford 4.3 N,41.72305,-70.944,2025-11-22,0.12,0.37795276153744684
MA-BR-52,New Bedford 4.3 N,41.72305,-70.944,2025-11-23,0.3,0.003937007932681738
MA-BR-52,New Bedford 4.3 N,41.72305,-70.944,2025-11-24,0.03,0.0
MA-BR-52,New Bedford 4.3 N,41.72305,-70.944,2025-11-25,0.0,0.0
MA-BR-52,New Bedford 4.3 N,41.72305,-70.944,2025-11-26,0.25,0.2637795314896764
MA-BR-52,New Bedford 4.3 N,41.72305,-70.944,2025-11-27,0.02,0.007874015865363475
MA-BR-52,New Bedford 4.3 N,41.72305,-70.944,2025-11-28,0.0,0.0
MA-BR-52,New Bedford 4.3 N,41.72305,-70.944,2025-11-29,0.0,0.0
MA-BR-52,New Bedford 4.3 N,41.72305,-70.944,2025-11-30,0.0,0.17322834903799644
MA-BR-52,New Bedford 4.3 N,41.72305,-70.944,2025-12-01,0.78,0.5944881978349423
MA-BR-52,New Bedford 4.3 N,41.72305,-70.944,2025-12-02,0.02,0.5196850471139893
MA-BR-52,New Bedford 4.3 N,41.72305,-70.944,2025-12-03,0.76,0.25590551562431296
MA-BR-52,New Bedford 4.3 N,41.72305,-70.944,2025-12-04,0.02,0.0
MA-BR-52,New Bedford 4.3 N,41.72305,-70.944,2025-12-05,0.0,0.0
MA-BR-52,New Bedford 4.3 N,41.72305,-70.944,2025-12-06,0.0,0.039370079326817374
MA-BR-52,New Bedford 4.3 N,41.72305,-70.944,2025-12-07,0.04,0.0
MA-BR-52,New Bedford 4.3 N,41.72305,-70.944,2025-12-08,0.0,0.0
MA-BR-52,New Bedford 4.3 N,41.72305,-70.944,2025-12-09,0.0,0.0
MA-BR-52,New Bedford 4.3 N,41.72305,-70.944,2025-12-10,0.02,0.051181103124862584
MA-BR-52,New Bedford 4.3 N,41.72305,-70.944,2025-12-11,0.0,0.039370079326817374
MA-BR-52,New Bedford 4.3 N,41.72305,-70.944,2025-12-12,0.0,0.0
MA-BR-52,New Bedford 4.3 N,41.72305,-70.944,2025-12-13,0.0,0.0
MA-BR-52,New Bedford 4.3 N,41.72305,-70.944,2025-12-14,,0.2874015790857669
MA-BR-52,New Bedford 4.3 N,41.72305,-70.944,2025-12-15,,0.039370079326817374
MA-BR-52,New Bedford 4.3 N,41.72305,-70.944,2025-12-16,0.0,0.0
MA-BR-52,New Bedford 4.3 N,41.72305,-70.944,2025-12-17,0.0,0.0
MA-BR-52,New Bedford 4.3 N,41.72305,-70.944,2025-12-18,0.0,0.0
MA-BR-52,New Bedford 4.3 N,41.72305,-70.944,2025-12-19,0.05,0.5236220550466711
MA-BR-52,New Bedford 4.3 N,41.72305,-70.944,2025-12-20,0.61,0.07480315072095302
MA-BR-52,New Bedford 4.3 N,41.72305,-70.944,2025-12-21,0.0,0.0
MA-BR-52,New Bedford 4.3 N,41.72305,-70.944,2025-12-22,0.0,0.0
MA-BR-52,New Bedford 4.3 N,41.72305,-70.944,2025-12-23,0.0,0.01574803173072695
MA-BR-52,New Bedford 4.3 N,41.72305,-70.944,2025-12-24,0.15,0.1259842538458156
MA-BR-52,New Bedford 4.3 N,41.72305,-70.944,2025-12-25,0.0,0.0
MA-BR-52,New Bedford 4.3 N,41.72305,-70.944,2025-12-26,0.0,0.0
MA-BR-52,New Bedford 4.3 N,41.72305,-70.944,2025-12-27,0.3,0.2519685076916312
MA-BR-52,New Bedford 4.3 N,41.72305,-70.944,2025-12-28,0.0,0.0
MA-BR-52,New Bedford 4.3 N,41.72305,-70.944,2025-12-29,0.28,0.4842519757198537
MA-BR-52,New Bedford 4.3 N,41.72305,-70.944,2025-12-30,0.32,0.007874015865363475
MA-BR-52,New Bedford 4.3 N,41.72305,-70.944,2025-12-31,0.0,0.0
MA-BR-79,Fairhaven 1.9 ENE,41.64602,-70.86737,2025-01-07,0.0,0.0
MA-BR-79,Fairhaven 1.9 ENE,41.64602,-70.86737,2025-01-08,0.0,0.0
MA-BR-79,Fairhaven 1.9 ENE,41.64602,-70.86737,2025-01-17,0.0,0.0
MA-BR-79,Fairhaven 1.9 ENE,41.64602,-70.86737,2025-02-09,0.43,0.39370079326817375
MA-BR-79,Fairhaven 1.9 ENE,41.64602,-70.86737,2025-04-22,0.0,0.09055118245167995
MA-BR-79,Fairhaven 1.9 ENE,41.64602,-70.86737,2025-05-14,0.0,0.0
MA-BR-79,Fairhaven 1.9 ENE,41.64602,-70.86737,2025-06-09,0.0,0.0
MA-BR-79,Fairhaven 1.9 ENE,41.64602,-70.86737,2025-06-10,0.08,0.7362204834114847
MA-BR-79,Fairhaven 1.9 ENE,41.64602,-70.86737,2025-06-11,0.49,0.0
MA-BR-79,Fairhaven 1.9 ENE,41.64602,-70.86737,2025-06-12,0.0,0.0
MA-BR-79,Fairhaven 1.9 ENE,41.64602,-70.86737,2025-06-13,0.0,0.0
MA-BR-79,Fairhaven 1.9 ENE,41.64602,-70.86737,2025-06-14,0.0,0.08267716658631649
MA-BR-79,Fairhaven 1.9 ENE,41.64602,-70.86737,2025-06-15,0.07,0.0
MA-BR-79,Fairhaven 1.9 ENE,41.64602,-70.86737,2025-06-16,0.0,0.0
MA-BR-79,Fairhaven 1.9 ENE,41.64602,-70.86737,2025-06-17,0.0,0.011811023798045214
MA-BR-79,Fairhaven 1.9 ENE,41.64602,-70.86737,2025-06-18,0.02,0.01574803173072695
MA-BR-79,Fairhaven 1.9 ENE,41.64602,-70.86737,2025-06-19,0.0,0.0
MA-BR-79,Fairhaven 1.9 ENE,41.64602,-70.86737,2025-06-20,0.0,0.0
MA-BR-79,Fairhaven 1.9 ENE,41.64602,-70.86737,2025-06-21,0.0,0.0
MA-BR-79,Fairhaven 1.9 ENE,41.64602,-70.86737,2025-06-22,0.0,0.011811023798045212
MA-BR-79,Fairhaven 1.9 ENE,41.64602,-70.86737,2025-06-23,0.02,0.0
MA-BR-79,Fairhaven 1.9 ENE,41.64602,-70.86737,2025-06-24,0.0,0.0
MA-BR-79,Fairhaven 1.9 ENE,41.64602,-70.86737,2025-06-25,0.0,0.003937007932681738
MA-BR-79,Fairhaven 1.9 ENE,41.64602,-70.86737,2025-06-26,0.16,0.03543307139413564
MA-BR-79,Fairhaven 1.9 ENE,41.64602,-70.86737,2025-06-27,0.03,0.007874015865363475
MA-BR-79,Fairhaven 1.9 ENE,41.64602,-70.86737,2025-06-28,0.0,0.0
MA-BR-79,Fairhaven 1.9 ENE,41.64602,-70.86737,2025-06-29,0.0,0.0
MA-BR-79,Fairhaven 1.9 ENE,41.64602,-70.86737,2025-06-30,0.0,0.0
MA-BR-79,Fairhaven 1.9 ENE,41.64602,-70.86737,2025-07-01,0.02,0.019685039663408687
MA-BR-79,Fairhaven 1.9 ENE,41.64602,-70.86737,2025-07-02,0.06,0.09055118245167998
MA-BR-79,Fairhaven 1.9 ENE,41.64602,-70.86737,2025-07-03,0.0,0.0
MA-BR-79,Fairhaven 1.9 ENE,41.64602,-70.86737,2025-07-04,0.28,0.5196850471139893
MA-BR-79,Fairhaven 1.9 ENE,41.64602,-70.86737,2025-07-05,0.0,0.0
MA-BR-79,Fairhaven 1.9 ENE,41.64602,-70.86737,2025-07-06,0.0,0.0
MA-BR-79,Fairhaven 1.9 ENE,41.64602,-70.86737,2025-07-07,0.0,0.07874015865363475
MA-BR-79,Fairhaven 1.9 ENE,41.64602,-70.86737,2025-07-08,0.23,0.03543307139413564
MA-BR-79,Fairhaven 1.9 ENE,41.64602,-70.86737,2025-07-09,0.84,1.1811023798045213
MA-BR-79,Fairhaven 1.9 ENE,41.64602,-70.86737,2025-07-10,0.18,0.6220472533637145
MA-BR-79,Fairhaven 1.9 ENE,41.64602,-70.86737,2025-07-11,0.39,0.0
MA-BR-79,Fairhaven 1.9 ENE,41.64602,-70.86737,2025-07-12,0.0,0.0
MA-BR-79,Fairhaven 1.9 ENE,41.64602,-70.86737,2025-07-13,0.0,0.0
MA-BR-79,Fairhaven 1.9 ENE,41.64602,-70.86737,2025-07-14,0.0,0.0
MA-BR-79,Fairhaven 1.9 ENE,41.64602,-70.86737,2025-07-15,0.05,0.07086614278827127
MA-BR-79,Fairhaven 1.9 ENE,41.64602,-70.86737,2025-07-16,0.02,0.0
MA-BR-79,Fairhaven 1.9 ENE,41.64602,-70.86737,2025-07-17,0.0,0.0
MA-BR-79,Fairhaven 1.9 ENE,41.64602,-70.86737,2025-07-18,0.0,0.0
MA-BR-79,Fairhaven 1.9 ENE,41.64602,-70.86737,2025-07-19,0.0,0.0
MA-BR-79,Fairhaven 1.9 ENE,41.64602,-70.86737,2025-07-20,0.0,0.0
MA-BR-79,Fairhaven 1.9 ENE,41.64602,-70.86737,2025-07-21,0.02,0.003937007932681738
MA-BR-79,Fairhaven 1.9 ENE,41.64602,-70.86737,2025-07-22,0.0,0.0
MA-BR-79,Fairhaven 1.9 ENE,41.64602,-70.86737,2025-07-23,0.0,0.0
MA-BR-79,Fairhaven 1.9 ENE,41.64602,-70.86737,2025-07-24,0.0,0.0
MA-BR-79,Fairhaven 1.9 ENE,41.64602,-70.86737,2025-07-25,0.0,0.5787401661042154
MA-BR-79,Fairhaven 1.9 ENE,41.64602,-70.86737,2025-07-26,0.31,0.0
MA-BR-79,Fairhaven 1.9 ENE,41.64602,-70.86737,2025-07-27,0.0,0.011811023798045214
MA-BR-79,Fairhaven 1.9 ENE,41.64602,-70.86737,2025-07-28,0.0,0.0
MA-BR-79,Fairhaven 1.9 ENE,41.64602,-70.86737,2025-07-29,0.0,0.0
MA-BR-79,Fairhaven 1.9 ENE,41.64602,-70.86737,2025-07-30,0.0,0.0
MA-BR-79,Fairhaven 1.9 ENE,41.64602,-70.86737,2025-07-31,0.0,0.0
MA-BR-79,Fairhaven 1.9 ENE,41.64602,-70.86737,2025-08-01,0.43,0.480314967787172
MA-BR-79,Fairhaven 1.9 ENE,41.64602,-70.86737,2025-08-02,0.02,0.0
MA-BR-79,Fairhaven 1.9 ENE,41.64602,-70.86737,2025-08-03,0.0,0.0
MA-BR-79,Fairhaven 1.9 ENE,41.64602,-70.86737,2025-08-04,0.0,0.0
MA-BR-79,Fairhaven 1.9 ENE,41.64602,-70.86737,2025-08-05,0.0,0.0
MA-BR-79,Fairhaven 1.9 ENE,41.64602,-70.86737,2025-08-06,0.0,0.0
MA-BR-79,Fairhaven 1.9 ENE,41.64602,-70.86737,2025-08-07,0.0,0.0
MA-BR-79,Fairhaven 1.9 ENE,41.64602,-70.86737,2025-08-08,0.0,0.0
MA-BR-79,Fairhaven 1.9 ENE,41.64602,-70.86737,2025-08-09,0.0,0.0
MA-BR-79,Fairhaven 1.9 ENE,41.64602,-70.86737,2025-08-10,0.0,0.0
MA-BR-79,Fairhaven 1.9 ENE,41.64602,-70.86737,2025-08-11,0.0,0.0
MA-BR-79,Fairhaven 1.9 ENE,41.64602,-70.86737,2025-08-12,0.0,0.0
MA-BR-79,Fairhaven 1.9 ENE,41.64602,-70.86737,2025-08-13,0.0,0.0
MA-BR-79,Fairhaven 1.9 ENE,41.64602,-70.86737,2025-08-14,0.0,0.0
MA-BR-79,Fairhaven 1.9 ENE,41.64602,-70.86737,2025-08-15,0.04,0.05511811105754433
MA-BR-79,Fairhaven 1.9 ENE,41.64602,-70.86737,2025-08-16,0.0,0.0
MA-BR-79,Fairhaven 1.9 ENE,41.64602,-70.86737,2025-08-17,0.0,0.0
MA-BR-79,Fairhaven 1.9 ENE,41.64602,-70.86737,2025-08-18,0.0,0.0
MA-BR-79,Fairhaven 1.9 ENE,41.64602,-70.86737,2025-08-19,0.0,0.0
MA-BR-79,Fairhaven 1.9 ENE,41.64602,-70.86737,2025-08-20,0.0,0.2755905552877216
MA-BR-79,Fairhaven 1.9 ENE,41.64602,-70.86737,2025-08-21,1.15,1.0748031656221142
MA-BR-79,Fairhaven 1.9 ENE,41.64602,-70.86737,2025-08-22,0.0,0.0
MA-BR-79,Fairhaven 1.9 ENE,41.64602,-70.86737,2025-08-23,0.0,0.0
MA-BR-79,Fairhaven 1.9 ENE,41.64602,-70.86737,2025-08-24,0.0,0.0
MA-BR-79,Fairhaven 1.9 ENE,41.64602,-70.86737,2025-08-25,0.0,0.0
MA-BR-79,Fairhaven 1.9 ENE,41.64602,-70.86737,2025-08-26,0.0,0.0
MA-BR-79,Fairhaven 1.9 ENE,41.64602,-70.86737,2025-08-27,0.0,0.0
MA-BR-79,Fairhaven 1.9 ENE,41.64602,-70.86737,2025-08-28,0.0,0.0
MA-BR-79,Fairhaven 1.9 ENE,41.64602,-70.86737,2025-08-30,1.16,0.8622047372573005
MA-BR-79,Fairhaven 1.9 ENE,41.64602,-70.86737,2025-08-31,0.0,0.0
MA-BR-79,Fairhaven 1.9 ENE,41.64602,-70.86737,2025-09-01,0.0,0.0
MA-BR-79,Fairhaven 1.9 ENE,41.64602,-70.86737,2025-09-02,0.0,0.0
MA-BR-79,Fairhaven 1.9 ENE,41.64602,-70.86737,2025-09-03,0.0,0.0
MA-BR-79,Fairhaven 1.9 ENE,41.64602,-70.86737,2025-09-04,0.0,0.0
MA-BR-79,Fairhaven 1.9 ENE,41.64602,-70.86737,2025-09-05,0.12,0.08267716658631649
MA-BR-79,Fairhaven 1.9 ENE,41.64602,-70.86737,2025-09-06,0.0,0.0
MA-BR-79,Fairhaven 1.9 ENE,41.64602,-70.86737,2025-09-07,0.1,0.960629935574344
MA-BR-79,Fairhaven 1.9 ENE,41.64602,-70.86737,2025-09-08,1.11,0.003937007932681738
MA-BR-79,Fairhaven 1.9 ENE,41.64602,-70.86737,2025-09-09,0.0,0.0
MA-BR-79,Fairhaven 1.9 ENE,41.64602,-70.86737,2025-09-10,0.0,0.0
MA-BR-79,Fairhaven 1.9 ENE,41.64602,-70.86737,2025-09-11,0.0,0.0
MA-BR-79,Fairhaven 1.9 ENE,41.64602,-70.86737,2025-09-12,0.0,0.0
MA-BR-79,Fairhaven 1.9 ENE,41.64602,-70.86737,2025-09-13,0.0,0.0
MA-BR-79,Fairhaven 1.9 ENE,41.64602,-70.86737,2025-09-14,0.0,0.22834646009554077
MA-BR-79,Fairhaven 1.9 ENE,41.64602,-70.86737,2025-09-15,0.38,0.0
MA-BR-79,Fairhaven 1.9 ENE,41.64602,-70.86737,2025-09-16,0.0,0.0
MA-BR-79,Fairhaven 1.9 ENE,41.64602,-70.86737,2025-09-17,0.0,0.07086614278827127
MA-BR-79,Fairhaven 1.9 ENE,41.64602,-70.86737,2025-09-18,0.26,0.20472441249945034
MA-BR-79,Fairhaven 1.9 ENE,41.64602,-70.86737,2025-09-19,0.0,0.0
MA-BR-79,Fairhaven 1.9 ENE,41.64602,-70.86737,2025-09-20,0.0,0.0
MA-BR-79,Fairhaven 1.9 ENE,41.64602,-70.86737,2025-09-21,0.0,0.0
MA-BR-79,Fairhaven 1.9 ENE,41.64602,-70.86737,2025-09-22,0.0,0.0
MA-BR-79,Fairhaven 1.9 ENE,41.64602,-70.86737,2025-09-23,0.0,0.0
MA-BR-79,Fairhaven 1.9 ENE,41.64602,-70.86737,2025-09-24,0.09,1.3937008081693352
MA-BR-79,Fairhaven 1.9 ENE,41.64602,-70.86737,2025-09-25,1.25,2.661417362492854
MA-BR-79,Fairhaven 1.9 ENE,41.64602,-70.86737,2025-09-26,1.46,0.007874015865363475
MA-BR-79,Fairhaven 1.9 ENE,41.64602,-70.86737,2025-09-27,0.0,0.0
MA-BR-79,Fairhaven 1.9 ENE,41.64602,-70.86737,2025-09-28,0.08,0.039370079326817374
MA-BR-79,Fairhaven 1.9 ENE,41.64602,-70.86737,2025-09-29,0.0,0.0
MA-BR-79,Fairhaven 1.9 ENE,41.64602,-70.86737,2025-09-30,0.0,0.0
MA-BR-79,Fairhaven 1.9 ENE,41.64602,-70.86737,2025-10-01,0.0,0.0
MA-BR-79,Fairhaven 1.9 ENE,41.64602,-70.86737,2025-10-02,0.0,0.0
MA-BR-79,Fairhaven 1.9 ENE,41.64602,-70.86737,2025-10-03,0.0,0.0
MA-BR-79,Fairhaven 1.9 ENE,41.64602,-70.86737,2025-10-04,0.0,0.0
MA-BR-79,Fairhaven 1.9 ENE,41.64602,-70.86737,2025-10-05,0.0,0.0
MA-BR-79,Fairhaven 1.9 ENE,41.64602,-70.86737,2025-10-06,0.0,0.0
MA-BR-79,Fairhaven 1.9 ENE,41.64602,-70.86737,2025-10-07,0.0,0.0
MA-BR-79,Fairhaven 1.9 ENE,41.64602,-70.86737,2025-10-08,0.0,0.6771653644212587
MA-BR-79,Fairhaven 1.9 ENE,41.64602,-70.86737,2025-10-09,0.73,0.0
MA-BR-79,Fairhaven 1.9 ENE,41.64602,-70.86737,2025-10-10,0.0,0.0
MA-BR-79,Fairhaven 1.9 ENE,41.64602,-70.86737,2025-10-11,0.0,0.0
MA-BR-79,Fairhaven 1.9 ENE,41.64602,-70.86737,2025-10-12,0.0,0.8937008007187542
MA-BR-79,Fairhaven 1.9 ENE,41.64602,-70.86737,2025-10-13,1.89,1.9645669584081868
MA-BR-79,Fairhaven 1.9 ENE,41.64602,-70.86737,2025-10-14,1.2,0.44488189639303627
MA-BR-79,Fairhaven 1.9 ENE,41.64602,-70.86737,2025-10-15,0.08,0.0
MA-BR-79,Fairhaven 1.9 ENE,41.64602,-70.86737,2025-10-16,0.0,0.0
MA-BR-79,Fairhaven 1.9 ENE,41.64602,-70.86737,2025-10-17,0.0,0.0
MA-BR-79,Fairhaven 1.9 ENE,41.64602,-70.86737,2025-10-18,0.0,0.0
MA-BR-79,Fairhaven 1.9 ENE,41.64602,-70.86737,2025-10-19,0.0,0.0
MA-BR-79,Fairhaven 1.9 ENE,41.64602,-70.86737,2025-10-20,0.0,0.6968504040846675
MA-BR-79,Fairhaven 1.9 ENE,41.64602,-70.86737,2025-10-21,0.72,0.0
MA-BR-79,Fairhaven 1.9 ENE,41.64602,-70.86737,2025-10-22,0.0,0.02755905552877216
MA-BR-79,Fairhaven 1.9 ENE,41.64602,-70.86737,2025-10-23,0.03,0.0
MA-BR-79,Fairhaven 1.9 ENE,41.64602,-70.86737,2025-10-24,0.0,0.0
MA-BR-79,Fairhaven 1.9 ENE,41.64602,-70.86737,2025-10-25,0.0,0.0
MA-BR-79,Fairhaven 1.9 ENE,41.64602,-70.86737,2025-10-26,0.0,0.0
MA-BR-79,Fairhaven 1.9 ENE,41.64602,-70.86737,2025-10-27,0.0,0.0
MA-BR-79,Fairhaven 1.9 ENE,41.64602,-70.86737,2025-10-28,0.04,0.007874015865363475
MA-BR-79,Fairhaven 1.9 ENE,41.64602,-70.86737,2025-10-29,0.06,0.0
MA-BR-79,Fairhaven 1.9 ENE,41.64602,-70.86737,2025-10-31,1.58,1.047244110093342
MA-BR-79,Fairhaven 1.9 ENE,41.64602,-70.86737,2025-11-01,0.0,0.0
MA-BR-79,Fairhaven 1.9 ENE,41.64602,-70.86737,2025-11-02,0.0,0.0
MA-BR-79,Fairhaven 1.9 ENE,41.64602,-70.86737,2025-11-03,0.0,0.13779527764386082
MA-BR-79,Fairhaven 1.9 ENE,41.64602,-70.86737,2025-11-04,0.21,0.18110236490335993
MA-BR-79,Fairhaven 1.9 ENE,41.64602,-70.86737,2025-11-05,0.0,0.0
MA-BR-79,Fairhaven 1.9 ENE,41.64602,-70.86737,2025-11-06,0.07,0.01574803173072695
MA-BR-79,Fairhaven 1.9 ENE,41.64602,-70.86737,2025-11-07,0.0,0.0
MA-BR-79,Fairhaven 1.9 ENE,41.64602,-70.86737,2025-11-08,0.02,0.047244095192180854
MA-BR-79,Fairhaven 1.9 ENE,41.64602,-70.86737,2025-11-09,0.03,0.9094488324494813
MA-BR-79,Fairhaven 1.9 ENE,41.64602,-70.86737,2025-11-10,1.68,0.27952756322040334
MA-BR-79,Fairhaven 1.9 ENE,41.64602,-70.86737,2025-11-11,0.09,0.02755905552877216
MA-BR-79,Fairhaven 1.9 ENE,41.64602,-70.86737,2025-11-12,0.0,0.0
MA-BR-79,Fairhaven 1.9 ENE,41.64602,-70.86737,2025-11-13,0.0,0.0
MA-BR-79,Fairhaven 1.9 ENE,41.64602,-70.86737,2025-11-14,0.0,0.0
MA-BR-79,Fairhaven 1.9 ENE,41.64602,-70.86737,2025-11-15,0.0,0.0
MA-BR-79,Fairhaven 1.9 ENE,41.64602,-70.86737,2025-11-16,0.82,0.7440944992768482
MA-BR-79,Fairhaven 1.9 ENE,41.64602,-70.86737,2025-11-17,0.0,0.0
MA-BR-79,Fairhaven 1.9 ENE,41.64602,-70.86737,2025-11-18,0.0,0.0
MA-BR-79,Fairhaven 1.9 ENE,41.64602,-70.86737,2025-11-19,0.0,0.0
MA-BR-79,Fairhaven 1.9 ENE,41.64602,-70.86737,2025-11-20,0.0,0.0
MA-BR-79,Fairhaven 1.9 ENE,41.64602,-70.86737,2025-11-21,0.0,0.0
MA-BR-79,Fairhaven 1.9 ENE,41.64602,-70.86737,2025-11-22,0.03,0.34251969014331113
MA-BR-79,Fairhaven 1.9 ENE,41.64602,-70.86737,2025-11-23,0.38,0.011811023798045212
MA-BR-79,Fairhaven 1.9 ENE,41.64602,-70.86737,2025-11-24,0.0,0.0
MA-BR-79,Fairhaven 1.9 ENE,41.64602,-70.86737,2025-11-25,0.0,0.0
MA-BR-79,Fairhaven 1.9 ENE,41.64602,-70.86737,2025-11-26,0.29,0.27952756322040334
MA-BR-79,Fairhaven 1.9 ENE,41.64602,-70.86737,2025-11-27,0.03,0.003937007932681738
MA-BR-79,Fairhaven 1.9 ENE,41.64602,-70.86737,2025-11-28,0.0,0.0
MA-BR-79,Fairhaven 1.9 ENE,41.64602,-70.86737,2025-11-29,0.0,0.0
MA-BR-79,Fairhaven 1.9 ENE,41.64602,-70.86737,2025-11-30,0.0,0.16141732523995123
MA-BR-79,Fairhaven 1.9 ENE,41.64602,-70.86737,2025-12-01,0.99,0.8425196975938917
MA-BR-79,Fairhaven 1.9 ENE,41.64602,-70.86737,2025-12-02,0.0,0.5629921343734885
MA-BR-79,Fairhaven 1.9 ENE,41.64602,-70.86737,2025-12-03,0.98,0.2283464600955408
MA-BR-79,Fairhaven 1.9 ENE,41.64602,-70.86737,2025-12-04,0.0,0.0
MA-BR-79,Fairhaven 1.9 ENE,41.64602,-70.86737,2025-12-05,0.0,0.0
MA-BR-79,Fairhaven 1.9 ENE,41.64602,-70.86737,2025-12-25,0.0,0.0
MA-PL-63,Wareham 5.6 NE,41.800413009,-70.632944092,2025-01-01,0.6,0.8661417451899821
MA-PL-63,Wareham 5.6 NE,41.800413009,-70.632944092,2025-01-02,0.07,0.11023622211508864
MA-PL-63,Wareham 5.6 NE,41.800413009,-70.632944092,2025-01-03,0.0,0.0
MA-PL-63,Wareham 5.6 NE,41.800413009,-70.632944092,2025-01-04,0.0,0.0
MA-PL-63,Wareham 5.6 NE,41.800413009,-70.632944092,2025-01-05,0.0,0.0
MA-PL-63,Wareham 5.6 NE,41.800413009,-70.632944092,2025-01-06,0.0,0.0
MA-PL-63,Wareham 5.6 NE,41.800413009,-70.632944092,2025-01-07,0.0,0.0
MA-PL-63,Wareham 5.6 NE,41.800413009,-70.632944092,2025-01-08,0.0,0.0
MA-PL-63,Wareham 5.6 NE,41.800413009,-70.632944092,2025-01-09,0.0,0.0
MA-PL-63,Wareham 5.6 NE,41.800413009,-70.632944092,2025-01-10,0.0,0.0
MA-PL-63,Wareham 5.6 NE,41.800413009,-70.632944092,2025-01-11,0.0,0.1574803173072695
MA-PL-63,Wareham 5.6 NE,41.800413009,-70.632944092,2025-01-12,0.11,0.011811023798045212
MA-PL-63,Wareham 5.6 NE,41.800413009,-70.632944092,2025-01-13,0.0,0.0
MA-PL-63,Wareham 5.6 NE,41.800413009,-70.632944092,2025-01-14,0.0,0.0
MA-PL-63,Wareham 5.6 NE,41.800413009,-70.632944092,2025-01-15,0.0,0.0
MA-PL-63,Wareham 5.6 NE,41.800413009,-70.632944092,2025-01-16,0.0,0.0
MA-PL-63,Wareham 5.6 NE,41.800413009,-70.632944092,2025-01-17,0.01,0.003937007932681738
MA-PL-63,Wareham 5.6 NE,41.800413009,-70.632944092,2025-01-18,0.0,0.149606301441906
MA-PL-63,Wareham 5.6 NE,41.800413009,-70.632944092,2025-01-19,0.76,0.4133858329315824
MA-PL-63,Wareham 5.6 NE,41.800413009,-70.632944092,2025-01-20,0.37,0.3818897694701285
MA-PL-63,Wareham 5.6 NE,41.800413009,-70.632944092,2025-01-21,0.0,0.0
MA-PL-63,Wareham 5.6 NE,41.800413009,-70.632944092,2025-01-22,0.0,0.0
MA-PL-63,Wareham 5.6 NE,41.800413009,-70.632944092,2025-01-23,0.0,0.0
MA-PL-63,Wareham 5.6 NE,41.800413009,-70.632944092,2025-01-24,0.0,0.0
MA-PL-63,Wareham 5.6 NE,41.800413009,-70.632944092,2025-01-25,0.0,0.0
MA-PL-63,Wareham 5.6 NE,41.800413009,-70.632944092,2025-01-26,0.0,0.0
MA-PL-63,Wareham 5.6 NE,41.800413009,-70.632944092,2025-01-27,0.0,0.0
MA-PL-63,Wareham 5.6 NE,41.800413009,-70.632944092,2025-01-28,0.0,0.0
MA-PL-63,Wareham 5.6 NE,41.800413009,-70.632944092,2025-01-29,0.01,0.059055118990226065
MA-PL-63,Wareham 5.6 NE,41.800413009,-70.632944092,2025-01-30,0.0,0.0
MA-PL-63,Wareham 5.6 NE,41.800413009,-70.632944092,2025-01-31,0.0,0.30708661874917553
MA-PL-63,Wareham 5.6 NE,41.800413009,-70.632944092,2025-02-01,0.82,0.46062992812376335
MA-PL-63,Wareham 5.6 NE,41.800413009,-70.632944092,2025-02-02,0.05,0.0
MA-PL-63,Wareham 5.6 NE,41.800413009,-70.632944092,2025-02-03,0.2,0.14566929350922425
MA-PL-63,Wareham 5.6 NE,41.800413009,-70.632944092,2025-02-04,0.0,0.0
MA-PL-63,Wareham 5.6 NE,41.800413009,-70.632944092,2025-02-05,0.0,0.0
MA-PL-63,Wareham 5.6 NE,41.800413009,-70.632944092,2025-02-06,0.0,0.22440945216285904
MA-PL-63,Wareham 5.6 NE,41.800413009,-70.632944092,2025-02-07,0.26,0.0
MA-PL-63,Wareham 5.6 NE,41.800413009,-70.632944092,2025-02-08,0.0,0.0
MA-PL-63,Wareham 5.6 NE,41.800413009,-70.632944092,2025-02-09,0.5,0.29527559495113037
MA-PL-63,Wareham 5.6 NE,41.800413009,-70.632944092,2025-02-10,0.03,0.0
MA-PL-63,Wareham 5.6 NE,41.800413009,-70.632944092,2025-02-11,0.0,0.0
MA-PL-63,Wareham 5.6 NE,41.800413009,-70.632944092,2025-02-12,0.0,0.0
MA-PL-63,Wareham 5.6 NE,41.800413009,-70.632944092,2025-02-13,0.22,0.20866142043213204
MA-PL-63,Wareham 5.6 NE,41.800413009,-70.632944092,2025-02-14,0.05,0.0
MA-PL-63,Wareham 5.6 NE,41.800413009,-70.632944092,2025-02-15,0.0,0.0
MA-PL-63,Wareham 5.6 NE,41.800413009,-70.632944092,2025-02-16,0.77,1.7913386093701904
MA-PL-63,Wareham 5.6 NE,41.800413009,-70.632944092,2025-02-17,1.11,0.05905511899022606
MA-PL-63,Wareham 5.6 NE,41.800413009,-70.632944092,2025-02-18,0.0,0.0
MA-PL-63,Wareham 5.6 NE,41.800413009,-70.632944092,2025-02-19,0.0,0.0
MA-PL-63,Wareham 5.6 NE,41.800413009,-70.632944092,2025-02-20,0.0,0.0
MA-PL-63,Wareham 5.6 NE,41.800413009,-70.632944092,2025-02-21,0.02,0.0
MA-PL-63,Wareham 5.6 NE,41.800413009,-70.632944092,2025-02-22,0.0,0.0
MA-PL-63,Wareham 5.6 NE,41.800413009,-70.632944092,2025-02-23,0.0,0.0
MA-PL-63,Wareham 5.6 NE,41.800413009,-70.632944092,2025-02-24,0.0,0.0
MA-PL-63,Wareham 5.6 NE,41.800413009,-70.632944092,2025-02-25,0.0,0.0
MA-PL-63,Wareham 5.6 NE,41.800413009,-70.632944092,2025-02-26,0.0,0.0
MA-PL-63,Wareham 5.6 NE,41.800413009,-70.632944092,2025-02-27,0.02,0.1259842538458156
MA-PL-63,Wareham 5.6 NE,41.800413009,-70.632944092,2025-02-28,0.06,0.0314960634614539
MA-PL-63,Wareham 5.6 NE,41.800413009,-70.632944092,2025-03-01,0.0,0.0
MA-PL-63,Wareham 5.6 NE,41.800413009,-70.632944092,2025-03-02,0.0,0.0
MA-PL-63,Wareham 5.6 NE,41.800413009,-70.632944092,2025-03-03,0.0,0.0
MA-PL-63,Wareham 5.6 NE,41.800413009,-70.632944092,2025-03-04,0.0,0.0
MA-PL-63,Wareham 5.6 NE,41.800413009,-70.632944092,2025-03-05,0.0,0.0
MA-PL-63,Wareham 5.6 NE,41.800413009,-70.632944092,2025-03-06,0.53,0.6102362295656694
MA-PL-63,Wareham 5.6 NE,41.800413009,-70.632944092,2025-03-07,0.09,0.11811023798045212
MA-PL-63,Wareham 5.6 NE,41.800413009,-70.632944092,2025-03-08,0.0,0.0
MA-PL-63,Wareham 5.6 NE,41.800413009,-70.632944092,2025-03-09,0.0,0.0
MA-PL-63,Wareham 5.6 NE,41.800413009,-70.632944092,2025-03-10,0.0,0.0
MA-PL-63,Wareham 5.6 NE,41.800413009,-70.632944092,2025-03-11,0.0,0.0
MA-PL-63,Wareham 5.6 NE,41.800413009,-70.632944092,2025-03-12,0.0,0.0
MA-PL-63,Wareham 5.6 NE,41.800413009,-70.632944092,2025-03-13,0.0,0.0
MA-PL-63,Wareham 5.6 NE,41.800413009,-70.632944092,2025-03-14,0.0,0.0
MA-PL-63,Wareham 5.6 NE,41.800413009,-70.632944092,2025-03-15,0.0,0.0
MA-PL-63,Wareham 5.6 NE,41.800413009,-70.632944092,2025-03-16,0.0,0.0
MA-PL-63,Wareham 5.6 NE,41.800413009,-70.632944092,2025-03-17,0.79,2.0157480615330496
MA-PL-63,Wareham 5.6 NE,41.800413009,-70.632944092,2025-03-18,1.38,0.09842519831704345
MA-PL-63,Wareham 5.6 NE,41.800413009,-70.632944092,2025-03-19,0.0,0.0
MA-PL-63,Wareham 5.6 NE,41.800413009,-70.632944092,2025-03-20,0.02,0.0
MA-PL-63,Wareham 5.6 NE,41.800413009,-70.632944092,2025-03-21,0.25,0.389763785335492
MA-PL-63,Wareham 5.6 NE,41.800413009,-70.632944092,2025-03-22,0.12,0.0
MA-PL-63,Wareham 5.6 NE,41.800413009,-70.632944092,2025-03-23,0.0,0.0
MA-PL-63,Wareham 5.6 NE,41.800413009,-70.632944092,2025-03-24,0.0,0.5472441026427615
MA-PL-63,Wareham 5.6 NE,41.800413009,-70.632944092,2025-03-25,0.63,0.12204724591313384
MA-PL-63,Wareham 5.6 NE,41.800413009,-70.632944092,2025-03-26,0.0,0.003937007932681738
MA-PL-63,Wareham 5.6 NE,41.800413009,-70.632944092,2025-03-27,0.0,0.0
MA-PL-63,Wareham 5.6 NE,41.800413009,-70.632944092,2025-03-28,0.0,0.0
MA-PL-63,Wareham 5.6 NE,41.800413009,-70.632944092,2025-03-29,0.06,0.03543307139413564
MA-PL-63,Wareham 5.6 NE,41.800413009,-70.632944092,2025-03-30,0.08,0.07874015865363476
MA-PL-63,Wareham 5.6 NE,41.800413009,-70.632944092,2025-03-31,0.0,0.0
MA-PL-63,Wareham 5.6 NE,41.800413009,-70.632944092,2025-04-01,0.22,0.2283464600955408
MA-PL-63,Wareham 5.6 NE,41.800413009,-70.632944092,2025-04-02,0.03,0.02755905552877216
MA-PL-63,Wareham 5.6 NE,41.800413009,-70.632944092,2025-04-03,0.14,0.3543307139413564
MA-PL-63,Wareham 5.6 NE,41.800413009,-70.632944092,2025-04-04,0.19,0.003937007932681738
MA-PL-63,Wareham 5.6 NE,41.800413009,-70.632944092,2025-04-05,0.0,0.12204724591313386
MA-PL-63,Wareham 5.6 NE,41.800413009,-70.632944092,2025-04-06,0.64,0.4566929201910815
MA-PL-63,Wareham 5.6 NE,41.800413009,-70.632944092,2025-04-07,0.03,0.24803149975894948
MA-PL-63,Wareham 5.6 NE,41.800413009,-70.632944092,2025-04-08,0.42,0.1811023649033599
MA-PL-63,Wareham 5.6 NE,41.800413009,-70.632944092,2025-04-09,0.04,0.0
MA-PL-63,Wareham 5.6 NE,41.800413009,-70.632944092,2025-04-10,0.0,0.0
MA-PL-63,Wareham 5.6 NE,41.800413009,-70.632944092,2025-04-11,0.07,0.1141732300477704
MA-PL-63,Wareham 5.6 NE,41.800413009,-70.632944092,2025-04-12,0.41,0.42519685672962765
MA-PL-63,Wareham 5.6 NE,41.800413009,-70.632944092,2025-04-13,0.15,0.6496063088924866
MA-PL-63,Wareham 5.6 NE,41.800413009,-70.632944092,2025-04-14,0.44,0.023622047596090427
MA-PL-63,Wareham 5.6 NE,41.800413009,-70.632944092,2025-04-15,0.15,0.17322834903799644
MA-PL-63,Wareham 5.6 NE,41.800413009,-70.632944092,2025-04-16,0.03,0.027559055528772164
MA-PL-63,Wareham 5.6 NE,41.800413009,-70.632944092,2025-04-17,0.0,0.0
MA-PL-63,Wareham 5.6 NE,41.800413009,-70.632944092,2025-04-18,0.0,0.0
MA-PL-63,Wareham 5.6 NE,41.800413009,-70.632944092,2025-04-19,0.0,0.003937007932681738
MA-PL-63,Wareham 5.6 NE,41.800413009,-70.632944092,2025-04-20,0.0,0.0
MA-PL-63,Wareham 5.6 NE,41.800413009,-70.632944092,2025-04-21,0.0,0.0
MA-PL-63,Wareham 5.6 NE,41.800413009,-70.632944092,2025-04-22,0.13,0.14173228557654255
MA-PL-63,Wareham 5.6 NE,41.800413009,-70.632944092,2025-04-23,0.0,0.0
MA-PL-63,Wareham 5.6 NE,41.800413009,-70.632944092,2025-04-24,0.0,0.0
MA-PL-63,Wareham 5.6 NE,41.800413009,-70.632944092,2025-04-25,0.0,0.0
MA-PL-63,Wareham 5.6 NE,41.800413009,-70.632944092,2025-04-26,0.0,0.6614173326905318
MA-PL-63,Wareham 5.6 NE,41.800413009,-70.632944092,2025-04-27,0.89,0.17322834903799647
MA-PL-63,Wareham 5.6 NE,41.800413009,-70.632944092,2025-04-28,0.0,0.0
MA-PL-63,Wareham 5.6 NE,41.800413009,-70.632944092,2025-04-29,0.0,0.0
MA-PL-63,Wareham 5.6 NE,41.800413009,-70.632944092,2025-04-30,0.0,0.0
MA-PL-63,Wareham 5.6 NE,41.800413009,-70.632944092,2025-05-01,0.0,0.0
MA-PL-63,Wareham 5.6 NE,41.800413009,-70.632944092,2025-05-02,0.19,0.34251969014331113
MA-PL-63,Wareham 5.6 NE,41.800413009,-70.632944092,2025-05-03,0.05,0.0
MA-PL-63,Wareham 5.6 NE,41.800413009,-70.632944092,2025-05-04,0.0,0.003937007932681738
MA-PL-63,Wareham 5.6 NE,41.800413009,-70.632944092,2025-05-05,0.2,0.12992126177849733
MA-PL-63,Wareham 5.6 NE,41.800413009,-70.632944092,2025-05-06,0.0,0.1377952776438608
MA-PL-63,Wareham 5.6 NE,41.800413009,-70.632944092,2025-05-07,0.09,0.0
MA-PL-63,Wareham 5.6 NE,41.800413009,-70.632944092,2025-05-08,0.0,0.0
MA-PL-63,Wareham 5.6 NE,41.800413009,-70.632944092,2025-05-09,0.0,0.9645669435070257
MA-PL-63,Wareham 5.6 NE,41.800413009,-70.632944092,2025-05-10,1.36,0.36220472980671986
MA-PL-63,Wareham 5.6 NE,41.800413009,-70.632944092,2025-05-11,0.01,0.0
MA-PL-63,Wareham 5.6 NE,41.800413009,-70.632944092,2025-05-12,0.0,0.0
MA-PL-63,Wareham 5.6 NE,41.800413009,-70.632944092,2025-05-13,0.0,0.0
MA-PL-63,Wareham 5.6 NE,41.800413009,-70.632944092,2025-05-14,0.0,0.0
MA-PL-63,Wareham 5.6 NE,41.800413009,-70.632944092,2025-05-15,0.11,0.20866142043213207
MA-PL-63,Wareham 5.6 NE,41.800413009,-70.632944092,2025-05-16,0.07,0.0
MA-PL-63,Wareham 5.6 NE,41.800413009,-70.632944092,2025-05-17,0.0,0.0
MA-PL-63,Wareham 5.6 NE,41.800413009,-70.632944092,2025-05-18,0.01,0.0
MA-PL-63,Wareham 5.6 NE,41.800413009,-70.632944092,2025-05-19,0.0,0.0
MA-PL-63,Wareham 5.6 NE,41.800413009,-70.632944092,2025-05-20,0.0,0.0
MA-PL-63,Wareham 5.6 NE,41.800413009,-70.632944092,2025-05-21,0.0,0.0
MA-PL-63,Wareham 5.6 NE,41.800413009,-70.632944092,2025-05-22,0.02,1.9527559346101415
MA-PL-63,Wareham 5.6 NE,41.800413009,-70.632944092,2025-05-23,4.95,2.3307086961475885
MA-PL-63,Wareham 5.6 NE,41.800413009,-70.632944092,2025-05-24,0.04,0.05905511899022606
MA-PL-63,Wareham 5.6 NE,41.800413009,-70.632944092,2025-05-25,0.05,0.0
MA-PL-63,Wareham 5.6 NE,41.800413009,-70.632944092,2025-05-26,0.0,0.0
MA-PL-63,Wareham 5.6 NE,41.800413009,-70.632944092,2025-05-27,0.0,0.0
MA-PL-63,Wareham 5.6 NE,41.800413009,-70.632944092,2025-05-28,0.0,0.0
MA-PL-63,Wareham 5.6 NE,41.800413009,-70.632944092,2025-05-29,0.14,0.1259842538458156
MA-PL-63,Wareham 5.6 NE,41.800413009,-70.632944092,2025-05-30,0.03,0.0
MA-PL-63,Wareham 5.6 NE,41.800413009,-70.632944092,2025-05-31,0.17,0.2952755949511303
MA-PL-63,Wareham 5.6 NE,41.800413009,-70.632944092,2025-06-01,0.11,0.0
MA-PL-63,Wareham 5.6 NE,41.800413009,-70.632944092,2025-06-02,0.0,0.0
MA-PL-63,Wareham 5.6 NE,41.800413009,-70.632944092,2025-06-03,0.0,0.0
MA-PL-63,Wareham 5.6 NE,41.800413009,-70.632944092,2025-06-04,0.0,0.0
MA-PL-63,Wareham 5.6 NE,41.800413009,-70.632944092,2025-06-05,0.0,0.0
MA-PL-63,Wareham 5.6 NE,41.800413009,-70.632944092,2025-06-06,0.0,0.0
MA-PL-63,Wareham 5.6 NE,41.800413009,-70.632944092,2025-06-07,0.0,0.8937008007187545
MA-PL-63,Wareham 5.6 NE,41.800413009,-70.632944092,2025-06-08,1.07,0.007874015865363475
MA-PL-63,Wareham 5.6 NE,41.800413009,-70.632944092,2025-06-09,0.0,0.0
MA-PL-63,Wareham 5.6 NE,41.800413009,-70.632944092,2025-06-10,0.03,0.45275591225839984
MA-PL-63,Wareham 5.6 NE,41.800413009,-70.632944092,2025-06-11,0.43,0.0
MA-PL-63,Wareham 5.6 NE,41.800413009,-70.632944092,2025-06-12,0.0,0.0
MA-PL-63,Wareham 5.6 NE,41.800413009,-70.632944092,2025-06-13,0.0,0.0
MA-PL-63,Wareham 5.6 NE,41.800413009,-70.632944092,2025-06-14,0.0,0.0629921269229078
MA-PL-63,Wareham 5.6 NE,41.800413009,-70.632944092,2025-06-15,0.05,0.0
MA-PL-63,Wareham 5.6 NE,41.800413009,-70.632944092,2025-06-16,0.0,0.0
MA-PL-63,Wareham 5.6 NE,41.800413009,-70.632944092,2025-06-17,0.0,0.08661417451899822
MA-PL-63,Wareham 5.6 NE,41.800413009,-70.632944092,2025-06-18,0.06,0.011811023798045214
MA-PL-63,Wareham 5.6 NE,41.800413009,-70.632944092,2025-06-19,0.0,0.0
MA-PL-63,Wareham 5.6 NE,41.800413009,-70.632944092,2025-06-20,0.0,0.0
MA-PL-63,Wareham 5.6 NE,41.800413009,-70.632944092,2025-06-21,0.0,0.0
MA-PL-63,Wareham 5.6 NE,41.800413009,-70.632944092,2025-06-22,0.0,0.019685039663408687
MA-PL-63,Wareham 5.6 NE,41.800413009,-70.632944092,2025-06-23,0.01,0.0
MA-PL-63,Wareham 5.6 NE,41.800413009,-70.632944092,2025-06-24,0.0,0.0
MA-PL-63,Wareham 5.6 NE,41.800413009,-70.632944092,2025-06-25,0.0,0.01574803173072695
MA-PL-63,Wareham 5.6 NE,41.800413009,-70.632944092,2025-06-26,0.03,0.047244095192180854
MA-PL-63,Wareham 5.6 NE,41.800413009,-70.632944092,2025-06-27,0.03,0.0
MA-PL-63,Wareham 5.6 NE,41.800413009,-70.632944092,2025-06-28,0.03,0.04330708725949911
MA-PL-63,Wareham 5.6 NE,41.800413009,-70.632944092,2025-06-29,0.04,0.0
MA-PL-63,Wareham 5.6 NE,41.800413009,-70.632944092,2025-06-30,0.0,0.0
MA-PL-63,Wareham 5.6 NE,41.800413009,-70.632944092,2025-07-01,0.0,0.007874015865363475
MA-PL-63,Wareham 5.6 NE,41.800413009,-70.632944092,2025-07-02,0.05,0.11023622211508866
MA-PL-63,Wareham 5.6 NE,41.800413009,-70.632944092,2025-07-03,0.02,0.0
MA-PL-63,Wareham 5.6 NE,41.800413009,-70.632944092,2025-07-04,1.39,0.897637808651436
MA-PL-63,Wareham 5.6 NE,41.800413009,-70.632944092,2025-07-05,0.0,0.0
MA-PL-63,Wareham 5.6 NE,41.800413009,-70.632944092,2025-07-06,0.0,0.0
MA-PL-63,Wareham 5.6 NE,41.800413009,-70.632944092,2025-07-07,0.0,0.03543307139413564
MA-PL-63,Wareham 5.6 NE,41.800413009,-70.632944092,2025-07-08,0.08,0.03543307139413564
MA-PL-63,Wareham 5.6 NE,41.800413009,-70.632944092,2025-07-09,0.36,0.6062992216329876
MA-PL-63,Wareham 5.6 NE,41.800413009,-70.632944092,2025-07-10,0.16,0.7677165468729389
MA-PL-63,Wareham 5.6 NE,41.800413009,-70.632944092,2025-07-11,0.95,0.0
MA-PL-63,Wareham 5.6 NE,41.800413009,-70.632944092,2025-07-12,0.0,0.0
MA-PL-63,Wareham 5.6 NE,41.800413009,-70.632944092,2025-07-13,0.0,0.0
MA-PL-63,Wareham 5.6 NE,41.800413009,-70.632944092,2025-07-14,0.0,0.0
MA-PL-63,Wareham 5.6 NE,41.800413009,-70.632944092,2025-07-15,0.04,0.06692913485558953
MA-PL-63,Wareham 5.6 NE,41.800413009,-70.632944092,2025-07-16,0.0,0.0
MA-PL-63,Wareham 5.6 NE,41.800413009,-70.632944092,2025-07-17,0.0,0.0
MA-PL-63,Wareham 5.6 NE,41.800413009,-70.632944092,2025-07-18,0.0,0.0
MA-PL-63,Wareham 5.6 NE,41.800413009,-70.632944092,2025-07-19,0.0,0.0
MA-PL-63,Wareham 5.6 NE,41.800413009,-70.632944092,2025-07-20,0.0,0.0
MA-PL-63,Wareham 5.6 NE,41.800413009,-70.632944092,2025-07-21,0.0,0.003937007932681738
MA-PL-63,Wareham 5.6 NE,41.800413009,-70.632944092,2025-07-22,0.0,0.0
MA-PL-63,Wareham 5.6 NE,41.800413009,-70.632944092,2025-07-23,0.0,0.0
MA-PL-63,Wareham 5.6 NE,41.800413009,-70.632944092,2025-07-24,0.0,0.0
MA-PL-63,Wareham 5.6 NE,41.800413009,-70.632944092,2025-07-25,0.0,0.19291338870140512
MA-PL-63,Wareham 5.6 NE,41.800413009,-70.632944092,2025-07-26,0.09,0.02755905552877216
MA-PL-63,Wareham 5.6 NE,41.800413009,-70.632944092,2025-07-27,0.0,0.051181103124862584
MA-PL-63,Wareham 5.6 NE,41.800413009,-70.632944092,2025-07-28,0.01,0.0
MA-PL-63,Wareham 5.6 NE,41.800413009,-70.632944092,2025-07-29,0.0,0.0
MA-PL-63,Wareham 5.6 NE,41.800413009,-70.632944092,2025-07-30,0.0,0.0
MA-PL-63,Wareham 5.6 NE,41.800413009,-70.632944092,2025-07-31,0.0,0.019685039663408687
MA-PL-63,Wareham 5.6 NE,41.800413009,-70.632944092,2025-08-01,0.44,0.5787401661042154
MA-PL-63,Wareham 5.6 NE,41.800413009,-70.632944092,2025-08-02,0.14,0.0
MA-PL-63,Wareham 5.6 NE,41.800413009,-70.632944092,2025-08-03,0.0,0.0
MA-PL-63,Wareham 5.6 NE,41.800413009,-70.632944092,2025-08-04,0.0,0.0
MA-PL-63,Wareham 5.6 NE,41.800413009,-70.632944092,2025-08-05,0.0,0.0
MA-PL-63,Wareham 5.6 NE,41.800413009,-70.632944092,2025-08-06,0.0,0.0
MA-PL-63,Wareham 5.6 NE,41.800413009,-70.632944092,2025-08-07,0.0,0.0
MA-PL-63,Wareham 5.6 NE,41.800413009,-70.632944092,2025-08-08,0.0,0.0
MA-PL-63,Wareham 5.6 NE,41.800413009,-70.632944092,2025-08-09,0.0,0.0
MA-PL-63,Wareham 5.6 NE,41.800413009,-70.632944092,2025-08-10,0.0,0.0
MA-PL-63,Wareham 5.6 NE,41.800413009,-70.632944092,2025-08-11,0.0,0.0
MA-PL-63,Wareham 5.6 NE,41.800413009,-70.632944092,2025-08-12,0.0,0.0
MA-PL-63,Wareham 5.6 NE,41.800413009,-70.632944092,2025-08-13,0.0,0.0
MA-PL-63,Wareham 5.6 NE,41.800413009,-70.632944092,2025-08-14,0.0,0.019685039663408687
MA-PL-63,Wareham 5.6 NE,41.800413009,-70.632944092,2025-08-15,0.0,0.0
MA-PL-63,Wareham 5.6 NE,41.800413009,-70.632944092,2025-08-16,0.0,0.0
MA-PL-63,Wareham 5.6 NE,41.800413009,-70.632944092,2025-08-17,0.0,0.0
MA-PL-63,Wareham 5.6 NE,41.800413009,-70.632944092,2025-08-18,0.05,0.039370079326817374
MA-PL-63,Wareham 5.6 NE,41.800413009,-70.632944092,2025-08-19,0.0,0.0
MA-PL-63,Wareham 5.6 NE,41.800413009,-70.632944092,2025-08-20,0.0,0.25984252355699466
MA-PL-63,Wareham 5.6 NE,41.800413009,-70.632944092,2025-08-21,0.94,0.6456693009598049
MA-PL-63,Wareham 5.6 NE,41.800413009,-70.632944092,2025-08-22,0.0,0.0
MA-PL-63,Wareham 5.6 NE,41.800413009,-70.632944092,2025-08-23,0.0,0.0
MA-PL-63,Wareham 5.6 NE,41.800413009,-70.632944092,2025-08-24,0.0,0.0
MA-PL-63,Wareham 5.6 NE,41.800413009,-70.632944092,2025-08-25,0.0,0.007874015865363475
MA-PL-63,Wareham 5.6 NE,41.800413009,-70.632944092,2025-08-26,0.0,0.0
MA-PL-63,Wareham 5.6 NE,41.800413009,-70.632944092,2025-08-27,0.0,0.1811023649033599
MA-PL-63,Wareham 5.6 NE,41.800413009,-70.632944092,2025-08-28,0.18,0.0
MA-PL-63,Wareham 5.6 NE,41.800413009,-70.632944092,2025-08-29,0.0,0.003937007932681738
MA-PL-63,Wareham 5.6 NE,41.800413009,-70.632944092,2025-08-30,0.32,0.314960634614539
MA-PL-63,Wareham 5.6 NE,41.800413009,-70.632944092,2025-08-31,0.0,0.0
MA-PL-63,Wareham 5.6 NE,41.800413009,-70.632944092,2025-09-01,0.0,0.0
MA-PL-63,Wareham 5.6 NE,41.800413009,-70.632944092,2025-09-02,0.0,0.0
MA-PL-63,Wareham 5.6 NE,41.800413009,-70.632944092,2025-09-03,0.0,0.0
MA-PL-63,Wareham 5.6 NE,41.800413009,-70.632944092,2025-09-04,0.0,0.0
MA-PL-63,Wareham 5.6 NE,41.800413009,-70.632944092,2025-09-05,0.05,0.05905511899022606
MA-PL-63,Wareham 5.6 NE,41.800413009,-70.632944092,2025-09-06,0.0,0.0
MA-PL-63,Wareham 5.6 NE,41.800413009,-70.632944092,2025-09-07,0.03,1.1614173401411125
MA-PL-63,Wareham 5.6 NE,41.800413009,-70.632944092,2025-09-08,1.07,0.0
MA-PL-63,Wareham 5.6 NE,41.800413009,-70.632944092,2025-09-09,0.0,0.0
MA-PL-63,Wareham 5.6 NE,41.800413009,-70.632944092,2025-09-10,0.0,0.0
MA-PL-63,Wareham 5.6 NE,41.800413009,-70.632944092,2025-09-11,0.0,0.0
MA-PL-63,Wareham 5.6 NE,41.800413009,-70.632944092,2025-09-12,0.0,0.0
MA-PL-63,Wareham 5.6 NE,41.800413009,-70.632944092,2025-09-13,0.0,0.0
MA-PL-63,Wareham 5.6 NE,41.800413009,-70.632944092,2025-09-14,0.0,0.011811023798045212
MA-PL-63,Wareham 5.6 NE,41.800413009,-70.632944092,2025-09-15,0.0,0.0
MA-PL-63,Wareham 5.6 NE,41.800413009,-70.632944092,2025-09-16,0.0,0.0
MA-PL-63,Wareham 5.6 NE,41.800413009,-70.632944092,2025-09-17,0.0,0.0
MA-PL-63,Wareham 5.6 NE,41.800413009,-70.632944092,2025-09-18,1.15,1.511811046149787
MA-PL-63,Wareham 5.6 NE,41.800413009,-70.632944092,2025-09-19,0.0,0.0
MA-PL-63,Wareham 5.6 NE,41.800413009,-70.632944092,2025-09-20,0.0,0.0
MA-PL-63,Wareham 5.6 NE,41.800413009,-70.632944092,2025-09-21,0.0,0.0
MA-PL-63,Wareham 5.6 NE,41.800413009,-70.632944092,2025-09-22,0.0,0.0
MA-PL-63,Wareham 5.6 NE,41.800413009,-70.632944092,2025-09-23,0.0,0.0
MA-PL-63,Wareham 5.6 NE,41.800413009,-70.632944092,2025-09-24,0.04,0.7834645786036657
MA-PL-63,Wareham 5.6 NE,41.800413009,-70.632944092,2025-09-25,0.68,2.8622047670596227
MA-PL-63,Wareham 5.6 NE,41.800413009,-70.632944092,2025-09-26,2.12,0.011811023798045214
MA-PL-63,Wareham 5.6 NE,41.800413009,-70.632944092,2025-09-27,0.0,0.0
MA-PL-63,Wareham 5.6 NE,41.800413009,-70.632944092,2025-09-28,0.05,0.0629921269229078
MA-PL-63,Wareham 5.6 NE,41.800413009,-70.632944092,2025-09-29,0.0,0.0
MA-PL-63,Wareham 5.6 NE,41.800413009,-70.632944092,2025-09-30,0.0,0.0
MA-PL-63,Wareham 5.6 NE,41.800413009,-70.632944092,2025-10-01,0.0,0.0
MA-PL-63,Wareham 5.6 NE,41.800413009,-70.632944092,2025-10-02,0.0,0.0
MA-PL-63,Wareham 5.6 NE,41.800413009,-70.632944092,2025-10-03,0.0,0.0
MA-PL-63,Wareham 5.6 NE,41.800413009,-70.632944092,2025-10-04,0.0,0.0
MA-PL-63,Wareham 5.6 NE,41.800413009,-70.632944092,2025-10-05,0.0,0.0
MA-PL-63,Wareham 5.6 NE,41.800413009,-70.632944092,2025-10-06,0.0,0.0
MA-PL-63,Wareham 5.6 NE,41.800413009,-70.632944092,2025-10-07,0.0,0.0
MA-PL-63,Wareham 5.6 NE,41.800413009,-70.632944092,2025-10-08,0.0,1.0748031656221142
MA-PL-63,Wareham 5.6 NE,41.800413009,-70.632944092,2025-10-09,1.22,0.0
MA-PL-63,Wareham 5.6 NE,41.800413009,-70.632944092,2025-10-10,0.0,0.0
MA-PL-63,Wareham 5.6 NE,41.800413009,-70.632944092,2025-10-11,0.0,0.0
MA-PL-63,Wareham 5.6 NE,41.800413009,-70.632944092,2025-10-12,0.0,0.7677165468729387
MA-PL-63,Wareham 5.6 NE,41.800413009,-70.632944092,2025-10-13,2.42,3.114173274751254
MA-PL-63,Wareham 5.6 NE,41.800413009,-70.632944092,2025-10-14,3.06,1.421259863698107
MA-PL-63,Wareham 5.6 NE,41.800413009,-70.632944092,2025-10-15,0.71,0.0
MA-PL-63,Wareham 5.6 NE,41.800413009,-70.632944092,2025-10-16,0.0,0.0
MA-PL-63,Wareham 5.6 NE,41.800413009,-70.632944092,2025-10-17,0.0,0.0
MA-PL-63,Wareham 5.6 NE,41.800413009,-70.632944092,2025-10-18,0.0,0.0
MA-PL-63,Wareham 5.6 NE,41.800413009,-70.632944092,2025-10-19,0.0,0.0
MA-PL-63,Wareham 5.6 NE,41.800413009,-70.632944092,2025-10-20,0.0,0.6653543406232135
MA-PL-63,Wareham 5.6 NE,41.800413009,-70.632944092,2025-10-21,0.74,0.0
MA-PL-63,Wareham 5.6 NE,41.800413009,-70.632944092,2025-10-22,0.0,0.09448819038436171
MA-PL-63,Wareham 5.6 NE,41.800413009,-70.632944092,2025-10-23,0.12,0.0
MA-PL-63,Wareham 5.6 NE,41.800413009,-70.632944092,2025-10-24,0.0,0.007874015865363475
MA-PL-63,Wareham 5.6 NE,41.800413009,-70.632944092,2025-10-25,0.03,0.0
MA-PL-63,Wareham 5.6 NE,41.800413009,-70.632944092,2025-10-26,0.0,0.0
MA-PL-63,Wareham 5.6 NE,41.800413009,-70.632944092,2025-10-27,0.0,0.0
MA-PL-63,Wareham 5.6 NE,41.800413009,-70.632944092,2025-10-28,0.04,0.09842519831704344
MA-PL-63,Wareham 5.6 NE,41.800413009,-70.632944092,2025-10-29,0.02,0.0314960634614539
MA-PL-63,Wareham 5.6 NE,41.800413009,-70.632944092,2025-10-30,0.09,0.08267716658631649
MA-PL-63,Wareham 5.6 NE,41.800413009,-70.632944092,2025-10-31,1.63,1.303149625717655
MA-PL-63,Wareham 5.6 NE,41.800413009,-70.632944092,2025-11-01,0.0,0.0
MA-PL-63,Wareham 5.6 NE,41.800413009,-70.632944092,2025-11-02,0.0,0.0
MA-PL-63,Wareham 5.6 NE,41.800413009,-70.632944092,2025-11-03,0.0,0.1377952776438608
MA-PL-63,Wareham 5.6 NE,41.800413009,-70.632944092,2025-11-04,0.22,0.10236220624972517
MA-PL-63,Wareham 5.6 NE,41.800413009,-70.632944092,2025-11-05,0.0,0.0
MA-PL-63,Wareham 5.6 NE,41.800413009,-70.632944092,2025-11-06,0.05,0.08661417451899822
MA-PL-63,Wareham 5.6 NE,41.800413009,-70.632944092,2025-11-07,0.0,0.0
MA-PL-63,Wareham 5.6 NE,41.800413009,-70.632944092,2025-11-08,0.03,0.07480315072095302
MA-PL-63,Wareham 5.6 NE,41.800413009,-70.632944092,2025-11-09,0.06,0.5196850471139893
MA-PL-63,Wareham 5.6 NE,41.800413009,-70.632944092,2025-11-10,1.78,0.4921259915852172
MA-PL-63,Wareham 5.6 NE,41.800413009,-70.632944092,2025-11-11,0.13,0.011811023798045212
MA-PL-63,Wareham 5.6 NE,41.800413009,-70.632944092,2025-11-12,0.0,0.0
MA-PL-63,Wareham 5.6 NE,41.800413009,-70.632944092,2025-11-13,0.0,0.007874015865363475
MA-PL-63,Wareham 5.6 NE,41.800413009,-70.632944092,2025-11-14,0.01,0.0
MA-PL-63,Wareham 5.6 NE,41.800413009,-70.632944092,2025-11-15,0.0,0.0
MA-PL-63,Wareham 5.6 NE,41.800413009,-70.632944092,2025-11-16,0.88,0.7952756024017108
MA-PL-63,Wareham 5.6 NE,41.800413009,-70.632944092,2025-11-17,0.0,0.0
MA-PL-63,Wareham 5.6 NE,41.800413009,-70.632944092,2025-11-18,0.0,0.0
MA-PL-63,Wareham 5.6 NE,41.800413009,-70.632944092,2025-11-19,0.0,0.0
MA-PL-63,Wareham 5.6 NE,41.800413009,-70.632944092,2025-11-20,0.0,0.0
MA-PL-63,Wareham 5.6 NE,41.800413009,-70.632944092,2025-11-21,0.0,0.0
MA-PL-63,Wareham 5.6 NE,41.800413009,-70.632944092,2025-11-22,0.01,0.34251969014331113
MA-PL-63,Wareham 5.6 NE,41.800413009,-70.632944092,2025-11-23,0.47,0.011811023798045212
MA-PL-63,Wareham 5.6 NE,41.800413009,-70.632944092,2025-11-24,0.02,0.019685039663408687
MA-PL-63,Wareham 5.6 NE,41.800413009,-70.632944092,2025-11-25,0.0,0.0
MA-PL-63,Wareham 5.6 NE,41.800413009,-70.632944092,2025-11-26,0.29,0.2559055156243129
MA-PL-63,Wareham 5.6 NE,41.800413009,-70.632944092,2025-11-27,0.02,0.003937007932681738
MA-PL-63,Wareham 5.6 NE,41.800413009,-70.632944092,2025-11-28,0.0,0.0
MA-PL-63,Wareham 5.6 NE,41.800413009,-70.632944092,2025-11-29,0.0,0.0
MA-PL-63,Wareham 5.6 NE,41.800413009,-70.632944092,2025-11-30,0.0,0.12204724591313386
MA-PL-63,Wareham 5.6 NE,41.800413009,-70.632944092,2025-12-01,0.98,0.8858267848533908
MA-PL-63,Wareham 5.6 NE,41.800413009,-70.632944092,2025-12-02,0.0,0.464566936056445
MA-PL-63,Wareham 5.6 NE,41.800413009,-70.632944092,2025-12-03,0.95,0.35433071394135635
MA-PL-63,Wareham 5.6 NE,41.800413009,-70.632944092,2025-12-04,0.0,0.0
MA-PL-63,Wareham 5.6 NE,41.800413009,-70.632944092,2025-12-05,0.0,0.0
MA-PL-63,Wareham 5.6 NE,41.800413009,-70.632944092,2025-12-06,0.0,0.03543307139413564
MA-PL-63,Wareham 5.6 NE,41.800413009,-70.632944092,2025-12-07,0.03,0.0
MA-PL-63,Wareham 5.6 NE,41.800413009,-70.632944092,2025-12-08,0.0,0.0
MA-PL-63,Wareham 5.6 NE,41.800413009,-70.632944092,2025-12-09,0.0,0.0
MA-PL-63,Wareham 5.6 NE,41.800413009,-70.632944092,2025-12-10,0.03,0.05511811105754432
MA-PL-63,Wareham 5.6 NE,41.800413009,-70.632944092,2025-12-11,0.01,0.023622047596090424
MA-PL-63,Wareham 5.6 NE,41.800413009,-70.632944092,2025-12-12,0.0,0.0
MA-PL-63,Wareham 5.6 NE,41.800413009,-70.632944092,2025-12-13,0.0,0.0
MA-PL-63,Wareham 5.6 NE,41.800413009,-70.632944092,2025-12-14,0.19,0.32283465047990245
MA-PL-63,Wareham 5.6 NE,41.800413009,-70.632944092,2025-12-15,0.15,0.039370079326817374
MA-PL-63,Wareham 5.6 NE,41.800413009,-70.632944092,2025-12-16,0.0,0.0
MA-PL-63,Wareham 5.6 NE,41.800413009,-70.632944092,2025-12-17,0.0,0.0
MA-PL-63,Wareham 5.6 NE,41.800413009,-70.632944092,2025-12-18,0.0,0.0
MA-PL-63,Wareham 5.6 NE,41.800413009,-70.632944092,2025-12-19,0.09,0.6889763882193041
MA-PL-63,Wareham 5.6 NE,41.800413009,-70.632944092,2025-12-20,0.52,0.09842519831704344
MA-PL-63,Wareham 5.6 NE,41.800413009,-70.632944092,2025-12-21,0.0,0.0
MA-PL-63,Wareham 5.6 NE,41.800413009,-70.632944092,2025-12-22,0.0,0.0
MA-PL-63,Wareham 5.6 NE,41.800413009,-70.632944092,2025-12-23,0.0,0.0629921269229078
MA-PL-63,Wareham 5.6 NE,41.800413009,-70.632944092,2025-12-24,0.13,0.13779527764386082
MA-PL-63,Wareham 5.6 NE,41.800413009,-70.632944092,2025-12-25,0.02,0.0
MA-PL-63,Wareham 5.6 NE,41.800413009,-70.632944092,2025-12-26,0.01,0.0
MA-PL-63,Wareham 5.6 NE,41.800413009,-70.632944092,2025-12-27,0.27,0.21653543629749555
MA-PL-63,Wareham 5.6 NE,41.800413009,-70.632944092,2025-12-28,0.01,0.0
MA-PL-63,Wareham 5.6 NE,41.800413009,-70.632944092,2025-12-29,0.27,0.4960629995178989
MA-PL-63,Wareham 5.6 NE,41.800413009,-70.632944092,2025-12-30,0.3,0.003937007932681738
MA-PL-63,Wareham 5.6 NE,41.800413009,-70.632944092,2025-12-31,0.0,0.0
MA-PL-66,Marion 1.3 N,41.7223161,-70.7591872,2025-01-01,1.01,0.9251968641802083
MA-PL-66,Marion 1.3 N,41.7223161,-70.7591872,2025-01-02,0.1,0.1377952776438608
MA-PL-66,Marion 1.3 N,41.7223161,-70.7591872,2025-01-03,0.0,0.0
MA-PL-66,Marion 1.3 N,41.7223161,-70.7591872,2025-01-04,0.0,0.0
MA-PL-66,Marion 1.3 N,41.7223161,-70.7591872,2025-01-05,0.0,0.0
MA-PL-66,Marion 1.3 N,41.7223161,-70.7591872,2025-01-06,0.0,0.0
MA-PL-66,Marion 1.3 N,41.7223161,-70.7591872,2025-01-07,0.0,0.0
MA-PL-66,Marion 1.3 N,41.7223161,-70.7591872,2025-01-08,0.0,0.0
MA-PL-66,Marion 1.3 N,41.7223161,-70.7591872,2025-01-09,0.0,0.0
MA-PL-66,Marion 1.3 N,41.7223161,-70.7591872,2025-01-10,0.0,0.0
MA-PL-66,Marion 1.3 N,41.7223161,-70.7591872,2025-01-11,0.0,0.1338582697111791
MA-PL-66,Marion 1.3 N,41.7223161,-70.7591872,2025-01-12,0.09,0.003937007932681738
MA-PL-66,Marion 1.3 N,41.7223161,-70.7591872,2025-01-13,0.0,0.0
MA-PL-66,Marion 1.3 N,41.7223161,-70.7591872,2025-01-14,0.0,0.0
MA-PL-66,Marion 1.3 N,41.7223161,-70.7591872,2025-01-15,0.0,0.0
MA-PL-66,Marion 1.3 N,41.7223161,-70.7591872,2025-01-16,0.0,0.0
MA-PL-66,Marion 1.3 N,41.7223161,-70.7591872,2025-01-17,0.0,0.0
MA-PL-66,Marion 1.3 N,41.7223161,-70.7591872,2025-01-18,0.0,0.1889763807687234
MA-PL-66,Marion 1.3 N,41.7223161,-70.7591872,2025-01-19,0.72,0.38582677740281024
MA-PL-66,Marion 1.3 N,41.7223161,-70.7591872,2025-01-20,0.43,0.3740157536047651
MA-PL-66,Marion 1.3 N,41.7223161,-70.7591872,2025-01-21,0.0,0.0
MA-PL-66,Marion 1.3 N,41.7223161,-70.7591872,2025-01-22,0.0,0.0
MA-PL-66,Marion 1.3 N,41.7223161,-70.7591872,2025-01-23,0.0,0.0
MA-PL-66,Marion 1.3 N,41.7223161,-70.7591872,2025-01-24,0.0,0.0
MA-PL-66,Marion 1.3 N,41.7223161,-70.7591872,2025-01-25,0.0,0.0
MA-PL-66,Marion 1.3 N,41.7223161,-70.7591872,2025-01-26,0.0,0.0
MA-PL-66,Marion 1.3 N,41.7223161,-70.7591872,2025-01-27,0.0,0.0
MA-PL-66,Marion 1.3 N,41.7223161,-70.7591872,2025-01-28,0.0,0.0
MA-PL-66,Marion 1.3 N,41.7223161,-70.7591872,2025-01-29,0.0,0.04724409519218085
MA-PL-66,Marion 1.3 N,41.7223161,-70.7591872,2025-01-30,0.0,0.0
MA-PL-66,Marion 1.3 N,41.7223161,-70.7591872,2025-01-31,0.0,0.2992126028838121
MA-PL-66,Marion 1.3 N,41.7223161,-70.7591872,2025-02-01,0.77,0.4448818963930364
MA-PL-66,Marion 1.3 N,41.7223161,-70.7591872,2025-02-02,0.05,0.0
MA-PL-66,Marion 1.3 N,41.7223161,-70.7591872,2025-02-03,0.22,0.2007874045667686
MA-PL-66,Marion 1.3 N,41.7223161,-70.7591872,2025-02-04,0.0,0.0
MA-PL-66,Marion 1.3 N,41.7223161,-70.7591872,2025-02-05,0.0,0.0
MA-PL-66,Marion 1.3 N,41.7223161,-70.7591872,2025-02-06,0.0,0.25984252355699466
MA-PL-66,Marion 1.3 N,41.7223161,-70.7591872,2025-02-07,0.24,0.0
MA-PL-66,Marion 1.3 N,41.7223161,-70.7591872,2025-02-08,0.0,0.0
MA-PL-66,Marion 1.3 N,41.7223161,-70.7591872,2025-02-11,0.0,0.0
MA-PL-66,Marion 1.3 N,41.7223161,-70.7591872,2025-02-12,0.0,0.0
MA-PL-66,Marion 1.3 N,41.7223161,-70.7591872,2025-02-13,0.19,0.240157483893586
MA-PL-66,Marion 1.3 N,41.7223161,-70.7591872,2025-02-14,0.04,0.0
MA-PL-66,Marion 1.3 N,41.7223161,-70.7591872,2025-02-25,0.0,0.0
MA-PL-66,Marion 1.3 N,41.7223161,-70.7591872,2025-02-26,0.0,0.0
MA-PL-66,Marion 1.3 N,41.7223161,-70.7591872,2025-02-27,0.02,0.14173228557654255
MA-PL-66,Marion 1.3 N,41.7223161,-70.7591872,2025-02-28,0.06,0.027559055528772164
MA-PL-66,Marion 1.3 N,41.7223161,-70.7591872,2025-03-01,0.0,0.0
MA-PL-66,Marion 1.3 N,41.7223161,-70.7591872,2025-03-02,0.0,0.0
MA-PL-66,Marion 1.3 N,41.7223161,-70.7591872,2025-03-03,0.0,0.0
MA-PL-66,Marion 1.3 N,41.7223161,-70.7591872,2025-03-04,0.0,0.0
MA-PL-66,Marion 1.3 N,41.7223161,-70.7591872,2025-03-05,0.0,0.0
MA-PL-66,Marion 1.3 N,41.7223161,-70.7591872,2025-03-06,0.39,0.48031496778717203
MA-PL-66,Marion 1.3 N,41.7223161,-70.7591872,2025-03-07,0.07,0.10629921418240693
MA-PL-66,Marion 1.3 N,41.7223161,-70.7591872,2025-03-08,0.0,0.0
MA-PL-66,Marion 1.3 N,41.7223161,-70.7591872,2025-03-09,0.0,0.0
MA-PL-66,Marion 1.3 N,41.7223161,-70.7591872,2025-03-10,0.0,0.0
MA-PL-66,Marion 1.3 N,41.7223161,-70.7591872,2025-03-11,0.0,0.0
MA-PL-66,Marion 1.3 N,41.7223161,-70.7591872,2025-03-12,0.0,0.0
MA-PL-66,Marion 1.3 N,41.7223161,-70.7591872,2025-03-13,0.0,0.0
MA-PL-66,Marion 1.3 N,41.7223161,-70.7591872,2025-03-14,0.0,0.0
MA-PL-66,Marion 1.3 N,41.7223161,-70.7591872,2025-03-15,0.0,0.0
MA-PL-66,Marion 1.3 N,41.7223161,-70.7591872,2025-03-16,0.01,0.0
MA-PL-66,Marion 1.3 N,41.7223161,-70.7591872,2025-03-17,0.83,1.8346456966296891
MA-PL-66,Marion 1.3 N,41.7223161,-70.7591872,2025-03-18,1.27,0.06692913485558953
MA-PL-66,Marion 1.3 N,41.7223161,-70.7591872,2025-03-19,0.0,0.0
MA-PL-66,Marion 1.3 N,41.7223161,-70.7591872,2025-03-20,0.01,0.0
MA-PL-66,Marion 1.3 N,41.7223161,-70.7591872,2025-03-21,0.26,0.3464566980759929
MA-PL-66,Marion 1.3 N,41.7223161,-70.7591872,2025-03-22,0.11,0.0
MA-PL-66,Marion 1.3 N,41.7223161,-70.7591872,2025-03-23,0.0,0.0
MA-PL-66,Marion 1.3 N,41.7223161,-70.7591872,2025-03-24,0.0,0.5866141819695789
MA-PL-66,Marion 1.3 N,41.7223161,-70.7591872,2025-03-25,0.67,0.0944881903843617
MA-PL-66,Marion 1.3 N,41.7223161,-70.7591872,2025-03-26,0.0,0.0
MA-PL-66,Marion 1.3 N,41.7223161,-70.7591872,2025-03-27,0.0,0.0
MA-PL-66,Marion 1.3 N,41.7223161,-70.7591872,2025-03-28,0.0,0.0
MA-PL-66,Marion 1.3 N,41.7223161,-70.7591872,2025-03-29,0.05,0.039370079326817374
MA-PL-66,Marion 1.3 N,41.7223161,-70.7591872,2025-03-30,0.1,0.09055118245167997
MA-PL-66,Marion 1.3 N,41.7223161,-70.7591872,2025-03-31,0.01,0.0
MA-PL-66,Marion 1.3 N,41.7223161,-70.7591872,2025-04-01,0.19,0.2834645711530851
MA-PL-66,Marion 1.3 N,41.7223161,-70.7591872,2025-04-02,0.05,0.0314960634614539
MA-PL-66,Marion 1.3 N,41.7223161,-70.7591872,2025-04-03,0.15,0.33464567427794767
MA-PL-66,Marion 1.3 N,41.7223161,-70.7591872,2025-04-04,0.17,0.0
MA-PL-66,Marion 1.3 N,41.7223161,-70.7591872,2025-04-05,0.0,0.11811023798045213
MA-PL-66,Marion 1.3 N,41.7223161,-70.7591872,2025-04-08,0.4,0.16141732523995123
MA-PL-66,Marion 1.3 N,41.7223161,-70.7591872,2025-04-09,0.05,0.0
MA-PL-66,Marion 1.3 N,41.7223161,-70.7591872,2025-04-10,0.0,0.0
MA-PL-66,Marion 1.3 N,41.7223161,-70.7591872,2025-04-11,0.04,0.0944881903843617
MA-PL-66,Marion 1.3 N,41.7223161,-70.7591872,2025-04-12,0.49,0.4566929201910815
MA-PL-66,Marion 1.3 N,41.7223161,-70.7591872,2025-04-15,0.2,0.20866142043213207
MA-PL-66,Marion 1.3 N,41.7223161,-70.7591872,2025-04-16,0.05,0.02755905552877216
MA-PL-66,Marion 1.3 N,41.7223161,-70.7591872,2025-04-17,0.0,0.0
MA-PL-66,Marion 1.3 N,41.7223161,-70.7591872,2025-04-18,0.0,0.0
MA-PL-66,Marion 1.3 N,41.7223161,-70.7591872,2025-04-19,0.0,0.0
MA-PL-66,Marion 1.3 N,41.7223161,-70.7591872,2025-04-20,0.0,0.0
MA-PL-66,Marion 1.3 N,41.7223161,-70.7591872,2025-04-21,0.0,0.0
MA-PL-66,Marion 1.3 N,41.7223161,-70.7591872,2025-04-22,0.08,0.09842519831704344
MA-PL-66,Marion 1.3 N,41.7223161,-70.7591872,2025-04-23,0.0,0.0
MA-PL-66,Marion 1.3 N,41.7223161,-70.7591872,2025-04-24,0.0,0.0
MA-PL-66,Marion 1.3 N,41.7223161,-70.7591872,2025-04-25,0.0,0.0
MA-PL-66,Marion 1.3 N,41.7223161,-70.7591872,2025-04-26,0.0,0.5787401661042154
MA-PL-66,Marion 1.3 N,41.7223161,-70.7591872,2025-04-27,0.9,0.18503937283604166
MA-PL-66,Marion 1.3 N,41.7223161,-70.7591872,2025-04-28,0.0,0.0
MA-PL-66,Marion 1.3 N,41.7223161,-70.7591872,2025-04-29,0.0,0.0
MA-PL-66,Marion 1.3 N,41.7223161,-70.7591872,2025-04-30,0.0,0.0
MA-PL-66,Marion 1.3 N,41.7223161,-70.7591872,2025-05-01,0.0,0.0
MA-PL-66,Marion 1.3 N,41.7223161,-70.7591872,2025-05-02,0.26,0.3307086663452659
MA-PL-66,Marion 1.3 N,41.7223161,-70.7591872,2025-05-03,0.01,0.0
MA-PL-66,Marion 1.3 N,41.7223161,-70.7591872,2025-05-04,0.0,0.0
MA-PL-66,Marion 1.3 N,41.7223161,-70.7591872,2025-05-05,0.03,0.07480315072095302
MA-PL-66,Marion 1.3 N,41.7223161,-70.7591872,2025-05-06,0.0,0.24015748389358596
MA-PL-66,Marion 1.3 N,41.7223161,-70.7591872,2025-05-07,0.11,0.0
MA-PL-66,Marion 1.3 N,41.7223161,-70.7591872,2025-05-08,0.0,0.0
MA-PL-66,Marion 1.3 N,41.7223161,-70.7591872,2025-05-09,0.0,1.2677165543235194
MA-PL-66,Marion 1.3 N,41.7223161,-70.7591872,2025-05-10,1.63,0.2992126028838121
MA-PL-66,Marion 1.3 N,41.7223161,-70.7591872,2025-05-11,0.01,0.0
MA-PL-66,Marion 1.3 N,41.7223161,-70.7591872,2025-05-12,0.0,0.0
MA-PL-66,Marion 1.3 N,41.7223161,-70.7591872,2025-05-13,0.0,0.0
MA-PL-66,Marion 1.3 N,41.7223161,-70.7591872,2025-05-14,0.0,0.0
MA-PL-66,Marion 1.3 N,41.7223161,-70.7591872,2025-05-17,0.0,0.0
MA-PL-66,Marion 1.3 N,41.7223161,-70.7591872,2025-05-18,0.01,0.003937007932681738
MA-PL-66,Marion 1.3 N,41.7223161,-70.7591872,2025-05-19,0.0,0.0
MA-PL-66,Marion 1.3 N,41.7223161,-70.7591872,2025-05-20,0.0,0.0
MA-PL-66,Marion 1.3 N,41.7223161,-70.7591872,2025-05-21,0.0,0.0
MA-PL-66,Marion 1.3 N,41.7223161,-70.7591872,2025-05-22,0.03,2.1062992439847297
MA-PL-66,Marion 1.3 N,41.7223161,-70.7591872,2025-05-23,3.75,1.7795275855721455
MA-PL-66,Marion 1.3 N,41.7223161,-70.7591872,2025-05-24,0.02,0.039370079326817374
MA-PL-66,Marion 1.3 N,41.7223161,-70.7591872,2025-05-25,0.03,0.0
MA-PL-66,Marion 1.3 N,41.7223161,-70.7591872,2025-05-26,0.0,0.0
MA-PL-66,Marion 1.3 N,41.7223161,-70.7591872,2025-05-27,0.0,0.0
MA-PL-66,Marion 1.3 N,41.7223161,-70.7591872,2025-05-28,0.0,0.0
MA-PL-66,Marion 1.3 N,41.7223161,-70.7591872,2025-05-29,0.13,0.1456692935092243
MA-PL-66,Marion 1.3 N,41.7223161,-70.7591872,2025-05-30,0.06,0.0
MA-PL-66,Marion 1.3 N,41.7223161,-70.7591872,2025-05-31,0.3,0.29133858701844856
MA-PL-66,Marion 1.3 N,41.7223161,-70.7591872,2025-06-01,0.0,0.0
MA-PL-66,Marion 1.3 N,41.7223161,-70.7591872,2025-06-02,0.0,0.0
MA-PL-66,Marion 1.3 N,41.7223161,-70.7591872,2025-06-03,0.0,0.0
MA-PL-66,Marion 1.3 N,41.7223161,-70.7591872,2025-06-04,0.0,0.0
MA-PL-66,Marion 1.3 N,41.7223161,-70.7591872,2025-06-05,0.0,0.0
MA-PL-66,Marion 1.3 N,41.7223161,-70.7591872,2025-06-06,0.0,0.0
MA-PL-66,Marion 1.3 N,41.7223161,-70.7591872,2025-06-07,0.0,0.5354330788447164
MA-PL-66,Marion 1.3 N,41.7223161,-70.7591872,2025-06-08,0.57,0.007874015865363475
MA-PL-66,Marion 1.3 N,41.7223161,-70.7591872,2025-06-09,0.01,0.0
MA-PL-66,Marion 1.3 N,41.7223161,-70.7591872,2025-06-10,0.08,0.6574803247578501
MA-PL-66,Marion 1.3 N,41.7223161,-70.7591872,2025-06-11,0.49,0.0
MA-PL-66,Marion 1.3 N,41.7223161,-70.7591872,2025-06-12,0.0,0.0
MA-PL-66,Marion 1.3 N,41.7223161,-70.7591872,2025-06-13,0.0,0.0
MA-PL-66,Marion 1.3 N,41.7223161,-70.7591872,2025-06-14,0.0,0.08661417451899822
MA-PL-66,Marion 1.3 N,41.7223161,-70.7591872,2025-06-15,0.05,0.0
MA-PL-66,Marion 1.3 N,41.7223161,-70.7591872,2025-06-16,0.0,0.0
MA-PL-66,Marion 1.3 N,41.7223161,-70.7591872,2025-06-17,0.0,0.06692913485558954
MA-PL-66,Marion 1.3 N,41.7223161,-70.7591872,2025-06-18,0.04,0.011811023798045212
MA-PL-66,Marion 1.3 N,41.7223161,-70.7591872,2025-06-19,0.0,0.0
MA-PL-66,Marion 1.3 N,41.7223161,-70.7591872,2025-06-20,0.0,0.0
MA-PL-66,Marion 1.3 N,41.7223161,-70.7591872,2025-06-21,0.0,0.0
MA-PL-66,Marion 1.3 N,41.7223161,-70.7591872,2025-06-22,0.0,0.011811023798045212
MA-PL-66,Marion 1.3 N,41.7223161,-70.7591872,2025-06-23,0.0,0.0
MA-PL-66,Marion 1.3 N,41.7223161,-70.7591872,2025-06-24,0.0,0.0
MA-PL-66,Marion 1.3 N,41.7223161,-70.7591872,2025-06-25,0.0,0.023622047596090424
MA-PL-66,Marion 1.3 N,41.7223161,-70.7591872,2025-06-28,0.0,0.0
MA-PL-66,Marion 1.3 N,41.7223161,-70.7591872,2025-06-29,0.0,0.0
MA-PL-66,Marion 1.3 N,41.7223161,-70.7591872,2025-06-30,0.0,0.0
MA-PL-66,Marion 1.3 N,41.7223161,-70.7591872,2025-07-01,0.0,0.011811023798045214
MA-PL-66,Marion 1.3 N,41.7223161,-70.7591872,2025-07-02,0.05,0.10236220624972517
MA-PL-66,Marion 1.3 N,41.7223161,-70.7591872,2025-07-03,0.03,0.0
MA-PL-66,Marion 1.3 N,41.7223161,-70.7591872,2025-07-04,1.19,0.8464567055265735
MA-PL-66,Marion 1.3 N,41.7223161,-70.7591872,2025-07-05,0.0,0.0
MA-PL-66,Marion 1.3 N,41.7223161,-70.7591872,2025-07-06,0.0,0.0
MA-PL-66,Marion 1.3 N,41.7223161,-70.7591872,2025-07-07,0.0,0.05905511899022606
MA-PL-66,Marion 1.3 N,41.7223161,-70.7591872,2025-07-19,0.0,0.0
MA-PL-66,Marion 1.3 N,41.7223161,-70.7591872,2025-07-20,0.0,0.0
MA-PL-66,Marion 1.3 N,41.7223161,-70.7591872,2025-07-21,0.0,0.01574803173072695
MA-PL-66,Marion 1.3 N,41.7223161,-70.7591872,2025-07-22,0.0,0.0
MA-PL-66,Marion 1.3 N,41.7223161,-70.7591872,2025-07-23,0.0,0.0
MA-PL-66,Marion 1.3 N,41.7223161,-70.7591872,2025-07-24,0.0,0.0
MA-PL-66,Marion 1.3 N,41.7223161,-70.7591872,2025-07-25,0.0,0.25196850769163115
MA-PL-66,Marion 1.3 N,41.7223161,-70.7591872,2025-07-26,0.15,0.0
MA-PL-66,Marion 1.3 N,41.7223161,-70.7591872,2025-07-27,0.0,0.05905511899022606
MA-PL-66,Marion 1.3 N,41.7223161,-70.7591872,2025-07-28,0.02,0.0
MA-PL-66,Marion 1.3 N,41.7223161,-70.7591872,2025-07-29,0.0,0.0
MA-PL-66,Marion 1.3 N,41.7223161,-70.7591872,2025-07-30,0.0,0.0
MA-PL-66,Marion 1.3 N,41.7223161,-70.7591872,2025-07-31,0.0,0.0
MA-PL-66,Marion 1.3 N,41.7223161,-70.7591872,2025-08-01,0.46,0.5511811105754433
MA-PL-66,Marion 1.3 N,41.7223161,-70.7591872,2025-08-02,0.05,0.0
MA-PL-66,Marion 1.3 N,41.7223161,-70.7591872,2025-08-03,0.0,0.0
MA-PL-66,Marion 1.3 N,41.7223161,-70.7591872,2025-08-04,0.0,0.0
MA-PL-66,Marion 1.3 N,41.7223161,-70.7591872,2025-08-05,0.0,0.0
MA-PL-66,Marion 1.3 N,41.7223161,-70.7591872,2025-08-06,0.0,0.0
MA-PL-66,Marion 1.3 N,41.7223161,-70.7591872,2025-08-07,0.0,0.0
MA-PL-66,Marion 1.3 N,41.7223161,-70.7591872,2025-08-08,0.0,0.0
MA-PL-66,Marion 1.3 N,41.7223161,-70.7591872,2025-08-09,0.0,0.0
MA-PL-66,Marion 1.3 N,41.7223161,-70.7591872,2025-08-10,0.0,0.0
MA-PL-66,Marion 1.3 N,41.7223161,-70.7591872,2025-08-11,0.0,0.0
MA-PL-66,Marion 1.3 N,41.7223161,-70.7591872,2025-08-12,0.0,0.0
MA-PL-66,Marion 1.3 N,41.7223161,-70.7591872,2025-08-13,0.0,0.0
MA-PL-66,Marion 1.3 N,41.7223161,-70.7591872,2025-08-14,0.0,0.003937007932681738
MA-PL-66,Marion 1.3 N,41.7223161,-70.7591872,2025-08-15,0.0,0.01574803173072695
MA-PL-66,Marion 1.3 N,41.7223161,-70.7591872,2025-08-16,0.0,0.0
MA-PL-66,Marion 1.3 N,41.7223161,-70.7591872,2025-08-17,0.0,0.0
MA-PL-66,Marion 1.3 N,41.7223161,-70.7591872,2025-08-18,0.0,0.01574803173072695
MA-PL-66,Marion 1.3 N,41.7223161,-70.7591872,2025-08-19,0.0,0.0
MA-PL-66,Marion 1.3 N,41.7223161,-70.7591872,2025-08-20,0.0,0.2125984283648138
MA-PL-66,Marion 1.3 N,41.7223161,-70.7591872,2025-08-21,0.95,0.8464567055265736
MA-PL-66,Marion 1.3 N,41.7223161,-70.7591872,2025-08-22,0.0,0.0
MA-PL-66,Marion 1.3 N,41.7223161,-70.7591872,2025-08-23,0.0,0.0
MA-PL-66,Marion 1.3 N,41.7223161,-70.7591872,2025-08-24,0.0,0.0
MA-PL-66,Marion 1.3 N,41.7223161,-70.7591872,2025-08-25,0.07,0.007874015865363475
MA-PL-66,Marion 1.3 N,41.7223161,-70.7591872,2025-08-26,0.0,0.0
MA-PL-66,Marion 1.3 N,41.7223161,-70.7591872,2025-08-27,0.0,0.019685039663408687
MA-PL-66,Marion 1.3 N,41.7223161,-70.7591872,2025-08-28,0.01,0.0
MA-PL-66,Marion 1.3 N,41.7223161,-70.7591872,2025-08-29,0.0,0.011811023798045214
MA-PL-66,Marion 1.3 N,41.7223161,-70.7591872,2025-08-30,0.45,0.6496063088924866
MA-PL-66,Marion 1.3 N,41.7223161,-70.7591872,2025-08-31,0.0,0.0
MA-PL-66,Marion 1.3 N,41.7223161,-70.7591872,2025-09-01,0.0,0.0
MA-PL-66,Marion 1.3 N,41.7223161,-70.7591872,2025-09-02,0.0,0.0
MA-PL-66,Marion 1.3 N,41.7223161,-70.7591872,2025-09-03,0.0,0.0
MA-PL-66,Marion 1.3 N,41.7223161,-70.7591872,2025-09-04,0.0,0.0
MA-PL-66,Marion 1.3 N,41.7223161,-70.7591872,2025-09-05,0.06,0.0629921269229078
MA-PL-66,Marion 1.3 N,41.7223161,-70.7591872,2025-09-06,0.0,0.0
MA-PL-66,Marion 1.3 N,41.7223161,-70.7591872,2025-09-07,0.04,1.0157480466318882
MA-PL-66,Marion 1.3 N,41.7223161,-70.7591872,2025-09-08,0.94,0.0
MA-PL-66,Marion 1.3 N,41.7223161,-70.7591872,2025-09-09,0.0,0.0
MA-PL-66,Marion 1.3 N,41.7223161,-70.7591872,2025-09-10,0.0,0.0
MA-PL-66,Marion 1.3 N,41.7223161,-70.7591872,2025-09-11,0.0,0.0
MA-PL-66,Marion 1.3 N,41.7223161,-70.7591872,2025-09-12,0.0,0.0
MA-PL-66,Marion 1.3 N,41.7223161,-70.7591872,2025-09-13,0.0,0.0
MA-PL-66,Marion 1.3 N,41.7223161,-70.7591872,2025-09-14,0.0,0.11417323004777039
MA-PL-66,Marion 1.3 N,41.7223161,-70.7591872,2025-09-15,0.19,0.0
MA-PL-66,Marion 1.3 N,41.7223161,-70.7591872,2025-09-16,0.01,0.0
MA-PL-66,Marion 1.3 N,41.7223161,-70.7591872,2025-09-17,0.0,0.007874015865363475
MA-PL-66,Marion 1.3 N,41.7223161,-70.7591872,2025-09-18,0.04,0.019685039663408687
MA-PL-66,Marion 1.3 N,41.7223161,-70.7591872,2025-09-19,0.0,0.0
MA-PL-66,Marion 1.3 N,41.7223161,-70.7591872,2025-09-20,0.0,0.0
MA-PL-66,Marion 1.3 N,41.7223161,-70.7591872,2025-09-21,0.0,0.0
MA-PL-66,Marion 1.3 N,41.7223161,-70.7591872,2025-09-22,0.0,0.0
MA-PL-66,Marion 1.3 N,41.7223161,-70.7591872,2025-09-23,0.0,0.0
MA-PL-66,Marion 1.3 N,41.7223161,-70.7591872,2025-09-24,0.11,1.2519685225927926
MA-PL-66,Marion 1.3 N,41.7223161,-70.7591872,2025-09-25,0.91,2.925196893982531
MA-PL-66,Marion 1.3 N,41.7223161,-70.7591872,2025-09-26,2.18,0.003937007932681738
MA-PL-66,Marion 1.3 N,41.7223161,-70.7591872,2025-09-27,0.0,0.0
MA-PL-66,Marion 1.3 N,41.7223161,-70.7591872,2025-09-28,0.06,0.04724409519218085
MA-PL-66,Marion 1.3 N,41.7223161,-70.7591872,2025-09-29,0.0,0.0
MA-PL-66,Marion 1.3 N,41.7223161,-70.7591872,2025-09-30,0.0,0.0
MA-PL-66,Marion 1.3 N,41.7223161,-70.7591872,2025-10-01,0.0,0.0
MA-PL-66,Marion 1.3 N,41.7223161,-70.7591872,2025-10-02,0.0,0.0
MA-PL-66,Marion 1.3 N,41.7223161,-70.7591872,2025-10-03,0.0,0.0
MA-PL-66,Marion 1.3 N,41.7223161,-70.7591872,2025-10-04,0.0,0.0
MA-PL-66,Marion 1.3 N,41.7223161,-70.7591872,2025-10-05,0.0,0.0
MA-PL-66,Marion 1.3 N,41.7223161,-70.7591872,2025-10-06,0.0,0.0
MA-PL-66,Marion 1.3 N,41.7223161,-70.7591872,2025-10-07,0.0,0.0
MA-PL-66,Marion 1.3 N,41.7223161,-70.7591872,2025-10-08,0.0,0.870078753122664
MA-PL-66,Marion 1.3 N,41.7223161,-70.7591872,2025-10-09,0.87,0.0
MA-PL-66,Marion 1.3 N,41.7223161,-70.7591872,2025-10-10,0.0,0.0
MA-PL-66,Marion 1.3 N,41.7223161,-70.7591872,2025-10-11,0.0,0.0
MA-PL-66,Marion 1.3 N,41.7223161,-70.7591872,2025-10-12,0.0,0.795275602401711
MA-PL-66,Marion 1.3 N,41.7223161,-70.7591872,2025-10-13,1.82,2.2204724740325
MA-PL-66,Marion 1.3 N,41.7223161,-70.7591872,2025-10-14,1.16,0.8346456817285282
MA-PL-66,Marion 1.3 N,41.7223161,-70.7591872,2025-10-15,0.25,0.0
MA-PL-66,Marion 1.3 N,41.7223161,-70.7591872,2025-10-16,0.0,0.0
MA-PL-66,Marion 1.3 N,41.7223161,-70.7591872,2025-10-17,0.0,0.0
MA-PL-66,Marion 1.3 N,41.7223161,-70.7591872,2025-10-18,0.0,0.0
MA-PL-66,Marion 1.3 N,41.7223161,-70.7591872,2025-10-19,0.0,0.0
MA-PL-66,Marion 1.3 N,41.7223161,-70.7591872,2025-10-20,0.0,0.6338582771617597
MA-PL-66,Marion 1.3 N,41.7223161,-70.7591872,2025-10-21,0.52,0.0
MA-PL-66,Marion 1.3 N,41.7223161,-70.7591872,2025-10-22,0.0,0.0629921269229078
MA-PL-66,Marion 1.3 N,41.7223161,-70.7591872,2025-10-23,0.08,0.0
MA-PL-66,Marion 1.3 N,41.7223161,-70.7591872,2025-10-24,0.0,0.011811023798045212
MA-PL-66,Marion 1.3 N,41.7223161,-70.7591872,2025-10-25,0.0,0.0
MA-PL-66,Marion 1.3 N,41.7223161,-70.7591872,2025-10-26,0.0,0.0
MA-PL-66,Marion 1.3 N,41.7223161,-70.7591872,2025-10-27,0.0,0.0
MA-PL-66,Marion 1.3 N,41.7223161,-70.7591872,2025-10-28,0.03,0.051181103124862584
MA-PL-66,Marion 1.3 N,41.7223161,-70.7591872,2025-10-29,0.01,0.0
MA-PL-66,Marion 1.3 N,41.7223161,-70.7591872,2025-10-30,0.04,0.16141732523995123
MA-PL-66,Marion 1.3 N,41.7223161,-70.7591872,2025-10-31,1.73,1.2716535622562013
MA-PL-66,Marion 1.3 N,41.7223161,-70.7591872,2025-11-01,0.0,0.0
MA-PL-66,Marion 1.3 N,41.7223161,-70.7591872,2025-11-02,0.0,0.0
MA-PL-66,Marion 1.3 N,41.7223161,-70.7591872,2025-11-03,0.0,0.12992126177849733
MA-PL-66,Marion 1.3 N,41.7223161,-70.7591872,2025-11-04,0.21,0.13385826971117906
MA-PL-66,Marion 1.3 N,41.7223161,-70.7591872,2025-11-05,0.0,0.0
MA-PL-66,Marion 1.3 N,41.7223161,-70.7591872,2025-11-06,0.03,0.05511811105754433
MA-PL-66,Marion 1.3 N,41.7223161,-70.7591872,2025-11-07,0.0,0.0
MA-PL-66,Marion 1.3 N,41.7223161,-70.7591872,2025-11-08,0.0,0.051181103124862584
MA-PL-66,Marion 1.3 N,41.7223161,-70.7591872,2025-11-09,0.04,0.6811023723539406
MA-PL-66,Marion 1.3 N,41.7223161,-70.7591872,2025-11-10,1.55,0.3779527615374468
MA-PL-66,Marion 1.3 N,41.7223161,-70.7591872,2025-11-11,0.06,0.03543307139413564
MA-PL-66,Marion 1.3 N,41.7223161,-70.7591872,2025-11-12,0.0,0.0
MA-PL-66,Marion 1.3 N,41.7223161,-70.7591872,2025-11-13,0.0,0.0
MA-PL-66,Marion 1.3 N,41.7223161,-70.7591872,2025-11-14,0.0,0.0
MA-PL-66,Marion 1.3 N,41.7223161,-70.7591872,2025-11-15,0.0,0.0
MA-PL-66,Marion 1.3 N,41.7223161,-70.7591872,2025-11-16,0.75,0.795275602401711
MA-PL-66,Marion 1.3 N,41.7223161,-70.7591872,2025-11-17,0.0,0.0
MA-PL-66,Marion 1.3 N,41.7223161,-70.7591872,2025-11-18,0.0,0.0
MA-PL-66,Marion 1.3 N,41.7223161,-70.7591872,2025-11-19,0.0,0.0
MA-PL-66,Marion 1.3 N,41.7223161,-70.7591872,2025-11-20,0.0,0.0
MA-PL-66,Marion 1.3 N,41.7223161,-70.7591872,2025-11-21,0.0,0.0
MA-PL-66,Marion 1.3 N,41.7223161,-70.7591872,2025-11-22,0.01,0.34251969014331113
MA-PL-66,Marion 1.3 N,41.7223161,-70.7591872,2025-11-23,0.42,0.01574803173072695
MA-PL-66,Marion 1.3 N,41.7223161,-70.7591872,2025-11-24,0.01,0.007874015865363475
MA-PL-66,Marion 1.3 N,41.7223161,-70.7591872,2025-11-25,0.0,0.0
MA-PL-66,Marion 1.3 N,41.7223161,-70.7591872,2025-11-26,0.27,0.24015748389358596
MA-PL-66,Marion 1.3 N,41.7223161,-70.7591872,2025-11-27,0.01,0.0
MA-PL-66,Marion 1.3 N,41.7223161,-70.7591872,2025-11-28,0.0,0.0
MA-PL-66,Marion 1.3 N,41.7223161,-70.7591872,2025-11-29,0.0,0.0
MA-PL-66,Marion 1.3 N,41.7223161,-70.7591872,2025-11-30,0.0,0.14173228557654255
MA-PL-66,Marion 1.3 N,41.7223161,-70.7591872,2025-12-01,1.0,0.7874015865363474
MA-PL-66,Marion 1.3 N,41.7223161,-70.7591872,2025-12-02,0.0,0.5314960709120345
MA-PL-66,Marion 1.3 N,41.7223161,-70.7591872,2025-12-03,0.94,0.2913385870184486
MA-PL-66,Marion 1.3 N,41.7223161,-70.7591872,2025-12-04,0.0,0.0
MA-PL-66,Marion 1.3 N,41.7223161,-70.7591872,2025-12-05,0.0,0.0
MA-PL-66,Marion 1.3 N,41.7223161,-70.7591872,2025-12-06,0.0,0.04330708725949911
MA-PL-66,Marion 1.3 N,41.7223161,-70.7591872,2025-12-07,0.03,0.0
MA-PL-66,Marion 1.3 N,41.7223161,-70.7591872,2025-12-08,0.0,0.0
MA-PL-66,Marion 1.3 N,41.7223161,-70.7591872,2025-12-09,0.0,0.0
MA-PL-66,Marion 1.3 N,41.7223161,-70.7591872,2025-12-10,0.0,0.05511811105754432
MA-PL-66,Marion 1.3 N,41.7223161,-70.7591872,2025-12-11,0.01,0.023622047596090424
MA-PL-66,Marion 1.3 N,41.7223161,-70.7591872,2025-12-12,0.0,0.0
MA-PL-66,Marion 1.3 N,41.7223161,-70.7591872,2025-12-13,0.0,0.0
MA-PL-66,Marion 1.3 N,41.7223161,-70.7591872,2025-12-16,0.0,0.0
MA-PL-66,Marion 1.3 N,41.7223161,-70.7591872,2025-12-17,0.0,0.0
MA-PL-66,Marion 1.3 N,41.7223161,-70.7591872,2025-12-18,0.0,0.0
MA-PL-66,Marion 1.3 N,41.7223161,-70.7591872,2025-12-19,0.04,0.5748031581715337
MA-PL-66,Marion 1.3 N,41.7223161,-70.7591872,2025-12-20,0.33,0.07874015865363475
MA-PL-66,Marion 1.3 N,41.7223161,-70.7591872,2025-12-21,0.0,0.0
MA-PL-66,Marion 1.3 N,41.7223161,-70.7591872,2025-12-22,0.0,0.0
MA-PL-66,Marion 1.3 N,41.7223161,-70.7591872,2025-12-23,0.0,0.04724409519218085
MA-PL-66,Marion 1.3 N,41.7223161,-70.7591872,2025-12-24,0.15,0.12992126177849736
MA-PL-66,Marion 1.3 N,41.7223161,-70.7591872,2025-12-25,0.0,0.0
MA-PL-66,Marion 1.3 N,41.7223161,-70.7591872,2025-12-26,0.0,0.0
MA-PL-66,Marion 1.3 N,41.7223161,-70.7591872,2025-12-27,0.26,0.22834646009554074
MA-PL-66,Marion 1.3 N,41.7223161,-70.7591872,2025-12-28,0.0,0.0
MA-PL-66,Marion 1.3 N,41.7223161,-70.7591872,2025-12-29,0.27,0.5118110312486258
MA-PL-66,Marion 1.3 N,41.7223161,-70.7591872,2025-12-30,0.26,0.0
MA-PL-66,Marion 1.3 N,41.7223161,-70.7591872,2025-12-31,0.0,0.0
MA-BA-50,Falmouth 5.4 NNE,41.622586,-70.582703,2025-01-01,0.5,0.6181102454310328
MA-BA-50,Falmouth 5.4 NNE,41.622586,-70.582703,2025-01-02,0.1,0.17716535697067817
MA-BA-50,Falmouth 5.4 NNE,41.622586,-70.582703,2025-01-03,0.0,0.0
MA-BA-50,Falmouth 5.4 NNE,41.622586,-70.582703,2025-01-04,0.0,0.0
MA-BA-50,Falmouth 5.4 NNE,41.622586,-70.582703,2025-01-05,0.0,0.0
MA-BA-50,Falmouth 5.4 NNE,41.622586,-70.582703,2025-01-06,0.0,0.0
MA-BA-50,Falmouth 5.4 NNE,41.622586,-70.582703,2025-01-07,0.0,0.0
MA-BA-50,Falmouth 5.4 NNE,41.622586,-70.582703,2025-01-08,0.0,0.0
MA-BA-50,Falmouth 5.4 NNE,41.622586,-70.582703,2025-01-09,0.0,0.0
MA-BA-50,Falmouth 5.4 NNE,41.622586,-70.582703,2025-01-10,0.0,0.0
MA-BA-50,Falmouth 5.4 NNE,41.622586,-70.582703,2025-01-11,0.01,0.12992126177849733
MA-BA-50,Falmouth 5.4 NNE,41.622586,-70.582703,2025-01-12,0.1,0.019685039663408687
MA-BA-50,Falmouth 5.4 NNE,41.622586,-70.582703,2025-01-13,0.0,0.0
MA-BA-50,Falmouth 5.4 NNE,41.622586,-70.582703,2025-01-14,0.0,0.0
MA-BA-50,Falmouth 5.4 NNE,41.622586,-70.582703,2025-01-15,0.0,0.0
MA-BA-50,Falmouth 5.4 NNE,41.622586,-70.582703,2025-01-16,0.0,0.0
MA-BA-50,Falmouth 5.4 NNE,41.622586,-70.582703,2025-01-17,0.0,0.003937007932681738
MA-BA-50,Falmouth 5.4 NNE,41.622586,-70.582703,2025-01-18,0.0,0.14173228557654255
MA-BA-50,Falmouth 5.4 NNE,41.622586,-70.582703,2025-01-19,0.46,0.37795276153744684
MA-BA-50,Falmouth 5.4 NNE,41.622586,-70.582703,2025-01-20,0.47,0.31889764254722075
MA-BA-50,Falmouth 5.4 NNE,41.622586,-70.582703,2025-01-21,0.0,0.0
MA-BA-50,Falmouth 5.4 NNE,41.622586,-70.582703,2025-01-22,0.03,0.011811023798045212
MA-BA-50,Falmouth 5.4 NNE,41.622586,-70.582703,2025-01-23,0.0,0.0
MA-BA-50,Falmouth 5.4 NNE,41.622586,-70.582703,2025-01-24,0.0,0.0
MA-BA-50,Falmouth 5.4 NNE,41.622586,-70.582703,2025-01-25,0.0,0.0
MA-BA-50,Falmouth 5.4 NNE,41.622586,-70.582703,2025-01-26,0.0,0.0
MA-BA-50,Falmouth 5.4 NNE,41.622586,-70.582703,2025-01-27,0.0,0.0
MA-BA-50,Falmouth 5.4 NNE,41.622586,-70.582703,2025-01-28,0.0,0.0
MA-BA-50,Falmouth 5.4 NNE,41.622586,-70.582703,2025-01-29,0.0,0.01574803173072695
MA-BA-50,Falmouth 5.4 NNE,41.622586,-70.582703,2025-01-30,0.0,0.0
MA-BA-50,Falmouth 5.4 NNE,41.622586,-70.582703,2025-01-31,0.0,0.25196850769163115
MA-BA-50,Falmouth 5.4 NNE,41.622586,-70.582703,2025-02-01,0.71,0.5000000074505806
MA-BA-50,Falmouth 5.4 NNE,41.622586,-70.582703,2025-02-02,0.05,0.0
MA-BA-50,Falmouth 5.4 NNE,41.622586,-70.582703,2025-02-08,0.0,0.0
MA-BA-50,Falmouth 5.4 NNE,41.622586,-70.582703,2025-02-09,0.56,0.3070866187491755
MA-BA-50,Falmouth 5.4 NNE,41.622586,-70.582703,2025-02-10,0.0,0.0
MA-BA-50,Falmouth 5.4 NNE,41.622586,-70.582703,2025-02-11,0.0,0.0
MA-BA-50,Falmouth 5.4 NNE,41.622586,-70.582703,2025-02-12,0.02,0.023622047596090427
MA-BA-50,Falmouth 5.4 NNE,41.622586,-70.582703,2025-02-13,0.2,0.16535433317263296
MA-BA-50,Falmouth 5.4 NNE,41.622586,-70.582703,2025-02-14,0.05,0.0
MA-BA-50,Falmouth 5.4 NNE,41.622586,-70.582703,2025-02-15,0.0,0.0
MA-BA-50,Falmouth 5.4 NNE,41.622586,-70.582703,2025-02-16,0.67,1.5393701016785595
MA-BA-50,Falmouth 5.4 NNE,41.622586,-70.582703,2025-02-17,0.91,0.01574803173072695
MA-BA-50,Falmouth 5.4 NNE,41.622586,-70.582703,2025-02-18,0.0,0.0
MA-BA-50,Falmouth 5.4 NNE,41.622586,-70.582703,2025-02-19,0.0,0.0
MA-BA-50,Falmouth 5.4 NNE,41.622586,-70.582703,2025-02-20,0.0,0.0
MA-BA-50,Falmouth 5.4 NNE,41.622586,-70.582703,2025-02-21,0.01,0.0
MA-BA-50,Falmouth 5.4 NNE,41.622586,-70.582703,2025-02-22,0.0,0.0
MA-BA-50,Falmouth 5.4 NNE,41.622586,-70.582703,2025-02-23,0.0,0.0
MA-BA-50,Falmouth 5.4 NNE,41.622586,-70.582703,2025-02-24,0.0,0.0
MA-BA-50,Falmouth 5.4 NNE,41.622586,-70.582703,2025-02-25,0.0,0.0
MA-BA-50,Falmouth 5.4 NNE,41.622586,-70.582703,2025-02-26,0.0,0.0
MA-BA-50,Falmouth 5.4 NNE,41.622586,-70.582703,2025-02-27,0.02,0.12204724591313386
MA-BA-50,Falmouth 5.4 NNE,41.622586,-70.582703,2025-02-28,0.05,0.039370079326817374
MA-BA-50,Falmouth 5.4 NNE,41.622586,-70.582703,2025-03-01,0.0,0.0
MA-BA-50,Falmouth 5.4 NNE,41.622586,-70.582703,2025-03-02,0.0,0.0
MA-BA-50,Falmouth 5.4 NNE,41.622586,-70.582703,2025-03-03,0.0,0.0
MA-BA-50,Falmouth 5.4 NNE,41.622586,-70.582703,2025-03-04,0.0,0.0
MA-BA-50,Falmouth 5.4 NNE,41.622586,-70.582703,2025-03-05,0.0,0.0
MA-BA-50,Falmouth 5.4 NNE,41.622586,-70.582703,2025-03-06,0.66,0.5748031581715336
MA-BA-50,Falmouth 5.4 NNE,41.622586,-70.582703,2025-03-07,0.02,0.04724409519218085
MA-BA-50,Falmouth 5.4 NNE,41.622586,-70.582703,2025-03-08,0.0,0.0
MA-BA-50,Falmouth 5.4 NNE,41.622586,-70.582703,2025-03-09,0.0,0.0
MA-BA-50,Falmouth 5.4 NNE,41.622586,-70.582703,2025-03-10,0.0,0.0
MA-BA-50,Falmouth 5.4 NNE,41.622586,-70.582703,2025-03-11,0.0,0.0
MA-BA-50,Falmouth 5.4 NNE,41.622586,-70.582703,2025-03-12,0.0,0.0
MA-BA-50,Falmouth 5.4 NNE,41.622586,-70.582703,2025-03-13,0.0,0.0
MA-BA-50,Falmouth 5.4 NNE,41.622586,-70.582703,2025-03-14,0.0,0.0
MA-BA-50,Falmouth 5.4 NNE,41.622586,-70.582703,2025-03-15,0.0,0.0
MA-BA-50,Falmouth 5.4 NNE,41.622586,-70.582703,2025-03-16,0.0,0.0
MA-BA-50,Falmouth 5.4 NNE,41.622586,-70.582703,2025-03-17,0.51,1.897637823552597
MA-BA-50,Falmouth 5.4 NNE,41.622586,-70.582703,2025-03-18,1.51,0.15354330937458774
MA-BA-50,Falmouth 5.4 NNE,41.622586,-70.582703,2025-03-19,0.0,0.0
MA-BA-50,Falmouth 5.4 NNE,41.622586,-70.582703,2025-03-20,0.01,0.0
MA-BA-50,Falmouth 5.4 NNE,41.622586,-70.582703,2025-03-21,0.34,0.39370079326817375
MA-BA-50,Falmouth 5.4 NNE,41.622586,-70.582703,2025-03-25,0.48,0.19685039663408688
MA-BA-50,Falmouth 5.4 NNE,41.622586,-70.582703,2025-03-26,0.0,0.011811023798045214
MA-BA-50,Falmouth 5.4 NNE,41.622586,-70.582703,2025-03-27,0.0,0.023622047596090424
MA-BA-50,Falmouth 5.4 NNE,41.622586,-70.582703,2025-03-28,0.0,0.0
MA-BA-50,Falmouth 5.4 NNE,41.622586,-70.582703,2025-03-29,0.03,0.011811023798045214
MA-BA-50,Falmouth 5.4 NNE,41.622586,-70.582703,2025-03-30,0.08,0.08661417451899822
MA-BA-50,Falmouth 5.4 NNE,41.622586,-70.582703,2025-03-31,0.0,0.0
MA-BA-50,Falmouth 5.4 NNE,41.622586,-70.582703,2025-04-01,0.21,0.2637795314896765
MA-BA-50,Falmouth 5.4 NNE,41.622586,-70.582703,2025-04-02,0.03,0.0314960634614539
MA-BA-50,Falmouth 5.4 NNE,41.622586,-70.582703,2025-04-03,0.13,0.35039370600867464
MA-BA-50,Falmouth 5.4 NNE,41.622586,-70.582703,2025-04-04,0.15,0.0
MA-BA-50,Falmouth 5.4 NNE,41.622586,-70.582703,2025-04-07,0.05,0.2440944918262677
MA-BA-50,Falmouth 5.4 NNE,41.622586,-70.582703,2025-04-08,0.5,0.2559055156243129
MA-BA-50,Falmouth 5.4 NNE,41.622586,-70.582703,2025-04-09,0.02,0.0
MA-BA-50,Falmouth 5.4 NNE,41.622586,-70.582703,2025-04-10,0.0,0.0
MA-BA-50,Falmouth 5.4 NNE,41.622586,-70.582703,2025-04-11,0.03,0.12992126177849733
MA-BA-50,Falmouth 5.4 NNE,41.622586,-70.582703,2025-04-12,0.3,0.33464567427794767
MA-BA-50,Falmouth 5.4 NNE,41.622586,-70.582703,2025-04-13,0.15,0.7165354437480762
MA-BA-50,Falmouth 5.4 NNE,41.622586,-70.582703,2025-04-14,0.52,0.01574803173072695
MA-BA-50,Falmouth 5.4 NNE,41.622586,-70.582703,2025-04-15,0.05,0.1338582697111791
MA-BA-50,Falmouth 5.4 NNE,41.622586,-70.582703,2025-04-16,0.01,0.003937007932681738
MA-BA-50,Falmouth 5.4 NNE,41.622586,-70.582703,2025-04-17,0.0,0.0
MA-BA-50,Falmouth 5.4 NNE,41.622586,-70.582703,2025-04-18,0.0,0.003937007932681738
MA-BA-50,Falmouth 5.4 NNE,41.622586,-70.582703,2025-04-19,0.0,0.003937007932681738
MA-BA-50,Falmouth 5.4 NNE,41.622586,-70.582703,2025-04-20,0.0,0.0
MA-BA-50,Falmouth 5.4 NNE,41.622586,-70.582703,2025-04-21,0.0,0.0
MA-BA-50,Falmouth 5.4 NNE,41.622586,-70.582703,2025-04-22,0.09,0.09842519831704345
MA-BA-50,Falmouth 5.4 NNE,41.622586,-70.582703,2025-04-23,0.0,0.0
MA-BA-50,Falmouth 5.4 NNE,41.622586,-70.582703,2025-04-24,0.0,0.0
MA-BA-50,Falmouth 5.4 NNE,41.622586,-70.582703,2025-04-25,0.0,0.0
MA-BA-50,Falmouth 5.4 NNE,41.622586,-70.582703,2025-04-26,0.0,0.5826771740368971
MA-BA-50,Falmouth 5.4 NNE,41.622586,-70.582703,2025-04-27,0.9,0.20472441249945034
MA-BA-50,Falmouth 5.4 NNE,41.622586,-70.582703,2025-04-28,0.0,0.0
MA-BA-50,Falmouth 5.4 NNE,41.622586,-70.582703,2025-04-29,0.0,0.0
MA-BA-50,Falmouth 5.4 NNE,41.622586,-70.582703,2025-04-30,0.0,0.0
MA-BA-50,Falmouth 5.4 NNE,41.622586,-70.582703,2025-05-01,0.0,0.0
MA-BA-50,Falmouth 5.4 NNE,41.622586,-70.582703,2025-05-02,0.36,0.5157480391813076
MA-BA-50,Falmouth 5.4 NNE,41.622586,-70.582703,2025-05-03,0.0,0.0
MA-BA-50,Falmouth 5.4 NNE,41.622586,-70.582703,2025-05-04,0.0,0.0
MA-BA-50,Falmouth 5.4 NNE,41.622586,-70.582703,2025-05-05,0.23,0.13385826971117906
MA-BA-50,Falmouth 5.4 NNE,41.622586,-70.582703,2025-05-06,0.0,0.10629921418240691
MA-BA-50,Falmouth 5.4 NNE,41.622586,-70.582703,2025-05-07,0.12,0.003937007932681738
MA-BA-50,Falmouth 5.4 NNE,41.622586,-70.582703,2025-05-08,0.0,0.0
MA-BA-50,Falmouth 5.4 NNE,41.622586,-70.582703,2025-05-09,0.0,0.6535433168251684
MA-BA-50,Falmouth 5.4 NNE,41.622586,-70.582703,2025-05-10,1.08,0.4015748091335372
MA-BA-50,Falmouth 5.4 NNE,41.622586,-70.582703,2025-05-11,0.04,0.0
MA-BA-50,Falmouth 5.4 NNE,41.622586,-70.582703,2025-05-12,0.0,0.0
MA-BA-50,Falmouth 5.4 NNE,41.622586,-70.582703,2025-05-13,0.0,0.0
MA-BA-50,Falmouth 5.4 NNE,41.622586,-70.582703,2025-05-14,0.0,0.0
MA-BA-50,Falmouth 5.4 NNE,41.622586,-70.582703,2025-05-15,0.01,0.04330708725949911
MA-BA-50,Falmouth 5.4 NNE,41.622586,-70.582703,2025-05-16,0.07,0.0
MA-BA-50,Falmouth 5.4 NNE,41.622586,-70.582703,2025-05-17,0.0,0.0
MA-BA-50,Falmouth 5.4 NNE,41.622586,-70.582703,2025-05-18,0.0,0.003937007932681738
MA-BA-50,Falmouth 5.4 NNE,41.622586,-70.582703,2025-05-19,0.0,0.0
MA-BA-50,Falmouth 5.4 NNE,41.622586,-70.582703,2025-05-20,0.0,0.0
MA-BA-50,Falmouth 5.4 NNE,41.622586,-70.582703,2025-05-21,0.0,0.0
MA-BA-50,Falmouth 5.4 NNE,41.622586,-70.582703,2025-05-22,0.02,1.8110236490335994
MA-BA-50,Falmouth 5.4 NNE,41.622586,-70.582703,2025-05-23,3.78,1.6692913634570563
MA-BA-50,Falmouth 5.4 NNE,41.622586,-70.582703,2025-05-24,0.01,0.03543307139413564
MA-BA-50,Falmouth 5.4 NNE,41.622586,-70.582703,2025-05-25,0.06,0.0
MA-BA-50,Falmouth 5.4 NNE,41.622586,-70.582703,2025-05-26,0.0,0.0
MA-BA-50,Falmouth 5.4 NNE,41.622586,-70.582703,2025-05-27,0.0,0.0
MA-BA-50,Falmouth 5.4 NNE,41.622586,-70.582703,2025-05-28,0.0,0.0
MA-BA-50,Falmouth 5.4 NNE,41.622586,-70.582703,2025-05-29,0.15,0.16535433317263296
MA-BA-50,Falmouth 5.4 NNE,41.622586,-70.582703,2025-05-30,0.03,0.0
MA-BA-50,Falmouth 5.4 NNE,41.622586,-70.582703,2025-05-31,0.18,0.23622047596090423
MA-BA-50,Falmouth 5.4 NNE,41.622586,-70.582703,2025-06-01,0.0,0.0
MA-BA-50,Falmouth 5.4 NNE,41.622586,-70.582703,2025-06-02,0.0,0.0
MA-BA-50,Falmouth 5.4 NNE,41.622586,-70.582703,2025-06-03,0.0,0.0
MA-BA-50,Falmouth 5.4 NNE,41.622586,-70.582703,2025-06-04,0.0,0.0
MA-BA-50,Falmouth 5.4 NNE,41.622586,-70.582703,2025-06-05,0.0,0.0
MA-BA-50,Falmouth 5.4 NNE,41.622586,-70.582703,2025-06-06,0.0,0.0
MA-BA-50,Falmouth 5.4 NNE,41.622586,-70.582703,2025-06-07,0.0,0.25984252355699466
MA-BA-50,Falmouth 5.4 NNE,41.622586,-70.582703,2025-06-08,0.17,0.0
MA-BA-50,Falmouth 5.4 NNE,41.622586,-70.582703,2025-06-09,0.0,0.0
MA-BA-50,Falmouth 5.4 NNE,41.622586,-70.582703,2025-06-10,0.05,0.8622047372573005
MA-BA-50,Falmouth 5.4 NNE,41.622586,-70.582703,2025-06-11,0.59,0.0
MA-BA-50,Falmouth 5.4 NNE,41.622586,-70.582703,2025-06-12,0.0,0.0
MA-BA-50,Falmouth 5.4 NNE,41.622586,-70.582703,2025-06-13,0.0,0.0
MA-BA-50,Falmouth 5.4 NNE,41.622586,-70.582703,2025-06-14,0.0,0.08267716658631649
MA-BA-50,Falmouth 5.4 NNE,41.622586,-70.582703,2025-06-15,0.14,0.007874015865363475
MA-BA-50,Falmouth 5.4 NNE,41.622586,-70.582703,2025-06-16,0.0,0.0
MA-BA-50,Falmouth 5.4 NNE,41.622586,-70.582703,2025-06-17,0.0,0.003937007932681738
MA-BA-50,Falmouth 5.4 NNE,41.622586,-70.582703,2025-06-18,0.0,0.0
MA-BA-50,Falmouth 5.4 NNE,41.622586,-70.582703,2025-06-19,0.0,0.0
MA-BA-50,Falmouth 5.4 NNE,41.622586,-70.582703,2025-06-20,0.0,0.0
MA-BA-50,Falmouth 5.4 NNE,41.622586,-70.582703,2025-06-21,0.0,0.0
MA-BA-50,Falmouth 5.4 NNE,41.622586,-70.582703,2025-06-22,0.0,0.011811023798045214
MA-BA-50,Falmouth 5.4 NNE,41.622586,-70.582703,2025-06-23,0.0,0.0
MA-BA-50,Falmouth 5.4 NNE,41.622586,-70.582703,2025-06-24,0.0,0.0
MA-BA-50,Falmouth 5.4 NNE,41.622586,-70.582703,2025-06-25,0.0,0.0
MA-BA-50,Falmouth 5.4 NNE,41.622586,-70.582703,2025-06-26,0.0,0.027559055528772164
MA-BA-50,Falmouth 5.4 NNE,41.622586,-70.582703,2025-06-27,0.0,0.0
MA-BA-50,Falmouth 5.4 NNE,41.622586,-70.582703,2025-06-28,0.0,0.003937007932681738
MA-BA-50,Falmouth 5.4 NNE,41.622586,-70.582703,2025-06-29,0.0,0.0
MA-BA-50,Falmouth 5.4 NNE,41.622586,-70.582703,2025-06-30,0.0,0.0
MA-BA-50,Falmouth 5.4 NNE,41.622586,-70.582703,2025-07-01,0.01,0.0314960634614539
MA-BA-50,Falmouth 5.4 NNE,41.622586,-70.582703,2025-07-02,0.0,0.027559055528772164
MA-BA-50,Falmouth 5.4 NNE,41.622586,-70.582703,2025-07-03,0.01,0.0
MA-BA-50,Falmouth 5.4 NNE,41.622586,-70.582703,2025-07-04,0.08,0.12992126177849733
MA-BA-50,Falmouth 5.4 NNE,41.622586,-70.582703,2025-07-19,0.0,0.0
MA-BA-50,Falmouth 5.4 NNE,41.622586,-70.582703,2025-07-20,0.0,0.051181103124862584
MA-BA-50,Falmouth 5.4 NNE,41.622586,-70.582703,2025-07-21,0.02,0.0
MA-BA-50,Falmouth 5.4 NNE,41.622586,-70.582703,2025-07-22,0.0,0.0
MA-BA-50,Falmouth 5.4 NNE,41.622586,-70.582703,2025-07-23,0.0,0.0
MA-BA-50,Falmouth 5.4 NNE,41.622586,-70.582703,2025-07-24,0.0,0.0
MA-BA-50,Falmouth 5.4 NNE,41.622586,-70.582703,2025-07-25,0.0,0.10629921418240691
MA-BA-50,Falmouth 5.4 NNE,41.622586,-70.582703,2025-07-26,0.05,0.007874015865363475
MA-BA-50,Falmouth 5.4 NNE,41.622586,-70.582703,2025-07-27,0.0,0.051181103124862584
MA-BA-50,Falmouth 5.4 NNE,41.622586,-70.582703,2025-07-28,0.0,0.0
MA-BA-50,Falmouth 5.4 NNE,41.622586,-70.582703,2025-07-29,0.0,0.0
MA-BA-50,Falmouth 5.4 NNE,41.622586,-70.582703,2025-07-30,0.0,0.0
MA-BA-50,Falmouth 5.4 NNE,41.622586,-70.582703,2025-07-31,0.0,0.019685039663408687
MA-BA-50,Falmouth 5.4 NNE,41.622586,-70.582703,2025-08-01,0.34,0.30708661874917553
MA-BA-50,Falmouth 5.4 NNE,41.622586,-70.582703,2025-08-02,0.02,0.0
MA-BA-50,Falmouth 5.4 NNE,41.622586,-70.582703,2025-08-03,0.0,0.0
MA-BA-50,Falmouth 5.4 NNE,41.622586,-70.582703,2025-08-04,0.0,0.0
MA-BA-50,Falmouth 5.4 NNE,41.622586,-70.582703,2025-08-05,0.0,0.0
MA-BA-50,Falmouth 5.4 NNE,41.622586,-70.582703,2025-08-06,0.0,0.0
MA-BA-50,Falmouth 5.4 NNE,41.622586,-70.582703,2025-08-07,0.0,0.0
MA-BA-50,Falmouth 5.4 NNE,41.622586,-70.582703,2025-08-08,0.0,0.0
MA-BA-50,Falmouth 5.4 NNE,41.622586,-70.582703,2025-08-09,0.0,0.0
MA-BA-50,Falmouth 5.4 NNE,41.622586,-70.582703,2025-08-10,0.0,0.0
MA-BA-50,Falmouth 5.4 NNE,41.622586,-70.582703,2025-08-11,0.0,0.0
MA-BA-50,Falmouth 5.4 NNE,41.622586,-70.582703,2025-08-12,0.0,0.0
MA-BA-50,Falmouth 5.4 NNE,41.622586,-70.582703,2025-08-13,0.0,0.0
MA-BA-50,Falmouth 5.4 NNE,41.622586,-70.582703,2025-08-14,0.0,0.0
MA-BA-50,Falmouth 5.4 NNE,41.622586,-70.582703,2025-08-15,0.0,0.0
MA-BA-50,Falmouth 5.4 NNE,41.622586,-70.582703,2025-08-16,0.0,0.0
MA-BA-50,Falmouth 5.4 NNE,41.622586,-70.582703,2025-08-17,0.0,0.0
MA-BA-50,Falmouth 5.4 NNE,41.622586,-70.582703,2025-08-18,0.0,0.0
MA-BA-50,Falmouth 5.4 NNE,41.622586,-70.582703,2025-08-19,0.0,0.0
MA-BA-50,Falmouth 5.4 NNE,41.622586,-70.582703,2025-08-20,0.0,0.1377952776438608
MA-BA-50,Falmouth 5.4 NNE,41.622586,-70.582703,2025-08-21,0.68,1.106299229083568
MA-BA-50,Falmouth 5.4 NNE,41.622586,-70.582703,2025-08-22,0.01,0.0
MA-BA-50,Falmouth 5.4 NNE,41.622586,-70.582703,2025-08-23,0.0,0.0
MA-BA-50,Falmouth 5.4 NNE,41.622586,-70.582703,2025-08-24,0.0,0.0
MA-BA-50,Falmouth 5.4 NNE,41.622586,-70.582703,2025-08-25,0.02,0.023622047596090424
MA-BA-50,Falmouth 5.4 NNE,41.622586,-70.582703,2025-08-26,0.06,0.0
MA-BA-50,Falmouth 5.4 NNE,41.622586,-70.582703,2025-08-27,0.0,0.0
MA-BA-50,Falmouth 5.4 NNE,41.622586,-70.582703,2025-08-28,0.0,0.0
MA-BA-50,Falmouth 5.4 NNE,41.622586,-70.582703,2025-08-29,0.0,0.0
MA-BA-50,Falmouth 5.4 NNE,41.622586,-70.582703,2025-08-30,0.64,0.5905511899022605
MA-BA-50,Falmouth 5.4 NNE,41.622586,-70.582703,2025-08-31,0.0,0.0
MA-BA-50,Falmouth 5.4 NNE,41.622586,-70.582703,2025-09-01,0.0,0.0
MA-BA-50,Falmouth 5.4 NNE,41.622586,-70.582703,2025-09-02,0.0,0.0
MA-BA-50,Falmouth 5.4 NNE,41.622586,-70.582703,2025-09-03,0.0,0.0
MA-BA-50,Falmouth 5.4 NNE,41.622586,-70.582703,2025-09-04,0.0,0.0
MA-BA-50,Falmouth 5.4 NNE,41.622586,-70.582703,2025-09-05,0.0,0.003937007932681738
MA-BA-50,Falmouth 5.4 NNE,41.622586,-70.582703,2025-09-06,0.0,0.0
MA-BA-50,Falmouth 5.4 NNE,41.622586,-70.582703,2025-09-07,0.04,0.763779538940257
MA-BA-50,Falmouth 5.4 NNE,41.622586,-70.582703,2025-09-08,0.79,0.007874015865363475
MA-BA-50,Falmouth 5.4 NNE,41.622586,-70.582703,2025-09-09,0.0,0.0
MA-BA-50,Falmouth 5.4 NNE,41.622586,-70.582703,2025-09-10,0.0,0.0
MA-BA-50,Falmouth 5.4 NNE,41.622586,-70.582703,2025-09-11,0.0,0.0
MA-BA-50,Falmouth 5.4 NNE,41.622586,-70.582703,2025-09-12,0.0,0.0
MA-BA-50,Falmouth 5.4 NNE,41.622586,-70.582703,2025-09-13,0.0,0.0
MA-BA-50,Falmouth 5.4 NNE,41.622586,-70.582703,2025-09-14,0.0,0.0
MA-BA-50,Falmouth 5.4 NNE,41.622586,-70.582703,2025-09-15,0.0,0.0
MA-BA-50,Falmouth 5.4 NNE,41.622586,-70.582703,2025-09-16,0.0,0.0
MA-BA-50,Falmouth 5.4 NNE,41.622586,-70.582703,2025-09-17,0.0,0.09842519831704344
MA-BA-50,Falmouth 5.4 NNE,41.622586,-70.582703,2025-09-18,0.16,0.30708661874917553
MA-BA-50,Falmouth 5.4 NNE,41.622586,-70.582703,2025-09-19,0.0,0.0
MA-BA-50,Falmouth 5.4 NNE,41.622586,-70.582703,2025-09-20,0.0,0.0
MA-BA-50,Falmouth 5.4 NNE,41.622586,-70.582703,2025-09-21,0.0,0.0
MA-BA-50,Falmouth 5.4 NNE,41.622586,-70.582703,2025-09-22,0.0,0.0
MA-BA-50,Falmouth 5.4 NNE,41.622586,-70.582703,2025-09-23,0.0,0.0
MA-BA-50,Falmouth 5.4 NNE,41.622586,-70.582703,2025-09-24,0.0,1.421259863698107
MA-BA-50,Falmouth 5.4 NNE,41.622586,-70.582703,2025-09-25,0.95,2.1259842836481377
MA-BA-50,Falmouth 5.4 NNE,41.622586,-70.582703,2025-09-26,0.45,0.0
MA-BA-50,Falmouth 5.4 NNE,41.622586,-70.582703,2025-09-27,0.0,0.0
MA-BA-50,Falmouth 5.4 NNE,41.622586,-70.582703,2025-09-28,0.07,0.09842519831704342
MA-BA-50,Falmouth 5.4 NNE,41.622586,-70.582703,2025-09-29,0.0,0.0
MA-BA-50,Falmouth 5.4 NNE,41.622586,-70.582703,2025-09-30,0.0,0.0
MA-BA-50,Falmouth 5.4 NNE,41.622586,-70.582703,2025-10-01,0.0,0.0
MA-BA-50,Falmouth 5.4 NNE,41.622586,-70.582703,2025-10-02,0.0,0.0
MA-BA-50,Falmouth 5.4 NNE,41.622586,-70.582703,2025-10-03,0.0,0.0
MA-BA-50,Falmouth 5.4 NNE,41.622586,-70.582703,2025-10-04,0.0,0.0
MA-BA-50,Falmouth 5.4 NNE,41.622586,-70.582703,2025-10-05,0.0,0.0
MA-BA-50,Falmouth 5.4 NNE,41.622586,-70.582703,2025-10-06,0.0,0.0
MA-BA-50,Falmouth 5.4 NNE,41.622586,-70.582703,2025-10-07,0.0,0.0
MA-BA-50,Falmouth 5.4 NNE,41.622586,-70.582703,2025-10-08,0.0,0.7362204834114848
MA-BA-50,Falmouth 5.4 NNE,41.622586,-70.582703,2025-10-09,0.88,0.0
MA-BA-50,Falmouth 5.4 NNE,41.622586,-70.582703,2025-10-10,0.0,0.0
MA-BA-50,Falmouth 5.4 NNE,41.622586,-70.582703,2025-10-11,0.0,0.0
MA-BA-50,Falmouth 5.4 NNE,41.622586,-70.582703,2025-10-12,0.0,0.7637795389402571
MA-BA-50,Falmouth 5.4 NNE,41.622586,-70.582703,2025-10-13,2.27,2.0393701091291403
MA-BA-50,Falmouth 5.4 NNE,41.622586,-70.582703,2025-10-14,1.37,0.9488189117762987
MA-BA-50,Falmouth 5.4 NNE,41.622586,-70.582703,2025-10-15,0.25,0.0
MA-BA-50,Falmouth 5.4 NNE,41.622586,-70.582703,2025-10-16,0.0,0.0
MA-BA-50,Falmouth 5.4 NNE,41.622586,-70.582703,2025-10-17,0.0,0.0
MA-BA-50,Falmouth 5.4 NNE,41.622586,-70.582703,2025-10-18,0.0,0.0
MA-BA-50,Falmouth 5.4 NNE,41.622586,-70.582703,2025-10-19,0.0,0.0
MA-BA-50,Falmouth 5.4 NNE,41.622586,-70.582703,2025-10-20,0.0,0.629921269229078
MA-BA-50,Falmouth 5.4 NNE,41.622586,-70.582703,2025-10-21,0.48,0.0
MA-BA-50,Falmouth 5.4 NNE,41.622586,-70.582703,2025-10-22,0.01,0.019685039663408687
MA-BA-50,Falmouth 5.4 NNE,41.622586,-70.582703,2025-10-23,0.0,0.0
MA-BA-50,Falmouth 5.4 NNE,41.622586,-70.582703,2025-10-24,0.0,0.0
MA-BA-50,Falmouth 5.4 NNE,41.622586,-70.582703,2025-10-25,0.0,0.0
MA-BA-50,Falmouth 5.4 NNE,41.622586,-70.582703,2025-10-26,0.0,0.0
MA-BA-50,Falmouth 5.4 NNE,41.622586,-70.582703,2025-10-27,0.0,0.0
MA-BA-50,Falmouth 5.4 NNE,41.622586,-70.582703,2025-10-28,0.03,0.0629921269229078
MA-BA-50,Falmouth 5.4 NNE,41.622586,-70.582703,2025-10-29,0.02,0.01574803173072695
MA-BA-50,Falmouth 5.4 NNE,41.622586,-70.582703,2025-10-30,0.04,0.051181103124862584
MA-BA-50,Falmouth 5.4 NNE,41.622586,-70.582703,2025-10-31,1.35,1.2992126177849734
MA-BA-50,Falmouth 5.4 NNE,41.622586,-70.582703,2025-11-01,0.0,0.0
MA-BA-50,Falmouth 5.4 NNE,41.622586,-70.582703,2025-11-02,0.0,0.0
MA-BA-50,Falmouth 5.4 NNE,41.622586,-70.582703,2025-11-03,0.0,0.22440945216285904
MA-BA-50,Falmouth 5.4 NNE,41.622586,-70.582703,2025-11-04,0.33,0.1377952776438608
MA-BA-50,Falmouth 5.4 NNE,41.622586,-70.582703,2025-11-05,0.0,0.0
MA-BA-50,Falmouth 5.4 NNE,41.622586,-70.582703,2025-11-06,0.02,0.0629921269229078
MA-BA-50,Falmouth 5.4 NNE,41.622586,-70.582703,2025-11-07,0.0,0.0
MA-BA-50,Falmouth 5.4 NNE,41.622586,-70.582703,2025-11-10,1.82,1.0118110386992065
MA-BA-50,Falmouth 5.4 NNE,41.622586,-70.582703,2025-11-11,0.43,0.019685039663408687
MA-BA-50,Falmouth 5.4 NNE,41.622586,-70.582703,2025-11-12,0.0,0.0
MA-BA-50,Falmouth 5.4 NNE,41.622586,-70.582703,2025-11-13,0.0,0.0314960634614539
MA-BA-50,Falmouth 5.4 NNE,41.622586,-70.582703,2025-11-14,0.01,0.0
MA-BA-50,Falmouth 5.4 NNE,41.622586,-70.582703,2025-11-15,0.0,0.0
MA-BA-50,Falmouth 5.4 NNE,41.622586,-70.582703,2025-11-16,0.7,0.7677165468729387
MA-BA-50,Falmouth 5.4 NNE,41.622586,-70.582703,2025-11-17,0.0,0.0
MA-BA-50,Falmouth 5.4 NNE,41.622586,-70.582703,2025-11-18,0.0,0.0
MA-BA-50,Falmouth 5.4 NNE,41.622586,-70.582703,2025-11-19,0.0,0.0
MA-BA-50,Falmouth 5.4 NNE,41.622586,-70.582703,2025-11-20,0.0,0.0
MA-BA-50,Falmouth 5.4 NNE,41.622586,-70.582703,2025-11-21,0.0,0.0
MA-BA-50,Falmouth 5.4 NNE,41.622586,-70.582703,2025-11-22,0.05,0.21259842836481382
MA-BA-50,Falmouth 5.4 NNE,41.622586,-70.582703,2025-11-23,0.15,0.01574803173072695
MA-BA-50,Falmouth 5.4 NNE,41.622586,-70.582703,2025-11-24,0.01,0.0
MA-BA-50,Falmouth 5.4 NNE,41.622586,-70.582703,2025-11-25,0.0,0.0
MA-BA-50,Falmouth 5.4 NNE,41.622586,-70.582703,2025-11-26,0.23,0.24015748389358596
MA-BA-50,Falmouth 5.4 NNE,41.622586,-70.582703,2025-11-27,0.03,0.011811023798045212
MA-BA-50,Falmouth 5.4 NNE,41.622586,-70.582703,2025-11-29,0.0,0.0
MA-BA-50,Falmouth 5.4 NNE,41.622586,-70.582703,2025-11-30,0.0,0.074803150720953
MA-BA-50,Falmouth 5.4 NNE,41.622586,-70.582703,2025-12-01,0.27,0.3661417377394015
MA-BA-50,Falmouth 5.4 NNE,41.622586,-70.582703,2025-12-02,0.0,0.5472441026427615
MA-BA-50,Falmouth 5.4 NNE,41.622586,-70.582703,2025-12-03,0.88,0.36220472980671986
MA-BA-50,Falmouth 5.4 NNE,41.622586,-70.582703,2025-12-07,0.03,0.0
MA-BA-50,Falmouth 5.4 NNE,41.622586,-70.582703,2025-12-10,0.02,0.05905511899022606
MA-BA-50,Falmouth 5.4 NNE,41.622586,-70.582703,2025-12-11,0.0,0.02755905552877216
MA-BA-50,Falmouth 5.4 NNE,41.622586,-70.582703,2025-12-12,0.0,0.0
MA-BA-50,Falmouth 5.4 NNE,41.622586,-70.582703,2025-12-13,0.0,0.0
MA-BA-50,Falmouth 5.4 NNE,41.622586,-70.582703,2025-12-16,0.0,0.0
MA-BA-50,Falmouth 5.4 NNE,41.622586,-70.582703,2025-12-17,0.0,0.0
MA-BA-50,Falmouth 5.4 NNE,41.622586,-70.582703,2025-12-18,0.0,0.0
MA-BA-50,Falmouth 5.4 NNE,41.622586,-70.582703,2025-12-19,0.07,0.6062992216329877
MA-BA-50,Falmouth 5.4 NNE,41.622586,-70.582703,2025-12-20,0.42,0.039370079326817374
MA-BA-50,Falmouth 5.4 NNE,41.622586,-70.582703,2025-12-21,0.0,0.0
MA-BA-50,Falmouth 5.4 NNE,41.622586,-70.582703,2025-12-22,0.0,0.0
MA-BA-50,Falmouth 5.4 NNE,41.622586,-70.582703,2025-12-23,0.0,0.04330708725949911
MA-BA-50,Falmouth 5.4 NNE,41.622586,-70.582703,2025-12-24,0.09,0.08661417451899824
MA-BA-50,Falmouth 5.4 NNE,41.622586,-70.582703,2025-12-25,0.0,0.0
MA-BA-50,Falmouth 5.4 NNE,41.622586,-70.582703,2025-12-26,0.0,0.0
MA-BA-50,Falmouth 5.4 NNE,41.622586,-70.582703,2025-12-27,0.28,0.19291338870140515
MA-BA-50,Falmouth 5.4 NNE,41.622586,-70.582703,2025-12-28,0.01,0.0
MA-BA-50,Falmouth 5.4 NNE,41.622586,-70.582703,2025-12-29,0.3,0.4881889836525355
MA-BA-50,Falmouth 5.4 NNE,41.622586,-70.582703,2025-12-30,0.23,0.0
MA-BA-50,Falmouth 5.4 NNE,41.622586,-70.582703,2025-12-31,0.0,0.0
MA-BA-112,North Falmouth 1.0 NE,41.651097,-70.619223,2025-04-15,0.1,0.17716535697067817
MA-BA-112,North Falmouth 1.0 NE,41.651097,-70.619223,2025-04-16,0.03,0.011811023798045212
MA-BA-112,North Falmouth 1.0 NE,41.651097,-70.619223,2025-04-17,0.0,0.0
MA-BA-112,North Falmouth 1.0 NE,41.651097,-70.619223,2025-04-18,0.0,0.0
MA-BA-112,North Falmouth 1.0 NE,41.651097,-70.619223,2025-04-19,0.0,0.0
MA-BA-112,North Falmouth 1.0 NE,41.651097,-70.619223,2025-04-20,0.0,0.0
MA-BA-112,North Falmouth 1.0 NE,41.651097,-70.619223,2025-04-21,0.0,0.0
MA-BA-112,North Falmouth 1.0 NE,41.651097,-70.619223,2025-04-22,0.13,0.11811023798045213
MA-BA-112,North Falmouth 1.0 NE,41.651097,-70.619223,2025-04-23,0.0,0.0
MA-BA-112,North Falmouth 1.0 NE,41.651097,-70.619223,2025-04-24,0.0,0.0
MA-BA-112,North Falmouth 1.0 NE,41.651097,-70.619223,2025-04-25,0.0,0.0
MA-BA-112,North Falmouth 1.0 NE,41.651097,-70.619223,2025-04-26,0.0,0.555118118508125
MA-BA-112,North Falmouth 1.0 NE,41.651097,-70.619223,2025-04-27,0.45,0.16929134110531469
MA-BA-112,North Falmouth 1.0 NE,41.651097,-70.619223,2025-04-28,0.0,0.0
MA-BA-112,North Falmouth 1.0 NE,41.651097,-70.619223,2025-04-29,0.0,0.0
MA-BA-112,North Falmouth 1.0 NE,41.651097,-70.619223,2025-04-30,0.0,0.0
MA-BA-112,North Falmouth 1.0 NE,41.651097,-70.619223,2025-05-01,0.0,0.0
MA-BA-112,North Falmouth 1.0 NE,41.651097,-70.619223,2025-05-02,0.38,0.49606299951789895
MA-BA-112,North Falmouth 1.0 NE,41.651097,-70.619223,2025-05-03,0.0,0.0
MA-BA-112,North Falmouth 1.0 NE,41.651097,-70.619223,2025-05-04,0.0,0.0
MA-BA-112,North Falmouth 1.0 NE,41.651097,-70.619223,2025-05-07,0.09,0.0
MA-BA-112,North Falmouth 1.0 NE,41.651097,-70.619223,2025-05-08,0.0,0.0
MA-BA-112,North Falmouth 1.0 NE,41.651097,-70.619223,2025-05-10,1.13,0.3779527615374467
MA-BA-112,North Falmouth 1.0 NE,41.651097,-70.619223,2025-05-13,0.0,0.0
MA-BA-112,North Falmouth 1.0 NE,41.651097,-70.619223,2025-05-18,0.01,0.011811023798045212
MA-BA-112,North Falmouth 1.0 NE,41.651097,-70.619223,2025-05-19,0.0,0.0
MA-BA-112,North Falmouth 1.0 NE,41.651097,-70.619223,2025-05-20,0.0,0.0
MA-BA-112,North Falmouth 1.0 NE,41.651097,-70.619223,2025-05-22,0.1,1.7322834903799644
MA-BA-112,North Falmouth 1.0 NE,41.651097,-70.619223,2025-05-23,3.5,1.6889764031204653
MA-BA-112,North Falmouth 1.0 NE,41.651097,-70.619223,2025-05-24,0.0,0.02755905552877216
MA-BA-112,North Falmouth 1.0 NE,41.651097,-70.619223,2025-05-28,0.0,0.0
MA-BA-112,North Falmouth 1.0 NE,41.651097,-70.619223,2025-05-29,0.13,0.1456692935092243
MA-BA-112,North Falmouth 1.0 NE,41.651097,-70.619223,2025-05-30,0.02,0.0
MA-BA-112,North Falmouth 1.0 NE,41.651097,-70.619223,2025-05-31,0.14,0.21653543629749555
MA-BA-112,North Falmouth 1.0 NE,41.651097,-70.619223,2025-06-01,0.0,0.0
MA-BA-112,North Falmouth 1.0 NE,41.651097,-70.619223,2025-06-02,0.0,0.0
MA-BA-112,North Falmouth 1.0 NE,41.651097,-70.619223,2025-06-03,0.0,0.0
MA-BA-112,North Falmouth 1.0 NE,41.651097,-70.619223,2025-06-04,0.0,0.0
MA-BA-112,North Falmouth 1.0 NE,41.651097,-70.619223,2025-06-06,0.0,0.0
MA-BA-112,North Falmouth 1.0 NE,41.651097,-70.619223,2025-06-07,0.0,0.38582677740281024
MA-BA-112,North Falmouth 1.0 NE,41.651097,-70.619223,2025-06-10,,0.7716535548056205
MA-BA-112,North Falmouth 1.0 NE,41.651097,-70.619223,2025-06-11,0.55,0.0
MA-BA-112,North Falmouth 1.0 NE,41.651097,-70.619223,2025-06-12,0.0,0.0
MA-BA-112,North Falmouth 1.0 NE,41.651097,-70.619223,2025-06-13,0.0,0.0
MA-BA-112,North Falmouth 1.0 NE,41.651097,-70.619223,2025-06-14,0.0,0.07086614278827127
MA-BA-112,North Falmouth 1.0 NE,41.651097,-70.619223,2025-06-20,0.0,0.0
MA-BA-112,North Falmouth 1.0 NE,41.651097,-70.619223,2025-06-21,0.0,0.0
MA-BA-112,North Falmouth 1.0 NE,41.651097,-70.619223,2025-06-22,0.0,0.019685039663408687
MA-BA-112,North Falmouth 1.0 NE,41.651097,-70.619223,2025-06-23,0.0,0.0
MA-BA-112,North Falmouth 1.0 NE,41.651097,-70.619223,2025-06-24,0.0,0.0
MA-BA-112,North Falmouth 1.0 NE,41.651097,-70.619223,2025-06-25,0.0,0.0
MA-BA-112,North Falmouth 1.0 NE,41.651097,-70.619223,2025-06-26,0.0,0.051181103124862584
MA-BA-112,North Falmouth 1.0 NE,41.651097,-70.619223,2025-06-29,0.0,0.0
MA-BA-112,North Falmouth 1.0 NE,41.651097,-70.619223,2025-06-30,0.0,0.0
MA-BA-112,North Falmouth 1.0 NE,41.651097,-70.619223,2025-07-03,0.0,0.0
MA-BA-112,North Falmouth 1.0 NE,41.651097,-70.619223,2025-07-04,0.12,0.1889763807687234
MA-BA-112,North Falmouth 1.0 NE,41.651097,-70.619223,2025-07-05,0.0,0.0
MA-BA-112,North Falmouth 1.0 NE,41.651097,-70.619223,2025-07-06,0.0,0.0
MA-BA-112,North Falmouth 1.0 NE,41.651097,-70.619223,2025-07-09,0.52,0.8031496182670744
MA-BA-112,North Falmouth 1.0 NE,41.651097,-70.619223,2025-07-19,0.0,0.0
MA-BA-112,North Falmouth 1.0 NE,41.651097,-70.619223,2025-08-06,0.0,0.0
MA-BA-112,North Falmouth 1.0 NE,41.651097,-70.619223,2025-08-07,0.0,0.0
MA-BA-112,North Falmouth 1.0 NE,41.651097,-70.619223,2025-08-08,0.0,0.0
MA-BA-112,North Falmouth 1.0 NE,41.651097,-70.619223,2025-08-09,0.0,0.0
MA-BA-112,North Falmouth 1.0 NE,41.651097,-70.619223,2025-08-10,0.0,0.0
MA-BA-112,North Falmouth 1.0 NE,41.651097,-70.619223,2025-08-11,0.0,0.0
MA-BA-112,North Falmouth 1.0 NE,41.651097,-70.619223,2025-08-12,0.0,0.0
MA-BA-112,North Falmouth 1.0 NE,41.651097,-70.619223,2025-08-13,0.0,0.0
MA-BA-112,North Falmouth 1.0 NE,41.651097,-70.619223,2025-08-20,0.0,0.14566929350922428
MA-BA-112,North Falmouth 1.0 NE,41.651097,-70.619223,2025-08-21,1.08,1.0629921418240689
MA-BA-112,North Falmouth 1.0 NE,41.651097,-70.619223,2025-08-22,0.0,0.0
MA-BA-112,North Falmouth 1.0 NE,41.651097,-70.619223,2025-08-23,0.0,0.0
MA-BA-112,North Falmouth 1.0 NE,41.651097,-70.619223,2025-08-24,0.0,0.0
MA-BA-112,North Falmouth 1.0 NE,41.651097,-70.619223,2025-08-25,0.0,0.003937007932681738
MA-BA-112,North Falmouth 1.0 NE,41.651097,-70.619223,2025-08-26,0.0,0.0
MA-BA-112,North Falmouth 1.0 NE,41.651097,-70.619223,2025-08-27,0.0,0.0
MA-BA-112,North Falmouth 1.0 NE,41.651097,-70.619223,2025-09-04,0.0,0.0
MA-BA-112,North Falmouth 1.0 NE,41.651097,-70.619223,2025-09-05,0.01,0.023622047596090424
MA-BA-112,North Falmouth 1.0 NE,41.651097,-70.619223,2025-09-06,0.0,0.0
MA-BA-112,North Falmouth 1.0 NE,41.651097,-70.619223,2025-09-07,0.02,0.8661417451899821
MA-BA-112,North Falmouth 1.0 NE,41.651097,-70.619223,2025-09-08,0.96,0.01574803173072695
MA-BA-112,North Falmouth 1.0 NE,41.651097,-70.619223,2025-09-09,0.0,0.0
MA-BA-112,North Falmouth 1.0 NE,41.651097,-70.619223,2025-09-24,0.07,1.3503937209098358
MA-BA-112,North Falmouth 1.0 NE,41.651097,-70.619223,2025-09-25,1.56,2.3346457040802697
MA-BA-112,North Falmouth 1.0 NE,41.651097,-70.619223,2025-09-26,0.46,0.011811023798045212
MA-BA-112,North Falmouth 1.0 NE,41.651097,-70.619223,2025-09-27,0.0,0.0
MA-BA-112,North Falmouth 1.0 NE,41.651097,-70.619223,2025-10-01,0.0,0.0
MA-BA-112,North Falmouth 1.0 NE,41.651097,-70.619223,2025-10-02,0.0,0.0
MA-BA-112,North Falmouth 1.0 NE,41.651097,-70.619223,2025-10-03,0.0,0.0
MA-BA-112,North Falmouth 1.0 NE,41.651097,-70.619223,2025-10-17,0.0,0.0
MA-BA-112,North Falmouth 1.0 NE,41.651097,-70.619223,2025-10-18,0.0,0.0
MA-BA-112,North Falmouth 1.0 NE,41.651097,-70.619223,2025-10-19,0.0,0.0
MA-BA-112,North Falmouth 1.0 NE,41.651097,-70.619223,2025-10-20,0.0,0.645669300959805
MA-BA-112,North Falmouth 1.0 NE,41.651097,-70.619223,2025-10-21,0.69,0.0
MA-BA-112,North Falmouth 1.0 NE,41.651097,-70.619223,2025-10-22,0.01,0.0314960634614539
MA-BA-112,North Falmouth 1.0 NE,41.651097,-70.619223,2025-10-23,0.0,0.0
MA-BA-112,North Falmouth 1.0 NE,41.651097,-70.619223,2025-10-24,0.0,0.0
MA-BA-112,North Falmouth 1.0 NE,41.651097,-70.619223,2025-10-25,0.0,0.0
MA-BA-112,North Falmouth 1.0 NE,41.651097,-70.619223,2025-10-26,0.0,0.0
MA-BA-112,North Falmouth 1.0 NE,41.651097,-70.619223,2025-10-27,0.0,0.0
MA-BA-112,North Falmouth 1.0 NE,41.651097,-70.619223,2025-10-28,0.01,0.04330708725949911
MA-BA-112,North Falmouth 1.0 NE,41.651097,-70.619223,2025-10-29,0.01,0.0
MA-BA-112,North Falmouth 1.0 NE,41.651097,-70.619223,2025-10-30,0.04,0.07086614278827127
MA-BA-112,North Falmouth 1.0 NE,41.651097,-70.619223,2025-10-31,1.59,1.2952756098522917
MA-BA-112,North Falmouth 1.0 NE,41.651097,-70.619223,2025-11-01,0.0,0.0
MA-BA-112,North Falmouth 1.0 NE,41.651097,-70.619223,2025-11-05,0.0,0.0
MA-BA-112,North Falmouth 1.0 NE,41.651097,-70.619223,2025-11-09,0.02,0.9251968641802082
MA-BA-112,North Falmouth 1.0 NE,41.651097,-70.619223,2025-11-12,0.0,0.0
MA-BA-112,North Falmouth 1.0 NE,41.651097,-70.619223,2025-11-13,0.0,0.019685039663408687
MA-BA-112,North Falmouth 1.0 NE,41.651097,-70.619223,2025-11-14,0.0,0.0
MA-BA-112,North Falmouth 1.0 NE,41.651097,-70.619223,2025-11-15,0.0,0.0
MA-BA-112,North Falmouth 1.0 NE,41.651097,-70.619223,2025-11-16,0.64,0.7519685151422117
MA-BA-112,North Falmouth 1.0 NE,41.651097,-70.619223,2025-11-17,0.0,0.0
MA-BA-112,North Falmouth 1.0 NE,41.651097,-70.619223,2025-11-18,0.0,0.0
MA-BA-112,North Falmouth 1.0 NE,41.651097,-70.619223,2025-11-19,0.0,0.0
MA-BA-112,North Falmouth 1.0 NE,41.651097,-70.619223,2025-11-20,0.0,0.0
MA-BA-112,North Falmouth 1.0 NE,41.651097,-70.619223,2025-11-21,0.0,0.0
MA-BA-112,North Falmouth 1.0 NE,41.651097,-70.619223,2025-11-23,0.23,0.011811023798045212
MA-BA-112,North Falmouth 1.0 NE,41.651097,-70.619223,2025-12-03,0.74,0.314960634614539
MA-BA-112,North Falmouth 1.0 NE,41.651097,-70.619223,2025-12-04,0.0,0.0
MA-BA-112,North Falmouth 1.0 NE,41.651097,-70.619223,2025-12-05,0.0,0.0
MA-BA-112,North Falmouth 1.0 NE,41.651097,-70.619223,2025-12-10,0.03,0.07874015865363475
MA-BA-112,North Falmouth 1.0 NE,41.651097,-70.619223,2025-12-13,0.0,0.0
MA-BA-112,North Falmouth 1.0 NE,41.651097,-70.619223,2025-12-14,0.18,0.3622047298067199
MA-BA-112,North Falmouth 1.0 NE,41.651097,-70.619223,2025-12-15,0.14,0.01968503966340869
MA-BA-112,North Falmouth 1.0 NE,41.651097,-70.619223,2025-12-16,0.0,0.0
MA-BA-112,North Falmouth 1.0 NE,41.651097,-70.619223,2025-12-17,0.0,0.0
MA-BA-112,North Falmouth 1.0 NE,41.651097,-70.619223,2025-12-30,0.18,0.0
MA-BA-112,North Falmouth 1.0 NE,41.651097,-70.619223,2025-12-31,0.0,0.0
