outfall_id,discharge_date,discharge_time,report_type,event_status,event_type,duration,volume_discharged_gallons,rainfall_in,location,water_body,incident_number,submitted_date
NEW003,2022-07-06,12:30 AM,Public Notification Report,Initial-Ceased,CSO - UnTreated,,,,COVE RD & PADNARAM AVE,CLARK COVE,22000019,2022-07-07 11:28:37
NEW003,2022-07-06,12:30 AM,Verified Data Report,,CSO - UnTreated,12h 33m,230000,0.04,COVE RD & PADNARAM AVE,CLARK COVE,22000350,2022-08-29 07:08:52
NEW018,2022-07-07,2:19 PM,Verified Data Report,,CSO - UnTreated,1h 36m,100000,0.05,COVE ST AND E. RODNEY FRENCH BLVD,OUTER NEW BEDFORD HARBOR,22000351,2022-08-29 07:12:20
NEW022,2022-07-09,3:14 AM,Verified Data Report,,CSO - UnTreated,6h 40m,40000,0.05,SAWYER ST AT ACUSHNET R,ACUSHNET RIVER,22000352,2022-08-29 07:14:50
NEW013,2022-07-12,6:50 PM,Public Notification Report,Initial-Ceased,CSO - UnTreated,,,,AQUIDNECK & RFB,OUTER NEW BEDFORD HARBOR,22000035,2022-07-13 16:09:45
NEW022,2022-07-12,1:15 PM,Verified Data Report,,CSO - UnTreated,0h 40m,0,0.00,SAWYER ST AT ACUSHNET R,ACUSHNET RIVER,22000353,2022-08-29 07:16:57
NEW013,2022-07-12,6:00 PM,Verified Data Report,,CSO - UnTreated,2h 0m,2080000,0.00,AQUIDNECK & RFB,OUTER NEW BEDFORD HARBOR,22000354,2022-08-29 07:19:02
NEW013,2022-07-13,8:00 PM,Verified Data Report,,CSO - UnTreated,1h 20m,10000,0.00,AQUIDNECK & RFB,OUTER NEW BEDFORD HARBOR,22000355,2022-08-29 07:20:46
NEW013,2022-07-14,8:50 PM,Public Notification Report,Initial-Ceased,CSO - UnTreated,,,,AQUIDNECK & RFB,OUTER NEW BEDFORD HARBOR,22000065,2022-07-15 11:07:25
NEW017,2022-07-14,7:35 PM,Public Notification Report,Initial-Ceased,CSO - UnTreated,,,,DAVID ST & RFB,OUTER NEW BEDFORD HARBOR,22000066,2022-07-15 11:08:29
NEW017,2022-07-14,7:35 PM,Verified Data Report,,CSO - UnTreated,0h 10m,0,0.00,DAVID ST & RFB,OUTER NEW BEDFORD HARBOR,22000356,2022-08-29 07:22:10
NEW013,2022-07-14,8:50 PM,Verified Data Report,,CSO - UnTreated,1h 30m,20000,0.00,AQUIDNECK & RFB,OUTER NEW BEDFORD HARBOR,22000357,2022-08-29 07:23:16
NEW041,2022-08-09,5:35 PM,Public Notification Report,Initial-Ceased,CSO - UnTreated,,,,BELLEVILLE RD AT ACUSHNET R,ACUSHNET RIVER,22000178,2022-08-10 09:30:55
NEW027,2022-08-09,6:20 PM,Public Notification Report,Initial-Ceased,CSO - UnTreated,,,,MILL RD AT ACUSHNET RIVER,ACUSHNET RIVER,22000179,2022-08-10 09:34:48
NEW022,2022-08-09,6:35 PM,Public Notification Report,Initial-Ceased,CSO - UnTreated,,,,SAWYER ST AT ACUSHNET R,ACUSHNET RIVER,22000181,2022-08-10 09:42:17
NEW008,2022-08-09,7:00 PM,Public Notification Report,Initial-Ceased,CSO - UnTreated,,,,CALUMET ST & RFB,CLARK COVE,22000182,2022-08-10 09:53:22
NEW018,2022-08-09,7:00 PM,Public Notification Report,Initial-Ceased,CSO - UnTreated,,,,COVE ST AND E. RODNEY FRENCH BLVD,OUTER NEW BEDFORD HARBOR,22000183,2022-08-10 09:54:55
NEW003,2022-08-09,7:05 PM,Public Notification Report,Initial-Ceased,CSO - UnTreated,,,,COVE RD & PADNARAM AVE,CLARK COVE,22000184,2022-08-10 09:56:20
NEW005,2022-08-09,7:05 PM,Public Notification Report,Initial-Ceased,CSO - UnTreated,,,,DUDLEY & RFB,CLARK COVE,22000185,2022-08-10 10:00:11
NEW006,2022-08-09,7:05 PM,Public Notification Report,Initial-Ceased,CSO - UnTreated,,,,LUCAS STREET & RFB,CLARK COVE,22000186,2022-08-10 10:01:42
NEW010,2022-08-09,7:05 PM,Public Notification Report,Initial-Ceased,CSO - UnTreated,,,,BELLEVUE ST & RFB,CLARK COVE,22000187,2022-08-10 10:04:29
NEW013,2022-08-09,7:05 PM,Public Notification Report,Initial-Ceased,CSO - UnTreated,,,,AQUIDNECK & RFB,OUTER NEW BEDFORD HARBOR,22000188,2022-08-10 10:05:50
NEW016,2022-08-09,7:05 PM,Public Notification Report,Initial-Ceased,CSO - UnTreated,,,,FREDERICK ST & RFB,OUTER NEW BEDFORD HARBOR,22000189,2022-08-10 10:06:47
NEW017,2022-08-09,7:05 PM,Public Notification Report,Initial-Ceased,CSO - UnTreated,,,,DAVID ST & RFB,OUTER NEW BEDFORD HARBOR,22000190,2022-08-10 10:08:18
NEW031,2022-08-09,7:05 PM,Public Notification Report,Initial-Ceased,CSO - UnTreated,,,,CONWAY ST AT BUZZARDS BAY,INNER NEW BEDFORD HARBOR,22000191,2022-08-10 10:09:26
NEW007,2022-08-09,7:10 PM,Public Notification Report,Initial-Ceased,CSO - UnTreated,,,,CAPITAL AND ROD. FRENCH BLVD,CLARK COVE,22000192,2022-08-10 10:10:41
NEW012,2022-08-09,7:10 PM,Public Notification Report,Initial-Ceased,CSO - UnTreated,,,,RICKETSON ST,OUTER NEW BEDFORD HARBOR,22000193,2022-08-10 10:13:56
NEW041,2022-08-09,5:35 PM,Verified Data Report,,CSO - UnTreated,0h 45m,80000,2.00,BELLEVILLE RD AT ACUSHNET R,ACUSHNET RIVER,22000641,2022-09-26 07:53:19
NEW008,2022-08-09,7:00 PM,Verified Data Report,,CSO - UnTreated,0h 4m,30000,0.65,CALUMET ST & RFB,CLARK COVE,22000643,2022-09-26 08:00:41
NEW006,2022-08-09,7:05 PM,Verified Data Report,,CSO - UnTreated,0h 11m,180000,0.65,LUCAS STREET & RFB,CLARK COVE,22000644,2022-09-26 08:05:32
NEW007,2022-08-09,7:10 PM,Verified Data Report,,CSO - UnTreated,0h 11m,90000,0.65,CAPITAL AND ROD. FRENCH BLVD,CLARK COVE,22000645,2022-09-26 08:07:38
NEW016,2022-08-09,7:05 PM,Verified Data Report,,CSO - UnTreated,0h 25m,90000,0.65,FREDERICK ST & RFB,OUTER NEW BEDFORD HARBOR,22000646,2022-09-26 08:14:24
NEW022,2022-08-09,6:35 PM,Verified Data Report,,CSO - UnTreated,1h 10m,8160000,2.00,SAWYER ST AT ACUSHNET R,ACUSHNET RIVER,22000647,2022-09-26 08:24:23
NEW013,2022-08-09,7:05 PM,Verified Data Report,,CSO - UnTreated,0h 55m,100000,0.65,AQUIDNECK & RFB,OUTER NEW BEDFORD HARBOR,22000648,2022-09-26 08:27:51
NEW027,2022-08-09,6:20 PM,Verified Data Report,,CSO - UnTreated,1h 40m,720000,2.00,MILL RD AT ACUSHNET RIVER,ACUSHNET RIVER,22000649,2022-09-26 08:30:03
NEW003,2022-08-09,7:05 PM,Verified Data Report,,CSO - UnTreated,1h 0m,720000,0.65,COVE RD & PADNARAM AVE,CLARK COVE,22000650,2022-09-26 08:33:54
NEW017,2022-08-09,7:05 PM,Verified Data Report,,CSO - UnTreated,1h 45m,3940000,0.65,DAVID ST & RFB,OUTER NEW BEDFORD HARBOR,22000652,2022-09-26 08:41:22
NEW018,2022-08-09,7:00 PM,Verified Data Report,,CSO - UnTreated,2h 20m,500000,0.65,COVE ST AND E. RODNEY FRENCH BLVD,OUTER NEW BEDFORD HARBOR,22000654,2022-09-26 08:46:18
NEW031,2022-08-09,7:05 PM,Verified Data Report,,CSO - UnTreated,13h 5m,5730000,0.65,CONWAY ST AT BUZZARDS BAY,INNER NEW BEDFORD HARBOR,22000655,2022-09-26 08:50:49
NEW005,2022-08-09,7:05 PM,Verified Data Report,,CSO - UnTreated,15h 58m,4320000,0.65,DUDLEY & RFB,CLARK COVE,22000656,2022-09-26 08:52:45
NEW010,2022-08-09,7:05 PM,Verified Data Report,,CSO - UnTreated,0h 0m,19240,0.65,BELLEVUE ST & RFB,CLARK COVE,22001255,2022-11-04 11:12:43
NEW012,2022-08-09,7:10 PM,Verified Data Report,,CSO - UnTreated,1h 20m,1182390,0.65,RICKETSON ST,OUTER NEW BEDFORD HARBOR,22001256,2022-11-04 11:19:05
NEW023,2022-08-09,6:30 PM,Verified Data Report,,CSO - UnTreated,2h 35m,7270000,2.00,COFFIN AVE,ACUSHNET RIVER,22001257,2022-11-04 11:28:54
NEW023,2022-08-10,6:30 PM,Public Notification Report,Initial-Ceased,CSO - UnTreated,,,,COFFIN AVE,ACUSHNET RIVER,22000180,2022-08-10 09:38:15
NEW010,2022-08-10,7:05 PM,Verified Data Report,,CSO - UnTreated,0h 0m,20000,0.65,BELLEVUE ST & RFB,CLARK COVE,22000642,2022-09-26 07:55:52
NEW041,2022-08-22,2:00 PM,Public Notification Report,Initial-Ceased,CSO - UnTreated,,,,BELLEVILLE RD AT ACUSHNET R,ACUSHNET RIVER,22000303,2022-08-23 10:04:18
NEW003,2022-08-22,2:15 PM,Public Notification Report,Initial-Ceased,CSO - UnTreated,,,,COVE RD & PADNARAM AVE,CLARK COVE,22000304,2022-08-23 10:05:11
NEW022,2022-08-22,2:15 PM,Public Notification Report,Initial-Ceased,CSO - UnTreated,,,,SAWYER ST AT ACUSHNET R,ACUSHNET RIVER,22000305,2022-08-23 10:06:22
NEW023,2022-08-22,2:20 PM,Public Notification Report,Initial-Ceased,CSO - UnTreated,,,,COFFIN AVE,ACUSHNET RIVER,22000306,2022-08-23 10:07:16
NEW027,2022-08-22,2:40 PM,Public Notification Report,Initial-Ceased,CSO - UnTreated,,,,MILL RD AT ACUSHNET RIVER,ACUSHNET RIVER,22000307,2022-08-23 10:08:07
NEW031,2022-08-22,3:15 PM,Public Notification Report,Initial-Ceased,CSO - UnTreated,,,,CONWAY ST AT BUZZARDS BAY,INNER NEW BEDFORD HARBOR,22000308,2022-08-23 10:09:24
NEW006,2022-08-22,4:00 PM,Public Notification Report,Initial-Ceased,CSO - UnTreated,,,,LUCAS STREET & RFB,CLARK COVE,22000309,2022-08-23 10:10:23
NEW041,2022-08-22,2:00 PM,Verified Data Report,,CSO - UnTreated,0h 25m,10000,0.68,BELLEVILLE RD AT ACUSHNET R,ACUSHNET RIVER,22000657,2022-09-26 08:54:50
NEW022,2022-08-22,2:15 PM,Verified Data Report,,CSO - UnTreated,1h 25m,830000,0.68,SAWYER ST AT ACUSHNET R,ACUSHNET RIVER,22000658,2022-09-26 08:56:19
NEW027,2022-08-22,2:15 PM,Verified Data Report,,CSO - UnTreated,1h 10m,330000,0.68,MILL RD AT ACUSHNET RIVER,ACUSHNET RIVER,22000659,2022-09-26 08:58:01
NEW003,2022-08-22,2:15 PM,Verified Data Report,,CSO - UnTreated,1h 45m,310000,0.08,COVE RD & PADNARAM AVE,CLARK COVE,22000660,2022-09-26 09:02:21
NEW006,2022-08-22,4:00 PM,Verified Data Report,,CSO - UnTreated,0h 55m,80000,0.08,LUCAS STREET & RFB,CLARK COVE,22000662,2022-09-26 09:06:31
NEW031,2022-08-22,3:10 PM,Verified Data Report,,CSO - UnTreated,2h 5m,450000,0.08,CONWAY ST AT BUZZARDS BAY,INNER NEW BEDFORD HARBOR,22000663,2022-09-26 09:09:56
NEW023,2022-08-22,2:20 PM,Verified Data Report,,CSO - UnTreated,3h 10m,7080000,0.68,COFFIN AVE,ACUSHNET RIVER,22000664,2022-09-26 09:11:35
NEW023,2022-08-23,4:45 PM,Public Notification Report,Initial-Ceased,CSO - UnTreated,,,,COFFIN AVE,ACUSHNET RIVER,22000319,2022-08-24 13:56:43
NEW005,2022-08-23,4:40 PM,Public Notification Report,Initial-Ceased,CSO - UnTreated,,,,DUDLEY & RFB,CLARK COVE,22000321,2022-08-24 13:58:50
NEW007,2022-08-23,4:40 PM,Public Notification Report,Initial-Ceased,CSO - UnTreated,,,,CAPITAL AND ROD. FRENCH BLVD,CLARK COVE,22000322,2022-08-24 14:00:00
NEW010,2022-08-23,4:40 PM,Public Notification Report,Initial-Ceased,CSO - UnTreated,,,,BELLEVUE ST & RFB,CLARK COVE,22000323,2022-08-24 14:01:32
NEW012,2022-08-23,4:40 PM,Public Notification Report,Initial-Ceased,CSO - UnTreated,,,,RICKETSON ST,OUTER NEW BEDFORD HARBOR,22000324,2022-08-24 14:02:09
NEW016,2022-08-23,4:40 PM,Public Notification Report,Initial-Ceased,CSO - UnTreated,,,,FREDERICK ST & RFB,OUTER NEW BEDFORD HARBOR,22000325,2022-08-24 14:03:06
NEW005,2022-08-23,4:40 PM,Verified Data Report,,CSO - UnTreated,16h 0m,4065130,1.36,DUDLEY & RFB,CLARK COVE,22001258,2022-11-04 11:37:45
NEW007,2022-08-23,4:40 PM,Verified Data Report,,CSO - UnTreated,0h 20m,125200,1.36,CAPITAL AND ROD. FRENCH BLVD,CLARK COVE,22001259,2022-11-04 11:39:29
NEW010,2022-08-23,4:40 PM,Verified Data Report,,CSO - UnTreated,0h 0m,2300,1.36,BELLEVUE ST & RFB,CLARK COVE,22001260,2022-11-04 11:42:17
NEW012,2022-08-23,4:40 PM,Verified Data Report,,CSO - UnTreated,2h 15m,2556530,1.36,RICKETSON ST,OUTER NEW BEDFORD HARBOR,22001261,2022-11-04 11:47:33
NEW016,2022-08-23,4:40 PM,Verified Data Report,,CSO - UnTreated,1h 15m,157430,1.36,FREDERICK ST & RFB,OUTER NEW BEDFORD HARBOR,22001262,2022-11-04 13:11:20
NEW023,2022-08-23,4:45 PM,Verified Data Report,,CSO - UnTreated,0h 0m,40,1.36,COFFIN AVE,ACUSHNET RIVER,22001263,2022-11-04 13:14:13
NEW006,2022-08-23,4:40 PM,Verified Data Report,,CSO - UnTreated,0h 55m,145090,1.36,LUCAS STREET & RFB,CLARK COVE,22001264,2022-11-04 13:16:42
NEW006,2022-08-24,4:40 PM,Public Notification Report,Initial-Ceased,CSO - UnTreated,,,,LUCAS STREET & RFB,CLARK COVE,22000320,2022-08-24 13:57:50
NEW003,2022-08-26,8:20 PM,Verified Data Report,,CSO - UnTreated,1h 45m,110000,0.08,COVE RD & PADNARAM AVE,CLARK COVE,22000665,2022-09-26 09:14:30
NEW003,2022-08-31,5:50 AM,Public Notification Report,Initial-Ceased,CSO - UnTreated,,,,COVE RD & PADNARAM AVE,CLARK COVE,22000368,2022-08-31 21:57:31
NEW022,2022-08-31,6:00 AM,Public Notification Report,Initial-Ceased,CSO - UnTreated,,,,SAWYER ST AT ACUSHNET R,ACUSHNET RIVER,22000369,2022-08-31 22:00:06
NEW008,2022-08-31,6:00 AM,Public Notification Report,Initial-Ceased,CSO - UnTreated,,,,CALUMET ST & RFB,CLARK COVE,22000370,2022-08-31 22:03:00
NEW023,2022-08-31,6:00 AM,Public Notification Report,Initial-Ceased,CSO - UnTreated,,,,COFFIN AVE,ACUSHNET RIVER,22000371,2022-08-31 22:04:55
NEW005,2022-08-31,6:05 AM,Public Notification Report,Initial-Ceased,CSO - UnTreated,,,,DUDLEY & RFB,CLARK COVE,22000372,2022-08-31 22:06:19
NEW013,2022-08-31,6:05 AM,Public Notification Report,Initial-Ceased,CSO - UnTreated,,,,AQUIDNECK & RFB,OUTER NEW BEDFORD HARBOR,22000373,2022-08-31 22:07:47
NEW017,2022-08-31,6:05 AM,Public Notification Report,Initial-Ceased,CSO - UnTreated,,,,DAVID ST & RFB,OUTER NEW BEDFORD HARBOR,22000374,2022-08-31 22:09:06
NEW018,2022-08-31,6:05 AM,Public Notification Report,Initial-Ceased,CSO - UnTreated,,,,COVE ST AND E. RODNEY FRENCH BLVD,OUTER NEW BEDFORD HARBOR,22000375,2022-08-31 22:10:45
NEW031,2022-08-31,6:30 AM,Public Notification Report,Initial-Ceased,CSO - UnTreated,,,,CONWAY ST AT BUZZARDS BAY,INNER NEW BEDFORD HARBOR,22000376,2022-08-31 22:12:09
NEW008,2022-08-31,6:00 AM,Verified Data Report,,CSO - UnTreated,0h 0m,0,0.48,CALUMET ST & RFB,CLARK COVE,22000666,2022-09-26 09:16:39
NEW005,2022-08-31,6:05 AM,Verified Data Report,,CSO - UnTreated,0h 5m,20000,0.48,DUDLEY & RFB,CLARK COVE,22000667,2022-09-26 09:19:07
NEW013,2022-08-31,6:05 AM,Verified Data Report,,CSO - UnTreated,0h 5m,0,0.48,AQUIDNECK & RFB,OUTER NEW BEDFORD HARBOR,22000668,2022-09-26 09:20:19
NEW022,2022-08-31,5:50 AM,Verified Data Report,,CSO - UnTreated,1h 5m,30000,0.42,SAWYER ST AT ACUSHNET R,ACUSHNET RIVER,22000669,2022-09-26 09:28:05
NEW017,2022-08-31,6:05 AM,Verified Data Report,,CSO - UnTreated,1h 10m,250000,0.48,DAVID ST & RFB,OUTER NEW BEDFORD HARBOR,22000670,2022-09-26 09:30:16
NEW018,2022-08-31,6:05 AM,Verified Data Report,,CSO - UnTreated,1h 25m,410000,0.48,COVE ST AND E. RODNEY FRENCH BLVD,OUTER NEW BEDFORD HARBOR,22000671,2022-09-26 09:34:12
NEW003,2022-08-31,5:50 AM,Verified Data Report,,CSO - UnTreated,1h 50m,550000,0.48,COVE RD & PADNARAM AVE,CLARK COVE,22000672,2022-09-26 09:36:03
NEW023,2022-08-31,6:00 AM,Verified Data Report,,CSO - UnTreated,1h 50m,1380000,0.42,COFFIN AVE,ACUSHNET RIVER,22000673,2022-09-26 09:39:13
NEW031,2022-08-31,6:30 AM,Verified Data Report,,CSO - UnTreated,1h 40m,120000,0.48,CONWAY ST AT BUZZARDS BAY,INNER NEW BEDFORD HARBOR,22000674,2022-09-26 09:40:03
NEW003,2022-09-05,8:50 PM,Public Notification Report,Initial-Ceased,CSO - UnTreated,,,,COVE RD & PADNARAM AVE,CLARK COVE,22000422,2022-09-06 15:18:35
NEW022,2022-09-05,9:15 PM,Public Notification Report,Initial-Ceased,CSO - UnTreated,,,,SAWYER ST AT ACUSHNET R,ACUSHNET RIVER,22000423,2022-09-06 15:20:59
NEW023,2022-09-05,9:15 PM,Public Notification Report,Initial-Ceased,CSO - UnTreated,,,,COFFIN AVE,ACUSHNET RIVER,22000424,2022-09-06 15:22:14
NEW023,2022-09-05,9:15 PM,Verified Data Report,,CSO - UnTreated,6h 50m,3480000,1.47,COFFIN AVE,ACUSHNET RIVER,22001087,2022-10-14 21:17:55
NEW003,2022-09-05,8:50 PM,Verified Data Report,,CSO - UnTreated,0h 55m,100000,0.43,COVE RD & PADNARAM AVE,CLARK COVE,22001092,2022-10-14 21:35:03
NEW022,2022-09-05,9:15 PM,Verified Data Report,,CSO - UnTreated,0h 0m,0,1.47,SAWYER ST AT ACUSHNET R,ACUSHNET RIVER,22001093,2022-10-14 21:36:10
NEW027,2022-09-06,12:10 AM,Public Notification Report,Initial-Ceased,CSO - UnTreated,,,,MILL RD AT ACUSHNET RIVER,ACUSHNET RIVER,22000425,2022-09-07 08:10:50
NEW003,2022-09-06,1:20 AM,Public Notification Report,Initial-Ceased,CSO - UnTreated,,,,COVE RD & PADNARAM AVE,CLARK COVE,22000427,2022-09-07 08:14:10
NEW031,2022-09-06,1:20 AM,Public Notification Report,Initial-Ceased,CSO - UnTreated,,,,CONWAY ST AT BUZZARDS BAY,INNER NEW BEDFORD HARBOR,22000429,2022-09-07 08:15:55
NEW027,2022-09-06,9:05 AM,Public Notification Report,Initial-Ceased,CSO - UnTreated,,,,MILL RD AT ACUSHNET RIVER,ACUSHNET RIVER,22000430,2022-09-07 08:17:31
NEW003,2022-09-06,10:00 AM,Public Notification Report,Initial-Ceased,CSO - UnTreated,,,,COVE RD & PADNARAM AVE,CLARK COVE,22000431,2022-09-07 08:18:43
NEW006,2022-09-06,2:10 PM,Verified Data Report,,CSO - UnTreated,0h 5m,20000,0.96,LUCAS STREET & RFB,CLARK COVE,22001032,2022-10-14 14:44:58
NEW003,2022-09-06,10:00 AM,Verified Data Report,,CSO - UnTreated,1h 25m,70000,0.44,COVE RD & PADNARAM AVE,CLARK COVE,22001085,2022-10-14 21:11:36
NEW027,2022-09-06,9:05 AM,Verified Data Report,,CSO - UnTreated,0h 10m,0,1.47,MILL RD AT ACUSHNET RIVER,ACUSHNET RIVER,22001086,2022-10-14 21:16:05
NEW003,2022-09-06,1:20 AM,Verified Data Report,,CSO - UnTreated,1h 45m,150000,0.44,COVE RD & PADNARAM AVE,CLARK COVE,22001088,2022-10-14 21:22:50
NEW031,2022-09-06,1:20 AM,Verified Data Report,,CSO - UnTreated,1h 40m,20000,0.44,CONWAY ST AT BUZZARDS BAY,INNER NEW BEDFORD HARBOR,22001089,2022-10-14 21:27:47
NEW027,2022-09-06,12:10 AM,Verified Data Report,,CSO - UnTreated,2h 10m,530000,1.47,MILL RD AT ACUSHNET RIVER,ACUSHNET RIVER,22001090,2022-10-14 21:29:00
NEW022,2022-09-06,12:25 AM,Verified Data Report,,CSO - UnTreated,1h 35m,20000,1.47,SAWYER ST AT ACUSHNET R,ACUSHNET RIVER,22001091,2022-10-14 21:31:53
NEW022,2022-09-07,12:25 AM,Public Notification Report,Initial-Ceased,CSO - UnTreated,,,,SAWYER ST AT ACUSHNET R,ACUSHNET RIVER,22000426,2022-09-07 08:12:04
NEW012,2022-09-09,7:10 PM,Verified Data Report,,CSO - UnTreated,1h 20m,1180000,0.65,RICKETSON ST,OUTER NEW BEDFORD HARBOR,22000651,2022-09-26 08:35:55
NEW003,2022-09-12,12:05 AM,Public Notification Report,Initial-Ceased,CSO - UnTreated,,,,COVE RD & PADNARAM AVE,CLARK COVE,22000472,2022-09-12 08:54:43
NEW008,2022-09-12,12:05 AM,Public Notification Report,Initial-Ceased,CSO - UnTreated,,,,CALUMET ST & RFB,CLARK COVE,22000474,2022-09-12 09:02:25
NEW023,2022-09-12,12:05 AM,Public Notification Report,Initial-Ceased,CSO - UnTreated,,,,COFFIN AVE,ACUSHNET RIVER,22000475,2022-09-12 09:06:07
NEW022,2022-09-12,12:05 AM,Public Notification Report,Initial-Ceased,CSO - UnTreated,,,,SAWYER ST AT ACUSHNET R,ACUSHNET RIVER,22000476,2022-09-12 09:07:47
NEW003,2022-09-12,2:05 AM,Verified Data Report,,CSO - UnTreated,5h 40m,520000,0.61,COVE RD & PADNARAM AVE,CLARK COVE,22001081,2022-10-14 20:46:24
NEW022,2022-09-12,3:45 PM,Verified Data Report,,CSO - UnTreated,0h 5m,0,0.00,SAWYER ST AT ACUSHNET R,ACUSHNET RIVER,22001083,2022-10-14 20:55:07
NEW008,2022-09-12,12:05 PM,Verified Data Report,,CSO - UnTreated,0h 0m,0,0.00,CALUMET ST & RFB,CLARK COVE,22001084,2022-10-14 21:08:12
NEW023,2022-09-12,2:40 AM,Verified Data Report,,CSO - UnTreated,3h 40m,508530,2.06,COFFIN AVE,ACUSHNET RIVER,22001270,2022-11-04 15:59:21
NEW008,2022-09-13,12:05 PM,Public Notification Report,Initial-Ceased,CSO - UnTreated,,,,CALUMET ST & RFB,CLARK COVE,22000492,2022-09-14 08:27:58
NEW008,2022-09-13,11:00 AM,Public Notification Report,Initial-Ceased,CSO - UnTreated,,,,CALUMET ST & RFB,CLARK COVE,22000493,2022-09-14 08:29:46
NEW003,2022-09-13,2:05 PM,Public Notification Report,Initial-Ceased,CSO - UnTreated,,,,COVE RD & PADNARAM AVE,CLARK COVE,22000494,2022-09-14 08:33:54
NEW003,2022-09-13,11:05 AM,Public Notification Report,Initial-Ceased,CSO - UnTreated,,,,COVE RD & PADNARAM AVE,CLARK COVE,22000495,2022-09-14 08:37:34
NEW023,2022-09-13,2:40 PM,Public Notification Report,Initial-Ceased,CSO - UnTreated,,,,COFFIN AVE,ACUSHNET RIVER,22000497,2022-09-14 08:55:15
NEW023,2022-09-13,11:05 AM,Public Notification Report,Initial-Ceased,CSO - UnTreated,,,,COFFIN AVE,ACUSHNET RIVER,22000498,2022-09-14 08:56:25
NEW022,2022-09-13,3:45 PM,Public Notification Report,Initial-Ceased,CSO - UnTreated,,,,SAWYER ST AT ACUSHNET R,ACUSHNET RIVER,22000499,2022-09-14 09:00:40
NEW013,2022-09-13,9:15 AM,Public Notification Report,Initial-Ceased,CSO - UnTreated,,,,AQUIDNECK & RFB,OUTER NEW BEDFORD HARBOR,22000500,2022-09-14 09:03:38
NEW013,2022-09-13,10:20 AM,Public Notification Report,Initial-Ceased,CSO - UnTreated,,,,AQUIDNECK & RFB,OUTER NEW BEDFORD HARBOR,22000501,2022-09-14 09:04:49
NEW041,2022-09-13,10:20 AM,Public Notification Report,Initial-Ceased,CSO - UnTreated,,,,BELLEVILLE RD AT ACUSHNET R,ACUSHNET RIVER,22000502,2022-09-14 09:08:08
NEW041,2022-09-13,12:05 PM,Public Notification Report,Initial-Ceased,CSO - UnTreated,,,,BELLEVILLE RD AT ACUSHNET R,ACUSHNET RIVER,22000503,2022-09-14 09:09:28
NEW005,2022-09-13,11:05 AM,Public Notification Report,Initial-Ceased,CSO - UnTreated,,,,DUDLEY & RFB,CLARK COVE,22000504,2022-09-14 09:10:58
NEW006,2022-09-13,11:05 AM,Public Notification Report,Initial-Ceased,CSO - UnTreated,,,,LUCAS STREET & RFB,CLARK COVE,22000505,2022-09-14 09:12:25
NEW010,2022-09-13,11:05 AM,Public Notification Report,Initial-Ceased,CSO - UnTreated,,,,BELLEVUE ST & RFB,CLARK COVE,22000506,2022-09-14 09:13:38
NEW017,2022-09-13,11:05 AM,Public Notification Report,Initial-Ceased,CSO - UnTreated,,,,DAVID ST & RFB,OUTER NEW BEDFORD HARBOR,22000508,2022-09-14 09:15:58
NEW031,2022-09-13,11:05 AM,Public Notification Report,Initial-Ceased,CSO - UnTreated,,,,CONWAY ST AT BUZZARDS BAY,INNER NEW BEDFORD HARBOR,22000510,2022-09-14 09:17:10
NEW007,2022-09-13,11:05 AM,Public Notification Report,Initial-Ceased,CSO - UnTreated,,,,CAPITAL AND ROD. FRENCH BLVD,CLARK COVE,22000511,2022-09-14 09:18:18
NEW012,2022-09-13,11:10 AM,Public Notification Report,Initial-Ceased,CSO - UnTreated,,,,RICKETSON ST,OUTER NEW BEDFORD HARBOR,22000512,2022-09-14 09:19:23
NEW016,2022-09-13,11:10 AM,Public Notification Report,Initial-Ceased,CSO - UnTreated,,,,FREDERICK ST & RFB,OUTER NEW BEDFORD HARBOR,22000513,2022-09-14 09:20:39
NEW018,2022-09-13,11:10 AM,Public Notification Report,Initial-Ceased,CSO - UnTreated,,,,COVE ST AND E. RODNEY FRENCH BLVD,OUTER NEW BEDFORD HARBOR,22000514,2022-09-14 09:21:44
NEW027,2022-09-13,11:15 AM,Public Notification Report,Initial-Ceased,CSO - UnTreated,,,,MILL RD AT ACUSHNET RIVER,ACUSHNET RIVER,22000516,2022-09-14 09:23:02
NEW004,2022-09-13,12:09 PM,Public Notification Report,Initial-Ceased,CSO - UnTreated,,,,HURRICAN BARRIER CLARK'S COVE PUMP STATION,CLARK COVE,22000518,2022-09-14 09:24:48
NEW005,2022-09-13,10:05 AM,Verified Data Report,,CSO - UnTreated,0h 15m,0,0.60,DUDLEY & RFB,CLARK COVE,22001044,2022-10-14 15:06:30
NEW003,2022-09-13,10:05 AM,Verified Data Report,,CSO - UnTreated,7h 5m,1790000,0.60,COVE RD & PADNARAM AVE,CLARK COVE,22001050,2022-10-14 15:14:16
NEW023,2022-09-13,10:05 AM,Verified Data Report,,CSO - UnTreated,5h 45m,8730000,1.38,COFFIN AVE,ACUSHNET RIVER,22001051,2022-10-14 15:15:58
NEW006,2022-09-13,10:05 PM,Verified Data Report,,CSO - UnTreated,5h 40m,420000,0.60,LUCAS STREET & RFB,CLARK COVE,22001069,2022-10-14 19:22:43
NEW027,2022-09-13,10:15 AM,Verified Data Report,,CSO - UnTreated,5h 5m,410000,1.38,MILL RD AT ACUSHNET RIVER,ACUSHNET RIVER,22001070,2022-10-14 19:25:15
NEW022,2022-09-13,10:00 AM,Verified Data Report,,CSO - UnTreated,5h 0m,290000,1.38,SAWYER ST AT ACUSHNET R,ACUSHNET RIVER,22001071,2022-10-14 19:31:39
NEW017,2022-09-13,10:05 AM,Verified Data Report,,CSO - UnTreated,4h 30m,10970000,0.60,DAVID ST & RFB,OUTER NEW BEDFORD HARBOR,22001072,2022-10-14 19:37:17
NEW041,2022-09-13,9:20 AM,Verified Data Report,,CSO - UnTreated,4h 15m,10000,1.36,BELLEVILLE RD AT ACUSHNET R,ACUSHNET RIVER,22001074,2022-10-14 19:52:41
NEW013,2022-09-13,9:20 AM,Verified Data Report,,CSO - UnTreated,4h 10m,340000,0.60,AQUIDNECK & RFB,OUTER NEW BEDFORD HARBOR,22001075,2022-10-14 19:54:44
NEW016,2022-09-13,10:10 AM,Verified Data Report,,CSO - UnTreated,2h 55m,160000,0.60,FREDERICK ST & RFB,OUTER NEW BEDFORD HARBOR,22001076,2022-10-14 20:00:34
NEW007,2022-09-13,10:10 AM,Verified Data Report,,CSO - UnTreated,0h 15m,130000,0.60,CAPITAL AND ROD. FRENCH BLVD,CLARK COVE,22001077,2022-10-14 20:04:44
NEW018,2022-09-13,10:20 AM,Verified Data Report,,CSO - UnTreated,0h 10m,90000,0.60,COVE ST AND E. RODNEY FRENCH BLVD,OUTER NEW BEDFORD HARBOR,22001078,2022-10-14 20:08:25
NEW008,2022-09-13,10:00 AM,Verified Data Report,,CSO - UnTreated,0h 5m,20000,0.60,CALUMET ST & RFB,CLARK COVE,22001079,2022-10-14 20:21:13
NEW010,2022-09-13,10:05 AM,Verified Data Report,,CSO - UnTreated,0h 0m,10000,0.60,BELLEVUE ST & RFB,CLARK COVE,22001080,2022-10-14 20:27:28
NEW004,2022-09-13,12:34 PM,Verified Data Report,,CSO - UnTreated,1h 10m,3850000,2.29,HURRICAN BARRIER CLARK'S COVE PUMP STATION,CLARK COVE,22001266,2022-11-04 15:51:46
NEW012,2022-09-13,11:10 AM,Verified Data Report,,CSO - UnTreated,3h 40m,3912780,2.29,RICKETSON ST,OUTER NEW BEDFORD HARBOR,22001268,2022-11-04 15:55:48
NEW031,2022-09-13,11:05 AM,Verified Data Report,,CSO - UnTreated,6h 25m,1762710,2.29,CONWAY ST AT BUZZARDS BAY,INNER NEW BEDFORD HARBOR,22001272,2022-11-04 16:01:44
NEW041,2022-09-21,7:10 AM,Verified Data Report,,CSO - UnTreated,0h 5m,570000,0.96,BELLEVILLE RD AT ACUSHNET R,ACUSHNET RIVER,22001040,2022-10-14 15:00:11
NEW023,2022-09-22,1:15 PM,Public Notification Report,Initial-Ceased,CSO - UnTreated,,,,COFFIN AVE,ACUSHNET RIVER,22000625,2022-09-23 07:44:03
NEW003,2022-09-22,1:25 PM,Public Notification Report,Initial-Ceased,CSO - UnTreated,,,,COVE RD & PADNARAM AVE,CLARK COVE,22000626,2022-09-23 07:45:11
NEW013,2022-09-22,2:05 PM,Public Notification Report,Initial-Ceased,CSO - UnTreated,,,,AQUIDNECK & RFB,OUTER NEW BEDFORD HARBOR,22000627,2022-09-23 07:46:03
NEW018,2022-09-22,2:05 PM,Public Notification Report,Initial-Ceased,CSO - UnTreated,,,,COVE ST AND E. RODNEY FRENCH BLVD,OUTER NEW BEDFORD HARBOR,22000628,2022-09-23 07:48:00
NEW017,2022-09-22,2:10 PM,Public Notification Report,Initial-Ceased,CSO - Treated,,,,DAVID ST & RFB,OUTER NEW BEDFORD HARBOR,22000629,2022-09-23 07:49:11
NEW027,2022-09-22,2:15 PM,Public Notification Report,Initial-Ceased,CSO - UnTreated,,,,MILL RD AT ACUSHNET RIVER,ACUSHNET RIVER,22000630,2022-09-23 07:51:02
NEW031,2022-09-22,2:15 PM,Public Notification Report,Initial-Ceased,CSO - UnTreated,,,,CONWAY ST AT BUZZARDS BAY,INNER NEW BEDFORD HARBOR,22000631,2022-09-23 07:52:20
NEW022,2022-09-22,2:20 AM,Public Notification Report,Initial-Ceased,CSO - UnTreated,,,,SAWYER ST AT ACUSHNET R,ACUSHNET RIVER,22000632,2022-09-23 07:53:26
NEW012,2022-09-22,2:25 PM,Public Notification Report,Initial-Ceased,CSO - UnTreated,,,,RICKETSON ST,OUTER NEW BEDFORD HARBOR,22000633,2022-09-23 07:54:35
NEW006,2022-09-22,3:10 PM,Public Notification Report,Initial-Ceased,CSO - UnTreated,,,,LUCAS STREET & RFB,CLARK COVE,22000634,2022-09-23 07:55:25
NEW016,2022-09-22,3:10 PM,Public Notification Report,Initial-Ceased,CSO - UnTreated,,,,FREDERICK ST & RFB,OUTER NEW BEDFORD HARBOR,22000635,2022-09-23 07:56:16
NEW003,2022-09-22,12:25 PM,Verified Data Report,,CSO - UnTreated,6h 25m,1350000,0.96,COVE RD & PADNARAM AVE,CLARK COVE,22000793,2022-10-05 10:11:41
NEW023,2022-09-22,12:15 PM,Verified Data Report,,CSO - UnTreated,4h 30m,2970000,0.96,COFFIN AVE,ACUSHNET RIVER,22000797,2022-10-05 10:16:09
NEW031,2022-09-22,1:15 PM,Verified Data Report,,CSO - UnTreated,3h 5m,610000,0.96,CONWAY ST AT BUZZARDS BAY,INNER NEW BEDFORD HARBOR,22000800,2022-10-05 10:18:23
NEW018,2022-09-22,1:05 PM,Verified Data Report,,CSO - UnTreated,2h 35m,710000,0.96,COVE ST AND E. RODNEY FRENCH BLVD,OUTER NEW BEDFORD HARBOR,22000802,2022-10-05 10:21:09
NEW017,2022-09-22,1:10 PM,Verified Data Report,,CSO - UnTreated,2h 25m,3050000,0.96,DAVID ST & RFB,OUTER NEW BEDFORD HARBOR,22000804,2022-10-05 10:23:54
NEW012,2022-09-22,1:25 PM,Verified Data Report,,CSO - UnTreated,1h 50m,1170000,0.96,RICKETSON ST,OUTER NEW BEDFORD HARBOR,22000806,2022-10-05 10:26:24
NEW013,2022-09-22,1:05 PM,Verified Data Report,,CSO - UnTreated,1h 45m,70000,0.96,AQUIDNECK & RFB,OUTER NEW BEDFORD HARBOR,22001023,2022-10-14 14:26:06
NEW036,2022-09-22,12:15 PM,Verified Data Report,,CSO - UnTreated,2h 20m,240000,0.96,HERVEY TICHON AVE AT BUSSARDS BAY,INNER NEW BEDFORD HARBOR,22001025,2022-10-14 14:33:42
NEW022,2022-09-22,1:20 PM,Verified Data Report,,CSO - UnTreated,1h 0m,40000,0.96,SAWYER ST AT ACUSHNET R,ACUSHNET RIVER,22001029,2022-10-14 14:40:00
NEW006,2022-09-22,3:10 PM,Verified Data Report,,CSO - UnTreated,0h 5m,17400,0.97,LUCAS STREET & RFB,CLARK COVE,22001267,2022-11-04 15:53:09
NEW016,2022-09-22,3:10 PM,Verified Data Report,,CSO - UnTreated,0h 10m,6220,0.97,FREDERICK ST & RFB,OUTER NEW BEDFORD HARBOR,22001269,2022-11-04 15:57:19
NEW027,2022-09-22,2:15 PM,Verified Data Report,,CSO - UnTreated,1h 30m,206760,0.93,MILL RD AT ACUSHNET RIVER,ACUSHNET RIVER,22001271,2022-11-04 16:00:24
NEW023,2022-09-23,6:30 PM,Verified Data Report,,CSO - UnTreated,2h 35m,7280000,2.00,COFFIN AVE,ACUSHNET RIVER,22000653,2022-09-26 08:43:40
NEW013,2022-09-25,7:25 PM,Public Notification Report,Initial-Ceased,CSO - UnTreated,,,,AQUIDNECK & RFB,OUTER NEW BEDFORD HARBOR,22000687,2022-09-26 10:32:19
NEW013,2022-09-25,7:25 PM,Verified Data Report,,CSO - UnTreated,0h 20m,0,0.00,AQUIDNECK & RFB,OUTER NEW BEDFORD HARBOR,22000791,2022-10-05 10:06:30
NEW003,2022-09-26,12:05 AM,Public Notification Report,Initial-Ceased,CSO - UnTreated,,,,COVE RD & PADNARAM AVE,CLARK COVE,22000683,2022-09-26 10:27:52
NEW023,2022-09-26,12:20 AM,Public Notification Report,Initial-Ceased,CSO - UnTreated,,,,COFFIN AVE,ACUSHNET RIVER,22000684,2022-09-26 10:28:45
NEW036,2022-09-26,12:10 PM,Public Notification Report,Initial-Ceased,CSO - UnTreated,,,,HERVEY TICHON AVE AT BUSSARDS BAY,INNER NEW BEDFORD HARBOR,22000685,2022-09-26 10:29:53
NEW022,2022-09-26,12:10 AM,Public Notification Report,Initial-Ceased,CSO - UnTreated,,,,SAWYER ST AT ACUSHNET R,ACUSHNET RIVER,22000686,2022-09-26 10:31:03
NEW003,2022-09-26,12:05 AM,Verified Data Report,,CSO - UnTreated,7h 45m,6600000,0.26,COVE RD & PADNARAM AVE,CLARK COVE,22000785,2022-10-05 09:58:17
NEW023,2022-09-26,12:20 AM,Verified Data Report,,CSO - UnTreated,1h 15m,270000,0.26,COFFIN AVE,ACUSHNET RIVER,22000786,2022-10-05 10:00:47
NEW036,2022-09-26,12:10 AM,Verified Data Report,,CSO - UnTreated,1h 10m,90000,0.26,HERVEY TICHON AVE AT BUSSARDS BAY,INNER NEW BEDFORD HARBOR,22000788,2022-10-05 10:02:16
NEW022,2022-09-26,12:10 AM,Verified Data Report,,CSO - UnTreated,1h 0m,10000,0.26,SAWYER ST AT ACUSHNET R,ACUSHNET RIVER,22000789,2022-10-05 10:04:32
NEW027,2022-09-27,1:15 PM,Verified Data Report,,CSO - UnTreated,1h 30m,210000,0.96,MILL RD AT ACUSHNET RIVER,ACUSHNET RIVER,22001024,2022-10-14 14:30:18
NEW003,2022-10-01,8:45 AM,Public Notification Report,Initial-Ceased,CSO - UnTreated,,,,COVE RD & PADNARAM AVE,CLARK COVE,22000701,2022-10-02 08:19:34
NEW023,2022-10-01,9:25 AM,Public Notification Report,Initial-Ceased,CSO - UnTreated,,,,COFFIN AVE,ACUSHNET RIVER,22000702,2022-10-02 08:20:25
NEW036,2022-10-01,9:25 AM,Public Notification Report,Initial-Ceased,CSO - UnTreated,,,,HERVEY TICHON AVE AT BUSSARDS BAY,INNER NEW BEDFORD HARBOR,22000703,2022-10-02 08:21:15
NEW018,2022-10-01,11:20 AM,Public Notification Report,Initial-Ceased,CSO - UnTreated,,,,COVE ST AND E. RODNEY FRENCH BLVD,OUTER NEW BEDFORD HARBOR,22000704,2022-10-02 08:22:06
NEW031,2022-10-01,11:20 AM,Public Notification Report,Initial-Ceased,CSO - UnTreated,,,,CONWAY ST AT BUZZARDS BAY,INNER NEW BEDFORD HARBOR,22000705,2022-10-02 08:23:06
NEW027,2022-10-01,11:55 AM,Public Notification Report,Initial-Ceased,CSO - UnTreated,,,,MILL RD AT ACUSHNET RIVER,ACUSHNET RIVER,22000706,2022-10-02 08:24:00
NEW022,2022-10-01,11:15 AM,Public Notification Report,Initial-Ceased,CSO - UnTreated,,,,SAWYER ST AT ACUSHNET R,ACUSHNET RIVER,22000707,2022-10-02 08:24:44
NEW003,2022-10-01,8:45 AM,Verified Data Report,,CSO - UnTreated,7h 0m,1024290,0.97,COVE RD & PADNARAM AVE,CLARK COVE,22001273,2022-11-07 08:43:44
NEW018,2022-10-01,11:20 PM,Verified Data Report,,CSO - UnTreated,3h 50m,889870,0.97,COVE ST AND E. RODNEY FRENCH BLVD,OUTER NEW BEDFORD HARBOR,22001274,2022-11-07 08:57:27
NEW022,2022-10-01,11:15 AM,Verified Data Report,,CSO - UnTreated,1h 0m,10000,0.91,SAWYER ST AT ACUSHNET R,ACUSHNET RIVER,22001275,2022-11-07 09:02:47
NEW023,2022-10-01,9:25 AM,Verified Data Report,,CSO - UnTreated,6h 10m,3846560,0.91,COFFIN AVE,ACUSHNET RIVER,22001394,2022-11-15 09:19:28
NEW027,2022-10-01,11:55 AM,Verified Data Report,,CSO - UnTreated,0h 55m,14880,0.91,MILL RD AT ACUSHNET RIVER,ACUSHNET RIVER,22001396,2022-11-15 09:24:51
NEW031,2022-10-01,11:20 AM,Verified Data Report,,CSO - UnTreated,3h 15m,481990,0.97,CONWAY ST AT BUZZARDS BAY,INNER NEW BEDFORD HARBOR,22001397,2022-11-15 10:12:03
NEW036,2022-10-01,9:25 AM,Verified Data Report,,CSO - UnTreated,6h 0m,248230,0.91,HERVEY TICHON AVE AT BUSSARDS BAY,INNER NEW BEDFORD HARBOR,22001398,2022-11-15 10:20:19
NEW003,2022-10-04,2:55 PM,Public Notification Report,Initial-Ceased,CSO - UnTreated,,,,COVE RD & PADNARAM AVE,CLARK COVE,22000753,2022-10-05 07:32:45
NEW003,2022-10-04,12:40 PM,Public Notification Report,Ceased,CSO - UnTreated,,,,COVE RD & PADNARAM AVE,CLARK COVE,22000753-1,2022-10-05 07:40:37
NEW023,2022-10-04,2:55 PM,Public Notification Report,Initial-Ceased,CSO - UnTreated,,,,COFFIN AVE,ACUSHNET RIVER,22000754,2022-10-05 07:45:36
NEW036,2022-10-04,12:50 PM,Public Notification Report,Initial-Ceased,CSO - UnTreated,,,,HERVEY TICHON AVE AT BUSSARDS BAY,INNER NEW BEDFORD HARBOR,22000755,2022-10-05 07:49:21
NEW022,2022-10-04,6:30 PM,Public Notification Report,Initial-Ceased,CSO - UnTreated,,,,SAWYER ST AT ACUSHNET R,ACUSHNET RIVER,22000756,2022-10-05 07:51:43
NEW031,2022-10-04,7:00 PM,Public Notification Report,Initial-Ceased,CSO - UnTreated,,,,CONWAY ST AT BUZZARDS BAY,INNER NEW BEDFORD HARBOR,22000757,2022-10-05 08:06:16
NEW017,2022-10-04,7:00 PM,Public Notification Report,Initial-Ceased,CSO - UnTreated,,,,DAVID ST & RFB,OUTER NEW BEDFORD HARBOR,22000758,2022-10-05 08:08:52
NEW018,2022-10-04,6:55 PM,Public Notification Report,Initial-Ceased,CSO - UnTreated,,,,COVE ST AND E. RODNEY FRENCH BLVD,OUTER NEW BEDFORD HARBOR,22000759,2022-10-05 08:16:18
NEW012,2022-10-04,7:10 PM,Public Notification Report,Initial-Ceased,CSO - UnTreated,,,,RICKETSON ST,OUTER NEW BEDFORD HARBOR,22000760,2022-10-05 08:17:40
NEW027,2022-10-04,6:55 AM,Public Notification Report,Initial-Ceased,CSO - UnTreated,,,,MILL RD AT ACUSHNET RIVER,ACUSHNET RIVER,22000761,2022-10-05 08:20:14
NEW013,2022-10-04,7:35 PM,Public Notification Report,Initial-Ceased,CSO - UnTreated,,,,AQUIDNECK & RFB,OUTER NEW BEDFORD HARBOR,22000762,2022-10-05 08:21:29
NEW003,2022-10-04,12:40 PM,Verified Data Report,,CSO - UnTreated,7h 50m,780200,1.14,COVE RD & PADNARAM AVE,CLARK COVE,22001399,2022-11-15 10:26:59
NEW012,2022-10-04,7:10 PM,Verified Data Report,,CSO - UnTreated,1h 25m,497520,1.14,RICKETSON ST,OUTER NEW BEDFORD HARBOR,22001431,2022-11-15 13:54:14
NEW017,2022-10-04,7:00 PM,Verified Data Report,,CSO - UnTreated,1h 55m,2770420,1.14,DAVID ST & RFB,OUTER NEW BEDFORD HARBOR,22001438,2022-11-15 14:07:12
NEW018,2022-10-04,6:55 PM,Verified Data Report,,CSO - UnTreated,2h 0m,498600,1.14,COVE ST AND E. RODNEY FRENCH BLVD,OUTER NEW BEDFORD HARBOR,22001439,2022-11-15 14:12:23
NEW022,2022-10-04,6:30 PM,Verified Data Report,,CSO - UnTreated,5h 40m,30980,1.42,SAWYER ST AT ACUSHNET R,ACUSHNET RIVER,22001440,2022-11-15 14:40:30
NEW023,2022-10-04,2:55 PM,Verified Data Report,,CSO - UnTreated,10h 5m,3403020,1.42,COFFIN AVE,ACUSHNET RIVER,22001459,2022-11-15 17:08:52
NEW027,2022-10-04,6:55 PM,Verified Data Report,,CSO - UnTreated,1h 20m,40700,1.42,MILL RD AT ACUSHNET RIVER,ACUSHNET RIVER,22001460,2022-11-15 17:20:25
NEW031,2022-10-04,7:00 PM,Verified Data Report,,CSO - UnTreated,2h 25m,538640,1.14,CONWAY ST AT BUZZARDS BAY,INNER NEW BEDFORD HARBOR,22001461,2022-11-15 17:24:35
NEW036,2022-10-04,2:50 PM,Verified Data Report,,CSO - UnTreated,9h 55m,301410,1.42,HERVEY TICHON AVE AT BUSSARDS BAY,INNER NEW BEDFORD HARBOR,22001462,2022-11-15 17:28:18
NEW003,2022-10-05,7:05 PM,Public Notification Report,Initial-Ceased,CSO - UnTreated,,,,COVE RD & PADNARAM AVE,CLARK COVE,22000824,2022-10-06 07:19:22
NEW031,2022-10-05,8:05 PM,Public Notification Report,Initial-Ceased,CSO - UnTreated,,,,CONWAY ST AT BUZZARDS BAY,INNER NEW BEDFORD HARBOR,22000825,2022-10-06 07:20:49
NEW023,2022-10-05,7:20 PM,Public Notification Report,Initial-Ceased,CSO - UnTreated,,,,COFFIN AVE,ACUSHNET RIVER,22000826,2022-10-06 07:21:38
NEW036,2022-10-05,7:15 PM,Public Notification Report,Initial-Ceased,CSO - UnTreated,,,,HERVEY TICHON AVE AT BUSSARDS BAY,INNER NEW BEDFORD HARBOR,22000827,2022-10-06 07:22:48
NEW018,2022-10-05,7:20 AM,Public Notification Report,Initial-Ceased,CSO - UnTreated,,,,COVE ST AND E. RODNEY FRENCH BLVD,OUTER NEW BEDFORD HARBOR,22000828,2022-10-06 07:23:54
NEW027,2022-10-05,8:00 PM,Public Notification Report,Initial-Ceased,CSO - UnTreated,,,,MILL RD AT ACUSHNET RIVER,ACUSHNET RIVER,22000830,2022-10-06 07:24:58
NEW022,2022-10-05,7:15 PM,Public Notification Report,Initial-Ceased,CSO - UnTreated,,,,SAWYER ST AT ACUSHNET R,ACUSHNET RIVER,22000831,2022-10-06 07:25:59
NEW003,2022-10-05,7:05 PM,Verified Data Report,,CSO - UnTreated,3h 20m,526570,1.14,COVE RD & PADNARAM AVE,CLARK COVE,22001463,2022-11-15 17:32:44
NEW018,2022-10-05,7:20 PM,Verified Data Report,,CSO - UnTreated,1h 40m,195400,1.14,COVE ST AND E. RODNEY FRENCH BLVD,OUTER NEW BEDFORD HARBOR,22001464,2022-11-15 17:46:38
NEW022,2022-10-05,7:15 PM,Verified Data Report,,CSO - UnTreated,0h 55m,18950,1.42,SAWYER ST AT ACUSHNET R,ACUSHNET RIVER,22001465,2022-11-15 17:49:18
NEW023,2022-10-05,7:20 PM,Verified Data Report,,CSO - UnTreated,2h 50m,1455200,1.42,COFFIN AVE,ACUSHNET RIVER,22001466,2022-11-15 17:52:59
NEW027,2022-10-05,8:00 PM,Verified Data Report,,CSO - UnTreated,0h 45m,72750,1.42,MILL RD AT ACUSHNET RIVER,ACUSHNET RIVER,22001467,2022-11-15 17:57:30
NEW031,2022-10-05,8:05 PM,Verified Data Report,,CSO - UnTreated,2h 15m,225770,1.14,CONWAY ST AT BUZZARDS BAY,INNER NEW BEDFORD HARBOR,22001468,2022-11-15 17:59:34
NEW036,2022-10-05,7:15 AM,Verified Data Report,,CSO - UnTreated,2h 40m,204470,1.42,HERVEY TICHON AVE AT BUSSARDS BAY,INNER NEW BEDFORD HARBOR,22001469,2022-11-15 18:17:46
NEW023,2022-10-12,6:20 AM,Verified Data Report,,CSO - UnTreated,3h 40m,510000,0.00,COFFIN AVE,ACUSHNET RIVER,22001082,2022-10-14 20:53:26
NEW012,2022-10-13,10:10 AM,Verified Data Report,,CSO - UnTreated,3h 40m,3910000,0.60,RICKETSON ST,OUTER NEW BEDFORD HARBOR,22001073,2022-10-14 19:46:57
NEW013,2022-10-14,7:35 PM,Verified Data Report,,CSO - UnTreated,0h 30m,7960,1.14,AQUIDNECK & RFB,OUTER NEW BEDFORD HARBOR,22001434,2022-11-15 13:57:38
NEW003,2022-10-18,2:15 AM,Public Notification Report,Initial-Ceased,CSO - UnTreated,,,,COVE RD & PADNARAM AVE,CLARK COVE,22001148,2022-10-18 08:35:49
NEW023,2022-10-18,2:25 AM,Public Notification Report,Initial-Ceased,CSO - UnTreated,,,,COFFIN AVE,ACUSHNET RIVER,22001149,2022-10-18 08:37:30
NEW036,2022-10-18,2:15 AM,Public Notification Report,Initial-Ceased,CSO - UnTreated,,,,HERVEY TICHON AVE AT BUSSARDS BAY,INNER NEW BEDFORD HARBOR,22001150,2022-10-18 08:39:29
NEW003,2022-10-18,2:15 AM,Verified Data Report,,CSO - UnTreated,1h 0m,15080,0.22,COVE RD & PADNARAM AVE,CLARK COVE,22001470,2022-11-15 18:22:22
NEW036,2022-10-18,2:15 AM,Verified Data Report,,CSO - UnTreated,0h 25m,24950,0.16,HERVEY TICHON AVE AT BUSSARDS BAY,INNER NEW BEDFORD HARBOR,22001472,2022-11-15 18:27:37
NEW023,2022-10-23,4:35 PM,Public Notification Report,Initial-Ceased,CSO - UnTreated,,,,COFFIN AVE,ACUSHNET RIVER,22001192,2022-10-24 07:16:35
NEW031,2022-10-23,6:20 PM,Public Notification Report,Initial-Ceased,CSO - UnTreated,,,,CONWAY ST AT BUZZARDS BAY,INNER NEW BEDFORD HARBOR,22001193,2022-10-24 07:18:02
NEW003,2022-10-23,4:25 PM,Public Notification Report,Initial-Ceased,CSO - UnTreated,,,,COVE RD & PADNARAM AVE,CLARK COVE,22001194,2022-10-24 07:19:21
NEW027,2022-10-23,7:05pm PM,Public Notification Report,Initial-Ceased,CSO - UnTreated,,,,MILL RD AT ACUSHNET RIVER,ACUSHNET RIVER,22001195,2022-10-24 07:22:34
NEW035,2022-10-23,7:25 PM,Public Notification Report,Initial-Ceased,CSO - UnTreated,,,,MAXFIELD ST AT BUZZARDS BAY,INNER NEW BEDFORD HARBOR,22001196,2022-10-24 07:23:42
NEW022,2022-10-23,5:20 PM,Public Notification Report,Initial-Ceased,CSO - UnTreated,,,,SAWYER ST AT ACUSHNET R,ACUSHNET RIVER,22001197,2022-10-24 07:25:40
NEW023,2022-10-23,2:25 AM,Verified Data Report,,CSO - UnTreated,0h 50m,379760,0.16,COFFIN AVE,ACUSHNET RIVER,22001471,2022-11-15 18:25:38
NEW003,2022-10-23,4:25 PM,Verified Data Report,,CSO - UnTreated,3h 35m,622160,0.49,COVE RD & PADNARAM AVE,CLARK COVE,22001473,2022-11-15 18:32:19
NEW023,2022-10-23,4:35 PM,Verified Data Report,,CSO - UnTreated,3h 50m,1897600,1.38,COFFIN AVE,ACUSHNET RIVER,22001474,2022-11-15 18:37:01
NEW022,2022-10-23,5:20 PM,Verified Data Report,,CSO - UnTreated,1h 50m,9210,1.38,SAWYER ST AT ACUSHNET R,ACUSHNET RIVER,22001475,2022-11-15 18:42:35
NEW027,2022-10-23,7:05 PM,Verified Data Report,,CSO - UnTreated,0h 30m,25300,1.38,MILL RD AT ACUSHNET RIVER,ACUSHNET RIVER,22001476,2022-11-15 18:51:21
NEW031,2022-10-23,6:20 PM,Verified Data Report,,CSO - UnTreated,2h 5m,181990,0.49,CONWAY ST AT BUZZARDS BAY,INNER NEW BEDFORD HARBOR,22001477,2022-11-15 18:53:35
NEW035,2022-10-23,4:25 PM,Verified Data Report,,CSO - UnTreated,3h 0m,179100,1.38,MAXFIELD ST AT BUZZARDS BAY,INNER NEW BEDFORD HARBOR,22001478,2022-11-15 19:00:42
NEW003,2022-10-24,10:00 AM,Public Notification Report,Initial-Ceased,CSO - UnTreated,,,,COVE RD & PADNARAM AVE,CLARK COVE,22001199,2022-10-24 15:59:06
NEW023,2022-10-24,10:00 AM,Public Notification Report,Initial-Ceased,CSO - UnTreated,,,,COFFIN AVE,ACUSHNET RIVER,22001200,2022-10-24 16:00:10
NEW022,2022-10-24,10:05 AM,Public Notification Report,Initial-Ceased,CSO - UnTreated,,,,SAWYER ST AT ACUSHNET R,ACUSHNET RIVER,22001201,2022-10-24 16:01:21
NEW035,2022-10-24,10:00 AM,Public Notification Report,Initial-Ceased,CSO - UnTreated,,,,MAXFIELD ST AT BUZZARDS BAY,INNER NEW BEDFORD HARBOR,22001202,2022-10-24 16:02:21
NEW018,2022-10-24,10:05 AM,Public Notification Report,Initial-Ceased,CSO - UnTreated,,,,COVE ST AND E. RODNEY FRENCH BLVD,OUTER NEW BEDFORD HARBOR,22001203,2022-10-24 16:03:35
NEW003,2022-10-24,10:00 AM,Verified Data Report,,CSO - UnTreated,4h 50m,224620,0.49,COVE RD & PADNARAM AVE,CLARK COVE,22001479,2022-11-15 19:10:02
NEW035,2022-10-24,10:00 AM,Verified Data Report,,CSO - UnTreated,4h 20m,70150,1.38,MAXFIELD ST AT BUZZARDS BAY,INNER NEW BEDFORD HARBOR,22001480,2022-11-15 19:25:20
NEW022,2022-10-24,10:05 AM,Verified Data Report,,CSO - UnTreated,4h 30m,25600,1.38,SAWYER ST AT ACUSHNET R,ACUSHNET RIVER,22001481,2022-11-15 19:27:35
NEW018,2022-10-24,10:05 AM,Verified Data Report,,CSO - UnTreated,0h 5m,1640,0.49,COVE ST AND E. RODNEY FRENCH BLVD,OUTER NEW BEDFORD HARBOR,22001482,2022-11-15 19:30:37
NEW023,2022-10-24,10:10 AM,Verified Data Report,,CSO - UnTreated,4h 30m,311030,1.38,COFFIN AVE,ACUSHNET RIVER,22001483,2022-11-15 19:32:15
NEW036,2022-10-25,6:10 PM,Public Notification Report,Initial-Ceased,CSO - UnTreated,,,,HERVEY TICHON AVE AT BUSSARDS BAY,INNER NEW BEDFORD HARBOR,22001216,2022-10-26 07:07:35
NEW036,2022-10-25,6:10 PM,Verified Data Report,,CSO - UnTreated,0h 5m,160,1.38,HERVEY TICHON AVE AT BUSSARDS BAY,INNER NEW BEDFORD HARBOR,22001484,2022-11-15 19:34:37
NEW003,2022-10-26,7:10 AM,Public Notification Report,Initial-Ceased,CSO - UnTreated,,,,COVE RD & PADNARAM AVE,CLARK COVE,22001227,2022-10-26 14:26:18
NEW023,2022-10-26,7:45 AM,Public Notification Report,Initial-Ceased,CSO - UnTreated,,,,COFFIN AVE,ACUSHNET RIVER,22001228,2022-10-26 14:28:49
NEW022,2022-10-26,7:40 AM,Public Notification Report,Initial-Ceased,CSO - UnTreated,,,,SAWYER ST AT ACUSHNET R,ACUSHNET RIVER,22001229,2022-10-26 14:30:00
NEW036,2022-10-26,7:15 AM,Public Notification Report,Initial-Ceased,CSO - UnTreated,,,,HERVEY TICHON AVE AT BUSSARDS BAY,INNER NEW BEDFORD HARBOR,22001230,2022-10-26 14:33:25
NEW031,2022-10-26,8:15 AM,Public Notification Report,Initial-Ceased,CSO - UnTreated,,,,CONWAY ST AT BUZZARDS BAY,INNER NEW BEDFORD HARBOR,22001231,2022-10-26 14:34:32
NEW027,2022-10-26,8:00 AM,Public Notification Report,Initial-Ceased,CSO - UnTreated,,,,MILL RD AT ACUSHNET RIVER,ACUSHNET RIVER,22001232,2022-10-26 14:37:08
NEW018,2022-10-26,7:05 AM,Public Notification Report,Initial-Ceased,CSO - UnTreated,,,,COVE ST AND E. RODNEY FRENCH BLVD,OUTER NEW BEDFORD HARBOR,22001233,2022-10-26 14:38:48
NEW018,2022-10-26,7:05 AM,Verified Data Report,,CSO - UnTreated,0h 5m,3070,0.46,COVE ST AND E. RODNEY FRENCH BLVD,OUTER NEW BEDFORD HARBOR,22001485,2022-11-15 19:37:57
NEW003,2022-10-26,7:10 AM,Verified Data Report,,CSO - UnTreated,3h 40m,536540,0.46,COVE RD & PADNARAM AVE,CLARK COVE,22001486,2022-11-15 19:40:08
NEW036,2022-10-26,7:15 AM,Verified Data Report,,CSO - UnTreated,3h 0m,136930,1.38,HERVEY TICHON AVE AT BUSSARDS BAY,INNER NEW BEDFORD HARBOR,22001487,2022-11-15 19:41:14
NEW022,2022-10-26,7:40 AM,Verified Data Report,,CSO - UnTreated,15h 35m,49950,1.38,SAWYER ST AT ACUSHNET R,ACUSHNET RIVER,22001488,2022-11-15 19:43:29
NEW023,2022-10-26,7:45 AM,Verified Data Report,,CSO - UnTreated,2h 55m,3085490,1.38,COFFIN AVE,ACUSHNET RIVER,22001489,2022-11-15 19:44:44
NEW027,2022-10-26,8:00 AM,Verified Data Report,,CSO - UnTreated,0h 35m,88350,1.38,MILL RD AT ACUSHNET RIVER,ACUSHNET RIVER,22001490,2022-11-15 19:46:04
NEW031,2022-10-26,8:15 AM,Verified Data Report,,CSO - UnTreated,1h 25m,51210,0.46,CONWAY ST AT BUZZARDS BAY,INNER NEW BEDFORD HARBOR,22001491,2022-11-15 19:47:16
NEW003,2022-11-01,3:55 AM,Public Notification Report,Initial-Ceased,CSO - UnTreated,,,,COVE RD & PADNARAM AVE,CLARK COVE,22001253,2022-11-01 07:16:10
NEW003,2022-11-01,12:10 PM,Public Notification Report,Initial-Ceased,CSO - UnTreated,,,,COVE RD & PADNARAM AVE,CLARK COVE,22001254,2022-11-01 13:46:32
NEW003,2022-11-01,03:55,Verified Data Report,,CSO - UnTreated,8h 35m,61620,0.26,COVE RD & PADNARAM AVE,CLARK COVE,22001780,2022-12-15 17:06:47
NEW023,2022-11-12,7:15 AM,Public Notification Report,Initial-Ceased,CSO - UnTreated,,,,COFFIN AVE,ACUSHNET RIVER,22001289,2022-11-12 09:56:52
NEW031,2022-11-12,7:55 AM,Public Notification Report,Initial-Ceased,CSO - UnTreated,,,,CONWAY ST AT BUZZARDS BAY,INNER NEW BEDFORD HARBOR,22001290,2022-11-12 09:59:28
NEW003,2022-11-12,7:15 AM,Public Notification Report,Initial-Ceased,CSO - UnTreated,,,,COVE RD & PADNARAM AVE,CLARK COVE,22001291,2022-11-12 10:00:33
NEW022,2022-11-12,7:15 AM,Public Notification Report,Initial-Ceased,CSO - UnTreated,,,,SAWYER ST AT ACUSHNET R,ACUSHNET RIVER,22001292,2022-11-12 10:03:03
NEW027,2022-11-12,7:30 AM,Public Notification Report,Initial-Ceased,CSO - UnTreated,,,,MILL RD AT ACUSHNET RIVER,ACUSHNET RIVER,22001293,2022-11-12 10:04:24
NEW036,2022-11-12,7:10 AM,Public Notification Report,Initial-Ceased,CSO - UnTreated,,,,HERVEY TICHON AVE AT BUSSARDS BAY,INNER NEW BEDFORD HARBOR,22001294,2022-11-12 10:05:30
NEW018,2022-11-12,7:25 AM,Public Notification Report,Initial-Ceased,CSO - UnTreated,,,,COVE ST AND E. RODNEY FRENCH BLVD,OUTER NEW BEDFORD HARBOR,22001295,2022-11-12 10:06:29
NEW036,2022-11-12,07:10,Verified Data Report,,CSO - UnTreated,3h 20m,137430,0.93,HERVEY TICHON AVE AT BUSSARDS BAY,INNER NEW BEDFORD HARBOR,22001773,2022-12-15 16:53:01
NEW031,2022-11-12,07:55,Verified Data Report,,CSO - UnTreated,0h 40m,12750,0.75,CONWAY ST AT BUZZARDS BAY,INNER NEW BEDFORD HARBOR,22001774,2022-12-15 16:54:51
NEW027,2022-11-12,07:30,Verified Data Report,,CSO - UnTreated,0h 30m,12750,0.93,MILL RD AT ACUSHNET RIVER,ACUSHNET RIVER,22001775,2022-12-15 16:58:24
NEW023,2022-11-12,07:15,Verified Data Report,,CSO - UnTreated,3h 35m,1839950,0.93,COFFIN AVE,ACUSHNET RIVER,22001776,2022-12-15 17:00:15
NEW022,2022-11-12,07:15,Verified Data Report,,CSO - UnTreated,0h 55m,110840,0.93,SAWYER ST AT ACUSHNET R,ACUSHNET RIVER,22001777,2022-12-15 17:02:07
NEW018,2022-11-12,07:25,Verified Data Report,,CSO - UnTreated,0h 20m,68590,0.75,COVE ST AND E. RODNEY FRENCH BLVD,OUTER NEW BEDFORD HARBOR,22001778,2022-12-15 17:03:31
NEW003,2022-11-12,07:15,Verified Data Report,,CSO - UnTreated,3h 45m,295310,0.75,COVE RD & PADNARAM AVE,CLARK COVE,22001779,2022-12-15 17:04:49
NEW023,2022-11-13,10:25 AM,Public Notification Report,Initial-Ceased,CSO - UnTreated,,,,COFFIN AVE,ACUSHNET RIVER,22001305,2022-11-13 14:02:20
NEW022,2022-11-13,10:30 AM,Public Notification Report,Initial-Ceased,CSO - UnTreated,,,,SAWYER ST AT ACUSHNET R,ACUSHNET RIVER,22001306,2022-11-13 14:03:26
NEW003,2022-11-13,8:30 AM,Public Notification Report,Initial-Ceased,CSO - UnTreated,,,,COVE RD & PADNARAM AVE,CLARK COVE,22001307,2022-11-13 14:05:16
NEW036,2022-11-13,8:25 AM,Public Notification Report,Initial-Ceased,CSO - UnTreated,,,,HERVEY TICHON AVE AT BUSSARDS BAY,INNER NEW BEDFORD HARBOR,22001308,2022-11-13 14:06:33
NEW031,2022-11-13,12:05 PM,Public Notification Report,Initial-Ceased,CSO - UnTreated,,,,CONWAY ST AT BUZZARDS BAY,INNER NEW BEDFORD HARBOR,22001309,2022-11-13 14:07:31
NEW018,2022-11-13,10:55 AM,Public Notification Report,Initial-Ceased,CSO - UnTreated,,,,COVE ST AND E. RODNEY FRENCH BLVD,OUTER NEW BEDFORD HARBOR,22001310,2022-11-13 14:08:31
NEW036,2022-11-13,10:50,Verified Data Report,,CSO - UnTreated,2h 50m,66710,0.93,HERVEY TICHON AVE AT BUSSARDS BAY,INNER NEW BEDFORD HARBOR,22001767,2022-12-15 16:34:11
NEW031,2022-11-13,12:05,Verified Data Report,,CSO - UnTreated,1h 15m,16480,0.75,CONWAY ST AT BUZZARDS BAY,INNER NEW BEDFORD HARBOR,22001768,2022-12-15 16:36:29
NEW023,2022-11-13,10:25,Verified Data Report,,CSO - UnTreated,3h 25m,1496870,0.93,COFFIN AVE,ACUSHNET RIVER,22001769,2022-12-15 16:39:51
NEW022,2022-11-13,10:30,Verified Data Report,,CSO - UnTreated,3h 35m,3420,0.93,SAWYER ST AT ACUSHNET R,ACUSHNET RIVER,22001770,2022-12-15 16:41:26
NEW018,2022-11-13,10:55,Verified Data Report,,CSO - UnTreated,0h 25m,70730,0.75,COVE ST AND E. RODNEY FRENCH BLVD,OUTER NEW BEDFORD HARBOR,22001771,2022-12-15 16:43:58
NEW003,2022-11-13,08:30,Verified Data Report,,CSO - UnTreated,5h 30m,510840,0.75,COVE RD & PADNARAM AVE,CLARK COVE,22001772,2022-12-15 16:48:45
NEW003,2022-11-15,11:20 PM,Public Notification Report,Initial-Ceased,CSO - UnTreated,,,,COVE RD & PADNARAM AVE,CLARK COVE,22001492,2022-11-16 06:02:08
NEW022,2022-11-15,11:30 PM,Public Notification Report,Initial-Ceased,CSO - UnTreated,,,,SAWYER ST AT ACUSHNET R,ACUSHNET RIVER,22001493,2022-11-16 06:04:00
NEW023,2022-11-15,11:40 PM,Public Notification Report,Initial-Ceased,CSO - UnTreated,,,,COFFIN AVE,ACUSHNET RIVER,22001494,2022-11-16 06:05:23
NEW023,2022-11-15,23:40,Verified Data Report,,CSO - UnTreated,10h 55m,1363060,0.84,COFFIN AVE,ACUSHNET RIVER,22001764,2022-12-15 16:08:49
NEW022,2022-11-15,23:30,Verified Data Report,,CSO - UnTreated,11h 30m,57220,0.84,SAWYER ST AT ACUSHNET R,ACUSHNET RIVER,22001765,2022-12-15 16:27:35
NEW003,2022-11-15,23:20,Verified Data Report,,CSO - UnTreated,8h 50m,756890,0.64,COVE RD & PADNARAM AVE,CLARK COVE,22001766,2022-12-15 16:30:27
NEW036,2022-11-16,12:50 AM,Public Notification Report,Initial-Ceased,CSO - UnTreated,,,,HERVEY TICHON AVE AT BUSSARDS BAY,INNER NEW BEDFORD HARBOR,22001495,2022-11-16 06:07:05
NEW031,2022-11-16,7:20 AM,Public Notification Report,Initial-Ceased,CSO - UnTreated,,,,CONWAY ST AT BUZZARDS BAY,INNER NEW BEDFORD HARBOR,22001504,2022-11-16 10:09:27
NEW036,2022-11-16,00:50,Verified Data Report,,CSO - UnTreated,6h 25m,123280,0.84,HERVEY TICHON AVE AT BUSSARDS BAY,INNER NEW BEDFORD HARBOR,22001762,2022-12-15 16:03:19
NEW031,2022-11-16,07:20,Verified Data Report,,CSO - UnTreated,40h 0m,7010,0.64,CONWAY ST AT BUZZARDS BAY,INNER NEW BEDFORD HARBOR,22001763,2022-12-15 16:05:46
NEW023,2022-11-27,6:10 PM,Public Notification Report,Initial-Ongoing,CSO - UnTreated,,,,COFFIN AVE,ACUSHNET RIVER,22001521,2022-11-27 23:12:38
NEW003,2022-11-27,6:05 PM,Public Notification Report,Initial-Ongoing,CSO - UnTreated,,,,COVE RD & PADNARAM AVE,CLARK COVE,22001522,2022-11-27 23:13:47
NEW036,2022-11-27,6:05 PM,Public Notification Report,Initial-Ceased,CSO - UnTreated,,,,HERVEY TICHON AVE AT BUSSARDS BAY,INNER NEW BEDFORD HARBOR,22001523,2022-11-27 23:14:49
NEW022,2022-11-27,10:00 PM,Public Notification Report,Initial-Ceased,CSO - UnTreated,,,,SAWYER ST AT ACUSHNET R,ACUSHNET RIVER,22001524,2022-11-27 23:15:48
NEW036,2022-11-27,18:05,Verified Data Report,,CSO - UnTreated,4h 30m,61920,0.34,HERVEY TICHON AVE AT BUSSARDS BAY,INNER NEW BEDFORD HARBOR,22001758,2022-12-15 15:39:00
NEW023,2022-11-27,18:10,Verified Data Report,,CSO - UnTreated,5h 35m,2079050,0.34,COFFIN AVE,ACUSHNET RIVER,22001759,2022-12-15 15:50:06
NEW022,2022-11-27,22:00,Verified Data Report,,CSO - UnTreated,0h 15m,3760,0.34,SAWYER ST AT ACUSHNET R,ACUSHNET RIVER,22001760,2022-12-15 15:57:29
NEW003,2022-11-27,18:05,Verified Data Report,,CSO - UnTreated,5h 15m,287460,0.33,COVE RD & PADNARAM AVE,CLARK COVE,22001761,2022-12-15 15:59:23
NEW012,2022-11-30,8:05 PM,Public Notification Report,Initial-Ceased,CSO - UnTreated,,,,RICKETSON ST,OUTER NEW BEDFORD HARBOR,22001552,2022-11-30 21:32:36
NEW018,2022-11-30,6:30 PM,Public Notification Report,Initial-Ceased,CSO - UnTreated,,,,COVE ST AND E. RODNEY FRENCH BLVD,OUTER NEW BEDFORD HARBOR,22001553,2022-11-30 21:34:04
NEW031,2022-11-30,6:30 PM,Public Notification Report,Initial-Ceased,CSO - UnTreated,,,,CONWAY ST AT BUZZARDS BAY,INNER NEW BEDFORD HARBOR,22001554,2022-11-30 21:35:22
NEW003,2022-11-30,4:20 PM,Public Notification Report,Initial-Ceased,CSO - UnTreated,,,,COVE RD & PADNARAM AVE,CLARK COVE,22001555,2022-11-30 21:36:40
NEW006,2022-11-30,8:30 PM,Public Notification Report,Initial-Ceased,CSO - UnTreated,,,,LUCAS STREET & RFB,CLARK COVE,22001556,2022-11-30 21:38:43
NEW017,2022-11-30,7:50 PM,Public Notification Report,Initial-Ceased,CSO - UnTreated,,,,DAVID ST & RFB,OUTER NEW BEDFORD HARBOR,22001557,2022-11-30 21:40:03
NEW036,2022-11-30,4:10 PM,Public Notification Report,Initial-Ceased,CSO - UnTreated,,,,HERVEY TICHON AVE AT BUSSARDS BAY,INNER NEW BEDFORD HARBOR,22001558,2022-11-30 21:41:08
NEW023,2022-11-30,4:15 PM,Public Notification Report,Initial-Ceased,CSO - UnTreated,,,,COFFIN AVE,ACUSHNET RIVER,22001559,2022-11-30 21:42:05
NEW013,2022-11-30,8:05 PM,Public Notification Report,Initial-Ceased,CSO - UnTreated,,,,AQUIDNECK & RFB,OUTER NEW BEDFORD HARBOR,22001560,2022-11-30 21:43:20
NEW027,2022-11-30,6:35 PM,Public Notification Report,Initial-Ceased,CSO - UnTreated,,,,MILL RD AT ACUSHNET RIVER,ACUSHNET RIVER,22001561,2022-11-30 21:44:44
NEW041,2022-11-30,8:05 PM,Public Notification Report,Initial-Ceased,CSO - Treated,,,,BELLEVILLE RD AT ACUSHNET R,ACUSHNET RIVER,22001562,2022-11-30 21:46:43
NEW008,2022-11-30,8:00 PM,Public Notification Report,Initial-Ceased,CSO - UnTreated,,,,CALUMET ST & RFB,CLARK COVE,22001563,2022-11-30 21:48:14
NEW041,2022-11-30,08:05,Verified Data Report,,CSO - UnTreated,0h 0m,160,0.92,BELLEVILLE RD AT ACUSHNET R,ACUSHNET RIVER,22001735,2022-12-15 12:15:10
NEW036,2022-11-30,16:10,Verified Data Report,,CSO - UnTreated,5h 0m,365330,0.92,HERVEY TICHON AVE AT BUSSARDS BAY,INNER NEW BEDFORD HARBOR,22001742,2022-12-15 14:08:46
NEW031,2022-11-30,18:30,Verified Data Report,,CSO - UnTreated,3h 50m,900690,0.85,CONWAY ST AT BUZZARDS BAY,INNER NEW BEDFORD HARBOR,22001743,2022-12-15 14:24:47
NEW027,2022-11-30,18:35,Verified Data Report,,CSO - UnTreated,2h 10m,178890,0.92,MILL RD AT ACUSHNET RIVER,ACUSHNET RIVER,22001746,2022-12-15 14:26:43
NEW023,2022-11-30,16:15,Verified Data Report,,CSO - UnTreated,5h 30m,3792060,0.92,COFFIN AVE,ACUSHNET RIVER,22001750,2022-12-15 14:32:37
NEW018,2022-11-30,18:30,Verified Data Report,,CSO - UnTreated,3h 5m,622710,0.85,COVE ST AND E. RODNEY FRENCH BLVD,OUTER NEW BEDFORD HARBOR,22001751,2022-12-15 14:39:16
NEW017,2022-11-30,19:50,Verified Data Report,,CSO - UnTreated,1h 55m,1292400,0.85,DAVID ST & RFB,OUTER NEW BEDFORD HARBOR,22001752,2022-12-15 14:42:05
NEW013,2022-11-30,20:05,Verified Data Report,,CSO - UnTreated,0h 40m,46160,0.85,AQUIDNECK & RFB,OUTER NEW BEDFORD HARBOR,22001753,2022-12-15 14:50:07
NEW012,2022-11-30,20:05,Verified Data Report,,CSO - UnTreated,1h 10m,660380,0.85,RICKETSON ST,OUTER NEW BEDFORD HARBOR,22001754,2022-12-15 14:53:44
NEW008,2022-11-30,20:00,Verified Data Report,,CSO - UnTreated,0h 0m,2370,0.85,CALUMET ST & RFB,CLARK COVE,22001755,2022-12-15 14:55:44
NEW006,2022-11-30,20:30,Verified Data Report,,CSO - UnTreated,0h 50m,124120,0.85,LUCAS STREET & RFB,CLARK COVE,22001756,2022-12-15 15:27:42
NEW003,2022-11-30,16:20,Verified Data Report,,CSO - UnTreated,5h 10m,939850,0.85,COVE RD & PADNARAM AVE,CLARK COVE,22001757,2022-12-15 15:32:35
NEW003,2022-12-03,1:40 PM,Public Notification Report,Initial-Ceased,CSO - UnTreated,,,,COVE RD & PADNARAM AVE,CLARK COVE,22001599,2022-12-03 18:36:40
NEW036,2022-12-03,1:55 PM,Public Notification Report,Initial-Ceased,CSO - UnTreated,,,,HERVEY TICHON AVE AT BUSSARDS BAY,INNER NEW BEDFORD HARBOR,22001600,2022-12-03 18:40:24
NEW023,2022-12-03,2:05 PM,Public Notification Report,Initial-Ceased,CSO - UnTreated,,,,COFFIN AVE,ACUSHNET RIVER,22001601,2022-12-03 18:43:53
NEW031,2022-12-03,3:20 PM,Public Notification Report,Initial-Ceased,CSO - UnTreated,,,,CONWAY ST AT BUZZARDS BAY,INNER NEW BEDFORD HARBOR,22001602,2022-12-03 18:49:33
NEW027,2022-12-03,3:35 PM,Public Notification Report,Initial-Ceased,CSO - UnTreated,,,,MILL RD AT ACUSHNET RIVER,ACUSHNET RIVER,22001603,2022-12-03 18:55:02
NEW018,2022-12-03,3;45 PM,Public Notification Report,Initial-Ceased,CSO - UnTreated,,,,COVE ST AND E. RODNEY FRENCH BLVD,OUTER NEW BEDFORD HARBOR,22001604,2022-12-03 18:57:51
NEW003,2022-12-03,13:40,Verified Data Report,,CSO - UnTreated,4h 40m,683810,0.52,COVE RD & PADNARAM AVE,CLARK COVE,23002064,2023-01-14 08:21:37
NEW018,2022-12-03,15:45,Verified Data Report,,CSO - UnTreated,2h 40m,675420,0.52,COVE ST AND E. RODNEY FRENCH BLVD,OUTER NEW BEDFORD HARBOR,23002065,2023-01-14 08:25:05
NEW023,2022-12-03,14:05,Verified Data Report,,CSO - UnTreated,4h 10m,4065810,0.62,COFFIN AVE,ACUSHNET RIVER,23002066,2023-01-14 08:26:38
NEW027,2022-12-03,15:35,Verified Data Report,,CSO - UnTreated,0h 55m,21095,0.62,MILL RD AT ACUSHNET RIVER,ACUSHNET RIVER,23002067,2023-01-14 08:28:44
NEW031,2022-12-03,15:20,Verified Data Report,,CSO - UnTreated,2h 50m,338420,0.52,CONWAY ST AT BUZZARDS BAY,INNER NEW BEDFORD HARBOR,23002068,2023-01-14 08:30:19
NEW036,2022-12-03,13:55,Verified Data Report,,CSO - UnTreated,3h 25m,215830,0.62,HERVEY TICHON AVE AT BUSSARDS BAY,INNER NEW BEDFORD HARBOR,23002069,2023-01-14 08:33:29
NEW003,2022-12-07,2:25 AM,Public Notification Report,Initial-Ongoing,CSO - UnTreated,,,,COVE RD & PADNARAM AVE,CLARK COVE,22001616,2022-12-07 07:35:12
NEW035,2022-12-07,2:20 AM,Public Notification Report,Initial-Ongoing,CSO - UnTreated,,,,MAXFIELD ST AT BUZZARDS BAY,INNER NEW BEDFORD HARBOR,22001617,2022-12-07 07:38:14
NEW023,2022-12-07,3:35 AM,Public Notification Report,Initial-Ongoing,CSO - UnTreated,,,,COFFIN AVE,ACUSHNET RIVER,22001618,2022-12-07 07:40:38
NEW031,2022-12-07,4:50 AM,Public Notification Report,Initial-Ongoing,CSO - UnTreated,,,,CONWAY ST AT BUZZARDS BAY,INNER NEW BEDFORD HARBOR,22001619,2022-12-07 07:42:59
NEW035,2022-12-07,2:20 AM,Public Notification Report,Initial-Ceased,CSO - UnTreated,,,,MAXFIELD ST AT BUZZARDS BAY,INNER NEW BEDFORD HARBOR,22001623,2022-12-07 10:20:39
NEW003,2022-12-07,2:25 AM,Public Notification Report,Initial-Ceased,CSO - UnTreated,,,,COVE RD & PADNARAM AVE,CLARK COVE,22001624,2022-12-07 10:22:15
NEW035,2022-12-07,3:35 AM,Public Notification Report,Initial-Ceased,CSO - UnTreated,,,,MAXFIELD ST AT BUZZARDS BAY,INNER NEW BEDFORD HARBOR,22001625,2022-12-07 10:23:24
NEW023,2022-12-07,3:35 AM,Public Notification Report,Ceased,CSO - UnTreated,,,,COFFIN AVE,ACUSHNET RIVER,22001625-1,2022-12-07 10:29:54
NEW031,2022-12-07,4:50 AM,Public Notification Report,Initial-Ceased,CSO - UnTreated,,,,CONWAY ST AT BUZZARDS BAY,INNER NEW BEDFORD HARBOR,22001626,2022-12-07 10:32:54
NEW018,2022-12-07,1:00 PM,Public Notification Report,Initial-Ceased,CSO - UnTreated,,,,COVE ST AND E. RODNEY FRENCH BLVD,OUTER NEW BEDFORD HARBOR,22001640,2022-12-07 17:56:18
NEW006,2022-12-07,4:25 PM,Public Notification Report,Initial-Ceased,CSO - UnTreated,,,,LUCAS STREET & RFB,CLARK COVE,22001641,2022-12-07 17:57:28
NEW006,2022-12-07,4:50 PM,Public Notification Report,Initial-Ceased,CSO - UnTreated,,,,LUCAS STREET & RFB,CLARK COVE,22001642,2022-12-07 17:59:10
NEW003,2022-12-07,02:25,Verified Data Report,,CSO - UnTreated,6h 15m,777600,1.33,COVE RD & PADNARAM AVE,CLARK COVE,23002070,2023-01-14 08:37:21
NEW003,2022-12-07,12:05,Verified Data Report,,CSO - UnTreated,6h 55m,1402360,1.33,COVE RD & PADNARAM AVE,CLARK COVE,23002071,2023-01-14 08:39:45
NEW006,2022-12-07,16:25,Verified Data Report,,CSO - UnTreated,0h 50m,9490,1.33,LUCAS STREET & RFB,CLARK COVE,23002072,2023-01-14 08:42:47
NEW018,2022-12-07,13:00,Verified Data Report,,CSO - UnTreated,5h 0m,1362680,1.33,COVE ST AND E. RODNEY FRENCH BLVD,OUTER NEW BEDFORD HARBOR,23002073,2023-01-14 08:47:22
NEW023,2022-12-07,03:35,Verified Data Report,,CSO - UnTreated,5h 5m,3316780,1.51,COFFIN AVE,ACUSHNET RIVER,23002074,2023-01-14 08:55:00
NEW023,2022-12-07,12:05,Verified Data Report,,CSO - UnTreated,6h 35m,3255540,1.51,COFFIN AVE,ACUSHNET RIVER,23002075,2023-01-14 08:58:54
NEW031,2022-12-07,04:50,Verified Data Report,,CSO - UnTreated,2h 50m,14620,1.33,CONWAY ST AT BUZZARDS BAY,INNER NEW BEDFORD HARBOR,23002076,2023-01-14 09:04:20
NEW031,2022-12-07,12:55,Verified Data Report,,CSO - UnTreated,6h 25m,1642790,1.33,CONWAY ST AT BUZZARDS BAY,INNER NEW BEDFORD HARBOR,23002077,2023-01-14 09:05:44
NEW035,2022-12-07,02:20,Verified Data Report,,CSO - UnTreated,5h 45m,134940,1.51,MAXFIELD ST AT BUZZARDS BAY,INNER NEW BEDFORD HARBOR,23002078,2023-01-14 09:12:51
NEW035,2022-12-07,11:55,Verified Data Report,,CSO - UnTreated,6h 20m,569810,1.51,MAXFIELD ST AT BUZZARDS BAY,INNER NEW BEDFORD HARBOR,23002079,2023-01-14 09:15:07
NEW003,2022-12-16,01:55,Public Notification Report,Initial-Ongoing,CSO - UnTreated,,,,COVE RD & PADNARAM AVE,CLARK COVE,22001781,2022-12-16 07:21:07
NEW023,2022-12-16,02:05,Public Notification Report,Initial-Ongoing,CSO - UnTreated,,,,COFFIN AVE,ACUSHNET RIVER,22001782,2022-12-16 07:22:26
NEW031,2022-12-16,05:35,Public Notification Report,Initial-Ongoing,CSO - UnTreated,,,,CONWAY ST AT BUZZARDS BAY,INNER NEW BEDFORD HARBOR,22001783,2022-12-16 07:23:17
NEW036,2022-12-16,02:00,Public Notification Report,Initial-Ongoing,CSO - UnTreated,,,,HERVEY TICHON AVE AT BUSSARDS BAY,INNER NEW BEDFORD HARBOR,22001784,2022-12-16 07:24:21
NEW027,2022-12-16,10:10,Public Notification Report,Initial-Ongoing,CSO - UnTreated,,,,MILL RD AT ACUSHNET RIVER,ACUSHNET RIVER,22001786,2022-12-16 12:22:25
NEW022,2022-12-16,09:20,Public Notification Report,Initial-Ongoing,CSO - UnTreated,,,,SAWYER ST AT ACUSHNET R,ACUSHNET RIVER,22001787,2022-12-16 12:25:21
NEW017,2022-12-16,16:20,Public Notification Report,Initial-Ongoing,CSO - UnTreated,,,,DAVID ST & RFB,OUTER NEW BEDFORD HARBOR,22001792,2022-12-16 17:35:39
NEW018,2022-12-16,15:30,Public Notification Report,Initial-Ongoing,CSO - UnTreated,,,,COVE ST AND E. RODNEY FRENCH BLVD,OUTER NEW BEDFORD HARBOR,22001793,2022-12-16 17:36:52
NEW006,2022-12-16,16:50,Public Notification Report,Initial-Ongoing,CSO - UnTreated,,,,LUCAS STREET & RFB,CLARK COVE,22001794,2022-12-16 17:38:01
NEW013,2022-12-16,16:55,Public Notification Report,Initial-Ongoing,CSO - UnTreated,,,,AQUIDNECK & RFB,OUTER NEW BEDFORD HARBOR,22001795,2022-12-16 17:39:06
NEW012,2022-12-16,16:35,Public Notification Report,Initial-Ongoing,CSO - UnTreated,,,,RICKETSON ST,OUTER NEW BEDFORD HARBOR,22001796,2022-12-16 17:39:57
NEW022,2022-12-16,15:30,Public Notification Report,Initial-Ongoing,CSO - UnTreated,,,,SAWYER ST AT ACUSHNET R,ACUSHNET RIVER,22001797,2022-12-16 17:40:42
NEW003,2022-12-16,01:55,Verified Data Report,,CSO - UnTreated,19h 45m,3275110,1.92,COVE RD & PADNARAM AVE,CLARK COVE,23002080,2023-01-14 20:23:56
NEW006,2022-12-16,16:50,Verified Data Report,,CSO - UnTreated,3h 55m,671630,1.92,LUCAS STREET & RFB,CLARK COVE,23002081,2023-01-14 20:26:14
NEW012,2022-12-16,16:35,Verified Data Report,,CSO - UnTreated,3h 50m,1894990,1.92,RICKETSON ST,OUTER NEW BEDFORD HARBOR,23002082,2023-01-14 20:28:37
NEW013,2022-12-16,16:55,Verified Data Report,,CSO - UnTreated,2h 0m,136900,1.92,AQUIDNECK & RFB,OUTER NEW BEDFORD HARBOR,23002083,2023-01-14 20:30:41
NEW017,2022-12-16,16:20,Verified Data Report,,CSO - UnTreated,4h 45m,5806740,1.92,DAVID ST & RFB,OUTER NEW BEDFORD HARBOR,23002084,2023-01-14 20:33:24
NEW018,2022-12-16,15:30,Verified Data Report,,CSO - UnTreated,5h 45m,1751880,1.92,COVE ST AND E. RODNEY FRENCH BLVD,OUTER NEW BEDFORD HARBOR,23002085,2023-01-14 20:35:23
NEW022,2022-12-16,09:20,Verified Data Report,,CSO - UnTreated,0h 45m,5370,2.21,SAWYER ST AT ACUSHNET R,ACUSHNET RIVER,23002086,2023-01-14 20:38:39
NEW022,2022-12-16,15:30,Verified Data Report,,CSO - UnTreated,3h 5m,128660,2.21,SAWYER ST AT ACUSHNET R,ACUSHNET RIVER,23002087,2023-01-14 20:40:26
NEW023,2022-12-16,02:05,Verified Data Report,,CSO - UnTreated,19h 20m,12433070,2.21,COFFIN AVE,ACUSHNET RIVER,23002088,2023-01-14 20:46:30
NEW027,2022-12-16,14:40,Verified Data Report,,CSO - UnTreated,6h 15m,542340,2.21,MILL RD AT ACUSHNET RIVER,ACUSHNET RIVER,23002089,2023-01-14 20:47:46
NEW031,2022-12-16,05:35,Verified Data Report,,CSO - UnTreated,17h 10m,2591340,1.92,CONWAY ST AT BUZZARDS BAY,INNER NEW BEDFORD HARBOR,23002090,2023-01-14 20:51:49
NEW036,2022-12-16,02:00,Verified Data Report,,CSO - UnTreated,19h 5m,1029140,2.21,HERVEY TICHON AVE AT BUSSARDS BAY,INNER NEW BEDFORD HARBOR,23002725,2023-03-23 08:16:02
NEW023,2022-12-22,22:25,Public Notification Report,Initial-Ceased,CSO - UnTreated,,,,COFFIN AVE,ACUSHNET RIVER,22001850,2022-12-23 11:05:02
NEW036,2022-12-22,23:30,Public Notification Report,Initial-Ceased,CSO - UnTreated,,,,HERVEY TICHON AVE AT BUSSARDS BAY,INNER NEW BEDFORD HARBOR,22001851,2022-12-23 11:09:12
NEW003,2022-12-22,23:35,Public Notification Report,Initial-Ceased,CSO - UnTreated,,,,COVE RD & PADNARAM AVE,CLARK COVE,22001852,2022-12-23 11:11:54
NEW003,2022-12-22,23:35,Verified Data Report,,CSO - UnTreated,4h 10m,604240,0.77,COVE RD & PADNARAM AVE,CLARK COVE,23002092,2023-01-14 21:07:46
NEW023,2022-12-22,22:25,Verified Data Report,,CSO - UnTreated,25h 45m,8041740,1.03,COFFIN AVE,ACUSHNET RIVER,23002093,2023-01-14 21:11:18
NEW036,2022-12-22,23:30,Verified Data Report,,CSO - UnTreated,3h 10m,142160,1.03,HERVEY TICHON AVE AT BUSSARDS BAY,INNER NEW BEDFORD HARBOR,23002094,2023-01-14 21:50:04
NEW031,2022-12-23,01:00,Public Notification Report,Initial-Ceased,CSO - UnTreated,,,,CONWAY ST AT BUZZARDS BAY,INNER NEW BEDFORD HARBOR,22001853,2022-12-23 11:15:01
NEW027,2022-12-23,01:00,Public Notification Report,Initial-Ceased,CSO - UnTreated,,,,MILL RD AT ACUSHNET RIVER,ACUSHNET RIVER,22001854,2022-12-23 11:18:10
NEW018,2022-12-23,01:45,Public Notification Report,Initial-Ceased,CSO - UnTreated,,,,COVE ST AND E. RODNEY FRENCH BLVD,OUTER NEW BEDFORD HARBOR,22001855,2022-12-23 11:19:24
NEW006,2022-12-23,07:10,Public Notification Report,Initial-Ceased,CSO - UnTreated,,,,LUCAS STREET & RFB,CLARK COVE,22001856,2022-12-23 11:20:32
NEW036,2022-12-23,07:20,Public Notification Report,Initial-Ceased,CSO - UnTreated,,,,HERVEY TICHON AVE AT BUSSARDS BAY,INNER NEW BEDFORD HARBOR,22001857,2022-12-23 11:22:38
NEW003,2022-12-23,07:25,Public Notification Report,Initial-Ceased,CSO - UnTreated,,,,COVE RD & PADNARAM AVE,CLARK COVE,22001858,2022-12-23 11:24:17
NEW017,2022-12-23,08:20,Public Notification Report,Initial-Ceased,CSO - UnTreated,,,,DAVID ST & RFB,OUTER NEW BEDFORD HARBOR,22001859,2022-12-23 11:25:27
NEW012,2022-12-23,08:50,Public Notification Report,Initial-Ceased,CSO - UnTreated,,,,RICKETSON ST,OUTER NEW BEDFORD HARBOR,22001860,2022-12-23 11:27:21
NEW022,2022-12-23,00:50,Public Notification Report,Initial-Ceased,CSO - UnTreated,,,,SAWYER ST AT ACUSHNET R,ACUSHNET RIVER,22001861,2022-12-23 11:28:55
NEW003,2022-12-23,13:40,Verified Data Report,,CSO - UnTreated,1h 45m,310540,0.77,COVE RD & PADNARAM AVE,CLARK COVE,23002095,2023-01-14 22:16:19
NEW006,2022-12-23,07:10,Verified Data Report,,CSO - UnTreated,1h 25m,23400,0.77,LUCAS STREET & RFB,CLARK COVE,23002096,2023-01-14 22:20:43
NEW012,2022-12-23,08:50,Verified Data Report,,CSO - UnTreated,0h 10m,880,0.77,RICKETSON ST,OUTER NEW BEDFORD HARBOR,23002097,2023-01-14 22:23:46
NEW017,2022-12-23,08:20,Verified Data Report,,CSO - UnTreated,1h 15m,366760,0.77,DAVID ST & RFB,OUTER NEW BEDFORD HARBOR,23002098,2023-01-14 22:28:37
NEW018,2022-12-23,01:45,Verified Data Report,,CSO - UnTreated,0h 10m,520,0.77,COVE ST AND E. RODNEY FRENCH BLVD,OUTER NEW BEDFORD HARBOR,23002099,2023-01-14 22:35:54
NEW022,2022-12-23,00:50,Verified Data Report,,CSO - UnTreated,0h 55m,6220,1.03,SAWYER ST AT ACUSHNET R,ACUSHNET RIVER,23002101,2023-01-14 22:46:49
NEW022,2022-12-23,13:40,Verified Data Report,,CSO - UnTreated,0h 20m,31500,1.03,SAWYER ST AT ACUSHNET R,ACUSHNET RIVER,23002102,2023-01-14 22:49:27
NEW027,2022-12-23,01:00,Verified Data Report,,CSO - UnTreated,1h 10m,34220,1.03,MILL RD AT ACUSHNET RIVER,ACUSHNET RIVER,23002103,2023-01-14 22:54:15
NEW027,2022-12-23,13:55,Verified Data Report,,CSO - UnTreated,0h 25m,13410,1.03,MILL RD AT ACUSHNET RIVER,ACUSHNET RIVER,23002104,2023-01-14 22:55:28
NEW031,2022-12-23,01:00,Verified Data Report,,CSO - UnTreated,2h 15m,176370,0.77,CONWAY ST AT BUZZARDS BAY,INNER NEW BEDFORD HARBOR,23002105,2023-01-14 22:57:45
NEW031,2022-12-23,14:10,Verified Data Report,,CSO - UnTreated,1h 5m,33980,0.77,CONWAY ST AT BUZZARDS BAY,INNER NEW BEDFORD HARBOR,23002106,2023-01-14 22:58:48
NEW036,2022-12-23,07:20,Verified Data Report,,CSO - UnTreated,1h 15m,13610,1.03,HERVEY TICHON AVE AT BUSSARDS BAY,INNER NEW BEDFORD HARBOR,23002107,2023-01-14 23:04:27
NEW036,2022-12-23,13:40,Verified Data Report,,CSO - UnTreated,0h 35m,79160,1.03,HERVEY TICHON AVE AT BUSSARDS BAY,INNER NEW BEDFORD HARBOR,23002108,2023-01-14 23:06:23
NEW003,2022-12-23,07:25,Verified Data Report,,CSO - UnTreated,1h 50m,182980,0.77,COVE RD & PADNARAM AVE,CLARK COVE,23002109,2023-01-14 23:08:00
NEW018,2022-12-23,13:50,Verified Data Report,,CSO - UnTreated,0h 20m,16570,0.77,COVE ST AND E. RODNEY FRENCH BLVD,OUTER NEW BEDFORD HARBOR,23002726,2023-03-23 08:17:04
NEW023,2022-12-24,07:40,Public Notification Report,Initial-Ongoing,CSO - UnTreated,,,,COFFIN AVE,ACUSHNET RIVER,22001894,2022-12-24 13:02:44
NEW023,2022-12-24,07:40,Verified Data Report,,CSO - UnTreated,11h 0m,915400,0.00,COFFIN AVE,ACUSHNET RIVER,23002110,2023-01-14 23:10:15
NEW008,2022-12-25,21:10,Public Notification Report,Initial-Ceased,CSO - UnTreated,,,,CALUMET ST & RFB,CLARK COVE,22001895,2022-12-26 11:10:00
NEW008,2022-12-25,21:10,Verified Data Report,,CSO - UnTreated,1h 30m,1730,0.00,CALUMET ST & RFB,CLARK COVE,23002111,2023-01-14 23:11:57
NEW036,2022-12-31,15:15,Public Notification Report,Initial-Ceased,CSO - UnTreated,,,,HERVEY TICHON AVE AT BUSSARDS BAY,INNER NEW BEDFORD HARBOR,23001913,2023-01-01 08:47:05
NEW031,2022-12-31,17:20,Public Notification Report,Initial-Ceased,CSO - UnTreated,,,,CONWAY ST AT BUZZARDS BAY,INNER NEW BEDFORD HARBOR,23001914,2023-01-01 08:48:57
NEW023,2022-12-31,15:15,Public Notification Report,Initial-Ongoing,CSO - UnTreated,,,,COFFIN AVE,ACUSHNET RIVER,23001915,2023-01-01 08:50:38
NEW003,2022-12-31,15:15,Public Notification Report,Initial-Ceased,CSO - UnTreated,,,,COVE RD & PADNARAM AVE,CLARK COVE,23001916,2023-01-01 08:51:42
NEW036,2022-12-31,23:35,Public Notification Report,Initial-Ceased,CSO - UnTreated,,,,HERVEY TICHON AVE AT BUSSARDS BAY,INNER NEW BEDFORD HARBOR,23001917,2023-01-01 08:53:11
NEW003,2022-12-31,22:00,Public Notification Report,Initial-Ceased,CSO - UnTreated,,,,COVE RD & PADNARAM AVE,CLARK COVE,23001919,2023-01-01 08:55:47
NEW003,2022-12-31,15:15,Verified Data Report,,CSO - UnTreated,4h 25m,639260,0.88,COVE RD & PADNARAM AVE,CLARK COVE,23002112,2023-01-14 23:14:58
NEW003,2022-12-31,22:00,Verified Data Report,,CSO - UnTreated,4h 40m,436580,0.88,COVE RD & PADNARAM AVE,CLARK COVE,23002113,2023-01-14 23:16:03
NEW023,2022-12-31,15:15,Verified Data Report,,CSO - UnTreated,3h 50m,816190,0.79,COFFIN AVE,ACUSHNET RIVER,23002114,2023-01-14 23:18:14
NEW031,2022-12-31,17:20,Verified Data Report,,CSO - UnTreated,1h 35m,32200,0.88,CONWAY ST AT BUZZARDS BAY,INNER NEW BEDFORD HARBOR,23002115,2023-01-14 23:20:00
NEW036,2022-12-31,15:15,Verified Data Report,,CSO - UnTreated,3h 30m,96580,0.79,HERVEY TICHON AVE AT BUSSARDS BAY,INNER NEW BEDFORD HARBOR,23002116,2023-01-14 23:22:26
NEW036,2022-12-31,23:35,Verified Data Report,,CSO - UnTreated,2h 20m,32230,0.79,HERVEY TICHON AVE AT BUSSARDS BAY,INNER NEW BEDFORD HARBOR,23002117,2023-01-14 23:23:26
NEW023,2023-01-01,00:25,Public Notification Report,Initial-Ceased,CSO - UnTreated,,,,COFFIN AVE,ACUSHNET RIVER,23001918,2023-01-01 08:54:29
NEW023,2023-01-01,00:25,Verified Data Report,,CSO - UnTreated,2h 10m,347860,0.79,COFFIN AVE,ACUSHNET RIVER,23002453,2023-02-15 10:45:17
NEW003,2023-01-03,13:45,Public Notification Report,Initial-Ceased,CSO - UnTreated,,,,COVE RD & PADNARAM AVE,CLARK COVE,23001928,2023-01-03 20:36:22
NEW023,2023-01-03,14:00,Public Notification Report,Initial-Ceased,CSO - UnTreated,,,,COFFIN AVE,ACUSHNET RIVER,23001929,2023-01-03 20:37:24
NEW022,2023-01-03,16:00,Public Notification Report,Initial-Ceased,CSO - UnTreated,,,,SAWYER ST AT ACUSHNET R,ACUSHNET RIVER,23001930,2023-01-03 20:38:34
NEW036,2023-01-03,16:25,Public Notification Report,Initial-Ceased,CSO - UnTreated,,,,HERVEY TICHON AVE AT BUSSARDS BAY,INNER NEW BEDFORD HARBOR,23001931,2023-01-03 20:39:33
NEW003,2023-01-03,13:45,Verified Data Report,,CSO - UnTreated,3h 5m,257930,0.65,COVE RD & PADNARAM AVE,CLARK COVE,23002454,2023-02-15 11:06:11
NEW022,2023-01-03,16:00,Verified Data Report,,CSO - UnTreated,0h 20m,10820,0.90,SAWYER ST AT ACUSHNET R,ACUSHNET RIVER,23002455,2023-02-15 11:19:55
NEW023,2023-01-03,14:00,Verified Data Report,,CSO - UnTreated,3h 5m,670920,0.90,COFFIN AVE,ACUSHNET RIVER,23002456,2023-02-15 11:34:18
NEW036,2023-01-03,12:55,Verified Data Report,,CSO - UnTreated,3h 30m,70620,0.90,HERVEY TICHON AVE AT BUSSARDS BAY,INNER NEW BEDFORD HARBOR,23002457,2023-02-15 11:37:40
NEW003,2023-01-04,04:15,Public Notification Report,Initial-Ceased,CSO - UnTreated,,,,COVE RD & PADNARAM AVE,CLARK COVE,23001936,2023-01-04 07:40:15
NEW023,2023-01-04,04:20,Public Notification Report,Initial-Ceased,CSO - UnTreated,,,,COFFIN AVE,ACUSHNET RIVER,23001937,2023-01-04 07:41:12
NEW041,2023-01-04,10:40,Public Notification Report,Initial-Ongoing,CSO - UnTreated,,,,BELLEVILLE RD AT ACUSHNET R,ACUSHNET RIVER,23001942,2023-01-04 19:36:05
NEW003,2023-01-04,20:55,Public Notification Report,Initial-Ceased,CSO - UnTreated,,,,COVE RD & PADNARAM AVE,CLARK COVE,23001946,2023-01-05 08:13:17
NEW003,2023-01-04,04:15,Verified Data Report,,CSO - UnTreated,0h 55m,68340,0.65,COVE RD & PADNARAM AVE,CLARK COVE,23002458,2023-02-15 11:40:20
NEW003,2023-01-04,20:55,Verified Data Report,,CSO - UnTreated,3h 15m,202520,0.65,COVE RD & PADNARAM AVE,CLARK COVE,23002459,2023-02-15 11:43:06
NEW023,2023-01-04,04:20,Verified Data Report,,CSO - UnTreated,0h 35m,38110,0.90,COFFIN AVE,ACUSHNET RIVER,23002460,2023-02-15 12:26:20
NEW023,2023-01-04,22:35,Verified Data Report,,CSO - UnTreated,1h 20m,213580,0.90,COFFIN AVE,ACUSHNET RIVER,23002461,2023-02-15 12:30:25
NEW036,2023-01-04,20:50,Verified Data Report,,CSO - UnTreated,2h 45m,36440,0.90,HERVEY TICHON AVE AT BUSSARDS BAY,INNER NEW BEDFORD HARBOR,23002462,2023-02-15 12:40:27
NEW023,2023-01-05,10:40,Public Notification Report,Initial-Ceased,CSO - UnTreated,,,,COFFIN AVE,ACUSHNET RIVER,23001945,2023-01-05 08:11:23
NEW036,2023-01-05,20:50,Public Notification Report,Initial-Ceased,CSO - UnTreated,,,,HERVEY TICHON AVE AT BUSSARDS BAY,INNER NEW BEDFORD HARBOR,23001947,2023-01-05 08:14:27
NEW035,2023-01-12,21:00,Public Notification Report,Initial-Ceased,CSO - UnTreated,,,,MAXFIELD ST AT BUZZARDS BAY,INNER NEW BEDFORD HARBOR,23002003,2023-01-13 11:06:55
NEW023,2023-01-12,09:05,Public Notification Report,Initial-Ceased,CSO - UnTreated,,,,COFFIN AVE,ACUSHNET RIVER,23002004,2023-01-13 11:08:58
NEW022,2023-01-12,09:05,Public Notification Report,Initial-Ceased,CSO - UnTreated,,,,SAWYER ST AT ACUSHNET R,ACUSHNET RIVER,23002005,2023-01-13 11:10:03
NEW003,2023-01-12,21:10,Public Notification Report,Initial-Ceased,CSO - UnTreated,,,,COVE RD & PADNARAM AVE,CLARK COVE,23002006,2023-01-13 11:10:58
NEW027,2023-01-12,21:25,Public Notification Report,Initial-Ceased,CSO - UnTreated,,,,MILL RD AT ACUSHNET RIVER,ACUSHNET RIVER,23002007,2023-01-13 11:11:50
NEW018,2023-01-12,21:50,Public Notification Report,Initial-Ceased,CSO - UnTreated,,,,COVE ST AND E. RODNEY FRENCH BLVD,OUTER NEW BEDFORD HARBOR,23002008,2023-01-13 11:13:01
NEW031,2023-01-12,21:50,Public Notification Report,Initial-Ceased,CSO - UnTreated,,,,CONWAY ST AT BUZZARDS BAY,INNER NEW BEDFORD HARBOR,23002009,2023-01-13 11:14:15
NEW017,2023-01-12,23:05,Public Notification Report,Initial-Ceased,CSO - UnTreated,,,,DAVID ST & RFB,OUTER NEW BEDFORD HARBOR,23002010,2023-01-13 11:15:16
NEW017,2023-01-12,23:05,Verified Data Report,,CSO - UnTreated,0h 20m,5120,2.15,DAVID ST & RFB,OUTER NEW BEDFORD HARBOR,23002464,2023-02-15 13:01:26
NEW018,2023-01-12,21:50,Verified Data Report,,CSO - UnTreated,13h 15m,3131880,2.15,COVE ST AND E. RODNEY FRENCH BLVD,OUTER NEW BEDFORD HARBOR,23002465,2023-02-15 13:07:30
NEW022,2023-01-12,21:05,Verified Data Report,,CSO - UnTreated,2h 30m,119170,2.50,SAWYER ST AT ACUSHNET R,ACUSHNET RIVER,23002466,2023-02-15 13:08:41
NEW023,2023-01-12,21:05,Verified Data Report,,CSO - UnTreated,14h 0m,12058550,2.50,COFFIN AVE,ACUSHNET RIVER,23002467,2023-02-15 13:11:04
NEW027,2023-01-12,21:25,Verified Data Report,,CSO - UnTreated,2h 35m,202930,2.50,MILL RD AT ACUSHNET RIVER,ACUSHNET RIVER,23002468,2023-02-15 13:12:40
NEW031,2023-01-12,21:50,Verified Data Report,,CSO - UnTreated,3h 5m,668950,2.15,CONWAY ST AT BUZZARDS BAY,INNER NEW BEDFORD HARBOR,23002469,2023-02-15 13:14:17
NEW035,2023-01-12,21:00,Verified Data Report,,CSO - UnTreated,2h 40m,361170,2.50,MAXFIELD ST AT BUZZARDS BAY,INNER NEW BEDFORD HARBOR,23002470,2023-02-15 13:29:08
NEW003,2023-01-12,21:10,Verified Data Report,,CSO - UnTreated,3h 0m,689750,2.15,COVE RD & PADNARAM AVE,CLARK COVE,23002471,2023-02-15 13:32:16
NEW035,2023-01-13,01:55,Public Notification Report,Initial-Ceased,CSO - UnTreated,,,,MAXFIELD ST AT BUZZARDS BAY,INNER NEW BEDFORD HARBOR,23002011,2023-01-13 11:16:29
NEW003,2023-01-13,02:35,Public Notification Report,Initial-Ceased,CSO - UnTreated,,,,COVE RD & PADNARAM AVE,CLARK COVE,23002012,2023-01-13 11:17:22
NEW022,2023-01-13,02:40,Public Notification Report,Initial-Ceased,CSO - UnTreated,,,,SAWYER ST AT ACUSHNET R,ACUSHNET RIVER,23002013,2023-01-13 11:18:16
NEW027,2023-01-13,02:55,Public Notification Report,Initial-Ceased,CSO - UnTreated,,,,MILL RD AT ACUSHNET RIVER,ACUSHNET RIVER,23002014,2023-01-13 11:19:26
NEW031,2023-01-13,03:00,Public Notification Report,Initial-Ceased,CSO - UnTreated,,,,CONWAY ST AT BUZZARDS BAY,INNER NEW BEDFORD HARBOR,23002015,2023-01-13 11:21:13
NEW017,2023-01-13,03:10,Public Notification Report,Initial-Ceased,CSO - UnTreated,,,,DAVID ST & RFB,OUTER NEW BEDFORD HARBOR,23002016,2023-01-13 11:21:55
NEW005,2023-01-13,04:00,Public Notification Report,Initial-Ceased,CSO - UnTreated,,,,DUDLEY & RFB,CLARK COVE,23002017,2023-01-13 11:23:17
NEW006,2023-01-13,04:45,Public Notification Report,Initial-Ceased,CSO - UnTreated,,,,LUCAS STREET & RFB,CLARK COVE,23002018,2023-01-13 11:24:18
NEW008,2023-01-13,06:20,Public Notification Report,Initial-Ceased,CSO - UnTreated,,,,CALUMET ST & RFB,CLARK COVE,23002019,2023-01-13 11:25:17
NEW013,2023-01-13,03:55,Public Notification Report,Initial-Ceased,CSO - UnTreated,,,,AQUIDNECK & RFB,OUTER NEW BEDFORD HARBOR,23002063,2023-01-13 22:06:58
NEW003,2023-01-13,02:35,Verified Data Report,,CSO - UnTreated,11h 55m,2384350,2.15,COVE RD & PADNARAM AVE,CLARK COVE,23002472,2023-02-15 13:42:38
NEW005,2023-01-13,04:00,Verified Data Report,,CSO - UnTreated,3h 10m,113210,2.15,DUDLEY & RFB,CLARK COVE,23002473,2023-02-15 13:44:50
NEW006,2023-01-13,04:45,Verified Data Report,,CSO - UnTreated,4h 35m,668220,2.15,LUCAS STREET & RFB,CLARK COVE,23002474,2023-02-15 13:57:18
NEW008,2023-01-13,06:20,Verified Data Report,,CSO - UnTreated,0h 5m,1040,2.15,CALUMET ST & RFB,CLARK COVE,23002475,2023-02-15 13:59:10
NEW013,2023-01-13,03:55,Verified Data Report,,CSO - UnTreated,3h 35m,292510,2.15,AQUIDNECK & RFB,OUTER NEW BEDFORD HARBOR,23002476,2023-02-15 14:01:26
NEW017,2023-01-13,03:10,Verified Data Report,,CSO - UnTreated,7h 40m,5857110,2.15,DAVID ST & RFB,OUTER NEW BEDFORD HARBOR,23002477,2023-02-15 14:04:02
NEW022,2023-01-13,02:40,Verified Data Report,,CSO - UnTreated,7h 55m,337580,2.50,SAWYER ST AT ACUSHNET R,ACUSHNET RIVER,23002478,2023-02-15 14:07:43
NEW027,2023-01-13,02:55,Verified Data Report,,CSO - UnTreated,7h 50m,917380,2.50,MILL RD AT ACUSHNET RIVER,ACUSHNET RIVER,23002479,2023-02-15 14:12:21
NEW031,2023-01-13,03:00,Verified Data Report,,CSO - UnTreated,9h 25m,2842490,2.15,CONWAY ST AT BUZZARDS BAY,INNER NEW BEDFORD HARBOR,23002480,2023-02-15 14:14:30
NEW035,2023-01-13,01:55,Verified Data Report,,CSO - UnTreated,8h 50m,1017320,2.50,MAXFIELD ST AT BUZZARDS BAY,INNER NEW BEDFORD HARBOR,23002481,2023-02-15 14:18:53
NEW022,2023-01-16,11:25,Public Notification Report,Initial-Ceased,CSO - UnTreated,,,,SAWYER ST AT ACUSHNET R,ACUSHNET RIVER,23002118,2023-01-17 19:16:31
NEW003,2023-01-16,11:30,Public Notification Report,Initial-Ceased,CSO - UnTreated,,,,COVE RD & PADNARAM AVE,CLARK COVE,23002119,2023-01-17 19:17:47
NEW003,2023-01-16,11:30,Verified Data Report,,CSO - UnTreated,0h 35m,10770,0.09,COVE RD & PADNARAM AVE,CLARK COVE,23002482,2023-02-15 14:27:05
NEW022,2023-01-16,11:25,Verified Data Report,,CSO - UnTreated,7h 15m,18510,0.17,SAWYER ST AT ACUSHNET R,ACUSHNET RIVER,23002483,2023-02-15 14:30:07
NEW003,2023-01-19,16:20,Public Notification Report,Initial-Ceased,CSO - UnTreated,,,,COVE RD & PADNARAM AVE,CLARK COVE,23002134,2023-01-20 07:27:49
NEW022,2023-01-19,16:20,Public Notification Report,Initial-Ceased,CSO - UnTreated,,,,SAWYER ST AT ACUSHNET R,ACUSHNET RIVER,23002135,2023-01-20 07:29:03
NEW036,2023-01-19,16:20,Public Notification Report,Initial-Ceased,CSO - UnTreated,,,,HERVEY TICHON AVE AT BUSSARDS BAY,INNER NEW BEDFORD HARBOR,23002136,2023-01-20 07:31:25
NEW023,2023-01-19,16:30,Public Notification Report,Initial-Ceased,CSO - UnTreated,,,,COFFIN AVE,ACUSHNET RIVER,23002137,2023-01-20 07:35:37
NEW031,2023-01-19,17:25,Public Notification Report,Initial-Ceased,CSO - UnTreated,,,,CONWAY ST AT BUZZARDS BAY,INNER NEW BEDFORD HARBOR,23002138,2023-01-20 07:37:45
NEW027,2023-01-19,20:05,Public Notification Report,Initial-Ceased,CSO - UnTreated,,,,MILL RD AT ACUSHNET RIVER,ACUSHNET RIVER,23002139,2023-01-20 07:39:48
NEW027,2023-01-19,22:45,Public Notification Report,Initial-Ceased,CSO - UnTreated,,,,MILL RD AT ACUSHNET RIVER,ACUSHNET RIVER,23002140,2023-01-20 07:40:37
NEW018,2023-01-19,23:45,Public Notification Report,Initial-Ceased,CSO - UnTreated,,,,COVE ST AND E. RODNEY FRENCH BLVD,OUTER NEW BEDFORD HARBOR,23002141,2023-01-20 07:41:47
NEW003,2023-01-19,16:20,Verified Data Report,,CSO - UnTreated,10h 40m,1889930,1.19,COVE RD & PADNARAM AVE,CLARK COVE,23002484,2023-02-15 14:36:30
NEW018,2023-01-19,23:45,Verified Data Report,,CSO - UnTreated,2h 25m,624100,1.19,COVE ST AND E. RODNEY FRENCH BLVD,OUTER NEW BEDFORD HARBOR,23002485,2023-02-15 14:40:01
NEW022,2023-01-19,16:20,Verified Data Report,,CSO - UnTreated,10h 15m,295920,1.30,SAWYER ST AT ACUSHNET R,ACUSHNET RIVER,23002486,2023-02-15 14:41:06
NEW023,2023-01-19,16:30,Verified Data Report,,CSO - UnTreated,10h 0m,5515820,1.30,COFFIN AVE,ACUSHNET RIVER,23002487,2023-02-15 14:42:04
NEW027,2023-01-19,20:05,Verified Data Report,,CSO - UnTreated,0h 5m,150,1.30,MILL RD AT ACUSHNET RIVER,ACUSHNET RIVER,23002488,2023-02-15 14:43:27
NEW027,2023-01-19,22:45,Verified Data Report,,CSO - UnTreated,2h 55m,202900,1.30,MILL RD AT ACUSHNET RIVER,ACUSHNET RIVER,23002489,2023-02-15 14:44:21
NEW031,2023-01-19,17:25,Verified Data Report,,CSO - UnTreated,9h 40m,1282030,1.19,CONWAY ST AT BUZZARDS BAY,INNER NEW BEDFORD HARBOR,23002490,2023-02-15 14:47:28
NEW036,2023-01-19,16:20,Verified Data Report,,CSO - UnTreated,9h 25m,586310,1.30,HERVEY TICHON AVE AT BUSSARDS BAY,INNER NEW BEDFORD HARBOR,23002491,2023-02-15 14:48:42
NEW017,2023-01-20,00:00,Public Notification Report,Initial-Ceased,CSO - UnTreated,,,,DAVID ST & RFB,OUTER NEW BEDFORD HARBOR,23002142,2023-01-20 07:44:32
NEW012,2023-01-20,00:20,Public Notification Report,Initial-Ceased,CSO - UnTreated,,,,RICKETSON ST,OUTER NEW BEDFORD HARBOR,23002143,2023-01-20 07:48:18
NEW013,2023-01-20,00:40,Public Notification Report,Initial-Ceased,CSO - UnTreated,,,,AQUIDNECK & RFB,OUTER NEW BEDFORD HARBOR,23002144,2023-01-20 07:49:54
NEW003,2023-01-20,13:45,Public Notification Report,Initial-Ceased,CSO - UnTreated,,,,COVE RD & PADNARAM AVE,CLARK COVE,23002176,2023-01-20 22:58:51
NEW003,2023-01-20,13:45,Verified Data Report,,CSO - UnTreated,0h 35m,2910,1.19,COVE RD & PADNARAM AVE,CLARK COVE,23002492,2023-02-15 15:17:28
NEW012,2023-01-20,00:20,Verified Data Report,,CSO - UnTreated,1h 20m,434890,1.19,RICKETSON ST,OUTER NEW BEDFORD HARBOR,23002493,2023-02-15 15:18:50
NEW013,2023-01-20,00:40,Verified Data Report,,CSO - UnTreated,0h 20m,4330,1.19,AQUIDNECK & RFB,OUTER NEW BEDFORD HARBOR,23002494,2023-02-15 15:19:51
NEW017,2023-01-20,00:00,Verified Data Report,,CSO - UnTreated,1h 55m,591460,1.19,DAVID ST & RFB,OUTER NEW BEDFORD HARBOR,23002495,2023-02-15 15:21:43
NEW036,2023-01-22,21:20,Public Notification Report,Initial-Ceased,CSO - UnTreated,,,,HERVEY TICHON AVE AT BUSSARDS BAY,INNER NEW BEDFORD HARBOR,23002179,2023-01-23 07:03:10
NEW022,2023-01-22,21:30,Public Notification Report,Initial-Ceased,CSO - UnTreated,,,,SAWYER ST AT ACUSHNET R,ACUSHNET RIVER,23002180,2023-01-23 07:04:59
NEW003,2023-01-22,21:25,Public Notification Report,Initial-Ceased,CSO - UnTreated,,,,COVE RD & PADNARAM AVE,CLARK COVE,23002186,2023-01-23 08:53:22
NEW023,2023-01-22,21:30,Public Notification Report,Initial-Ceased,CSO - UnTreated,,,,COFFIN AVE,ACUSHNET RIVER,23002187,2023-01-23 08:56:28
NEW031,2023-01-22,22:50,Public Notification Report,Initial-Ceased,CSO - UnTreated,,,,CONWAY ST AT BUZZARDS BAY,INNER NEW BEDFORD HARBOR,23002188,2023-01-23 08:59:20
NEW018,2023-01-22,22:50,Public Notification Report,Initial-Ceased,CSO - UnTreated,,,,COVE ST AND E. RODNEY FRENCH BLVD,OUTER NEW BEDFORD HARBOR,23002189,2023-01-23 09:01:28
NEW003,2023-01-22,21:25,Verified Data Report,,CSO - UnTreated,10h 10m,2337540,1.54,COVE RD & PADNARAM AVE,CLARK COVE,23002496,2023-02-15 15:23:22
NEW022,2023-01-22,21:30,Verified Data Report,,CSO - UnTreated,55h 30m,889260,1.61,SAWYER ST AT ACUSHNET R,ACUSHNET RIVER,23002498,2023-02-15 15:26:59
NEW023,2023-01-22,21:30,Verified Data Report,,CSO - UnTreated,9h 15m,6333890,1.61,COFFIN AVE,ACUSHNET RIVER,23002499,2023-02-15 15:29:02
NEW031,2023-01-22,22:50,Verified Data Report,,CSO - UnTreated,9h 35m,1939010,1.54,CONWAY ST AT BUZZARDS BAY,INNER NEW BEDFORD HARBOR,23002500,2023-02-15 15:35:32
NEW036,2023-01-22,21:20,Verified Data Report,,CSO - UnTreated,8h 55m,887450,1.61,HERVEY TICHON AVE AT BUSSARDS BAY,INNER NEW BEDFORD HARBOR,23002501,2023-02-15 15:36:46
NEW017,2023-01-23,02:55,Public Notification Report,Initial-Ceased,CSO - UnTreated,,,,DAVID ST & RFB,OUTER NEW BEDFORD HARBOR,23002190,2023-01-23 09:04:49
NEW012,2023-01-23,03:20,Public Notification Report,Initial-Ceased,CSO - UnTreated,,,,RICKETSON ST,OUTER NEW BEDFORD HARBOR,23002191,2023-01-23 09:06:19
NEW013,2023-01-23,04:05,Public Notification Report,Initial-Ceased,CSO - UnTreated,,,,AQUIDNECK & RFB,OUTER NEW BEDFORD HARBOR,23002192,2023-01-23 09:08:11
NEW006,2023-01-23,04:15,Public Notification Report,Initial-Ceased,CSO - UnTreated,,,,LUCAS STREET & RFB,CLARK COVE,23002193,2023-01-23 09:10:25
NEW005,2023-01-23,04:20,Public Notification Report,Initial-Ceased,CSO - UnTreated,,,,DUDLEY & RFB,CLARK COVE,23002194,2023-01-23 09:13:26
NEW027,2023-01-23,00:05,Public Notification Report,Initial-Ceased,CSO - UnTreated,,,,MILL RD AT ACUSHNET RIVER,ACUSHNET RIVER,23002195,2023-01-23 09:15:31
NEW036,2023-01-23,13:35,Public Notification Report,Initial-Ceased,CSO - UnTreated,,,,HERVEY TICHON AVE AT BUSSARDS BAY,INNER NEW BEDFORD HARBOR,23002212,2023-01-23 22:36:05
NEW023,2023-01-23,14:05,Public Notification Report,Initial-Ceased,CSO - UnTreated,,,,COFFIN AVE,ACUSHNET RIVER,23002213,2023-01-23 22:37:35
NEW031,2023-01-23,14:15,Public Notification Report,Initial-Ceased,CSO - UnTreated,,,,CONWAY ST AT BUZZARDS BAY,INNER NEW BEDFORD HARBOR,23002214,2023-01-23 22:38:47
NEW018,2023-01-23,01:05,Verified Data Report,,CSO - UnTreated,7h 30m,1716870,1.54,COVE ST AND E. RODNEY FRENCH BLVD,OUTER NEW BEDFORD HARBOR,23002497,2023-02-15 15:25:32
NEW005,2023-01-23,04:20,Verified Data Report,,CSO - UnTreated,1h 0m,22690,1.54,DUDLEY & RFB,CLARK COVE,23002502,2023-02-15 15:38:15
NEW006,2023-01-23,04:15,Verified Data Report,,CSO - UnTreated,2h 10m,299970,1.54,LUCAS STREET & RFB,CLARK COVE,23002503,2023-02-15 15:39:22
NEW012,2023-01-23,03:20,Verified Data Report,,CSO - UnTreated,3h 30m,2374030,1.54,RICKETSON ST,OUTER NEW BEDFORD HARBOR,23002504,2023-02-15 15:41:26
NEW013,2023-01-23,04:05,Verified Data Report,,CSO - UnTreated,1h 55m,147490,1.54,AQUIDNECK & RFB,OUTER NEW BEDFORD HARBOR,23002505,2023-02-15 15:42:18
NEW017,2023-01-23,02:55,Verified Data Report,,CSO - UnTreated,4h 0m,2206690,1.54,DAVID ST & RFB,OUTER NEW BEDFORD HARBOR,23002506,2023-02-15 15:43:06
NEW023,2023-01-23,14:05,Verified Data Report,,CSO - UnTreated,0h 45m,26900,1.61,COFFIN AVE,ACUSHNET RIVER,23002507,2023-02-15 15:44:04
NEW027,2023-01-23,00:05,Verified Data Report,,CSO - UnTreated,8h 25m,508120,1.61,MILL RD AT ACUSHNET RIVER,ACUSHNET RIVER,23002508,2023-02-15 15:45:05
NEW031,2023-01-23,14:15,Verified Data Report,,CSO - UnTreated,2h 15m,51410,1.54,CONWAY ST AT BUZZARDS BAY,INNER NEW BEDFORD HARBOR,23002509,2023-02-15 15:46:36
NEW036,2023-01-23,13:35,Verified Data Report,,CSO - UnTreated,3h 30m,33710,1.61,HERVEY TICHON AVE AT BUSSARDS BAY,INNER NEW BEDFORD HARBOR,23002510,2023-02-15 15:47:31
NEW036,2023-01-25,20:05,Public Notification Report,Initial-Ceased,CSO - UnTreated,,,,HERVEY TICHON AVE AT BUSSARDS BAY,INNER NEW BEDFORD HARBOR,23002287,2023-01-26 13:26:27
NEW003,2023-01-25,20:15,Public Notification Report,Initial-Ceased,CSO - UnTreated,,,,COVE RD & PADNARAM AVE,CLARK COVE,23002288,2023-01-26 13:27:41
NEW023,2023-01-25,20:15,Public Notification Report,Initial-Ceased,CSO - UnTreated,,,,COFFIN AVE,ACUSHNET RIVER,23002290,2023-01-26 13:32:22
NEW031,2023-01-25,21:00,Public Notification Report,Initial-Ceased,CSO - UnTreated,,,,CONWAY ST AT BUZZARDS BAY,INNER NEW BEDFORD HARBOR,23002293,2023-01-26 13:35:33
NEW027,2023-01-25,22:10,Public Notification Report,Initial-Ceased,CSO - UnTreated,,,,MILL RD AT ACUSHNET RIVER,ACUSHNET RIVER,23002295,2023-01-26 13:37:05
NEW018,2023-01-25,23:10,Public Notification Report,Initial-Ceased,CSO - UnTreated,,,,COVE ST AND E. RODNEY FRENCH BLVD,OUTER NEW BEDFORD HARBOR,23002299,2023-01-26 13:42:30
NEW003,2023-01-25,20:15,Verified Data Report,,CSO - UnTreated,21h 50m,3770730,1.82,COVE RD & PADNARAM AVE,CLARK COVE,23002511,2023-02-15 15:53:36
NEW018,2023-01-25,23:10,Verified Data Report,,CSO - UnTreated,12h 5m,2379960,1.82,COVE ST AND E. RODNEY FRENCH BLVD,OUTER NEW BEDFORD HARBOR,23002512,2023-02-15 15:59:42
NEW023,2023-01-25,20:15,Verified Data Report,,CSO - UnTreated,11h 55m,15940560,2.04,COFFIN AVE,ACUSHNET RIVER,23002513,2023-02-15 16:03:03
NEW027,2023-01-25,22:10,Verified Data Report,,CSO - UnTreated,13h 45m,1791440,2.04,MILL RD AT ACUSHNET RIVER,ACUSHNET RIVER,23002514,2023-02-15 16:04:03
NEW031,2023-01-25,21:00,Verified Data Report,,CSO - UnTreated,18h 40m,4285100,1.82,CONWAY ST AT BUZZARDS BAY,INNER NEW BEDFORD HARBOR,23002515,2023-02-15 16:05:52
NEW036,2023-01-25,20:05,Verified Data Report,,CSO - UnTreated,12h 50m,1517770,2.04,HERVEY TICHON AVE AT BUSSARDS BAY,INNER NEW BEDFORD HARBOR,23002516,2023-02-15 16:07:49
NEW017,2023-01-26,02:10,Public Notification Report,Initial-Ceased,CSO - UnTreated,,,,DAVID ST & RFB,OUTER NEW BEDFORD HARBOR,23002300,2023-01-26 13:44:45
NEW005,2023-01-26,02:15,Public Notification Report,Initial-Ceased,CSO - UnTreated,,,,DUDLEY & RFB,CLARK COVE,23002301,2023-01-26 13:48:00
NEW012,2023-01-26,02:20,Public Notification Report,Initial-Ceased,CSO - UnTreated,,,,RICKETSON ST,OUTER NEW BEDFORD HARBOR,23002302,2023-01-26 13:50:06
NEW013,2023-01-26,02:30,Public Notification Report,Initial-Ceased,CSO - UnTreated,,,,AQUIDNECK & RFB,OUTER NEW BEDFORD HARBOR,23002305,2023-01-26 13:58:48
NEW008,2023-01-26,02:50,Public Notification Report,Initial-Ceased,CSO - UnTreated,,,,CALUMET ST & RFB,CLARK COVE,23002306,2023-01-26 14:01:06
NEW010,2023-01-26,02:55,Public Notification Report,Initial-Ceased,CSO - UnTreated,,,,BELLEVUE ST & RFB,CLARK COVE,23002307,2023-01-26 14:03:15
NEW007,2023-01-26,03:00,Public Notification Report,Initial-Ceased,CSO - UnTreated,,,,CAPITAL AND ROD. FRENCH BLVD,CLARK COVE,23002308,2023-01-26 14:04:58
NEW005,2023-01-26,02:15,Verified Data Report,,CSO - UnTreated,4h 0m,379480,1.82,DUDLEY & RFB,CLARK COVE,23002517,2023-02-15 16:09:17
NEW007,2023-01-26,03:00,Verified Data Report,,CSO - UnTreated,0h 10m,64750,1.82,CAPITAL AND ROD. FRENCH BLVD,CLARK COVE,23002518,2023-02-15 16:10:38
NEW008,2023-01-26,02:50,Verified Data Report,,CSO - UnTreated,0h 30m,188070,1.82,CALUMET ST & RFB,CLARK COVE,23002519,2023-02-15 16:11:50
NEW010,2023-01-26,02:55,Verified Data Report,,CSO - UnTreated,0h 15m,39020,1.82,BELLEVUE ST & RFB,CLARK COVE,23002520,2023-02-15 16:14:15
NEW012,2023-01-26,02:20,Verified Data Report,,CSO - UnTreated,8h 0m,8428480,1.82,RICKETSON ST,OUTER NEW BEDFORD HARBOR,23002521,2023-02-15 16:15:53
NEW013,2023-01-26,02:30,Verified Data Report,,CSO - UnTreated,5h 0m,909160,1.82,AQUIDNECK & RFB,OUTER NEW BEDFORD HARBOR,23002522,2023-02-15 16:17:02
NEW017,2023-01-26,02:10,Verified Data Report,,CSO - UnTreated,7h 40m,5530700,1.82,DAVID ST & RFB,OUTER NEW BEDFORD HARBOR,23002523,2023-02-15 16:18:15
NEW041,2023-02-04,10:40,Verified Data Report,,CSO - UnTreated,9h 20m,5109100,0.90,BELLEVILLE RD AT ACUSHNET R,ACUSHNET RIVER,23002463,2023-02-15 12:48:22
NEW003,2023-02-09,05:40,Public Notification Report,Initial-Ceased,CSO - UnTreated,,,,COVE RD & PADNARAM AVE,CLARK COVE,23002365,2023-02-09 09:49:50
NEW003,2023-02-09,05:40,Verified Data Report,,CSO - UnTreated,2h 45m,244840,0.00,COVE RD & PADNARAM AVE,CLARK COVE,23002682,2023-03-15 11:37:56
NEW003,2023-02-13,02:55,Public Notification Report,Initial-Ceased,CSO - UnTreated,,,,COVE RD & PADNARAM AVE,CLARK COVE,23002366,2023-02-13 08:04:04
NEW003,2023-02-13,02:55,Verified Data Report,,CSO - UnTreated,1h 0m,34960,0.23,COVE RD & PADNARAM AVE,CLARK COVE,23002683,2023-03-15 11:43:05
NEW003,2023-02-17,15:35,Public Notification Report,Initial-Ceased,CSO - UnTreated,,,,COVE RD & PADNARAM AVE,CLARK COVE,23002532,2023-02-17 15:51:30
NEW003,2023-02-17,19:15,Public Notification Report,Initial-Ceased,CSO - UnTreated,,,,COVE RD & PADNARAM AVE,CLARK COVE,23002533,2023-02-17 22:09:53
NEW023,2023-02-17,19:20,Public Notification Report,Initial-Ceased,CSO - UnTreated,,,,COFFIN AVE,ACUSHNET RIVER,23002534,2023-02-17 22:10:54
NEW036,2023-02-17,19:15,Public Notification Report,Initial-Ceased,CSO - UnTreated,,,,HERVEY TICHON AVE AT BUSSARDS BAY,INNER NEW BEDFORD HARBOR,23002535,2023-02-17 22:11:41
NEW003,2023-02-17,15:35,Verified Data Report,,CSO - UnTreated,0h 50m,98810,0.28,COVE RD & PADNARAM AVE,CLARK COVE,23002684,2023-03-15 11:52:37
NEW003,2023-02-17,19:15,Verified Data Report,,CSO - UnTreated,2h 10m,216910,0.28,COVE RD & PADNARAM AVE,CLARK COVE,23002685,2023-03-15 11:54:23
NEW023,2023-02-17,19:20,Verified Data Report,,CSO - UnTreated,0h 40m,18160,0.22,COFFIN AVE,ACUSHNET RIVER,23002686,2023-03-15 11:56:25
NEW036,2023-02-17,19:15,Verified Data Report,,CSO - UnTreated,0h 30m,18160,0.22,HERVEY TICHON AVE AT BUSSARDS BAY,INNER NEW BEDFORD HARBOR,23002687,2023-03-15 11:59:03
NEW003,2023-02-20,00:40,Public Notification Report,Initial-Ceased,CSO - UnTreated,,,,COVE RD & PADNARAM AVE,CLARK COVE,23002537,2023-02-20 07:41:25
NEW003,2023-02-20,00:40,Verified Data Report,,CSO - UnTreated,0h 40m,41340,0.12,COVE RD & PADNARAM AVE,CLARK COVE,23002688,2023-03-15 12:00:07
NEW008,2023-02-21,10:35,Public Notification Report,Initial-Ceased,CSO - UnTreated,,,,CALUMET ST & RFB,CLARK COVE,23002544,2023-02-21 18:10:58
NEW023,2023-02-21,06:50,Public Notification Report,Initial-Ceased,CSO - UnTreated,,,,COFFIN AVE,ACUSHNET RIVER,23002545,2023-02-21 18:12:13
NEW003,2023-02-21,06:35,Public Notification Report,Initial-Ceased,CSO - UnTreated,,,,COVE RD & PADNARAM AVE,CLARK COVE,23002546,2023-02-21 18:13:13
NEW031,2023-02-21,08:10,Public Notification Report,Initial-Ceased,CSO - UnTreated,,,,CONWAY ST AT BUZZARDS BAY,INNER NEW BEDFORD HARBOR,23002547,2023-02-21 18:14:28
NEW036,2023-02-21,06:40,Public Notification Report,Initial-Ceased,CSO - UnTreated,,,,HERVEY TICHON AVE AT BUSSARDS BAY,INNER NEW BEDFORD HARBOR,23002548,2023-02-21 18:15:29
NEW003,2023-02-21,06:35,Verified Data Report,,CSO - UnTreated,3h 35m,505630,0.82,COVE RD & PADNARAM AVE,CLARK COVE,23002689,2023-03-15 12:01:30
NEW008,2023-02-21,10:35,Verified Data Report,,CSO - UnTreated,0h 40m,2088070,0.82,CALUMET ST & RFB,CLARK COVE,23002690,2023-03-15 12:07:08
NEW023,2023-02-21,06:50,Verified Data Report,,CSO - UnTreated,3h 35m,4063430,0.36,COFFIN AVE,ACUSHNET RIVER,23002691,2023-03-15 12:20:32
NEW031,2023-02-21,08:10,Verified Data Report,,CSO - UnTreated,1h 45m,30110,0.82,CONWAY ST AT BUZZARDS BAY,INNER NEW BEDFORD HARBOR,23002692,2023-03-15 12:23:21
NEW036,2023-02-21,06:40,Verified Data Report,,CSO - UnTreated,2h 50m,98350,0.36,HERVEY TICHON AVE AT BUSSARDS BAY,INNER NEW BEDFORD HARBOR,23002693,2023-03-15 12:24:54
NEW003,2023-02-21,03:15,Verified Data Report,,CSO - UnTreated,3h 50m,469500,0.82,COVE RD & PADNARAM AVE,CLARK COVE,23002694,2023-03-15 12:26:40
NEW003,2023-02-23,03:15,Public Notification Report,Initial-Ceased,CSO - UnTreated,,,,COVE RD & PADNARAM AVE,CLARK COVE,23002552,2023-02-23 15:27:16
NEW023,2023-02-23,03:20,Public Notification Report,Initial-Ceased,CSO - UnTreated,,,,COFFIN AVE,ACUSHNET RIVER,23002553,2023-02-23 15:28:18
NEW036,2023-02-23,03:10,Public Notification Report,Initial-Ceased,CSO - UnTreated,,,,HERVEY TICHON AVE AT BUSSARDS BAY,INNER NEW BEDFORD HARBOR,23002554,2023-02-23 15:28:54
NEW023,2023-02-23,03:20,Verified Data Report,,CSO - UnTreated,3h 20m,200550,0.46,COFFIN AVE,ACUSHNET RIVER,23002695,2023-03-15 12:28:58
NEW036,2023-02-23,03:10,Verified Data Report,,CSO - UnTreated,3h 15m,48230,0.46,HERVEY TICHON AVE AT BUSSARDS BAY,INNER NEW BEDFORD HARBOR,23002696,2023-03-15 12:31:50
NEW023,2023-02-28,12:45,Public Notification Report,Initial-Ceased,CSO - UnTreated,,,,COFFIN AVE,ACUSHNET RIVER,23002565,2023-02-28 21:08:39
NEW003,2023-02-28,12:00,Public Notification Report,Initial-Ceased,CSO - UnTreated,,,,COVE RD & PADNARAM AVE,CLARK COVE,23002566,2023-02-28 21:09:46
NEW035,2023-02-28,16:20,Public Notification Report,Initial-Ceased,CSO - UnTreated,,,,MAXFIELD ST AT BUZZARDS BAY,INNER NEW BEDFORD HARBOR,23002567,2023-02-28 21:11:14
NEW035,2023-02-28,16:20,Verified Data Report,,CSO - UnTreated,0h 15m,360,0.52,MAXFIELD ST AT BUZZARDS BAY,INNER NEW BEDFORD HARBOR,23002697,2023-03-15 12:34:27
NEW003,2023-02-28,12:00,Verified Data Report,,CSO - UnTreated,6h 0m,351320,0.61,COVE RD & PADNARAM AVE,CLARK COVE,23002698,2023-03-15 12:35:35
NEW023,2023-02-28,12:45,Verified Data Report,,CSO - UnTreated,5h 40m,1271300,0.52,COFFIN AVE,ACUSHNET RIVER,23002699,2023-03-15 12:37:20
NEW003,2023-03-02,05:15,Public Notification Report,Initial-Ceased,CSO - UnTreated,,,,COVE RD & PADNARAM AVE,CLARK COVE,23002578,2023-03-02 18:54:06
NEW035,2023-03-02,05:05,Public Notification Report,Initial-Ceased,CSO - UnTreated,,,,MAXFIELD ST AT BUZZARDS BAY,INNER NEW BEDFORD HARBOR,23002579,2023-03-02 18:55:15
NEW003,2023-03-02,05:15,Verified Data Report,,CSO - UnTreated,0h 40m,36670,0.11,COVE RD & PADNARAM AVE,CLARK COVE,23002812,2023-04-13 11:11:22
NEW035,2023-03-02,05:05,Verified Data Report,,CSO - UnTreated,0h 10m,2940,0.11,MAXFIELD ST AT BUZZARDS BAY,INNER NEW BEDFORD HARBOR,23002813,2023-04-13 11:16:04
NEW003,2023-03-03,01:50,Public Notification Report,Initial-Ceased,CSO - Treated,,,,COVE RD & PADNARAM AVE,CLARK COVE,23002583,2023-03-04 17:20:58
NEW031,2023-03-04,04:10,Public Notification Report,Initial-Ceased,CSO - UnTreated,,,,CONWAY ST AT BUZZARDS BAY,INNER NEW BEDFORD HARBOR,23002584,2023-03-04 17:22:35
NEW023,2023-03-04,02:20,Public Notification Report,Initial-Ceased,CSO - UnTreated,,,,COFFIN AVE,ACUSHNET RIVER,23002585,2023-03-04 17:23:41
NEW035,2023-03-04,03:10,Public Notification Report,Initial-Ceased,CSO - UnTreated,,,,MAXFIELD ST AT BUZZARDS BAY,INNER NEW BEDFORD HARBOR,23002586,2023-03-04 17:26:35
NEW018,2023-03-04,04:40,Public Notification Report,Initial-Ceased,CSO - UnTreated,,,,COVE ST AND E. RODNEY FRENCH BLVD,OUTER NEW BEDFORD HARBOR,23002587,2023-03-04 17:29:18
NEW006,2023-03-04,04:55,Public Notification Report,Initial-Ceased,CSO - UnTreated,,,,LUCAS STREET & RFB,CLARK COVE,23002588,2023-03-04 17:33:06
NEW005,2023-03-04,05:00,Public Notification Report,Initial-Ceased,CSO - UnTreated,,,,DUDLEY & RFB,CLARK COVE,23002589,2023-03-04 17:34:46
NEW008,2023-03-04,05:05,Public Notification Report,Initial-Ceased,CSO - UnTreated,,,,CALUMET ST & RFB,CLARK COVE,23002590,2023-03-04 17:36:52
NEW010,2023-03-04,05:10,Public Notification Report,Initial-Ceased,CSO - UnTreated,,,,BELLEVUE ST & RFB,CLARK COVE,23002591,2023-03-04 17:38:31
NEW017,2023-03-04,05:10,Public Notification Report,Initial-Ceased,CSO - UnTreated,,,,DAVID ST & RFB,OUTER NEW BEDFORD HARBOR,23002592,2023-03-04 17:39:53
NEW027,2023-03-04,04:35,Public Notification Report,Initial-Ceased,CSO - UnTreated,,,,MILL RD AT ACUSHNET RIVER,ACUSHNET RIVER,23002593,2023-03-04 17:41:41
NEW003,2023-03-04,01:50,Verified Data Report,,CSO - UnTreated,10h 55m,1514850,0.95,COVE RD & PADNARAM AVE,CLARK COVE,23002814,2023-04-13 11:18:36
NEW005,2023-03-04,05:00,Verified Data Report,,CSO - UnTreated,3h 10m,395770,0.95,DUDLEY & RFB,CLARK COVE,23002821,2023-04-13 15:26:46
NEW006,2023-03-04,04:55,Verified Data Report,,CSO - UnTreated,3h 55m,1499180,0.95,LUCAS STREET & RFB,CLARK COVE,23002822,2023-04-13 15:29:32
NEW008,2023-03-04,05:05,Verified Data Report,,CSO - UnTreated,3h 5m,801130,0.95,CALUMET ST & RFB,CLARK COVE,23002823,2023-04-13 15:35:45
NEW010,2023-03-04,05:10,Verified Data Report,,CSO - UnTreated,2h 55m,223200,0.95,BELLEVUE ST & RFB,CLARK COVE,23002825,2023-04-13 15:39:13
NEW017,2023-03-04,05:10,Verified Data Report,,CSO - UnTreated,2h 5m,952270,0.95,DAVID ST & RFB,OUTER NEW BEDFORD HARBOR,23002827,2023-04-13 16:07:20
NEW018,2023-03-04,04:40,Verified Data Report,,CSO - UnTreated,6h 30m,1518260,0.95,COVE ST AND E. RODNEY FRENCH BLVD,OUTER NEW BEDFORD HARBOR,23002828,2023-04-14 09:19:54
NEW023,2023-03-04,02:20,Verified Data Report,,CSO - UnTreated,9h 45m,9307790,1.07,COFFIN AVE,ACUSHNET RIVER,23002829,2023-04-14 09:24:00
NEW027,2023-03-04,04:35,Verified Data Report,,CSO - UnTreated,1h 40m,67530,1.07,MILL RD AT ACUSHNET RIVER,ACUSHNET RIVER,23002830,2023-04-14 09:35:01
NEW031,2023-03-04,04:10,Verified Data Report,,CSO - UnTreated,8h 0m,1769760,0.95,CONWAY ST AT BUZZARDS BAY,INNER NEW BEDFORD HARBOR,23002840,2023-04-14 11:05:16
NEW035,2023-03-04,03:10,Verified Data Report,,CSO - UnTreated,8h 30m,468270,1.07,MAXFIELD ST AT BUZZARDS BAY,INNER NEW BEDFORD HARBOR,23002841,2023-04-14 11:11:02
NEW023,2023-03-11,04:20,Public Notification Report,Initial-Ceased,CSO - UnTreated,,,,COFFIN AVE,ACUSHNET RIVER,23002614,2023-03-11 19:22:15
NEW023,2023-03-11,16:20,Public Notification Report,Initial-Ceased,CSO - UnTreated,,,,COFFIN AVE,ACUSHNET RIVER,23002615,2023-03-11 19:23:34
NEW003,2023-03-11,04:10,Verified Data Report,,CSO - UnTreated,1h 10m,79400,0.43,COVE RD & PADNARAM AVE,CLARK COVE,23002842,2023-04-14 11:15:12
NEW023,2023-03-11,16:20,Verified Data Report,,CSO - UnTreated,1h 5m,127320,0.47,COFFIN AVE,ACUSHNET RIVER,23002844,2023-04-14 11:22:30
NEW003,2023-03-13,20:30,Public Notification Report,Initial-Ongoing,CSO - UnTreated,,,,COVE RD & PADNARAM AVE,CLARK COVE,23002629,2023-03-14 09:46:45
NEW023,2023-03-13,20:30,Public Notification Report,Initial-Ongoing,CSO - UnTreated,,,,COFFIN AVE,ACUSHNET RIVER,23002630,2023-03-14 09:47:43
NEW036,2023-03-13,20:35,Public Notification Report,Initial-Ongoing,CSO - UnTreated,,,,HERVEY TICHON AVE AT BUSSARDS BAY,INNER NEW BEDFORD HARBOR,23002631,2023-03-14 09:48:59
NEW031,2023-03-13,21:45,Public Notification Report,Initial-Ceased,CSO - UnTreated,,,,CONWAY ST AT BUZZARDS BAY,INNER NEW BEDFORD HARBOR,23002632,2023-03-14 09:50:04
NEW027,2023-03-13,23:40,Public Notification Report,Initial-Ceased,CSO - UnTreated,,,,MILL RD AT ACUSHNET RIVER,ACUSHNET RIVER,23002633,2023-03-14 09:50:49
NEW003,2023-03-13,20:30,Verified Data Report,,CSO - UnTreated,34h 10m,4447680,1.87,COVE RD & PADNARAM AVE,CLARK COVE,23002845,2023-04-14 11:38:19
NEW023,2023-03-13,20:30,Verified Data Report,,CSO - UnTreated,17h 0m,14401940,2.59,COFFIN AVE,ACUSHNET RIVER,23002847,2023-04-14 15:01:42
NEW036,2023-03-13,20:35,Verified Data Report,,CSO - UnTreated,16h 5m,735300,1.87,HERVEY TICHON AVE AT BUSSARDS BAY,INNER NEW BEDFORD HARBOR,23002849,2023-04-14 15:04:08
NEW027,2023-03-13,23:40,Verified Data Report,,CSO - UnTreated,13h 40m,1268540,2.59,MILL RD AT ACUSHNET RIVER,ACUSHNET RIVER,23002852,2023-04-14 15:07:50
NEW031,2023-03-13,21:45,Verified Data Report,,CSO - UnTreated,16h 35m,2644450,1.87,CONWAY ST AT BUZZARDS BAY,INNER NEW BEDFORD HARBOR,23002854,2023-04-14 15:09:26
NEW017,2023-03-14,08:35,Public Notification Report,Initial-Ongoing,CSO - UnTreated,,,,DAVID ST & RFB,OUTER NEW BEDFORD HARBOR,23002634,2023-03-14 09:52:53
NEW006,2023-03-14,09:15,Public Notification Report,Initial-Ongoing,CSO - UnTreated,,,,LUCAS STREET & RFB,CLARK COVE,23002635,2023-03-14 09:53:38
NEW018,2023-03-14,00:40,Public Notification Report,Initial-Ongoing,CSO - UnTreated,,,,COVE ST AND E. RODNEY FRENCH BLVD,OUTER NEW BEDFORD HARBOR,23002636,2023-03-14 09:56:14
NEW004,2023-03-14,10:15,Public Notification Report,Initial-Ongoing,CSO - UnTreated,,,,HURRICAN BARRIER CLARK'S COVE PUMP STATION,CLARK COVE,23002638,2023-03-14 11:01:24
NEW006,2023-03-14,09:15,Verified Data Report,,CSO - UnTreated,1h 45m,195080,1.87,LUCAS STREET & RFB,CLARK COVE,23002856,2023-04-14 15:30:33
NEW017,2023-03-14,08:35,Verified Data Report,,CSO - UnTreated,3h 0m,2590820,1.87,DAVID ST & RFB,OUTER NEW BEDFORD HARBOR,23002857,2023-04-14 15:31:56
NEW018,2023-03-14,00:40,Verified Data Report,,CSO - UnTreated,11h 50m,1841900,1.87,COVE ST AND E. RODNEY FRENCH BLVD,OUTER NEW BEDFORD HARBOR,23002858,2023-04-14 15:33:31
NEW003,2023-03-22,22:10,Public Notification Report,Initial-Ceased,CSO - UnTreated,,,,COVE RD & PADNARAM AVE,CLARK COVE,23002724,2023-03-23 08:13:01
NEW003,2023-03-22,22:10,Verified Data Report,,CSO - UnTreated,1h 15m,96410,0.19,COVE RD & PADNARAM AVE,CLARK COVE,23002859,2023-04-14 15:40:16
NEW003,2023-03-23,22:10,Public Notification Report,Initial-Ceased,CSO - UnTreated,,,,COVE RD & PADNARAM AVE,CLARK COVE,23002728,2023-03-24 15:22:56
NEW003,2023-03-23,16:30,Verified Data Report,,CSO - UnTreated,0h 40m,8690,0.19,COVE RD & PADNARAM AVE,CLARK COVE,23002860,2023-04-14 15:43:35
NEW003,2023-03-25,15:25,Public Notification Report,Initial-Ceased,CSO - UnTreated,,,,COVE RD & PADNARAM AVE,CLARK COVE,23002730,2023-03-25 22:52:28
NEW035,2023-03-25,19:40,Public Notification Report,Initial-Ceased,CSO - UnTreated,,,,MAXFIELD ST AT BUZZARDS BAY,INNER NEW BEDFORD HARBOR,23002731,2023-03-25 22:53:56
NEW023,2023-03-25,19:55,Public Notification Report,Initial-Ceased,CSO - UnTreated,,,,COFFIN AVE,ACUSHNET RIVER,23002732,2023-03-25 22:55:07
NEW003,2023-03-25,19:45,Public Notification Report,Initial-Ceased,CSO - UnTreated,,,,COVE RD & PADNARAM AVE,CLARK COVE,23002733,2023-03-25 22:56:19
NEW003,2023-03-25,15:25,Verified Data Report,,CSO - UnTreated,1h 15m,89430,0.23,COVE RD & PADNARAM AVE,CLARK COVE,23002861,2023-04-14 15:45:48
NEW003,2023-03-25,19:45,Verified Data Report,,CSO - UnTreated,2h 30m,203610,0.23,COVE RD & PADNARAM AVE,CLARK COVE,23002864,2023-04-14 15:51:20
NEW003,2023-03-27,22:00,Public Notification Report,Initial-Ceased,CSO - UnTreated,,,,COVE RD & PADNARAM AVE,CLARK COVE,23002739,2023-03-28 09:33:08
NEW022,2023-03-27,22:20,Public Notification Report,Initial-Ceased,CSO - UnTreated,,,,SAWYER ST AT ACUSHNET R,ACUSHNET RIVER,23002740,2023-03-28 09:33:54
NEW036,2023-03-27,22:10,Public Notification Report,Initial-Ceased,CSO - UnTreated,,,,HERVEY TICHON AVE AT BUSSARDS BAY,INNER NEW BEDFORD HARBOR,23002741,2023-03-28 09:36:03
NEW023,2023-03-27,19:55,Verified Data Report,,CSO - UnTreated,1h 10m,211770,0.29,COFFIN AVE,ACUSHNET RIVER,23002862,2023-04-14 15:47:43
NEW035,2023-03-27,19:40,Verified Data Report,,CSO - UnTreated,0h 50m,492500,0.29,MAXFIELD ST AT BUZZARDS BAY,INNER NEW BEDFORD HARBOR,23002863,2023-04-14 15:49:23
NEW003,2023-03-27,22:00,Verified Data Report,,CSO - UnTreated,4h 15m,49250,0.33,COVE RD & PADNARAM AVE,CLARK COVE,23002865,2023-04-14 15:53:44
NEW023,2023-03-27,22:20,Verified Data Report,,CSO - UnTreated,2h 35m,564060,0.42,COFFIN AVE,ACUSHNET RIVER,23002866,2023-04-14 15:55:45
NEW036,2023-03-27,22:10,Verified Data Report,,CSO - UnTreated,2h 10m,59700,0.42,HERVEY TICHON AVE AT BUSSARDS BAY,INNER NEW BEDFORD HARBOR,23002867,2023-04-14 15:57:01
NEW003,2023-04-01,09:15,Public Notification Report,Initial-Ceased,CSO - UnTreated,,,,COVE RD & PADNARAM AVE,CLARK COVE,23002755,2023-04-01 16:16:10
NEW023,2023-04-01,09:20,Public Notification Report,Initial-Ceased,CSO - UnTreated,,,,COFFIN AVE,ACUSHNET RIVER,23002756,2023-04-01 16:17:02
NEW031,2023-04-01,10:10,Public Notification Report,Initial-Ceased,CSO - UnTreated,,,,CONWAY ST AT BUZZARDS BAY,INNER NEW BEDFORD HARBOR,23002757,2023-04-01 16:17:50
NEW018,2023-04-01,12:30,Public Notification Report,Initial-Ceased,CSO - UnTreated,,,,COVE ST AND E. RODNEY FRENCH BLVD,OUTER NEW BEDFORD HARBOR,23002758,2023-04-01 16:18:37
NEW036,2023-04-01,09:05,Public Notification Report,Initial-Ceased,CSO - UnTreated,,,,HERVEY TICHON AVE AT BUSSARDS BAY,INNER NEW BEDFORD HARBOR,23002759,2023-04-01 16:19:34
NEW027,2023-04-01,12:35,Public Notification Report,Initial-Ceased,CSO - UnTreated,,,,MILL RD AT ACUSHNET RIVER,ACUSHNET RIVER,23002760,2023-04-01 16:20:11
NEW003,2023-04-01,09:15,Verified Data Report,,CSO - UnTreated,7h 45m,1227870,0.75,COVE RD & PADNARAM AVE,CLARK COVE,23003233,2023-05-17 10:58:09
NEW018,2023-04-01,12:30,Verified Data Report,,CSO - UnTreated,0h 45m,59030,0.75,COVE ST AND E. RODNEY FRENCH BLVD,OUTER NEW BEDFORD HARBOR,23003234,2023-05-17 11:00:12
NEW023,2023-04-01,09:20,Verified Data Report,,CSO - UnTreated,4h 10m,1360520,0.69,COFFIN AVE,ACUSHNET RIVER,23003235,2023-05-19 10:48:43
NEW027,2023-04-01,12:35,Verified Data Report,,CSO - UnTreated,0h 35m,10950,0.69,MILL RD AT ACUSHNET RIVER,ACUSHNET RIVER,23003358,2023-05-25 07:16:19
NEW031,2023-04-01,10:10,Verified Data Report,,CSO - UnTreated,4h 10m,441630,0.75,CONWAY ST AT BUZZARDS BAY,INNER NEW BEDFORD HARBOR,23003359,2023-05-25 07:21:25
NEW036,2023-04-01,13:10,Verified Data Report,,CSO - UnTreated,4h 5m,208030,0.69,HERVEY TICHON AVE AT BUSSARDS BAY,INNER NEW BEDFORD HARBOR,23003360,2023-05-25 07:42:02
NEW035,2023-04-01,08:25,Verified Data Report,,CSO - UnTreated,0h 10m,2950,0.07,MAXFIELD ST AT BUZZARDS BAY,INNER NEW BEDFORD HARBOR,23003361,2023-05-25 07:45:58
NEW035,2023-04-04,20:25,Public Notification Report,Initial-Ceased,CSO - UnTreated,,,,MAXFIELD ST AT BUZZARDS BAY,INNER NEW BEDFORD HARBOR,23002795,2023-04-05 07:34:35
NEW003,2023-04-05,22:45,Public Notification Report,Initial-Ceased,CSO - UnTreated,,,,COVE RD & PADNARAM AVE,CLARK COVE,23002794,2023-04-05 07:33:34
NEW003,2023-04-05,22:45,Verified Data Report,,CSO - UnTreated,1h 5m,87350,0.14,COVE RD & PADNARAM AVE,CLARK COVE,23003362,2023-05-25 07:51:26
NEW003,2023-04-16,04:50,Public Notification Report,Initial-Ceased,CSO - UnTreated,,,,COVE RD & PADNARAM AVE,CLARK COVE,23002884,2023-04-16 19:08:41
NEW031,2023-04-16,07:00,Public Notification Report,Initial-Ceased,CSO - UnTreated,,,,CONWAY ST AT BUZZARDS BAY,INNER NEW BEDFORD HARBOR,23002885,2023-04-16 19:09:57
NEW018,2023-04-16,04:40,Public Notification Report,Initial-Ceased,CSO - UnTreated,,,,COVE ST AND E. RODNEY FRENCH BLVD,OUTER NEW BEDFORD HARBOR,23002886,2023-04-16 19:11:08
NEW023,2023-04-16,05:20,Public Notification Report,Initial-Ceased,CSO - UnTreated,,,,COFFIN AVE,ACUSHNET RIVER,23002887,2023-04-16 19:12:28
NEW035,2023-04-16,06:20,Public Notification Report,Initial-Ceased,CSO - UnTreated,,,,MAXFIELD ST AT BUZZARDS BAY,INNER NEW BEDFORD HARBOR,23002888,2023-04-16 19:13:24
NEW017,2023-04-16,04:40,Public Notification Report,Initial-Ceased,CSO - UnTreated,,,,DAVID ST & RFB,OUTER NEW BEDFORD HARBOR,23002889,2023-04-16 19:14:20
NEW005,2023-04-16,04:50,Public Notification Report,Initial-Ceased,CSO - UnTreated,,,,DUDLEY & RFB,CLARK COVE,23002890,2023-04-16 19:15:25
NEW018,2023-04-16,04:40,Verified Data Report,,CSO - UnTreated,3h 35m,865830,0.90,COVE ST AND E. RODNEY FRENCH BLVD,OUTER NEW BEDFORD HARBOR,23003371,2023-05-31 16:41:55
NEW005,2023-04-16,04:50,Verified Data Report,,CSO - UnTreated,0h 10m,49180,0.90,DUDLEY & RFB,CLARK COVE,23003372,2023-05-31 16:57:49
NEW017,2023-04-16,04:40,Verified Data Report,,CSO - UnTreated,2h 30m,1384220,0.90,DAVID ST & RFB,OUTER NEW BEDFORD HARBOR,23003373,2023-05-31 16:59:10
NEW023,2023-04-16,05:20,Verified Data Report,,CSO - UnTreated,2h 55m,1689420,0.28,COFFIN AVE,ACUSHNET RIVER,23003374,2023-05-31 17:00:37
NEW031,2023-04-16,07:00,Verified Data Report,,CSO - UnTreated,1h 25m,55430,0.90,CONWAY ST AT BUZZARDS BAY,INNER NEW BEDFORD HARBOR,23003375,2023-05-31 17:02:18
NEW035,2023-04-16,06:20,Verified Data Report,,CSO - UnTreated,1h 35m,74450,0.28,MAXFIELD ST AT BUZZARDS BAY,INNER NEW BEDFORD HARBOR,23003376,2023-05-31 17:04:21
NEW003,2023-04-23,18:10,Public Notification Report,Initial-Ceased,CSO - UnTreated,,,,COVE RD & PADNARAM AVE,CLARK COVE,23002910,2023-04-24 07:37:15
NEW023,2023-04-23,18:15,Public Notification Report,Initial-Ceased,CSO - UnTreated,,,,COFFIN AVE,ACUSHNET RIVER,23002911,2023-04-24 07:38:28
NEW035,2023-04-23,18:05,Public Notification Report,Initial-Ceased,CSO - UnTreated,,,,MAXFIELD ST AT BUZZARDS BAY,INNER NEW BEDFORD HARBOR,23002912,2023-04-24 07:39:42
NEW003,2023-04-23,18:10,Verified Data Report,,CSO - UnTreated,0h 45m,77970,0.14,COVE RD & PADNARAM AVE,CLARK COVE,23003377,2023-05-31 17:05:27
NEW023,2023-04-23,18:15,Verified Data Report,,CSO - UnTreated,0h 40m,188260,0.39,COFFIN AVE,ACUSHNET RIVER,23003378,2023-05-31 17:07:28
NEW035,2023-04-23,18:05,Verified Data Report,,CSO - UnTreated,0h 25m,28160,0.39,MAXFIELD ST AT BUZZARDS BAY,INNER NEW BEDFORD HARBOR,23003379,2023-05-31 17:08:51
NEW031,2023-04-29,22:30,Public Notification Report,Initial-Ceased,CSO - UnTreated,,,,CONWAY ST AT BUZZARDS BAY,INNER NEW BEDFORD HARBOR,23002949,2023-04-30 10:06:16
NEW023,2023-04-29,20:45,Public Notification Report,Initial-Ceased,CSO - UnTreated,,,,COFFIN AVE,ACUSHNET RIVER,23002950,2023-04-30 10:07:24
NEW003,2023-04-29,20:35,Public Notification Report,Initial-Ceased,CSO - UnTreated,,,,COVE RD & PADNARAM AVE,CLARK COVE,23002952,2023-04-30 10:11:20
NEW035,2023-04-29,20:35,Public Notification Report,Initial-Ceased,CSO - UnTreated,,,,MAXFIELD ST AT BUZZARDS BAY,INNER NEW BEDFORD HARBOR,23002953,2023-04-30 10:13:49
NEW008,2023-04-29,19:50,Public Notification Report,Initial-Ceased,CSO - UnTreated,,,,CALUMET ST & RFB,CLARK COVE,23002959,2023-04-30 10:21:21
NEW003,2023-04-29,20:35,Verified Data Report,,CSO - UnTreated,8h 40m,1695860,2.19,COVE RD & PADNARAM AVE,CLARK COVE,23003380,2023-05-31 17:10:17
NEW008,2023-04-29,19:50,Verified Data Report,,CSO - UnTreated,1h 15m,5984240,2.19,CALUMET ST & RFB,CLARK COVE,23003381,2023-05-31 17:11:44
NEW023,2023-04-29,20:45,Verified Data Report,,CSO - UnTreated,9h 5m,8150380,3.46,COFFIN AVE,ACUSHNET RIVER,23003382,2023-05-31 17:14:04
NEW031,2023-04-29,22:30,Verified Data Report,,CSO - UnTreated,7h 50m,1585480,2.19,CONWAY ST AT BUZZARDS BAY,INNER NEW BEDFORD HARBOR,23003383,2023-05-31 17:15:16
NEW035,2023-04-29,20:35,Verified Data Report,,CSO - UnTreated,8h 35m,859170,3.46,MAXFIELD ST AT BUZZARDS BAY,INNER NEW BEDFORD HARBOR,23003384,2023-05-31 17:16:40
NEW018,2023-04-30,02:15,Public Notification Report,Initial-Ceased,CSO - UnTreated,,,,COVE ST AND E. RODNEY FRENCH BLVD,OUTER NEW BEDFORD HARBOR,23002951,2023-04-30 10:09:46
NEW017,2023-04-30,02:20,Public Notification Report,Initial-Ceased,CSO - UnTreated,,,,DAVID ST & RFB,OUTER NEW BEDFORD HARBOR,23002954,2023-04-30 10:15:20
NEW027,2023-04-30,02:40,Public Notification Report,Initial-Ceased,CSO - UnTreated,,,,MILL RD AT ACUSHNET RIVER,ACUSHNET RIVER,23002955,2023-04-30 10:16:51
NEW006,2023-04-30,02:25,Public Notification Report,Initial-Ceased,CSO - UnTreated,,,,LUCAS STREET & RFB,CLARK COVE,23002956,2023-04-30 10:18:04
NEW005,2023-04-30,02:20,Public Notification Report,Initial-Ceased,CSO - UnTreated,,,,DUDLEY & RFB,CLARK COVE,23002957,2023-04-30 10:19:01
NEW016,2023-04-30,02:35,Public Notification Report,Initial-Ceased,CSO - UnTreated,,,,FREDERICK ST & RFB,OUTER NEW BEDFORD HARBOR,23002958,2023-04-30 10:20:27
NEW035,2023-04-30,15:25,Public Notification Report,Initial-Ongoing,CSO - UnTreated,,,,MAXFIELD ST AT BUZZARDS BAY,INNER NEW BEDFORD HARBOR,23002972,2023-04-30 22:20:19
NEW003,2023-04-30,15:25,Public Notification Report,Initial-Ongoing,CSO - UnTreated,,,,COVE RD & PADNARAM AVE,CLARK COVE,23002973,2023-04-30 22:21:39
NEW023,2023-04-30,16:05,Public Notification Report,Initial-Ongoing,CSO - UnTreated,,,,COFFIN AVE,ACUSHNET RIVER,23002974,2023-04-30 22:23:17
NEW018,2023-04-30,16:40,Public Notification Report,Initial-Ceased,CSO - UnTreated,,,,COVE ST AND E. RODNEY FRENCH BLVD,OUTER NEW BEDFORD HARBOR,23002975,2023-04-30 22:25:40
NEW027,2023-04-30,17:00,Public Notification Report,Initial-Ceased,CSO - UnTreated,,,,MILL RD AT ACUSHNET RIVER,ACUSHNET RIVER,23002976,2023-04-30 22:27:33
NEW031,2023-04-30,17:10,Public Notification Report,Initial-Ceased,CSO - UnTreated,,,,CONWAY ST AT BUZZARDS BAY,INNER NEW BEDFORD HARBOR,23002977,2023-04-30 22:29:08
NEW031,2023-04-30,09:40,Public Notification Report,Initial-Ceased,CSO - UnTreated,,,,CONWAY ST AT BUZZARDS BAY,INNER NEW BEDFORD HARBOR,23003031,2023-05-01 10:55:48
NEW018,2023-04-30,21:40,Public Notification Report,Initial-Ceased,CSO - UnTreated,,,,COVE ST AND E. RODNEY FRENCH BLVD,OUTER NEW BEDFORD HARBOR,23003032,2023-05-01 10:57:08
NEW017,2023-04-30,21:40,Public Notification Report,Initial-Ceased,CSO - UnTreated,,,,DAVID ST & RFB,OUTER NEW BEDFORD HARBOR,23003033,2023-05-01 10:58:19
NEW005,2023-04-30,21:40,Public Notification Report,Initial-Ceased,CSO - UnTreated,,,,DUDLEY & RFB,CLARK COVE,23003034,2023-05-01 10:59:00
NEW027,2023-04-30,21:45,Public Notification Report,Initial-Ceased,CSO - UnTreated,,,,MILL RD AT ACUSHNET RIVER,ACUSHNET RIVER,23003035,2023-05-01 10:59:38
NEW006,2023-04-30,23:30,Public Notification Report,Initial-Ceased,CSO - UnTreated,,,,LUCAS STREET & RFB,CLARK COVE,23003036,2023-05-01 11:00:31
NEW003,2023-04-30,15:25,Verified Data Report,,CSO - UnTreated,10h 10m,1891980,2.19,COVE RD & PADNARAM AVE,CLARK COVE,23003385,2023-05-31 17:20:55
NEW005,2023-04-30,02:20,Verified Data Report,,CSO - UnTreated,0h 50m,11760,2.19,DUDLEY & RFB,CLARK COVE,23003386,2023-05-31 17:24:18
NEW005,2023-04-30,21:40,Verified Data Report,,CSO - UnTreated,1h 50m,35930,2.19,DUDLEY & RFB,CLARK COVE,23003387,2023-05-31 17:25:39
NEW006,2023-04-30,02:25,Verified Data Report,,CSO - UnTreated,2h 20m,91370,2.19,LUCAS STREET & RFB,CLARK COVE,23003388,2023-05-31 17:40:03
NEW006,2023-04-30,23:30,Verified Data Report,,CSO - UnTreated,1h 10m,19780,2.19,LUCAS STREET & RFB,CLARK COVE,23003389,2023-05-31 17:42:23
NEW016,2023-04-30,02:35,Verified Data Report,,CSO - UnTreated,0h 35m,8030,2.19,FREDERICK ST & RFB,OUTER NEW BEDFORD HARBOR,23003390,2023-05-31 17:44:39
NEW017,2023-04-30,02:20,Verified Data Report,,CSO - UnTreated,2h 40m,4352460,2.19,DAVID ST & RFB,OUTER NEW BEDFORD HARBOR,23003391,2023-05-31 17:47:14
NEW017,2023-04-30,21:40,Verified Data Report,,CSO - UnTreated,3h 10m,2098950,2.19,DAVID ST & RFB,OUTER NEW BEDFORD HARBOR,23003392,2023-05-31 17:48:25
NEW018,2023-04-30,02:15,Verified Data Report,,CSO - UnTreated,3h 30m,991260,2.19,COVE ST AND E. RODNEY FRENCH BLVD,OUTER NEW BEDFORD HARBOR,23003393,2023-05-31 17:49:51
NEW018,2023-04-30,16:40,Verified Data Report,,CSO - UnTreated,0h 20m,44000,2.19,COVE ST AND E. RODNEY FRENCH BLVD,OUTER NEW BEDFORD HARBOR,23003394,2023-05-31 17:50:45
NEW018,2023-04-30,21:40,Verified Data Report,,CSO - UnTreated,3h 45m,1130950,2.19,COVE ST AND E. RODNEY FRENCH BLVD,OUTER NEW BEDFORD HARBOR,23003395,2023-05-31 17:51:56
NEW023,2023-04-30,16:05,Verified Data Report,,CSO - UnTreated,9h 20m,5510680,3.46,COFFIN AVE,ACUSHNET RIVER,23003396,2023-05-31 17:55:43
NEW035,2023-04-30,15:25,Verified Data Report,,CSO - UnTreated,9h 30m,551900,3.46,MAXFIELD ST AT BUZZARDS BAY,INNER NEW BEDFORD HARBOR,23003397,2023-05-31 17:58:14
NEW031,2023-04-30,17:10,Verified Data Report,,CSO - UnTreated,1h 35m,32820,2.19,CONWAY ST AT BUZZARDS BAY,INNER NEW BEDFORD HARBOR,23003398,2023-05-31 17:59:38
NEW031,2023-04-30,21:40,Verified Data Report,,CSO - UnTreated,4h 35m,1487290,2.19,CONWAY ST AT BUZZARDS BAY,INNER NEW BEDFORD HARBOR,23003399,2023-05-31 18:01:42
NEW027,2023-04-30,17:00,Verified Data Report,,CSO - UnTreated,0h 15m,100,3.46,MILL RD AT ACUSHNET RIVER,ACUSHNET RIVER,23003400,2023-05-31 18:03:01
NEW031,2023-04-30,21:45,Verified Data Report,,CSO - UnTreated,3h 30m,355330,3.46,CONWAY ST AT BUZZARDS BAY,INNER NEW BEDFORD HARBOR,23003401,2023-05-31 18:03:46
NEW027,2023-04-30,00:40,Verified Data Report,,CSO - UnTreated,4h 10m,398810,3.46,MILL RD AT ACUSHNET RIVER,ACUSHNET RIVER,23003402,2023-05-31 18:04:34
NEW031,2023-05-02,13:10,Public Notification Report,Initial-Ceased,CSO - UnTreated,,,,CONWAY ST AT BUZZARDS BAY,INNER NEW BEDFORD HARBOR,23003049,2023-05-02 15:47:47
NEW036,2023-05-02,12:35,Public Notification Report,Initial-Ceased,CSO - UnTreated,,,,HERVEY TICHON AVE AT BUSSARDS BAY,INNER NEW BEDFORD HARBOR,23003050,2023-05-02 15:49:38
NEW003,2023-05-02,12:40,Public Notification Report,Initial-Ceased,CSO - UnTreated,,,,COVE RD & PADNARAM AVE,CLARK COVE,23003051,2023-05-02 15:51:21
NEW023,2023-05-02,12:40,Public Notification Report,Initial-Ceased,CSO - UnTreated,,,,COFFIN AVE,ACUSHNET RIVER,23003052,2023-05-02 15:54:23
NEW018,2023-05-02,12:45,Public Notification Report,Initial-Ceased,CSO - UnTreated,,,,COVE ST AND E. RODNEY FRENCH BLVD,OUTER NEW BEDFORD HARBOR,23003053,2023-05-02 15:57:15
NEW027,2023-05-02,12:55,Public Notification Report,Initial-Ceased,CSO - UnTreated,,,,MILL RD AT ACUSHNET RIVER,ACUSHNET RIVER,23003054,2023-05-02 15:59:04
NEW003,2023-05-02,12:40,Verified Data Report,,CSO - UnTreated,1h 45m,286380,0.20,COVE RD & PADNARAM AVE,CLARK COVE,23003523,2023-06-14 11:07:54
NEW018,2023-05-02,12:45,Verified Data Report,,CSO - UnTreated,0h 15m,19030,0.20,COVE ST AND E. RODNEY FRENCH BLVD,OUTER NEW BEDFORD HARBOR,23003524,2023-06-14 14:47:50
NEW023,2023-05-02,12:40,Verified Data Report,,CSO - UnTreated,1h 25m,656990,0.21,COFFIN AVE,ACUSHNET RIVER,23003525,2023-06-14 14:49:34
NEW027,2023-05-02,12:55,Verified Data Report,,CSO - UnTreated,0h 25m,4310,0.21,MILL RD AT ACUSHNET RIVER,ACUSHNET RIVER,23003526,2023-06-14 14:51:56
NEW031,2023-05-02,13:10,Verified Data Report,,CSO - UnTreated,1h 20m,38930,0.21,CONWAY ST AT BUZZARDS BAY,INNER NEW BEDFORD HARBOR,23003527,2023-06-14 14:53:52
NEW036,2023-05-02,12:35,Verified Data Report,,CSO - UnTreated,1h 15m,83590,0.21,HERVEY TICHON AVE AT BUSSARDS BAY,INNER NEW BEDFORD HARBOR,23003528,2023-06-14 14:55:27
NEW003,2023-05-04,04:50,Verified Data Report,,CSO - UnTreated,4h 35m,801940,0.90,COVE RD & PADNARAM AVE,CLARK COVE,23003367,2023-05-25 09:23:01
NEW003,2023-05-08,01:20,Public Notification Report,Initial-Ceased,CSO - UnTreated,,,,COVE RD & PADNARAM AVE,CLARK COVE,23003093,2023-05-08 13:14:12
NEW035,2023-05-08,01:00,Public Notification Report,Initial-Ceased,CSO - UnTreated,,,,MAXFIELD ST AT BUZZARDS BAY,INNER NEW BEDFORD HARBOR,23003094,2023-05-08 13:15:26
NEW023,2023-05-08,01:00,Public Notification Report,Initial-Ceased,CSO - UnTreated,,,,COFFIN AVE,ACUSHNET RIVER,23003095,2023-05-08 13:16:29
NEW003,2023-05-08,01:20,Verified Data Report,,CSO - UnTreated,3h 15m,315140,0.28,COVE RD & PADNARAM AVE,CLARK COVE,23003551,2023-06-15 11:38:37
NEW023,2023-05-08,01:00,Verified Data Report,,CSO - UnTreated,1h 10m,637720,0.37,COFFIN AVE,ACUSHNET RIVER,23003552,2023-06-15 11:43:04
NEW035,2023-05-08,01:00,Verified Data Report,,CSO - UnTreated,1h 30m,48670,0.37,MAXFIELD ST AT BUZZARDS BAY,INNER NEW BEDFORD HARBOR,23003553,2023-06-15 11:54:46
NEW018,2023-05-18,12:45,Public Notification Report,Initial-Ceased,CSO - UnTreated,,,,COVE ST AND E. RODNEY FRENCH BLVD,OUTER NEW BEDFORD HARBOR,23003248,2023-05-20 21:40:47
NEW031,2023-05-20,20:25,Public Notification Report,Initial-Ongoing,CSO - UnTreated,,,,CONWAY ST AT BUZZARDS BAY,INNER NEW BEDFORD HARBOR,23003236,2023-05-20 21:14:06
NEW003,2023-05-20,19:05,Public Notification Report,Initial-Ongoing,CSO - UnTreated,,,,COVE RD & PADNARAM AVE,CLARK COVE,23003237,2023-05-20 21:16:03
NEW018,2023-05-20,20:20,Public Notification Report,Initial-Ongoing,CSO - UnTreated,,,,COVE ST AND E. RODNEY FRENCH BLVD,OUTER NEW BEDFORD HARBOR,23003238,2023-05-20 21:18:15
NEW035,2023-05-20,19:55,Public Notification Report,Initial-Ongoing,CSO - UnTreated,,,,MAXFIELD ST AT BUZZARDS BAY,INNER NEW BEDFORD HARBOR,23003239,2023-05-20 21:20:08
NEW027,2023-05-20,20:20,Public Notification Report,Initial-Ceased,CSO - UnTreated,,,,MILL RD AT ACUSHNET RIVER,ACUSHNET RIVER,23003240,2023-05-20 21:21:26
NEW017,2023-05-20,20:25,Public Notification Report,Initial-Ongoing,CSO - UnTreated,,,,DAVID ST & RFB,OUTER NEW BEDFORD HARBOR,23003241,2023-05-20 21:22:32
NEW023,2023-05-20,19:10,Public Notification Report,Initial-Ceased,CSO - UnTreated,,,,COFFIN AVE,ACUSHNET RIVER,23003242,2023-05-20 21:24:14
NEW031,2023-05-20,12:45,Public Notification Report,Initial-Ceased,CSO - UnTreated,,,,CONWAY ST AT BUZZARDS BAY,INNER NEW BEDFORD HARBOR,23003243,2023-05-20 21:25:58
NEW006,2023-05-20,01:30,Public Notification Report,Initial-Ceased,CSO - UnTreated,,,,LUCAS STREET & RFB,CLARK COVE,23003244,2023-05-20 21:34:00
NEW023,2023-05-20,11:45,Public Notification Report,Initial-Ceased,CSO - UnTreated,,,,COFFIN AVE,ACUSHNET RIVER,23003245,2023-05-20 21:35:39
NEW003,2023-05-20,11:30,Public Notification Report,Initial-Ceased,CSO - UnTreated,,,,COVE RD & PADNARAM AVE,CLARK COVE,23003246,2023-05-20 21:37:12
NEW027,2023-05-20,12:30,Public Notification Report,Initial-Ceased,CSO - UnTreated,,,,MILL RD AT ACUSHNET RIVER,ACUSHNET RIVER,23003247,2023-05-20 21:38:30
NEW035,2023-05-20,11:35,Public Notification Report,Initial-Ceased,CSO - UnTreated,,,,MAXFIELD ST AT BUZZARDS BAY,INNER NEW BEDFORD HARBOR,23003249,2023-05-20 21:42:09
NEW003,2023-05-20,19:05,Verified Data Report,,CSO - UnTreated,9h 10m,1706340,1.53,COVE RD & PADNARAM AVE,CLARK COVE,23003554,2023-06-15 11:58:41
NEW003,2023-05-20,11:30,Verified Data Report,,CSO - UnTreated,3h 0m,609190,1.53,COVE RD & PADNARAM AVE,CLARK COVE,23003555,2023-06-15 12:03:21
NEW006,2023-05-20,13:30,Verified Data Report,,CSO - UnTreated,1h 20m,133290,1.53,LUCAS STREET & RFB,CLARK COVE,23003556,2023-06-15 12:06:28
NEW017,2023-05-20,20:25,Verified Data Report,,CSO - UnTreated,0h 30m,13550,1.53,DAVID ST & RFB,OUTER NEW BEDFORD HARBOR,23003557,2023-06-15 12:07:51
NEW018,2023-05-20,20:20,Verified Data Report,,CSO - UnTreated,1h 35m,381620,1.53,COVE ST AND E. RODNEY FRENCH BLVD,OUTER NEW BEDFORD HARBOR,23003558,2023-06-15 12:10:30
NEW023,2023-05-20,19:10,Verified Data Report,,CSO - UnTreated,3h 30m,3266150,2.02,COFFIN AVE,ACUSHNET RIVER,23003559,2023-06-15 12:11:29
NEW023,2023-05-20,11:45,Verified Data Report,,CSO - UnTreated,2h 55m,2802540,2.02,COFFIN AVE,ACUSHNET RIVER,23003560,2023-06-15 12:12:31
NEW027,2023-05-20,20:20,Verified Data Report,,CSO - UnTreated,8h 0m,295630,2.02,MILL RD AT ACUSHNET RIVER,ACUSHNET RIVER,23003561,2023-06-15 12:14:19
NEW027,2023-05-20,12:30,Verified Data Report,,CSO - UnTreated,1h 55m,136540,2.02,MILL RD AT ACUSHNET RIVER,ACUSHNET RIVER,23003562,2023-06-15 12:15:07
NEW031,2023-05-20,20:25,Verified Data Report,,CSO - UnTreated,1h 55m,252450,1.53,CONWAY ST AT BUZZARDS BAY,INNER NEW BEDFORD HARBOR,23003563,2023-06-15 12:16:21
NEW031,2023-05-20,12:45,Verified Data Report,,CSO - UnTreated,2h 45m,675150,1.53,CONWAY ST AT BUZZARDS BAY,INNER NEW BEDFORD HARBOR,23003564,2023-06-15 12:17:01
NEW035,2023-05-20,19:55,Verified Data Report,,CSO - UnTreated,1h 45m,152250,2.02,MAXFIELD ST AT BUZZARDS BAY,INNER NEW BEDFORD HARBOR,23003565,2023-06-15 12:18:50
NEW035,2023-05-20,11:35,Verified Data Report,,CSO - UnTreated,2h 35m,280460,2.02,MAXFIELD ST AT BUZZARDS BAY,INNER NEW BEDFORD HARBOR,23003566,2023-06-15 12:20:04
NEW018,2023-05-20,12:45,Verified Data Report,,CSO - UnTreated,1h 30m,293450,1.53,COVE ST AND E. RODNEY FRENCH BLVD,OUTER NEW BEDFORD HARBOR,23003567,2023-06-15 12:22:19
NEW006,2023-05-21,03:20,Public Notification Report,Initial-Ceased,CSO - UnTreated,,,,LUCAS STREET & RFB,CLARK COVE,23003292,2023-05-21 16:24:20
NEW017,2023-05-21,01:50,Public Notification Report,Initial-Ceased,CSO - UnTreated,,,,DAVID ST & RFB,OUTER NEW BEDFORD HARBOR,23003293,2023-05-21 16:25:59
NEW005,2023-05-21,01:50,Public Notification Report,Initial-Ceased,CSO - UnTreated,,,,DUDLEY & RFB,CLARK COVE,23003294,2023-05-21 16:30:14
NEW018,2023-05-21,01:40,Public Notification Report,Initial-Ceased,CSO - UnTreated,,,,COVE ST AND E. RODNEY FRENCH BLVD,OUTER NEW BEDFORD HARBOR,23003295,2023-05-21 16:31:54
NEW031,2023-05-21,01:30,Public Notification Report,Initial-Ceased,CSO - UnTreated,,,,CONWAY ST AT BUZZARDS BAY,INNER NEW BEDFORD HARBOR,23003296,2023-05-21 16:34:09
NEW023,2023-05-21,00:45,Public Notification Report,Initial-Ceased,CSO - UnTreated,,,,COFFIN AVE,ACUSHNET RIVER,23003297,2023-05-21 16:36:42
NEW035,2023-05-21,00:35,Public Notification Report,Initial-Ceased,CSO - UnTreated,,,,MAXFIELD ST AT BUZZARDS BAY,INNER NEW BEDFORD HARBOR,23003298,2023-05-21 16:38:49
NEW005,2023-05-21,01:50,Verified Data Report,,CSO - UnTreated,0h 50m,17350,1.53,DUDLEY & RFB,CLARK COVE,23003572,2023-06-15 15:19:46
NEW006,2023-05-21,03:20,Verified Data Report,,CSO - UnTreated,0h 25m,4240,1.53,LUCAS STREET & RFB,CLARK COVE,23003573,2023-06-15 15:20:48
NEW017,2023-05-21,01:50,Verified Data Report,,CSO - UnTreated,1h 50m,751490,1.53,DAVID ST & RFB,OUTER NEW BEDFORD HARBOR,23003574,2023-06-15 15:22:04
NEW018,2023-05-21,01:40,Verified Data Report,,CSO - UnTreated,2h 25m,692520,1.53,COVE ST AND E. RODNEY FRENCH BLVD,OUTER NEW BEDFORD HARBOR,23003575,2023-06-15 15:23:43
NEW023,2023-05-21,00:45,Verified Data Report,,CSO - UnTreated,3h 10m,3194030,2.02,COFFIN AVE,ACUSHNET RIVER,23003576,2023-06-15 15:24:49
NEW031,2023-05-21,01:30,Verified Data Report,,CSO - UnTreated,3h 15m,1006580,1.53,CONWAY ST AT BUZZARDS BAY,INNER NEW BEDFORD HARBOR,23003577,2023-06-15 15:26:01
NEW035,2023-05-21,00:35,Verified Data Report,,CSO - UnTreated,2h 55m,361840,2.02,MAXFIELD ST AT BUZZARDS BAY,INNER NEW BEDFORD HARBOR,23003578,2023-06-15 15:28:31
NEW018,2023-06-06,17:10,Public Notification Report,Ceased,CSO - UnTreated,,,,COVE ST AND E. RODNEY FRENCH BLVD,OUTER NEW BEDFORD HARBOR,23003425-1,2023-06-07 07:37:42
NEW017,2023-06-06,17:10,Public Notification Report,Initial-Ceased,CSO - UnTreated,,,,DAVID ST & RFB,OUTER NEW BEDFORD HARBOR,23003426,2023-06-07 07:39:02
NEW005,2023-06-06,17:20,Public Notification Report,Initial-Ceased,CSO - UnTreated,,,,DUDLEY & RFB,CLARK COVE,23003427,2023-06-07 07:43:59
NEW003,2023-06-06,17:05,Public Notification Report,Initial-Ceased,CSO - UnTreated,,,,COVE RD & PADNARAM AVE,CLARK COVE,23003428,2023-06-07 07:47:19
NEW003,2023-06-06,17:05,Verified Data Report,,CSO - UnTreated,1h 15m,383650,0.24,COVE RD & PADNARAM AVE,CLARK COVE,23004096,2023-07-13 09:05:18
NEW005,2023-06-06,17:20,Verified Data Report,,CSO - UnTreated,0h 5m,2170,0.24,DUDLEY & RFB,CLARK COVE,23004097,2023-07-13 09:10:04
NEW017,2023-06-06,17:10,Verified Data Report,,CSO - UnTreated,0h 40m,9880,0.24,DAVID ST & RFB,OUTER NEW BEDFORD HARBOR,23004098,2023-07-13 09:12:58
NEW018,2023-06-06,17:10,Verified Data Report,,CSO - UnTreated,0h 50m,156200,0.24,COVE ST AND E. RODNEY FRENCH BLVD,OUTER NEW BEDFORD HARBOR,23004099,2023-07-13 09:21:57
NEW018,2023-06-07,17:10,Public Notification Report,Initial-Ceased,CSO - UnTreated,,,,COVE ST AND E. RODNEY FRENCH BLVD,OUTER NEW BEDFORD HARBOR,23003425,2023-06-07 07:35:53
NEW023,2023-06-10,15:15,Public Notification Report,Initial-Ceased,CSO - UnTreated,,,,COFFIN AVE,ACUSHNET RIVER,23003439,2023-06-10 20:36:28
NEW035,2023-06-10,15:30,Public Notification Report,Initial-Ceased,CSO - UnTreated,,,,MAXFIELD ST AT BUZZARDS BAY,INNER NEW BEDFORD HARBOR,23003440,2023-06-10 20:37:27
NEW023,2023-06-10,15:15,Verified Data Report,,CSO - UnTreated,1h 15m,609770,0.11,COFFIN AVE,ACUSHNET RIVER,23004100,2023-07-13 09:31:33
NEW035,2023-06-10,15:30,Verified Data Report,,CSO - UnTreated,0h 20m,15420,0.11,MAXFIELD ST AT BUZZARDS BAY,INNER NEW BEDFORD HARBOR,23004101,2023-07-13 09:36:31
NEW003,2023-06-13,00:55,Public Notification Report,Initial-Ceased,CSO - UnTreated,,,,COVE RD & PADNARAM AVE,CLARK COVE,23003494,2023-06-13 07:27:35
NEW023,2023-06-13,01:15,Public Notification Report,Initial-Ceased,CSO - UnTreated,,,,COFFIN AVE,ACUSHNET RIVER,23003495,2023-06-13 07:28:26
NEW036,2023-06-13,01:05,Public Notification Report,Initial-Ceased,CSO - UnTreated,,,,HERVEY TICHON AVE AT BUSSARDS BAY,INNER NEW BEDFORD HARBOR,23003496,2023-06-13 07:30:54
NEW003,2023-06-13,00:55,Verified Data Report,,CSO - UnTreated,1h 5m,144930,0.14,COVE RD & PADNARAM AVE,CLARK COVE,23004102,2023-07-13 09:41:59
NEW023,2023-06-13,01:15,Verified Data Report,,CSO - UnTreated,0h 10m,2060,0.23,COFFIN AVE,ACUSHNET RIVER,23004103,2023-07-13 09:49:57
NEW036,2023-06-13,01:05,Verified Data Report,,CSO - UnTreated,0h 5m,2210,0.23,HERVEY TICHON AVE AT BUSSARDS BAY,INNER NEW BEDFORD HARBOR,23004104,2023-07-13 10:05:13
NEW018,2023-06-14,19:30,Public Notification Report,Initial-Ongoing,CSO - UnTreated,,,,COVE ST AND E. RODNEY FRENCH BLVD,OUTER NEW BEDFORD HARBOR,23003532,2023-06-15 08:10:31
NEW023,2023-06-14,19:20,Public Notification Report,Initial-Ceased,CSO - UnTreated,,,,COFFIN AVE,ACUSHNET RIVER,23003533,2023-06-15 08:11:29
NEW031,2023-06-14,19:45,Public Notification Report,Initial-Ceased,CSO - UnTreated,,,,CONWAY ST AT BUZZARDS BAY,INNER NEW BEDFORD HARBOR,23003534,2023-06-15 08:12:15
NEW003,2023-06-14,19:20,Public Notification Report,Initial-Ceased,CSO - UnTreated,,,,COVE RD & PADNARAM AVE,CLARK COVE,23003535,2023-06-15 08:13:26
NEW027,2023-06-14,19:20,Public Notification Report,Initial-Ceased,CSO - UnTreated,,,,MILL RD AT ACUSHNET RIVER,ACUSHNET RIVER,23003536,2023-06-15 08:14:17
NEW017,2023-06-14,19:30,Public Notification Report,Initial-Ceased,CSO - UnTreated,,,,DAVID ST & RFB,OUTER NEW BEDFORD HARBOR,23003537,2023-06-15 08:15:24
NEW035,2023-06-14,19:15,Public Notification Report,Initial-Ceased,CSO - UnTreated,,,,MAXFIELD ST AT BUZZARDS BAY,INNER NEW BEDFORD HARBOR,23003538,2023-06-15 08:16:14
NEW003,2023-06-14,19:20,Verified Data Report,,CSO - UnTreated,1h 0m,265720,0.29,COVE RD & PADNARAM AVE,CLARK COVE,23004105,2023-07-13 10:07:17
NEW017,2023-06-14,19:30,Verified Data Report,,CSO - UnTreated,0h 15m,82940,0.29,DAVID ST & RFB,OUTER NEW BEDFORD HARBOR,23004106,2023-07-13 10:09:43
NEW018,2023-06-14,19:30,Verified Data Report,,CSO - UnTreated,16h 35m,1302630,0.29,COVE ST AND E. RODNEY FRENCH BLVD,OUTER NEW BEDFORD HARBOR,23004107,2023-07-13 10:12:00
NEW023,2023-06-14,19:20,Verified Data Report,,CSO - UnTreated,1h 25m,2226400,0.54,COFFIN AVE,ACUSHNET RIVER,23004108,2023-07-13 10:17:31
NEW027,2023-06-14,19:20,Verified Data Report,,CSO - UnTreated,1h 0m,127310,0.54,MILL RD AT ACUSHNET RIVER,ACUSHNET RIVER,23004109,2023-07-13 10:19:52
NEW031,2023-06-14,19:45,Verified Data Report,,CSO - UnTreated,1h 0m,32940,0.29,CONWAY ST AT BUZZARDS BAY,INNER NEW BEDFORD HARBOR,23004110,2023-07-13 10:22:28
NEW035,2023-06-14,19:40,Verified Data Report,,CSO - UnTreated,0h 25m,161940,0.54,MAXFIELD ST AT BUZZARDS BAY,INNER NEW BEDFORD HARBOR,23004111,2023-07-13 10:25:21
NEW003,2023-06-16,18:50,Public Notification Report,Initial-Ceased,CSO - UnTreated,,,,COVE RD & PADNARAM AVE,CLARK COVE,23004410,2023-07-17 09:43:55
NEW027,2023-06-17,15:50,Public Notification Report,Initial-Ceased,CSO - UnTreated,,,,MILL RD AT ACUSHNET RIVER,ACUSHNET RIVER,23003589,2023-06-17 20:44:30
NEW023,2023-06-17,15:45,Public Notification Report,Initial-Ceased,CSO - UnTreated,,,,COFFIN AVE,ACUSHNET RIVER,23003590,2023-06-17 20:45:29
NEW031,2023-06-17,16:15,Public Notification Report,Initial-Ceased,CSO - UnTreated,,,,CONWAY ST AT BUZZARDS BAY,INNER NEW BEDFORD HARBOR,23003591,2023-06-17 20:46:27
NEW036,2023-06-17,15:35,Public Notification Report,Initial-Ceased,CSO - UnTreated,,,,HERVEY TICHON AVE AT BUSSARDS BAY,INNER NEW BEDFORD HARBOR,23003592,2023-06-17 20:48:23
NEW003,2023-06-17,10:25,Public Notification Report,Initial-Ceased,CSO - UnTreated,,,,COVE RD & PADNARAM AVE,CLARK COVE,23003593,2023-06-17 20:50:58
NEW018,2023-06-17,15:20,Public Notification Report,Initial-Ceased,CSO - UnTreated,,,,COVE ST AND E. RODNEY FRENCH BLVD,OUTER NEW BEDFORD HARBOR,23003594,2023-06-17 20:54:17
NEW017,2023-06-17,15:20,Public Notification Report,Initial-Ceased,CSO - UnTreated,,,,DAVID ST & RFB,OUTER NEW BEDFORD HARBOR,23003595,2023-06-17 20:55:40
NEW031,2023-06-17,23:05,Public Notification Report,Initial-Ceased,CSO - UnTreated,,,,CONWAY ST AT BUZZARDS BAY,INNER NEW BEDFORD HARBOR,23003596,2023-06-17 20:56:32
NEW027,2023-06-17,10:35,Public Notification Report,Initial-Ceased,CSO - UnTreated,,,,MILL RD AT ACUSHNET RIVER,ACUSHNET RIVER,23003597,2023-06-17 20:58:48
NEW023,2023-06-17,10:35,Public Notification Report,Initial-Ceased,CSO - UnTreated,,,,COFFIN AVE,ACUSHNET RIVER,23003598,2023-06-17 20:59:55
NEW017,2023-06-17,10:45,Public Notification Report,Initial-Ceased,CSO - UnTreated,,,,DAVID ST & RFB,OUTER NEW BEDFORD HARBOR,23003599,2023-06-17 21:01:26
NEW018,2023-06-17,10:30,Public Notification Report,Initial-Ceased,CSO - UnTreated,,,,COVE ST AND E. RODNEY FRENCH BLVD,OUTER NEW BEDFORD HARBOR,23003600,2023-06-17 21:02:32
NEW036,2023-06-17,10:30,Public Notification Report,Initial-Ceased,CSO - UnTreated,,,,HERVEY TICHON AVE AT BUSSARDS BAY,INNER NEW BEDFORD HARBOR,23003601,2023-06-17 21:03:56
NEW003,2023-06-17,21:50,Public Notification Report,Initial-Ceased,CSO - UnTreated,,,,COVE RD & PADNARAM AVE,CLARK COVE,23003613,2023-06-18 07:19:53
NEW031,2023-06-17,22:50,Public Notification Report,Initial-Ceased,CSO - UnTreated,,,,CONWAY ST AT BUZZARDS BAY,INNER NEW BEDFORD HARBOR,23003614,2023-06-18 07:20:41
NEW023,2023-06-17,09:50,Public Notification Report,Initial-Ceased,CSO - UnTreated,,,,COFFIN AVE,ACUSHNET RIVER,23003615,2023-06-18 07:22:19
NEW036,2023-06-17,09:45,Public Notification Report,Initial-Ceased,CSO - UnTreated,,,,HERVEY TICHON AVE AT BUSSARDS BAY,INNER NEW BEDFORD HARBOR,23003616,2023-06-18 07:23:20
NEW003,2023-06-17,10:25,Verified Data Report,,CSO - UnTreated,6h 15m,771540,1.10,COVE RD & PADNARAM AVE,CLARK COVE,23004112,2023-07-13 10:28:10
NEW003,2023-06-17,21:50,Verified Data Report,,CSO - UnTreated,3h 10m,523970,1.10,COVE RD & PADNARAM AVE,CLARK COVE,23004113,2023-07-13 10:29:52
NEW017,2023-06-17,10:45,Verified Data Report,,CSO - UnTreated,1h 20m,391040,1.10,DAVID ST & RFB,OUTER NEW BEDFORD HARBOR,23004114,2023-07-13 10:33:19
NEW017,2023-06-17,15:20,Verified Data Report,,CSO - UnTreated,0h 15m,27010,1.10,DAVID ST & RFB,OUTER NEW BEDFORD HARBOR,23004115,2023-07-13 10:34:59
NEW018,2023-06-17,15:20,Verified Data Report,,CSO - UnTreated,0h 30m,37480,1.10,COVE ST AND E. RODNEY FRENCH BLVD,OUTER NEW BEDFORD HARBOR,23004116,2023-07-13 10:39:30
NEW018,2023-06-17,10:30,Verified Data Report,,CSO - UnTreated,1h 30m,162590,1.10,COVE ST AND E. RODNEY FRENCH BLVD,OUTER NEW BEDFORD HARBOR,23004117,2023-07-13 10:47:25
NEW023,2023-06-17,15:45,Verified Data Report,,CSO - UnTreated,2h 20m,4886300,1.72,COFFIN AVE,ACUSHNET RIVER,23004211,2023-07-14 10:46:45
NEW023,2023-06-17,21:50,Verified Data Report,,CSO - UnTreated,2h 25m,1407220,1.72,COFFIN AVE,ACUSHNET RIVER,23004213,2023-07-14 10:54:09
NEW023,2023-06-17,10:35,Verified Data Report,,CSO - UnTreated,1h 30m,1607330,1.72,COFFIN AVE,ACUSHNET RIVER,23004216,2023-07-14 10:59:55
NEW027,2023-06-17,15:50,Verified Data Report,,CSO - UnTreated,8h 45m,342440,1.72,MILL RD AT ACUSHNET RIVER,ACUSHNET RIVER,23004219,2023-07-14 11:06:03
NEW027,2023-06-17,10:35,Verified Data Report,,CSO - UnTreated,1h 35m,180120,1.72,MILL RD AT ACUSHNET RIVER,ACUSHNET RIVER,23004226,2023-07-14 11:23:14
NEW031,2023-06-17,16:15,Verified Data Report,,CSO - UnTreated,1h 40m,26360,1.72,CONWAY ST AT BUZZARDS BAY,INNER NEW BEDFORD HARBOR,23004227,2023-07-14 11:30:13
NEW031,2023-06-17,22:50,Verified Data Report,,CSO - UnTreated,1h 50m,57660,1.10,CONWAY ST AT BUZZARDS BAY,INNER NEW BEDFORD HARBOR,23004228,2023-07-14 11:32:20
NEW031,2023-06-17,11:05,Verified Data Report,,CSO - UnTreated,1h 20m,85780,1.10,CONWAY ST AT BUZZARDS BAY,INNER NEW BEDFORD HARBOR,23004229,2023-07-14 11:35:51
NEW036,2023-06-17,15:35,Verified Data Report,,CSO - UnTreated,1h 25m,488280,1.72,HERVEY TICHON AVE AT BUSSARDS BAY,INNER NEW BEDFORD HARBOR,23004230,2023-07-14 11:39:56
NEW036,2023-06-17,21:45,Verified Data Report,,CSO - UnTreated,2h 15m,102240,1.72,HERVEY TICHON AVE AT BUSSARDS BAY,INNER NEW BEDFORD HARBOR,23004231,2023-07-14 11:41:36
NEW036,2023-06-17,10:30,Verified Data Report,,CSO - UnTreated,0h 50m,127640,1.72,HERVEY TICHON AVE AT BUSSARDS BAY,INNER NEW BEDFORD HARBOR,23004232,2023-07-14 11:45:37
NEW003,2023-06-17,03:30,Verified Data Report,,CSO - UnTreated,1h 0m,51090,0.39,COVE RD & PADNARAM AVE,CLARK COVE,23004262,2023-07-14 14:46:54
NEW003,2023-06-17,11:35,Verified Data Report,,CSO - UnTreated,0h 20m,1830,0.39,COVE RD & PADNARAM AVE,CLARK COVE,23004264,2023-07-14 14:48:20
NEW003,2023-06-24,03:30,Public Notification Report,Initial-Ceased,CSO - UnTreated,,,,COVE RD & PADNARAM AVE,CLARK COVE,23003676,2023-06-24 10:56:46
NEW018,2023-06-24,03:35,Public Notification Report,Initial-Ceased,CSO - UnTreated,,,,COVE ST AND E. RODNEY FRENCH BLVD,OUTER NEW BEDFORD HARBOR,23003677,2023-06-24 10:57:34
NEW017,2023-06-24,03:35,Public Notification Report,Initial-Ceased,CSO - UnTreated,,,,DAVID ST & RFB,OUTER NEW BEDFORD HARBOR,23003678,2023-06-24 10:58:44
NEW003,2023-06-24,11:35,Public Notification Report,Initial-Ceased,CSO - UnTreated,,,,COVE RD & PADNARAM AVE,CLARK COVE,23003679,2023-06-24 12:58:14
NEW017,2023-06-24,03:35,Verified Data Report,,CSO - UnTreated,0h 5m,2330,0.39,DAVID ST & RFB,OUTER NEW BEDFORD HARBOR,23004266,2023-07-14 14:51:34
NEW018,2023-06-24,03:35,Verified Data Report,,CSO - UnTreated,0h 20m,74890,0.39,COVE ST AND E. RODNEY FRENCH BLVD,OUTER NEW BEDFORD HARBOR,23004315,2023-07-15 08:16:41
NEW003,2023-06-27,10:45,Public Notification Report,Initial-Ceased,CSO - UnTreated,,,,COVE RD & PADNARAM AVE,CLARK COVE,23003780,2023-06-27 14:17:05
NEW023,2023-06-27,10:50,Public Notification Report,Initial-Ceased,CSO - UnTreated,,,,COFFIN AVE,ACUSHNET RIVER,23003781,2023-06-27 14:25:00
NEW035,2023-06-27,10:40,Public Notification Report,Initial-Ceased,CSO - UnTreated,,,,MAXFIELD ST AT BUZZARDS BAY,INNER NEW BEDFORD HARBOR,23003782,2023-06-27 14:28:13
NEW003,2023-06-27,00:50,Public Notification Report,Initial-Ceased,CSO - UnTreated,,,,COVE RD & PADNARAM AVE,CLARK COVE,23003783,2023-06-27 14:29:00
NEW023,2023-06-27,01:00,Public Notification Report,Initial-Ceased,CSO - UnTreated,,,,COFFIN AVE,ACUSHNET RIVER,23003784,2023-06-27 14:29:46
NEW035,2023-06-27,00:50,Public Notification Report,Initial-Ceased,CSO - UnTreated,,,,MAXFIELD ST AT BUZZARDS BAY,INNER NEW BEDFORD HARBOR,23003785,2023-06-27 14:31:15
NEW027,2023-06-27,01:00,Public Notification Report,Initial-Ceased,CSO - UnTreated,,,,MILL RD AT ACUSHNET RIVER,ACUSHNET RIVER,23003786,2023-06-27 14:36:22
NEW031,2023-06-27,04:55,Public Notification Report,Initial-Ceased,CSO - UnTreated,,,,CONWAY ST AT BUZZARDS BAY,INNER NEW BEDFORD HARBOR,23003787,2023-06-27 14:37:57
NEW003,2023-06-27,04:25,Public Notification Report,Initial-Ceased,CSO - UnTreated,,,,COVE RD & PADNARAM AVE,CLARK COVE,23003788,2023-06-27 14:38:50
NEW018,2023-06-27,04:55,Public Notification Report,Initial-Ceased,CSO - UnTreated,,,,COVE ST AND E. RODNEY FRENCH BLVD,OUTER NEW BEDFORD HARBOR,23003789,2023-06-27 14:39:35
NEW017,2023-06-27,04:55,Public Notification Report,Initial-Ceased,CSO - UnTreated,,,,DAVID ST & RFB,OUTER NEW BEDFORD HARBOR,23003790,2023-06-27 14:40:37
NEW003,2023-06-27,04:25,Verified Data Report,,CSO - UnTreated,2h 20m,69390,1.43,COVE RD & PADNARAM AVE,CLARK COVE,23004316,2023-07-15 08:21:37
NEW003,2023-06-27,10:45,Verified Data Report,,CSO - UnTreated,1h 10m,1166670,1.43,COVE RD & PADNARAM AVE,CLARK COVE,23004317,2023-07-15 08:22:41
NEW003,2023-06-27,00:50,Verified Data Report,,CSO - UnTreated,3h 0m,89990,1.43,COVE RD & PADNARAM AVE,CLARK COVE,23004318,2023-07-15 08:23:54
NEW017,2023-06-27,04:55,Verified Data Report,,CSO - UnTreated,0h 5m,204070,1.43,DAVID ST & RFB,OUTER NEW BEDFORD HARBOR,23004319,2023-07-15 08:30:41
NEW018,2023-06-27,04:55,Verified Data Report,,CSO - UnTreated,1h 20m,143700,1.43,COVE ST AND E. RODNEY FRENCH BLVD,OUTER NEW BEDFORD HARBOR,23004320,2023-07-15 08:34:17
NEW023,2023-06-27,01:00,Verified Data Report,,CSO - UnTreated,5h 30m,3044790,1.43,COFFIN AVE,ACUSHNET RIVER,23004321,2023-07-15 08:37:19
NEW023,2023-06-27,10:50,Verified Data Report,,CSO - UnTreated,0h 20m,23360,1.43,COFFIN AVE,ACUSHNET RIVER,23004322,2023-07-15 08:39:08
NEW027,2023-06-27,01:00,Verified Data Report,,CSO - UnTreated,5h 25m,126730,1.43,MILL RD AT ACUSHNET RIVER,ACUSHNET RIVER,23004323,2023-07-15 08:41:10
NEW031,2023-06-27,04:55,Verified Data Report,,CSO - UnTreated,2h 0m,73090,1.43,CONWAY ST AT BUZZARDS BAY,INNER NEW BEDFORD HARBOR,23004324,2023-07-15 08:43:01
NEW035,2023-06-27,10:40,Verified Data Report,,CSO - UnTreated,0h 15m,10550,1.43,MAXFIELD ST AT BUZZARDS BAY,INNER NEW BEDFORD HARBOR,23004325,2023-07-15 08:45:13
NEW035,2023-06-27,00:50,Verified Data Report,,CSO - UnTreated,5h 5m,228490,1.43,MAXFIELD ST AT BUZZARDS BAY,INNER NEW BEDFORD HARBOR,23004326,2023-07-15 08:46:31
NEW003,2023-06-28,04:45,Public Notification Report,Initial-Ceased,CSO - UnTreated,,,,COVE RD & PADNARAM AVE,CLARK COVE,23003797,2023-06-28 13:30:00
NEW027,2023-06-28,06:10,Public Notification Report,Initial-Ceased,CSO - UnTreated,,,,MILL RD AT ACUSHNET RIVER,ACUSHNET RIVER,23003798,2023-06-28 13:36:13
NEW031,2023-06-28,06:10,Public Notification Report,Initial-Ceased,CSO - UnTreated,,,,CONWAY ST AT BUZZARDS BAY,INNER NEW BEDFORD HARBOR,23003810,2023-06-28 15:17:59
NEW018,2023-06-28,05:45,Public Notification Report,Initial-Ceased,CSO - UnTreated,,,,COVE ST AND E. RODNEY FRENCH BLVD,OUTER NEW BEDFORD HARBOR,23003811,2023-06-28 15:52:24
NEW023,2023-06-28,05:05,Public Notification Report,Initial-Ceased,CSO - UnTreated,,,,COFFIN AVE,ACUSHNET RIVER,23003812,2023-06-28 15:58:23
NEW017,2023-06-28,05:55,Public Notification Report,Initial-Ceased,CSO - UnTreated,,,,DAVID ST & RFB,OUTER NEW BEDFORD HARBOR,23003813,2023-06-28 16:00:41
NEW036,2023-06-28,04:55,Public Notification Report,Initial-Ceased,CSO - UnTreated,,,,HERVEY TICHON AVE AT BUSSARDS BAY,INNER NEW BEDFORD HARBOR,23003814,2023-06-28 16:02:01
NEW005,2023-06-28,05:55,Public Notification Report,Initial-Ceased,CSO - UnTreated,,,,DUDLEY & RFB,CLARK COVE,23003815,2023-06-28 16:02:44
NEW016,2023-06-28,06:00,Public Notification Report,Initial-Ceased,CSO - UnTreated,,,,FREDERICK ST & RFB,OUTER NEW BEDFORD HARBOR,23003816,2023-06-28 16:03:23
NEW006,2023-06-28,06:00,Public Notification Report,Initial-Ceased,CSO - UnTreated,,,,LUCAS STREET & RFB,CLARK COVE,23003817,2023-06-28 16:04:14
NEW003,2023-06-28,04:45,Verified Data Report,,CSO - UnTreated,5h 0m,346060,1.43,COVE RD & PADNARAM AVE,CLARK COVE,23004327,2023-07-15 08:47:40
NEW005,2023-06-28,05:55,Verified Data Report,,CSO - UnTreated,0h 20m,77310,1.43,DUDLEY & RFB,CLARK COVE,23004328,2023-07-15 08:48:38
NEW006,2023-06-28,06:00,Verified Data Report,,CSO - UnTreated,0h 5m,28590,1.43,LUCAS STREET & RFB,CLARK COVE,23004329,2023-07-15 08:49:41
NEW016,2023-06-28,06:00,Verified Data Report,,CSO - UnTreated,0h 10m,13420,1.43,FREDERICK ST & RFB,OUTER NEW BEDFORD HARBOR,23004330,2023-07-15 08:55:28
NEW017,2023-06-28,05:55,Verified Data Report,,CSO - UnTreated,1h 30m,991530,1.43,DAVID ST & RFB,OUTER NEW BEDFORD HARBOR,23004331,2023-07-15 08:57:10
NEW018,2023-06-28,05:45,Verified Data Report,,CSO - UnTreated,2h 5m,169140,1.43,COVE ST AND E. RODNEY FRENCH BLVD,OUTER NEW BEDFORD HARBOR,23004332,2023-07-15 08:58:15
NEW023,2023-06-28,05:05,Verified Data Report,,CSO - UnTreated,2h 35m,2196120,1.43,COFFIN AVE,ACUSHNET RIVER,23004333,2023-07-15 09:00:37
NEW027,2023-06-28,06:10,Verified Data Report,,CSO - UnTreated,2h 40m,196290,1.43,MILL RD AT ACUSHNET RIVER,ACUSHNET RIVER,23004334,2023-07-15 09:03:33
NEW031,2023-06-28,06:10,Verified Data Report,,CSO - UnTreated,2h 5m,165800,1.43,CONWAY ST AT BUZZARDS BAY,INNER NEW BEDFORD HARBOR,23004335,2023-07-15 09:04:31
NEW036,2023-06-28,04:55,Verified Data Report,,CSO - UnTreated,2h 10m,201240,1.43,HERVEY TICHON AVE AT BUSSARDS BAY,INNER NEW BEDFORD HARBOR,23004336,2023-07-15 09:05:36
NEW027,2023-07-02,02:20,Public Notification Report,Initial-Ceased,CSO - UnTreated,,,,MILL RD AT ACUSHNET RIVER,ACUSHNET RIVER,23003868,2023-07-03 07:06:50
NEW035,2023-07-02,15:15,Public Notification Report,Initial-Ceased,CSO - UnTreated,,,,MAXFIELD ST AT BUZZARDS BAY,INNER NEW BEDFORD HARBOR,23003869,2023-07-03 07:07:42
NEW003,2023-07-02,15:20,Public Notification Report,Initial-Ceased,CSO - UnTreated,,,,COVE RD & PADNARAM AVE,CLARK COVE,23003870,2023-07-03 07:08:20
NEW023,2023-07-02,15:25,Public Notification Report,Initial-Ceased,CSO - UnTreated,,,,COFFIN AVE,ACUSHNET RIVER,23003871,2023-07-03 07:09:20
NEW003,2023-07-02,15:20,Verified Data Report,,CSO - UnTreated,1h 15m,41320,0.43,COVE RD & PADNARAM AVE,CLARK COVE,23005149,2023-08-14 09:55:34
NEW023,2023-07-02,15:25,Verified Data Report,,CSO - UnTreated,0h 20m,38060,0.43,COFFIN AVE,ACUSHNET RIVER,23005150,2023-08-14 10:06:20
NEW027,2023-07-02,14:20,Verified Data Report,,CSO - UnTreated,1h 10m,190,0.43,MILL RD AT ACUSHNET RIVER,ACUSHNET RIVER,23005151,2023-08-14 10:10:25
NEW035,2023-07-02,15:15,Verified Data Report,,CSO - UnTreated,0h 15m,39480,0.43,MAXFIELD ST AT BUZZARDS BAY,INNER NEW BEDFORD HARBOR,23005152,2023-08-14 10:13:25
NEW018,2023-07-03,02:45,Public Notification Report,Initial-Ceased,CSO - UnTreated,,,,COVE ST AND E. RODNEY FRENCH BLVD,OUTER NEW BEDFORD HARBOR,23003911,2023-07-03 13:33:08
NEW017,2023-07-03,02:45,Public Notification Report,Initial-Ceased,CSO - UnTreated,,,,DAVID ST & RFB,OUTER NEW BEDFORD HARBOR,23003912,2023-07-03 13:34:57
NEW036,2023-07-03,02:45,Public Notification Report,Initial-Ceased,CSO - UnTreated,,,,HERVEY TICHON AVE AT BUSSARDS BAY,INNER NEW BEDFORD HARBOR,23003913,2023-07-03 13:37:19
NEW005,2023-07-03,02:50,Public Notification Report,Initial-Ceased,CSO - UnTreated,,,,DUDLEY & RFB,CLARK COVE,23003914,2023-07-03 13:42:20
NEW003,2023-07-03,02:55,Public Notification Report,Initial-Ceased,CSO - UnTreated,,,,COVE RD & PADNARAM AVE,CLARK COVE,23003915,2023-07-03 13:49:29
NEW023,2023-07-03,02:55,Public Notification Report,Initial-Ceased,CSO - UnTreated,,,,COFFIN AVE,ACUSHNET RIVER,23003916,2023-07-03 13:50:17
NEW027,2023-07-03,03:10,Public Notification Report,Initial-Ceased,CSO - UnTreated,,,,MILL RD AT ACUSHNET RIVER,ACUSHNET RIVER,23003917,2023-07-03 13:51:10
NEW003,2023-07-03,02:55,Verified Data Report,,CSO - UnTreated,1h 50m,68820,0.43,COVE RD & PADNARAM AVE,CLARK COVE,23005153,2023-08-14 10:16:29
NEW005,2023-07-03,02:50,Verified Data Report,,CSO - UnTreated,0h 5m,27890,0.43,DUDLEY & RFB,CLARK COVE,23005154,2023-08-14 10:18:25
NEW017,2023-07-03,02:45,Verified Data Report,,CSO - UnTreated,0h 40m,50910,0.43,DAVID ST & RFB,OUTER NEW BEDFORD HARBOR,23005155,2023-08-14 10:20:23
NEW018,2023-07-03,02:45,Verified Data Report,,CSO - UnTreated,0h 55m,16030,0.43,COVE ST AND E. RODNEY FRENCH BLVD,OUTER NEW BEDFORD HARBOR,23005156,2023-08-14 10:24:57
NEW023,2023-07-03,02:55,Verified Data Report,,CSO - UnTreated,1h 40m,258190,0.43,COFFIN AVE,ACUSHNET RIVER,23005157,2023-08-14 10:28:11
NEW027,2023-07-03,03:10,Verified Data Report,,CSO - UnTreated,0h 20m,800,0.43,MILL RD AT ACUSHNET RIVER,ACUSHNET RIVER,23005159,2023-08-14 11:19:07
NEW036,2023-07-03,02:45,Verified Data Report,,CSO - UnTreated,0h 20m,72560,0.43,HERVEY TICHON AVE AT BUSSARDS BAY,INNER NEW BEDFORD HARBOR,23005160,2023-08-14 13:29:07
NEW027,2023-07-04,11:05,Public Notification Report,Initial-Ceased,CSO - UnTreated,,,,MILL RD AT ACUSHNET RIVER,ACUSHNET RIVER,23003925,2023-07-04 21:11:10
NEW003,2023-07-04,11:00,Public Notification Report,Initial-Ceased,CSO - UnTreated,,,,COVE RD & PADNARAM AVE,CLARK COVE,23003926,2023-07-04 21:12:06
NEW023,2023-07-04,11:00,Public Notification Report,Initial-Ceased,CSO - UnTreated,,,,COFFIN AVE,ACUSHNET RIVER,23003927,2023-07-04 21:13:15
NEW035,2023-07-04,10:55,Public Notification Report,Initial-Ceased,CSO - UnTreated,,,,MAXFIELD ST AT BUZZARDS BAY,INNER NEW BEDFORD HARBOR,23003928,2023-07-04 21:14:14
NEW016,2023-07-04,16:50,Public Notification Report,Initial-Ceased,CSO - UnTreated,,,,FREDERICK ST & RFB,OUTER NEW BEDFORD HARBOR,23003929,2023-07-04 21:15:52
NEW007,2023-07-04,16:50,Public Notification Report,Initial-Ceased,CSO - UnTreated,,,,CAPITAL AND ROD. FRENCH BLVD,CLARK COVE,23003930,2023-07-04 21:19:47
NEW031,2023-07-04,16:45,Public Notification Report,Initial-Ceased,CSO - UnTreated,,,,CONWAY ST AT BUZZARDS BAY,INNER NEW BEDFORD HARBOR,23003931,2023-07-04 21:20:33
NEW006,2023-07-04,16:45,Public Notification Report,Initial-Ceased,CSO - UnTreated,,,,LUCAS STREET & RFB,CLARK COVE,23003932,2023-07-04 21:21:23
NEW017,2023-07-04,16:45,Public Notification Report,Initial-Ceased,CSO - UnTreated,,,,DAVID ST & RFB,OUTER NEW BEDFORD HARBOR,23003933,2023-07-04 21:22:10
NEW008,2023-07-04,16:45,Public Notification Report,Initial-Ceased,CSO - UnTreated,,,,CALUMET ST & RFB,CLARK COVE,23003934,2023-07-04 21:23:07
NEW027,2023-07-04,16:40,Public Notification Report,Initial-Ceased,CSO - UnTreated,,,,MILL RD AT ACUSHNET RIVER,ACUSHNET RIVER,23003935,2023-07-04 21:24:11
NEW005,2023-07-04,16:40,Public Notification Report,Initial-Ceased,CSO - UnTreated,,,,DUDLEY & RFB,CLARK COVE,23003936,2023-07-04 21:26:54
NEW018,2023-07-04,16:35,Public Notification Report,Initial-Ceased,CSO - UnTreated,,,,COVE ST AND E. RODNEY FRENCH BLVD,OUTER NEW BEDFORD HARBOR,23003937,2023-07-04 21:27:53
NEW003,2023-07-04,16:30,Public Notification Report,Initial-Ongoing,CSO - UnTreated,,,,COVE RD & PADNARAM AVE,CLARK COVE,23003938,2023-07-04 21:28:57
NEW023,2023-07-04,16:25,Public Notification Report,Initial-Ceased,CSO - UnTreated,,,,COFFIN AVE,ACUSHNET RIVER,23003939,2023-07-04 21:29:54
NEW036,2023-07-04,16:15,Public Notification Report,Initial-Ceased,CSO - UnTreated,,,,HERVEY TICHON AVE AT BUSSARDS BAY,INNER NEW BEDFORD HARBOR,23003940,2023-07-04 21:30:48
NEW003,2023-07-04,16:30,Verified Data Report,,CSO - UnTreated,6h 30m,707300,1.23,COVE RD & PADNARAM AVE,CLARK COVE,23005252,2023-08-15 08:01:17
NEW003,2023-07-04,11:00,Verified Data Report,,CSO - UnTreated,2h 0m,161350,1.23,COVE RD & PADNARAM AVE,CLARK COVE,23005253,2023-08-15 08:02:19
NEW005,2023-07-04,16:40,Verified Data Report,,CSO - UnTreated,1h 10m,197930,1.23,DUDLEY & RFB,CLARK COVE,23005254,2023-08-15 08:04:07
NEW006,2023-07-04,16:45,Verified Data Report,,CSO - UnTreated,1h 55m,96830,1.23,LUCAS STREET & RFB,CLARK COVE,23005256,2023-08-15 08:14:06
NEW007,2023-07-04,16:50,Verified Data Report,,CSO - UnTreated,0h 15m,101730,1.23,CAPITAL AND ROD. FRENCH BLVD,CLARK COVE,23005257,2023-08-15 08:15:29
NEW008,2023-07-04,16:45,Verified Data Report,,CSO - UnTreated,0h 5m,6240,1.23,CALUMET ST & RFB,CLARK COVE,23005259,2023-08-15 08:17:27
NEW016,2023-07-04,16:50,Verified Data Report,,CSO - UnTreated,0h 25m,82590,1.23,FREDERICK ST & RFB,OUTER NEW BEDFORD HARBOR,23005261,2023-08-15 08:20:07
NEW017,2023-07-04,16:45,Verified Data Report,,CSO - UnTreated,1h 40m,980190,1.23,DAVID ST & RFB,OUTER NEW BEDFORD HARBOR,23005262,2023-08-15 08:21:26
NEW018,2023-07-04,16:35,Verified Data Report,,CSO - UnTreated,3h 45m,279650,1.23,COVE ST AND E. RODNEY FRENCH BLVD,OUTER NEW BEDFORD HARBOR,23005264,2023-08-15 08:22:29
NEW023,2023-07-04,16:25,Verified Data Report,,CSO - UnTreated,1h 55m,4644940,0.71,COFFIN AVE,ACUSHNET RIVER,23005272,2023-08-15 08:44:43
NEW023,2023-07-04,11:00,Verified Data Report,,CSO - UnTreated,1h 0m,419520,0.71,COFFIN AVE,ACUSHNET RIVER,23005277,2023-08-15 08:51:22
NEW027,2023-07-04,16:40,Verified Data Report,,CSO - UnTreated,1h 50m,238200,0.71,MILL RD AT ACUSHNET RIVER,ACUSHNET RIVER,23005280,2023-08-15 08:55:02
NEW027,2023-07-04,11:05,Verified Data Report,,CSO - UnTreated,0h 50m,2500,0.71,MILL RD AT ACUSHNET RIVER,ACUSHNET RIVER,23005282,2023-08-15 08:56:37
NEW031,2023-07-04,16:45,Verified Data Report,,CSO - UnTreated,2h 30m,275410,1.23,CONWAY ST AT BUZZARDS BAY,INNER NEW BEDFORD HARBOR,23005287,2023-08-15 09:07:23
NEW035,2023-07-04,10:55,Verified Data Report,,CSO - UnTreated,0h 40m,56310,0.71,MAXFIELD ST AT BUZZARDS BAY,INNER NEW BEDFORD HARBOR,23005288,2023-08-15 09:12:46
NEW036,2023-07-04,16:15,Verified Data Report,,CSO - UnTreated,1h 30m,425570,0.71,HERVEY TICHON AVE AT BUSSARDS BAY,INNER NEW BEDFORD HARBOR,23005289,2023-08-15 09:20:29
NEW003,2023-07-10,12:45,Public Notification Report,Initial-Ongoing,CSO - UnTreated,,,,COVE RD & PADNARAM AVE,CLARK COVE,23004013,2023-07-10 21:24:50
NEW023,2023-07-10,13:05,Public Notification Report,Initial-Ceased,CSO - UnTreated,,,,COFFIN AVE,ACUSHNET RIVER,23004014,2023-07-10 21:26:13
NEW031,2023-07-10,14:00,Public Notification Report,Initial-Ceased,CSO - UnTreated,,,,CONWAY ST AT BUZZARDS BAY,INNER NEW BEDFORD HARBOR,23004015,2023-07-10 21:28:53
NEW027,2023-07-10,13:40,Public Notification Report,Initial-Ceased,CSO - UnTreated,,,,MILL RD AT ACUSHNET RIVER,ACUSHNET RIVER,23004016,2023-07-10 21:30:13
NEW036,2023-07-10,12:50,Public Notification Report,Initial-Ceased,CSO - UnTreated,,,,HERVEY TICHON AVE AT BUSSARDS BAY,INNER NEW BEDFORD HARBOR,23004017,2023-07-10 21:32:08
NEW003,2023-07-10,12:45,Verified Data Report,,CSO - UnTreated,12h 40m,356130,0.18,COVE RD & PADNARAM AVE,CLARK COVE,23005291,2023-08-15 09:53:00
NEW023,2023-07-10,13:05,Verified Data Report,,CSO - UnTreated,2h 10m,2522890,0.18,COFFIN AVE,ACUSHNET RIVER,23005292,2023-08-15 09:59:38
NEW027,2023-07-10,13:40,Verified Data Report,,CSO - UnTreated,1h 5m,51660,0.18,MILL RD AT ACUSHNET RIVER,ACUSHNET RIVER,23005293,2023-08-15 10:15:51
NEW031,2023-07-10,14:00,Verified Data Report,,CSO - UnTreated,1h 0m,14420,0.18,CONWAY ST AT BUZZARDS BAY,INNER NEW BEDFORD HARBOR,23005294,2023-08-15 10:20:33
NEW036,2023-07-10,12:50,Verified Data Report,,CSO - UnTreated,1h 15m,88720,0.18,HERVEY TICHON AVE AT BUSSARDS BAY,INNER NEW BEDFORD HARBOR,23005295,2023-08-15 10:22:25
NEW023,2023-07-14,06:10,Public Notification Report,Initial-Ceased,CSO - UnTreated,,,,COFFIN AVE,ACUSHNET RIVER,23004292,2023-07-14 15:54:42
NEW003,2023-07-14,05:25,Public Notification Report,Initial-Ceased,CSO - UnTreated,,,,COVE RD & PADNARAM AVE,CLARK COVE,23004293,2023-07-14 15:55:22
NEW027,2023-07-14,06:50,Public Notification Report,Initial-Ceased,CSO - UnTreated,,,,MILL RD AT ACUSHNET RIVER,ACUSHNET RIVER,23004294,2023-07-14 15:55:59
NEW036,2023-07-14,06:00,Public Notification Report,Initial-Ceased,CSO - UnTreated,,,,HERVEY TICHON AVE AT BUSSARDS BAY,INNER NEW BEDFORD HARBOR,23004295,2023-07-14 15:56:52
NEW003,2023-07-14,05:25,Verified Data Report,,CSO - UnTreated,2h 10m,65750,0.41,COVE RD & PADNARAM AVE,CLARK COVE,23005296,2023-08-15 10:33:45
NEW023,2023-07-14,06:10,Verified Data Report,,CSO - UnTreated,1h 25m,536630,0.47,COFFIN AVE,ACUSHNET RIVER,23005298,2023-08-15 10:35:45
NEW027,2023-07-14,06:50,Verified Data Report,,CSO - UnTreated,0h 25m,60,0.47,MILL RD AT ACUSHNET RIVER,ACUSHNET RIVER,23005300,2023-08-15 10:38:44
NEW036,2023-07-14,06:00,Verified Data Report,,CSO - UnTreated,1h 5m,19300,0.47,HERVEY TICHON AVE AT BUSSARDS BAY,INNER NEW BEDFORD HARBOR,23005302,2023-08-15 10:41:31
NEW023,2023-07-15,05:35,Public Notification Report,Initial-Ceased,CSO - UnTreated,,,,COFFIN AVE,ACUSHNET RIVER,23004337,2023-07-15 09:08:31
NEW003,2023-07-15,05:05,Public Notification Report,Initial-Ceased,CSO - UnTreated,,,,COVE RD & PADNARAM AVE,CLARK COVE,23004338,2023-07-15 09:09:24
NEW003,2023-07-15,05:05,Verified Data Report,,CSO - UnTreated,1h 10m,124630,0.41,COVE RD & PADNARAM AVE,CLARK COVE,23005306,2023-08-15 10:46:03
NEW023,2023-07-15,05:35,Verified Data Report,,CSO - UnTreated,0h 50m,213900,0.47,COFFIN AVE,ACUSHNET RIVER,23005309,2023-08-15 10:50:16
NEW036,2023-07-16,01:45,Public Notification Report,Initial-Ceased,CSO - UnTreated,,,,HERVEY TICHON AVE AT BUSSARDS BAY,INNER NEW BEDFORD HARBOR,23004397,2023-07-17 09:27:30
NEW023,2023-07-16,13:50,Public Notification Report,Initial-Ceased,CSO - UnTreated,,,,COFFIN AVE,ACUSHNET RIVER,23004398,2023-07-17 09:30:24
NEW036,2023-07-16,18:30,Public Notification Report,Initial-Ceased,CSO - UnTreated,,,,HERVEY TICHON AVE AT BUSSARDS BAY,INNER NEW BEDFORD HARBOR,23004400,2023-07-17 09:32:53
NEW023,2023-07-16,18:40,Public Notification Report,Initial-Ceased,CSO - UnTreated,,,,COFFIN AVE,ACUSHNET RIVER,23004405,2023-07-17 09:37:44
NEW018,2023-07-16,18:55,Public Notification Report,Initial-Ceased,CSO - UnTreated,,,,COVE ST AND E. RODNEY FRENCH BLVD,OUTER NEW BEDFORD HARBOR,23004411,2023-07-17 09:44:42
NEW017,2023-07-16,06:55,Public Notification Report,Initial-Ceased,CSO - UnTreated,,,,DAVID ST & RFB,OUTER NEW BEDFORD HARBOR,23004412,2023-07-17 09:46:30
NEW027,2023-07-16,18:55,Public Notification Report,Initial-Ceased,CSO - UnTreated,,,,MILL RD AT ACUSHNET RIVER,ACUSHNET RIVER,23004413,2023-07-17 09:48:05
NEW031,2023-07-16,19:05,Public Notification Report,Initial-Ceased,CSO - UnTreated,,,,CONWAY ST AT BUZZARDS BAY,INNER NEW BEDFORD HARBOR,23004414,2023-07-17 09:50:35
NEW005,2023-07-16,19:30,Public Notification Report,Initial-Ceased,CSO - UnTreated,,,,DUDLEY & RFB,CLARK COVE,23004415,2023-07-17 09:52:55
NEW006,2023-07-16,19:55,Public Notification Report,Initial-Ceased,CSO - UnTreated,,,,LUCAS STREET & RFB,CLARK COVE,23004416,2023-07-17 09:53:38
NEW008,2023-07-16,20:00,Public Notification Report,Initial-Ceased,CSO - UnTreated,,,,CALUMET ST & RFB,CLARK COVE,23004417,2023-07-17 09:54:21
NEW010,2023-07-16,20:05,Public Notification Report,Initial-Ceased,CSO - UnTreated,,,,BELLEVUE ST & RFB,CLARK COVE,23004418,2023-07-17 09:55:06
NEW016,2023-07-16,20:10,Public Notification Report,Initial-Ceased,CSO - UnTreated,,,,FREDERICK ST & RFB,OUTER NEW BEDFORD HARBOR,23004419,2023-07-17 09:56:39
NEW007,2023-07-16,20:35,Public Notification Report,Initial-Ceased,CSO - UnTreated,,,,CAPITAL AND ROD. FRENCH BLVD,CLARK COVE,23004420,2023-07-17 09:57:26
NEW004,2023-07-16,20:00,Public Notification Report,Initial-Ceased,CSO - UnTreated,,,,HURRICAN BARRIER CLARK'S COVE PUMP STATION,CLARK COVE,23004429,2023-07-17 15:14:40
NEW005,2023-07-16,19:30,Verified Data Report,,CSO - UnTreated,2h 30m,1079210,1.68,DUDLEY & RFB,CLARK COVE,23005319,2023-08-15 11:07:25
NEW006,2023-07-16,19:55,Verified Data Report,,CSO - UnTreated,2h 5m,1144500,1.68,LUCAS STREET & RFB,CLARK COVE,23005322,2023-08-15 11:10:01
NEW007,2023-07-16,20:35,Verified Data Report,,CSO - UnTreated,0h 25m,134430,1.68,CAPITAL AND ROD. FRENCH BLVD,CLARK COVE,23005329,2023-08-15 11:25:14
NEW009,2023-07-16,20:00,Verified Data Report,,CSO - UnTreated,2h 20m,230840,1.68,AQUIDNECK ST & RFB,CLARK COVE,23005368,2023-08-15 14:12:19
NEW008,2023-07-16,20:00,Verified Data Report,,CSO - UnTreated,2h 20m,230840,1.68,CALUMET ST & RFB,CLARK COVE,23005368-1,2023-08-15 14:19:29
NEW010,2023-07-16,20:05,Verified Data Report,,CSO - UnTreated,0h 55m,124270,1.68,BELLEVUE ST & RFB,CLARK COVE,23005373,2023-08-15 14:26:24
NEW016,2023-07-16,20:10,Verified Data Report,,CSO - UnTreated,0h 55m,124140,1.68,FREDERICK ST & RFB,OUTER NEW BEDFORD HARBOR,23005374,2023-08-15 14:28:44
NEW017,2023-07-16,18:55,Verified Data Report,,CSO - UnTreated,3h 55m,5695250,1.68,DAVID ST & RFB,OUTER NEW BEDFORD HARBOR,23005376,2023-08-15 14:32:47
NEW018,2023-07-16,18:55,Verified Data Report,,CSO - UnTreated,4h 45m,492420,1.68,COVE ST AND E. RODNEY FRENCH BLVD,OUTER NEW BEDFORD HARBOR,23005377,2023-08-15 14:33:51
NEW023,2023-07-16,13:50,Verified Data Report,,CSO - UnTreated,0h 30m,175980,1.56,COFFIN AVE,ACUSHNET RIVER,23005379,2023-08-15 14:34:50
NEW023,2023-07-16,18:40,Verified Data Report,,CSO - UnTreated,4h 5m,11050410,1.56,COFFIN AVE,ACUSHNET RIVER,23005380,2023-08-15 14:35:57
NEW027,2023-07-16,18:55,Verified Data Report,,CSO - UnTreated,3h 20m,811530,1.56,MILL RD AT ACUSHNET RIVER,ACUSHNET RIVER,23005382,2023-08-15 14:49:40
NEW031,2023-07-16,19:05,Verified Data Report,,CSO - UnTreated,4h 25m,667770,1.68,CONWAY ST AT BUZZARDS BAY,INNER NEW BEDFORD HARBOR,23005384,2023-08-15 14:56:07
NEW036,2023-07-16,13:45,Verified Data Report,,CSO - UnTreated,0h 10m,28520,1.56,HERVEY TICHON AVE AT BUSSARDS BAY,INNER NEW BEDFORD HARBOR,23005396,2023-08-15 15:31:55
NEW036,2023-07-16,18:30,Verified Data Report,,CSO - UnTreated,3h 25m,2422370,1.56,HERVEY TICHON AVE AT BUSSARDS BAY,INNER NEW BEDFORD HARBOR,23005398,2023-08-15 15:33:18
NEW004,2023-07-16,20:06,Verified Data Report,,CSO - UnTreated,3h 9m,10395000,1.68,HURRICAN BARRIER CLARK'S COVE PUMP STATION,CLARK COVE,23005430,2023-08-15 15:59:27
NEW031,2023-07-29,22:30,Public Notification Report,Initial-Ceased,CSO - UnTreated,,,,CONWAY ST AT BUZZARDS BAY,INNER NEW BEDFORD HARBOR,23004683,2023-07-30 10:53:36
NEW003,2023-07-29,21:50,Public Notification Report,Initial-Ceased,CSO - UnTreated,,,,COVE RD & PADNARAM AVE,CLARK COVE,23004684,2023-07-30 10:55:06
NEW023,2023-07-29,21:50,Public Notification Report,Initial-Ceased,CSO - UnTreated,,,,COFFIN AVE,ACUSHNET RIVER,23004685,2023-07-30 10:57:44
NEW035,2023-07-29,21:40,Public Notification Report,Initial-Ceased,CSO - UnTreated,,,,MAXFIELD ST AT BUZZARDS BAY,INNER NEW BEDFORD HARBOR,23004686,2023-07-30 11:01:31
NEW027,2023-07-29,21:45,Public Notification Report,Initial-Ceased,CSO - UnTreated,,,,MILL RD AT ACUSHNET RIVER,ACUSHNET RIVER,23004687,2023-07-30 11:04:52
NEW018,2023-07-29,21:45,Public Notification Report,Initial-Ceased,CSO - UnTreated,,,,COVE ST AND E. RODNEY FRENCH BLVD,OUTER NEW BEDFORD HARBOR,23004688,2023-07-30 11:05:55
NEW003,2023-07-29,21:50,Verified Data Report,,CSO - UnTreated,1h 5m,175810,0.29,COVE RD & PADNARAM AVE,CLARK COVE,23005399,2023-08-15 15:34:46
NEW018,2023-07-29,21:45,Verified Data Report,,CSO - UnTreated,0h 30m,30800,0.29,COVE ST AND E. RODNEY FRENCH BLVD,OUTER NEW BEDFORD HARBOR,23005400,2023-08-15 15:35:49
NEW023,2023-07-29,21:50,Verified Data Report,,CSO - UnTreated,1h 5m,225840,0.22,COFFIN AVE,ACUSHNET RIVER,23005403,2023-08-15 15:39:18
NEW027,2023-07-29,21:45,Verified Data Report,,CSO - UnTreated,0h 40m,32010,0.22,MILL RD AT ACUSHNET RIVER,ACUSHNET RIVER,23005405,2023-08-15 15:41:17
NEW031,2023-07-29,22:30,Verified Data Report,,CSO - UnTreated,0h 35m,4950,0.29,CONWAY ST AT BUZZARDS BAY,INNER NEW BEDFORD HARBOR,23005408,2023-08-15 15:42:47
NEW035,2023-07-29,21:40,Verified Data Report,,CSO - UnTreated,0h 50m,6770,0.22,MAXFIELD ST AT BUZZARDS BAY,INNER NEW BEDFORD HARBOR,23005411,2023-08-15 15:44:05
NEW036,2023-07-29,05:30,Public Notification Report,Initial-Ceased,CSO - UnTreated,,,,HERVEY TICHON AVE AT BUSSARDS BAY,INNER NEW BEDFORD HARBOR,23005437,2023-08-15 16:10:32
NEW003,2023-08-08,10:35,Public Notification Report,Initial-Ceased,CSO - UnTreated,,,,COVE RD & PADNARAM AVE,CLARK COVE,23004856,2023-08-08 16:06:12
NEW018,2023-08-08,10:50,Public Notification Report,Initial-Ceased,CSO - UnTreated,,,,COVE ST AND E. RODNEY FRENCH BLVD,OUTER NEW BEDFORD HARBOR,23004859,2023-08-08 16:07:19
NEW031,2023-08-08,10:50,Public Notification Report,Initial-Ceased,CSO - UnTreated,,,,CONWAY ST AT BUZZARDS BAY,INNER NEW BEDFORD HARBOR,23004863,2023-08-08 16:08:55
NEW023,2023-08-08,10:40,Public Notification Report,Initial-Ceased,CSO - UnTreated,,,,COFFIN AVE,ACUSHNET RIVER,23004865,2023-08-08 16:09:38
NEW006,2023-08-08,10:50,Public Notification Report,Initial-Ceased,CSO - UnTreated,,,,LUCAS STREET & RFB,CLARK COVE,23004869,2023-08-08 16:11:26
NEW027,2023-08-08,10:55,Public Notification Report,Initial-Ceased,CSO - UnTreated,,,,MILL RD AT ACUSHNET RIVER,ACUSHNET RIVER,23004871,2023-08-08 16:12:23
NEW017,2023-08-08,10:50,Public Notification Report,Initial-Ceased,CSO - UnTreated,,,,DAVID ST & RFB,OUTER NEW BEDFORD HARBOR,23004879,2023-08-08 16:16:05
NEW035,2023-08-08,10:30,Public Notification Report,Initial-Ceased,CSO - UnTreated,,,,MAXFIELD ST AT BUZZARDS BAY,INNER NEW BEDFORD HARBOR,23004886,2023-08-08 16:19:41
NEW005,2023-08-08,10:50,Public Notification Report,Initial-Ceased,CSO - UnTreated,,,,DUDLEY & RFB,CLARK COVE,23004889,2023-08-08 16:20:48
NEW008,2023-08-08,10:45,Public Notification Report,Initial-Ceased,CSO - UnTreated,,,,CALUMET ST & RFB,CLARK COVE,23004891,2023-08-08 16:21:36
NEW016,2023-08-08,10:50,Public Notification Report,Initial-Ceased,CSO - UnTreated,,,,FREDERICK ST & RFB,OUTER NEW BEDFORD HARBOR,23004897,2023-08-08 16:24:37
NEW010,2023-08-08,11:30,Public Notification Report,Initial-Ceased,CSO - UnTreated,,,,BELLEVUE ST & RFB,CLARK COVE,23004899,2023-08-08 16:26:28
NEW007,2023-08-08,10:55,Public Notification Report,Initial-Ceased,CSO - UnTreated,,,,CAPITAL AND ROD. FRENCH BLVD,CLARK COVE,23004903,2023-08-08 16:28:11
NEW003,2023-08-08,10:30,Verified Data Report,,CSO - UnTreated,6h 0m,5938860,1.55,COVE RD & PADNARAM AVE,CLARK COVE,23005890,2023-09-14 07:50:56
NEW006,2023-08-08,10:50,Verified Data Report,,CSO - UnTreated,1h 45m,360070,1.55,LUCAS STREET & RFB,CLARK COVE,23005891,2023-09-14 07:54:38
NEW006,2023-08-08,10:50,Verified Data Report,,CSO - UnTreated,2h 45m,452620,1.55,LUCAS STREET & RFB,CLARK COVE,23005892,2023-09-14 07:55:51
NEW007,2023-08-08,10:55,Verified Data Report,,CSO - UnTreated,0h 30m,78990,1.55,CAPITAL AND ROD. FRENCH BLVD,CLARK COVE,23005893,2023-09-14 07:59:47
NEW008,2023-08-08,10:45,Verified Data Report,,CSO - UnTreated,1h 45m,162880,1.55,CALUMET ST & RFB,CLARK COVE,23005898,2023-09-14 10:21:12
NEW010,2023-08-08,11:30,Verified Data Report,,CSO - UnTreated,0h 10m,30130,1.55,BELLEVUE ST & RFB,CLARK COVE,23005899,2023-09-14 10:26:12
NEW016,2023-08-08,10:50,Verified Data Report,,CSO - UnTreated,0h 55m,71830,1.55,FREDERICK ST & RFB,OUTER NEW BEDFORD HARBOR,23005900,2023-09-14 10:28:56
NEW017,2023-08-08,10:50,Verified Data Report,,CSO - UnTreated,2h 15m,3906190,1.55,DAVID ST & RFB,OUTER NEW BEDFORD HARBOR,23005901,2023-09-14 10:42:22
NEW023,2023-08-08,10:40,Verified Data Report,,CSO - UnTreated,3h 0m,7928940,1.68,COFFIN AVE,ACUSHNET RIVER,23005903,2023-09-14 10:58:16
NEW027,2023-08-08,10:55,Verified Data Report,,CSO - UnTreated,2h 15m,968260,1.68,MILL RD AT ACUSHNET RIVER,ACUSHNET RIVER,23005904,2023-09-14 11:23:39
NEW031,2023-08-08,22:50,Verified Data Report,,CSO - UnTreated,3h 50m,2902600,1.55,CONWAY ST AT BUZZARDS BAY,INNER NEW BEDFORD HARBOR,23005940,2023-09-14 20:26:10
NEW035,2023-08-08,10:30,Verified Data Report,,CSO - UnTreated,2h 30m,5527110,1.68,MAXFIELD ST AT BUZZARDS BAY,INNER NEW BEDFORD HARBOR,23005941,2023-09-14 20:30:46
NEW027,2023-08-13,09:30,Public Notification Report,Initial-Ceased,CSO - UnTreated,,,,MILL RD AT ACUSHNET RIVER,ACUSHNET RIVER,23005127,2023-08-13 18:44:24
NEW003,2023-08-13,06:45,Public Notification Report,Initial-Ceased,CSO - UnTreated,,,,COVE RD & PADNARAM AVE,CLARK COVE,23005128,2023-08-13 18:45:38
NEW031,2023-08-13,07:20,Public Notification Report,Initial-Ceased,CSO - UnTreated,,,,CONWAY ST AT BUZZARDS BAY,INNER NEW BEDFORD HARBOR,23005129,2023-08-13 18:46:46
NEW023,2023-08-13,06:45,Public Notification Report,Initial-Ceased,CSO - UnTreated,,,,COFFIN AVE,ACUSHNET RIVER,23005130,2023-08-13 18:47:57
NEW018,2023-08-13,06:40,Public Notification Report,Initial-Ceased,CSO - UnTreated,,,,COVE ST AND E. RODNEY FRENCH BLVD,OUTER NEW BEDFORD HARBOR,23005131,2023-08-13 18:48:48
NEW017,2023-08-13,06:40,Public Notification Report,Initial-Ceased,CSO - UnTreated,,,,DAVID ST & RFB,OUTER NEW BEDFORD HARBOR,23005132,2023-08-13 18:55:00
NEW035,2023-08-13,06:40,Public Notification Report,Initial-Ceased,CSO - UnTreated,,,,MAXFIELD ST AT BUZZARDS BAY,INNER NEW BEDFORD HARBOR,23005133,2023-08-13 18:55:59
NEW016,2023-08-13,06:45,Public Notification Report,Initial-Ceased,CSO - UnTreated,,,,FREDERICK ST & RFB,OUTER NEW BEDFORD HARBOR,23005134,2023-08-13 18:57:00
NEW023,2023-08-13,20:05,Public Notification Report,Initial-Ceased,CSO - UnTreated,,,,COFFIN AVE,ACUSHNET RIVER,23005139,2023-08-14 08:53:36
NEW035,2023-08-13,19:55,Public Notification Report,Initial-Ceased,CSO - UnTreated,,,,MAXFIELD ST AT BUZZARDS BAY,INNER NEW BEDFORD HARBOR,23005140,2023-08-14 08:54:52
NEW003,2023-08-13,06:45,Verified Data Report,,CSO - UnTreated,1h 15m,404570,0.49,COVE RD & PADNARAM AVE,CLARK COVE,23005942,2023-09-14 20:33:19
NEW016,2023-08-13,06:45,Verified Data Report,,CSO - UnTreated,0h 5m,6410,0.49,FREDERICK ST & RFB,OUTER NEW BEDFORD HARBOR,23005943,2023-09-14 20:36:57
NEW017,2023-08-13,06:40,Verified Data Report,,CSO - UnTreated,1h 0m,483090,0.49,DAVID ST & RFB,OUTER NEW BEDFORD HARBOR,23005944,2023-09-14 20:39:29
NEW018,2023-08-13,06:40,Verified Data Report,,CSO - UnTreated,1h 5m,114680,0.49,COVE ST AND E. RODNEY FRENCH BLVD,OUTER NEW BEDFORD HARBOR,23005945,2023-09-14 20:46:06
NEW023,2023-08-13,06:45,Verified Data Report,,CSO - UnTreated,1h 5m,1269370,0.43,COFFIN AVE,ACUSHNET RIVER,23005946,2023-09-14 20:49:06
NEW027,2023-08-13,09:30,Verified Data Report,,CSO - UnTreated,0h 10m,6630,0.43,MILL RD AT ACUSHNET RIVER,ACUSHNET RIVER,23005947,2023-09-14 20:51:35
NEW031,2023-08-13,07:20,Verified Data Report,,CSO - UnTreated,0h 30m,7490,0.49,CONWAY ST AT BUZZARDS BAY,INNER NEW BEDFORD HARBOR,23005948,2023-09-14 20:59:16
NEW023,2023-08-13,20:05,Verified Data Report,,CSO - UnTreated,0h 15m,30100,0.43,COFFIN AVE,ACUSHNET RIVER,23005949,2023-09-14 21:03:26
NEW035,2023-08-13,06:40,Verified Data Report,,CSO - UnTreated,0h 35m,133560,0.43,MAXFIELD ST AT BUZZARDS BAY,INNER NEW BEDFORD HARBOR,23005950,2023-09-14 21:08:13
NEW035,2023-08-13,19:55,Verified Data Report,,CSO - UnTreated,0h 20m,31360,0.43,MAXFIELD ST AT BUZZARDS BAY,INNER NEW BEDFORD HARBOR,23005951,2023-09-14 21:12:14
NEW003,2023-08-15,05:30,Public Notification Report,Initial-Ceased,CSO - UnTreated,,,,COVE RD & PADNARAM AVE,CLARK COVE,23005431,2023-08-15 16:01:43
NEW023,2023-08-15,05:40,Public Notification Report,Initial-Ceased,CSO - UnTreated,,,,COFFIN AVE,ACUSHNET RIVER,23005433,2023-08-15 16:02:27
NEW018,2023-08-15,07:55,Public Notification Report,Initial-Ceased,CSO - UnTreated,,,,COVE ST AND E. RODNEY FRENCH BLVD,OUTER NEW BEDFORD HARBOR,23005439,2023-08-15 16:11:45
NEW003,2023-08-15,05:30,Verified Data Report,,CSO - UnTreated,6h 20m,153900,0.44,COVE RD & PADNARAM AVE,CLARK COVE,23005952,2023-09-14 21:16:57
NEW018,2023-08-15,07:55,Verified Data Report,,CSO - UnTreated,0h 10m,7620,0.44,COVE ST AND E. RODNEY FRENCH BLVD,OUTER NEW BEDFORD HARBOR,23005953,2023-09-14 21:22:14
NEW023,2023-08-15,05:40,Verified Data Report,,CSO - UnTreated,2h 45m,551390,0.38,COFFIN AVE,ACUSHNET RIVER,23005954,2023-09-15 07:10:37
NEW003,2023-08-18,11:00,Public Notification Report,Initial-Ceased,CSO - UnTreated,,,,COVE RD & PADNARAM AVE,CLARK COVE,23005529,2023-08-18 14:57:02
NEW023,2023-08-18,11:00,Public Notification Report,Initial-Ceased,CSO - UnTreated,,,,COFFIN AVE,ACUSHNET RIVER,23005530,2023-08-18 14:57:39
NEW031,2023-08-18,11:20,Public Notification Report,Initial-Ceased,CSO - UnTreated,,,,CONWAY ST AT BUZZARDS BAY,INNER NEW BEDFORD HARBOR,23005531,2023-08-18 14:58:22
NEW017,2023-08-18,11:05,Public Notification Report,Initial-Ceased,CSO - UnTreated,,,,DAVID ST & RFB,OUTER NEW BEDFORD HARBOR,23005532,2023-08-18 14:58:57
NEW018,2023-08-18,11:05,Public Notification Report,Initial-Ceased,CSO - UnTreated,,,,COVE ST AND E. RODNEY FRENCH BLVD,OUTER NEW BEDFORD HARBOR,23005533,2023-08-18 14:59:38
NEW027,2023-08-18,11:05,Public Notification Report,Initial-Ceased,CSO - UnTreated,,,,MILL RD AT ACUSHNET RIVER,ACUSHNET RIVER,23005534,2023-08-18 15:00:14
NEW035,2023-08-18,10:55,Public Notification Report,Initial-Ceased,CSO - UnTreated,,,,MAXFIELD ST AT BUZZARDS BAY,INNER NEW BEDFORD HARBOR,23005535,2023-08-18 15:00:50
NEW005,2023-08-18,11:05,Public Notification Report,Initial-Ceased,CSO - UnTreated,,,,DUDLEY & RFB,CLARK COVE,23005536,2023-08-18 15:01:22
NEW007,2023-08-18,11:10,Public Notification Report,Initial-Ceased,CSO - UnTreated,,,,CAPITAL AND ROD. FRENCH BLVD,CLARK COVE,23005537,2023-08-18 15:02:08
NEW016,2023-08-18,11:10,Public Notification Report,Initial-Ceased,CSO - UnTreated,,,,FREDERICK ST & RFB,OUTER NEW BEDFORD HARBOR,23005539,2023-08-18 15:02:39
NEW003,2023-08-18,11:00,Verified Data Report,,CSO - UnTreated,2h 50m,157220,0.65,COVE RD & PADNARAM AVE,CLARK COVE,23005955,2023-09-15 07:35:53
NEW005,2023-08-18,11:05,Verified Data Report,,CSO - UnTreated,0h 20m,81500,0.65,DUDLEY & RFB,CLARK COVE,23005982,2023-09-15 08:46:54
NEW007,2023-08-18,11:10,Verified Data Report,,CSO - UnTreated,0h 10m,40180,0.65,CAPITAL AND ROD. FRENCH BLVD,CLARK COVE,23005991,2023-09-15 08:53:03
NEW016,2023-08-18,11:10,Verified Data Report,,CSO - UnTreated,0h 10m,43660,0.65,FREDERICK ST & RFB,OUTER NEW BEDFORD HARBOR,23006000,2023-09-15 08:58:11
NEW017,2023-08-18,11:05,Verified Data Report,,CSO - UnTreated,1h 40m,1270150,0.65,DAVID ST & RFB,OUTER NEW BEDFORD HARBOR,23006004,2023-09-15 09:00:56
NEW018,2023-08-18,11:05,Verified Data Report,,CSO - UnTreated,4h 20m,231510,0.65,COVE ST AND E. RODNEY FRENCH BLVD,OUTER NEW BEDFORD HARBOR,23006014,2023-09-15 09:06:12
NEW023,2023-08-18,11:00,Verified Data Report,,CSO - UnTreated,2h 0m,4614700,0.50,COFFIN AVE,ACUSHNET RIVER,23006016,2023-09-15 09:07:59
NEW027,2023-08-18,11:05,Verified Data Report,,CSO - UnTreated,1h 5m,227310,0.50,MILL RD AT ACUSHNET RIVER,ACUSHNET RIVER,23006022,2023-09-15 09:16:25
NEW031,2023-08-18,11:20,Verified Data Report,,CSO - UnTreated,2h 40m,280390,0.65,CONWAY ST AT BUZZARDS BAY,INNER NEW BEDFORD HARBOR,23006024,2023-09-15 09:19:15
NEW035,2023-08-18,10:45,Verified Data Report,,CSO - UnTreated,7h 55m,621420,0.50,MAXFIELD ST AT BUZZARDS BAY,INNER NEW BEDFORD HARBOR,23006031,2023-09-15 09:28:38
NEW003,2023-08-22,00:20,Public Notification Report,Initial-Ongoing,CSO - UnTreated,,,,COVE RD & PADNARAM AVE,CLARK COVE,23005607,2023-08-22 07:43:09
NEW031,2023-08-22,01:00,Public Notification Report,Initial-Ceased,CSO - UnTreated,,,,CONWAY ST AT BUZZARDS BAY,INNER NEW BEDFORD HARBOR,23005608,2023-08-22 07:44:04
NEW023,2023-08-22,00:25,Public Notification Report,Initial-Ceased,CSO - UnTreated,,,,COFFIN AVE,ACUSHNET RIVER,23005609,2023-08-22 07:44:46
NEW035,2023-08-22,00:15,Public Notification Report,Initial-Ceased,CSO - UnTreated,,,,MAXFIELD ST AT BUZZARDS BAY,INNER NEW BEDFORD HARBOR,23005610,2023-08-22 07:45:28
NEW018,2023-08-22,00:25,Public Notification Report,Initial-Ceased,CSO - UnTreated,,,,COVE ST AND E. RODNEY FRENCH BLVD,OUTER NEW BEDFORD HARBOR,23005611,2023-08-22 07:46:05
NEW003,2023-08-22,00:20,Verified Data Report,,CSO - UnTreated,8h 5m,256990,0.22,COVE RD & PADNARAM AVE,CLARK COVE,23006037,2023-09-15 09:34:26
NEW018,2023-08-22,00:25,Verified Data Report,,CSO - UnTreated,0h 20m,64600,0.22,COVE ST AND E. RODNEY FRENCH BLVD,OUTER NEW BEDFORD HARBOR,23006042,2023-09-15 09:38:17
NEW023,2023-08-22,00:25,Verified Data Report,,CSO - UnTreated,1h 5m,857760,0.40,COFFIN AVE,ACUSHNET RIVER,23006045,2023-09-15 09:43:35
NEW031,2023-08-22,01:00,Verified Data Report,,CSO - UnTreated,1h 40m,20600,0.22,CONWAY ST AT BUZZARDS BAY,INNER NEW BEDFORD HARBOR,23006046,2023-09-15 09:45:29
NEW035,2023-08-22,00:15,Verified Data Report,,CSO - UnTreated,0h 50m,159530,0.40,MAXFIELD ST AT BUZZARDS BAY,INNER NEW BEDFORD HARBOR,23006047,2023-09-15 09:46:34
NEW031,2023-08-25,07:40,Public Notification Report,Initial-Ceased,CSO - UnTreated,,,,CONWAY ST AT BUZZARDS BAY,INNER NEW BEDFORD HARBOR,23005627,2023-08-25 12:26:38
NEW023,2023-08-25,07:15,Public Notification Report,Initial-Ceased,CSO - UnTreated,,,,COFFIN AVE,ACUSHNET RIVER,23005628,2023-08-25 12:27:22
NEW027,2023-08-25,07:15,Public Notification Report,Initial-Ceased,CSO - UnTreated,,,,MILL RD AT ACUSHNET RIVER,ACUSHNET RIVER,23005629,2023-08-25 12:28:14
NEW003,2023-08-25,02:15,Public Notification Report,Initial-Ceased,CSO - UnTreated,,,,COVE RD & PADNARAM AVE,CLARK COVE,23005630,2023-08-25 12:29:01
NEW035,2023-08-25,03:20,Public Notification Report,Initial-Ceased,CSO - UnTreated,,,,MAXFIELD ST AT BUZZARDS BAY,INNER NEW BEDFORD HARBOR,23005631,2023-08-25 12:30:02
NEW003,2023-08-25,02:15,Verified Data Report,,CSO - UnTreated,6h 20m,236330,0.66,COVE RD & PADNARAM AVE,CLARK COVE,23006048,2023-09-15 09:49:19
NEW023,2023-08-25,14:50,Verified Data Report,,CSO - UnTreated,1h 10m,260560,1.07,COFFIN AVE,ACUSHNET RIVER,23006049,2023-09-15 09:55:12
NEW027,2023-08-25,14:30,Verified Data Report,,CSO - UnTreated,2h 35m,51380,1.07,MILL RD AT ACUSHNET RIVER,ACUSHNET RIVER,23006050,2023-09-15 09:56:53
NEW031,2023-08-25,07:40,Verified Data Report,,CSO - UnTreated,2h 55m,81310,0.66,CONWAY ST AT BUZZARDS BAY,INNER NEW BEDFORD HARBOR,23006051,2023-09-15 09:58:06
NEW035,2023-08-25,14:10,Verified Data Report,,CSO - UnTreated,13h 35m,97740,1.07,MAXFIELD ST AT BUZZARDS BAY,INNER NEW BEDFORD HARBOR,23006052,2023-09-15 10:39:01
NEW031,2023-08-29,07:40,Public Notification Report,Initial-Ceased,CSO - UnTreated,,,,CONWAY ST AT BUZZARDS BAY,INNER NEW BEDFORD HARBOR,23005685,2023-08-30 08:16:43
NEW031,2023-08-29,23:05,Public Notification Report,Ceased,CSO - UnTreated,,,,CONWAY ST AT BUZZARDS BAY,INNER NEW BEDFORD HARBOR,23005685-1,2023-08-30 08:18:21
NEW023,2023-08-29,22:35,Public Notification Report,Initial-Ceased,CSO - UnTreated,,,,COFFIN AVE,ACUSHNET RIVER,23005687,2023-08-30 08:18:58
NEW003,2023-08-29,22:30,Public Notification Report,Initial-Ceased,CSO - UnTreated,,,,COVE RD & PADNARAM AVE,CLARK COVE,23005689,2023-08-30 08:20:03
NEW017,2023-08-29,22:40,Public Notification Report,Initial-Ceased,CSO - UnTreated,,,,DAVID ST & RFB,OUTER NEW BEDFORD HARBOR,23005691,2023-08-30 08:21:23
NEW018,2023-08-29,22:30,Public Notification Report,Initial-Ceased,CSO - UnTreated,,,,COVE ST AND E. RODNEY FRENCH BLVD,OUTER NEW BEDFORD HARBOR,23005693,2023-08-30 08:22:11
NEW026,2023-08-29,22:55,Public Notification Report,Initial-Ceased,CSO - UnTreated,,,,TRURO ST AT ACUSHNET R,ACUSHNET RIVER,23005694,2023-08-30 08:22:45
NEW036,2023-08-29,22:20,Public Notification Report,Initial-Ceased,CSO - UnTreated,,,,HERVEY TICHON AVE AT BUSSARDS BAY,INNER NEW BEDFORD HARBOR,23005695,2023-08-30 08:24:59
NEW003,2023-08-29,22:30,Verified Data Report,,CSO - UnTreated,1h 0m,166720,0.42,COVE RD & PADNARAM AVE,CLARK COVE,23006053,2023-09-15 10:41:06
NEW017,2023-08-29,22:40,Verified Data Report,,CSO - UnTreated,0h 45m,108780,0.42,DAVID ST & RFB,OUTER NEW BEDFORD HARBOR,23006054,2023-09-15 10:43:17
NEW018,2023-08-29,22:30,Verified Data Report,,CSO - UnTreated,0h 55m,112370,0.42,COVE ST AND E. RODNEY FRENCH BLVD,OUTER NEW BEDFORD HARBOR,23006055,2023-09-15 10:46:06
NEW023,2023-08-29,22:35,Verified Data Report,,CSO - UnTreated,1h 0m,52540,0.28,COFFIN AVE,ACUSHNET RIVER,23006056,2023-09-15 10:47:04
NEW027,2023-08-29,22:55,Verified Data Report,,CSO - UnTreated,0h 25m,8470,0.28,MILL RD AT ACUSHNET RIVER,ACUSHNET RIVER,23006057,2023-09-15 10:48:34
NEW036,2023-08-29,22:20,Verified Data Report,,CSO - UnTreated,0h 45m,43030,0.28,HERVEY TICHON AVE AT BUSSARDS BAY,INNER NEW BEDFORD HARBOR,23006059,2023-09-15 10:50:22
NEW031,2023-08-31,23:05,Verified Data Report,,CSO - UnTreated,0h 45m,6730,0.42,CONWAY ST AT BUZZARDS BAY,INNER NEW BEDFORD HARBOR,23006058,2023-09-15 10:49:39
NEW005,2023-09-05,16:50,Public Notification Report,Initial-Ceased,CSO - UnTreated,,,,DUDLEY & RFB,CLARK COVE,23006152,2023-09-18 20:34:53
NEW018,2023-09-08,10:50,Verified Data Report,,CSO - UnTreated,5h 30m,212930,1.55,COVE ST AND E. RODNEY FRENCH BLVD,OUTER NEW BEDFORD HARBOR,23005902,2023-09-14 10:52:03
NEW010,2023-09-10,17:20,Verified Data Report,,CSO - UnTreated,0h 35m,39650,1.43,BELLEVUE ST & RFB,CLARK COVE,23006555,2023-10-15 11:37:05
NEW003,2023-09-11,21:30,Public Notification Report,Initial-Ceased,CSO - UnTreated,,,,COVE RD & PADNARAM AVE,CLARK COVE,23005834,2023-09-12 13:23:58
NEW036,2023-09-11,21:30,Public Notification Report,Initial-Ceased,CSO - UnTreated,,,,HERVEY TICHON AVE AT BUSSARDS BAY,INNER NEW BEDFORD HARBOR,23005835,2023-09-12 13:25:08
NEW018,2023-09-11,21:30,Public Notification Report,Initial-Ceased,CSO - UnTreated,,,,COVE ST AND E. RODNEY FRENCH BLVD,OUTER NEW BEDFORD HARBOR,23005836,2023-09-12 13:27:58
NEW023,2023-09-11,21:40,Public Notification Report,Initial-Ceased,CSO - UnTreated,,,,COFFIN AVE,ACUSHNET RIVER,23005837,2023-09-12 13:31:25
NEW027,2023-09-11,21:45,Public Notification Report,Initial-Ceased,CSO - UnTreated,,,,MILL RD AT ACUSHNET RIVER,ACUSHNET RIVER,23005838,2023-09-12 13:33:13
NEW031,2023-09-11,22:15,Public Notification Report,Initial-Ceased,CSO - UnTreated,,,,CONWAY ST AT BUZZARDS BAY,INNER NEW BEDFORD HARBOR,23005839,2023-09-12 13:35:29
NEW017,2023-09-11,10:50,Public Notification Report,Initial-Ceased,CSO - UnTreated,,,,DAVID ST & RFB,OUTER NEW BEDFORD HARBOR,23005840,2023-09-12 13:36:44
NEW005,2023-09-11,22:50,Public Notification Report,Initial-Ceased,CSO - UnTreated,,,,DUDLEY & RFB,CLARK COVE,23005841,2023-09-12 13:39:03
NEW006,2023-09-11,23:15,Public Notification Report,Initial-Ceased,CSO - UnTreated,,,,LUCAS STREET & RFB,CLARK COVE,23005842,2023-09-12 13:40:08
NEW016,2023-09-11,23:20,Public Notification Report,Initial-Ceased,CSO - UnTreated,,,,FREDERICK ST & RFB,OUTER NEW BEDFORD HARBOR,23005843,2023-09-12 13:50:55
NEW003,2023-09-11,21:30,Verified Data Report,,CSO - UnTreated,3h 40m,230970,1.20,COVE RD & PADNARAM AVE,CLARK COVE,23006483,2023-10-13 09:33:16
NEW005,2023-09-11,22:50,Verified Data Report,,CSO - UnTreated,0h 40m,46160,1.20,DUDLEY & RFB,CLARK COVE,23006493,2023-10-13 10:28:50
NEW006,2023-09-11,23:15,Verified Data Report,,CSO - UnTreated,0h 40m,25160,1.20,LUCAS STREET & RFB,CLARK COVE,23006494,2023-10-13 10:30:36
NEW016,2023-09-11,23:20,Verified Data Report,,CSO - UnTreated,0h 15m,9390,1.20,FREDERICK ST & RFB,OUTER NEW BEDFORD HARBOR,23006495,2023-10-13 10:32:56
NEW017,2023-09-11,22:50,Verified Data Report,,CSO - UnTreated,1h 35m,479480,1.20,DAVID ST & RFB,OUTER NEW BEDFORD HARBOR,23006496,2023-10-13 10:41:52
NEW018,2023-09-11,21:30,Verified Data Report,,CSO - UnTreated,4h 40m,208360,1.20,COVE ST AND E. RODNEY FRENCH BLVD,OUTER NEW BEDFORD HARBOR,23006497,2023-10-13 10:51:45
NEW023,2023-09-11,21:40,Verified Data Report,,CSO - UnTreated,3h 15m,1598950,0.87,COFFIN AVE,ACUSHNET RIVER,23006501,2023-10-13 13:34:19
NEW027,2023-09-11,21:45,Verified Data Report,,CSO - UnTreated,2h 35m,249070,0.87,MILL RD AT ACUSHNET RIVER,ACUSHNET RIVER,23006502,2023-10-13 13:38:20
NEW031,2023-09-11,22:15,Verified Data Report,,CSO - UnTreated,3h 45m,358400,1.20,CONWAY ST AT BUZZARDS BAY,INNER NEW BEDFORD HARBOR,23006503,2023-10-13 14:01:25
NEW003,2023-09-12,04:55,Public Notification Report,Initial-Ceased,CSO - UnTreated,,,,COVE RD & PADNARAM AVE,CLARK COVE,23005844,2023-09-12 13:51:47
NEW003,2023-09-12,04:55,Verified Data Report,,CSO - UnTreated,1h 15m,49510,1.20,COVE RD & PADNARAM AVE,CLARK COVE,23006504,2023-10-13 14:50:30
NEW036,2023-09-13,14:35,Public Notification Report,Initial-Ceased,CSO - UnTreated,,,,HERVEY TICHON AVE AT BUSSARDS BAY,INNER NEW BEDFORD HARBOR,23005884,2023-09-14 06:56:18
NEW003,2023-09-13,14:50,Public Notification Report,Initial-Ceased,CSO - UnTreated,,,,COVE RD & PADNARAM AVE,CLARK COVE,23005885,2023-09-14 06:57:12
NEW027,2023-09-13,14:50,Public Notification Report,Initial-Ceased,CSO - UnTreated,,,,MILL RD AT ACUSHNET RIVER,ACUSHNET RIVER,23005886,2023-09-14 06:58:33
NEW023,2023-09-13,14:45,Public Notification Report,Initial-Ceased,CSO - UnTreated,,,,COFFIN AVE,ACUSHNET RIVER,23005887,2023-09-14 06:59:30
NEW031,2023-09-13,15:40,Public Notification Report,Initial-Ceased,CSO - UnTreated,,,,CONWAY ST AT BUZZARDS BAY,INNER NEW BEDFORD HARBOR,23005888,2023-09-14 07:00:42
NEW003,2023-09-13,14:50,Verified Data Report,,CSO - UnTreated,0h 30m,94060,0.18,COVE RD & PADNARAM AVE,CLARK COVE,23006505,2023-10-13 15:17:17
NEW023,2023-09-13,14:45,Verified Data Report,,CSO - UnTreated,1h 0m,180240,0.44,COFFIN AVE,ACUSHNET RIVER,23006506,2023-10-13 15:19:02
NEW027,2023-09-13,14:50,Verified Data Report,,CSO - UnTreated,0h 55m,79500,0.44,MILL RD AT ACUSHNET RIVER,ACUSHNET RIVER,23006507,2023-10-13 15:36:53
NEW031,2023-09-13,15:40,Verified Data Report,,CSO - UnTreated,1h 30m,2910,0.18,CONWAY ST AT BUZZARDS BAY,INNER NEW BEDFORD HARBOR,23006546,2023-10-15 10:44:52
NEW036,2023-09-13,09:10,Verified Data Report,,CSO - UnTreated,8h 0m,155930,0.44,HERVEY TICHON AVE AT BUSSARDS BAY,INNER NEW BEDFORD HARBOR,23006547,2023-10-15 10:48:44
NEW003,2023-09-16,02:25,Public Notification Report,Initial-Ceased,CSO - UnTreated,,,,COVE RD & PADNARAM AVE,CLARK COVE,23006114,2023-09-16 14:20:47
NEW036,2023-09-16,02:15,Public Notification Report,Initial-Ceased,CSO - UnTreated,,,,HERVEY TICHON AVE AT BUSSARDS BAY,INNER NEW BEDFORD HARBOR,23006115,2023-09-16 14:22:28
NEW023,2023-09-16,02:45,Public Notification Report,Initial-Ceased,CSO - UnTreated,,,,COFFIN AVE,ACUSHNET RIVER,23006116,2023-09-16 14:23:53
NEW003,2023-09-16,02:25,Verified Data Report,,CSO - UnTreated,3h 0m,283340,0.39,COVE RD & PADNARAM AVE,CLARK COVE,23006548,2023-10-15 10:52:16
NEW023,2023-09-16,02:45,Verified Data Report,,CSO - UnTreated,0h 15m,2620,0.32,COFFIN AVE,ACUSHNET RIVER,23006549,2023-10-15 10:58:58
NEW036,2023-09-16,20:10,Verified Data Report,,CSO - UnTreated,18h 35m,39,62060.00,HERVEY TICHON AVE AT BUSSARDS BAY,INNER NEW BEDFORD HARBOR,23006550,2023-10-15 11:01:23
NEW004,2023-09-18,17:28,Public Notification Report,Initial-Ceased,CSO - UnTreated,,,,HURRICAN BARRIER CLARK'S COVE PUMP STATION,CLARK COVE,23006144,2023-09-18 20:18:38
NEW031,2023-09-18,15:55,Public Notification Report,Initial-Ceased,CSO - UnTreated,,,,CONWAY ST AT BUZZARDS BAY,INNER NEW BEDFORD HARBOR,23006145,2023-09-18 20:23:17
NEW036,2023-09-18,07:45,Public Notification Report,Initial-Ceased,CSO - UnTreated,,,,HERVEY TICHON AVE AT BUSSARDS BAY,INNER NEW BEDFORD HARBOR,23006146,2023-09-18 20:25:01
NEW006,2023-09-18,17:05,Public Notification Report,Initial-Ceased,CSO - UnTreated,,,,LUCAS STREET & RFB,CLARK COVE,23006147,2023-09-18 20:27:12
NEW023,2023-09-18,11:05,Public Notification Report,Initial-Ceased,CSO - UnTreated,,,,COFFIN AVE,ACUSHNET RIVER,23006148,2023-09-18 20:29:13
NEW003,2023-09-18,08:05,Public Notification Report,Initial-Ceased,CSO - UnTreated,,,,COVE RD & PADNARAM AVE,CLARK COVE,23006149,2023-09-18 20:31:01
NEW027,2023-09-18,16:35,Public Notification Report,Initial-Ceased,CSO - UnTreated,,,,MILL RD AT ACUSHNET RIVER,ACUSHNET RIVER,23006150,2023-09-18 20:32:12
NEW017,2023-09-18,16:40,Public Notification Report,Initial-Ceased,CSO - UnTreated,,,,DAVID ST & RFB,OUTER NEW BEDFORD HARBOR,23006151,2023-09-18 20:33:11
NEW008,2023-09-18,17:20,Public Notification Report,Initial-Ceased,CSO - UnTreated,,,,CALUMET ST & RFB,CLARK COVE,23006153,2023-09-18 20:36:37
NEW010,2023-09-18,17:20,Public Notification Report,Initial-Ceased,CSO - UnTreated,,,,BELLEVUE ST & RFB,CLARK COVE,23006154,2023-09-18 20:37:50
NEW003,2023-09-18,08:05,Verified Data Report,,CSO - UnTreated,11h 0m,1699970,1.43,COVE RD & PADNARAM AVE,CLARK COVE,23006551,2023-10-15 11:18:55
NEW004,2023-09-18,17:30,Verified Data Report,,CSO - UnTreated,1h 30m,4950000,1.39,HURRICAN BARRIER CLARK'S COVE PUMP STATION,CLARK COVE,23006552,2023-10-15 11:24:25
NEW006,2023-09-18,17:05,Verified Data Report,,CSO - UnTreated,2h 10m,155420,1.43,LUCAS STREET & RFB,CLARK COVE,23006553,2023-10-15 11:31:18
NEW008,2023-09-18,17:20,Verified Data Report,,CSO - UnTreated,0h 50m,224220,1.43,CALUMET ST & RFB,CLARK COVE,23006554,2023-10-15 11:35:35
NEW017,2023-09-18,16:40,Verified Data Report,,CSO - UnTreated,2h 5m,360460,1.43,DAVID ST & RFB,OUTER NEW BEDFORD HARBOR,23006556,2023-10-15 11:41:23
NEW023,2023-09-18,11:05,Verified Data Report,,CSO - UnTreated,9h 45m,3032330,1.65,COFFIN AVE,ACUSHNET RIVER,23006557,2023-10-15 11:43:35
NEW027,2023-09-18,12:45,Verified Data Report,,CSO - UnTreated,6h 30m,597400,1.65,MILL RD AT ACUSHNET RIVER,ACUSHNET RIVER,23006560,2023-10-15 11:49:35
NEW031,2023-09-18,13:10,Verified Data Report,,CSO - UnTreated,5h 50m,8013060,1.43,CONWAY ST AT BUZZARDS BAY,INNER NEW BEDFORD HARBOR,23006561,2023-10-15 11:51:34
NEW036,2023-09-18,19:45,Verified Data Report,,CSO - UnTreated,38h 40m,3038090,1.65,HERVEY TICHON AVE AT BUSSARDS BAY,INNER NEW BEDFORD HARBOR,23006568,2023-10-15 12:02:26
NEW003,2023-09-23,14:00,Public Notification Report,Initial-Ceased,CSO - UnTreated,,,,COVE RD & PADNARAM AVE,CLARK COVE,23006241,2023-09-23 21:05:39
NEW036,2023-09-23,13:45,Public Notification Report,Initial-Ceased,CSO - UnTreated,,,,HERVEY TICHON AVE AT BUSSARDS BAY,INNER NEW BEDFORD HARBOR,23006242,2023-09-23 21:06:26
NEW023,2023-09-23,14:05,Public Notification Report,Initial-Ceased,CSO - UnTreated,,,,COFFIN AVE,ACUSHNET RIVER,23006243,2023-09-23 21:07:13
NEW031,2023-09-23,15:55,Public Notification Report,Initial-Ceased,CSO - UnTreated,,,,CONWAY ST AT BUZZARDS BAY,INNER NEW BEDFORD HARBOR,23006244,2023-09-23 21:08:09
NEW023,2023-09-23,14:05,Verified Data Report,,CSO - UnTreated,5h 50m,1202110,1.50,COFFIN AVE,ACUSHNET RIVER,23006572,2023-10-15 12:08:59
NEW003,2023-09-23,14:00,Verified Data Report,,CSO - UnTreated,8h 55m,1037030,1.33,COVE RD & PADNARAM AVE,CLARK COVE,23006573,2023-10-15 12:10:37
NEW031,2023-09-23,15:45,Verified Data Report,,CSO - UnTreated,6h 40m,76170,1.33,CONWAY ST AT BUZZARDS BAY,INNER NEW BEDFORD HARBOR,23006575,2023-10-15 12:15:00
NEW036,2023-09-23,12:45,Verified Data Report,,CSO - UnTreated,9h 35m,348980,1.50,HERVEY TICHON AVE AT BUSSARDS BAY,INNER NEW BEDFORD HARBOR,23006577,2023-10-15 12:17:55
NEW023,2023-09-24,11:35,Public Notification Report,Initial-Ceased,CSO - UnTreated,,,,COFFIN AVE,ACUSHNET RIVER,23006252,2023-09-24 19:12:42
NEW036,2023-09-24,17:40,Public Notification Report,Initial-Ceased,CSO - UnTreated,,,,HERVEY TICHON AVE AT BUSSARDS BAY,INNER NEW BEDFORD HARBOR,23006253,2023-09-24 19:13:45
NEW003,2023-09-24,17:20,Public Notification Report,Initial-Ceased,CSO - UnTreated,,,,COVE RD & PADNARAM AVE,CLARK COVE,23006254,2023-09-24 19:14:40
NEW003,2023-09-24,11:50,Public Notification Report,Initial-Ceased,CSO - UnTreated,,,,COVE RD & PADNARAM AVE,CLARK COVE,23006255,2023-09-24 19:15:28
NEW030,2023-09-24,12:50,Public Notification Report,Initial-Ceased,CSO - UnTreated,,,,SOUTH ST AT BUZZARDS BAY,INNER NEW BEDFORD HARBOR,23006256,2023-09-24 19:16:19
NEW031,2023-09-24,12:35,Public Notification Report,Initial-Ceased,CSO - UnTreated,,,,CONWAY ST AT BUZZARDS BAY,INNER NEW BEDFORD HARBOR,23006257,2023-09-24 19:17:45
NEW026,2023-09-24,12:10,Public Notification Report,Initial-Ceased,CSO - UnTreated,,,,TRURO ST AT ACUSHNET R,ACUSHNET RIVER,23006258,2023-09-24 19:18:57
NEW027,2023-09-24,11:25,Public Notification Report,Initial-Ceased,CSO - UnTreated,,,,MILL RD AT ACUSHNET RIVER,ACUSHNET RIVER,23006259,2023-09-24 19:20:02
NEW036,2023-09-24,06:25,Public Notification Report,Initial-Ceased,CSO - UnTreated,,,,HERVEY TICHON AVE AT BUSSARDS BAY,INNER NEW BEDFORD HARBOR,23006260,2023-09-24 19:21:05
NEW036,2023-09-24,01:40,Public Notification Report,Initial-Ceased,CSO - UnTreated,,,,HERVEY TICHON AVE AT BUSSARDS BAY,INNER NEW BEDFORD HARBOR,23006261,2023-09-24 19:22:17
NEW003,2023-09-24,11:50,Verified Data Report,,CSO - UnTreated,7h 0m,505770,1.33,COVE RD & PADNARAM AVE,CLARK COVE,23006579,2023-10-15 12:20:01
NEW023,2023-09-24,11:35,Verified Data Report,,CSO - UnTreated,7h 25m,319000,1.50,COFFIN AVE,ACUSHNET RIVER,23006580,2023-10-15 12:21:47
NEW026,2023-09-24,12:10,Verified Data Report,,CSO - UnTreated,10h 10m,125120,1.50,TRURO ST AT ACUSHNET R,ACUSHNET RIVER,23006582,2023-10-15 12:25:41
NEW027,2023-09-24,11:25,Verified Data Report,,CSO - UnTreated,8h 25m,208850,1.50,MILL RD AT ACUSHNET RIVER,ACUSHNET RIVER,23006583,2023-10-15 12:28:38
NEW030,2023-09-24,12:50,Verified Data Report,,CSO - UnTreated,2h 50m,16920,1.50,SOUTH ST AT BUZZARDS BAY,INNER NEW BEDFORD HARBOR,23006585,2023-10-15 12:33:47
NEW031,2023-09-24,12:35,Verified Data Report,,CSO - UnTreated,8h 5m,40570,1.33,CONWAY ST AT BUZZARDS BAY,INNER NEW BEDFORD HARBOR,23006586,2023-10-15 12:35:26
NEW036,2023-09-24,06:25,Verified Data Report,,CSO - UnTreated,19h 5m,373250,1.50,HERVEY TICHON AVE AT BUSSARDS BAY,INNER NEW BEDFORD HARBOR,23006589,2023-10-15 12:40:32
NEW036,2023-09-24,01:40,Verified Data Report,,CSO - UnTreated,1h 40m,1070,1.50,HERVEY TICHON AVE AT BUSSARDS BAY,INNER NEW BEDFORD HARBOR,23006591,2023-10-15 12:42:09
NEW036,2023-09-25,06:45,Public Notification Report,Initial-Ceased,CSO - UnTreated,,,,HERVEY TICHON AVE AT BUSSARDS BAY,INNER NEW BEDFORD HARBOR,23006269,2023-09-25 08:44:41
NEW003,2023-09-25,05:45,Public Notification Report,Initial-Ceased,CSO - UnTreated,,,,COVE RD & PADNARAM AVE,CLARK COVE,23006270,2023-09-25 08:45:25
NEW023,2023-09-25,06:55,Public Notification Report,Initial-Ceased,CSO - UnTreated,,,,COFFIN AVE,ACUSHNET RIVER,23006271,2023-09-25 08:46:14
NEW003,2023-09-25,05:45,Verified Data Report,,CSO - UnTreated,2h 50m,167740,1.33,COVE RD & PADNARAM AVE,CLARK COVE,23006592,2023-10-15 12:46:32
NEW023,2023-09-25,06:55,Verified Data Report,,CSO - UnTreated,1h 5m,78650,1.50,COFFIN AVE,ACUSHNET RIVER,23006593,2023-10-15 12:47:40
NEW036,2023-09-25,05:05,Verified Data Report,,CSO - UnTreated,20h 0m,208790,1.50,HERVEY TICHON AVE AT BUSSARDS BAY,INNER NEW BEDFORD HARBOR,23006595,2023-10-15 12:48:51
NEW035,2023-09-29,09:10,Public Notification Report,Initial-Ceased,CSO - UnTreated,,,,MAXFIELD ST AT BUZZARDS BAY,INNER NEW BEDFORD HARBOR,23006321,2023-09-29 18:51:13
NEW023,2023-09-29,09:25,Public Notification Report,Initial-Ceased,CSO - UnTreated,,,,COFFIN AVE,ACUSHNET RIVER,23006322,2023-09-29 18:53:23
NEW003,2023-09-29,12:05,Public Notification Report,Initial-Ceased,CSO - UnTreated,,,,COVE RD & PADNARAM AVE,CLARK COVE,23006323,2023-09-29 18:55:05
NEW035,2023-09-29,12:05,Public Notification Report,Initial-Ceased,CSO - UnTreated,,,,MAXFIELD ST AT BUZZARDS BAY,INNER NEW BEDFORD HARBOR,23006324,2023-09-29 18:56:47
NEW035,2023-09-29,16:30,Public Notification Report,Initial-Ceased,CSO - UnTreated,,,,MAXFIELD ST AT BUZZARDS BAY,INNER NEW BEDFORD HARBOR,23006325,2023-09-29 18:58:26
NEW003,2023-09-29,16:30,Public Notification Report,Initial-Ceased,CSO - UnTreated,,,,COVE RD & PADNARAM AVE,CLARK COVE,23006326,2023-09-29 19:00:08
NEW023,2023-09-29,16:40,Public Notification Report,Initial-Ceased,CSO - UnTreated,,,,COFFIN AVE,ACUSHNET RIVER,23006327,2023-09-29 19:01:45
NEW023,2023-09-29,22:15,Public Notification Report,Initial-Ceased,CSO - UnTreated,,,,COFFIN AVE,ACUSHNET RIVER,23006334,2023-09-30 07:24:47
NEW035,2023-09-29,22:00,Public Notification Report,Initial-Ceased,CSO - UnTreated,,,,MAXFIELD ST AT BUZZARDS BAY,INNER NEW BEDFORD HARBOR,23006335,2023-09-30 07:26:36
NEW003,2023-09-29,16:30,Verified Data Report,,CSO - Treated,0h 50m,7870,1.03,COVE RD & PADNARAM AVE,CLARK COVE,23006596,2023-10-15 12:50:10
NEW003,2023-09-29,12:05,Verified Data Report,,CSO - UnTreated,0h 45m,45470,1.03,COVE RD & PADNARAM AVE,CLARK COVE,23006597,2023-10-15 12:51:00
NEW023,2023-09-29,09:25,Verified Data Report,,CSO - UnTreated,0h 55m,40140,1.21,COFFIN AVE,ACUSHNET RIVER,23006600,2023-10-15 12:55:13
NEW023,2023-09-29,22:15,Verified Data Report,,CSO - UnTreated,0h 15m,12050,1.21,COFFIN AVE,ACUSHNET RIVER,23006601,2023-10-15 12:56:27
NEW035,2023-09-29,16:30,Verified Data Report,,CSO - UnTreated,0h 50m,6390,1.21,MAXFIELD ST AT BUZZARDS BAY,INNER NEW BEDFORD HARBOR,23006603,2023-10-15 12:57:41
NEW035,2023-09-29,09:10,Verified Data Report,,CSO - UnTreated,0h 45m,750,1.21,MAXFIELD ST AT BUZZARDS BAY,INNER NEW BEDFORD HARBOR,23006605,2023-10-15 12:58:38
NEW035,2023-09-29,22:00,Verified Data Report,,CSO - UnTreated,0h 35m,31550,1.21,MAXFIELD ST AT BUZZARDS BAY,INNER NEW BEDFORD HARBOR,23006607,2023-10-15 13:00:44
NEW035,2023-09-29,12:05,Verified Data Report,,CSO - UnTreated,0h 50m,7240,1.21,MAXFIELD ST AT BUZZARDS BAY,INNER NEW BEDFORD HARBOR,23006608,2023-10-15 13:01:38
NEW027,2023-09-30,03:20,Public Notification Report,Initial-Ceased,CSO - UnTreated,,,,MILL RD AT ACUSHNET RIVER,ACUSHNET RIVER,23006336,2023-09-30 07:28:27
NEW018,2023-09-30,03:30,Public Notification Report,Initial-Ceased,CSO - UnTreated,,,,COVE ST AND E. RODNEY FRENCH BLVD,OUTER NEW BEDFORD HARBOR,23006337,2023-09-30 07:30:48
NEW023,2023-09-30,05:00,Public Notification Report,Initial-Ceased,CSO - UnTreated,,,,COFFIN AVE,ACUSHNET RIVER,23006338,2023-09-30 07:32:20
NEW031,2023-09-30,06:35,Public Notification Report,Initial-Ceased,CSO - UnTreated,,,,CONWAY ST AT BUZZARDS BAY,INNER NEW BEDFORD HARBOR,23006339,2023-09-30 07:34:01
NEW003,2023-09-30,02:25,Public Notification Report,Initial-Ceased,CSO - UnTreated,,,,COVE RD & PADNARAM AVE,CLARK COVE,23006340,2023-09-30 07:35:36
NEW035,2023-09-30,05:55,Public Notification Report,Initial-Ceased,CSO - UnTreated,,,,MAXFIELD ST AT BUZZARDS BAY,INNER NEW BEDFORD HARBOR,23006341,2023-09-30 07:37:24
NEW031,2023-09-30,06:35,Public Notification Report,Initial-Ceased,CSO - UnTreated,,,,CONWAY ST AT BUZZARDS BAY,INNER NEW BEDFORD HARBOR,23006362,2023-09-30 20:36:12
NEW023,2023-09-30,16:30,Public Notification Report,Initial-Ceased,CSO - UnTreated,,,,COFFIN AVE,ACUSHNET RIVER,23006363,2023-09-30 20:37:58
NEW035,2023-09-30,17:10,Public Notification Report,Initial-Ceased,CSO - UnTreated,,,,MAXFIELD ST AT BUZZARDS BAY,INNER NEW BEDFORD HARBOR,23006364,2023-09-30 20:40:09
NEW003,2023-09-30,16:45,Public Notification Report,Initial-Ceased,CSO - UnTreated,,,,COVE RD & PADNARAM AVE,CLARK COVE,23006365,2023-09-30 20:42:18
NEW023,2023-09-30,16:40,Verified Data Report,,CSO - UnTreated,0h 40m,12870,1.21,COFFIN AVE,ACUSHNET RIVER,23006599,2023-10-15 12:54:15
NEW003,2023-09-30,02:25,Verified Data Report,,CSO - UnTreated,4h 35m,337050,1.03,COVE RD & PADNARAM AVE,CLARK COVE,23006610,2023-10-15 13:03:02
NEW003,2023-09-30,16:45,Verified Data Report,,CSO - UnTreated,0h 35m,37070,1.03,COVE RD & PADNARAM AVE,CLARK COVE,23006613,2023-10-15 13:05:01
NEW018,2023-09-30,03:30,Verified Data Report,,CSO - UnTreated,2h 10m,32310,1.03,COVE ST AND E. RODNEY FRENCH BLVD,OUTER NEW BEDFORD HARBOR,23006614,2023-10-15 13:06:25
NEW023,2023-09-30,16:30,Verified Data Report,,CSO - UnTreated,0h 35m,17360,1.21,COFFIN AVE,ACUSHNET RIVER,23006616,2023-10-15 13:08:08
NEW023,2023-09-30,05:00,Verified Data Report,,CSO - UnTreated,1h 15m,188080,1.21,COFFIN AVE,ACUSHNET RIVER,23006618,2023-10-15 13:09:17
NEW027,2023-09-30,03:20,Verified Data Report,,CSO - UnTreated,1h 45m,4460,1.21,MILL RD AT ACUSHNET RIVER,ACUSHNET RIVER,23006620,2023-10-15 13:10:36
NEW031,2023-09-30,06:35,Verified Data Report,,CSO - UnTreated,0h 35m,75630,1.03,CONWAY ST AT BUZZARDS BAY,INNER NEW BEDFORD HARBOR,23006622,2023-10-15 13:12:15
NEW035,2023-09-30,17:10,Verified Data Report,,CSO - UnTreated,0h 5m,1190,1.21,MAXFIELD ST AT BUZZARDS BAY,INNER NEW BEDFORD HARBOR,23006623,2023-10-15 13:13:25
NEW035,2023-09-30,05:55,Verified Data Report,,CSO - UnTreated,1h 10m,62920,1.21,MAXFIELD ST AT BUZZARDS BAY,INNER NEW BEDFORD HARBOR,23006624,2023-10-15 13:14:29
NEW036,2023-10-07,14:15,Public Notification Report,Initial-Ceased,CSO - UnTreated,,,,HERVEY TICHON AVE AT BUSSARDS BAY,INNER NEW BEDFORD HARBOR,23006380,2023-10-07 22:12:44
NEW036,2023-10-07,14:15,Verified Data Report,,CSO - UnTreated,1h 20m,95120,0.11,HERVEY TICHON AVE AT BUSSARDS BAY,INNER NEW BEDFORD HARBOR,23006795,2023-11-08 09:41:24
NEW003,2023-10-10,11:55,Public Notification Report,Initial-Ceased,CSO - UnTreated,,,,COVE RD & PADNARAM AVE,CLARK COVE,23006409,2023-10-10 13:48:13
NEW023,2023-10-10,11:55,Public Notification Report,Initial-Ceased,CSO - UnTreated,,,,COFFIN AVE,ACUSHNET RIVER,23006410,2023-10-10 13:48:53
NEW036,2023-10-10,11:45,Public Notification Report,Initial-Ceased,CSO - UnTreated,,,,HERVEY TICHON AVE AT BUSSARDS BAY,INNER NEW BEDFORD HARBOR,23006411,2023-10-10 13:49:54
NEW003,2023-10-10,11:55,Verified Data Report,,CSO - UnTreated,0h 55m,97590,0.12,COVE RD & PADNARAM AVE,CLARK COVE,23006796,2023-11-08 09:42:34
NEW023,2023-10-10,11:55,Verified Data Report,,CSO - UnTreated,0h 25m,43720,0.16,COFFIN AVE,ACUSHNET RIVER,23006797,2023-11-08 10:01:15
NEW036,2023-10-10,11:45,Verified Data Report,,CSO - UnTreated,0h 35m,27550,0.16,HERVEY TICHON AVE AT BUSSARDS BAY,INNER NEW BEDFORD HARBOR,23006809,2023-11-14 09:44:56
NEW003,2023-10-15,13:55,Public Notification Report,Initial-Ceased,CSO - UnTreated,,,,COVE RD & PADNARAM AVE,CLARK COVE,23006650,2023-10-16 15:39:58
NEW003,2023-10-16,13:55,Verified Data Report,,CSO - UnTreated,0h 30m,49040,0.01,COVE RD & PADNARAM AVE,CLARK COVE,23006810,2023-11-14 09:46:56
NEW036,2023-10-20,17:45,Public Notification Report,Initial-Ceased,CSO - UnTreated,,,,HERVEY TICHON AVE AT BUSSARDS BAY,INNER NEW BEDFORD HARBOR,23006665,2023-10-21 06:49:32
NEW023,2023-10-20,17:45,Public Notification Report,Initial-Ceased,CSO - UnTreated,,,,COFFIN AVE,ACUSHNET RIVER,23006666,2023-10-21 06:51:37
NEW003,2023-10-20,17:30,Public Notification Report,Initial-Ceased,CSO - UnTreated,,,,COVE RD & PADNARAM AVE,CLARK COVE,23006667,2023-10-21 06:57:31
NEW035,2023-10-20,21:50,Public Notification Report,Initial-Ceased,CSO - UnTreated,,,,MAXFIELD ST AT BUZZARDS BAY,INNER NEW BEDFORD HARBOR,23006668,2023-10-21 06:59:56
NEW003,2023-10-20,17:30,Verified Data Report,,CSO - UnTreated,0h 35m,48940,1.47,COVE RD & PADNARAM AVE,CLARK COVE,23006811,2023-11-14 09:53:37
NEW023,2023-10-20,17:30,Verified Data Report,,CSO - UnTreated,0h 35m,85200,1.70,COFFIN AVE,ACUSHNET RIVER,23006812,2023-11-14 09:56:43
NEW035,2023-10-20,21:50,Verified Data Report,,CSO - UnTreated,0h 15m,5620,1.70,MAXFIELD ST AT BUZZARDS BAY,INNER NEW BEDFORD HARBOR,23006813,2023-11-14 10:01:18
NEW036,2023-10-20,17:25,Verified Data Report,,CSO - UnTreated,0h 30m,30550,1.70,HERVEY TICHON AVE AT BUSSARDS BAY,INNER NEW BEDFORD HARBOR,23006816,2023-11-15 08:25:32
NEW031,2023-10-21,10:55,Public Notification Report,Initial-Ceased,CSO - UnTreated,,,,CONWAY ST AT BUZZARDS BAY,INNER NEW BEDFORD HARBOR,23006688,2023-10-21 22:51:42
NEW035,2023-10-21,10:00,Public Notification Report,Initial-Ceased,CSO - UnTreated,,,,MAXFIELD ST AT BUZZARDS BAY,INNER NEW BEDFORD HARBOR,23006689,2023-10-21 22:53:18
NEW003,2023-10-21,10:05,Public Notification Report,Initial-Ceased,CSO - UnTreated,,,,COVE RD & PADNARAM AVE,CLARK COVE,23006690,2023-10-21 22:54:53
NEW017,2023-10-21,14:15,Public Notification Report,Initial-Ceased,CSO - UnTreated,,,,DAVID ST & RFB,OUTER NEW BEDFORD HARBOR,23006691,2023-10-21 22:56:20
NEW006,2023-10-21,13:45,Public Notification Report,Initial-Ceased,CSO - UnTreated,,,,LUCAS STREET & RFB,CLARK COVE,23006692,2023-10-21 22:58:13
NEW018,2023-10-21,11:15,Public Notification Report,Initial-Ceased,CSO - UnTreated,,,,COVE ST AND E. RODNEY FRENCH BLVD,OUTER NEW BEDFORD HARBOR,23006693,2023-10-21 22:59:39
NEW023,2023-10-21,10:20,Public Notification Report,Initial-Ceased,CSO - UnTreated,,,,COFFIN AVE,ACUSHNET RIVER,23006694,2023-10-21 23:01:08
NEW027,2023-10-21,14:15,Public Notification Report,Initial-Ceased,CSO - UnTreated,,,,MILL RD AT ACUSHNET RIVER,ACUSHNET RIVER,23006695,2023-10-21 23:02:51
NEW005,2023-10-21,13:45,Public Notification Report,Initial-Ceased,CSO - UnTreated,,,,DUDLEY & RFB,CLARK COVE,23006696,2023-10-21 23:04:28
NEW008,2023-10-21,14:25,Public Notification Report,Initial-Ceased,CSO - UnTreated,,,,CALUMET ST & RFB,CLARK COVE,23006697,2023-10-21 23:06:11
NEW016,2023-10-21,14:30,Public Notification Report,Initial-Ceased,CSO - UnTreated,,,,FREDERICK ST & RFB,OUTER NEW BEDFORD HARBOR,23006698,2023-10-21 23:07:45
NEW010,2023-10-21,14:40,Public Notification Report,Initial-Ceased,CSO - UnTreated,,,,BELLEVUE ST & RFB,CLARK COVE,23006699,2023-10-21 23:09:07
NEW007,2023-10-21,14:45,Public Notification Report,Initial-Ceased,CSO - UnTreated,,,,CAPITAL AND ROD. FRENCH BLVD,CLARK COVE,23006700,2023-10-21 23:10:27
NEW003,2023-10-21,10:05,Verified Data Report,,CSO - UnTreated,8h 10m,1797690,1.47,COVE RD & PADNARAM AVE,CLARK COVE,23006817,2023-11-15 08:27:52
NEW005,2023-10-21,13:45,Verified Data Report,,CSO - UnTreated,2h 30m,314230,1.47,DUDLEY & RFB,CLARK COVE,23006831,2023-11-15 08:37:14
NEW006,2023-10-21,13:45,Verified Data Report,,CSO - UnTreated,3h 30m,1068880,1.47,LUCAS STREET & RFB,CLARK COVE,23006840,2023-11-15 09:07:49
NEW007,2023-10-21,14:45,Verified Data Report,,CSO - UnTreated,0h 5m,27870,1.47,CAPITAL AND ROD. FRENCH BLVD,CLARK COVE,23006841,2023-11-15 09:25:47
NEW008,2023-10-21,14:35,Verified Data Report,,CSO - UnTreated,1h 25m,247900,1.47,CALUMET ST & RFB,CLARK COVE,23006842,2023-11-15 09:30:49
NEW010,2023-10-21,14:40,Verified Data Report,,CSO - UnTreated,0h 25m,44000,1.47,BELLEVUE ST & RFB,CLARK COVE,23006843,2023-11-15 09:38:05
NEW016,2023-10-21,14:30,Verified Data Report,,CSO - UnTreated,0h 55m,49080,1.47,FREDERICK ST & RFB,OUTER NEW BEDFORD HARBOR,23006844,2023-11-15 09:47:04
NEW017,2023-10-21,14:15,Verified Data Report,,CSO - UnTreated,3h 10m,8007840,1.47,DAVID ST & RFB,OUTER NEW BEDFORD HARBOR,23006845,2023-11-15 09:52:23
NEW018,2023-10-21,11:25,Verified Data Report,,CSO - UnTreated,5h 50m,970260,1.47,COVE ST AND E. RODNEY FRENCH BLVD,OUTER NEW BEDFORD HARBOR,23006859,2023-11-15 15:59:12
NEW023,2023-10-21,10:20,Verified Data Report,,CSO - UnTreated,6h 50m,7631910,1.70,COFFIN AVE,ACUSHNET RIVER,23006860,2023-11-15 16:13:18
NEW027,2023-10-21,14:15,Verified Data Report,,CSO - UnTreated,2h 15m,378880,1.70,MILL RD AT ACUSHNET RIVER,ACUSHNET RIVER,23006861,2023-11-15 16:24:03
NEW031,2023-10-21,10:55,Verified Data Report,,CSO - UnTreated,7h 35m,1535420,1.47,CONWAY ST AT BUZZARDS BAY,INNER NEW BEDFORD HARBOR,23006862,2023-11-15 16:28:47
NEW035,2023-10-21,10:00,Verified Data Report,,CSO - UnTreated,8h 25m,1059260,1.70,MAXFIELD ST AT BUZZARDS BAY,INNER NEW BEDFORD HARBOR,23006863,2023-11-15 16:30:41
NEW027,2023-10-23,00:45,Public Notification Report,Initial-Ceased,CSO - UnTreated,,,,MILL RD AT ACUSHNET RIVER,ACUSHNET RIVER,23006713,2023-10-23 08:16:57
NEW027,2023-10-23,00:45,Verified Data Report,,CSO - UnTreated,3h 45m,165830,0.00,MILL RD AT ACUSHNET RIVER,ACUSHNET RIVER,23006864,2023-11-15 16:31:54
NEW035,2023-10-29,11:55,Public Notification Report,Initial-Ceased,CSO - UnTreated,,,,MAXFIELD ST AT BUZZARDS BAY,INNER NEW BEDFORD HARBOR,23006746,2023-10-29 21:50:02
NEW023,2023-10-29,12:35,Public Notification Report,Initial-Ceased,CSO - UnTreated,,,,COFFIN AVE,ACUSHNET RIVER,23006747,2023-10-29 21:52:11
NEW003,2023-10-29,12:00,Public Notification Report,Initial-Ceased,CSO - UnTreated,,,,COVE RD & PADNARAM AVE,CLARK COVE,23006748,2023-10-29 21:54:43
NEW003,2023-10-29,12:00,Verified Data Report,,CSO - UnTreated,11h 5m,863450,1.12,COVE RD & PADNARAM AVE,CLARK COVE,23006865,2023-11-15 16:33:40
NEW023,2023-10-29,12:35,Verified Data Report,,CSO - UnTreated,10h 5m,56714,1.23,COFFIN AVE,ACUSHNET RIVER,23006866,2023-11-15 16:34:49
NEW035,2023-10-29,11:55,Verified Data Report,,CSO - UnTreated,10h 55m,315990,1.23,MAXFIELD ST AT BUZZARDS BAY,INNER NEW BEDFORD HARBOR,23006867,2023-11-15 16:35:47
NEW027,2023-10-30,08:30,Public Notification Report,Initial-Ceased,CSO - UnTreated,,,,MILL RD AT ACUSHNET RIVER,ACUSHNET RIVER,23006761,2023-10-30 15:37:00
NEW003,2023-10-30,08:25,Public Notification Report,Initial-Ceased,CSO - UnTreated,,,,COVE RD & PADNARAM AVE,CLARK COVE,23006762,2023-10-30 15:38:03
NEW023,2023-10-30,07:55,Public Notification Report,Initial-Ceased,CSO - UnTreated,,,,COFFIN AVE,ACUSHNET RIVER,23006763,2023-10-30 15:39:10
NEW035,2023-10-30,07:35,Public Notification Report,Initial-Ceased,CSO - UnTreated,,,,MAXFIELD ST AT BUZZARDS BAY,INNER NEW BEDFORD HARBOR,23006764,2023-10-30 15:40:16
NEW017,2023-10-30,09:35,Public Notification Report,Initial-Ceased,CSO - UnTreated,,,,DAVID ST & RFB,OUTER NEW BEDFORD HARBOR,23006765,2023-10-30 15:41:17
NEW018,2023-10-30,08:50,Public Notification Report,Initial-Ceased,CSO - UnTreated,,,,COVE ST AND E. RODNEY FRENCH BLVD,OUTER NEW BEDFORD HARBOR,23006766,2023-10-30 15:42:17
NEW031,2023-10-30,08:45,Public Notification Report,Initial-Ceased,CSO - UnTreated,,,,CONWAY ST AT BUZZARDS BAY,INNER NEW BEDFORD HARBOR,23006767,2023-10-30 15:43:33
NEW003,2023-10-30,08:25,Verified Data Report,,CSO - UnTreated,2h 55m,594930,1.12,COVE RD & PADNARAM AVE,CLARK COVE,23006868,2023-11-15 16:37:40
NEW017,2023-10-30,09:35,Verified Data Report,,CSO - UnTreated,2h 0m,1803320,1.12,DAVID ST & RFB,OUTER NEW BEDFORD HARBOR,23006869,2023-11-15 16:39:23
NEW018,2023-10-30,08:50,Verified Data Report,,CSO - UnTreated,3h 5m,761980,1.12,COVE ST AND E. RODNEY FRENCH BLVD,OUTER NEW BEDFORD HARBOR,23006870,2023-11-15 16:41:33
NEW023,2023-10-30,07:55,Verified Data Report,,CSO - UnTreated,3h 30m,5815410,1.23,COFFIN AVE,ACUSHNET RIVER,23006871,2023-11-15 16:43:15
NEW027,2023-10-30,08:30,Verified Data Report,,CSO - UnTreated,0h 50m,57140,1.23,MILL RD AT ACUSHNET RIVER,ACUSHNET RIVER,23006872,2023-11-15 16:44:14
NEW031,2023-10-30,08:45,Verified Data Report,,CSO - UnTreated,4h 25m,603530,1.12,CONWAY ST AT BUZZARDS BAY,INNER NEW BEDFORD HARBOR,23006873,2023-11-15 16:49:20
NEW035,2023-10-30,07:35,Verified Data Report,,CSO - UnTreated,4h 0m,396140,1.23,MAXFIELD ST AT BUZZARDS BAY,INNER NEW BEDFORD HARBOR,23006874,2023-11-15 16:50:44
NEW035,2023-11-04,07:55,Public Notification Report,Initial-Ceased,CSO - UnTreated,,,,MAXFIELD ST AT BUZZARDS BAY,INNER NEW BEDFORD HARBOR,23006780,2023-11-04 22:21:12
NEW035,2023-11-04,07:55,Verified Data Report,,CSO - UnTreated,0h 10m,190,0.00,MAXFIELD ST AT BUZZARDS BAY,INNER NEW BEDFORD HARBOR,23006917,2023-11-27 09:36:15
NEW023,2023-11-04,07:25,Verified Data Report,,CSO - UnTreated,1h 5m,169740,0.19,COFFIN AVE,ACUSHNET RIVER,23006919,2023-11-27 10:17:43
NEW035,2023-11-07,07:00,Public Notification Report,Initial-Ceased,CSO - UnTreated,,,,MAXFIELD ST AT BUZZARDS BAY,INNER NEW BEDFORD HARBOR,23006784,2023-11-07 17:00:10
NEW023,2023-11-07,07:25,Public Notification Report,Initial-Ceased,CSO - UnTreated,,,,COFFIN AVE,ACUSHNET RIVER,23006785,2023-11-07 17:03:00
NEW003,2023-11-07,07:15,Public Notification Report,Initial-Ceased,CSO - UnTreated,,,,COVE RD & PADNARAM AVE,CLARK COVE,23006786,2023-11-07 17:05:25
NEW031,2023-11-07,08:30,Public Notification Report,Initial-Ceased,CSO - UnTreated,,,,CONWAY ST AT BUZZARDS BAY,INNER NEW BEDFORD HARBOR,23006787,2023-11-07 17:07:24
NEW035,2023-11-07,17:15,Public Notification Report,Initial-Ceased,CSO - UnTreated,,,,MAXFIELD ST AT BUZZARDS BAY,INNER NEW BEDFORD HARBOR,23006794,2023-11-08 07:09:36
NEW003,2023-11-07,07:15,Verified Data Report,,CSO - UnTreated,1h 40m,223280,0.21,COVE RD & PADNARAM AVE,CLARK COVE,23006918,2023-11-27 09:48:32
NEW031,2023-11-07,08:30,Verified Data Report,,CSO - UnTreated,0h 30m,226160,0.21,CONWAY ST AT BUZZARDS BAY,INNER NEW BEDFORD HARBOR,23006926,2023-11-27 13:46:23
NEW035,2023-11-07,07:00,Verified Data Report,,CSO - UnTreated,1h 30m,88820,0.19,MAXFIELD ST AT BUZZARDS BAY,INNER NEW BEDFORD HARBOR,23006937,2023-11-27 15:48:05
NEW035,2023-11-07,17:15,Verified Data Report,,CSO - UnTreated,0h 30m,5030,0.19,MAXFIELD ST AT BUZZARDS BAY,INNER NEW BEDFORD HARBOR,23006938,2023-11-27 15:50:13
NEW017,2023-11-13,22:25,Public Notification Report,Initial-Ceased,CSO - UnTreated,,,,DAVID ST & RFB,OUTER NEW BEDFORD HARBOR,23006815,2023-11-14 11:44:18
NEW017,2023-11-13,22:25,Verified Data Report,,CSO - UnTreated,0h 10m,199360,0.00,DAVID ST & RFB,OUTER NEW BEDFORD HARBOR,23006940,2023-11-28 10:21:52
NEW003,2023-11-22,00:50,Public Notification Report,Initial-Ceased,CSO - UnTreated,,,,COVE RD & PADNARAM AVE,CLARK COVE,23006882,2023-11-22 15:23:00
NEW023,2023-11-22,01:05,Public Notification Report,Initial-Ceased,CSO - UnTreated,,,,COFFIN AVE,ACUSHNET RIVER,23006883,2023-11-22 15:23:55
NEW036,2023-11-22,01:10,Public Notification Report,Initial-Ceased,CSO - UnTreated,,,,HERVEY TICHON AVE AT BUSSARDS BAY,INNER NEW BEDFORD HARBOR,23006884,2023-11-22 15:24:42
NEW031,2023-11-22,05:15,Public Notification Report,Initial-Ceased,CSO - UnTreated,,,,CONWAY ST AT BUZZARDS BAY,INNER NEW BEDFORD HARBOR,23006885,2023-11-22 15:25:36
NEW003,2023-11-22,00:50,Verified Data Report,,CSO - UnTreated,11h 40m,923360,0.68,COVE RD & PADNARAM AVE,CLARK COVE,23006941,2023-11-28 10:25:20
NEW023,2023-11-22,01:05,Verified Data Report,,CSO - UnTreated,10h 5m,2912310,0.97,COFFIN AVE,ACUSHNET RIVER,23006942,2023-11-28 10:28:12
NEW031,2023-11-22,05:15,Verified Data Report,,CSO - UnTreated,2h 40m,241020,0.68,CONWAY ST AT BUZZARDS BAY,INNER NEW BEDFORD HARBOR,23006943,2023-11-28 10:31:38
NEW036,2023-11-22,01:10,Verified Data Report,,CSO - UnTreated,7h 10m,51200,0.97,HERVEY TICHON AVE AT BUSSARDS BAY,INNER NEW BEDFORD HARBOR,23006944,2023-11-28 10:36:01
NEW023,2023-11-26,23:55,Public Notification Report,Initial-Ceased,CSO - UnTreated,,,,COFFIN AVE,ACUSHNET RIVER,23006905,2023-11-27 07:49:52
NEW035,2023-11-26,23:50,Public Notification Report,Initial-Ceased,CSO - UnTreated,,,,MAXFIELD ST AT BUZZARDS BAY,INNER NEW BEDFORD HARBOR,23006908,2023-11-27 07:51:37
NEW003,2023-11-26,23:50,Public Notification Report,Initial-Ceased,CSO - UnTreated,,,,COVE RD & PADNARAM AVE,CLARK COVE,23006911,2023-11-27 07:54:03
NEW004,2023-11-26,23:50,Verified Data Report,,CSO - UnTreated,2h 30m,613230,0.48,HURRICAN BARRIER CLARK'S COVE PUMP STATION,CLARK COVE,23006945,2023-11-28 10:38:38
NEW023,2023-11-26,23:55,Verified Data Report,,CSO - UnTreated,2h 10m,1613590,0.52,COFFIN AVE,ACUSHNET RIVER,23006946,2023-11-28 10:40:32
NEW035,2023-11-26,23:50,Verified Data Report,,CSO - UnTreated,1h 45m,154090,0.52,MAXFIELD ST AT BUZZARDS BAY,INNER NEW BEDFORD HARBOR,23006947,2023-11-28 11:18:18
NEW031,2023-11-27,00:45,Public Notification Report,Initial-Ceased,CSO - UnTreated,,,,CONWAY ST AT BUZZARDS BAY,INNER NEW BEDFORD HARBOR,23006913,2023-11-27 07:55:13
NEW027,2023-11-27,00:50,Public Notification Report,Initial-Ceased,CSO - UnTreated,,,,MILL RD AT ACUSHNET RIVER,ACUSHNET RIVER,23006915,2023-11-27 07:56:39
NEW018,2023-11-27,00:55,Public Notification Report,Initial-Ceased,CSO - UnTreated,,,,COVE ST AND E. RODNEY FRENCH BLVD,OUTER NEW BEDFORD HARBOR,23006916,2023-11-27 07:57:39
NEW018,2023-11-27,00:55,Verified Data Report,,CSO - UnTreated,1h 10m,252910,0.48,COVE ST AND E. RODNEY FRENCH BLVD,OUTER NEW BEDFORD HARBOR,23006948,2023-11-28 11:22:24
NEW027,2023-11-27,00:50,Verified Data Report,,CSO - UnTreated,0h 50m,27310,0.52,MILL RD AT ACUSHNET RIVER,ACUSHNET RIVER,23006949,2023-11-28 11:26:24
NEW031,2023-11-27,00:50,Verified Data Report,,CSO - UnTreated,2h 20m,660850,0.48,CONWAY ST AT BUZZARDS BAY,INNER NEW BEDFORD HARBOR,23006950,2023-11-28 11:28:17
NEW023,2023-12-03,15:00,Public Notification Report,Initial-Ceased,CSO - UnTreated,,,,COFFIN AVE,ACUSHNET RIVER,23006962,2023-12-03 22:08:10
NEW031,2023-12-03,15:05,Public Notification Report,Initial-Ceased,CSO - UnTreated,,,,CONWAY ST AT BUZZARDS BAY,INNER NEW BEDFORD HARBOR,23006963,2023-12-03 22:10:20
NEW018,2023-12-03,15:05,Public Notification Report,Initial-Ceased,CSO - UnTreated,,,,COVE ST AND E. RODNEY FRENCH BLVD,OUTER NEW BEDFORD HARBOR,23006964,2023-12-03 22:12:07
NEW035,2023-12-03,15:07,Public Notification Report,Initial-Ceased,CSO - UnTreated,,,,MAXFIELD ST AT BUZZARDS BAY,INNER NEW BEDFORD HARBOR,23006965,2023-12-03 22:14:05
NEW003,2023-12-03,12:20,Public Notification Report,Initial-Ceased,CSO - UnTreated,,,,COVE RD & PADNARAM AVE,CLARK COVE,23006966,2023-12-03 22:15:49
NEW003,2023-12-03,13:50,Verified Data Report,,CSO - UnTreated,1h 0m,186070,0.27,COVE RD & PADNARAM AVE,CLARK COVE,23007337,2023-12-29 08:20:06
NEW003,2023-12-03,12:20,Verified Data Report,,CSO - UnTreated,9h 15m,982800,0.66,COVE RD & PADNARAM AVE,CLARK COVE,23007337-1,2023-12-29 08:23:32
NEW018,2023-12-03,19:40,Verified Data Report,,CSO - UnTreated,0h 5m,170,0.66,COVE ST AND E. RODNEY FRENCH BLVD,OUTER NEW BEDFORD HARBOR,23007338,2023-12-29 08:27:43
NEW023,2023-12-03,13:50,Verified Data Report,,CSO - UnTreated,1h 0m,186070,0.27,COFFIN AVE,ACUSHNET RIVER,23007339,2023-12-29 08:30:01
NEW031,2023-12-03,15:05,Verified Data Report,,CSO - UnTreated,0h 5m,70500,0.66,CONWAY ST AT BUZZARDS BAY,INNER NEW BEDFORD HARBOR,23007340,2023-12-29 08:32:18
NEW035,2023-12-03,19:35,Verified Data Report,,CSO - UnTreated,0h 15m,32540,0.50,MAXFIELD ST AT BUZZARDS BAY,INNER NEW BEDFORD HARBOR,23007341,2023-12-29 08:42:59
NEW035,2023-12-10,16:15,Public Notification Report,Initial-Ceased,CSO - UnTreated,,,,MAXFIELD ST AT BUZZARDS BAY,INNER NEW BEDFORD HARBOR,23006983,2023-12-10 21:00:37
NEW023,2023-12-10,16:25,Public Notification Report,Initial-Ceased,CSO - UnTreated,,,,COFFIN AVE,ACUSHNET RIVER,23006984,2023-12-10 21:02:19
NEW003,2023-12-10,22:35,Public Notification Report,Initial-Ceased,CSO - UnTreated,,,,COVE RD & PADNARAM AVE,CLARK COVE,23007010,2023-12-11 12:45:21
NEW003,2023-12-10,22:35,Verified Data Report,,CSO - UnTreated,0h 5m,70,1.19,COVE RD & PADNARAM AVE,CLARK COVE,23007342,2023-12-29 08:47:45
NEW023,2023-12-10,16:25,Verified Data Report,,CSO - UnTreated,0h 20m,22590,1.32,COFFIN AVE,ACUSHNET RIVER,23007343,2023-12-29 08:49:57
NEW035,2023-12-10,16:15,Verified Data Report,,CSO - UnTreated,0h 5m,880,1.32,MAXFIELD ST AT BUZZARDS BAY,INNER NEW BEDFORD HARBOR,23007344,2023-12-29 09:01:42
NEW005,2023-12-11,06:00,Public Notification Report,Initial-Ceased,CSO - UnTreated,,,,DUDLEY & RFB,CLARK COVE,23007011,2023-12-11 12:47:12
NEW027,2023-12-11,05:25,Public Notification Report,Initial-Ceased,CSO - UnTreated,,,,MILL RD AT ACUSHNET RIVER,ACUSHNET RIVER,23007012,2023-12-11 12:49:08
NEW035,2023-12-11,03:10,Public Notification Report,Initial-Ceased,CSO - UnTreated,,,,MAXFIELD ST AT BUZZARDS BAY,INNER NEW BEDFORD HARBOR,23007013,2023-12-11 12:51:11
NEW006,2023-12-11,07:05,Public Notification Report,Initial-Ceased,CSO - UnTreated,,,,LUCAS STREET & RFB,CLARK COVE,23007014,2023-12-11 12:52:51
NEW018,2023-12-11,05:35,Public Notification Report,Initial-Ceased,CSO - UnTreated,,,,COVE ST AND E. RODNEY FRENCH BLVD,OUTER NEW BEDFORD HARBOR,23007015,2023-12-11 12:54:31
NEW023,2023-12-11,03:15,Public Notification Report,Initial-Ceased,CSO - UnTreated,,,,COFFIN AVE,ACUSHNET RIVER,23007016,2023-12-11 12:56:19
NEW017,2023-12-11,05:55,Public Notification Report,Initial-Ceased,CSO - UnTreated,,,,DAVID ST & RFB,OUTER NEW BEDFORD HARBOR,23007017,2023-12-11 12:57:53
NEW003,2023-12-11,03:15,Public Notification Report,Initial-Ceased,CSO - UnTreated,,,,COVE RD & PADNARAM AVE,CLARK COVE,23007018,2023-12-11 12:59:37
NEW031,2023-12-11,05:45,Public Notification Report,Initial-Ceased,CSO - UnTreated,,,,CONWAY ST AT BUZZARDS BAY,INNER NEW BEDFORD HARBOR,23007019,2023-12-11 13:01:09
NEW010,2023-12-11,09:40,Public Notification Report,Initial-Ceased,CSO - UnTreated,,,,BELLEVUE ST & RFB,CLARK COVE,23007020,2023-12-11 13:02:44
NEW008,2023-12-11,11:55,Public Notification Report,Initial-Ceased,CSO - UnTreated,,,,CALUMET ST & RFB,CLARK COVE,23007021,2023-12-11 13:04:18
NEW003,2023-12-11,03:15,Verified Data Report,,CSO - UnTreated,7h 10m,1512000,1.19,COVE RD & PADNARAM AVE,CLARK COVE,23007345,2023-12-29 09:03:39
NEW005,2023-12-11,06:00,Verified Data Report,,CSO - UnTreated,2h 0m,2850,1.19,DUDLEY & RFB,CLARK COVE,23007346,2023-12-29 09:04:53
NEW006,2023-12-11,07:05,Verified Data Report,,CSO - UnTreated,2h 35m,153750,1.19,LUCAS STREET & RFB,CLARK COVE,23007347,2023-12-29 09:06:22
NEW008,2023-12-11,11:55,Verified Data Report,,CSO - UnTreated,0h 15m,1617220,1.19,CALUMET ST & RFB,CLARK COVE,23007348,2023-12-29 09:08:14
NEW010,2023-12-11,09:40,Verified Data Report,,CSO - UnTreated,1h 20m,2930530,1.19,BELLEVUE ST & RFB,CLARK COVE,23007349,2023-12-29 09:09:20
NEW017,2023-12-11,05:55,Verified Data Report,,CSO - UnTreated,4h 25m,8409840,1.19,DAVID ST & RFB,OUTER NEW BEDFORD HARBOR,23007350,2023-12-29 09:11:10
NEW018,2023-12-11,05:35,Verified Data Report,,CSO - UnTreated,4h 20m,1270120,1.19,COVE ST AND E. RODNEY FRENCH BLVD,OUTER NEW BEDFORD HARBOR,23007351,2023-12-29 09:12:19
NEW023,2023-12-11,03:15,Verified Data Report,,CSO - UnTreated,6h 45m,7042720,1.32,COFFIN AVE,ACUSHNET RIVER,23007352,2023-12-29 09:15:33
NEW027,2023-12-11,05:25,Verified Data Report,,CSO - UnTreated,4h 0m,326540,1.32,MILL RD AT ACUSHNET RIVER,ACUSHNET RIVER,23007353,2023-12-29 09:17:10
NEW031,2023-12-11,05:45,Verified Data Report,,CSO - UnTreated,5h 0m,927700,1.19,CONWAY ST AT BUZZARDS BAY,INNER NEW BEDFORD HARBOR,23007354,2023-12-29 09:21:08
NEW035,2023-12-11,03:10,Verified Data Report,,CSO - UnTreated,6h 20m,479380,1.32,MAXFIELD ST AT BUZZARDS BAY,INNER NEW BEDFORD HARBOR,23007355,2023-12-29 09:22:23
NEW035,2023-12-17,19:25,Public Notification Report,Initial-Ceased,CSO - UnTreated,,,,MAXFIELD ST AT BUZZARDS BAY,INNER NEW BEDFORD HARBOR,23007146,2023-12-18 09:15:29
NEW018,2023-12-17,19:30,Public Notification Report,Initial-Ceased,CSO - UnTreated,,,,COVE ST AND E. RODNEY FRENCH BLVD,OUTER NEW BEDFORD HARBOR,23007147,2023-12-18 09:16:55
NEW031,2023-12-17,19:55,Public Notification Report,Initial-Ceased,CSO - UnTreated,,,,CONWAY ST AT BUZZARDS BAY,INNER NEW BEDFORD HARBOR,23007148,2023-12-18 09:18:16
NEW003,2023-12-17,19:25,Public Notification Report,Initial-Ceased,CSO - UnTreated,,,,COVE RD & PADNARAM AVE,CLARK COVE,23007151,2023-12-18 09:24:30
NEW023,2023-12-17,19:30,Public Notification Report,Initial-Ceased,CSO - UnTreated,,,,COFFIN AVE,ACUSHNET RIVER,23007153,2023-12-18 09:27:24
NEW003,2023-12-17,19:25,Verified Data Report,,CSO - UnTreated,13h 55m,2109410,1.22,COVE RD & PADNARAM AVE,CLARK COVE,23007356,2023-12-29 09:23:59
NEW018,2023-12-17,19:30,Verified Data Report,,CSO - UnTreated,1h 45m,302070,1.22,COVE ST AND E. RODNEY FRENCH BLVD,OUTER NEW BEDFORD HARBOR,23007357,2023-12-29 09:25:46
NEW023,2023-12-17,19:30,Verified Data Report,,CSO - UnTreated,13h 25m,5260750,1.74,COFFIN AVE,ACUSHNET RIVER,23007358,2023-12-29 09:27:42
NEW031,2023-12-17,19:55,Verified Data Report,,CSO - UnTreated,2h 25m,186590,1.22,CONWAY ST AT BUZZARDS BAY,INNER NEW BEDFORD HARBOR,23007359,2023-12-29 09:31:36
NEW035,2023-12-17,19:25,Verified Data Report,,CSO - UnTreated,1h 50m,250760,1.74,MAXFIELD ST AT BUZZARDS BAY,INNER NEW BEDFORD HARBOR,23007360,2023-12-29 09:33:27
NEW035,2023-12-18,01:00,Public Notification Report,Initial-Ceased,CSO - UnTreated,,,,MAXFIELD ST AT BUZZARDS BAY,INNER NEW BEDFORD HARBOR,23007149,2023-12-18 09:20:29
NEW031,2023-12-18,02:25,Public Notification Report,Initial-Ceased,CSO - UnTreated,,,,CONWAY ST AT BUZZARDS BAY,INNER NEW BEDFORD HARBOR,23007150,2023-12-18 09:21:56
NEW003,2023-12-18,12:40,Public Notification Report,Initial-Ceased,CSO - UnTreated,,,,COVE RD & PADNARAM AVE,CLARK COVE,23007221,2023-12-18 21:09:04
NEW031,2023-12-18,13:15,Public Notification Report,Initial-Ceased,CSO - UnTreated,,,,CONWAY ST AT BUZZARDS BAY,INNER NEW BEDFORD HARBOR,23007222,2023-12-18 21:11:53
NEW023,2023-12-18,12:45,Public Notification Report,Initial-Ceased,CSO - UnTreated,,,,COFFIN AVE,ACUSHNET RIVER,23007223,2023-12-18 21:14:10
NEW017,2023-12-18,12:20,Public Notification Report,Initial-Ceased,CSO - UnTreated,,,,DAVID ST & RFB,OUTER NEW BEDFORD HARBOR,23007224,2023-12-18 21:15:52
NEW035,2023-12-18,12:40,Public Notification Report,Initial-Ceased,CSO - UnTreated,,,,MAXFIELD ST AT BUZZARDS BAY,INNER NEW BEDFORD HARBOR,23007226,2023-12-18 21:17:57
NEW016,2023-12-18,12:20,Public Notification Report,Initial-Ceased,CSO - UnTreated,,,,FREDERICK ST & RFB,OUTER NEW BEDFORD HARBOR,23007227,2023-12-18 21:19:42
NEW003,2023-12-18,12:40,Verified Data Report,,CSO - UnTreated,3h 45m,519830,1.22,COVE RD & PADNARAM AVE,CLARK COVE,23007361,2023-12-29 09:34:55
NEW016,2023-12-18,12:20,Verified Data Report,,CSO - UnTreated,1h 30m,63060,1.22,FREDERICK ST & RFB,OUTER NEW BEDFORD HARBOR,23007362,2023-12-29 09:36:47
NEW017,2023-12-18,12:20,Verified Data Report,,CSO - UnTreated,2h 35m,1752520,1.22,DAVID ST & RFB,OUTER NEW BEDFORD HARBOR,23007363,2023-12-29 09:38:09
NEW023,2023-12-18,12:45,Verified Data Report,,CSO - UnTreated,3h 10m,1971890,1.74,COFFIN AVE,ACUSHNET RIVER,23007364,2023-12-29 09:39:23
NEW031,2023-12-18,13:15,Verified Data Report,,CSO - UnTreated,2h 45m,90330,1.22,CONWAY ST AT BUZZARDS BAY,INNER NEW BEDFORD HARBOR,23007365,2023-12-29 09:40:44
NEW031,2023-12-18,02:25,Verified Data Report,,CSO - UnTreated,6h 45m,593090,1.22,CONWAY ST AT BUZZARDS BAY,INNER NEW BEDFORD HARBOR,23007366,2023-12-29 09:41:29
NEW035,2023-12-18,01:00,Verified Data Report,,CSO - UnTreated,7h 20m,151590,1.74,MAXFIELD ST AT BUZZARDS BAY,INNER NEW BEDFORD HARBOR,23007367,2023-12-29 09:43:01
NEW035,2023-12-18,12:40,Verified Data Report,,CSO - UnTreated,2h 5m,57080,1.74,MAXFIELD ST AT BUZZARDS BAY,INNER NEW BEDFORD HARBOR,23007368,2023-12-29 09:43:57
NEW018,2023-12-28,08:40,Public Notification Report,Initial-Ceased,CSO - UnTreated,,,,COVE ST AND E. RODNEY FRENCH BLVD,OUTER NEW BEDFORD HARBOR,23007318,2023-12-28 16:08:29
NEW031,2023-12-28,07:00,Public Notification Report,Initial-Ceased,CSO - UnTreated,,,,CONWAY ST AT BUZZARDS BAY,INNER NEW BEDFORD HARBOR,23007319,2023-12-28 16:09:44
NEW035,2023-12-28,06:15,Public Notification Report,Initial-Ceased,CSO - UnTreated,,,,MAXFIELD ST AT BUZZARDS BAY,INNER NEW BEDFORD HARBOR,23007320,2023-12-28 16:11:12
NEW023,2023-12-28,06:20,Public Notification Report,Initial-Ceased,CSO - UnTreated,,,,COFFIN AVE,ACUSHNET RIVER,23007322,2023-12-28 16:12:17
NEW003,2023-12-28,03:15,Public Notification Report,Initial-Ceased,CSO - UnTreated,,,,COVE RD & PADNARAM AVE,CLARK COVE,23007323,2023-12-28 16:13:33
NEW003,2023-12-28,03:15,Verified Data Report,,CSO - UnTreated,10h 55m,1485340,0.86,COVE RD & PADNARAM AVE,CLARK COVE,23007369,2023-12-29 09:47:31
NEW018,2023-12-28,08:40,Verified Data Report,,CSO - UnTreated,2h 55m,422570,0.86,COVE ST AND E. RODNEY FRENCH BLVD,OUTER NEW BEDFORD HARBOR,23007370,2023-12-29 09:48:36
NEW023,2023-12-28,06:20,Verified Data Report,,CSO - UnTreated,7h 15m,5289220,1.00,COFFIN AVE,ACUSHNET RIVER,23007371,2023-12-29 09:49:55
NEW031,2023-12-28,07:00,Verified Data Report,,CSO - UnTreated,6h 15m,530100,0.86,CONWAY ST AT BUZZARDS BAY,INNER NEW BEDFORD HARBOR,23007372,2023-12-29 09:51:49
NEW035,2023-12-28,06:15,Verified Data Report,,CSO - UnTreated,7h 5m,196840,1.00,MAXFIELD ST AT BUZZARDS BAY,INNER NEW BEDFORD HARBOR,23007373,2023-12-29 09:52:56
NEW003,2024-01-07,03:55,Public Notification Report,Initial-Ceased,CSO - UnTreated,,,,COVE RD & PADNARAM AVE,CLARK COVE,24007389,2024-01-07 17:14:11
NEW023,2024-01-07,04:15,Public Notification Report,Initial-Ceased,CSO - UnTreated,,,,COFFIN AVE,ACUSHNET RIVER,24007390,2024-01-07 17:16:37
NEW035,2024-01-07,11:55,Public Notification Report,Initial-Ceased,CSO - UnTreated,,,,MAXFIELD ST AT BUZZARDS BAY,INNER NEW BEDFORD HARBOR,24007391,2024-01-07 17:18:14
NEW031,2024-01-07,13:10,Public Notification Report,Initial-Ceased,CSO - UnTreated,,,,CONWAY ST AT BUZZARDS BAY,INNER NEW BEDFORD HARBOR,24007392,2024-01-07 17:20:36
NEW003,2024-01-07,03:55,Verified Data Report,,CSO - UnTreated,9h 50m,414330,0.92,COVE RD & PADNARAM AVE,CLARK COVE,24007975,2024-02-08 10:38:16
NEW023,2024-01-07,04:15,Verified Data Report,,CSO - UnTreated,9h 35m,860940,3.79,COFFIN AVE,ACUSHNET RIVER,24007976,2024-02-08 10:43:03
NEW031,2024-01-07,13:10,Verified Data Report,,CSO - UnTreated,1h 10m,193670,0.92,CONWAY ST AT BUZZARDS BAY,INNER NEW BEDFORD HARBOR,24008097,2024-02-15 08:12:39
NEW035,2024-01-07,11:55,Verified Data Report,,CSO - UnTreated,1h 25m,33410,3.79,MAXFIELD ST AT BUZZARDS BAY,INNER NEW BEDFORD HARBOR,24008098,2024-02-15 09:30:24
NEW027,2024-01-09,22:00,Public Notification Report,Initial-Ceased,CSO - UnTreated,,,,MILL RD AT ACUSHNET RIVER,ACUSHNET RIVER,24007510,2024-01-10 11:07:39
NEW018,2024-01-09,23:50,Public Notification Report,Initial-Ceased,CSO - UnTreated,,,,COVE ST AND E. RODNEY FRENCH BLVD,OUTER NEW BEDFORD HARBOR,24007512,2024-01-10 11:09:00
NEW023,2024-01-09,18:05,Public Notification Report,Initial-Ceased,CSO - UnTreated,,,,COFFIN AVE,ACUSHNET RIVER,24007514,2024-01-10 11:10:16
NEW031,2024-01-09,19:10,Public Notification Report,Initial-Ceased,CSO - UnTreated,,,,CONWAY ST AT BUZZARDS BAY,INNER NEW BEDFORD HARBOR,24007517,2024-01-10 11:12:57
NEW003,2024-01-09,18:05,Public Notification Report,Initial-Ceased,CSO - UnTreated,,,,COVE RD & PADNARAM AVE,CLARK COVE,24007518,2024-01-10 11:14:22
NEW035,2024-01-09,18:10,Public Notification Report,Initial-Ceased,CSO - UnTreated,,,,MAXFIELD ST AT BUZZARDS BAY,INNER NEW BEDFORD HARBOR,24007519,2024-01-10 11:15:59
NEW003,2024-01-09,18:05,Verified Data Report,,CSO - UnTreated,41h 40m,6360720,2.04,COVE RD & PADNARAM AVE,CLARK COVE,24008099,2024-02-15 09:49:39
NEW018,2024-01-09,23:50,Verified Data Report,,CSO - UnTreated,9h 0m,2631720,2.04,COVE ST AND E. RODNEY FRENCH BLVD,OUTER NEW BEDFORD HARBOR,24008100,2024-02-15 09:57:09
NEW023,2024-01-09,18:05,Verified Data Report,,CSO - UnTreated,16h 0m,20008320,3.79,COFFIN AVE,ACUSHNET RIVER,24008101,2024-02-15 10:02:56
NEW027,2024-01-09,22:00,Verified Data Report,,CSO - UnTreated,10h 50m,2631720,3.79,MILL RD AT ACUSHNET RIVER,ACUSHNET RIVER,24008102,2024-02-15 10:11:54
NEW031,2024-01-09,19:10,Verified Data Report,,CSO - UnTreated,25h 35m,4416390,2.04,CONWAY ST AT BUZZARDS BAY,INNER NEW BEDFORD HARBOR,24008103,2024-02-15 12:01:07
NEW035,2024-01-09,18:10,Verified Data Report,,CSO - UnTreated,28h 45m,1918970,3.79,MAXFIELD ST AT BUZZARDS BAY,INNER NEW BEDFORD HARBOR,24008104,2024-02-15 12:05:30
NEW010,2024-01-10,04:10,Public Notification Report,Initial-Ceased,CSO - UnTreated,,,,BELLEVUE ST & RFB,CLARK COVE,24007501,2024-01-10 10:56:26
NEW008,2024-01-10,02:05,Public Notification Report,Initial-Ceased,CSO - UnTreated,,,,CALUMET ST & RFB,CLARK COVE,24007502,2024-01-10 10:58:55
NEW005,2024-01-10,01:00,Public Notification Report,Initial-Ceased,CSO - UnTreated,,,,DUDLEY & RFB,CLARK COVE,24007505,2024-01-10 11:02:27
NEW016,2024-01-10,03:55,Public Notification Report,Initial-Ceased,CSO - UnTreated,,,,FREDERICK ST & RFB,OUTER NEW BEDFORD HARBOR,24007506,2024-01-10 11:03:51
NEW006,2024-01-10,01:10,Public Notification Report,Initial-Ceased,CSO - UnTreated,,,,LUCAS STREET & RFB,CLARK COVE,24007508,2024-01-10 11:06:17
NEW017,2024-01-10,01:10,Public Notification Report,Initial-Ceased,CSO - UnTreated,,,,DAVID ST & RFB,OUTER NEW BEDFORD HARBOR,24007515,2024-01-10 11:11:39
NEW005,2024-01-10,01:00,Verified Data Report,,CSO - UnTreated,5h 20m,1010030,2.04,DUDLEY & RFB,CLARK COVE,24008105,2024-02-15 12:06:27
NEW006,2024-01-10,01:00,Verified Data Report,,CSO - UnTreated,6h 20m,2732210,2.04,LUCAS STREET & RFB,CLARK COVE,24008106,2024-02-15 12:08:14
NEW008,2024-01-10,02:05,Verified Data Report,,CSO - UnTreated,3h 15m,444580,2.04,CALUMET ST & RFB,CLARK COVE,24008107,2024-02-15 12:10:25
NEW010,2024-01-10,04:10,Verified Data Report,,CSO - UnTreated,0h 55m,146080,2.04,BELLEVUE ST & RFB,CLARK COVE,24008108,2024-02-15 12:13:11
NEW016,2024-01-10,03:55,Verified Data Report,,CSO - UnTreated,3h 15m,318960,2.04,FREDERICK ST & RFB,OUTER NEW BEDFORD HARBOR,24008109,2024-02-15 12:14:30
NEW017,2024-01-10,01:10,Verified Data Report,,CSO - UnTreated,9h 5m,28457120,2.04,DAVID ST & RFB,OUTER NEW BEDFORD HARBOR,24008110,2024-02-15 12:15:41
NEW017,2024-01-13,05:40,Public Notification Report,Initial-Ceased,CSO - UnTreated,,,,DAVID ST & RFB,OUTER NEW BEDFORD HARBOR,24007746,2024-01-14 08:25:31
NEW018,2024-01-13,04:15,Public Notification Report,Initial-Ceased,CSO - UnTreated,,,,COVE ST AND E. RODNEY FRENCH BLVD,OUTER NEW BEDFORD HARBOR,24007747,2024-01-14 08:27:43
NEW006,2024-01-13,09:00,Public Notification Report,Initial-Ceased,CSO - UnTreated,,,,LUCAS STREET & RFB,CLARK COVE,24007748,2024-01-14 08:29:47
NEW027,2024-01-13,04:05,Public Notification Report,Initial-Ceased,CSO - UnTreated,,,,MILL RD AT ACUSHNET RIVER,ACUSHNET RIVER,24007749,2024-01-14 08:35:14
NEW003,2024-01-13,02:50,Public Notification Report,Initial-Ceased,CSO - UnTreated,,,,COVE RD & PADNARAM AVE,CLARK COVE,24007750,2024-01-14 08:37:10
NEW023,2024-01-13,03:00,Public Notification Report,Initial-Ceased,CSO - UnTreated,,,,COFFIN AVE,ACUSHNET RIVER,24007751,2024-01-14 08:38:56
NEW031,2024-01-13,04:00,Public Notification Report,Initial-Ceased,CSO - UnTreated,,,,CONWAY ST AT BUZZARDS BAY,INNER NEW BEDFORD HARBOR,24007752,2024-01-14 08:40:37
NEW035,2024-01-13,02:40,Public Notification Report,Initial-Ceased,CSO - UnTreated,,,,MAXFIELD ST AT BUZZARDS BAY,INNER NEW BEDFORD HARBOR,24007753,2024-01-14 08:42:32
NEW003,2024-01-13,02:50,Verified Data Report,,CSO - UnTreated,8h 50m,1230790,0.65,COVE RD & PADNARAM AVE,CLARK COVE,24008111,2024-02-15 12:23:33
NEW006,2024-01-13,09:00,Verified Data Report,,CSO - UnTreated,0h 40m,6520,0.65,LUCAS STREET & RFB,CLARK COVE,24008112,2024-02-15 12:24:41
NEW017,2024-01-13,05:40,Verified Data Report,,CSO - UnTreated,0h 35m,34030,0.65,DAVID ST & RFB,OUTER NEW BEDFORD HARBOR,24008113,2024-02-15 12:25:43
NEW018,2024-01-13,04:15,Verified Data Report,,CSO - UnTreated,4h 45m,559300,0.65,COVE ST AND E. RODNEY FRENCH BLVD,OUTER NEW BEDFORD HARBOR,24008114,2024-02-15 12:26:44
NEW023,2024-01-13,03:00,Verified Data Report,,CSO - UnTreated,8h 40m,7573310,0.91,COFFIN AVE,ACUSHNET RIVER,24008115,2024-02-15 12:27:53
NEW027,2024-01-13,04:05,Verified Data Report,,CSO - UnTreated,6h 30m,63820,0.91,MILL RD AT ACUSHNET RIVER,ACUSHNET RIVER,24008116,2024-02-15 12:28:43
NEW031,2024-01-13,04:00,Verified Data Report,,CSO - UnTreated,8h 10m,1071490,0.65,CONWAY ST AT BUZZARDS BAY,INNER NEW BEDFORD HARBOR,24008117,2024-02-15 12:30:58
NEW035,2024-01-13,02:40,Verified Data Report,,CSO - UnTreated,16h 35m,769400,0.91,MAXFIELD ST AT BUZZARDS BAY,INNER NEW BEDFORD HARBOR,24008118,2024-02-15 12:33:15
NEW027,2024-01-16,11:55,Public Notification Report,Initial-Ceased,CSO - UnTreated,,,,MILL RD AT ACUSHNET RIVER,ACUSHNET RIVER,24007794,2024-01-16 20:26:23
NEW017,2024-01-16,13:20,Public Notification Report,Initial-Ceased,CSO - UnTreated,,,,DAVID ST & RFB,OUTER NEW BEDFORD HARBOR,24007796,2024-01-16 20:32:30
NEW018,2024-01-16,12:55,Public Notification Report,Initial-Ceased,CSO - UnTreated,,,,COVE ST AND E. RODNEY FRENCH BLVD,OUTER NEW BEDFORD HARBOR,24007797,2024-01-16 20:37:20
NEW003,2024-01-16,10:15,Public Notification Report,Initial-Ceased,CSO - UnTreated,,,,COVE RD & PADNARAM AVE,CLARK COVE,24007798,2024-01-16 20:39:14
NEW023,2024-01-16,10:45,Public Notification Report,Initial-Ceased,CSO - UnTreated,,,,COFFIN AVE,ACUSHNET RIVER,24007799,2024-01-16 20:41:35
NEW006,2024-01-16,15:15,Public Notification Report,Initial-Ceased,CSO - UnTreated,,,,LUCAS STREET & RFB,CLARK COVE,24007800,2024-01-16 20:43:50
NEW031,2024-01-16,11:40,Public Notification Report,Initial-Ceased,CSO - UnTreated,,,,CONWAY ST AT BUZZARDS BAY,INNER NEW BEDFORD HARBOR,24007801,2024-01-16 20:45:41
NEW003,2024-01-16,10:15,Verified Data Report,,CSO - UnTreated,5h 10m,897280,0.57,COVE RD & PADNARAM AVE,CLARK COVE,24008119,2024-02-15 12:35:50
NEW006,2024-01-16,15:15,Verified Data Report,,CSO - UnTreated,0h 30m,10180,0.57,LUCAS STREET & RFB,CLARK COVE,24008120,2024-02-15 12:36:41
NEW017,2024-01-16,13:20,Verified Data Report,,CSO - UnTreated,1h 10m,94120,0.57,DAVID ST & RFB,OUTER NEW BEDFORD HARBOR,24008121,2024-02-15 12:38:07
NEW018,2024-01-16,12:55,Verified Data Report,,CSO - UnTreated,2h 5m,466500,0.57,COVE ST AND E. RODNEY FRENCH BLVD,OUTER NEW BEDFORD HARBOR,24008125,2024-02-15 12:50:09
NEW023,2024-01-16,10:45,Verified Data Report,,CSO - UnTreated,4h 45m,5773040,0.81,COFFIN AVE,ACUSHNET RIVER,24008126,2024-02-15 12:52:01
NEW027,2024-01-16,11:55,Verified Data Report,,CSO - UnTreated,2h 15m,33300,0.81,MILL RD AT ACUSHNET RIVER,ACUSHNET RIVER,24008128,2024-02-15 12:54:49
NEW031,2024-01-16,11:40,Verified Data Report,,CSO - UnTreated,5h 10m,1158050,0.57,CONWAY ST AT BUZZARDS BAY,INNER NEW BEDFORD HARBOR,24008130,2024-02-15 12:57:36
NEW003,2024-01-24,11:20,Public Notification Report,Initial-Ceased,CSO - UnTreated,,,,COVE RD & PADNARAM AVE,CLARK COVE,24007865,2024-01-24 18:21:24
NEW023,2024-01-24,21:25,Public Notification Report,Initial-Ceased,CSO - UnTreated,,,,COFFIN AVE,ACUSHNET RIVER,24007877,2024-01-26 07:47:39
NEW003,2024-01-24,20:20,Public Notification Report,Initial-Ceased,CSO - UnTreated,,,,COVE RD & PADNARAM AVE,CLARK COVE,24007879,2024-01-26 07:50:04
NEW003,2024-01-24,20:20,Verified Data Report,,CSO - UnTreated,12h 5m,641350,1.07,COVE RD & PADNARAM AVE,CLARK COVE,24008132,2024-02-15 12:58:52
NEW003,2024-01-24,11:20,Verified Data Report,,CSO - UnTreated,0h 35m,6130,1.07,COVE RD & PADNARAM AVE,CLARK COVE,24008133,2024-02-15 13:03:21
NEW023,2024-01-24,21:25,Verified Data Report,,CSO - UnTreated,3h 15m,44660,2.10,COFFIN AVE,ACUSHNET RIVER,24008134,2024-02-15 13:06:49
NEW023,2024-01-25,04:35,Public Notification Report,Initial-Ceased,CSO - UnTreated,,,,COFFIN AVE,ACUSHNET RIVER,24007878,2024-01-26 07:48:57
NEW023,2024-01-25,04:35,Verified Data Report,,CSO - UnTreated,0h 55m,110520,2.10,COFFIN AVE,ACUSHNET RIVER,24008135,2024-02-15 13:09:22
NEW023,2024-01-26,06:10,Public Notification Report,Initial-Ceased,CSO - UnTreated,,,,COFFIN AVE,ACUSHNET RIVER,24007880,2024-01-26 07:51:18
NEW003,2024-01-26,06:10,Public Notification Report,Initial-Ceased,CSO - UnTreated,,,,COVE RD & PADNARAM AVE,CLARK COVE,24007881,2024-01-26 07:52:24
NEW031,2024-01-26,08:20,Public Notification Report,Initial-Ceased,CSO - UnTreated,,,,CONWAY ST AT BUZZARDS BAY,INNER NEW BEDFORD HARBOR,24007900,2024-01-26 22:06:38
NEW003,2024-01-26,06:10,Verified Data Report,,CSO - UnTreated,5h 35m,506420,1.07,COVE RD & PADNARAM AVE,CLARK COVE,24008137,2024-02-15 13:19:08
NEW023,2024-01-26,06:10,Verified Data Report,,CSO - UnTreated,4h 55m,2101880,2.10,COFFIN AVE,ACUSHNET RIVER,24008138,2024-02-15 13:20:30
NEW031,2024-01-26,08:20,Verified Data Report,,CSO - UnTreated,3h 0m,3450,1.07,CONWAY ST AT BUZZARDS BAY,INNER NEW BEDFORD HARBOR,24008142,2024-02-15 13:24:04
NEW003,2024-01-26,06:30,Verified Data Report,,CSO - UnTreated,16h 40m,1765710,0.87,COVE RD & PADNARAM AVE,CLARK COVE,24008143,2024-02-15 13:26:09
NEW018,2024-01-26,11:15,Verified Data Report,,CSO - UnTreated,1h 35m,227230,0.87,COVE ST AND E. RODNEY FRENCH BLVD,OUTER NEW BEDFORD HARBOR,24008147,2024-02-15 13:31:38
NEW031,2024-01-28,18:35,Public Notification Report,Initial-Ceased,CSO - UnTreated,,,,CONWAY ST AT BUZZARDS BAY,INNER NEW BEDFORD HARBOR,24007907,2024-01-28 20:36:55
NEW023,2024-01-28,07:05,Public Notification Report,Initial-Ceased,CSO - UnTreated,,,,COFFIN AVE,ACUSHNET RIVER,24007908,2024-01-28 20:38:45
NEW003,2024-01-28,06:30,Public Notification Report,Initial-Ceased,CSO - UnTreated,,,,COVE RD & PADNARAM AVE,CLARK COVE,24007909,2024-01-28 20:40:51
NEW031,2024-01-28,08:55,Public Notification Report,Initial-Ceased,CSO - UnTreated,,,,CONWAY ST AT BUZZARDS BAY,INNER NEW BEDFORD HARBOR,24007910,2024-01-28 20:42:37
NEW018,2024-01-28,11:15,Public Notification Report,Initial-Ceased,CSO - UnTreated,,,,COVE ST AND E. RODNEY FRENCH BLVD,OUTER NEW BEDFORD HARBOR,24007911,2024-01-28 20:44:13
NEW027,2024-01-28,11:35,Public Notification Report,Initial-Ceased,CSO - UnTreated,,,,MILL RD AT ACUSHNET RIVER,ACUSHNET RIVER,24007912,2024-01-28 20:47:22
NEW023,2024-01-28,07:05,Verified Data Report,,CSO - UnTreated,15h 45m,5465690,2.10,COFFIN AVE,ACUSHNET RIVER,24008153,2024-02-15 13:42:27
NEW027,2024-01-28,11:35,Verified Data Report,,CSO - UnTreated,0h 25m,1090,2.10,MILL RD AT ACUSHNET RIVER,ACUSHNET RIVER,24008155,2024-02-15 13:43:50
NEW031,2024-01-28,18:35,Verified Data Report,,CSO - UnTreated,2h 5m,10630,0.87,CONWAY ST AT BUZZARDS BAY,INNER NEW BEDFORD HARBOR,24008156,2024-02-15 13:44:46
NEW031,2024-01-28,08:55,Verified Data Report,,CSO - UnTreated,4h 55m,654430,0.87,CONWAY ST AT BUZZARDS BAY,INNER NEW BEDFORD HARBOR,24008158,2024-02-15 13:46:18
NEW003,2024-02-13,06:15,Public Notification Report,Initial-Ceased,CSO - UnTreated,,,,COVE RD & PADNARAM AVE,CLARK COVE,24008049,2024-02-13 15:28:50
NEW023,2024-02-13,06:15,Public Notification Report,Initial-Ceased,CSO - UnTreated,,,,COFFIN AVE,ACUSHNET RIVER,24008050,2024-02-13 15:31:52
NEW003,2024-02-13,16:25,Public Notification Report,Initial-Ceased,CSO - UnTreated,,,,COVE RD & PADNARAM AVE,CLARK COVE,24008051,2024-02-13 20:46:17
NEW003,2024-02-13,16:25,Verified Data Report,,CSO - UnTreated,1h 5m,12410,0.92,COVE RD & PADNARAM AVE,CLARK COVE,24008389,2024-03-08 11:09:47
NEW003,2024-02-13,06:15,Verified Data Report,,CSO - UnTreated,2h 20m,230540,0.92,COVE RD & PADNARAM AVE,CLARK COVE,24008390,2024-03-08 11:10:25
NEW023,2024-02-13,06:15,Verified Data Report,,CSO - UnTreated,1h 10m,28610,0.57,COFFIN AVE,ACUSHNET RIVER,24008475,2024-03-12 09:52:23
NEW023,2024-02-13,19:15,Verified Data Report,,CSO - UnTreated,2h 40m,1782070,0.32,COFFIN AVE,ACUSHNET RIVER,24008480,2024-03-13 07:57:59
NEW003,2024-02-23,19:10,Public Notification Report,Initial-Ceased,CSO - UnTreated,,,,COVE RD & PADNARAM AVE,CLARK COVE,24008200,2024-02-24 07:45:33
NEW023,2024-02-23,19:15,Public Notification Report,Initial-Ceased,CSO - UnTreated,,,,COFFIN AVE,ACUSHNET RIVER,24008201,2024-02-24 07:47:30
NEW035,2024-02-23,19:15,Public Notification Report,Initial-Ceased,CSO - UnTreated,,,,MAXFIELD ST AT BUZZARDS BAY,INNER NEW BEDFORD HARBOR,24008202,2024-02-24 07:49:01
NEW003,2024-02-23,19:10,Verified Data Report,,CSO - UnTreated,2h 40m,1782070,0.32,COVE RD & PADNARAM AVE,CLARK COVE,24008479,2024-03-13 07:54:56
NEW035,2024-02-23,19:15,Verified Data Report,,CSO - UnTreated,1h 0m,23010,0.32,MAXFIELD ST AT BUZZARDS BAY,INNER NEW BEDFORD HARBOR,24008482,2024-03-13 08:53:20
NEW003,2024-02-27,23:20,Public Notification Report,Initial-Ceased,CSO - UnTreated,,,,COVE RD & PADNARAM AVE,CLARK COVE,24008207,2024-02-28 13:19:34
NEW031,2024-02-27,23:55,Public Notification Report,Initial-Ceased,CSO - UnTreated,,,,CONWAY ST AT BUZZARDS BAY,INNER NEW BEDFORD HARBOR,24008208,2024-02-28 13:21:07
NEW023,2024-02-27,23:20,Public Notification Report,Initial-Ceased,CSO - UnTreated,,,,COFFIN AVE,ACUSHNET RIVER,24008209,2024-02-28 13:22:37
NEW035,2024-02-27,23:15,Public Notification Report,Initial-Ceased,CSO - UnTreated,,,,MAXFIELD ST AT BUZZARDS BAY,INNER NEW BEDFORD HARBOR,24008210,2024-02-28 13:25:50
NEW027,2024-02-27,23:55,Public Notification Report,Initial-Ceased,CSO - UnTreated,,,,MILL RD AT ACUSHNET RIVER,ACUSHNET RIVER,24008211,2024-02-28 13:27:05
NEW018,2024-02-27,23:45,Public Notification Report,Initial-Ceased,CSO - UnTreated,,,,COVE ST AND E. RODNEY FRENCH BLVD,OUTER NEW BEDFORD HARBOR,24008212,2024-02-28 13:28:07
NEW003,2024-02-27,23:20,Verified Data Report,,CSO - UnTreated,11h 30m,2375830,1.61,COVE RD & PADNARAM AVE,CLARK COVE,24008483,2024-03-13 08:55:43
NEW018,2024-02-27,23:45,Verified Data Report,,CSO - UnTreated,3h 40m,735580,1.61,COVE ST AND E. RODNEY FRENCH BLVD,OUTER NEW BEDFORD HARBOR,24008496,2024-03-14 10:32:49
NEW023,2024-02-27,23:20,Verified Data Report,,CSO - UnTreated,10h 45m,9831620,2.29,COFFIN AVE,ACUSHNET RIVER,24008497,2024-03-14 11:14:24
NEW027,2024-02-27,23:55,Verified Data Report,,CSO - UnTreated,8h 35m,142030,2.29,MILL RD AT ACUSHNET RIVER,ACUSHNET RIVER,24008498,2024-03-14 15:16:26
NEW031,2024-02-27,23:55,Verified Data Report,,CSO - UnTreated,10h 30m,2358930,1.61,CONWAY ST AT BUZZARDS BAY,INNER NEW BEDFORD HARBOR,24008499,2024-03-14 15:20:11
NEW035,2024-02-27,23:15,Verified Data Report,,CSO - UnTreated,10h 10m,808970,2.29,MAXFIELD ST AT BUZZARDS BAY,INNER NEW BEDFORD HARBOR,24008500,2024-03-14 15:24:58
NEW031,2024-02-28,23:25,Public Notification Report,Initial-Ceased,CSO - UnTreated,,,,CONWAY ST AT BUZZARDS BAY,INNER NEW BEDFORD HARBOR,24008225,2024-02-29 08:20:25
NEW003,2024-02-28,19:50,Public Notification Report,Initial-Ceased,CSO - UnTreated,,,,COVE RD & PADNARAM AVE,CLARK COVE,24008226,2024-02-29 08:21:26
NEW023,2024-02-28,19:45,Public Notification Report,Initial-Ceased,CSO - UnTreated,,,,COFFIN AVE,ACUSHNET RIVER,24008227,2024-02-29 08:23:00
NEW035,2024-02-28,19:40,Public Notification Report,Initial-Ceased,CSO - UnTreated,,,,MAXFIELD ST AT BUZZARDS BAY,INNER NEW BEDFORD HARBOR,24008228,2024-02-29 08:24:01
NEW018,2024-02-28,01:15,Public Notification Report,Initial-Ceased,CSO - UnTreated,,,,COVE ST AND E. RODNEY FRENCH BLVD,OUTER NEW BEDFORD HARBOR,24008229,2024-02-29 08:33:23
NEW027,2024-02-28,23:40,Public Notification Report,Initial-Ceased,CSO - UnTreated,,,,MILL RD AT ACUSHNET RIVER,ACUSHNET RIVER,24008230,2024-02-29 08:34:32
NEW003,2024-02-28,19:50,Verified Data Report,,CSO - UnTreated,6h 55m,909460,1.61,COVE RD & PADNARAM AVE,CLARK COVE,24008501,2024-03-14 15:31:17
NEW018,2024-02-28,01:15,Verified Data Report,,CSO - UnTreated,0h 10m,70,1.61,COVE ST AND E. RODNEY FRENCH BLVD,OUTER NEW BEDFORD HARBOR,24008502,2024-03-14 16:01:06
NEW023,2024-02-28,19:45,Verified Data Report,,CSO - UnTreated,6h 10m,2490840,2.29,COFFIN AVE,ACUSHNET RIVER,24008503,2024-03-14 16:16:10
NEW027,2024-02-28,23:40,Verified Data Report,,CSO - UnTreated,1h 35m,1350,2.29,MILL RD AT ACUSHNET RIVER,ACUSHNET RIVER,24008504,2024-03-14 16:20:00
NEW031,2024-02-28,23:25,Verified Data Report,,CSO - UnTreated,3h 20m,532610,1.61,CONWAY ST AT BUZZARDS BAY,INNER NEW BEDFORD HARBOR,24008505,2024-03-14 16:20:56
NEW035,2024-02-28,19:40,Verified Data Report,,CSO - UnTreated,6h 0m,224650,2.29,MAXFIELD ST AT BUZZARDS BAY,INNER NEW BEDFORD HARBOR,24008506,2024-03-14 16:24:08
NEW031,2024-03-02,17:25,Public Notification Report,Initial-Ceased,CSO - UnTreated,,,,CONWAY ST AT BUZZARDS BAY,INNER NEW BEDFORD HARBOR,24008259,2024-03-03 06:51:10
NEW003,2024-03-02,16:25,Public Notification Report,Initial-Ceased,CSO - UnTreated,,,,COVE RD & PADNARAM AVE,CLARK COVE,24008260,2024-03-03 06:53:02
NEW023,2024-03-02,16:35,Public Notification Report,Initial-Ceased,CSO - UnTreated,,,,COFFIN AVE,ACUSHNET RIVER,24008261,2024-03-03 06:54:43
NEW035,2024-03-02,16:25,Public Notification Report,Initial-Ceased,CSO - UnTreated,,,,MAXFIELD ST AT BUZZARDS BAY,INNER NEW BEDFORD HARBOR,24008262,2024-03-03 06:56:24
NEW018,2024-03-02,18:45,Public Notification Report,Initial-Ceased,CSO - UnTreated,,,,COVE ST AND E. RODNEY FRENCH BLVD,OUTER NEW BEDFORD HARBOR,24008263,2024-03-03 06:58:02
NEW027,2024-03-02,20:45,Public Notification Report,Initial-Ceased,CSO - UnTreated,,,,MILL RD AT ACUSHNET RIVER,ACUSHNET RIVER,24008264,2024-03-03 07:01:16
NEW017,2024-03-02,22:35,Public Notification Report,Initial-Ceased,CSO - UnTreated,,,,DAVID ST & RFB,OUTER NEW BEDFORD HARBOR,24008265,2024-03-03 07:03:18
NEW006,2024-03-02,22:45,Public Notification Report,Initial-Ceased,CSO - UnTreated,,,,LUCAS STREET & RFB,CLARK COVE,24008266,2024-03-03 07:05:04
NEW005,2024-03-02,22:50,Public Notification Report,Initial-Ceased,CSO - UnTreated,,,,DUDLEY & RFB,CLARK COVE,24008267,2024-03-03 07:06:59
NEW004,2024-03-02,23:54,Public Notification Report,Initial-Ceased,CSO - UnTreated,,,,HURRICAN BARRIER CLARK'S COVE PUMP STATION,CLARK COVE,24008279,2024-03-03 07:46:32
NEW003,2024-03-02,16:25,Verified Data Report,,CSO - UnTreated,13h 0m,2740880,1.17,COVE RD & PADNARAM AVE,CLARK COVE,24008888,2024-04-10 10:37:09
NEW004,2024-03-02,23:55,Verified Data Report,,CSO - UnTreated,1h 0m,3000000,1.17,HURRICAN BARRIER CLARK'S COVE PUMP STATION,CLARK COVE,24008889,2024-04-10 10:40:53
NEW005,2024-03-02,22:50,Verified Data Report,,CSO - UnTreated,0h 45m,2620,1.17,DUDLEY & RFB,CLARK COVE,24008890,2024-04-10 10:49:37
NEW006,2024-03-02,22:45,Verified Data Report,,CSO - UnTreated,1h 40m,124520,1.17,LUCAS STREET & RFB,CLARK COVE,24008891,2024-04-10 10:57:54
NEW018,2024-03-02,18:45,Verified Data Report,,CSO - UnTreated,8h 50m,901380,1.17,COVE ST AND E. RODNEY FRENCH BLVD,OUTER NEW BEDFORD HARBOR,24009092,2024-04-15 08:33:42
NEW023,2024-03-02,16:35,Verified Data Report,,CSO - UnTreated,11h 10m,9264550,1.93,COFFIN AVE,ACUSHNET RIVER,24009093,2024-04-15 08:37:08
NEW027,2024-03-02,20:45,Verified Data Report,,CSO - UnTreated,6h 45m,498320,1.93,MILL RD AT ACUSHNET RIVER,ACUSHNET RIVER,24009094,2024-04-15 08:52:49
NEW031,2024-03-02,17:25,Verified Data Report,,CSO - UnTreated,12h 0m,2951010,1.70,CONWAY ST AT BUZZARDS BAY,INNER NEW BEDFORD HARBOR,24009095,2024-04-15 08:57:06
NEW035,2024-03-02,16:25,Verified Data Report,,CSO - UnTreated,11h 20m,914610,1.93,MAXFIELD ST AT BUZZARDS BAY,INNER NEW BEDFORD HARBOR,24009096,2024-04-15 09:02:34
NEW003,2024-03-05,12:35,Public Notification Report,Initial-Ceased,CSO - UnTreated,,,,COVE RD & PADNARAM AVE,CLARK COVE,24008309,2024-03-05 20:34:53
NEW031,2024-03-05,17:10,Public Notification Report,Initial-Ceased,CSO - UnTreated,,,,CONWAY ST AT BUZZARDS BAY,INNER NEW BEDFORD HARBOR,24008310,2024-03-05 20:36:30
NEW023,2024-03-05,12:40,Public Notification Report,Initial-Ceased,CSO - UnTreated,,,,COFFIN AVE,ACUSHNET RIVER,24008311,2024-03-05 20:38:48
NEW035,2024-03-05,16:35,Public Notification Report,Initial-Ceased,CSO - UnTreated,,,,MAXFIELD ST AT BUZZARDS BAY,INNER NEW BEDFORD HARBOR,24008312,2024-03-05 20:40:48
NEW035,2024-03-05,12:30,Public Notification Report,Initial-Ceased,CSO - UnTreated,,,,MAXFIELD ST AT BUZZARDS BAY,INNER NEW BEDFORD HARBOR,24008313,2024-03-05 20:43:24
NEW003,2024-03-05,12:35,Verified Data Report,,CSO - UnTreated,6h 15m,333510,1.57,COVE RD & PADNARAM AVE,CLARK COVE,24009097,2024-04-15 09:08:22
NEW023,2024-03-05,12:40,Verified Data Report,,CSO - UnTreated,5h 0m,330790,1.76,COFFIN AVE,ACUSHNET RIVER,24009098,2024-04-15 09:12:44
NEW031,2024-03-05,17:10,Verified Data Report,,CSO - UnTreated,0h 45m,9890,1.57,CONWAY ST AT BUZZARDS BAY,INNER NEW BEDFORD HARBOR,24009099,2024-04-15 09:14:57
NEW035,2024-03-05,16:35,Verified Data Report,,CSO - UnTreated,0h 20m,10690,1.76,MAXFIELD ST AT BUZZARDS BAY,INNER NEW BEDFORD HARBOR,24009100,2024-04-15 09:16:57
NEW035,2024-03-05,16:35,Verified Data Report,,CSO - UnTreated,0h 35m,34200,1.76,MAXFIELD ST AT BUZZARDS BAY,INNER NEW BEDFORD HARBOR,24009101,2024-04-15 09:19:30
NEW003,2024-03-06,15:45,Public Notification Report,Initial-Ceased,CSO - UnTreated,,,,COVE RD & PADNARAM AVE,CLARK COVE,24008315,2024-03-07 07:25:06
NEW023,2024-03-06,16:30,Public Notification Report,Initial-Ceased,CSO - UnTreated,,,,COFFIN AVE,ACUSHNET RIVER,24008316,2024-03-07 07:26:29
NEW035,2024-03-06,16:20,Public Notification Report,Initial-Ceased,CSO - UnTreated,,,,MAXFIELD ST AT BUZZARDS BAY,INNER NEW BEDFORD HARBOR,24008317,2024-03-07 07:27:33
NEW023,2024-03-06,23:15,Public Notification Report,Initial-Ceased,CSO - UnTreated,,,,COFFIN AVE,ACUSHNET RIVER,24008328,2024-03-07 10:51:48
NEW018,2024-03-06,23:35,Public Notification Report,Initial-Ceased,CSO - UnTreated,,,,COVE ST AND E. RODNEY FRENCH BLVD,OUTER NEW BEDFORD HARBOR,24008331,2024-03-07 10:53:24
NEW027,2024-03-06,23:45,Public Notification Report,Initial-Ceased,CSO - UnTreated,,,,MILL RD AT ACUSHNET RIVER,ACUSHNET RIVER,24008334,2024-03-07 10:54:43
NEW035,2024-03-06,23:05,Public Notification Report,Initial-Ceased,CSO - UnTreated,,,,MAXFIELD ST AT BUZZARDS BAY,INNER NEW BEDFORD HARBOR,24008335,2024-03-07 10:55:50
NEW017,2024-03-06,23:40,Public Notification Report,Initial-Ceased,CSO - UnTreated,,,,DAVID ST & RFB,OUTER NEW BEDFORD HARBOR,24008338,2024-03-07 10:58:37
NEW005,2024-03-06,11:35,Public Notification Report,Initial-Ceased,CSO - UnTreated,,,,DUDLEY & RFB,CLARK COVE,24008341,2024-03-07 11:11:48
NEW003,2024-03-06,15:45,Verified Data Report,,CSO - UnTreated,1h 40m,162390,1.57,COVE RD & PADNARAM AVE,CLARK COVE,24009102,2024-04-15 09:26:12
NEW005,2024-03-06,11:35,Verified Data Report,,CSO - UnTreated,2h 15m,182170,1.57,DUDLEY & RFB,CLARK COVE,24009103,2024-04-15 09:34:13
NEW017,2024-03-06,23:40,Verified Data Report,,CSO - UnTreated,3h 20m,3332050,1.57,DAVID ST & RFB,OUTER NEW BEDFORD HARBOR,24009104,2024-04-15 09:37:05
NEW018,2024-03-06,23:35,Verified Data Report,,CSO - UnTreated,7h 20m,1120700,1.57,COVE ST AND E. RODNEY FRENCH BLVD,OUTER NEW BEDFORD HARBOR,24009105,2024-04-15 09:44:24
NEW023,2024-03-06,16:30,Verified Data Report,,CSO - UnTreated,0h 45m,126290,1.76,COFFIN AVE,ACUSHNET RIVER,24009106,2024-04-15 09:47:05
NEW023,2024-03-06,16:30,Verified Data Report,,CSO - UnTreated,8h 20m,7163000,1.76,COFFIN AVE,ACUSHNET RIVER,24009107,2024-04-15 09:48:19
NEW027,2024-03-06,23:45,Verified Data Report,,CSO - UnTreated,7h 5m,454380,1.76,MILL RD AT ACUSHNET RIVER,ACUSHNET RIVER,24009108,2024-04-15 09:50:25
NEW035,2024-03-06,16:20,Verified Data Report,,CSO - UnTreated,0h 20m,4610,1.76,MAXFIELD ST AT BUZZARDS BAY,INNER NEW BEDFORD HARBOR,24009109,2024-04-15 09:51:54
NEW035,2024-03-06,16:20,Verified Data Report,,CSO - UnTreated,7h 45m,738860,1.76,MAXFIELD ST AT BUZZARDS BAY,INNER NEW BEDFORD HARBOR,24009110,2024-04-15 09:52:49
NEW003,2024-03-06,22:35,Verified Data Report,,CSO - UnTreated,12h 25m,2376120,1.57,COVE RD & PADNARAM AVE,CLARK COVE,24009113,2024-04-15 10:01:18
NEW031,2024-03-06,23:35,Verified Data Report,,CSO - UnTreated,9h 20m,2141540,1.57,CONWAY ST AT BUZZARDS BAY,INNER NEW BEDFORD HARBOR,24009114,2024-04-15 10:03:22
NEW017,2024-03-07,06:40,Public Notification Report,Initial-Ceased,CSO - UnTreated,,,,DAVID ST & RFB,OUTER NEW BEDFORD HARBOR,24008336,2024-03-07 10:57:23
NEW006,2024-03-07,00:45,Public Notification Report,Initial-Ceased,CSO - UnTreated,,,,LUCAS STREET & RFB,CLARK COVE,24008340,2024-03-07 11:06:29
NEW008,2024-03-07,01:20,Public Notification Report,Initial-Ceased,CSO - UnTreated,,,,CALUMET ST & RFB,CLARK COVE,24008342,2024-03-07 11:12:48
NEW003,2024-03-07,19:35,Public Notification Report,Initial-Ceased,CSO - UnTreated,,,,COVE RD & PADNARAM AVE,CLARK COVE,24008388,2024-03-08 07:46:53
NEW003,2024-03-07,19:35,Verified Data Report,,CSO - UnTreated,1h 10m,116320,1.57,COVE RD & PADNARAM AVE,CLARK COVE,24009115,2024-04-15 10:05:39
NEW006,2024-03-07,00:45,Verified Data Report,,CSO - UnTreated,2h 0m,394680,1.57,LUCAS STREET & RFB,CLARK COVE,24009116,2024-04-15 10:09:50
NEW008,2024-03-07,01:20,Verified Data Report,,CSO - UnTreated,0h 10m,5530,1.57,CALUMET ST & RFB,CLARK COVE,24009117,2024-04-15 10:12:36
NEW017,2024-03-07,06:40,Verified Data Report,,CSO - UnTreated,0h 5m,710,1.57,DAVID ST & RFB,OUTER NEW BEDFORD HARBOR,24009118,2024-04-15 10:13:49
NEW031,2024-03-09,23:25,Public Notification Report,Initial-Ceased,CSO - UnTreated,,,,CONWAY ST AT BUZZARDS BAY,INNER NEW BEDFORD HARBOR,24008401,2024-03-10 12:49:23
NEW003,2024-03-09,23:00,Public Notification Report,Initial-Ceased,CSO - UnTreated,,,,COVE RD & PADNARAM AVE,CLARK COVE,24008402,2024-03-10 12:51:08
NEW023,2024-03-09,22:50,Public Notification Report,Initial-Ceased,CSO - UnTreated,,,,COFFIN AVE,ACUSHNET RIVER,24008403,2024-03-10 12:52:43
NEW027,2024-03-09,23:25,Public Notification Report,Initial-Ceased,CSO - UnTreated,,,,MILL RD AT ACUSHNET RIVER,ACUSHNET RIVER,24008404,2024-03-10 12:54:20
NEW035,2024-03-09,22:55,Public Notification Report,Initial-Ceased,CSO - UnTreated,,,,MAXFIELD ST AT BUZZARDS BAY,INNER NEW BEDFORD HARBOR,24008405,2024-03-10 12:55:42
NEW003,2024-03-09,23:00,Verified Data Report,,CSO - UnTreated,14h 10m,2784200,1.21,COVE RD & PADNARAM AVE,CLARK COVE,24009119,2024-04-15 10:24:16
NEW023,2024-03-09,22:50,Verified Data Report,,CSO - UnTreated,10h 55m,14149100,2.08,COFFIN AVE,ACUSHNET RIVER,24009120,2024-04-15 10:26:38
NEW027,2024-03-09,23:25,Verified Data Report,,CSO - UnTreated,9h 55m,1186750,2.08,MILL RD AT ACUSHNET RIVER,ACUSHNET RIVER,24009121,2024-04-15 10:41:23
NEW031,2024-03-09,23:25,Verified Data Report,,CSO - UnTreated,22h 25m,3275910,1.21,CONWAY ST AT BUZZARDS BAY,INNER NEW BEDFORD HARBOR,24009122,2024-04-15 10:44:15
NEW035,2024-03-09,22:55,Verified Data Report,,CSO - UnTreated,7h 45m,992510,2.08,MAXFIELD ST AT BUZZARDS BAY,INNER NEW BEDFORD HARBOR,24009123,2024-04-15 10:45:29
NEW018,2024-03-10,00:00,Public Notification Report,Initial-Ceased,CSO - UnTreated,,,,COVE ST AND E. RODNEY FRENCH BLVD,OUTER NEW BEDFORD HARBOR,24008406,2024-03-10 12:57:20
NEW003,2024-03-10,23:25,Public Notification Report,Initial-Ceased,CSO - UnTreated,,,,COVE RD & PADNARAM AVE,CLARK COVE,24008453,2024-03-11 14:58:51
NEW003,2024-03-10,23:25,Verified Data Report,,CSO - UnTreated,0h 40m,230,1.21,COVE RD & PADNARAM AVE,CLARK COVE,24009124,2024-04-15 11:01:03
NEW018,2024-03-10,00:00,Verified Data Report,,CSO - UnTreated,6h 0m,1356820,1.21,COVE ST AND E. RODNEY FRENCH BLVD,OUTER NEW BEDFORD HARBOR,24009125,2024-04-15 11:04:07
NEW018,2024-03-23,16:35,Public Notification Report,Initial-Ceased,CSO - UnTreated,,,,COVE ST AND E. RODNEY FRENCH BLVD,OUTER NEW BEDFORD HARBOR,24008518,2024-03-23 16:56:54
NEW027,2024-03-23,15:05,Public Notification Report,Initial-Ceased,CSO - UnTreated,,,,MILL RD AT ACUSHNET RIVER,ACUSHNET RIVER,24008519,2024-03-23 16:58:31
NEW023,2024-03-23,13:05,Public Notification Report,Initial-Ceased,CSO - UnTreated,,,,COFFIN AVE,ACUSHNET RIVER,24008520,2024-03-23 17:00:13
NEW031,2024-03-23,14:00,Public Notification Report,Initial-Ceased,CSO - UnTreated,,,,CONWAY ST AT BUZZARDS BAY,INNER NEW BEDFORD HARBOR,24008521,2024-03-23 17:01:55
NEW035,2024-03-23,12:55,Public Notification Report,Initial-Ceased,CSO - UnTreated,,,,MAXFIELD ST AT BUZZARDS BAY,INNER NEW BEDFORD HARBOR,24008522,2024-03-23 17:04:33
NEW003,2024-03-23,12:50,Public Notification Report,Initial-Ceased,CSO - UnTreated,,,,COVE RD & PADNARAM AVE,CLARK COVE,24008523,2024-03-23 17:06:49
NEW017,2024-03-23,17:35,Public Notification Report,Initial-Ceased,CSO - UnTreated,,,,DAVID ST & RFB,OUTER NEW BEDFORD HARBOR,24008553,2024-03-24 07:30:13
NEW006,2024-03-23,18:20,Public Notification Report,Initial-Ceased,CSO - UnTreated,,,,LUCAS STREET & RFB,CLARK COVE,24008554,2024-03-24 07:32:00
NEW005,2024-03-23,17:30,Public Notification Report,Initial-Ceased,CSO - UnTreated,,,,DUDLEY & RFB,CLARK COVE,24008555,2024-03-24 07:33:56
NEW005,2024-03-23,21:05,Public Notification Report,Initial-Ceased,CSO - UnTreated,,,,DUDLEY & RFB,CLARK COVE,24008556,2024-03-24 07:35:29
NEW004,2024-03-23,19:00,Public Notification Report,Initial-Ceased,CSO - UnTreated,,,,HURRICAN BARRIER CLARK'S COVE PUMP STATION,CLARK COVE,24008608,2024-03-26 14:05:02
NEW003,2024-03-23,12:50,Verified Data Report,,CSO - UnTreated,11h 25m,2334010,1.54,COVE RD & PADNARAM AVE,CLARK COVE,24009126,2024-04-15 11:09:33
NEW004,2024-03-23,19:00,Verified Data Report,,CSO - UnTreated,3h 30m,4750000,1.84,HURRICAN BARRIER CLARK'S COVE PUMP STATION,CLARK COVE,24009127,2024-04-15 11:12:23
NEW005,2024-03-23,21:05,Verified Data Report,,CSO - UnTreated,0h 15m,5880,1.54,DUDLEY & RFB,CLARK COVE,24009128,2024-04-15 11:14:49
NEW006,2024-03-23,18:20,Verified Data Report,,CSO - UnTreated,4h 45m,77750,1.54,LUCAS STREET & RFB,CLARK COVE,24009129,2024-04-15 11:15:46
NEW017,2024-03-23,17:35,Verified Data Report,,CSO - UnTreated,6h 0m,6558020,1.54,DAVID ST & RFB,OUTER NEW BEDFORD HARBOR,24009130,2024-04-15 11:17:55
NEW018,2024-03-23,16:35,Verified Data Report,,CSO - UnTreated,6h 55m,2015720,1.54,COVE ST AND E. RODNEY FRENCH BLVD,OUTER NEW BEDFORD HARBOR,24009131,2024-04-15 17:13:58
NEW023,2024-03-23,13:05,Verified Data Report,,CSO - UnTreated,10h 50m,11953520,1.97,COFFIN AVE,ACUSHNET RIVER,24009132,2024-04-15 17:15:21
NEW027,2024-03-23,15:05,Verified Data Report,,CSO - UnTreated,8h 30m,408820,1.97,MILL RD AT ACUSHNET RIVER,ACUSHNET RIVER,24009133,2024-04-15 17:16:33
NEW031,2024-03-23,14:00,Verified Data Report,,CSO - UnTreated,10h 50m,2741050,1.54,CONWAY ST AT BUZZARDS BAY,INNER NEW BEDFORD HARBOR,24009134,2024-04-15 17:17:49
NEW035,2024-03-23,12:55,Verified Data Report,,CSO - UnTreated,10h 45m,715650,1.97,MAXFIELD ST AT BUZZARDS BAY,INNER NEW BEDFORD HARBOR,24009135,2024-04-15 17:32:02
NEW023,2024-03-28,11:50,Public Notification Report,Initial-Ongoing,CSO - UnTreated,,,,COFFIN AVE,ACUSHNET RIVER,24008626,2024-03-28 18:58:26
NEW027,2024-03-28,18:00,Public Notification Report,Initial-Ongoing,CSO - UnTreated,,,,MILL RD AT ACUSHNET RIVER,ACUSHNET RIVER,24008627,2024-03-28 19:11:13
NEW031,2024-03-28,12:30,Public Notification Report,Initial-Ongoing,CSO - UnTreated,,,,CONWAY ST AT BUZZARDS BAY,INNER NEW BEDFORD HARBOR,24008628,2024-03-28 19:14:03
NEW036,2024-03-28,11:45,Public Notification Report,Initial-Ongoing,CSO - UnTreated,,,,HERVEY TICHON AVE AT BUSSARDS BAY,INNER NEW BEDFORD HARBOR,24008629,2024-03-28 19:18:22
NEW003,2024-03-28,09:55,Public Notification Report,Initial-Ongoing,CSO - UnTreated,,,,COVE RD & PADNARAM AVE,CLARK COVE,24008630,2024-03-28 19:22:34
NEW003,2024-03-28,06:05,Public Notification Report,Initial-Ceased,CSO - UnTreated,,,,COVE RD & PADNARAM AVE,CLARK COVE,24008631,2024-03-28 19:25:12
NEW018,2024-03-28,21:25,Public Notification Report,Initial-Ceased,CSO - UnTreated,,,,COVE ST AND E. RODNEY FRENCH BLVD,OUTER NEW BEDFORD HARBOR,24008652,2024-03-29 07:46:55
NEW017,2024-03-28,21:30,Public Notification Report,Initial-Ceased,CSO - UnTreated,,,,DAVID ST & RFB,OUTER NEW BEDFORD HARBOR,24008653,2024-03-29 07:48:40
NEW003,2024-03-28,06:05,Verified Data Report,,CSO - UnTreated,0h 20m,2140,1.79,COVE RD & PADNARAM AVE,CLARK COVE,24009136,2024-04-15 17:34:39
NEW003,2024-03-28,06:05,Verified Data Report,,CSO - UnTreated,27h 55m,3671120,1.79,COVE RD & PADNARAM AVE,CLARK COVE,24009137,2024-04-15 17:35:39
NEW017,2024-03-28,21:30,Verified Data Report,,CSO - UnTreated,3h 15m,4516970,1.79,DAVID ST & RFB,OUTER NEW BEDFORD HARBOR,24009138,2024-04-15 17:42:41
NEW018,2024-03-28,21:25,Verified Data Report,,CSO - UnTreated,3h 30m,1025330,1.79,COVE ST AND E. RODNEY FRENCH BLVD,OUTER NEW BEDFORD HARBOR,24009139,2024-04-15 17:43:41
NEW023,2024-03-28,11:50,Verified Data Report,,CSO - UnTreated,17h 35m,6543590,1.98,COFFIN AVE,ACUSHNET RIVER,24009140,2024-04-15 17:52:56
NEW027,2024-03-28,18:00,Verified Data Report,,CSO - UnTreated,5h 50m,67790,1.98,MILL RD AT ACUSHNET RIVER,ACUSHNET RIVER,24009141,2024-04-15 17:54:29
NEW031,2024-03-28,12:30,Verified Data Report,,CSO - UnTreated,25h 10m,2240650,1.79,CONWAY ST AT BUZZARDS BAY,INNER NEW BEDFORD HARBOR,24009142,2024-04-15 17:55:26
NEW036,2024-03-28,11:45,Verified Data Report,,CSO - UnTreated,24h 15m,574140,1.98,HERVEY TICHON AVE AT BUSSARDS BAY,INNER NEW BEDFORD HARBOR,24009144,2024-04-15 18:02:27
NEW027,2024-03-29,03:35,Public Notification Report,Initial-Ceased,CSO - UnTreated,,,,MILL RD AT ACUSHNET RIVER,ACUSHNET RIVER,24008651,2024-03-29 07:45:05
NEW023,2024-03-29,09:25,Public Notification Report,Initial-Ongoing,CSO - UnTreated,,,,COFFIN AVE,ACUSHNET RIVER,24008659,2024-03-29 10:58:25
NEW023,2024-03-29,09:25,Verified Data Report,,CSO - UnTreated,3h 5m,916910,1.98,COFFIN AVE,ACUSHNET RIVER,24009145,2024-04-15 18:04:49
NEW027,2024-03-29,03:35,Verified Data Report,,CSO - UnTreated,1h 20m,12980,1.98,MILL RD AT ACUSHNET RIVER,ACUSHNET RIVER,24009146,2024-04-15 18:05:30
NEW023,2024-04-02,19:50,Public Notification Report,Initial-Ceased,CSO - UnTreated,,,,COFFIN AVE,ACUSHNET RIVER,24008680,2024-04-03 08:12:03
NEW003,2024-04-02,21:45,Public Notification Report,Initial-Ceased,CSO - UnTreated,,,,COVE RD & PADNARAM AVE,CLARK COVE,24008681,2024-04-03 08:12:53
NEW035,2024-04-02,21:55,Public Notification Report,Initial-Ceased,CSO - UnTreated,,,,MAXFIELD ST AT BUZZARDS BAY,INNER NEW BEDFORD HARBOR,24008682,2024-04-03 08:15:03
NEW003,2024-04-02,21:45,Verified Data Report,,CSO - UnTreated,1h 0m,82580,2.33,COVE RD & PADNARAM AVE,CLARK COVE,24009367,2024-05-14 08:50:56
NEW023,2024-04-02,19:50,Verified Data Report,,CSO - UnTreated,2h 45m,22360,2.33,COFFIN AVE,ACUSHNET RIVER,24009368,2024-05-14 08:52:18
NEW035,2024-04-02,21:55,Verified Data Report,,CSO - UnTreated,0h 15m,10100,2.34,MAXFIELD ST AT BUZZARDS BAY,INNER NEW BEDFORD HARBOR,24009405,2024-05-15 07:52:56
NEW003,2024-04-03,11:10,Public Notification Report,Initial-Ceased,CSO - UnTreated,,,,COVE RD & PADNARAM AVE,CLARK COVE,24008685,2024-04-03 16:02:50
NEW027,2024-04-03,19:45,Public Notification Report,Initial-Ceased,CSO - UnTreated,,,,MILL RD AT ACUSHNET RIVER,ACUSHNET RIVER,24008695,2024-04-04 07:45:16
NEW031,2024-04-03,19:40,Public Notification Report,Initial-Ceased,CSO - UnTreated,,,,CONWAY ST AT BUZZARDS BAY,INNER NEW BEDFORD HARBOR,24008696,2024-04-04 07:46:14
NEW017,2024-04-03,19:35,Public Notification Report,Initial-Ceased,CSO - UnTreated,,,,DAVID ST & RFB,OUTER NEW BEDFORD HARBOR,24008697,2024-04-04 07:47:21
NEW018,2024-04-03,19:20,Public Notification Report,Initial-Ceased,CSO - UnTreated,,,,COVE ST AND E. RODNEY FRENCH BLVD,OUTER NEW BEDFORD HARBOR,24008698,2024-04-04 07:48:06
NEW035,2024-04-03,19:05,Public Notification Report,Initial-Ceased,CSO - UnTreated,,,,MAXFIELD ST AT BUZZARDS BAY,INNER NEW BEDFORD HARBOR,24008699,2024-04-04 07:48:52
NEW023,2024-04-03,17:15,Public Notification Report,Initial-Ceased,CSO - UnTreated,,,,COFFIN AVE,ACUSHNET RIVER,24008700,2024-04-04 07:49:48
NEW003,2024-04-03,16:25,Public Notification Report,Initial-Ceased,CSO - UnTreated,,,,COVE RD & PADNARAM AVE,CLARK COVE,24008701,2024-04-04 07:50:46
NEW003,2024-04-03,16:25,Verified Data Report,,CSO - UnTreated,0h 50m,57210,2.33,COVE RD & PADNARAM AVE,CLARK COVE,24009406,2024-05-15 08:41:34
NEW003,2024-04-03,16:25,Verified Data Report,,CSO - UnTreated,22h 55m,3938360,2.33,COVE RD & PADNARAM AVE,CLARK COVE,24009407,2024-05-15 08:48:27
NEW017,2024-04-03,19:35,Verified Data Report,,CSO - UnTreated,12h 40m,400000,2.34,DAVID ST & RFB,OUTER NEW BEDFORD HARBOR,24009408,2024-05-15 08:51:02
NEW018,2024-04-03,19:20,Verified Data Report,,CSO - UnTreated,12h 15m,2967310,2.33,COVE ST AND E. RODNEY FRENCH BLVD,OUTER NEW BEDFORD HARBOR,24009409,2024-05-15 08:57:22
NEW023,2024-04-03,17:15,Verified Data Report,,CSO - UnTreated,17h 55m,13155410,2.34,COFFIN AVE,ACUSHNET RIVER,24009416,2024-05-15 09:54:07
NEW027,2024-04-03,19:45,Verified Data Report,,CSO - UnTreated,12h 15m,600520,2.34,MILL RD AT ACUSHNET RIVER,ACUSHNET RIVER,24009417,2024-05-15 09:55:07
NEW031,2024-04-03,19:40,Verified Data Report,,CSO - UnTreated,18h 55m,4496310,2.33,CONWAY ST AT BUZZARDS BAY,INNER NEW BEDFORD HARBOR,24009419,2024-05-15 09:56:46
NEW035,2024-04-03,19:05,Verified Data Report,,CSO - UnTreated,16h 0m,813300,2.34,MAXFIELD ST AT BUZZARDS BAY,INNER NEW BEDFORD HARBOR,24009420,2024-05-15 11:31:21
NEW016,2024-04-04,02:30,Public Notification Report,Initial-Ceased,CSO - UnTreated,,,,FREDERICK ST & RFB,OUTER NEW BEDFORD HARBOR,24008689,2024-04-04 07:36:34
NEW004,2024-04-04,02:00,Public Notification Report,Initial-Ceased,CSO - UnTreated,,,,HURRICAN BARRIER CLARK'S COVE PUMP STATION,CLARK COVE,24008690,2024-04-04 07:38:02
NEW010,2024-04-04,01:45,Public Notification Report,Initial-Ceased,CSO - UnTreated,,,,BELLEVUE ST & RFB,CLARK COVE,24008691,2024-04-04 07:41:49
NEW008,2024-04-04,01:35,Public Notification Report,Initial-Ceased,CSO - UnTreated,,,,CALUMET ST & RFB,CLARK COVE,24008692,2024-04-04 07:42:36
NEW006,2024-04-04,01:10,Public Notification Report,Initial-Ceased,CSO - UnTreated,,,,LUCAS STREET & RFB,CLARK COVE,24008693,2024-04-04 07:43:29
NEW005,2024-04-04,01:05,Public Notification Report,Initial-Ceased,CSO - UnTreated,,,,DUDLEY & RFB,CLARK COVE,24008694,2024-04-04 07:44:23
NEW004,2024-04-04,02:00,Verified Data Report,,CSO - UnTreated,3h 0m,4500000,2.20,HURRICAN BARRIER CLARK'S COVE PUMP STATION,CLARK COVE,24009430,2024-05-15 15:44:24
NEW005,2024-04-04,01:05,Verified Data Report,,CSO - UnTreated,2h 35m,395670,2.33,DUDLEY & RFB,CLARK COVE,24009431,2024-05-15 15:49:10
NEW006,2024-04-04,01:10,Verified Data Report,,CSO - UnTreated,4h 40m,1350230,2.33,LUCAS STREET & RFB,CLARK COVE,24009432,2024-05-15 15:56:37
NEW008,2024-04-04,01:35,Verified Data Report,,CSO - UnTreated,1h 25m,80000,2.33,CALUMET ST & RFB,CLARK COVE,24009434,2024-05-15 16:04:39
NEW010,2024-04-04,01:45,Verified Data Report,,CSO - UnTreated,1h 0m,2960,2.33,BELLEVUE ST & RFB,CLARK COVE,24009437,2024-05-15 16:09:38
NEW016,2024-04-04,02:30,Verified Data Report,,CSO - UnTreated,0h 30m,30610,2.33,FREDERICK ST & RFB,OUTER NEW BEDFORD HARBOR,24009440,2024-05-15 16:10:50
NEW035,2024-04-06,15:35,Public Notification Report,Initial-Ceased,CSO - UnTreated,,,,MAXFIELD ST AT BUZZARDS BAY,INNER NEW BEDFORD HARBOR,24008764,2024-04-07 06:31:29
NEW023,2024-04-06,15:45,Public Notification Report,Initial-Ceased,CSO - UnTreated,,,,COFFIN AVE,ACUSHNET RIVER,24008765,2024-04-07 06:32:20
NEW003,2024-04-06,15:55,Public Notification Report,Initial-Ceased,CSO - UnTreated,,,,COVE RD & PADNARAM AVE,CLARK COVE,24008766,2024-04-07 06:34:08
NEW031,2024-04-06,16:25,Public Notification Report,Initial-Ceased,CSO - UnTreated,,,,CONWAY ST AT BUZZARDS BAY,INNER NEW BEDFORD HARBOR,24008767,2024-04-07 06:35:24
NEW035,2024-04-06,19:15,Public Notification Report,Initial-Ceased,CSO - UnTreated,,,,MAXFIELD ST AT BUZZARDS BAY,INNER NEW BEDFORD HARBOR,24008768,2024-04-07 06:36:24
NEW003,2024-04-06,15:55,Verified Data Report,,CSO - UnTreated,4h 25m,177180,0.12,COVE RD & PADNARAM AVE,CLARK COVE,24009441,2024-05-15 16:13:33
NEW023,2024-04-06,15:45,Verified Data Report,,CSO - UnTreated,4h 20m,437590,0.19,COFFIN AVE,ACUSHNET RIVER,24009442,2024-05-15 16:14:58
NEW031,2024-04-06,16:25,Verified Data Report,,CSO - UnTreated,0h 10m,140,0.12,CONWAY ST AT BUZZARDS BAY,INNER NEW BEDFORD HARBOR,24009443,2024-05-15 16:19:32
NEW035,2024-04-06,19:15,Verified Data Report,,CSO - UnTreated,0h 30m,23590,0.19,MAXFIELD ST AT BUZZARDS BAY,INNER NEW BEDFORD HARBOR,24009444,2024-05-15 16:21:49
NEW035,2024-04-06,19:15,Verified Data Report,,CSO - UnTreated,0h 5m,1150,0.19,MAXFIELD ST AT BUZZARDS BAY,INNER NEW BEDFORD HARBOR,24009445,2024-05-15 16:22:45
NEW035,2024-04-12,04:55,Public Notification Report,Initial-Ceased,CSO - UnTreated,,,,MAXFIELD ST AT BUZZARDS BAY,INNER NEW BEDFORD HARBOR,24008981,2024-04-12 15:16:26
NEW003,2024-04-12,05:05,Public Notification Report,Initial-Ceased,CSO - UnTreated,,,,COVE RD & PADNARAM AVE,CLARK COVE,24008982,2024-04-12 15:17:37
NEW023,2024-04-12,05:05,Public Notification Report,Initial-Ceased,CSO - UnTreated,,,,COFFIN AVE,ACUSHNET RIVER,24008983,2024-04-12 15:19:53
NEW017,2024-04-12,05:10,Public Notification Report,Initial-Ceased,CSO - UnTreated,,,,DAVID ST & RFB,OUTER NEW BEDFORD HARBOR,24008984,2024-04-12 15:20:36
NEW027,2024-04-12,05:20,Public Notification Report,Initial-Ceased,CSO - UnTreated,,,,MILL RD AT ACUSHNET RIVER,ACUSHNET RIVER,24008985,2024-04-12 15:24:59
NEW031,2024-04-12,05:35,Public Notification Report,Initial-Ceased,CSO - UnTreated,,,,CONWAY ST AT BUZZARDS BAY,INNER NEW BEDFORD HARBOR,24008986,2024-04-12 15:25:40
NEW017,2024-04-12,09:50,Public Notification Report,Initial-Ceased,CSO - UnTreated,,,,DAVID ST & RFB,OUTER NEW BEDFORD HARBOR,24008987,2024-04-12 15:26:16
NEW003,2024-04-12,05:05,Verified Data Report,,CSO - UnTreated,16h 50m,1605950,0.74,COVE RD & PADNARAM AVE,CLARK COVE,24009446,2024-05-15 16:24:54
NEW017,2024-04-12,09:50,Verified Data Report,,CSO - UnTreated,1h 25m,233770,0.74,DAVID ST & RFB,OUTER NEW BEDFORD HARBOR,24009447,2024-05-15 16:26:10
NEW017,2024-04-12,09:50,Verified Data Report,,CSO - UnTreated,0h 55m,214090,0.74,DAVID ST & RFB,OUTER NEW BEDFORD HARBOR,24009448,2024-05-15 16:26:47
NEW023,2024-04-12,05:05,Verified Data Report,,CSO - UnTreated,6h 35m,5745710,0.78,COFFIN AVE,ACUSHNET RIVER,24009449,2024-05-15 16:33:14
NEW027,2024-04-12,05:20,Verified Data Report,,CSO - UnTreated,5h 10m,121960,0.78,MILL RD AT ACUSHNET RIVER,ACUSHNET RIVER,24009450,2024-05-15 16:35:45
NEW031,2024-04-12,05:35,Verified Data Report,,CSO - UnTreated,6h 40m,1005110,0.74,CONWAY ST AT BUZZARDS BAY,INNER NEW BEDFORD HARBOR,24009451,2024-05-15 17:01:21
NEW035,2024-04-12,04:55,Verified Data Report,,CSO - UnTreated,5h 25m,365620,0.78,MAXFIELD ST AT BUZZARDS BAY,INNER NEW BEDFORD HARBOR,24009452,2024-05-15 17:02:47
NEW003,2024-04-15,23:25,Public Notification Report,Initial-Ceased,CSO - UnTreated,,,,COVE RD & PADNARAM AVE,CLARK COVE,24009147,2024-04-16 07:18:07
NEW023,2024-04-15,23:01,Public Notification Report,Initial-Ceased,CSO - UnTreated,,,,COFFIN AVE,ACUSHNET RIVER,24009148,2024-04-16 07:20:13
NEW035,2024-04-15,23:05,Public Notification Report,Initial-Ceased,CSO - UnTreated,,,,MAXFIELD ST AT BUZZARDS BAY,INNER NEW BEDFORD HARBOR,24009149,2024-04-16 07:26:46
NEW003,2024-04-15,23:25,Verified Data Report,,CSO - UnTreated,1h 45m,125070,0.11,COVE RD & PADNARAM AVE,CLARK COVE,24009453,2024-05-15 17:03:54
NEW023,2024-04-15,23:10,Verified Data Report,,CSO - UnTreated,0h 55m,107870,0.06,COFFIN AVE,ACUSHNET RIVER,24009454,2024-05-15 17:05:30
NEW035,2024-04-15,23:05,Verified Data Report,,CSO - UnTreated,0h 15m,4050,0.06,MAXFIELD ST AT BUZZARDS BAY,INNER NEW BEDFORD HARBOR,24009455,2024-05-15 17:06:27
NEW003,2024-04-18,19:25,Public Notification Report,Initial-Ceased,CSO - UnTreated,,,,COVE RD & PADNARAM AVE,CLARK COVE,24009189,2024-04-19 08:02:08
NEW003,2024-04-18,19:25,Verified Data Report,,CSO - UnTreated,1h 15m,91020,0.13,COVE RD & PADNARAM AVE,CLARK COVE,24009456,2024-05-15 17:09:41
NEW003,2024-04-20,21:15,Public Notification Report,Initial-Ceased,CSO - UnTreated,,,,COVE RD & PADNARAM AVE,CLARK COVE,24009202,2024-04-20 22:27:50
NEW003,2024-04-20,21:15,Public Notification Report,Initial-Ceased,CSO - UnTreated,,,,COVE RD & PADNARAM AVE,CLARK COVE,24009203,2024-04-20 22:29:22
NEW023,2024-04-20,21:00,Public Notification Report,Initial-Ceased,CSO - UnTreated,,,,COFFIN AVE,ACUSHNET RIVER,24009204,2024-04-20 22:30:51
NEW035,2024-04-20,20:55,Public Notification Report,Initial-Ceased,CSO - UnTreated,,,,MAXFIELD ST AT BUZZARDS BAY,INNER NEW BEDFORD HARBOR,24009205,2024-04-20 22:32:43
NEW003,2024-04-20,10:05,Public Notification Report,Initial-Ceased,CSO - UnTreated,,,,COVE RD & PADNARAM AVE,CLARK COVE,24009206,2024-04-20 22:33:56
NEW031,2024-04-20,10:55,Public Notification Report,Initial-Ceased,CSO - UnTreated,,,,CONWAY ST AT BUZZARDS BAY,INNER NEW BEDFORD HARBOR,24009207,2024-04-20 22:35:04
NEW023,2024-04-20,10:10,Public Notification Report,Initial-Ceased,CSO - UnTreated,,,,COFFIN AVE,ACUSHNET RIVER,24009208,2024-04-20 22:36:10
NEW035,2024-04-20,10:00,Public Notification Report,Initial-Ceased,CSO - UnTreated,,,,MAXFIELD ST AT BUZZARDS BAY,INNER NEW BEDFORD HARBOR,24009209,2024-04-20 22:37:14
NEW018,2024-04-20,10:10,Public Notification Report,Initial-Ceased,CSO - UnTreated,,,,COVE ST AND E. RODNEY FRENCH BLVD,OUTER NEW BEDFORD HARBOR,24009210,2024-04-20 22:38:08
NEW003,2024-04-20,21:15,Verified Data Report,,CSO - UnTreated,0h 35m,40450,0.38,COVE RD & PADNARAM AVE,CLARK COVE,24009457,2024-05-15 17:11:35
NEW003,2024-04-20,21:15,Verified Data Report,,CSO - UnTreated,2h 50m,408140,0.38,COVE RD & PADNARAM AVE,CLARK COVE,24009458,2024-05-15 17:12:11
NEW018,2024-04-20,10:10,Verified Data Report,,CSO - UnTreated,0h 5m,330,0.38,COVE ST AND E. RODNEY FRENCH BLVD,OUTER NEW BEDFORD HARBOR,24009459,2024-05-15 17:14:11
NEW023,2024-04-20,21:00,Verified Data Report,,CSO - UnTreated,0h 30m,239980,0.48,COFFIN AVE,ACUSHNET RIVER,24009460,2024-05-15 17:15:54
NEW023,2024-04-20,21:00,Verified Data Report,,CSO - UnTreated,2h 10m,369730,0.48,COFFIN AVE,ACUSHNET RIVER,24009461,2024-05-15 17:16:47
NEW031,2024-04-20,10:55,Verified Data Report,,CSO - UnTreated,1h 45m,25910,0.38,CONWAY ST AT BUZZARDS BAY,INNER NEW BEDFORD HARBOR,24009462,2024-05-15 17:17:47
NEW035,2024-04-20,20:55,Verified Data Report,,CSO - UnTreated,0h 25m,43530,0.48,MAXFIELD ST AT BUZZARDS BAY,INNER NEW BEDFORD HARBOR,24009463,2024-05-15 17:19:21
NEW035,2024-04-20,20:55,Verified Data Report,,CSO - UnTreated,2h 15m,52370,0.48,MAXFIELD ST AT BUZZARDS BAY,INNER NEW BEDFORD HARBOR,24009464,2024-05-15 17:20:29
NEW003,2024-05-05,23:50,Public Notification Report,Initial-Ceased,CSO - UnTreated,,,,COVE RD & PADNARAM AVE,CLARK COVE,24009260,2024-05-06 08:33:39
NEW003,2024-05-05,23:50,Verified Data Report,,CSO - UnTreated,4h 10m,322058,0.43,COVE RD & PADNARAM AVE,CLARK COVE,24009879,2024-06-13 13:40:57
NEW035,2024-05-06,00:05,Public Notification Report,Initial-Ceased,CSO - UnTreated,,,,MAXFIELD ST AT BUZZARDS BAY,INNER NEW BEDFORD HARBOR,24009261,2024-05-06 08:34:38
NEW023,2024-05-06,00:15,Public Notification Report,Initial-Ceased,CSO - UnTreated,,,,COFFIN AVE,ACUSHNET RIVER,24009262,2024-05-06 08:35:23
NEW023,2024-05-06,00:15,Verified Data Report,,CSO - UnTreated,0h 45m,133617,0.40,COFFIN AVE,ACUSHNET RIVER,24009867,2024-06-13 13:26:26
NEW035,2024-05-06,00:05,Verified Data Report,,CSO - UnTreated,2h 10m,47251,0.40,MAXFIELD ST AT BUZZARDS BAY,INNER NEW BEDFORD HARBOR,24009868,2024-06-13 13:34:48
NEW018,2024-05-08,20:15,Public Notification Report,Initial-Ceased,CSO - UnTreated,,,,COVE ST AND E. RODNEY FRENCH BLVD,OUTER NEW BEDFORD HARBOR,24009271,2024-05-08 20:46:39
NEW016,2024-05-08,20:10,Public Notification Report,Initial-Ceased,CSO - UnTreated,,,,FREDERICK ST & RFB,OUTER NEW BEDFORD HARBOR,24009272,2024-05-08 20:47:51
NEW017,2024-05-08,20:10,Public Notification Report,Initial-Ceased,CSO - UnTreated,,,,DAVID ST & RFB,OUTER NEW BEDFORD HARBOR,24009273,2024-05-08 20:48:53
NEW031,2024-05-08,20:00,Public Notification Report,Initial-Ceased,CSO - UnTreated,,,,CONWAY ST AT BUZZARDS BAY,INNER NEW BEDFORD HARBOR,24009274,2024-05-08 20:49:59
NEW003,2024-05-08,19:45,Public Notification Report,Initial-Ceased,CSO - UnTreated,,,,COVE RD & PADNARAM AVE,CLARK COVE,24009275,2024-05-08 20:51:07
NEW007,2024-05-08,20:15,Public Notification Report,Initial-Ceased,CSO - UnTreated,,,,CAPITAL AND ROD. FRENCH BLVD,CLARK COVE,24009276,2024-05-08 20:52:12
NEW027,2024-05-08,20:00,Public Notification Report,Initial-Ceased,CSO - UnTreated,,,,MILL RD AT ACUSHNET RIVER,ACUSHNET RIVER,24009277,2024-05-08 20:53:25
NEW035,2024-05-08,19:35,Public Notification Report,Initial-Ceased,CSO - UnTreated,,,,MAXFIELD ST AT BUZZARDS BAY,INNER NEW BEDFORD HARBOR,24009278,2024-05-08 20:54:37
NEW023,2024-05-08,19:30,Public Notification Report,Initial-Ceased,CSO - UnTreated,,,,COFFIN AVE,ACUSHNET RIVER,24009279,2024-05-08 20:56:11
NEW031,2024-05-08,11:05,Public Notification Report,Initial-Ceased,CSO - UnTreated,,,,CONWAY ST AT BUZZARDS BAY,INNER NEW BEDFORD HARBOR,24009280,2024-05-08 20:58:16
NEW003,2024-05-08,10:30,Public Notification Report,Initial-Ceased,CSO - UnTreated,,,,COVE RD & PADNARAM AVE,CLARK COVE,24009281,2024-05-08 20:59:14
NEW023,2024-05-08,10:20,Public Notification Report,Initial-Ceased,CSO - UnTreated,,,,COFFIN AVE,ACUSHNET RIVER,24009282,2024-05-08 21:00:34
NEW017,2024-05-08,11:15,Public Notification Report,Initial-Ceased,CSO - UnTreated,,,,DAVID ST & RFB,OUTER NEW BEDFORD HARBOR,24009283,2024-05-08 21:01:40
NEW018,2024-05-08,10:55,Public Notification Report,Initial-Ceased,CSO - UnTreated,,,,COVE ST AND E. RODNEY FRENCH BLVD,OUTER NEW BEDFORD HARBOR,24009284,2024-05-08 21:02:44
NEW027,2024-05-08,11:05,Public Notification Report,Initial-Ceased,CSO - UnTreated,,,,MILL RD AT ACUSHNET RIVER,ACUSHNET RIVER,24009285,2024-05-08 21:03:49
NEW035,2024-05-08,10:15,Public Notification Report,Initial-Ceased,CSO - UnTreated,,,,MAXFIELD ST AT BUZZARDS BAY,INNER NEW BEDFORD HARBOR,24009286,2024-05-08 21:05:03
NEW003,2024-05-08,19:45,Verified Data Report,,CSO - UnTreated,5h 15m,835488,1.00,COVE RD & PADNARAM AVE,CLARK COVE,24009870,2024-06-13 13:36:15
NEW003,2024-05-08,19:45,Verified Data Report,,CSO - UnTreated,2h 25m,572344,1.00,COVE RD & PADNARAM AVE,CLARK COVE,24009872,2024-06-13 13:36:49
NEW007,2024-05-08,20:15,Verified Data Report,,CSO - UnTreated,0h 5m,36166,1.00,CAPITAL AND ROD. FRENCH BLVD,CLARK COVE,24009876,2024-06-13 13:39:56
NEW016,2024-05-08,20:10,Verified Data Report,,CSO - UnTreated,0h 45m,86790,1.00,FREDERICK ST & RFB,OUTER NEW BEDFORD HARBOR,24009882,2024-06-13 13:42:19
NEW017,2024-05-08,20:10,Verified Data Report,,CSO - UnTreated,1h 25m,633446,1.00,DAVID ST & RFB,OUTER NEW BEDFORD HARBOR,24009883,2024-06-13 13:43:05
NEW017,2024-05-08,20:10,Verified Data Report,,CSO - UnTreated,2h 15m,4606114,1.00,DAVID ST & RFB,OUTER NEW BEDFORD HARBOR,24009884,2024-06-13 13:44:14
NEW018,2024-05-08,10:55,Verified Data Report,,CSO - UnTreated,1h 40m,445639,1.00,COVE ST AND E. RODNEY FRENCH BLVD,OUTER NEW BEDFORD HARBOR,24009886,2024-06-13 13:47:01
NEW018,2024-05-08,10:55,Verified Data Report,,CSO - UnTreated,2h 35m,820095,1.00,COVE ST AND E. RODNEY FRENCH BLVD,OUTER NEW BEDFORD HARBOR,24009888,2024-06-13 13:47:31
NEW023,2024-05-08,19:30,Verified Data Report,,CSO - UnTreated,2h 30m,2173975,1.26,COFFIN AVE,ACUSHNET RIVER,24009889,2024-06-13 13:48:17
NEW023,2024-05-08,19:30,Verified Data Report,,CSO - UnTreated,2h 55m,6891850,1.26,COFFIN AVE,ACUSHNET RIVER,24009890,2024-06-13 13:48:48
NEW027,2024-05-08,11:05,Verified Data Report,,CSO - UnTreated,1h 10m,54179,1.26,MILL RD AT ACUSHNET RIVER,ACUSHNET RIVER,24009893,2024-06-13 13:50:27
NEW027,2024-05-08,11:05,Verified Data Report,,CSO - UnTreated,0h 35m,77557,1.26,MILL RD AT ACUSHNET RIVER,ACUSHNET RIVER,24009894,2024-06-13 13:53:08
NEW031,2024-05-08,11:05,Verified Data Report,,CSO - UnTreated,2h 20m,509614,1.00,CONWAY ST AT BUZZARDS BAY,INNER NEW BEDFORD HARBOR,24009895,2024-06-13 13:54:08
NEW031,2024-05-08,11:05,Verified Data Report,,CSO - UnTreated,2h 35m,593119,1.00,CONWAY ST AT BUZZARDS BAY,INNER NEW BEDFORD HARBOR,24009896,2024-06-13 13:54:40
NEW035,2024-05-08,19:35,Verified Data Report,,CSO - UnTreated,2h 0m,205370,1.26,MAXFIELD ST AT BUZZARDS BAY,INNER NEW BEDFORD HARBOR,24009897,2024-06-13 13:55:37
NEW035,2024-05-08,19:35,Verified Data Report,,CSO - UnTreated,2h 5m,589981,1.26,MAXFIELD ST AT BUZZARDS BAY,INNER NEW BEDFORD HARBOR,24009898,2024-06-13 13:56:33
NEW035,2024-05-15,12:40,Public Notification Report,Initial-Ceased,CSO - UnTreated,,,,MAXFIELD ST AT BUZZARDS BAY,INNER NEW BEDFORD HARBOR,24009465,2024-05-15 21:36:47
NEW003,2024-05-15,12:40,Public Notification Report,Initial-Ceased,CSO - UnTreated,,,,COVE RD & PADNARAM AVE,CLARK COVE,24009466,2024-05-15 21:37:57
NEW023,2024-05-15,12:50,Public Notification Report,Initial-Ceased,CSO - UnTreated,,,,COFFIN AVE,ACUSHNET RIVER,24009467,2024-05-15 21:39:05
NEW003,2024-05-15,19:30,Public Notification Report,Initial-Ceased,CSO - UnTreated,,,,COVE RD & PADNARAM AVE,CLARK COVE,24009468,2024-05-15 21:40:16
NEW035,2024-05-15,20:45,Public Notification Report,Initial-Ceased,CSO - UnTreated,,,,MAXFIELD ST AT BUZZARDS BAY,INNER NEW BEDFORD HARBOR,24009469,2024-05-15 21:42:47
NEW023,2024-05-15,21:15,Public Notification Report,Initial-Ceased,CSO - UnTreated,,,,COFFIN AVE,ACUSHNET RIVER,24009470,2024-05-15 21:44:01
NEW018,2024-05-15,20:55,Public Notification Report,Initial-Ceased,CSO - UnTreated,,,,COVE ST AND E. RODNEY FRENCH BLVD,OUTER NEW BEDFORD HARBOR,24009471,2024-05-15 21:45:02
NEW003,2024-05-15,19:30,Verified Data Report,,CSO - UnTreated,0h 25m,27255,3.94,COVE RD & PADNARAM AVE,CLARK COVE,24009899,2024-06-13 14:00:08
NEW003,2024-05-15,19:30,Verified Data Report,,CSO - UnTreated,20h 30m,8295154,3.94,COVE RD & PADNARAM AVE,CLARK COVE,24009900,2024-06-13 14:00:47
NEW018,2024-05-15,20:55,Verified Data Report,,CSO - UnTreated,21h 15m,5400093,3.94,COVE ST AND E. RODNEY FRENCH BLVD,OUTER NEW BEDFORD HARBOR,24009901,2024-06-13 14:01:40
NEW018,2024-05-15,20:55,Verified Data Report,,CSO - UnTreated,0h 25m,186133,3.53,COVE ST AND E. RODNEY FRENCH BLVD,OUTER NEW BEDFORD HARBOR,24009902,2024-06-13 14:02:51
NEW018,2024-05-15,20:55,Verified Data Report,,CSO - UnTreated,17h 10m,18453082,3.53,COVE ST AND E. RODNEY FRENCH BLVD,OUTER NEW BEDFORD HARBOR,24009903,2024-06-13 14:03:35
NEW035,2024-05-15,20:45,Verified Data Report,,CSO - UnTreated,0h 15m,14367,3.53,MAXFIELD ST AT BUZZARDS BAY,INNER NEW BEDFORD HARBOR,24009904,2024-06-13 14:04:09
NEW035,2024-05-15,20:45,Verified Data Report,,CSO - UnTreated,17h 45m,2113248,3.53,MAXFIELD ST AT BUZZARDS BAY,INNER NEW BEDFORD HARBOR,24009905,2024-06-13 14:04:36
NEW017,2024-05-16,01:00,Public Notification Report,Initial-Ceased,CSO - UnTreated,,,,DAVID ST & RFB,OUTER NEW BEDFORD HARBOR,24009476,2024-05-16 13:33:43
NEW006,2024-05-16,04:00,Public Notification Report,Initial-Ceased,CSO - UnTreated,,,,LUCAS STREET & RFB,CLARK COVE,24009477,2024-05-16 13:34:33
NEW031,2024-05-16,21:30,Public Notification Report,Initial-Ceased,CSO - UnTreated,,,,CONWAY ST AT BUZZARDS BAY,INNER NEW BEDFORD HARBOR,24009478,2024-05-16 13:35:38
NEW008,2024-05-16,05:05,Public Notification Report,Initial-Ceased,CSO - UnTreated,,,,CALUMET ST & RFB,CLARK COVE,24009479,2024-05-16 13:56:16
NEW027,2024-05-16,03:50,Public Notification Report,Initial-Ceased,CSO - UnTreated,,,,MILL RD AT ACUSHNET RIVER,ACUSHNET RIVER,24009480,2024-05-16 13:57:02
NEW005,2024-05-16,03:55,Public Notification Report,Initial-Ceased,CSO - UnTreated,,,,DUDLEY & RFB,CLARK COVE,24009481,2024-05-16 13:57:43
NEW016,2024-05-16,04:20,Public Notification Report,Initial-Ceased,CSO - UnTreated,,,,FREDERICK ST & RFB,OUTER NEW BEDFORD HARBOR,24009482,2024-05-16 13:58:31
NEW005,2024-05-16,03:55,Verified Data Report,,CSO - UnTreated,8h 25m,1143426,3.94,DUDLEY & RFB,CLARK COVE,24009906,2024-06-13 14:05:37
NEW006,2024-05-16,04:00,Verified Data Report,,CSO - UnTreated,9h 10m,2906937,3.94,LUCAS STREET & RFB,CLARK COVE,24009907,2024-06-13 14:06:51
NEW008,2024-05-16,05:05,Verified Data Report,,CSO - UnTreated,6h 20m,594677,3.94,CALUMET ST & RFB,CLARK COVE,24009908,2024-06-13 14:07:52
NEW016,2024-05-16,04:20,Verified Data Report,,CSO - UnTreated,4h 25m,226950,3.94,FREDERICK ST & RFB,OUTER NEW BEDFORD HARBOR,24009909,2024-06-13 14:08:29
NEW017,2024-05-16,01:00,Verified Data Report,,CSO - UnTreated,16h 15m,18452458,3.94,DAVID ST & RFB,OUTER NEW BEDFORD HARBOR,24009910,2024-06-13 14:09:54
NEW027,2024-05-16,03:50,Verified Data Report,,CSO - UnTreated,7h 35m,868937,3.53,MILL RD AT ACUSHNET RIVER,ACUSHNET RIVER,24009911,2024-06-13 14:10:56
NEW031,2024-05-16,21:30,Verified Data Report,,CSO - UnTreated,19h 35m,6015864,3.94,CONWAY ST AT BUZZARDS BAY,INNER NEW BEDFORD HARBOR,24009912,2024-06-13 14:11:46
NEW031,2024-05-18,13:15,Public Notification Report,Initial-Ceased,CSO - UnTreated,,,,CONWAY ST AT BUZZARDS BAY,INNER NEW BEDFORD HARBOR,24009495,2024-05-18 19:49:27
NEW003,2024-05-18,10:05,Public Notification Report,Initial-Ceased,CSO - UnTreated,,,,COVE RD & PADNARAM AVE,CLARK COVE,24009497,2024-05-18 19:50:35
NEW018,2024-05-18,12:45,Public Notification Report,Initial-Ceased,CSO - UnTreated,,,,COVE ST AND E. RODNEY FRENCH BLVD,OUTER NEW BEDFORD HARBOR,24009500,2024-05-18 19:52:55
NEW023,2024-05-18,10:20,Public Notification Report,Initial-Ceased,CSO - UnTreated,,,,COFFIN AVE,ACUSHNET RIVER,24009502,2024-05-18 19:54:29
NEW035,2024-05-18,10:05,Public Notification Report,Initial-Ceased,CSO - UnTreated,,,,MAXFIELD ST AT BUZZARDS BAY,INNER NEW BEDFORD HARBOR,24009503,2024-05-18 19:55:59
NEW003,2024-05-18,10:05,Verified Data Report,,CSO - UnTreated,3h 55m,477469,0.27,COVE RD & PADNARAM AVE,CLARK COVE,24009913,2024-06-13 14:14:30
NEW018,2024-05-18,12:45,Verified Data Report,,CSO - UnTreated,0h 35m,27380,0.27,COVE ST AND E. RODNEY FRENCH BLVD,OUTER NEW BEDFORD HARBOR,24009914,2024-06-13 14:16:04
NEW023,2024-05-18,10:20,Verified Data Report,,CSO - UnTreated,2h 55m,31268,0.26,COFFIN AVE,ACUSHNET RIVER,24009915,2024-06-13 14:16:42
NEW031,2024-05-18,13:15,Verified Data Report,,CSO - UnTreated,0h 45m,9128,0.27,CONWAY ST AT BUZZARDS BAY,INNER NEW BEDFORD HARBOR,24009916,2024-06-13 14:19:32
NEW035,2024-05-18,10:05,Verified Data Report,,CSO - UnTreated,3h 10m,26250,0.26,MAXFIELD ST AT BUZZARDS BAY,INNER NEW BEDFORD HARBOR,24009917,2024-06-13 14:22:32
NEW031,2024-05-23,11:25,Public Notification Report,Initial-Ceased,CSO - UnTreated,,,,CONWAY ST AT BUZZARDS BAY,INNER NEW BEDFORD HARBOR,24009539,2024-05-23 19:44:35
NEW018,2024-05-23,11:20,Public Notification Report,Initial-Ceased,CSO - UnTreated,,,,COVE ST AND E. RODNEY FRENCH BLVD,OUTER NEW BEDFORD HARBOR,24009540,2024-05-23 19:45:47
NEW023,2024-05-23,09:05,Public Notification Report,Initial-Ceased,CSO - UnTreated,,,,COFFIN AVE,ACUSHNET RIVER,24009541,2024-05-23 19:47:41
NEW035,2024-05-23,09:05,Public Notification Report,Initial-Ceased,CSO - UnTreated,,,,MAXFIELD ST AT BUZZARDS BAY,INNER NEW BEDFORD HARBOR,24009542,2024-05-23 19:50:54
NEW006,2024-05-23,12:05,Public Notification Report,Initial-Ceased,CSO - UnTreated,,,,LUCAS STREET & RFB,CLARK COVE,24009543,2024-05-23 19:52:47
NEW003,2024-05-23,11:15,Public Notification Report,Initial-Ceased,CSO - UnTreated,,,,COVE RD & PADNARAM AVE,CLARK COVE,24009544,2024-05-23 19:53:56
NEW004,2024-05-23,12:09,Public Notification Report,Initial-Ceased,CSO - UnTreated,,,,HURRICAN BARRIER CLARK'S COVE PUMP STATION,CLARK COVE,24009545,2024-05-23 19:55:17
NEW027,2024-05-23,11:25,Public Notification Report,Initial-Ceased,CSO - UnTreated,,,,MILL RD AT ACUSHNET RIVER,ACUSHNET RIVER,24009546,2024-05-23 19:57:03
NEW017,2024-05-23,11:20,Public Notification Report,Initial-Ceased,CSO - UnTreated,,,,DAVID ST & RFB,OUTER NEW BEDFORD HARBOR,24009547,2024-05-23 19:58:18
NEW008,2024-05-23,12:20,Public Notification Report,Initial-Ceased,CSO - UnTreated,,,,CALUMET ST & RFB,CLARK COVE,24009548,2024-05-23 19:59:12
NEW016,2024-05-23,12:10,Public Notification Report,Initial-Ceased,CSO - UnTreated,,,,FREDERICK ST & RFB,OUTER NEW BEDFORD HARBOR,24009549,2024-05-23 20:00:11
NEW007,2024-05-23,12:15,Public Notification Report,Initial-Ceased,CSO - UnTreated,,,,CAPITAL AND ROD. FRENCH BLVD,CLARK COVE,24009550,2024-05-23 20:01:10
NEW003,2024-05-23,11:15,Verified Data Report,,CSO - UnTreated,3h 15m,1040251,1.00,COVE RD & PADNARAM AVE,CLARK COVE,24009918,2024-06-13 14:23:32
NEW004,2024-05-23,12:09,Verified Data Report,,CSO - UnTreated,2h 5m,6985000,0.93,HURRICAN BARRIER CLARK'S COVE PUMP STATION,CLARK COVE,24009919,2024-06-13 14:24:21
NEW006,2024-05-23,12:05,Verified Data Report,,CSO - UnTreated,2h 25m,516163,1.00,LUCAS STREET & RFB,CLARK COVE,24009920,2024-06-13 14:25:52
NEW007,2024-05-23,12:15,Verified Data Report,,CSO - UnTreated,0h 5m,6237,1.00,CAPITAL AND ROD. FRENCH BLVD,CLARK COVE,24009921,2024-06-13 14:26:41
NEW008,2024-05-23,12:20,Verified Data Report,,CSO - UnTreated,0h 25m,32519,1.00,CALUMET ST & RFB,CLARK COVE,24009922,2024-06-13 14:27:27
NEW016,2024-05-23,12:10,Verified Data Report,,CSO - UnTreated,0h 25m,55882,1.00,FREDERICK ST & RFB,OUTER NEW BEDFORD HARBOR,24009923,2024-06-13 14:31:03
NEW017,2024-05-23,11:20,Verified Data Report,,CSO - UnTreated,2h 40m,1468599,1.00,DAVID ST & RFB,OUTER NEW BEDFORD HARBOR,24009924,2024-06-13 14:32:12
NEW018,2024-05-23,11:20,Verified Data Report,,CSO - UnTreated,4h 0m,1172407,1.00,COVE ST AND E. RODNEY FRENCH BLVD,OUTER NEW BEDFORD HARBOR,24009925,2024-06-13 14:37:16
NEW023,2024-05-23,09:05,Verified Data Report,,CSO - UnTreated,5h 35m,8565188,1.74,COFFIN AVE,ACUSHNET RIVER,24009926,2024-06-13 14:37:55
NEW027,2024-05-23,11:25,Verified Data Report,,CSO - UnTreated,2h 50m,278158,1.74,MILL RD AT ACUSHNET RIVER,ACUSHNET RIVER,24009927,2024-06-13 14:38:46
NEW031,2024-05-23,11:25,Verified Data Report,,CSO - UnTreated,4h 50m,1731287,1.00,CONWAY ST AT BUZZARDS BAY,INNER NEW BEDFORD HARBOR,24009928,2024-06-13 14:46:03
NEW035,2024-05-23,09:05,Verified Data Report,,CSO - UnTreated,5h 35m,4145664,1.74,MAXFIELD ST AT BUZZARDS BAY,INNER NEW BEDFORD HARBOR,24009929,2024-06-13 14:47:26
NEW018,2024-05-27,22:55,Public Notification Report,Initial-Ceased,CSO - UnTreated,,,,COVE ST AND E. RODNEY FRENCH BLVD,OUTER NEW BEDFORD HARBOR,24009574,2024-05-28 07:11:00
NEW031,2024-05-27,23:25,Public Notification Report,Initial-Ceased,CSO - UnTreated,,,,CONWAY ST AT BUZZARDS BAY,INNER NEW BEDFORD HARBOR,24009575,2024-05-28 07:13:55
NEW003,2024-05-27,22:55,Public Notification Report,Initial-Ceased,CSO - UnTreated,,,,COVE RD & PADNARAM AVE,CLARK COVE,24009576,2024-05-28 07:14:45
NEW023,2024-05-27,23:00,Public Notification Report,Initial-Ceased,CSO - UnTreated,,,,COFFIN AVE,ACUSHNET RIVER,24009578,2024-05-28 07:16:23
NEW035,2024-05-27,22:55,Public Notification Report,Initial-Ceased,CSO - UnTreated,,,,MAXFIELD ST AT BUZZARDS BAY,INNER NEW BEDFORD HARBOR,24009580,2024-05-28 07:19:11
NEW027,2024-05-27,23:15,Public Notification Report,Initial-Ceased,CSO - UnTreated,,,,MILL RD AT ACUSHNET RIVER,ACUSHNET RIVER,24009581,2024-05-28 07:20:19
NEW003,2024-05-27,22:55,Verified Data Report,,CSO - UnTreated,3h 55m,1501341,1.05,COVE RD & PADNARAM AVE,CLARK COVE,24009930,2024-06-13 14:48:47
NEW018,2024-05-27,22:55,Verified Data Report,,CSO - UnTreated,5h 50m,1457302,1.05,COVE ST AND E. RODNEY FRENCH BLVD,OUTER NEW BEDFORD HARBOR,24009931,2024-06-13 14:49:31
NEW023,2024-05-27,23:00,Verified Data Report,,CSO - UnTreated,4h 10m,7986215,0.96,COFFIN AVE,ACUSHNET RIVER,24009932,2024-06-13 14:50:43
NEW027,2024-05-27,23:15,Verified Data Report,,CSO - UnTreated,3h 5m,182274,0.96,MILL RD AT ACUSHNET RIVER,ACUSHNET RIVER,24009933,2024-06-13 14:51:28
NEW031,2024-05-27,23:25,Verified Data Report,,CSO - UnTreated,4h 55m,1344930,1.05,CONWAY ST AT BUZZARDS BAY,INNER NEW BEDFORD HARBOR,24009934,2024-06-13 14:52:11
NEW035,2024-05-27,22:55,Verified Data Report,,CSO - UnTreated,4h 0m,506303,0.96,MAXFIELD ST AT BUZZARDS BAY,INNER NEW BEDFORD HARBOR,24009935,2024-06-13 14:56:40
NEW017,2024-05-28,00:35,Public Notification Report,Initial-Ceased,CSO - UnTreated,,,,DAVID ST & RFB,OUTER NEW BEDFORD HARBOR,24009577,2024-05-28 07:15:33
NEW006,2024-05-28,01:25,Public Notification Report,Initial-Ceased,CSO - UnTreated,,,,LUCAS STREET & RFB,CLARK COVE,24009579,2024-05-28 07:17:44
NEW005,2024-05-28,11:55,Public Notification Report,Initial-Ceased,CSO - UnTreated,,,,DUDLEY & RFB,CLARK COVE,24009662,2024-05-29 07:12:51
NEW005,2024-05-28,11:55,Public Notification Report,Initial-Ceased,CSO - UnTreated,,,,DUDLEY & RFB,CLARK COVE,24009706,2024-05-31 07:32:03
NEW006,2024-05-28,01:25,Public Notification Report,Initial-Ceased,CSO - UnTreated,,,,LUCAS STREET & RFB,CLARK COVE,24009709,2024-05-31 08:02:05
NEW005,2024-05-28,11:55,Verified Data Report,,CSO - UnTreated,1h 25m,21385,1.05,DUDLEY & RFB,CLARK COVE,24009936,2024-06-13 14:57:38
NEW005,2024-05-28,11:55,Verified Data Report,,CSO - UnTreated,0h 5m,39514,1.05,DUDLEY & RFB,CLARK COVE,24009937,2024-06-13 14:58:06
NEW006,2024-05-28,01:25,Verified Data Report,,CSO - UnTreated,1h 40m,208104,1.05,LUCAS STREET & RFB,CLARK COVE,24009938,2024-06-13 14:59:09
NEW017,2024-05-28,00:35,Verified Data Report,,CSO - UnTreated,3h 5m,4400541,1.05,DAVID ST & RFB,OUTER NEW BEDFORD HARBOR,24009939,2024-06-13 14:59:51
NEW035,2024-05-30,10:40,Public Notification Report,Initial-Ceased,CSO - UnTreated,,,,MAXFIELD ST AT BUZZARDS BAY,INNER NEW BEDFORD HARBOR,24009707,2024-05-31 07:33:01
NEW003,2024-05-30,10:30,Public Notification Report,Initial-Ceased,CSO - UnTreated,,,,COVE RD & PADNARAM AVE,CLARK COVE,24009708,2024-05-31 07:33:56
NEW003,2024-05-30,10:30,Verified Data Report,,CSO - UnTreated,1h 0m,180177,0.16,COVE RD & PADNARAM AVE,CLARK COVE,24009940,2024-06-13 15:00:32
NEW035,2024-05-30,10:40,Verified Data Report,,CSO - UnTreated,0h 5m,56,0.20,MAXFIELD ST AT BUZZARDS BAY,INNER NEW BEDFORD HARBOR,24009941,2024-06-13 15:01:20
NEW035,2024-06-06,15:55,Public Notification Report,Initial-Ceased,CSO - UnTreated,,,,MAXFIELD ST AT BUZZARDS BAY,INNER NEW BEDFORD HARBOR,24009778,2024-06-06 21:27:26
NEW003,2024-06-06,15:05,Public Notification Report,Initial-Ceased,CSO - UnTreated,,,,COVE RD & PADNARAM AVE,CLARK COVE,24009779,2024-06-06 21:28:54
NEW003,2024-06-06,15:05,Verified Data Report,,CSO - UnTreated,3h 0m,398779,0.30,COVE RD & PADNARAM AVE,CLARK COVE,24010340,2024-07-10 10:50:31
NEW035,2024-06-06,15:55,Verified Data Report,,CSO - UnTreated,0h 5m,73,0.15,MAXFIELD ST AT BUZZARDS BAY,INNER NEW BEDFORD HARBOR,24010341,2024-07-10 10:52:35
NEW003,2024-06-09,12:40,Public Notification Report,Initial-Ceased,CSO - UnTreated,,,,COVE RD & PADNARAM AVE,CLARK COVE,24009839,2024-06-09 16:28:09
NEW031,2024-06-09,13:45,Public Notification Report,Initial-Ceased,CSO - UnTreated,,,,CONWAY ST AT BUZZARDS BAY,INNER NEW BEDFORD HARBOR,24009840,2024-06-09 16:29:46
NEW023,2024-06-09,12:35,Public Notification Report,Initial-Ceased,CSO - UnTreated,,,,COFFIN AVE,ACUSHNET RIVER,24009841,2024-06-09 16:31:29
NEW035,2024-06-09,12:30,Public Notification Report,Initial-Ceased,CSO - UnTreated,,,,MAXFIELD ST AT BUZZARDS BAY,INNER NEW BEDFORD HARBOR,24009842,2024-06-09 16:32:37
NEW003,2024-06-09,12:40,Verified Data Report,,CSO - UnTreated,1h 35m,244035,0.18,COVE RD & PADNARAM AVE,CLARK COVE,24010342,2024-07-10 11:26:46
NEW023,2024-06-09,12:35,Verified Data Report,,CSO - UnTreated,1h 10m,213011,0.15,COFFIN AVE,ACUSHNET RIVER,24010343,2024-07-10 11:28:20
NEW031,2024-06-09,13:45,Verified Data Report,,CSO - UnTreated,0h 5m,575,0.18,CONWAY ST AT BUZZARDS BAY,INNER NEW BEDFORD HARBOR,24010362,2024-07-11 08:33:38
NEW035,2024-06-09,12:30,Verified Data Report,,CSO - UnTreated,1h 0m,32898,0.15,MAXFIELD ST AT BUZZARDS BAY,INNER NEW BEDFORD HARBOR,24010363,2024-07-11 08:36:03
NEW003,2024-06-15,05:30,Public Notification Report,Initial-Ceased,CSO - UnTreated,,,,COVE RD & PADNARAM AVE,CLARK COVE,24009977,2024-06-15 09:47:06
NEW003,2024-06-15,05:30,Verified Data Report,,CSO - UnTreated,0h 40m,8145,0.14,COVE RD & PADNARAM AVE,CLARK COVE,24010364,2024-07-11 08:39:05
NEW027,2024-06-21,21:05,Public Notification Report,Initial-Ceased,CSO - UnTreated,,,,MILL RD AT ACUSHNET RIVER,ACUSHNET RIVER,24010047,2024-06-22 08:52:01
NEW035,2024-06-21,20:50,Public Notification Report,Initial-Ceased,CSO - UnTreated,,,,MAXFIELD ST AT BUZZARDS BAY,INNER NEW BEDFORD HARBOR,24010048,2024-06-22 08:53:31
NEW003,2024-06-21,20:55,Public Notification Report,Initial-Ceased,CSO - UnTreated,,,,COVE RD & PADNARAM AVE,CLARK COVE,24010049,2024-06-22 08:54:48
NEW017,2024-06-21,21:00,Public Notification Report,Initial-Ceased,CSO - UnTreated,,,,DAVID ST & RFB,OUTER NEW BEDFORD HARBOR,24010050,2024-06-22 08:55:58
NEW018,2024-06-21,21:00,Public Notification Report,Initial-Ceased,CSO - UnTreated,,,,COVE ST AND E. RODNEY FRENCH BLVD,OUTER NEW BEDFORD HARBOR,24010051,2024-06-22 08:57:07
NEW023,2024-06-21,20:45,Public Notification Report,Initial-Ceased,CSO - UnTreated,,,,COFFIN AVE,ACUSHNET RIVER,24010052,2024-06-22 08:58:26
NEW031,2024-06-21,21:15,Public Notification Report,Initial-Ceased,CSO - UnTreated,,,,CONWAY ST AT BUZZARDS BAY,INNER NEW BEDFORD HARBOR,24010053,2024-06-22 08:59:33
NEW003,2024-06-21,20:55,Verified Data Report,,CSO - UnTreated,2h 45m,405937,0.77,COVE RD & PADNARAM AVE,CLARK COVE,24010365,2024-07-11 08:45:38
NEW017,2024-06-21,21:00,Verified Data Report,,CSO - UnTreated,1h 50m,1773493,0.77,DAVID ST & RFB,OUTER NEW BEDFORD HARBOR,24010366,2024-07-11 08:51:19
NEW018,2024-06-21,21:00,Verified Data Report,,CSO - UnTreated,1h 50m,478736,0.77,COVE ST AND E. RODNEY FRENCH BLVD,OUTER NEW BEDFORD HARBOR,24010367,2024-07-11 09:25:02
NEW023,2024-06-21,20:45,Verified Data Report,,CSO - UnTreated,2h 10m,3819893,1.19,COFFIN AVE,ACUSHNET RIVER,24010368,2024-07-11 09:26:21
NEW027,2024-06-21,21:05,Verified Data Report,,CSO - UnTreated,0h 25m,29165,1.19,MILL RD AT ACUSHNET RIVER,ACUSHNET RIVER,24010369,2024-07-11 09:30:39
NEW031,2024-06-21,21:15,Verified Data Report,,CSO - UnTreated,2h 0m,352950,0.77,CONWAY ST AT BUZZARDS BAY,INNER NEW BEDFORD HARBOR,24010370,2024-07-11 09:42:56
NEW035,2024-06-21,20:50,Verified Data Report,,CSO - UnTreated,1h 5m,358962,1.19,MAXFIELD ST AT BUZZARDS BAY,INNER NEW BEDFORD HARBOR,24010371,2024-07-11 09:44:29
NEW031,2024-06-23,07:15,Public Notification Report,Initial-Ceased,CSO - UnTreated,,,,CONWAY ST AT BUZZARDS BAY,INNER NEW BEDFORD HARBOR,24010054,2024-06-23 08:22:21
NEW023,2024-06-23,04:10,Public Notification Report,Initial-Ceased,CSO - UnTreated,,,,COFFIN AVE,ACUSHNET RIVER,24010055,2024-06-23 08:23:30
NEW003,2024-06-23,04:05,Public Notification Report,Initial-Ceased,CSO - UnTreated,,,,COVE RD & PADNARAM AVE,CLARK COVE,24010056,2024-06-23 08:24:44
NEW035,2024-06-23,04:00,Public Notification Report,Initial-Ceased,CSO - UnTreated,,,,MAXFIELD ST AT BUZZARDS BAY,INNER NEW BEDFORD HARBOR,24010057,2024-06-23 08:25:53
NEW003,2024-06-23,04:05,Verified Data Report,,CSO - UnTreated,3h 30m,348209,0.77,COVE RD & PADNARAM AVE,CLARK COVE,24010372,2024-07-11 09:46:25
NEW023,2024-06-23,04:10,Verified Data Report,,CSO - UnTreated,3h 5m,1370053,1.19,COFFIN AVE,ACUSHNET RIVER,24010373,2024-07-11 09:48:24
NEW031,2024-06-23,07:15,Verified Data Report,,CSO - UnTreated,0h 5m,213,0.77,CONWAY ST AT BUZZARDS BAY,INNER NEW BEDFORD HARBOR,24010374,2024-07-11 09:49:58
NEW035,2024-06-23,04:00,Verified Data Report,,CSO - UnTreated,2h 55m,129391,1.19,MAXFIELD ST AT BUZZARDS BAY,INNER NEW BEDFORD HARBOR,24010375,2024-07-11 09:51:03
NEW018,2024-06-27,01:45,Public Notification Report,Initial-Ceased,CSO - UnTreated,,,,COVE ST AND E. RODNEY FRENCH BLVD,OUTER NEW BEDFORD HARBOR,24010173,2024-06-27 09:33:02
NEW017,2024-06-27,01:45,Public Notification Report,Initial-Ceased,CSO - UnTreated,,,,DAVID ST & RFB,OUTER NEW BEDFORD HARBOR,24010175,2024-06-27 09:35:05
NEW003,2024-06-27,01:40,Public Notification Report,Initial-Ceased,CSO - UnTreated,,,,COVE RD & PADNARAM AVE,CLARK COVE,24010176,2024-06-27 09:36:29
NEW023,2024-06-27,00:15,Public Notification Report,Initial-Ceased,CSO - UnTreated,,,,COFFIN AVE,ACUSHNET RIVER,24010178,2024-06-27 09:37:32
NEW035,2024-06-27,00:00,Public Notification Report,Initial-Ceased,CSO - UnTreated,,,,MAXFIELD ST AT BUZZARDS BAY,INNER NEW BEDFORD HARBOR,24010180,2024-06-27 09:38:43
NEW027,2024-06-27,04:30,Public Notification Report,Initial-Ceased,CSO - UnTreated,,,,MILL RD AT ACUSHNET RIVER,ACUSHNET RIVER,24010196,2024-06-28 16:06:39
NEW031,2024-06-27,02:00,Public Notification Report,Initial-Ceased,CSO - UnTreated,,,,CONWAY ST AT BUZZARDS BAY,INNER NEW BEDFORD HARBOR,24010197,2024-06-28 16:07:58
NEW003,2024-06-27,01:40,Verified Data Report,,CSO - UnTreated,6h 50m,1103538,0.83,COVE RD & PADNARAM AVE,CLARK COVE,24010385,2024-07-11 10:45:00
NEW017,2024-06-27,01:45,Verified Data Report,,CSO - UnTreated,3h 50m,1138669,0.83,DAVID ST & RFB,OUTER NEW BEDFORD HARBOR,24010386,2024-07-11 10:46:25
NEW018,2024-06-27,01:45,Verified Data Report,,CSO - UnTreated,3h 50m,806829,0.83,COVE ST AND E. RODNEY FRENCH BLVD,OUTER NEW BEDFORD HARBOR,24010387,2024-07-11 10:47:58
NEW023,2024-06-27,00:15,Verified Data Report,,CSO - UnTreated,0h 45m,36817,0.74,COFFIN AVE,ACUSHNET RIVER,24010388,2024-07-11 10:49:29
NEW027,2024-06-27,04:30,Verified Data Report,,CSO - UnTreated,6h 20m,3360070,0.74,MILL RD AT ACUSHNET RIVER,ACUSHNET RIVER,24010389,2024-07-11 10:51:28
NEW031,2024-06-27,02:00,Verified Data Report,,CSO - UnTreated,4h 25m,523033,0.83,CONWAY ST AT BUZZARDS BAY,INNER NEW BEDFORD HARBOR,24010390,2024-07-11 10:53:50
NEW035,2024-06-27,00:00,Verified Data Report,,CSO - UnTreated,5h 45m,400252,400252.00,MAXFIELD ST AT BUZZARDS BAY,INNER NEW BEDFORD HARBOR,24010391,2024-07-11 10:59:07
NEW003,2024-06-30,02:30,Public Notification Report,Initial-Ceased,CSO - UnTreated,,,,COVE RD & PADNARAM AVE,CLARK COVE,24010198,2024-06-30 09:41:47
NEW023,2024-06-30,02:35,Public Notification Report,Initial-Ceased,CSO - UnTreated,,,,COFFIN AVE,ACUSHNET RIVER,24010199,2024-06-30 09:43:17
NEW035,2024-06-30,02:15,Public Notification Report,Initial-Ceased,CSO - UnTreated,,,,MAXFIELD ST AT BUZZARDS BAY,INNER NEW BEDFORD HARBOR,24010200,2024-06-30 09:44:48
NEW016,2024-06-30,16:35,Public Notification Report,Initial-Ceased,CSO - UnTreated,,,,FREDERICK ST & RFB,OUTER NEW BEDFORD HARBOR,24010201,2024-07-01 07:00:53
NEW005,2024-06-30,16:30,Public Notification Report,Initial-Ceased,CSO - UnTreated,,,,DUDLEY & RFB,CLARK COVE,24010202,2024-07-01 07:02:35
NEW031,2024-06-30,16:30,Public Notification Report,Initial-Ceased,CSO - UnTreated,,,,CONWAY ST AT BUZZARDS BAY,INNER NEW BEDFORD HARBOR,24010203,2024-07-01 07:03:59
NEW017,2024-06-30,16:25,Public Notification Report,Initial-Ceased,CSO - UnTreated,,,,DAVID ST & RFB,OUTER NEW BEDFORD HARBOR,24010204,2024-07-01 07:05:24
NEW018,2024-06-30,16:25,Public Notification Report,Initial-Ceased,CSO - UnTreated,,,,COVE ST AND E. RODNEY FRENCH BLVD,OUTER NEW BEDFORD HARBOR,24010205,2024-07-01 07:07:53
NEW027,2024-06-30,16:20,Public Notification Report,Initial-Ceased,CSO - UnTreated,,,,MILL RD AT ACUSHNET RIVER,ACUSHNET RIVER,24010206,2024-07-01 07:09:10
NEW003,2024-06-30,16:20,Public Notification Report,Initial-Ceased,CSO - UnTreated,,,,COVE RD & PADNARAM AVE,CLARK COVE,24010207,2024-07-01 07:10:21
NEW023,2024-06-30,16:15,Public Notification Report,Initial-Ceased,CSO - UnTreated,,,,COFFIN AVE,ACUSHNET RIVER,24010208,2024-07-01 07:11:30
NEW035,2024-06-30,16:10,Public Notification Report,Initial-Ceased,CSO - UnTreated,,,,MAXFIELD ST AT BUZZARDS BAY,INNER NEW BEDFORD HARBOR,24010209,2024-07-01 07:12:54
NEW003,2024-06-30,02:30,Verified Data Report,,CSO - UnTreated,1h 35m,158896,0.65,COVE RD & PADNARAM AVE,CLARK COVE,24010392,2024-07-11 11:00:26
NEW003,2024-06-30,02:30,Verified Data Report,,CSO - UnTreated,1h 15m,320411,0.65,COVE RD & PADNARAM AVE,CLARK COVE,24010393,2024-07-11 11:01:25
NEW005,2024-06-30,16:30,Verified Data Report,,CSO - UnTreated,1h 50m,38446,0.83,DUDLEY & RFB,CLARK COVE,24010394,2024-07-11 11:03:19
NEW016,2024-06-30,16:35,Verified Data Report,,CSO - UnTreated,0h 5m,19482,0.65,FREDERICK ST & RFB,OUTER NEW BEDFORD HARBOR,24010395,2024-07-11 11:05:51
NEW017,2024-06-30,16:25,Verified Data Report,,CSO - UnTreated,1h 40m,2733663,0.65,DAVID ST & RFB,OUTER NEW BEDFORD HARBOR,24010396,2024-07-11 11:07:56
NEW018,2024-06-30,16:25,Verified Data Report,,CSO - UnTreated,2h 35m,636896,0.65,COVE ST AND E. RODNEY FRENCH BLVD,OUTER NEW BEDFORD HARBOR,24010397,2024-07-11 11:09:33
NEW023,2024-06-30,16:15,Verified Data Report,,CSO - UnTreated,0h 45m,657557,1.16,COFFIN AVE,ACUSHNET RIVER,24010398,2024-07-11 11:11:33
NEW023,2024-06-30,16:15,Verified Data Report,,CSO - UnTreated,2h 10m,4784379,1.16,COFFIN AVE,ACUSHNET RIVER,24010400,2024-07-11 11:12:48
NEW027,2024-06-30,16:20,Verified Data Report,,CSO - UnTreated,1h 0m,255019,1.16,MILL RD AT ACUSHNET RIVER,ACUSHNET RIVER,24010401,2024-07-11 11:13:36
NEW031,2024-06-30,16:30,Verified Data Report,,CSO - UnTreated,2h 0m,349598,0.65,CONWAY ST AT BUZZARDS BAY,INNER NEW BEDFORD HARBOR,24010402,2024-07-11 11:14:43
NEW035,2024-06-30,16:10,Verified Data Report,,CSO - UnTreated,0h 25m,64252,1.16,MAXFIELD ST AT BUZZARDS BAY,INNER NEW BEDFORD HARBOR,24010403,2024-07-11 11:15:31
NEW035,2024-06-30,16:10,Verified Data Report,,CSO - UnTreated,0h 55m,1785194,1.16,MAXFIELD ST AT BUZZARDS BAY,INNER NEW BEDFORD HARBOR,24010404,2024-07-11 11:16:11
NEW016,2024-07-13,10:55,Public Notification Report,Initial-Ceased,CSO - UnTreated,,,,FREDERICK ST & RFB,OUTER NEW BEDFORD HARBOR,24010457,2024-07-13 18:00:39
NEW017,2024-07-13,10:55,Public Notification Report,Initial-Ceased,CSO - UnTreated,,,,DAVID ST & RFB,OUTER NEW BEDFORD HARBOR,24010458,2024-07-13 18:02:00
NEW031,2024-07-13,10:55,Public Notification Report,Initial-Ceased,CSO - UnTreated,,,,CONWAY ST AT BUZZARDS BAY,INNER NEW BEDFORD HARBOR,24010459,2024-07-13 18:03:30
NEW018,2024-07-13,10:50,Public Notification Report,Initial-Ceased,CSO - UnTreated,,,,COVE ST AND E. RODNEY FRENCH BLVD,OUTER NEW BEDFORD HARBOR,24010460,2024-07-13 18:04:57
NEW023,2024-07-13,10:15,Public Notification Report,Initial-Ceased,CSO - UnTreated,,,,COFFIN AVE,ACUSHNET RIVER,24010461,2024-07-13 18:06:05
NEW035,2024-07-13,10:05,Public Notification Report,Initial-Ceased,CSO - UnTreated,,,,MAXFIELD ST AT BUZZARDS BAY,INNER NEW BEDFORD HARBOR,24010462,2024-07-13 18:07:42
NEW031,2024-07-13,05:45,Public Notification Report,Initial-Ceased,CSO - UnTreated,,,,CONWAY ST AT BUZZARDS BAY,INNER NEW BEDFORD HARBOR,24010463,2024-07-13 18:09:15
NEW027,2024-07-13,05:25,Public Notification Report,Initial-Ceased,CSO - UnTreated,,,,MILL RD AT ACUSHNET RIVER,ACUSHNET RIVER,24010464,2024-07-13 18:10:36
NEW023,2024-07-13,05:15,Public Notification Report,Initial-Ceased,CSO - UnTreated,,,,COFFIN AVE,ACUSHNET RIVER,24010465,2024-07-13 18:11:45
NEW035,2024-07-13,05:10,Public Notification Report,Initial-Ceased,CSO - UnTreated,,,,MAXFIELD ST AT BUZZARDS BAY,INNER NEW BEDFORD HARBOR,24010466,2024-07-13 18:12:48
NEW017,2024-07-13,05:10,Public Notification Report,Initial-Ceased,CSO - UnTreated,,,,DAVID ST & RFB,OUTER NEW BEDFORD HARBOR,24010467,2024-07-13 18:13:50
NEW018,2024-07-13,05:10,Public Notification Report,Initial-Ceased,CSO - UnTreated,,,,COVE ST AND E. RODNEY FRENCH BLVD,OUTER NEW BEDFORD HARBOR,24010468,2024-07-13 18:14:50
NEW003,2024-07-13,05:05,Public Notification Report,Initial-Ceased,CSO - UnTreated,,,,COVE RD & PADNARAM AVE,CLARK COVE,24010469,2024-07-13 18:15:44
NEW027,2024-07-13,10:20,Public Notification Report,Initial-Ceased,CSO - UnTreated,,,,MILL RD AT ACUSHNET RIVER,ACUSHNET RIVER,24010470,2024-07-13 18:16:41
NEW003,2024-07-13,05:05,Verified Data Report,,CSO - UnTreated,1h 0m,630000,0.91,COVE RD & PADNARAM AVE,CLARK COVE,24010768,2024-08-07 08:31:07
NEW016,2024-07-13,10:55,Verified Data Report,,CSO - UnTreated,0h 10m,16848,0.91,FREDERICK ST & RFB,OUTER NEW BEDFORD HARBOR,24010769,2024-08-07 08:36:18
NEW017,2024-07-13,10:55,Verified Data Report,,CSO - UnTreated,1h 10m,1089755,0.91,DAVID ST & RFB,OUTER NEW BEDFORD HARBOR,24010770,2024-08-07 08:40:09
NEW018,2024-07-13,10:50,Verified Data Report,,CSO - UnTreated,1h 0m,270178,0.91,COVE ST AND E. RODNEY FRENCH BLVD,OUTER NEW BEDFORD HARBOR,24010781,2024-08-07 08:53:07
NEW018,2024-07-13,10:50,Verified Data Report,,CSO - UnTreated,1h 35m,344734,0.91,COVE ST AND E. RODNEY FRENCH BLVD,OUTER NEW BEDFORD HARBOR,24010782,2024-08-07 08:55:35
NEW023,2024-07-13,10:15,Verified Data Report,,CSO - UnTreated,1h 5m,1369200,1.14,COFFIN AVE,ACUSHNET RIVER,24010788,2024-08-07 09:46:06
NEW023,2024-07-13,10:15,Verified Data Report,,CSO - UnTreated,4h 20m,2548644,1.14,COFFIN AVE,ACUSHNET RIVER,24010789,2024-08-07 09:46:42
NEW027,2024-07-13,10:20,Verified Data Report,,CSO - UnTreated,0h 10m,12079,1.14,MILL RD AT ACUSHNET RIVER,ACUSHNET RIVER,24010790,2024-08-07 09:50:43
NEW027,2024-07-13,10:20,Verified Data Report,,CSO - UnTreated,1h 25m,85207,1.14,MILL RD AT ACUSHNET RIVER,ACUSHNET RIVER,24010791,2024-08-07 09:52:19
NEW031,2024-07-13,10:55,Verified Data Report,,CSO - UnTreated,0h 45m,22979,0.91,CONWAY ST AT BUZZARDS BAY,INNER NEW BEDFORD HARBOR,24010792,2024-08-07 10:48:50
NEW031,2024-07-13,10:55,Verified Data Report,,CSO - UnTreated,1h 55m,422555,0.91,CONWAY ST AT BUZZARDS BAY,INNER NEW BEDFORD HARBOR,24010793,2024-08-07 10:49:27
NEW035,2024-07-13,05:10,Verified Data Report,,CSO - UnTreated,0h 40m,187665,1.14,MAXFIELD ST AT BUZZARDS BAY,INNER NEW BEDFORD HARBOR,24010794,2024-08-07 10:51:21
NEW035,2024-07-13,05:10,Verified Data Report,,CSO - UnTreated,4h 0m,317882,1.14,MAXFIELD ST AT BUZZARDS BAY,INNER NEW BEDFORD HARBOR,24010795,2024-08-07 10:52:01
NEW003,2024-07-23,07:25,Public Notification Report,Initial-Ceased,CSO - UnTreated,,,,COVE RD & PADNARAM AVE,CLARK COVE,24010592,2024-07-23 15:08:27
NEW003,2024-07-23,07:25,Verified Data Report,,CSO - UnTreated,0h 15m,2221,0.11,COVE RD & PADNARAM AVE,CLARK COVE,24010866,2024-08-12 09:02:49
NEW031,2024-07-25,17:40,Public Notification Report,Initial-Ceased,CSO - UnTreated,,,,CONWAY ST AT BUZZARDS BAY,INNER NEW BEDFORD HARBOR,24010599,2024-07-26 12:02:50
NEW003,2024-07-25,17:15,Public Notification Report,Initial-Ceased,CSO - UnTreated,,,,COVE RD & PADNARAM AVE,CLARK COVE,24010600,2024-07-26 12:03:51
NEW018,2024-07-25,18:05,Public Notification Report,Initial-Ceased,CSO - UnTreated,,,,COVE ST AND E. RODNEY FRENCH BLVD,OUTER NEW BEDFORD HARBOR,24010601,2024-07-26 12:04:30
NEW023,2024-07-25,17:00,Public Notification Report,Initial-Ceased,CSO - UnTreated,,,,COFFIN AVE,ACUSHNET RIVER,24010602,2024-07-26 12:05:27
NEW035,2024-07-25,16:55,Public Notification Report,Initial-Ceased,CSO - UnTreated,,,,MAXFIELD ST AT BUZZARDS BAY,INNER NEW BEDFORD HARBOR,24010603,2024-07-26 12:06:13
NEW003,2024-07-25,17:15,Verified Data Report,,CSO - UnTreated,0h 50m,122419,0.25,COVE RD & PADNARAM AVE,CLARK COVE,24010867,2024-08-12 09:42:06
NEW018,2024-07-25,18:05,Verified Data Report,,CSO - UnTreated,0h 20m,16584,0.25,COVE ST AND E. RODNEY FRENCH BLVD,OUTER NEW BEDFORD HARBOR,24010868,2024-08-12 09:44:25
NEW023,2024-07-25,17:00,Verified Data Report,,CSO - UnTreated,0h 45m,663502,0.24,COFFIN AVE,ACUSHNET RIVER,24010869,2024-08-12 09:45:46
NEW031,2024-07-25,17:40,Verified Data Report,,CSO - UnTreated,0h 15m,2978,0.25,CONWAY ST AT BUZZARDS BAY,INNER NEW BEDFORD HARBOR,24010870,2024-08-12 09:46:50
NEW035,2024-07-25,16:55,Verified Data Report,,CSO - UnTreated,0h 30m,146976,0.24,MAXFIELD ST AT BUZZARDS BAY,INNER NEW BEDFORD HARBOR,24010871,2024-08-12 10:04:49
NEW023,2024-07-28,22:20,Public Notification Report,Initial-Ceased,CSO - UnTreated,,,,COFFIN AVE,ACUSHNET RIVER,24010608,2024-07-29 07:08:20
NEW035,2024-07-28,22:15,Public Notification Report,Initial-Ceased,CSO - UnTreated,,,,MAXFIELD ST AT BUZZARDS BAY,INNER NEW BEDFORD HARBOR,24010609,2024-07-29 07:10:43
NEW003,2024-07-28,21:30,Public Notification Report,Initial-Ceased,CSO - UnTreated,,,,COVE RD & PADNARAM AVE,CLARK COVE,24010610,2024-07-29 07:11:31
NEW003,2024-07-28,21:30,Verified Data Report,,CSO - UnTreated,6h 35m,675488,1.09,COVE RD & PADNARAM AVE,CLARK COVE,24010872,2024-08-12 10:06:30
NEW023,2024-07-28,22:20,Verified Data Report,,CSO - UnTreated,5h 30m,758778,0.84,COFFIN AVE,ACUSHNET RIVER,24010873,2024-08-12 10:11:36
NEW035,2024-07-28,22:15,Verified Data Report,,CSO - UnTreated,4h 40m,73497,0.84,MAXFIELD ST AT BUZZARDS BAY,INNER NEW BEDFORD HARBOR,24010874,2024-08-12 10:12:39
NEW006,2024-07-29,13:10,Public Notification Report,Initial-Ceased,CSO - UnTreated,,,,LUCAS STREET & RFB,CLARK COVE,24010618,2024-07-29 20:07:02
NEW017,2024-07-29,12:30,Public Notification Report,Initial-Ceased,CSO - UnTreated,,,,DAVID ST & RFB,OUTER NEW BEDFORD HARBOR,24010619,2024-07-29 20:09:10
NEW027,2024-07-29,12:05,Public Notification Report,Initial-Ceased,CSO - UnTreated,,,,MILL RD AT ACUSHNET RIVER,ACUSHNET RIVER,24010620,2024-07-29 20:11:07
NEW031,2024-07-29,11:55,Public Notification Report,Initial-Ceased,CSO - UnTreated,,,,CONWAY ST AT BUZZARDS BAY,INNER NEW BEDFORD HARBOR,24010621,2024-07-29 20:12:22
NEW023,2024-07-29,11:35,Public Notification Report,Initial-Ceased,CSO - UnTreated,,,,COFFIN AVE,ACUSHNET RIVER,24010622,2024-07-29 20:13:43
NEW035,2024-07-29,11:10,Public Notification Report,Initial-Ceased,CSO - UnTreated,,,,MAXFIELD ST AT BUZZARDS BAY,INNER NEW BEDFORD HARBOR,24010623,2024-07-29 20:15:36
NEW018,2024-07-29,11:10,Public Notification Report,Initial-Ceased,CSO - UnTreated,,,,COVE ST AND E. RODNEY FRENCH BLVD,OUTER NEW BEDFORD HARBOR,24010624,2024-07-29 20:17:00
NEW003,2024-07-29,11:00,Public Notification Report,Initial-Ceased,CSO - UnTreated,,,,COVE RD & PADNARAM AVE,CLARK COVE,24010625,2024-07-29 20:18:19
NEW003,2024-07-29,11:00,Verified Data Report,,CSO - UnTreated,2h 15m,739116,1.09,COVE RD & PADNARAM AVE,CLARK COVE,24010875,2024-08-12 10:14:18
NEW006,2024-07-29,13:10,Verified Data Report,,CSO - UnTreated,0h 20m,6748,1.09,LUCAS STREET & RFB,CLARK COVE,24010876,2024-08-12 10:15:38
NEW017,2024-07-29,12:30,Verified Data Report,,CSO - UnTreated,0h 50m,454461,1.09,DAVID ST & RFB,OUTER NEW BEDFORD HARBOR,24010877,2024-08-12 10:16:28
NEW018,2024-07-29,11:10,Verified Data Report,,CSO - UnTreated,2h 25m,515278,1.09,COVE ST AND E. RODNEY FRENCH BLVD,OUTER NEW BEDFORD HARBOR,24010878,2024-08-12 10:18:22
NEW023,2024-07-29,11:35,Verified Data Report,,CSO - UnTreated,1h 30m,1479862,0.84,COFFIN AVE,ACUSHNET RIVER,24010879,2024-08-12 10:37:06
NEW027,2024-07-29,12:05,Verified Data Report,,CSO - UnTreated,0h 10m,3341,0.84,MILL RD AT ACUSHNET RIVER,ACUSHNET RIVER,24010880,2024-08-12 10:39:36
NEW031,2024-07-29,11:55,Verified Data Report,,CSO - UnTreated,2h 5m,478543,1.09,CONWAY ST AT BUZZARDS BAY,INNER NEW BEDFORD HARBOR,24010881,2024-08-12 10:40:31
NEW035,2024-07-29,11:10,Verified Data Report,,CSO - UnTreated,1h 40m,223593,0.84,MAXFIELD ST AT BUZZARDS BAY,INNER NEW BEDFORD HARBOR,24010882,2024-08-12 10:41:15
NEW027,2024-08-06,13:15,Public Notification Report,Initial-Ceased,CSO - UnTreated,,,,MILL RD AT ACUSHNET RIVER,ACUSHNET RIVER,24010755,2024-08-06 21:32:26
NEW035,2024-08-06,13:00,Public Notification Report,Initial-Ceased,CSO - UnTreated,,,,MAXFIELD ST AT BUZZARDS BAY,INNER NEW BEDFORD HARBOR,24010756,2024-08-06 21:34:24
NEW003,2024-08-06,12:35,Public Notification Report,Initial-Ceased,CSO - UnTreated,,,,COVE RD & PADNARAM AVE,CLARK COVE,24010757,2024-08-06 21:35:33
NEW023,2024-08-06,11:35,Public Notification Report,Initial-Ceased,CSO - UnTreated,,,,COFFIN AVE,ACUSHNET RIVER,24010758,2024-08-06 21:37:23
NEW003,2024-08-06,12:35,Verified Data Report,,CSO - UnTreated,1h 10m,140885,0.29,COVE RD & PADNARAM AVE,CLARK COVE,24011253,2024-09-13 10:35:16
NEW023,2024-08-06,11:35,Verified Data Report,,CSO - UnTreated,2h 15m,345752,0.49,COFFIN AVE,ACUSHNET RIVER,24011254,2024-09-13 10:36:19
NEW027,2024-08-06,13:15,Verified Data Report,,CSO - UnTreated,0h 10m,2823,0.49,MILL RD AT ACUSHNET RIVER,ACUSHNET RIVER,24011255,2024-09-13 10:37:12
NEW035,2024-08-06,13:00,Verified Data Report,,CSO - UnTreated,0h 20m,24308,0.49,MAXFIELD ST AT BUZZARDS BAY,INNER NEW BEDFORD HARBOR,24011256,2024-09-13 10:38:09
NEW003,2024-08-08,14:15,Public Notification Report,Initial-Ceased,CSO - UnTreated,,,,COVE RD & PADNARAM AVE,CLARK COVE,24010835,2024-08-08 15:48:54
NEW003,2024-08-08,14:15,Verified Data Report,,CSO - UnTreated,0h 35m,40232,0.48,COVE RD & PADNARAM AVE,CLARK COVE,24011257,2024-09-13 10:38:50
NEW023,2024-08-09,01:15,Public Notification Report,Initial-Ceased,CSO - UnTreated,,,,COFFIN AVE,ACUSHNET RIVER,24010836,2024-08-09 07:15:01
NEW035,2024-08-09,01:05,Public Notification Report,Initial-Ceased,CSO - UnTreated,,,,MAXFIELD ST AT BUZZARDS BAY,INNER NEW BEDFORD HARBOR,24010837,2024-08-09 07:17:44
NEW003,2024-08-09,01:05,Public Notification Report,Initial-Ceased,CSO - UnTreated,,,,COVE RD & PADNARAM AVE,CLARK COVE,24010838,2024-08-09 07:19:32
NEW003,2024-08-09,01:05,Verified Data Report,,CSO - UnTreated,1h 10m,229557,0.48,COVE RD & PADNARAM AVE,CLARK COVE,24011258,2024-09-13 10:39:37
NEW023,2024-08-09,01:15,Verified Data Report,,CSO - UnTreated,0h 55m,162396,0.50,COFFIN AVE,ACUSHNET RIVER,24011259,2024-09-13 10:41:43
NEW035,2024-08-09,01:05,Verified Data Report,,CSO - UnTreated,0h 55m,46315,0.50,MAXFIELD ST AT BUZZARDS BAY,INNER NEW BEDFORD HARBOR,24011260,2024-09-13 10:42:44
NEW003,2024-08-10,02:45,Public Notification Report,Initial-Ceased,CSO - UnTreated,,,,COVE RD & PADNARAM AVE,CLARK COVE,24010845,2024-08-10 07:48:01
NEW023,2024-08-10,02:40,Public Notification Report,Initial-Ceased,CSO - UnTreated,,,,COFFIN AVE,ACUSHNET RIVER,24010846,2024-08-10 07:49:14
NEW035,2024-08-10,01:50,Public Notification Report,Initial-Ceased,CSO - UnTreated,,,,MAXFIELD ST AT BUZZARDS BAY,INNER NEW BEDFORD HARBOR,24010847,2024-08-10 07:50:36
NEW003,2024-08-10,02:45,Verified Data Report,,CSO - UnTreated,3h 0m,184048,0.48,COVE RD & PADNARAM AVE,CLARK COVE,24011261,2024-09-13 10:54:55
NEW023,2024-08-10,02:40,Verified Data Report,,CSO - UnTreated,2h 50m,588695,0.50,COFFIN AVE,ACUSHNET RIVER,24011262,2024-09-13 10:59:55
NEW035,2024-08-10,01:50,Verified Data Report,,CSO - UnTreated,3h 0m,95762,0.50,MAXFIELD ST AT BUZZARDS BAY,INNER NEW BEDFORD HARBOR,24011263,2024-09-13 11:00:41
NEW017,2024-08-12,20:25,Public Notification Report,Initial-Ceased,CSO - UnTreated,,,,DAVID ST & RFB,OUTER NEW BEDFORD HARBOR,24010907,2024-08-13 08:20:52
NEW018,2024-08-12,20:25,Public Notification Report,Initial-Ceased,CSO - UnTreated,,,,COVE ST AND E. RODNEY FRENCH BLVD,OUTER NEW BEDFORD HARBOR,24010908,2024-08-13 08:21:41
NEW035,2024-08-12,20:20,Public Notification Report,Initial-Ceased,CSO - UnTreated,,,,MAXFIELD ST AT BUZZARDS BAY,INNER NEW BEDFORD HARBOR,24010909,2024-08-13 08:22:27
NEW003,2024-08-12,20:20,Public Notification Report,Initial-Ceased,CSO - UnTreated,,,,COVE RD & PADNARAM AVE,CLARK COVE,24010910,2024-08-13 08:23:12
NEW003,2024-08-12,20:20,Verified Data Report,,CSO - UnTreated,1h 0m,157927,0.18,COVE RD & PADNARAM AVE,CLARK COVE,24011264,2024-09-13 11:01:21
NEW017,2024-08-12,20:25,Verified Data Report,,CSO - UnTreated,0h 5m,5241,0.18,DAVID ST & RFB,OUTER NEW BEDFORD HARBOR,24011265,2024-09-13 11:08:28
NEW018,2024-08-12,20:25,Verified Data Report,,CSO - UnTreated,0h 15m,24383,0.18,COVE ST AND E. RODNEY FRENCH BLVD,OUTER NEW BEDFORD HARBOR,24011266,2024-09-13 11:16:46
NEW035,2024-08-12,20:20,Verified Data Report,,CSO - UnTreated,0h 15m,18757,0.13,MAXFIELD ST AT BUZZARDS BAY,INNER NEW BEDFORD HARBOR,24011267,2024-09-13 11:18:55
NEW031,2024-08-15,18:20,Public Notification Report,Initial-Ceased,CSO - UnTreated,,,,CONWAY ST AT BUZZARDS BAY,INNER NEW BEDFORD HARBOR,24010971,2024-08-15 21:56:57
NEW003,2024-08-15,17:45,Public Notification Report,Initial-Ceased,CSO - UnTreated,,,,COVE RD & PADNARAM AVE,CLARK COVE,24010972,2024-08-15 21:58:58
NEW027,2024-08-15,17:40,Public Notification Report,Initial-Ceased,CSO - UnTreated,,,,MILL RD AT ACUSHNET RIVER,ACUSHNET RIVER,24010973,2024-08-15 22:00:13
NEW023,2024-08-15,17:40,Public Notification Report,Initial-Ceased,CSO - UnTreated,,,,COFFIN AVE,ACUSHNET RIVER,24010974,2024-08-15 22:01:20
NEW035,2024-08-15,17:35,Public Notification Report,Initial-Ceased,CSO - UnTreated,,,,MAXFIELD ST AT BUZZARDS BAY,INNER NEW BEDFORD HARBOR,24010975,2024-08-15 22:02:33
NEW003,2024-08-15,17:45,Verified Data Report,,CSO - UnTreated,1h 55m,375802,0.21,COVE RD & PADNARAM AVE,CLARK COVE,24011268,2024-09-13 11:25:26
NEW023,2024-08-15,17:40,Verified Data Report,,CSO - UnTreated,1h 55m,2770298,0.64,COFFIN AVE,ACUSHNET RIVER,24011269,2024-09-13 11:28:41
NEW027,2024-08-15,17:40,Verified Data Report,,CSO - UnTreated,1h 30m,302578,0.64,MILL RD AT ACUSHNET RIVER,ACUSHNET RIVER,24011270,2024-09-13 11:33:49
NEW031,2024-08-15,18:20,Verified Data Report,,CSO - UnTreated,1h 40m,155497,0.21,CONWAY ST AT BUZZARDS BAY,INNER NEW BEDFORD HARBOR,24011271,2024-09-13 15:33:49
NEW035,2024-08-15,17:35,Verified Data Report,,CSO - UnTreated,1h 35m,169995,0.64,MAXFIELD ST AT BUZZARDS BAY,INNER NEW BEDFORD HARBOR,24011272,2024-09-13 15:34:58
NEW031,2024-08-19,04:05,Public Notification Report,Initial-Ceased,CSO - UnTreated,,,,CONWAY ST AT BUZZARDS BAY,INNER NEW BEDFORD HARBOR,24011022,2024-08-19 11:07:01
NEW023,2024-08-19,03:35,Public Notification Report,Initial-Ceased,CSO - UnTreated,,,,COFFIN AVE,ACUSHNET RIVER,24011023,2024-08-19 11:07:35
NEW035,2024-08-19,03:35,Public Notification Report,Initial-Ceased,CSO - UnTreated,,,,MAXFIELD ST AT BUZZARDS BAY,INNER NEW BEDFORD HARBOR,24011024,2024-08-19 11:08:35
NEW017,2024-08-19,03:30,Public Notification Report,Initial-Ceased,CSO - UnTreated,,,,DAVID ST & RFB,OUTER NEW BEDFORD HARBOR,24011025,2024-08-19 11:09:05
NEW005,2024-08-19,03:30,Public Notification Report,Initial-Ceased,CSO - UnTreated,,,,DUDLEY & RFB,CLARK COVE,24011026,2024-08-19 11:09:44
NEW018,2024-08-19,03:30,Public Notification Report,Initial-Ceased,CSO - UnTreated,,,,COVE ST AND E. RODNEY FRENCH BLVD,OUTER NEW BEDFORD HARBOR,24011027,2024-08-19 11:10:23
NEW003,2024-08-19,03:25,Public Notification Report,Initial-Ceased,CSO - UnTreated,,,,COVE RD & PADNARAM AVE,CLARK COVE,24011028,2024-08-19 11:10:57
NEW003,2024-08-19,03:25,Verified Data Report,,CSO - UnTreated,3h 45m,881636,0.81,COVE RD & PADNARAM AVE,CLARK COVE,24011273,2024-09-13 15:36:01
NEW005,2024-08-19,03:30,Verified Data Report,,CSO - UnTreated,2h 15m,7679,0.81,DUDLEY & RFB,CLARK COVE,24011274,2024-09-13 15:37:42
NEW017,2024-08-19,03:30,Verified Data Report,,CSO - UnTreated,1h 45m,388955,0.81,DAVID ST & RFB,OUTER NEW BEDFORD HARBOR,24011275,2024-09-13 15:38:24
NEW018,2024-08-19,03:30,Verified Data Report,,CSO - UnTreated,4h 5m,1043584,0.81,COVE ST AND E. RODNEY FRENCH BLVD,OUTER NEW BEDFORD HARBOR,24011276,2024-09-13 15:39:07
NEW023,2024-08-19,03:35,Verified Data Report,,CSO - UnTreated,3h 25m,1584439,0.54,COFFIN AVE,ACUSHNET RIVER,24011277,2024-09-13 15:40:32
NEW031,2024-08-19,04:05,Verified Data Report,,CSO - UnTreated,3h 10m,220473,0.81,CONWAY ST AT BUZZARDS BAY,INNER NEW BEDFORD HARBOR,24011278,2024-09-13 15:41:10
NEW035,2024-08-19,03:35,Verified Data Report,,CSO - UnTreated,3h 55m,240588,0.54,MAXFIELD ST AT BUZZARDS BAY,INNER NEW BEDFORD HARBOR,24011279,2024-09-13 15:42:04
NEW004,2024-08-26,15:00,Public Notification Report,Initial-Ceased,CSO - UnTreated,,,,HURRICAN BARRIER CLARK'S COVE PUMP STATION,CLARK COVE,24011065,2024-08-26 21:18:01
NEW007,2024-08-26,14:30,Public Notification Report,Initial-Ceased,CSO - UnTreated,,,,CAPITAL AND ROD. FRENCH BLVD,CLARK COVE,24011066,2024-08-26 21:19:11
NEW016,2024-08-26,14:25,Public Notification Report,Initial-Ceased,CSO - UnTreated,,,,FREDERICK ST & RFB,OUTER NEW BEDFORD HARBOR,24011067,2024-08-26 21:20:15
NEW031,2024-08-26,14:20,Public Notification Report,Initial-Ceased,CSO - UnTreated,,,,CONWAY ST AT BUZZARDS BAY,INNER NEW BEDFORD HARBOR,24011068,2024-08-26 21:21:26
NEW006,2024-08-26,14:20,Public Notification Report,Initial-Ceased,CSO - UnTreated,,,,LUCAS STREET & RFB,CLARK COVE,24011069,2024-08-26 21:22:40
NEW005,2024-08-26,14:20,Public Notification Report,Initial-Ceased,CSO - UnTreated,,,,DUDLEY & RFB,CLARK COVE,24011070,2024-08-26 21:23:56
NEW003,2024-08-26,14:20,Public Notification Report,Initial-Ceased,CSO - UnTreated,,,,COVE RD & PADNARAM AVE,CLARK COVE,24011071,2024-08-26 21:25:01
NEW017,2024-08-26,14:10,Public Notification Report,Initial-Ceased,CSO - UnTreated,,,,DAVID ST & RFB,OUTER NEW BEDFORD HARBOR,24011072,2024-08-26 21:26:13
NEW018,2024-08-26,14:10,Public Notification Report,Initial-Ceased,CSO - UnTreated,,,,COVE ST AND E. RODNEY FRENCH BLVD,OUTER NEW BEDFORD HARBOR,24011073,2024-08-26 21:27:48
NEW003,2024-08-26,14:20,Verified Data Report,,CSO - UnTreated,1h 40m,8750000,0.88,COVE RD & PADNARAM AVE,CLARK COVE,24011280,2024-09-13 15:48:02
NEW004,2024-08-26,15:00,Verified Data Report,,CSO - UnTreated,2h 0m,9900000,0.88,HURRICAN BARRIER CLARK'S COVE PUMP STATION,CLARK COVE,24011281,2024-09-13 15:49:11
NEW005,2024-08-26,14:20,Verified Data Report,,CSO - UnTreated,0h 45m,291627,0.88,DUDLEY & RFB,CLARK COVE,24011282,2024-09-13 15:52:33
NEW006,2024-08-26,14:20,Verified Data Report,,CSO - UnTreated,0h 25m,300107,0.88,LUCAS STREET & RFB,CLARK COVE,24011283,2024-09-13 15:53:26
NEW007,2024-08-26,14:30,Verified Data Report,,CSO - UnTreated,0h 15m,92355,0.88,CAPITAL AND ROD. FRENCH BLVD,CLARK COVE,24011284,2024-09-13 15:55:12
NEW016,2024-08-26,14:25,Verified Data Report,,CSO - UnTreated,0h 25m,89347,0.88,FREDERICK ST & RFB,OUTER NEW BEDFORD HARBOR,24011285,2024-09-13 15:57:12
NEW017,2024-08-26,14:10,Verified Data Report,,CSO - UnTreated,2h 5m,5322241,0.88,DAVID ST & RFB,OUTER NEW BEDFORD HARBOR,24011286,2024-09-13 15:58:34
NEW031,2024-08-26,14:20,Verified Data Report,,CSO - UnTreated,0h 20m,2032,0.88,CONWAY ST AT BUZZARDS BAY,INNER NEW BEDFORD HARBOR,24011287,2024-09-13 16:04:34
NEW018,2024-08-26,14:10,Verified Data Report,,CSO - UnTreated,1h 40m,6330000,0.88,COVE ST AND E. RODNEY FRENCH BLVD,OUTER NEW BEDFORD HARBOR,24011288,2024-09-13 16:06:01
NEW023,2024-09-07,21:10,Public Notification Report,Initial-Ceased,CSO - UnTreated,,,,COFFIN AVE,ACUSHNET RIVER,24011129,2024-09-08 08:39:45
NEW003,2024-09-07,21:10,Public Notification Report,Initial-Ceased,CSO - UnTreated,,,,COVE RD & PADNARAM AVE,CLARK COVE,24011130,2024-09-08 08:41:00
NEW035,2024-09-07,21:05,Public Notification Report,Initial-Ceased,CSO - UnTreated,,,,MAXFIELD ST AT BUZZARDS BAY,INNER NEW BEDFORD HARBOR,24011132,2024-09-08 08:42:11
NEW003,2024-09-07,21:10,Verified Data Report,,CSO - UnTreated,0h 50m,133997,0.21,COVE RD & PADNARAM AVE,CLARK COVE,24011453,2024-10-15 14:46:36
NEW023,2024-09-07,21:10,Verified Data Report,,CSO - UnTreated,0h 45m,188082,0.11,COFFIN AVE,ACUSHNET RIVER,24011454,2024-10-15 14:47:51
NEW035,2024-09-07,21:05,Verified Data Report,,CSO - UnTreated,0h 25m,23839,0.11,MAXFIELD ST AT BUZZARDS BAY,INNER NEW BEDFORD HARBOR,24011455,2024-10-15 14:48:49
NEW027,2024-09-12,11:00,Public Notification Report,Initial-Ceased,CSO - UnTreated,,,,MILL RD AT ACUSHNET RIVER,ACUSHNET RIVER,24011350,2024-09-21 12:52:30
NEW035,2024-09-20,08:15,Public Notification Report,Initial-Ceased,CSO - UnTreated,,,,MAXFIELD ST AT BUZZARDS BAY,INNER NEW BEDFORD HARBOR,24011337,2024-09-20 16:12:55
NEW003,2024-09-20,08:05,Public Notification Report,Initial-Ceased,CSO - UnTreated,,,,COVE RD & PADNARAM AVE,CLARK COVE,24011338,2024-09-20 16:13:28
NEW003,2024-09-20,14:50,Public Notification Report,Initial-Ceased,CSO - UnTreated,,,,COVE RD & PADNARAM AVE,CLARK COVE,24011339,2024-09-20 16:14:11
NEW023,2024-09-20,07:40,Public Notification Report,Initial-Ceased,CSO - UnTreated,,,,COFFIN AVE,ACUSHNET RIVER,24011340,2024-09-20 16:14:44
NEW023,2024-09-20,16:20,Public Notification Report,Initial-Ceased,CSO - UnTreated,,,,COFFIN AVE,ACUSHNET RIVER,24011341,2024-09-20 21:20:38
NEW035,2024-09-20,16:10,Public Notification Report,Initial-Ceased,CSO - UnTreated,,,,MAXFIELD ST AT BUZZARDS BAY,INNER NEW BEDFORD HARBOR,24011342,2024-09-20 21:21:46
NEW023,2024-09-20,22:00,Public Notification Report,Initial-Ceased,CSO - UnTreated,,,,COFFIN AVE,ACUSHNET RIVER,24011343,2024-09-21 12:36:12
NEW003,2024-09-20,14:50,Verified Data Report,,CSO - UnTreated,1h 0m,96690,1.46,COVE RD & PADNARAM AVE,CLARK COVE,24011457,2024-10-15 14:55:21
NEW003,2024-09-20,14:50,Verified Data Report,,CSO - UnTreated,3h 30m,303969,1.46,COVE RD & PADNARAM AVE,CLARK COVE,24011458,2024-10-15 14:55:59
NEW023,2024-09-20,16:20,Verified Data Report,,CSO - UnTreated,3h 5m,663387,2.20,COFFIN AVE,ACUSHNET RIVER,24011459,2024-10-15 14:58:14
NEW023,2024-09-20,16:20,Verified Data Report,,CSO - UnTreated,1h 15m,158861,2.20,COFFIN AVE,ACUSHNET RIVER,24011460,2024-10-15 14:59:59
NEW023,2024-09-20,16:20,Verified Data Report,,CSO - UnTreated,0h 5m,2680,2.20,COFFIN AVE,ACUSHNET RIVER,24011461,2024-10-15 15:00:46
NEW035,2024-09-20,08:15,Verified Data Report,,CSO - UnTreated,0h 20m,4264,2.20,MAXFIELD ST AT BUZZARDS BAY,INNER NEW BEDFORD HARBOR,24011462,2024-10-15 15:02:54
NEW035,2024-09-20,08:15,Verified Data Report,,CSO - UnTreated,0h 55m,12742,2.20,MAXFIELD ST AT BUZZARDS BAY,INNER NEW BEDFORD HARBOR,24011463,2024-10-15 15:04:10
NEW035,2024-09-21,07:40,Public Notification Report,Initial-Ceased,CSO - UnTreated,,,,MAXFIELD ST AT BUZZARDS BAY,INNER NEW BEDFORD HARBOR,24011344,2024-09-21 12:39:59
NEW023,2024-09-21,07:45,Public Notification Report,Initial-Ongoing,CSO - UnTreated,,,,COFFIN AVE,ACUSHNET RIVER,24011345,2024-09-21 12:42:44
NEW003,2024-09-21,07:55,Public Notification Report,Initial-Ongoing,CSO - UnTreated,,,,COVE RD & PADNARAM AVE,CLARK COVE,24011346,2024-09-21 12:44:42
NEW018,2024-09-21,10:55,Public Notification Report,Initial-Ongoing,CSO - UnTreated,,,,COVE ST AND E. RODNEY FRENCH BLVD,OUTER NEW BEDFORD HARBOR,24011347,2024-09-21 12:46:50
NEW031,2024-09-21,10:55,Public Notification Report,Initial-Ongoing,CSO - UnTreated,,,,CONWAY ST AT BUZZARDS BAY,INNER NEW BEDFORD HARBOR,24011348,2024-09-21 12:48:12
NEW017,2024-09-21,11:00,Public Notification Report,Initial-Ongoing,CSO - UnTreated,,,,DAVID ST & RFB,OUTER NEW BEDFORD HARBOR,24011349,2024-09-21 12:49:36
NEW006,2024-09-21,11:45,Public Notification Report,Initial-Ceased,CSO - UnTreated,,,,LUCAS STREET & RFB,CLARK COVE,24011351,2024-09-21 12:53:50
NEW035,2024-09-21,16:35,Public Notification Report,Initial-Ongoing,CSO - UnTreated,,,,MAXFIELD ST AT BUZZARDS BAY,INNER NEW BEDFORD HARBOR,24011352,2024-09-21 18:16:24
NEW027,2024-09-21,11:00,Verified Data Report,,CSO - UnTreated,0h 35m,28268,2.20,MILL RD AT ACUSHNET RIVER,ACUSHNET RIVER,24011456,2024-10-15 14:53:15
NEW003,2024-09-21,07:55,Verified Data Report,,CSO - UnTreated,13h 20m,1199522,1.46,COVE RD & PADNARAM AVE,CLARK COVE,24011464,2024-10-15 15:05:14
NEW006,2024-09-21,11:45,Verified Data Report,,CSO - UnTreated,1h 10m,118788,1.46,LUCAS STREET & RFB,CLARK COVE,24011465,2024-10-15 15:10:36
NEW017,2024-09-21,11:00,Verified Data Report,,CSO - UnTreated,1h 0m,344052,1.46,DAVID ST & RFB,OUTER NEW BEDFORD HARBOR,24011466,2024-10-15 15:16:05
NEW018,2024-09-21,10:55,Verified Data Report,,CSO - UnTreated,2h 50m,649890,1.46,COVE ST AND E. RODNEY FRENCH BLVD,OUTER NEW BEDFORD HARBOR,24011467,2024-10-15 15:17:10
NEW023,2024-09-21,07:45,Verified Data Report,,CSO - UnTreated,12h 40m,6234344,2.20,COFFIN AVE,ACUSHNET RIVER,24011468,2024-10-15 15:19:05
NEW031,2024-09-21,10:55,Verified Data Report,,CSO - UnTreated,3h 15m,807038,1.46,CONWAY ST AT BUZZARDS BAY,INNER NEW BEDFORD HARBOR,24011469,2024-10-15 15:25:21
NEW035,2024-09-21,16:35,Verified Data Report,,CSO - UnTreated,5h 30m,285442,2.20,MAXFIELD ST AT BUZZARDS BAY,INNER NEW BEDFORD HARBOR,24011470,2024-10-15 15:26:13
NEW035,2024-09-21,16:35,Verified Data Report,,CSO - UnTreated,3h 45m,37470,2.20,MAXFIELD ST AT BUZZARDS BAY,INNER NEW BEDFORD HARBOR,24011471,2024-10-15 15:27:12
NEW017,2024-09-26,11:45,Public Notification Report,Initial-Ceased,CSO - UnTreated,,,,DAVID ST & RFB,OUTER NEW BEDFORD HARBOR,24011364,2024-09-27 07:23:45
NEW031,2024-09-26,23:25,Public Notification Report,Initial-Ceased,CSO - UnTreated,,,,CONWAY ST AT BUZZARDS BAY,INNER NEW BEDFORD HARBOR,24011365,2024-09-27 07:26:35
NEW018,2024-09-26,23:00,Public Notification Report,Initial-Ceased,CSO - UnTreated,,,,COVE ST AND E. RODNEY FRENCH BLVD,OUTER NEW BEDFORD HARBOR,24011366,2024-09-27 07:30:07
NEW003,2024-09-26,22:55,Public Notification Report,Initial-Ceased,CSO - UnTreated,,,,COVE RD & PADNARAM AVE,CLARK COVE,24011367,2024-09-27 07:32:34
NEW027,2024-09-26,22:50,Public Notification Report,Initial-Ceased,CSO - UnTreated,,,,MILL RD AT ACUSHNET RIVER,ACUSHNET RIVER,24011368,2024-09-27 07:33:51
NEW035,2024-09-26,22:40,Public Notification Report,Initial-Ceased,CSO - UnTreated,,,,MAXFIELD ST AT BUZZARDS BAY,INNER NEW BEDFORD HARBOR,24011369,2024-09-27 07:34:53
NEW023,2024-09-26,22:35,Public Notification Report,Initial-Ceased,CSO - UnTreated,,,,COFFIN AVE,ACUSHNET RIVER,24011370,2024-09-27 07:35:53
NEW003,2024-09-26,22:55,Verified Data Report,,CSO - UnTreated,5h 35m,1391028,1.30,COVE RD & PADNARAM AVE,CLARK COVE,24011472,2024-10-15 15:28:30
NEW017,2024-09-26,11:45,Verified Data Report,,CSO - UnTreated,2h 5m,176836,1.40,DAVID ST & RFB,OUTER NEW BEDFORD HARBOR,24011473,2024-10-15 15:31:02
NEW017,2024-09-26,11:45,Verified Data Report,,CSO - UnTreated,2h 55m,2312737,1.30,DAVID ST & RFB,OUTER NEW BEDFORD HARBOR,24011474,2024-10-15 15:40:18
NEW018,2024-09-26,23:00,Verified Data Report,,CSO - UnTreated,5h 30m,1455060,1.30,COVE ST AND E. RODNEY FRENCH BLVD,OUTER NEW BEDFORD HARBOR,24011475,2024-10-15 15:57:04
NEW023,2024-09-26,22:35,Verified Data Report,,CSO - UnTreated,6h 25m,5721476,1.40,COFFIN AVE,ACUSHNET RIVER,24011476,2024-10-15 15:58:03
NEW027,2024-09-26,22:50,Verified Data Report,,CSO - UnTreated,2h 5m,176836,1.40,MILL RD AT ACUSHNET RIVER,ACUSHNET RIVER,24011477,2024-10-15 15:58:53
NEW031,2024-09-26,23:25,Verified Data Report,,CSO - UnTreated,3h 35m,1603075,1.40,CONWAY ST AT BUZZARDS BAY,INNER NEW BEDFORD HARBOR,24011478,2024-10-15 16:00:22
NEW035,2024-09-26,22:40,Verified Data Report,,CSO - UnTreated,2h 40m,292035,1.40,MAXFIELD ST AT BUZZARDS BAY,INNER NEW BEDFORD HARBOR,24011479,2024-10-15 16:01:48
NEW035,2024-09-27,04:30,Public Notification Report,Initial-Ceased,CSO - UnTreated,,,,MAXFIELD ST AT BUZZARDS BAY,INNER NEW BEDFORD HARBOR,24011361,2024-09-27 07:20:12
NEW010,2024-09-27,00:50,Public Notification Report,Initial-Ceased,CSO - UnTreated,,,,BELLEVUE ST & RFB,CLARK COVE,24011362,2024-09-27 07:21:24
NEW008,2024-09-27,00:15,Public Notification Report,Initial-Ceased,CSO - UnTreated,,,,CALUMET ST & RFB,CLARK COVE,24011363,2024-09-27 07:22:29
NEW006,2024-09-27,23:25,Public Notification Report,Initial-Ceased,CSO - UnTreated,,,,LUCAS STREET & RFB,CLARK COVE,24011385,2024-09-30 07:19:42
NEW006,2024-09-27,23:25,Verified Data Report,,CSO - UnTreated,2h 20m,608482,1.30,LUCAS STREET & RFB,CLARK COVE,24011480,2024-10-15 16:03:05
NEW008,2024-09-27,00:15,Verified Data Report,,CSO - UnTreated,1h 55m,91192,1.30,CALUMET ST & RFB,CLARK COVE,24011481,2024-10-15 16:03:58
NEW010,2024-09-27,00:50,Verified Data Report,,CSO - UnTreated,0h 5m,1082,1.30,BELLEVUE ST & RFB,CLARK COVE,24011482,2024-10-15 16:04:50
NEW035,2024-09-27,04:30,Verified Data Report,,CSO - UnTreated,0h 10m,3594,1.40,MAXFIELD ST AT BUZZARDS BAY,INNER NEW BEDFORD HARBOR,24011483,2024-10-15 16:05:50
NEW017,2024-10-07,14:10,Public Notification Report,Initial-Ceased,CSO - UnTreated,,,,DAVID ST & RFB,OUTER NEW BEDFORD HARBOR,24011427,2024-10-07 19:47:00
NEW018,2024-10-07,11:30,Public Notification Report,Initial-Ceased,CSO - UnTreated,,,,COVE ST AND E. RODNEY FRENCH BLVD,OUTER NEW BEDFORD HARBOR,24011428,2024-10-07 19:48:44
NEW031,2024-10-07,11:25,Public Notification Report,Initial-Ceased,CSO - UnTreated,,,,CONWAY ST AT BUZZARDS BAY,INNER NEW BEDFORD HARBOR,24011429,2024-10-07 19:50:03
NEW023,2024-10-07,10:25,Public Notification Report,Initial-Ceased,CSO - UnTreated,,,,COFFIN AVE,ACUSHNET RIVER,24011430,2024-10-07 19:51:37
NEW035,2024-10-07,10:15,Public Notification Report,Initial-Ceased,CSO - UnTreated,,,,MAXFIELD ST AT BUZZARDS BAY,INNER NEW BEDFORD HARBOR,24011431,2024-10-07 19:53:36
NEW003,2024-10-07,09:55,Public Notification Report,Initial-Ceased,CSO - UnTreated,,,,COVE RD & PADNARAM AVE,CLARK COVE,24011432,2024-10-07 19:55:03
NEW017,2024-10-07,14:10,Verified Data Report,,CSO - UnTreated,1h 30m,824007,0.91,DAVID ST & RFB,OUTER NEW BEDFORD HARBOR,24011493,2024-11-04 13:40:03
NEW003,2024-10-07,09:55,Verified Data Report,,CSO - UnTreated,5h 35m,987449,0.91,COVE RD & PADNARAM AVE,CLARK COVE,24011494,2024-11-04 13:42:24
NEW023,2024-10-07,10:25,Verified Data Report,,CSO - UnTreated,4h 55m,3982761,0.72,COFFIN AVE,ACUSHNET RIVER,24011495,2024-11-04 13:45:58
NEW018,2024-10-07,11:30,Verified Data Report,,CSO - UnTreated,4h 0m,439264,0.91,COVE ST AND E. RODNEY FRENCH BLVD,OUTER NEW BEDFORD HARBOR,24011496,2024-11-04 13:46:57
NEW035,2024-10-07,10:15,Verified Data Report,,CSO - UnTreated,4h 40m,202533,0.72,MAXFIELD ST AT BUZZARDS BAY,INNER NEW BEDFORD HARBOR,24011497,2024-11-04 13:48:12
NEW031,2024-10-07,11:25,Verified Data Report,,CSO - UnTreated,4h 25m,425808,0.91,CONWAY ST AT BUZZARDS BAY,INNER NEW BEDFORD HARBOR,24011500,2024-11-04 13:53:43
NEW003,2024-10-14,07:55,Public Notification Report,Initial-Ceased,CSO - UnTreated,,,,COVE RD & PADNARAM AVE,CLARK COVE,24011448,2024-10-14 15:33:40
NEW035,2024-10-14,07:50,Public Notification Report,Initial-Ceased,CSO - UnTreated,,,,MAXFIELD ST AT BUZZARDS BAY,INNER NEW BEDFORD HARBOR,24011449,2024-10-14 15:34:49
NEW035,2024-10-14,07:50,Verified Data Report,,CSO - UnTreated,0h 5m,1656,0.14,MAXFIELD ST AT BUZZARDS BAY,INNER NEW BEDFORD HARBOR,24011492,2024-11-04 13:38:40
NEW003,2024-10-14,07:55,Verified Data Report,,CSO - UnTreated,0h 45m,94735,0.12,COVE RD & PADNARAM AVE,CLARK COVE,24011499,2024-11-04 13:52:22
NEW023,2024-10-14,07:55,Verified Data Report,,CSO - UnTreated,0h 20m,87195,0.14,COFFIN AVE,ACUSHNET RIVER,24011501,2024-11-04 13:56:22
NEW003,2024-10-29,03:15,Public Notification Report,Initial-Ceased,CSO - UnTreated,,,,COVE RD & PADNARAM AVE,CLARK COVE,24011488,2024-10-30 08:25:08
NEW003,2024-10-30,03:15,Verified Data Report,,CSO - UnTreated,0h 15m,417,0.18,COVE RD & PADNARAM AVE,CLARK COVE,24011498,2024-11-04 13:50:37
NEW031,2024-11-21,19:15,Public Notification Report,Initial-Ceased,CSO - UnTreated,,,,CONWAY ST AT BUZZARDS BAY,INNER NEW BEDFORD HARBOR,24011526,2024-11-21 20:16:42
NEW031,2024-11-21,14:55,Public Notification Report,Initial-Ceased,CSO - UnTreated,,,,CONWAY ST AT BUZZARDS BAY,INNER NEW BEDFORD HARBOR,24011527,2024-11-21 20:17:50
NEW035,2024-11-21,14:05,Public Notification Report,Initial-Ceased,CSO - UnTreated,,,,MAXFIELD ST AT BUZZARDS BAY,INNER NEW BEDFORD HARBOR,24011528,2024-11-21 20:19:17
NEW023,2024-11-21,13:50,Public Notification Report,Initial-Ceased,CSO - UnTreated,,,,COFFIN AVE,ACUSHNET RIVER,24011529,2024-11-21 20:20:46
NEW003,2024-11-21,13:40,Public Notification Report,Initial-Ceased,CSO - UnTreated,,,,COVE RD & PADNARAM AVE,CLARK COVE,24011530,2024-11-21 20:22:08
NEW023,2024-11-21,13:50,Verified Data Report,,CSO - UnTreated,6h 0m,1538932,1.75,COFFIN AVE,ACUSHNET RIVER,24011750,2024-12-13 08:24:38
NEW031,2024-11-21,19:15,Verified Data Report,,CSO - UnTreated,1h 10m,56223,1.64,CONWAY ST AT BUZZARDS BAY,INNER NEW BEDFORD HARBOR,24011751,2024-12-13 09:03:18
NEW035,2024-11-21,14:05,Verified Data Report,,CSO - UnTreated,5h 0m,96689,1.75,MAXFIELD ST AT BUZZARDS BAY,INNER NEW BEDFORD HARBOR,24011752,2024-12-13 09:06:19
NEW023,2024-11-22,00:20,Public Notification Report,Initial-Ceased,CSO - UnTreated,,,,COFFIN AVE,ACUSHNET RIVER,24011535,2024-11-22 07:23:19
NEW035,2024-11-22,00:15,Public Notification Report,Initial-Ceased,CSO - UnTreated,,,,MAXFIELD ST AT BUZZARDS BAY,INNER NEW BEDFORD HARBOR,24011536,2024-11-22 07:24:15
NEW023,2024-11-22,00:20,Verified Data Report,,CSO - UnTreated,2h 40m,1860391,1.75,COFFIN AVE,ACUSHNET RIVER,24011762,2024-12-13 10:37:32
NEW035,2024-11-22,00:15,Verified Data Report,,CSO - UnTreated,1h 45m,15470,1.75,MAXFIELD ST AT BUZZARDS BAY,INNER NEW BEDFORD HARBOR,24011763,2024-12-13 10:38:33
NEW035,2024-11-23,00:45,Public Notification Report,Initial-Ceased,CSO - UnTreated,,,,MAXFIELD ST AT BUZZARDS BAY,INNER NEW BEDFORD HARBOR,24011550,2024-11-23 09:23:54
NEW023,2024-11-23,00:40,Public Notification Report,Initial-Ceased,CSO - UnTreated,,,,COFFIN AVE,ACUSHNET RIVER,24011551,2024-11-23 09:25:20
NEW003,2024-11-23,00:35,Public Notification Report,Initial-Ceased,CSO - UnTreated,,,,COVE RD & PADNARAM AVE,CLARK COVE,24011552,2024-11-23 09:29:19
NEW023,2024-11-23,00:20,Public Notification Report,Initial-Ceased,CSO - UnTreated,,,,COFFIN AVE,ACUSHNET RIVER,24011553,2024-11-23 09:30:59
NEW035,2024-11-23,00:15,Public Notification Report,Initial-Ceased,CSO - UnTreated,,,,MAXFIELD ST AT BUZZARDS BAY,INNER NEW BEDFORD HARBOR,24011554,2024-11-23 09:32:17
NEW035,2024-11-23,11:50,Public Notification Report,Initial-Ceased,CSO - UnTreated,,,,MAXFIELD ST AT BUZZARDS BAY,INNER NEW BEDFORD HARBOR,24011559,2024-11-24 17:20:00
NEW023,2024-11-23,11:40,Public Notification Report,Initial-Ceased,CSO - UnTreated,,,,COFFIN AVE,ACUSHNET RIVER,24011560,2024-11-24 17:21:29
NEW003,2024-11-23,11:35,Public Notification Report,Initial-Ceased,CSO - UnTreated,,,,COVE RD & PADNARAM AVE,CLARK COVE,24011561,2024-11-24 17:23:20
NEW003,2024-11-23,11:35,Verified Data Report,,CSO - UnTreated,7h 55m,634758,1.64,COVE RD & PADNARAM AVE,CLARK COVE,24011764,2024-12-13 10:39:21
NEW023,2024-11-23,00:20,Verified Data Report,,CSO - UnTreated,4h 15m,2779910,1.75,COFFIN AVE,ACUSHNET RIVER,24011765,2024-12-13 10:41:11
NEW023,2024-11-23,00:20,Verified Data Report,,CSO - UnTreated,1h 50m,557077,1.75,COFFIN AVE,ACUSHNET RIVER,24011766,2024-12-13 10:41:41
NEW035,2024-11-23,00:15,Verified Data Report,,CSO - UnTreated,3h 30m,13093,1.75,MAXFIELD ST AT BUZZARDS BAY,INNER NEW BEDFORD HARBOR,24011767,2024-12-13 10:43:28
NEW035,2024-11-23,00:15,Verified Data Report,,CSO - UnTreated,0h 30m,1698,1.75,MAXFIELD ST AT BUZZARDS BAY,INNER NEW BEDFORD HARBOR,24011768,2024-12-13 10:45:33
NEW003,2024-11-26,13:45,Public Notification Report,Initial-Ceased,CSO - UnTreated,,,,COVE RD & PADNARAM AVE,CLARK COVE,24011562,2024-11-26 18:51:07
NEW003,2024-11-26,13:45,Verified Data Report,,CSO - UnTreated,0h 20m,7093,0.10,COVE RD & PADNARAM AVE,CLARK COVE,24011769,2024-12-13 10:48:26
NEW006,2024-11-28,12:25,Public Notification Report,Initial-Ceased,CSO - UnTreated,,,,LUCAS STREET & RFB,CLARK COVE,24011575,2024-11-28 22:15:39
NEW017,2024-11-28,11:55,Public Notification Report,Initial-Ceased,CSO - UnTreated,,,,DAVID ST & RFB,OUTER NEW BEDFORD HARBOR,24011576,2024-11-28 22:16:50
NEW027,2024-11-28,11:40,Public Notification Report,Initial-Ceased,CSO - UnTreated,,,,MILL RD AT ACUSHNET RIVER,ACUSHNET RIVER,24011577,2024-11-28 22:18:07
NEW031,2024-11-28,11:40,Public Notification Report,Initial-Ceased,CSO - UnTreated,,,,CONWAY ST AT BUZZARDS BAY,INNER NEW BEDFORD HARBOR,24011578,2024-11-28 22:19:13
NEW018,2024-11-28,11:35,Public Notification Report,Initial-Ceased,CSO - UnTreated,,,,COVE ST AND E. RODNEY FRENCH BLVD,OUTER NEW BEDFORD HARBOR,24011579,2024-11-28 22:20:33
NEW003,2024-11-28,10:55,Public Notification Report,Initial-Ceased,CSO - UnTreated,,,,COVE RD & PADNARAM AVE,CLARK COVE,24011580,2024-11-28 22:21:45
NEW035,2024-11-28,10:50,Public Notification Report,Initial-Ceased,CSO - UnTreated,,,,MAXFIELD ST AT BUZZARDS BAY,INNER NEW BEDFORD HARBOR,24011581,2024-11-28 22:22:56
NEW023,2024-11-28,10:50,Public Notification Report,Initial-Ceased,CSO - UnTreated,,,,COFFIN AVE,ACUSHNET RIVER,24011582,2024-11-28 22:24:04
NEW003,2024-11-28,10:55,Verified Data Report,,CSO - UnTreated,5h 15m,1197051,0.76,COVE RD & PADNARAM AVE,CLARK COVE,24011770,2024-12-13 10:49:20
NEW006,2024-11-28,12:25,Verified Data Report,,CSO - UnTreated,1h 20m,69374,0.76,LUCAS STREET & RFB,CLARK COVE,24011771,2024-12-13 10:50:31
NEW017,2024-11-28,11:55,Verified Data Report,,CSO - UnTreated,0h 30m,25575,0.76,DAVID ST & RFB,OUTER NEW BEDFORD HARBOR,24011772,2024-12-13 10:52:26
NEW018,2024-11-28,11:35,Verified Data Report,,CSO - UnTreated,4h 15m,796615,0.76,COVE ST AND E. RODNEY FRENCH BLVD,OUTER NEW BEDFORD HARBOR,24011773,2024-12-13 11:02:48
NEW027,2024-11-28,11:40,Verified Data Report,,CSO - UnTreated,3h 30m,60198,1.11,MILL RD AT ACUSHNET RIVER,ACUSHNET RIVER,24011774,2024-12-13 11:13:07
NEW035,2024-11-28,10:50,Verified Data Report,,CSO - UnTreated,4h 34m,356839,1.11,MAXFIELD ST AT BUZZARDS BAY,INNER NEW BEDFORD HARBOR,24011775,2024-12-13 11:14:37
NEW023,2024-12-05,09:25,Public Notification Report,Initial-Ceased,CSO - UnTreated,,,,COFFIN AVE,ACUSHNET RIVER,24011593,2024-12-05 10:49:22
NEW035,2024-12-05,00:15,Public Notification Report,Initial-Ceased,CSO - UnTreated,,,,MAXFIELD ST AT BUZZARDS BAY,INNER NEW BEDFORD HARBOR,24011594,2024-12-05 10:50:33
NEW023,2024-12-05,00:15,Public Notification Report,Initial-Ceased,CSO - UnTreated,,,,COFFIN AVE,ACUSHNET RIVER,24011595,2024-12-05 10:51:39
NEW003,2024-12-05,00:10,Public Notification Report,Initial-Ceased,CSO - UnTreated,,,,COVE RD & PADNARAM AVE,CLARK COVE,24011596,2024-12-05 10:52:40
NEW003,2024-12-05,00:10,Verified Data Report,,CSO - UnTreated,9h 35m,864553,0.75,COVE RD & PADNARAM AVE,CLARK COVE,25011986,2025-01-15 13:52:59
NEW023,2024-12-05,09:25,Verified Data Report,,CSO - UnTreated,6h 5m,860650,0.76,COFFIN AVE,ACUSHNET RIVER,25011987,2025-01-15 13:53:57
NEW023,2024-12-05,09:25,Verified Data Report,,CSO - UnTreated,0h 10m,1364,0.76,COFFIN AVE,ACUSHNET RIVER,25011988,2025-01-15 13:54:29
NEW035,2024-12-05,00:15,Verified Data Report,,CSO - UnTreated,5h 35m,16664,0.76,MAXFIELD ST AT BUZZARDS BAY,INNER NEW BEDFORD HARBOR,25011989,2025-01-15 13:57:50
NEW031,2024-12-09,19:00,Public Notification Report,Initial-Ceased,CSO - UnTreated,,,,CONWAY ST AT BUZZARDS BAY,INNER NEW BEDFORD HARBOR,24011605,2024-12-10 07:06:38
NEW035,2024-12-09,17:45,Public Notification Report,Initial-Ceased,CSO - UnTreated,,,,MAXFIELD ST AT BUZZARDS BAY,INNER NEW BEDFORD HARBOR,24011606,2024-12-10 07:07:40
NEW023,2024-12-09,17:40,Public Notification Report,Initial-Ceased,CSO - UnTreated,,,,COFFIN AVE,ACUSHNET RIVER,24011607,2024-12-10 07:08:23
NEW003,2024-12-09,17:35,Public Notification Report,Initial-Ceased,CSO - UnTreated,,,,COVE RD & PADNARAM AVE,CLARK COVE,24011608,2024-12-10 07:09:10
NEW003,2024-12-09,17:35,Verified Data Report,,CSO - UnTreated,4h 10m,408859,3.64,COVE RD & PADNARAM AVE,CLARK COVE,25011991,2025-01-15 13:59:35
NEW023,2024-12-09,17:40,Verified Data Report,,CSO - UnTreated,2h 15m,578657,3.51,COFFIN AVE,ACUSHNET RIVER,25011992,2025-01-15 14:21:15
NEW031,2024-12-09,19:00,Verified Data Report,,CSO - UnTreated,1h 0m,33143,3.64,CONWAY ST AT BUZZARDS BAY,INNER NEW BEDFORD HARBOR,25011993,2025-01-15 14:23:24
NEW035,2024-12-09,17:45,Verified Data Report,,CSO - UnTreated,1h 35m,43076,3.51,MAXFIELD ST AT BUZZARDS BAY,INNER NEW BEDFORD HARBOR,25011995,2025-01-15 14:29:41
NEW006,2024-12-10,14:15,Public Notification Report,Initial-Ceased,CSO - UnTreated,,,,LUCAS STREET & RFB,CLARK COVE,24011632,2024-12-11 07:24:23
NEW006,2024-12-10,14:15,Verified Data Report,,CSO - UnTreated,0h 40m,98343,0.00,LUCAS STREET & RFB,CLARK COVE,25011997,2025-01-15 14:32:01
NEW005,2024-12-10,13:40,Verified Data Report,,CSO - UnTreated,0h 5m,18621,3.64,DUDLEY & RFB,CLARK COVE,25012000,2025-01-15 14:34:35
NEW003,2024-12-11,02:00,Public Notification Report,Initial-Ceased,CSO - UnTreated,,,,COVE RD & PADNARAM AVE,CLARK COVE,24011633,2024-12-11 07:30:34
NEW004,2024-12-11,11:40,Public Notification Report,Initial-Ceased,CSO - UnTreated,,,,HURRICAN BARRIER CLARK'S COVE PUMP STATION,CLARK COVE,24011641,2024-12-11 16:32:35
NEW008,2024-12-11,11:25,Public Notification Report,Initial-Ceased,CSO - UnTreated,,,,CALUMET ST & RFB,CLARK COVE,24011642,2024-12-11 16:33:53
NEW017,2024-12-11,10:50,Public Notification Report,Initial-Ceased,CSO - UnTreated,,,,DAVID ST & RFB,OUTER NEW BEDFORD HARBOR,24011643,2024-12-11 16:34:59
NEW006,2024-12-11,10:40,Public Notification Report,Initial-Ceased,CSO - UnTreated,,,,LUCAS STREET & RFB,CLARK COVE,24011644,2024-12-11 16:36:09
NEW027,2024-12-11,09:25,Public Notification Report,Initial-Ceased,CSO - UnTreated,,,,MILL RD AT ACUSHNET RIVER,ACUSHNET RIVER,24011645,2024-12-11 16:37:18
NEW018,2024-12-11,09:20,Public Notification Report,Initial-Ceased,CSO - UnTreated,,,,COVE ST AND E. RODNEY FRENCH BLVD,OUTER NEW BEDFORD HARBOR,24011646,2024-12-11 16:38:45
NEW031,2024-12-11,08:55,Public Notification Report,Initial-Ceased,CSO - UnTreated,,,,CONWAY ST AT BUZZARDS BAY,INNER NEW BEDFORD HARBOR,24011647,2024-12-11 16:39:57
NEW023,2024-12-11,07:55,Public Notification Report,Initial-Ceased,CSO - UnTreated,,,,COFFIN AVE,ACUSHNET RIVER,24011648,2024-12-11 16:41:06
NEW003,2024-12-11,07:50,Public Notification Report,Initial-Ceased,CSO - UnTreated,,,,COVE RD & PADNARAM AVE,CLARK COVE,24011649,2024-12-11 16:42:11
NEW035,2024-12-11,07:45,Public Notification Report,Initial-Ceased,CSO - UnTreated,,,,MAXFIELD ST AT BUZZARDS BAY,INNER NEW BEDFORD HARBOR,24011650,2024-12-11 16:43:17
NEW007,2024-12-11,21:40,Public Notification Report,Initial-Ceased,CSO - UnTreated,,,,CAPITAL AND ROD. FRENCH BLVD,CLARK COVE,24011673,2024-12-12 07:45:59
NEW010,2024-12-11,21:40,Public Notification Report,Initial-Ceased,CSO - Treated,,,,BELLEVUE ST & RFB,CLARK COVE,24011674,2024-12-12 07:47:13
NEW008,2024-12-11,21:35,Public Notification Report,Initial-Ceased,CSO - UnTreated,,,,CALUMET ST & RFB,CLARK COVE,24011675,2024-12-12 07:48:20
NEW016,2024-12-11,21:20,Public Notification Report,Initial-Ceased,CSO - UnTreated,,,,FREDERICK ST & RFB,OUTER NEW BEDFORD HARBOR,24011676,2024-12-12 07:49:33
NEW006,2024-12-11,20:10,Public Notification Report,Initial-Ceased,CSO - UnTreated,,,,LUCAS STREET & RFB,CLARK COVE,24011677,2024-12-12 07:50:59
NEW017,2024-12-11,19:15,Public Notification Report,Initial-Ceased,CSO - UnTreated,,,,DAVID ST & RFB,OUTER NEW BEDFORD HARBOR,24011678,2024-12-12 07:52:56
NEW018,2024-12-11,19:05,Public Notification Report,Initial-Ceased,CSO - UnTreated,,,,COVE ST AND E. RODNEY FRENCH BLVD,OUTER NEW BEDFORD HARBOR,24011679,2024-12-12 07:54:10
NEW031,2024-12-11,17:20,Public Notification Report,Initial-Ceased,CSO - UnTreated,,,,CONWAY ST AT BUZZARDS BAY,INNER NEW BEDFORD HARBOR,24011680,2024-12-12 07:55:03
NEW027,2024-12-11,17:10,Public Notification Report,Initial-Ceased,CSO - UnTreated,,,,MILL RD AT ACUSHNET RIVER,ACUSHNET RIVER,24011681,2024-12-12 07:55:59
NEW003,2024-12-11,07:50,Verified Data Report,,CSO - UnTreated,0h 40m,39733,3.64,COVE RD & PADNARAM AVE,CLARK COVE,25012014,2025-01-15 15:19:47
NEW004,2024-12-11,11:40,Verified Data Report,,CSO - UnTreated,2h 0m,660000,3.64,HURRICAN BARRIER CLARK'S COVE PUMP STATION,CLARK COVE,25012015,2025-01-15 15:35:25
NEW003,2024-12-11,07:50,Verified Data Report,,CSO - UnTreated,4h 5m,5461379,3.64,COVE RD & PADNARAM AVE,CLARK COVE,25012023,2025-01-15 15:38:04
NEW006,2024-12-11,20:10,Verified Data Report,,CSO - UnTreated,2h 5m,367013,3.64,LUCAS STREET & RFB,CLARK COVE,25012026,2025-01-15 15:44:41
NEW006,2024-12-11,20:10,Verified Data Report,,CSO - UnTreated,4h 55m,1373203,3.64,LUCAS STREET & RFB,CLARK COVE,25012027,2025-01-15 15:45:13
NEW007,2024-12-11,21:40,Verified Data Report,,CSO - UnTreated,0h 45m,95565,3.64,CAPITAL AND ROD. FRENCH BLVD,CLARK COVE,25012028,2025-01-15 15:45:59
NEW008,2024-12-11,21:35,Verified Data Report,,CSO - UnTreated,0h 15m,31489,3.64,CALUMET ST & RFB,CLARK COVE,25012029,2025-01-15 15:48:55
NEW008,2024-12-11,21:35,Verified Data Report,,CSO - UnTreated,1h 40m,512489,3.64,CALUMET ST & RFB,CLARK COVE,25012031,2025-01-15 15:49:58
NEW010,2024-12-11,21:40,Verified Data Report,,CSO - Treated,1h 20m,131491,3.64,BELLEVUE ST & RFB,CLARK COVE,25012032,2025-01-15 15:52:17
NEW016,2024-12-11,21:20,Verified Data Report,,CSO - UnTreated,1h 45m,197091,3.64,FREDERICK ST & RFB,OUTER NEW BEDFORD HARBOR,25012034,2025-01-15 15:52:50
NEW017,2024-12-11,10:50,Verified Data Report,,CSO - UnTreated,1h 40m,1275753,3.64,DAVID ST & RFB,OUTER NEW BEDFORD HARBOR,25012035,2025-01-15 15:53:26
NEW017,2024-12-11,10:50,Verified Data Report,,CSO - UnTreated,5h 35m,5788915,3.64,DAVID ST & RFB,OUTER NEW BEDFORD HARBOR,25012036,2025-01-15 15:53:59
NEW018,2024-12-11,19:05,Verified Data Report,,CSO - UnTreated,3h 30m,631703,3.64,COVE ST AND E. RODNEY FRENCH BLVD,OUTER NEW BEDFORD HARBOR,25012037,2025-01-15 15:54:46
NEW018,2024-12-11,19:05,Verified Data Report,,CSO - UnTreated,6h 50m,1947945,3.64,COVE ST AND E. RODNEY FRENCH BLVD,OUTER NEW BEDFORD HARBOR,25012038,2025-01-15 15:55:19
NEW023,2024-12-11,07:55,Verified Data Report,,CSO - UnTreated,17h 45m,16778660,3.51,COFFIN AVE,ACUSHNET RIVER,25012040,2025-01-15 15:56:09
NEW027,2024-12-11,17:10,Verified Data Report,,CSO - UnTreated,2h 55m,210914,3.51,MILL RD AT ACUSHNET RIVER,ACUSHNET RIVER,25012041,2025-01-15 15:56:55
NEW027,2024-12-11,17:10,Verified Data Report,,CSO - UnTreated,7h 20m,687528,3.51,MILL RD AT ACUSHNET RIVER,ACUSHNET RIVER,25012043,2025-01-15 15:59:45
NEW031,2024-12-11,17:20,Verified Data Report,,CSO - UnTreated,4h 40m,1632244,3.64,CONWAY ST AT BUZZARDS BAY,INNER NEW BEDFORD HARBOR,25012045,2025-01-15 16:01:03
NEW031,2024-12-11,17:20,Verified Data Report,,CSO - UnTreated,9h 9m,3676216,3.64,CONWAY ST AT BUZZARDS BAY,INNER NEW BEDFORD HARBOR,25012046,2025-01-15 16:03:02
NEW035,2024-12-11,07:45,Verified Data Report,,CSO - UnTreated,18h 10m,2076182,3.51,MAXFIELD ST AT BUZZARDS BAY,INNER NEW BEDFORD HARBOR,25012048,2025-01-15 16:14:56
NEW005,2024-12-11,10:40,Verified Data Report,,CSO - UnTreated,1h 15m,186206,3.64,DUDLEY & RFB,CLARK COVE,25012049,2025-01-15 16:26:16
NEW005,2024-12-11,19:05,Verified Data Report,,CSO - UnTreated,5h 10m,748976,3.64,DUDLEY & RFB,CLARK COVE,25012050,2025-01-15 16:27:42
NEW027,2024-12-17,05:55,Public Notification Report,Initial-Ceased,CSO - UnTreated,,,,MILL RD AT ACUSHNET RIVER,ACUSHNET RIVER,24011793,2024-12-17 09:31:38
NEW018,2024-12-17,04:20,Public Notification Report,Initial-Ceased,CSO - UnTreated,,,,COVE ST AND E. RODNEY FRENCH BLVD,OUTER NEW BEDFORD HARBOR,24011794,2024-12-17 09:32:29
NEW031,2024-12-17,03:55,Public Notification Report,Initial-Ceased,CSO - UnTreated,,,,CONWAY ST AT BUZZARDS BAY,INNER NEW BEDFORD HARBOR,24011795,2024-12-17 09:33:24
NEW023,2024-12-17,03:05,Public Notification Report,Initial-Ceased,CSO - UnTreated,,,,COFFIN AVE,ACUSHNET RIVER,24011796,2024-12-17 09:34:19
NEW003,2024-12-17,03:00,Public Notification Report,Initial-Ceased,CSO - UnTreated,,,,COVE RD & PADNARAM AVE,CLARK COVE,24011797,2024-12-17 09:35:02
NEW035,2024-12-17,02:55,Public Notification Report,Initial-Ceased,CSO - UnTreated,,,,MAXFIELD ST AT BUZZARDS BAY,INNER NEW BEDFORD HARBOR,24011798,2024-12-17 09:35:52
NEW003,2024-12-17,03:00,Verified Data Report,,CSO - UnTreated,4h 40m,892520,1.23,COVE RD & PADNARAM AVE,CLARK COVE,25012051,2025-01-15 16:44:19
NEW018,2024-12-17,04:20,Verified Data Report,,CSO - UnTreated,2h 30m,486315,1.23,COVE ST AND E. RODNEY FRENCH BLVD,OUTER NEW BEDFORD HARBOR,25012052,2025-01-15 16:44:56
NEW023,2024-12-17,03:05,Verified Data Report,,CSO - UnTreated,4h 4m,1570622,0.62,COFFIN AVE,ACUSHNET RIVER,25012053,2025-01-15 16:45:43
NEW027,2024-12-17,05:55,Verified Data Report,,CSO - UnTreated,0h 5m,294,0.62,MILL RD AT ACUSHNET RIVER,ACUSHNET RIVER,25012054,2025-01-15 16:46:24
NEW031,2024-12-17,03:55,Verified Data Report,,CSO - UnTreated,3h 40m,590223,1.23,CONWAY ST AT BUZZARDS BAY,INNER NEW BEDFORD HARBOR,25012055,2025-01-15 16:47:08
NEW035,2024-12-17,02:55,Verified Data Report,,CSO - UnTreated,5h 50m,522084,0.62,MAXFIELD ST AT BUZZARDS BAY,INNER NEW BEDFORD HARBOR,25012056,2025-01-15 16:48:39
NEW035,2024-12-18,06:35,Public Notification Report,Initial-Ceased,CSO - UnTreated,,,,MAXFIELD ST AT BUZZARDS BAY,INNER NEW BEDFORD HARBOR,24011804,2024-12-18 15:36:44
NEW017,2024-12-18,23:10,Public Notification Report,Initial-Ceased,CSO - UnTreated,,,,DAVID ST & RFB,OUTER NEW BEDFORD HARBOR,24011811,2024-12-19 09:11:38
NEW027,2024-12-18,22:50,Public Notification Report,Initial-Ceased,CSO - UnTreated,,,,MILL RD AT ACUSHNET RIVER,ACUSHNET RIVER,24011815,2024-12-19 09:25:18
NEW018,2024-12-18,22:45,Public Notification Report,Initial-Ceased,CSO - UnTreated,,,,COVE ST AND E. RODNEY FRENCH BLVD,OUTER NEW BEDFORD HARBOR,24011816,2024-12-19 09:26:33
NEW031,2024-12-18,22:25,Public Notification Report,Initial-Ceased,CSO - UnTreated,,,,CONWAY ST AT BUZZARDS BAY,INNER NEW BEDFORD HARBOR,24011817,2024-12-19 09:27:48
NEW003,2024-12-18,21:00,Public Notification Report,Initial-Ceased,CSO - UnTreated,,,,COVE RD & PADNARAM AVE,CLARK COVE,24011818,2024-12-19 09:29:27
NEW023,2024-12-18,20:55,Public Notification Report,Initial-Ceased,CSO - UnTreated,,,,COFFIN AVE,ACUSHNET RIVER,24011819,2024-12-19 09:30:31
NEW003,2024-12-18,21:00,Verified Data Report,,CSO - UnTreated,7h 0m,629739,1.23,COVE RD & PADNARAM AVE,CLARK COVE,25012057,2025-01-15 16:49:40
NEW017,2024-12-18,23:10,Verified Data Report,,CSO - UnTreated,0h 10m,3036,1.23,DAVID ST & RFB,OUTER NEW BEDFORD HARBOR,25012058,2025-01-15 16:50:21
NEW018,2024-12-18,22:45,Verified Data Report,,CSO - UnTreated,1h 15m,297402,1.23,COVE ST AND E. RODNEY FRENCH BLVD,OUTER NEW BEDFORD HARBOR,25012059,2025-01-15 16:50:56
NEW023,2024-12-18,20:55,Verified Data Report,,CSO - UnTreated,3h 15m,2498554,0.57,COFFIN AVE,ACUSHNET RIVER,25012060,2025-01-15 16:52:14
NEW027,2024-12-18,22:50,Verified Data Report,,CSO - UnTreated,0h 20m,5511,0.57,MILL RD AT ACUSHNET RIVER,ACUSHNET RIVER,25012061,2025-01-15 16:52:49
NEW031,2024-12-18,22:25,Verified Data Report,,CSO - UnTreated,1h 50m,179083,1.23,CONWAY ST AT BUZZARDS BAY,INNER NEW BEDFORD HARBOR,25012062,2025-01-15 16:53:31
NEW035,2024-12-18,06:35,Verified Data Report,,CSO - UnTreated,8h 9m,1191,0.01,MAXFIELD ST AT BUZZARDS BAY,INNER NEW BEDFORD HARBOR,25012063,2025-01-15 16:54:13
NEW031,2024-12-20,16:40,Public Notification Report,Initial-Ceased,CSO - UnTreated,,,,CONWAY ST AT BUZZARDS BAY,INNER NEW BEDFORD HARBOR,24011820,2024-12-21 05:14:55
NEW023,2024-12-20,15:45,Public Notification Report,Initial-Ceased,CSO - UnTreated,,,,COFFIN AVE,ACUSHNET RIVER,24011821,2024-12-21 05:16:28
NEW003,2024-12-20,15:40,Public Notification Report,Initial-Ceased,CSO - UnTreated,,,,COVE RD & PADNARAM AVE,CLARK COVE,24011822,2024-12-21 05:17:45
NEW035,2024-12-20,13:55,Public Notification Report,Initial-Ceased,CSO - UnTreated,,,,MAXFIELD ST AT BUZZARDS BAY,INNER NEW BEDFORD HARBOR,24011823,2024-12-21 05:19:22
NEW003,2024-12-20,15:40,Verified Data Report,,CSO - UnTreated,2h 30m,270503,0.40,COVE RD & PADNARAM AVE,CLARK COVE,25012064,2025-01-15 16:55:14
NEW023,2024-12-20,15:45,Verified Data Report,,CSO - UnTreated,1h 30m,253073,0.35,COFFIN AVE,ACUSHNET RIVER,25012065,2025-01-15 16:55:57
NEW031,2024-12-20,16:40,Verified Data Report,,CSO - UnTreated,0h 45m,11187,0.40,CONWAY ST AT BUZZARDS BAY,INNER NEW BEDFORD HARBOR,25012066,2025-01-15 16:56:29
NEW035,2024-12-20,13:55,Verified Data Report,,CSO - UnTreated,2h 45m,464169,0.35,MAXFIELD ST AT BUZZARDS BAY,INNER NEW BEDFORD HARBOR,25012067,2025-01-15 16:57:06
NEW006,2024-12-30,09:35,Public Notification Report,Initial-Ceased,CSO - UnTreated,,,,LUCAS STREET & RFB,CLARK COVE,24011843,2024-12-30 13:48:56
NEW017,2024-12-30,08:40,Public Notification Report,Initial-Ceased,CSO - UnTreated,,,,DAVID ST & RFB,OUTER NEW BEDFORD HARBOR,24011844,2024-12-30 13:49:45
NEW031,2024-12-30,08:40,Public Notification Report,Initial-Ceased,CSO - UnTreated,,,,CONWAY ST AT BUZZARDS BAY,INNER NEW BEDFORD HARBOR,24011846,2024-12-30 13:50:30
NEW027,2024-12-30,08:25,Public Notification Report,Initial-Ceased,CSO - UnTreated,,,,MILL RD AT ACUSHNET RIVER,ACUSHNET RIVER,24011848,2024-12-30 13:51:25
NEW018,2024-12-30,08:15,Public Notification Report,Initial-Ceased,CSO - UnTreated,,,,COVE ST AND E. RODNEY FRENCH BLVD,OUTER NEW BEDFORD HARBOR,24011850,2024-12-30 13:52:11
NEW023,2024-12-30,08:05,Public Notification Report,Initial-Ceased,CSO - UnTreated,,,,COFFIN AVE,ACUSHNET RIVER,24011851,2024-12-30 13:52:59
NEW035,2024-12-30,08:05,Public Notification Report,Initial-Ceased,CSO - UnTreated,,,,MAXFIELD ST AT BUZZARDS BAY,INNER NEW BEDFORD HARBOR,24011852,2024-12-30 13:53:47
NEW003,2024-12-30,08:05,Public Notification Report,Initial-Ceased,CSO - UnTreated,,,,COVE RD & PADNARAM AVE,CLARK COVE,24011854,2024-12-30 13:54:35
NEW003,2024-12-30,08:05,Verified Data Report,,CSO - UnTreated,4h 10m,638308,0.82,COVE RD & PADNARAM AVE,CLARK COVE,25012068,2025-01-15 16:57:40
NEW006,2024-12-30,09:35,Verified Data Report,,CSO - UnTreated,1h 0m,43013,0.82,LUCAS STREET & RFB,CLARK COVE,25012069,2025-01-15 16:58:14
NEW017,2024-12-30,08:40,Verified Data Report,,CSO - UnTreated,1h 55m,1950958,0.82,DAVID ST & RFB,OUTER NEW BEDFORD HARBOR,25012070,2025-01-15 16:58:48
NEW018,2024-12-30,08:15,Verified Data Report,,CSO - UnTreated,2h 40m,721857,0.82,COVE ST AND E. RODNEY FRENCH BLVD,OUTER NEW BEDFORD HARBOR,25012071,2025-01-15 16:59:26
NEW023,2024-12-30,08:05,Verified Data Report,,CSO - UnTreated,2h 40m,3574425,0.95,COFFIN AVE,ACUSHNET RIVER,25012072,2025-01-15 17:00:03
NEW027,2024-12-30,08:25,Verified Data Report,,CSO - UnTreated,1h 0m,44312,0.95,MILL RD AT ACUSHNET RIVER,ACUSHNET RIVER,25012073,2025-01-15 17:00:40
NEW031,2024-12-30,08:40,Verified Data Report,,CSO - UnTreated,3h 0m,708438,0.82,CONWAY ST AT BUZZARDS BAY,INNER NEW BEDFORD HARBOR,25012074,2025-01-15 17:01:14
NEW035,2024-12-30,08:05,Verified Data Report,,CSO - UnTreated,3h 40m,154579,0.95,MAXFIELD ST AT BUZZARDS BAY,INNER NEW BEDFORD HARBOR,25012075,2025-01-15 17:01:47
NEW005,2025-01-01,05:35,Public Notification Report,Initial-Ceased,CSO - UnTreated,,,,DUDLEY & RFB,CLARK COVE,25011878,2025-01-01 12:05:27
NEW017,2025-01-01,03:35,Public Notification Report,Initial-Ceased,CSO - UnTreated,,,,DAVID ST & RFB,OUTER NEW BEDFORD HARBOR,25011879,2025-01-01 12:06:39
NEW031,2025-01-01,03:25,Public Notification Report,Initial-Ceased,CSO - UnTreated,,,,CONWAY ST AT BUZZARDS BAY,INNER NEW BEDFORD HARBOR,25011880,2025-01-01 12:08:03
NEW027,2025-01-01,03:10,Public Notification Report,Initial-Ceased,CSO - UnTreated,,,,MILL RD AT ACUSHNET RIVER,ACUSHNET RIVER,25011881,2025-01-01 12:09:36
NEW018,2025-01-01,03:00,Public Notification Report,Initial-Ceased,CSO - UnTreated,,,,COVE ST AND E. RODNEY FRENCH BLVD,OUTER NEW BEDFORD HARBOR,25011882,2025-01-01 12:11:43
NEW023,2025-01-01,02:50,Public Notification Report,Initial-Ceased,CSO - UnTreated,,,,COFFIN AVE,ACUSHNET RIVER,25011883,2025-01-01 12:12:46
NEW003,2025-01-01,02:45,Public Notification Report,Initial-Ceased,CSO - UnTreated,,,,COVE RD & PADNARAM AVE,CLARK COVE,25011884,2025-01-01 12:13:59
NEW035,2025-01-01,02:40,Public Notification Report,Initial-Ceased,CSO - UnTreated,,,,MAXFIELD ST AT BUZZARDS BAY,INNER NEW BEDFORD HARBOR,25011885,2025-01-01 12:15:09
NEW003,2025-01-01,02:45,Verified Data Report,,CSO - UnTreated,4h 25m,793443,0.98,COVE RD & PADNARAM AVE,CLARK COVE,25012281,2025-02-18 09:11:25
NEW005,2025-01-01,05:35,Verified Data Report,,CSO - UnTreated,0h 15m,68985,0.98,DUDLEY & RFB,CLARK COVE,25012282,2025-02-18 09:14:09
NEW017,2025-01-01,03:35,Verified Data Report,,CSO - UnTreated,3h 30m,1834327,0.98,DAVID ST & RFB,OUTER NEW BEDFORD HARBOR,25012283,2025-02-18 09:15:32
NEW018,2025-01-01,03:00,Verified Data Report,,CSO - UnTreated,5h 55m,1119354,0.98,COVE ST AND E. RODNEY FRENCH BLVD,OUTER NEW BEDFORD HARBOR,25012284,2025-02-18 09:16:07
NEW023,2025-01-01,02:50,Verified Data Report,,CSO - UnTreated,5h 0m,5102382,0.97,COFFIN AVE,ACUSHNET RIVER,25012285,2025-02-18 09:16:46
NEW027,2025-01-01,03:10,Verified Data Report,,CSO - UnTreated,3h 40m,275071,0.97,MILL RD AT ACUSHNET RIVER,ACUSHNET RIVER,25012287,2025-02-18 09:23:28
NEW031,2025-01-01,03:25,Verified Data Report,,CSO - UnTreated,4h 45m,996951,0.98,CONWAY ST AT BUZZARDS BAY,INNER NEW BEDFORD HARBOR,25012288,2025-02-18 09:32:17
NEW035,2025-01-01,02:40,Verified Data Report,,CSO - UnTreated,4h 0m,438902,0.97,MAXFIELD ST AT BUZZARDS BAY,INNER NEW BEDFORD HARBOR,25012289,2025-02-18 09:33:04
NEW005,2025-01-18,19:25,Public Notification Report,Initial-Ceased,CSO - UnTreated,,,,DUDLEY & RFB,CLARK COVE,25012079,2025-01-19 00:03:04
NEW006,2025-01-18,19:10,Public Notification Report,Initial-Ceased,CSO - UnTreated,,,,LUCAS STREET & RFB,CLARK COVE,25012080,2025-01-19 00:04:19
NEW027,2025-01-18,18:55,Public Notification Report,Initial-Ceased,CSO - UnTreated,,,,MILL RD AT ACUSHNET RIVER,ACUSHNET RIVER,25012081,2025-01-19 00:05:35
NEW018,2025-01-18,18:55,Public Notification Report,Initial-Ceased,CSO - UnTreated,,,,COVE ST AND E. RODNEY FRENCH BLVD,OUTER NEW BEDFORD HARBOR,25012082,2025-01-19 00:06:54
NEW031,2025-01-18,18:10,Public Notification Report,Initial-Ceased,CSO - UnTreated,,,,CONWAY ST AT BUZZARDS BAY,INNER NEW BEDFORD HARBOR,25012083,2025-01-19 00:08:09
NEW035,2025-01-18,17:10,Public Notification Report,Initial-Ceased,CSO - UnTreated,,,,MAXFIELD ST AT BUZZARDS BAY,INNER NEW BEDFORD HARBOR,25012084,2025-01-19 00:09:28
NEW023,2025-01-18,17:10,Public Notification Report,Initial-Ceased,CSO - UnTreated,,,,COFFIN AVE,ACUSHNET RIVER,25012085,2025-01-19 00:10:52
NEW003,2025-01-18,16:10,Public Notification Report,Initial-Ceased,CSO - UnTreated,,,,COVE RD & PADNARAM AVE,CLARK COVE,25012086,2025-01-19 00:11:56
NEW003,2025-01-18,16:10,Verified Data Report,,CSO - UnTreated,5h 10m,797961,1.01,COVE RD & PADNARAM AVE,CLARK COVE,25012290,2025-02-18 09:35:35
NEW005,2025-01-18,19:25,Verified Data Report,,CSO - UnTreated,0h 5m,13230,1.01,DUDLEY & RFB,CLARK COVE,25012291,2025-02-18 09:36:31
NEW006,2025-01-18,19:10,Verified Data Report,,CSO - UnTreated,1h 4m,145695,1.01,LUCAS STREET & RFB,CLARK COVE,25012292,2025-02-18 09:38:30
NEW018,2025-01-18,18:55,Verified Data Report,,CSO - UnTreated,2h 20m,434846,1.01,COVE ST AND E. RODNEY FRENCH BLVD,OUTER NEW BEDFORD HARBOR,25012293,2025-02-18 09:39:12
NEW023,2025-01-18,17:10,Verified Data Report,,CSO - UnTreated,4h 10m,1821347,0.83,COFFIN AVE,ACUSHNET RIVER,25012294,2025-02-18 09:40:09
NEW027,2025-01-18,18:55,Verified Data Report,,CSO - UnTreated,0h 20m,985,0.83,MILL RD AT ACUSHNET RIVER,ACUSHNET RIVER,25012295,2025-02-18 09:41:32
NEW031,2025-01-18,18:10,Verified Data Report,,CSO - UnTreated,3h 30m,796679,1.01,CONWAY ST AT BUZZARDS BAY,INNER NEW BEDFORD HARBOR,25012296,2025-02-18 09:43:14
NEW035,2025-01-18,17:10,Verified Data Report,,CSO - UnTreated,3h 40m,132176,0.83,MAXFIELD ST AT BUZZARDS BAY,INNER NEW BEDFORD HARBOR,25012297,2025-02-18 09:54:21
NEW031,2025-01-19,22:10,Public Notification Report,Initial-Ceased,CSO - UnTreated,,,,CONWAY ST AT BUZZARDS BAY,INNER NEW BEDFORD HARBOR,25012095,2025-01-20 07:51:16
NEW035,2025-01-19,20:30,Public Notification Report,Initial-Ceased,CSO - UnTreated,,,,MAXFIELD ST AT BUZZARDS BAY,INNER NEW BEDFORD HARBOR,25012096,2025-01-20 07:52:19
NEW023,2025-01-19,19:50,Public Notification Report,Initial-Ceased,CSO - UnTreated,,,,COFFIN AVE,ACUSHNET RIVER,25012097,2025-01-20 07:53:32
NEW003,2025-01-19,19:40,Public Notification Report,Initial-Ceased,CSO - UnTreated,,,,COVE RD & PADNARAM AVE,CLARK COVE,25012098,2025-01-20 07:54:38
NEW003,2025-01-19,19:40,Verified Data Report,,CSO - UnTreated,3h 5m,353856,1.01,COVE RD & PADNARAM AVE,CLARK COVE,25012298,2025-02-18 09:55:07
NEW023,2025-01-19,19:50,Verified Data Report,,CSO - UnTreated,2h 50m,331751,0.83,COFFIN AVE,ACUSHNET RIVER,25012299,2025-02-18 09:55:47
NEW031,2025-01-19,22:10,Verified Data Report,,CSO - UnTreated,0h 15m,504,1.01,CONWAY ST AT BUZZARDS BAY,INNER NEW BEDFORD HARBOR,25012300,2025-02-18 09:56:25
NEW035,2025-01-19,20:30,Verified Data Report,,CSO - UnTreated,1h 30m,19966,0.83,MAXFIELD ST AT BUZZARDS BAY,INNER NEW BEDFORD HARBOR,25012301,2025-02-18 09:58:02
NEW035,2025-01-31,21:40,Public Notification Report,Initial-Ceased,CSO - UnTreated,,,,MAXFIELD ST AT BUZZARDS BAY,INNER NEW BEDFORD HARBOR,25012147,2025-02-01 07:35:12
NEW023,2025-01-31,17:40,Public Notification Report,Initial-Ceased,CSO - UnTreated,,,,COFFIN AVE,ACUSHNET RIVER,25012148,2025-02-01 07:36:26
NEW003,2025-01-31,17:35,Public Notification Report,Initial-Ceased,CSO - UnTreated,,,,COVE RD & PADNARAM AVE,CLARK COVE,25012149,2025-02-01 07:37:58
NEW003,2025-01-31,17:35,Verified Data Report,,CSO - UnTreated,7h 5m,338154,0.66,COVE RD & PADNARAM AVE,CLARK COVE,25012302,2025-02-18 09:58:37
NEW023,2025-01-31,17:40,Verified Data Report,,CSO - UnTreated,6h 35m,835200,0.75,COFFIN AVE,ACUSHNET RIVER,25012303,2025-02-18 09:59:09
NEW035,2025-01-31,21:40,Verified Data Report,,CSO - UnTreated,0h 20m,13946,0.75,MAXFIELD ST AT BUZZARDS BAY,INNER NEW BEDFORD HARBOR,25012304,2025-02-18 09:59:44
NEW003,2025-02-06,12:35,Verified Data Report,,CSO - UnTreated,2h 30m,236221,0.27,COVE RD & PADNARAM AVE,CLARK COVE,25012312,2025-03-03 10:35:46
NEW023,2025-02-06,13:05,Verified Data Report,,CSO - UnTreated,2h 5m,804004,0.24,COFFIN AVE,ACUSHNET RIVER,25012313,2025-03-03 10:58:38
NEW023,2025-02-07,13:05,Public Notification Report,Initial-Ceased,CSO - UnTreated,,,,COFFIN AVE,ACUSHNET RIVER,25012196,2025-02-06 20:05:44
NEW003,2025-02-07,12:35,Public Notification Report,Initial-Ceased,CSO - UnTreated,,,,COVE RD & PADNARAM AVE,CLARK COVE,25012197,2025-02-06 20:07:09
NEW035,2025-02-13,18:50,Public Notification Report,Initial-Ceased,CSO - UnTreated,,,,MAXFIELD ST AT BUZZARDS BAY,INNER NEW BEDFORD HARBOR,25012227,2025-02-13 10:45:15
NEW023,2025-02-13,18:10,Public Notification Report,Initial-Ceased,CSO - UnTreated,,,,COFFIN AVE,ACUSHNET RIVER,25012228,2025-02-13 10:46:10
NEW003,2025-02-13,06:00,Public Notification Report,Initial-Ceased,CSO - UnTreated,,,,COVE RD & PADNARAM AVE,CLARK COVE,25012229,2025-02-13 10:47:42
NEW003,2025-02-13,14:20,Public Notification Report,Initial-Ceased,CSO - UnTreated,,,,COVE RD & PADNARAM AVE,CLARK COVE,25012239,2025-02-14 07:36:27
NEW003,2025-02-13,06:00,Verified Data Report,,CSO - UnTreated,2h 0m,141952,0.37,COVE RD & PADNARAM AVE,CLARK COVE,25012314,2025-03-03 11:00:11
NEW003,2025-02-13,06:00,Verified Data Report,,CSO - UnTreated,1h 10m,11333,0.37,COVE RD & PADNARAM AVE,CLARK COVE,25012315,2025-03-03 11:01:10
NEW023,2025-02-13,18:10,Verified Data Report,,CSO - UnTreated,2h 0m,354412,0.78,COFFIN AVE,ACUSHNET RIVER,25012316,2025-03-03 11:02:16
NEW035,2025-02-13,18:50,Verified Data Report,,CSO - UnTreated,0h 10m,237,0.78,MAXFIELD ST AT BUZZARDS BAY,INNER NEW BEDFORD HARBOR,25012317,2025-03-03 11:04:20
NEW003,2025-02-16,05:40,Verified Data Report,,CSO - UnTreated,13h 40m,2678176,1.93,COVE RD & PADNARAM AVE,CLARK COVE,25012318,2025-03-03 11:07:51
NEW005,2025-02-16,11:10,Verified Data Report,,CSO - UnTreated,6h 25m,681150,1.93,DUDLEY & RFB,CLARK COVE,25012319,2025-03-03 11:08:40
NEW006,2025-02-16,11:15,Verified Data Report,,CSO - UnTreated,7h 45m,3278512,1.93,LUCAS STREET & RFB,CLARK COVE,25012320,2025-03-03 11:10:16
NEW008,2025-02-16,13:20,Verified Data Report,,CSO - UnTreated,3h 30m,194673,1.93,CALUMET ST & RFB,CLARK COVE,25012321,2025-03-03 11:11:29
NEW010,2025-02-16,15:05,Verified Data Report,,CSO - UnTreated,0h 35m,21947,1.93,BELLEVUE ST & RFB,CLARK COVE,25012322,2025-03-03 11:12:16
NEW017,2025-02-16,11:35,Verified Data Report,,CSO - UnTreated,6h 40m,6076885,1.93,DAVID ST & RFB,OUTER NEW BEDFORD HARBOR,25012323,2025-03-03 11:13:13
NEW018,2025-02-16,11:15,Verified Data Report,,CSO - UnTreated,8h 25m,2519275,1.93,COVE ST AND E. RODNEY FRENCH BLVD,OUTER NEW BEDFORD HARBOR,25012324,2025-03-03 11:14:51
NEW023,2025-02-16,06:45,Verified Data Report,,CSO - UnTreated,12h 0m,8740897,1.91,COFFIN AVE,ACUSHNET RIVER,25012325,2025-03-03 11:15:47
NEW027,2025-02-16,11:15,Verified Data Report,,CSO - UnTreated,2h 25m,5475448,1.91,MILL RD AT ACUSHNET RIVER,ACUSHNET RIVER,25012326,2025-03-03 11:17:28
NEW031,2025-02-16,09:55,Verified Data Report,,CSO - UnTreated,10h 35m,3199935,1.93,CONWAY ST AT BUZZARDS BAY,INNER NEW BEDFORD HARBOR,25012327,2025-03-03 11:18:18
NEW035,2025-02-16,08:05,Verified Data Report,,CSO - UnTreated,10h 35m,626577,1.91,MAXFIELD ST AT BUZZARDS BAY,INNER NEW BEDFORD HARBOR,25012328,2025-03-03 11:18:57
NEW003,2025-02-17,05:40,Public Notification Report,Initial-Ceased,CSO - UnTreated,,,,COVE RD & PADNARAM AVE,CLARK COVE,25012261,2025-02-16 20:09:26
NEW023,2025-02-17,06:45,Public Notification Report,Initial-Ceased,CSO - UnTreated,,,,COFFIN AVE,ACUSHNET RIVER,25012262,2025-02-16 20:10:22
NEW035,2025-02-17,08:05,Public Notification Report,Initial-Ceased,CSO - UnTreated,,,,MAXFIELD ST AT BUZZARDS BAY,INNER NEW BEDFORD HARBOR,25012263,2025-02-16 20:11:18
NEW031,2025-02-17,09:55,Public Notification Report,Initial-Ceased,CSO - UnTreated,,,,CONWAY ST AT BUZZARDS BAY,INNER NEW BEDFORD HARBOR,25012264,2025-02-16 20:12:20
NEW005,2025-02-17,11:10,Public Notification Report,Initial-Ceased,CSO - UnTreated,,,,DUDLEY & RFB,CLARK COVE,25012265,2025-02-16 20:13:12
NEW006,2025-02-17,11:15,Public Notification Report,Initial-Ceased,CSO - UnTreated,,,,LUCAS STREET & RFB,CLARK COVE,25012266,2025-02-16 20:14:08
NEW018,2025-02-17,11:15,Public Notification Report,Initial-Ceased,CSO - UnTreated,,,,COVE ST AND E. RODNEY FRENCH BLVD,OUTER NEW BEDFORD HARBOR,25012267,2025-02-16 20:15:21
NEW027,2025-02-17,11:15,Public Notification Report,Initial-Ceased,CSO - UnTreated,,,,MILL RD AT ACUSHNET RIVER,ACUSHNET RIVER,25012268,2025-02-16 20:16:05
NEW017,2025-02-17,11:35,Public Notification Report,Initial-Ceased,CSO - UnTreated,,,,DAVID ST & RFB,OUTER NEW BEDFORD HARBOR,25012269,2025-02-16 20:16:55
NEW008,2025-02-17,13:20,Public Notification Report,Initial-Ceased,CSO - UnTreated,,,,CALUMET ST & RFB,CLARK COVE,25012270,2025-02-16 20:17:46
NEW010,2025-02-17,15:05,Public Notification Report,Initial-Ceased,CSO - UnTreated,,,,BELLEVUE ST & RFB,CLARK COVE,25012271,2025-02-16 20:18:39
NEW003,2025-03-05,23:05,Public Notification Report,Initial-Ceased,CSO - UnTreated,,,,COVE RD & PADNARAM AVE,CLARK COVE,25012352,2025-03-06 07:48:22
NEW035,2025-03-05,23:00,Public Notification Report,Initial-Ceased,CSO - UnTreated,,,,MAXFIELD ST AT BUZZARDS BAY,INNER NEW BEDFORD HARBOR,25012353,2025-03-06 07:49:40
NEW023,2025-03-05,23:00,Public Notification Report,Initial-Ceased,CSO - UnTreated,,,,COFFIN AVE,ACUSHNET RIVER,25012354,2025-03-06 07:50:45
NEW003,2025-03-05,23:05,Verified Data Report,,CSO - UnTreated,5h 30m,253770,0.42,COVE RD & PADNARAM AVE,CLARK COVE,25012787,2025-04-14 10:34:28
NEW023,2025-03-05,23:00,Verified Data Report,,CSO - UnTreated,5h 30m,1788107,0.80,COFFIN AVE,ACUSHNET RIVER,25012788,2025-04-14 10:49:18
NEW035,2025-03-05,23:00,Verified Data Report,,CSO - UnTreated,1h 30m,13692,0.80,MAXFIELD ST AT BUZZARDS BAY,INNER NEW BEDFORD HARBOR,25012789,2025-04-14 10:51:10
NEW036,2025-03-06,03:45,Public Notification Report,Initial-Ceased,CSO - UnTreated,,,,HERVEY TICHON AVE AT BUSSARDS BAY,INNER NEW BEDFORD HARBOR,25012351,2025-03-06 07:46:44
NEW023,2025-03-06,20:30,Public Notification Report,Initial-Ceased,CSO - UnTreated,,,,COFFIN AVE,ACUSHNET RIVER,25012394,2025-03-07 07:31:06
NEW003,2025-03-06,20:15,Public Notification Report,Initial-Ceased,CSO - UnTreated,,,,COVE RD & PADNARAM AVE,CLARK COVE,25012395,2025-03-07 07:33:50
NEW003,2025-03-06,20:15,Verified Data Report,,CSO - UnTreated,0h 40m,55709,0.42,COVE RD & PADNARAM AVE,CLARK COVE,25012790,2025-04-14 10:52:26
NEW023,2025-03-06,20:30,Verified Data Report,,CSO - UnTreated,0h 30m,63517,0.80,COFFIN AVE,ACUSHNET RIVER,25012791,2025-04-14 10:53:44
NEW036,2025-03-06,03:45,Verified Data Report,,CSO - UnTreated,0h 20m,19755,0.80,HERVEY TICHON AVE AT BUSSARDS BAY,INNER NEW BEDFORD HARBOR,25012792,2025-04-14 10:54:23
NEW006,2025-03-17,06:50,Public Notification Report,Initial-Ceased,CSO - UnTreated,,,,LUCAS STREET & RFB,CLARK COVE,25012476,2025-03-17 18:05:08
NEW031,2025-03-17,05:25,Public Notification Report,Initial-Ceased,CSO - UnTreated,,,,CONWAY ST AT BUZZARDS BAY,INNER NEW BEDFORD HARBOR,25012477,2025-03-17 18:06:24
NEW005,2025-03-17,05:20,Public Notification Report,Initial-Ceased,CSO - UnTreated,,,,DUDLEY & RFB,CLARK COVE,25012478,2025-03-17 18:07:44
NEW017,2025-03-17,05:20,Public Notification Report,Initial-Ceased,CSO - UnTreated,,,,DAVID ST & RFB,OUTER NEW BEDFORD HARBOR,25012479,2025-03-17 18:09:16
NEW018,2025-03-17,05:10,Public Notification Report,Initial-Ceased,CSO - UnTreated,,,,COVE ST AND E. RODNEY FRENCH BLVD,OUTER NEW BEDFORD HARBOR,25012480,2025-03-17 18:10:32
NEW003,2025-03-17,04:55,Public Notification Report,Initial-Ceased,CSO - UnTreated,,,,COVE RD & PADNARAM AVE,CLARK COVE,25012481,2025-03-17 18:11:59
NEW023,2025-03-17,04:50,Public Notification Report,Initial-Ceased,CSO - UnTreated,,,,COFFIN AVE,ACUSHNET RIVER,25012482,2025-03-17 18:13:22
NEW035,2025-03-17,04:45,Public Notification Report,Initial-Ceased,CSO - UnTreated,,,,MAXFIELD ST AT BUZZARDS BAY,INNER NEW BEDFORD HARBOR,25012483,2025-03-17 18:24:05
NEW023,2025-03-17,17:30,Public Notification Report,Initial-Ceased,CSO - UnTreated,,,,COFFIN AVE,ACUSHNET RIVER,25012487,2025-03-18 07:12:53
NEW035,2025-03-17,17:25,Public Notification Report,Initial-Ceased,CSO - UnTreated,,,,MAXFIELD ST AT BUZZARDS BAY,INNER NEW BEDFORD HARBOR,25012488,2025-03-18 07:13:47
NEW003,2025-03-17,04:55,Verified Data Report,,CSO - UnTreated,15h 40m,2296593,1.98,COVE RD & PADNARAM AVE,CLARK COVE,25012793,2025-04-14 10:55:07
NEW005,2025-03-17,05:20,Verified Data Report,,CSO - UnTreated,2h 55m,18733,1.98,DUDLEY & RFB,CLARK COVE,25012794,2025-04-14 11:06:47
NEW006,2025-03-17,06:50,Verified Data Report,,CSO - UnTreated,2h 50m,137856,1.98,LUCAS STREET & RFB,CLARK COVE,25012795,2025-04-14 11:44:03
NEW017,2025-03-17,05:20,Verified Data Report,,CSO - UnTreated,4h 19m,3070986,1.98,DAVID ST & RFB,OUTER NEW BEDFORD HARBOR,25012806,2025-04-15 16:03:29
NEW018,2025-03-17,05:10,Verified Data Report,,CSO - UnTreated,9h 5m,2465564,1.98,COVE ST AND E. RODNEY FRENCH BLVD,OUTER NEW BEDFORD HARBOR,25012807,2025-04-15 16:04:40
NEW023,2025-03-17,17:30,Verified Data Report,,CSO - UnTreated,9h 35m,7820548,1.77,COFFIN AVE,ACUSHNET RIVER,25012808,2025-04-15 16:05:47
NEW023,2025-03-17,17:30,Verified Data Report,,CSO - UnTreated,1h 4m,104532,1.77,COFFIN AVE,ACUSHNET RIVER,25012809,2025-04-15 16:06:27
NEW031,2025-03-17,05:25,Verified Data Report,,CSO - UnTreated,9h 40m,2377034,1.98,CONWAY ST AT BUZZARDS BAY,INNER NEW BEDFORD HARBOR,25012810,2025-04-15 16:07:07
NEW035,2025-03-17,17:25,Verified Data Report,,CSO - UnTreated,9h 15m,513203,1.77,MAXFIELD ST AT BUZZARDS BAY,INNER NEW BEDFORD HARBOR,25012811,2025-04-15 16:07:52
NEW035,2025-03-17,17:25,Verified Data Report,,CSO - UnTreated,1h 55m,1471,1.77,MAXFIELD ST AT BUZZARDS BAY,INNER NEW BEDFORD HARBOR,25012812,2025-04-15 16:08:36
NEW031,2025-03-21,05:05,Public Notification Report,Initial-Ceased,CSO - UnTreated,,,,CONWAY ST AT BUZZARDS BAY,INNER NEW BEDFORD HARBOR,25012502,2025-03-21 07:18:02
NEW003,2025-03-21,04:20,Public Notification Report,Initial-Ceased,CSO - UnTreated,,,,COVE RD & PADNARAM AVE,CLARK COVE,25012503,2025-03-21 07:18:42
NEW023,2025-03-21,04:20,Public Notification Report,Initial-Ceased,CSO - UnTreated,,,,COFFIN AVE,ACUSHNET RIVER,25012504,2025-03-21 07:19:34
NEW035,2025-03-21,04:15,Public Notification Report,Initial-Ceased,CSO - UnTreated,,,,MAXFIELD ST AT BUZZARDS BAY,INNER NEW BEDFORD HARBOR,25012505,2025-03-21 07:20:20
NEW003,2025-03-21,04:20,Verified Data Report,,CSO - UnTreated,1h 20m,267321,0.35,COVE RD & PADNARAM AVE,CLARK COVE,25012813,2025-04-15 16:09:18
NEW023,2025-03-21,04:20,Verified Data Report,,CSO - UnTreated,1h 25m,780862,0.40,COFFIN AVE,ACUSHNET RIVER,25012814,2025-04-15 16:09:59
NEW031,2025-03-21,05:05,Verified Data Report,,CSO - UnTreated,0h 50m,41276,0.35,CONWAY ST AT BUZZARDS BAY,INNER NEW BEDFORD HARBOR,25012815,2025-04-15 16:11:04
NEW035,2025-03-21,04:15,Verified Data Report,,CSO - UnTreated,0h 50m,69376,0.40,MAXFIELD ST AT BUZZARDS BAY,INNER NEW BEDFORD HARBOR,25012816,2025-04-15 16:12:42
NEW003,2025-03-24,11:30,Public Notification Report,Initial-Ceased,CSO - UnTreated,,,,COVE RD & PADNARAM AVE,CLARK COVE,25012539,2025-03-25 14:35:36
NEW035,2025-03-24,12:55,Public Notification Report,Initial-Ceased,CSO - UnTreated,,,,MAXFIELD ST AT BUZZARDS BAY,INNER NEW BEDFORD HARBOR,25012540,2025-03-25 14:36:19
NEW023,2025-03-24,13:00,Public Notification Report,Initial-Ceased,CSO - UnTreated,,,,COFFIN AVE,ACUSHNET RIVER,25012541,2025-03-25 14:37:10
NEW031,2025-03-24,13:45,Public Notification Report,Initial-Ceased,CSO - UnTreated,,,,CONWAY ST AT BUZZARDS BAY,INNER NEW BEDFORD HARBOR,25012542,2025-03-25 14:38:01
NEW035,2025-03-24,17:35,Public Notification Report,Initial-Ceased,CSO - UnTreated,,,,MAXFIELD ST AT BUZZARDS BAY,INNER NEW BEDFORD HARBOR,25012543,2025-03-25 14:38:50
NEW003,2025-03-24,17:45,Public Notification Report,Initial-Ceased,CSO - UnTreated,,,,COVE RD & PADNARAM AVE,CLARK COVE,25012544,2025-03-25 14:39:36
NEW031,2025-03-24,18:20,Public Notification Report,Initial-Ceased,CSO - UnTreated,,,,CONWAY ST AT BUZZARDS BAY,INNER NEW BEDFORD HARBOR,25012545,2025-03-25 14:40:23
NEW018,2025-03-24,19:05,Public Notification Report,Initial-Ceased,CSO - UnTreated,,,,COVE ST AND E. RODNEY FRENCH BLVD,OUTER NEW BEDFORD HARBOR,25012546,2025-03-25 14:41:10
NEW003,2025-03-24,11:30,Verified Data Report,,CSO - UnTreated,3h 10m,272136,0.70,COVE RD & PADNARAM AVE,CLARK COVE,25012817,2025-04-15 16:13:41
NEW003,2025-03-24,11:30,Verified Data Report,,CSO - UnTreated,3h 0m,516707,0.70,COVE RD & PADNARAM AVE,CLARK COVE,25012818,2025-04-15 16:14:16
NEW018,2025-03-24,19:05,Verified Data Report,,CSO - UnTreated,1h 25m,127158,0.70,COVE ST AND E. RODNEY FRENCH BLVD,OUTER NEW BEDFORD HARBOR,25012819,2025-04-15 16:15:17
NEW023,2025-03-24,13:00,Verified Data Report,,CSO - UnTreated,7h 35m,1586980,0.75,COFFIN AVE,ACUSHNET RIVER,25012820,2025-04-15 16:16:10
NEW031,2025-03-24,13:45,Verified Data Report,,CSO - UnTreated,1h 15m,63797,0.70,CONWAY ST AT BUZZARDS BAY,INNER NEW BEDFORD HARBOR,25012821,2025-04-15 16:16:53
NEW031,2025-03-24,13:45,Verified Data Report,,CSO - UnTreated,2h 30m,256485,0.70,CONWAY ST AT BUZZARDS BAY,INNER NEW BEDFORD HARBOR,25012822,2025-04-15 16:17:34
NEW035,2025-03-24,17:35,Verified Data Report,,CSO - UnTreated,1h 20m,60071,0.75,MAXFIELD ST AT BUZZARDS BAY,INNER NEW BEDFORD HARBOR,25012823,2025-04-15 16:19:13
NEW035,2025-03-24,17:35,Verified Data Report,,CSO - UnTreated,2h 30m,82035,0.75,MAXFIELD ST AT BUZZARDS BAY,INNER NEW BEDFORD HARBOR,25012824,2025-04-15 16:19:46
NEW003,2025-03-29,22:05,Public Notification Report,Initial-Ceased,CSO - UnTreated,,,,COVE RD & PADNARAM AVE,CLARK COVE,25012547,2025-03-30 17:47:37
NEW023,2025-03-29,21:55,Public Notification Report,Initial-Ceased,CSO - UnTreated,,,,COFFIN AVE,ACUSHNET RIVER,25012548,2025-03-30 17:48:59
NEW003,2025-03-29,22:05,Verified Data Report,,CSO - UnTreated,0h 20m,6780,0.15,COVE RD & PADNARAM AVE,CLARK COVE,25012825,2025-04-15 16:21:14
NEW023,2025-03-29,21:55,Verified Data Report,,CSO - UnTreated,0h 25m,16257,0.10,COFFIN AVE,ACUSHNET RIVER,25012826,2025-04-15 16:21:53
NEW023,2025-04-01,01:55,Public Notification Report,Initial-Ceased,CSO - UnTreated,,,,COFFIN AVE,ACUSHNET RIVER,25012553,2025-04-01 07:54:56
NEW035,2025-04-01,01:50,Public Notification Report,Initial-Ceased,CSO - UnTreated,,,,MAXFIELD ST AT BUZZARDS BAY,INNER NEW BEDFORD HARBOR,25012554,2025-04-01 07:55:44
NEW018,2025-04-01,01:40,Public Notification Report,Initial-Ceased,CSO - UnTreated,,,,COVE ST AND E. RODNEY FRENCH BLVD,OUTER NEW BEDFORD HARBOR,25012556,2025-04-01 07:56:39
NEW003,2025-04-01,01:40,Public Notification Report,Initial-Ceased,CSO - UnTreated,,,,COVE RD & PADNARAM AVE,CLARK COVE,25012557,2025-04-01 07:57:36
NEW003,2025-04-01,01:40,Verified Data Report,,CSO - UnTreated,1h 4m,153689,0.39,COVE RD & PADNARAM AVE,CLARK COVE,25012923,2025-05-02 14:38:13
NEW018,2025-04-01,01:40,Verified Data Report,,CSO - UnTreated,0h 30m,60669,0.39,COVE ST AND E. RODNEY FRENCH BLVD,OUTER NEW BEDFORD HARBOR,25012924,2025-05-02 14:41:01
NEW023,2025-04-01,01:55,Verified Data Report,,CSO - UnTreated,0h 55m,145797,0.23,COFFIN AVE,ACUSHNET RIVER,25012925,2025-05-02 14:42:12
NEW035,2025-04-01,01:50,Verified Data Report,,CSO - UnTreated,0h 15m,3856,0.23,MAXFIELD ST AT BUZZARDS BAY,INNER NEW BEDFORD HARBOR,25012926,2025-05-02 14:43:06
NEW003,2025-04-03,02:35,Public Notification Report,Initial-Ceased,CSO - UnTreated,,,,COVE RD & PADNARAM AVE,CLARK COVE,25012588,2025-04-03 07:22:27
NEW023,2025-04-03,02:30,Public Notification Report,Initial-Ceased,CSO - UnTreated,,,,COFFIN AVE,ACUSHNET RIVER,25012589,2025-04-03 07:23:17
NEW035,2025-04-03,02:25,Public Notification Report,Initial-Ceased,CSO - UnTreated,,,,MAXFIELD ST AT BUZZARDS BAY,INNER NEW BEDFORD HARBOR,25012590,2025-04-03 07:24:05
NEW003,2025-04-03,02:35,Verified Data Report,,CSO - UnTreated,1h 4m,131679,0.44,COVE RD & PADNARAM AVE,CLARK COVE,25012927,2025-05-02 14:43:47
NEW023,2025-04-03,02:30,Verified Data Report,,CSO - UnTreated,1h 10m,276845,0.34,COFFIN AVE,ACUSHNET RIVER,25012929,2025-05-02 14:51:30
NEW035,2025-04-03,02:25,Verified Data Report,,CSO - UnTreated,0h 50m,35975,0.34,MAXFIELD ST AT BUZZARDS BAY,INNER NEW BEDFORD HARBOR,25012930,2025-05-02 14:53:38
NEW003,2025-04-03,10:00,Verified Data Report,,CSO - UnTreated,2h 5m,305048,0.44,COVE RD & PADNARAM AVE,CLARK COVE,25012931,2025-05-02 14:54:44
NEW023,2025-04-03,09:55,Verified Data Report,,CSO - UnTreated,2h 15m,425075,0.34,COFFIN AVE,ACUSHNET RIVER,25012933,2025-05-02 14:58:49
NEW031,2025-04-03,11:30,Verified Data Report,,CSO - UnTreated,0h 40m,16701,0.44,CONWAY ST AT BUZZARDS BAY,INNER NEW BEDFORD HARBOR,25012934,2025-05-02 14:59:46
NEW035,2025-04-03,09:40,Verified Data Report,,CSO - UnTreated,1h 50m,40594,0.34,MAXFIELD ST AT BUZZARDS BAY,INNER NEW BEDFORD HARBOR,25012935,2025-05-02 15:00:59
NEW031,2025-04-04,11:30,Public Notification Report,Initial-Ceased,CSO - UnTreated,,,,CONWAY ST AT BUZZARDS BAY,INNER NEW BEDFORD HARBOR,25012600,2025-04-03 21:14:50
NEW018,2025-04-04,11:25,Public Notification Report,Initial-Ceased,CSO - UnTreated,,,,COVE ST AND E. RODNEY FRENCH BLVD,OUTER NEW BEDFORD HARBOR,25012601,2025-04-03 21:16:06
NEW003,2025-04-04,10:00,Public Notification Report,Initial-Ceased,CSO - UnTreated,,,,COVE RD & PADNARAM AVE,CLARK COVE,25012602,2025-04-03 21:17:21
NEW023,2025-04-04,09:55,Public Notification Report,Initial-Ceased,CSO - UnTreated,,,,COFFIN AVE,ACUSHNET RIVER,25012603,2025-04-03 21:18:38
NEW035,2025-04-04,09:40,Public Notification Report,Initial-Ceased,CSO - UnTreated,,,,MAXFIELD ST AT BUZZARDS BAY,INNER NEW BEDFORD HARBOR,25012604,2025-04-03 21:19:39
NEW018,2025-04-04,11:25,Verified Data Report,,CSO - UnTreated,0h 50m,113878,0.44,COVE ST AND E. RODNEY FRENCH BLVD,OUTER NEW BEDFORD HARBOR,25012932,2025-05-02 14:57:04
NEW031,2025-04-05,21:00,Public Notification Report,Initial-Ceased,CSO - UnTreated,,,,CONWAY ST AT BUZZARDS BAY,INNER NEW BEDFORD HARBOR,25012607,2025-04-06 01:23:38
NEW003,2025-04-05,19:40,Public Notification Report,Initial-Ceased,CSO - UnTreated,,,,COVE RD & PADNARAM AVE,CLARK COVE,25012608,2025-04-06 01:24:53
NEW023,2025-04-05,19:35,Public Notification Report,Initial-Ceased,CSO - UnTreated,,,,COFFIN AVE,ACUSHNET RIVER,25012609,2025-04-06 01:26:17
NEW035,2025-04-05,19:30,Public Notification Report,Initial-Ceased,CSO - UnTreated,,,,MAXFIELD ST AT BUZZARDS BAY,INNER NEW BEDFORD HARBOR,25012610,2025-04-06 01:27:30
NEW023,2025-04-05,15:30,Public Notification Report,Initial-Ceased,CSO - UnTreated,,,,COFFIN AVE,ACUSHNET RIVER,25012611,2025-04-06 01:28:44
NEW003,2025-04-05,19:40,Verified Data Report,,CSO - UnTreated,2h 20m,401511,1.37,COVE RD & PADNARAM AVE,CLARK COVE,25012954,2025-05-05 10:09:39
NEW023,2025-04-05,19:35,Verified Data Report,,CSO - UnTreated,2h 20m,516714,1.03,COFFIN AVE,ACUSHNET RIVER,25012956,2025-05-05 10:10:52
NEW023,2025-04-05,19:35,Verified Data Report,,CSO - UnTreated,0h 30m,33398,1.03,COFFIN AVE,ACUSHNET RIVER,25012957,2025-05-05 10:11:19
NEW031,2025-04-05,21:00,Verified Data Report,,CSO - UnTreated,1h 10m,45703,1.37,CONWAY ST AT BUZZARDS BAY,INNER NEW BEDFORD HARBOR,25012958,2025-05-05 10:23:32
NEW035,2025-04-05,19:30,Verified Data Report,,CSO - UnTreated,1h 55m,56060,1.03,MAXFIELD ST AT BUZZARDS BAY,INNER NEW BEDFORD HARBOR,25012959,2025-05-05 10:24:26
NEW031,2025-04-06,05:30,Public Notification Report,Initial-Ceased,CSO - UnTreated,,,,CONWAY ST AT BUZZARDS BAY,INNER NEW BEDFORD HARBOR,25012619,2025-04-07 07:19:28
NEW023,2025-04-06,04:50,Public Notification Report,Initial-Ceased,CSO - UnTreated,,,,COFFIN AVE,ACUSHNET RIVER,25012620,2025-04-07 07:22:23
NEW018,2025-04-06,04:40,Public Notification Report,Initial-Ceased,CSO - UnTreated,,,,COVE ST AND E. RODNEY FRENCH BLVD,OUTER NEW BEDFORD HARBOR,25012621,2025-04-07 07:23:15
NEW035,2025-04-06,04:40,Public Notification Report,Initial-Ceased,CSO - UnTreated,,,,MAXFIELD ST AT BUZZARDS BAY,INNER NEW BEDFORD HARBOR,25012622,2025-04-07 07:24:28
NEW003,2025-04-06,04:35,Public Notification Report,Initial-Ceased,CSO - UnTreated,,,,COVE RD & PADNARAM AVE,CLARK COVE,25012623,2025-04-07 07:25:10
NEW003,2025-04-06,04:35,Verified Data Report,,CSO - UnTreated,2h 35m,386583,1.37,COVE RD & PADNARAM AVE,CLARK COVE,25012960,2025-05-05 10:26:16
NEW018,2025-04-06,04:40,Verified Data Report,,CSO - UnTreated,0h 50m,128021,1.30,COVE ST AND E. RODNEY FRENCH BLVD,OUTER NEW BEDFORD HARBOR,25012972,2025-05-05 11:25:41
NEW023,2025-04-06,04:50,Verified Data Report,,CSO - UnTreated,2h 0m,709331,1.03,COFFIN AVE,ACUSHNET RIVER,25012973,2025-05-05 11:27:00
NEW031,2025-04-06,05:30,Verified Data Report,,CSO - UnTreated,0h 35m,11363,1.37,CONWAY ST AT BUZZARDS BAY,INNER NEW BEDFORD HARBOR,25012974,2025-05-05 11:30:48
NEW035,2025-04-06,04:40,Verified Data Report,,CSO - UnTreated,1h 45m,56107,1.03,MAXFIELD ST AT BUZZARDS BAY,INNER NEW BEDFORD HARBOR,25012975,2025-05-05 11:31:57
NEW003,2025-04-07,11:00,Public Notification Report,Initial-Ceased,CSO - UnTreated,,,,COVE RD & PADNARAM AVE,CLARK COVE,25012628,2025-04-07 15:23:54
NEW023,2025-04-07,10:55,Public Notification Report,Initial-Ceased,CSO - UnTreated,,,,COFFIN AVE,ACUSHNET RIVER,25012629,2025-04-07 15:24:42
NEW035,2025-04-07,10:50,Public Notification Report,Initial-Ceased,CSO - UnTreated,,,,MAXFIELD ST AT BUZZARDS BAY,INNER NEW BEDFORD HARBOR,25012630,2025-04-07 15:25:26
NEW003,2025-04-07,11:00,Verified Data Report,,CSO - UnTreated,2h 35m,101907,1.37,COVE RD & PADNARAM AVE,CLARK COVE,25013021,2025-05-07 15:50:09
NEW023,2025-04-07,10:55,Verified Data Report,,CSO - UnTreated,0h 35m,46002,1.03,COFFIN AVE,ACUSHNET RIVER,25013022,2025-05-07 15:50:54
NEW035,2025-04-07,10:50,Verified Data Report,,CSO - UnTreated,0h 20m,4657,1.03,MAXFIELD ST AT BUZZARDS BAY,INNER NEW BEDFORD HARBOR,25013023,2025-05-07 15:51:36
NEW023,2025-04-08,03:45,Public Notification Report,Initial-Ceased,CSO - UnTreated,,,,COFFIN AVE,ACUSHNET RIVER,25012631,2025-04-08 07:22:46
NEW003,2025-04-08,03:35,Public Notification Report,Initial-Ceased,CSO - UnTreated,,,,COVE RD & PADNARAM AVE,CLARK COVE,25012632,2025-04-08 07:25:01
NEW003,2025-04-08,11:00,Public Notification Report,Initial-Ceased,CSO - UnTreated,,,,COVE RD & PADNARAM AVE,CLARK COVE,25012648,2025-04-08 15:04:46
NEW003,2025-04-08,03:35,Verified Data Report,,CSO - UnTreated,1h 25m,131320,1.37,COVE RD & PADNARAM AVE,CLARK COVE,25013024,2025-05-07 15:52:23
NEW003,2025-04-08,03:35,Verified Data Report,,CSO - UnTreated,0h 30m,21954,1.37,COVE RD & PADNARAM AVE,CLARK COVE,25013025,2025-05-07 15:52:49
NEW023,2025-04-08,03:45,Verified Data Report,,CSO - UnTreated,0h 10m,1836,1.03,COFFIN AVE,ACUSHNET RIVER,25013026,2025-05-07 15:53:47
NEW003,2025-04-11,23:55,Public Notification Report,Initial-Ceased,CSO - UnTreated,,,,COVE RD & PADNARAM AVE,CLARK COVE,25012750,2025-04-12 08:47:04
NEW023,2025-04-11,22:15,Public Notification Report,Initial-Ceased,CSO - UnTreated,,,,COFFIN AVE,ACUSHNET RIVER,25012751,2025-04-12 08:48:20
NEW003,2025-04-11,23:55,Verified Data Report,,CSO - UnTreated,6h 0m,361083,1.06,COVE RD & PADNARAM AVE,CLARK COVE,25013027,2025-05-07 15:54:30
NEW023,2025-04-11,22:15,Verified Data Report,,CSO - UnTreated,0h 15m,3081,1.16,COFFIN AVE,ACUSHNET RIVER,25013028,2025-05-07 15:55:13
NEW023,2025-04-12,03:25,Public Notification Report,Initial-Ceased,CSO - UnTreated,,,,COFFIN AVE,ACUSHNET RIVER,25012748,2025-04-12 08:43:06
NEW035,2025-04-12,03:20,Public Notification Report,Initial-Ceased,CSO - UnTreated,,,,MAXFIELD ST AT BUZZARDS BAY,INNER NEW BEDFORD HARBOR,25012749,2025-04-12 08:44:53
NEW023,2025-04-12,03:25,Verified Data Report,,CSO - UnTreated,2h 20m,302022,1.16,COFFIN AVE,ACUSHNET RIVER,25013029,2025-05-07 15:56:34
NEW035,2025-04-12,03:20,Verified Data Report,,CSO - UnTreated,2h 0m,34407,1.16,MAXFIELD ST AT BUZZARDS BAY,INNER NEW BEDFORD HARBOR,25013030,2025-05-07 15:58:31
NEW003,2025-04-13,07:30,Verified Data Report,,CSO - UnTreated,0h 50m,75206,1.06,COVE RD & PADNARAM AVE,CLARK COVE,25013107,2025-05-12 09:20:08
NEW003,2025-04-13,07:30,Verified Data Report,,CSO - UnTreated,4h 25m,485287,1.06,COVE RD & PADNARAM AVE,CLARK COVE,25013108,2025-05-12 09:21:02
NEW023,2025-04-13,07:35,Verified Data Report,,CSO - UnTreated,0h 50m,196623,1.16,COFFIN AVE,ACUSHNET RIVER,25013109,2025-05-12 09:30:50
NEW023,2025-04-13,07:35,Verified Data Report,,CSO - UnTreated,3h 45m,376200,1.16,COFFIN AVE,ACUSHNET RIVER,25013110,2025-05-12 09:31:51
NEW031,2025-04-13,17:00,Verified Data Report,,CSO - UnTreated,1h 15m,17444,1.06,CONWAY ST AT BUZZARDS BAY,INNER NEW BEDFORD HARBOR,25013111,2025-05-12 09:57:55
NEW035,2025-04-13,15:25,Verified Data Report,,CSO - UnTreated,0h 20m,6817,1.16,MAXFIELD ST AT BUZZARDS BAY,INNER NEW BEDFORD HARBOR,25013112,2025-05-12 10:18:14
NEW035,2025-04-13,15:25,Verified Data Report,,CSO - UnTreated,2h 15m,16969,1.16,MAXFIELD ST AT BUZZARDS BAY,INNER NEW BEDFORD HARBOR,25013113,2025-05-12 10:22:05
NEW035,2025-04-14,07:25,Public Notification Report,Initial-Ceased,CSO - UnTreated,,,,MAXFIELD ST AT BUZZARDS BAY,INNER NEW BEDFORD HARBOR,25012752,2025-04-13 20:34:37
NEW003,2025-04-14,07:30,Public Notification Report,Initial-Ceased,CSO - UnTreated,,,,COVE RD & PADNARAM AVE,CLARK COVE,25012753,2025-04-13 20:36:26
NEW023,2025-04-14,07:35,Public Notification Report,Initial-Ceased,CSO - UnTreated,,,,COFFIN AVE,ACUSHNET RIVER,25012754,2025-04-13 20:38:11
NEW003,2025-04-14,14:00,Public Notification Report,Initial-Ceased,CSO - UnTreated,,,,COVE RD & PADNARAM AVE,CLARK COVE,25012755,2025-04-13 20:39:25
NEW023,2025-04-14,14:20,Public Notification Report,Initial-Ceased,CSO - UnTreated,,,,COFFIN AVE,ACUSHNET RIVER,25012756,2025-04-13 20:40:40
NEW035,2025-04-14,15:25,Public Notification Report,Initial-Ceased,CSO - UnTreated,,,,MAXFIELD ST AT BUZZARDS BAY,INNER NEW BEDFORD HARBOR,25012757,2025-04-13 20:42:12
NEW031,2025-04-14,17:00,Public Notification Report,Initial-Ceased,CSO - UnTreated,,,,CONWAY ST AT BUZZARDS BAY,INNER NEW BEDFORD HARBOR,25012758,2025-04-13 20:43:18
NEW031,2025-04-15,07:00,Public Notification Report,Initial-Ceased,CSO - UnTreated,,,,CONWAY ST AT BUZZARDS BAY,INNER NEW BEDFORD HARBOR,25012827,2025-04-15 17:13:14
NEW023,2025-04-15,05:35,Public Notification Report,Initial-Ceased,CSO - UnTreated,,,,COFFIN AVE,ACUSHNET RIVER,25012828,2025-04-15 17:14:31
NEW003,2025-04-15,07:25,Public Notification Report,Initial-Ceased,CSO - UnTreated,,,,COVE RD & PADNARAM AVE,CLARK COVE,25012829,2025-04-15 17:15:40
NEW035,2025-04-15,05:25,Public Notification Report,Initial-Ceased,CSO - UnTreated,,,,MAXFIELD ST AT BUZZARDS BAY,INNER NEW BEDFORD HARBOR,25012830,2025-04-15 17:16:49
NEW003,2025-04-15,07:25,Verified Data Report,,CSO - UnTreated,1h 55m,207520,0.20,COVE RD & PADNARAM AVE,CLARK COVE,25013114,2025-05-12 10:27:45
NEW023,2025-04-15,05:35,Verified Data Report,,CSO - UnTreated,2h 9m,332118,0.28,COFFIN AVE,ACUSHNET RIVER,25013115,2025-05-12 10:29:25
NEW031,2025-04-15,07:00,Verified Data Report,,CSO - UnTreated,0h 30m,1873,0.20,CONWAY ST AT BUZZARDS BAY,INNER NEW BEDFORD HARBOR,25013116,2025-05-12 10:30:16
NEW035,2025-04-15,05:25,Verified Data Report,,CSO - UnTreated,1h 25m,40524,0.28,MAXFIELD ST AT BUZZARDS BAY,INNER NEW BEDFORD HARBOR,25013117,2025-05-12 10:33:58
NEW023,2025-04-22,05:40,Public Notification Report,Initial-Ceased,CSO - UnTreated,,,,COFFIN AVE,ACUSHNET RIVER,25012845,2025-04-22 08:34:43
NEW003,2025-04-22,05:35,Public Notification Report,Initial-Ceased,CSO - UnTreated,,,,COVE RD & PADNARAM AVE,CLARK COVE,25012846,2025-04-22 08:35:34
NEW035,2025-04-22,05:30,Public Notification Report,Initial-Ceased,CSO - UnTreated,,,,MAXFIELD ST AT BUZZARDS BAY,INNER NEW BEDFORD HARBOR,25012847,2025-04-22 08:36:35
NEW003,2025-04-22,05:35,Verified Data Report,,CSO - UnTreated,0h 35m,59718,0.10,COVE RD & PADNARAM AVE,CLARK COVE,25013118,2025-05-12 10:35:11
NEW023,2025-04-22,05:40,Verified Data Report,,CSO - UnTreated,0h 25m,74186,0.10,COFFIN AVE,ACUSHNET RIVER,25013119,2025-05-12 10:37:32
NEW035,2025-04-22,05:30,Verified Data Report,,CSO - UnTreated,0h 15m,14150,0.10,MAXFIELD ST AT BUZZARDS BAY,INNER NEW BEDFORD HARBOR,25013120,2025-05-12 10:40:08
NEW003,2025-04-26,10:50,Verified Data Report,,CSO - UnTreated,1h 4m,141212,0.89,COVE RD & PADNARAM AVE,CLARK COVE,25013121,2025-05-12 10:43:38
NEW003,2025-04-26,10:50,Verified Data Report,,CSO - UnTreated,2h 30m,674948,0.89,COVE RD & PADNARAM AVE,CLARK COVE,25013122,2025-05-12 10:44:45
NEW005,2025-04-26,12:00,Verified Data Report,,CSO - UnTreated,0h 50m,7938,0.89,DUDLEY & RFB,CLARK COVE,25013123,2025-05-12 10:51:35
NEW017,2025-04-26,11:30,Verified Data Report,,CSO - UnTreated,1h 45m,279917,0.89,DAVID ST & RFB,OUTER NEW BEDFORD HARBOR,25013125,2025-05-12 10:54:16
NEW018,2025-04-26,11:25,Verified Data Report,,CSO - UnTreated,2h 0m,546545,0.89,COVE ST AND E. RODNEY FRENCH BLVD,OUTER NEW BEDFORD HARBOR,25013126,2025-05-12 10:55:58
NEW023,2025-04-26,10:55,Verified Data Report,,CSO - UnTreated,2h 35m,1654046,0.76,COFFIN AVE,ACUSHNET RIVER,25013127,2025-05-12 10:56:47
NEW023,2025-04-26,10:55,Verified Data Report,,CSO - UnTreated,1h 20m,829445,0.76,COFFIN AVE,ACUSHNET RIVER,25013128,2025-05-12 10:57:41
NEW027,2025-04-26,11:35,Verified Data Report,,CSO - UnTreated,1h 15m,52249,0.76,MILL RD AT ACUSHNET RIVER,ACUSHNET RIVER,25013129,2025-05-12 10:59:45
NEW031,2025-04-26,11:30,Verified Data Report,,CSO - UnTreated,2h 45m,697630,0.89,CONWAY ST AT BUZZARDS BAY,INNER NEW BEDFORD HARBOR,25013130,2025-05-12 11:01:04
NEW035,2025-04-26,20:55,Verified Data Report,,CSO - UnTreated,2h 5m,197748,0.76,MAXFIELD ST AT BUZZARDS BAY,INNER NEW BEDFORD HARBOR,25013131,2025-05-12 11:01:47
NEW035,2025-04-26,20:55,Verified Data Report,,CSO - UnTreated,0h 35m,10827,0.76,MAXFIELD ST AT BUZZARDS BAY,INNER NEW BEDFORD HARBOR,25013132,2025-05-12 11:04:37
NEW003,2025-04-27,21:05,Public Notification Report,Initial-Ceased,CSO - UnTreated,,,,COVE RD & PADNARAM AVE,CLARK COVE,25012859,2025-04-26 22:48:26
NEW023,2025-04-27,21:00,Public Notification Report,Initial-Ceased,CSO - UnTreated,,,,COFFIN AVE,ACUSHNET RIVER,25012860,2025-04-26 22:49:48
NEW035,2025-04-27,20:55,Public Notification Report,Initial-Ceased,CSO - UnTreated,,,,MAXFIELD ST AT BUZZARDS BAY,INNER NEW BEDFORD HARBOR,25012861,2025-04-26 22:51:40
NEW006,2025-04-27,12:25,Public Notification Report,Initial-Ceased,CSO - UnTreated,,,,LUCAS STREET & RFB,CLARK COVE,25012862,2025-04-26 22:53:06
NEW005,2025-04-27,12:00,Public Notification Report,Initial-Ceased,CSO - UnTreated,,,,DUDLEY & RFB,CLARK COVE,25012863,2025-04-26 22:54:23
NEW027,2025-04-27,11:35,Public Notification Report,Initial-Ceased,CSO - UnTreated,,,,MILL RD AT ACUSHNET RIVER,ACUSHNET RIVER,25012864,2025-04-26 22:55:59
NEW017,2025-04-27,11:30,Public Notification Report,Initial-Ceased,CSO - UnTreated,,,,DAVID ST & RFB,OUTER NEW BEDFORD HARBOR,25012865,2025-04-26 22:57:04
NEW031,2025-04-27,11:30,Public Notification Report,Initial-Ceased,CSO - UnTreated,,,,CONWAY ST AT BUZZARDS BAY,INNER NEW BEDFORD HARBOR,25012866,2025-04-26 22:58:15
NEW018,2025-04-27,11:25,Public Notification Report,Initial-Ceased,CSO - UnTreated,,,,COVE ST AND E. RODNEY FRENCH BLVD,OUTER NEW BEDFORD HARBOR,25012867,2025-04-26 22:59:26
NEW023,2025-04-27,10:55,Public Notification Report,Initial-Ceased,CSO - UnTreated,,,,COFFIN AVE,ACUSHNET RIVER,25012868,2025-04-26 23:00:36
NEW035,2025-04-27,10:50,Public Notification Report,Initial-Ceased,CSO - UnTreated,,,,MAXFIELD ST AT BUZZARDS BAY,INNER NEW BEDFORD HARBOR,25012869,2025-04-26 23:01:52
NEW003,2025-04-27,10:50,Public Notification Report,Initial-Ceased,CSO - UnTreated,,,,COVE RD & PADNARAM AVE,CLARK COVE,25012870,2025-04-26 23:03:03
NEW006,2025-04-27,12:25,Verified Data Report,,CSO - UnTreated,1h 10m,84868,0.89,LUCAS STREET & RFB,CLARK COVE,25013124,2025-05-12 10:52:20
NEW031,2025-05-02,05:30,Public Notification Report,Initial-Ceased,CSO - UnTreated,,,,CONWAY ST AT BUZZARDS BAY,INNER NEW BEDFORD HARBOR,25012902,2025-05-02 08:06:36
NEW018,2025-05-02,05:05,Public Notification Report,Initial-Ceased,CSO - UnTreated,,,,COVE ST AND E. RODNEY FRENCH BLVD,OUTER NEW BEDFORD HARBOR,25012903,2025-05-02 08:07:32
NEW023,2025-05-02,04:30,Public Notification Report,Initial-Ceased,CSO - UnTreated,,,,COFFIN AVE,ACUSHNET RIVER,25012904,2025-05-02 08:08:30
NEW003,2025-05-02,04:30,Public Notification Report,Initial-Ceased,CSO - UnTreated,,,,COVE RD & PADNARAM AVE,CLARK COVE,25012905,2025-05-02 08:09:16
NEW035,2025-05-02,04:25,Public Notification Report,Initial-Ceased,CSO - UnTreated,,,,MAXFIELD ST AT BUZZARDS BAY,INNER NEW BEDFORD HARBOR,25012906,2025-05-02 08:09:56
NEW003,2025-05-02,04:30,Verified Data Report,,CSO - UnTreated,2h 45m,226718,0.33,COVE RD & PADNARAM AVE,CLARK COVE,25013483,2025-06-11 09:18:31
NEW018,2025-05-02,05:05,Verified Data Report,,CSO - UnTreated,0h 45m,13799,0.33,COVE ST AND E. RODNEY FRENCH BLVD,OUTER NEW BEDFORD HARBOR,25013484,2025-06-11 09:21:16
NEW023,2025-05-02,04:30,Verified Data Report,,CSO - UnTreated,1h 20m,853282,0.28,COFFIN AVE,ACUSHNET RIVER,25013485,2025-06-11 09:22:33
NEW031,2025-05-02,05:30,Verified Data Report,,CSO - UnTreated,0h 30m,8980,0.33,CONWAY ST AT BUZZARDS BAY,INNER NEW BEDFORD HARBOR,25013486,2025-06-12 08:51:32
NEW035,2025-05-02,04:25,Verified Data Report,,CSO - UnTreated,0h 50m,58318,0.28,MAXFIELD ST AT BUZZARDS BAY,INNER NEW BEDFORD HARBOR,25013487,2025-06-12 08:55:23
NEW023,2025-05-06,10:55,Public Notification Report,Initial-Ceased,CSO - UnTreated,,,,COFFIN AVE,ACUSHNET RIVER,25012990,2025-05-06 13:47:21
NEW003,2025-05-06,10:50,Public Notification Report,Initial-Ceased,CSO - UnTreated,,,,COVE RD & PADNARAM AVE,CLARK COVE,25012991,2025-05-06 13:48:11
NEW035,2025-05-06,10:45,Public Notification Report,Initial-Ceased,CSO - UnTreated,,,,MAXFIELD ST AT BUZZARDS BAY,INNER NEW BEDFORD HARBOR,25012992,2025-05-06 13:49:04
NEW023,2025-05-06,17:35,Public Notification Report,Initial-Ceased,CSO - UnTreated,,,,COFFIN AVE,ACUSHNET RIVER,25012999,2025-05-07 07:17:21
NEW018,2025-05-06,17:30,Public Notification Report,Initial-Ceased,CSO - UnTreated,,,,COVE ST AND E. RODNEY FRENCH BLVD,OUTER NEW BEDFORD HARBOR,25013000,2025-05-07 07:18:03
NEW035,2025-05-06,17:25,Public Notification Report,Initial-Ceased,CSO - UnTreated,,,,MAXFIELD ST AT BUZZARDS BAY,INNER NEW BEDFORD HARBOR,25013001,2025-05-07 07:19:24
NEW003,2025-05-06,17:20,Public Notification Report,Initial-Ceased,CSO - UnTreated,,,,COVE RD & PADNARAM AVE,CLARK COVE,25013002,2025-05-07 07:20:05
NEW003,2025-05-06,10:50,Verified Data Report,,CSO - UnTreated,0h 20m,15050,0.29,COVE RD & PADNARAM AVE,CLARK COVE,25013488,2025-06-12 09:06:46
NEW003,2025-05-06,10:50,Verified Data Report,,CSO - UnTreated,0h 50m,203052,0.29,COVE RD & PADNARAM AVE,CLARK COVE,25013489,2025-06-12 09:07:39
NEW018,2025-05-06,17:30,Verified Data Report,,CSO - UnTreated,0h 30m,117954,0.29,COVE ST AND E. RODNEY FRENCH BLVD,OUTER NEW BEDFORD HARBOR,25013490,2025-06-12 09:08:53
NEW023,2025-05-06,17:35,Verified Data Report,,CSO - UnTreated,0h 10m,2217,0.37,COFFIN AVE,ACUSHNET RIVER,25013491,2025-06-12 15:14:36
NEW023,2025-05-06,17:35,Verified Data Report,,CSO - UnTreated,1h 0m,614733,0.37,COFFIN AVE,ACUSHNET RIVER,25013492,2025-06-12 15:15:26
NEW035,2025-05-06,10:45,Verified Data Report,,CSO - UnTreated,0h 5m,1211,0.37,MAXFIELD ST AT BUZZARDS BAY,INNER NEW BEDFORD HARBOR,25013493,2025-06-12 15:16:18
NEW035,2025-05-06,10:45,Verified Data Report,,CSO - UnTreated,0h 25m,55996,0.37,MAXFIELD ST AT BUZZARDS BAY,INNER NEW BEDFORD HARBOR,25013494,2025-06-12 15:17:01
NEW003,2025-05-09,05:20,Verified Data Report,,CSO - UnTreated,7h 45m,2152639,1.90,COVE RD & PADNARAM AVE,CLARK COVE,25013496,2025-06-12 15:23:42
NEW004,2025-05-09,18:15,Verified Data Report,,CSO - UnTreated,1h 30m,4950000,1.60,HURRICAN BARRIER CLARK'S COVE PUMP STATION,CLARK COVE,25013497,2025-06-12 15:25:35
NEW005,2025-05-09,17:00,Verified Data Report,,CSO - UnTreated,3h 35m,724108,1.90,DUDLEY & RFB,CLARK COVE,25013498,2025-06-12 15:26:47
NEW006,2025-05-09,16:55,Verified Data Report,,CSO - UnTreated,4h 50m,1636979,1.90,LUCAS STREET & RFB,CLARK COVE,25013500,2025-06-12 15:29:10
NEW008,2025-05-09,17:25,Verified Data Report,,CSO - UnTreated,2h 45m,346461,1.90,CALUMET ST & RFB,CLARK COVE,25013501,2025-06-12 15:36:45
NEW010,2025-05-09,17:25,Verified Data Report,,CSO - UnTreated,2h 20m,55408,1.90,BELLEVUE ST & RFB,CLARK COVE,25013502,2025-06-12 15:38:40
NEW017,2025-05-09,15:00,Verified Data Report,,CSO - UnTreated,6h 30m,10543477,1.90,DAVID ST & RFB,OUTER NEW BEDFORD HARBOR,25013503,2025-06-12 15:43:52
NEW018,2025-05-09,14:30,Verified Data Report,,CSO - UnTreated,7h 0m,2021669,1.90,COVE ST AND E. RODNEY FRENCH BLVD,OUTER NEW BEDFORD HARBOR,25013504,2025-06-12 15:45:21
NEW023,2025-05-09,13:55,Verified Data Report,,CSO - UnTreated,7h 40m,10484168,2.06,COFFIN AVE,ACUSHNET RIVER,25013505,2025-06-12 15:48:21
NEW027,2025-05-09,14:50,Verified Data Report,,CSO - UnTreated,5h 55m,728656,2.06,MILL RD AT ACUSHNET RIVER,ACUSHNET RIVER,25013515,2025-06-13 10:33:41
NEW031,2025-05-09,14:35,Verified Data Report,,CSO - UnTreated,8h 0m,3844639,1.90,CONWAY ST AT BUZZARDS BAY,INNER NEW BEDFORD HARBOR,25013517,2025-06-13 10:45:33
NEW035,2025-05-09,13:45,Verified Data Report,,CSO - UnTreated,7h 25m,878808,2.06,MAXFIELD ST AT BUZZARDS BAY,INNER NEW BEDFORD HARBOR,25013519,2025-06-13 10:47:48
NEW004,2025-05-10,18:15,Public Notification Report,Initial-Ceased,CSO - UnTreated,,,,HURRICAN BARRIER CLARK'S COVE PUMP STATION,CLARK COVE,25013077,2025-05-09 22:06:53
NEW010,2025-05-10,17:25,Public Notification Report,Initial-Ceased,CSO - UnTreated,,,,BELLEVUE ST & RFB,CLARK COVE,25013078,2025-05-09 22:07:59
NEW008,2025-05-10,17:25,Public Notification Report,Initial-Ceased,CSO - UnTreated,,,,CALUMET ST & RFB,CLARK COVE,25013079,2025-05-09 22:09:16
NEW005,2025-05-10,17:00,Public Notification Report,Initial-Ceased,CSO - UnTreated,,,,DUDLEY & RFB,CLARK COVE,25013080,2025-05-09 22:10:45
NEW006,2025-05-10,16:55,Public Notification Report,Initial-Ceased,CSO - UnTreated,,,,LUCAS STREET & RFB,CLARK COVE,25013081,2025-05-09 22:12:19
NEW017,2025-05-10,15:00,Public Notification Report,Initial-Ceased,CSO - UnTreated,,,,DAVID ST & RFB,OUTER NEW BEDFORD HARBOR,25013082,2025-05-09 22:13:32
NEW027,2025-05-10,14:50,Public Notification Report,Initial-Ceased,CSO - UnTreated,,,,MILL RD AT ACUSHNET RIVER,ACUSHNET RIVER,25013083,2025-05-09 22:14:49
NEW031,2025-05-10,14:35,Public Notification Report,Initial-Ceased,CSO - UnTreated,,,,CONWAY ST AT BUZZARDS BAY,INNER NEW BEDFORD HARBOR,25013084,2025-05-09 22:16:14
NEW018,2025-05-10,14:30,Public Notification Report,Initial-Ceased,CSO - UnTreated,,,,COVE ST AND E. RODNEY FRENCH BLVD,OUTER NEW BEDFORD HARBOR,25013085,2025-05-09 22:17:28
NEW023,2025-05-10,13:55,Public Notification Report,Initial-Ceased,CSO - UnTreated,,,,COFFIN AVE,ACUSHNET RIVER,25013086,2025-05-09 22:18:54
NEW035,2025-05-10,13:45,Public Notification Report,Initial-Ceased,CSO - UnTreated,,,,MAXFIELD ST AT BUZZARDS BAY,INNER NEW BEDFORD HARBOR,25013087,2025-05-09 22:20:16
NEW003,2025-05-10,13:45,Public Notification Report,Initial-Ceased,CSO - UnTreated,,,,COVE RD & PADNARAM AVE,CLARK COVE,25013088,2025-05-09 22:21:34
NEW003,2025-05-10,05:20,Public Notification Report,Initial-Ceased,CSO - UnTreated,,,,COVE RD & PADNARAM AVE,CLARK COVE,25013095,2025-05-10 08:57:26
NEW003,2025-05-10,05:20,Verified Data Report,,CSO - UnTreated,0h 25m,21743,1.90,COVE RD & PADNARAM AVE,CLARK COVE,25013495,2025-06-12 15:21:29
NEW031,2025-05-15,05:30,Public Notification Report,Initial-Ceased,CSO - UnTreated,,,,CONWAY ST AT BUZZARDS BAY,INNER NEW BEDFORD HARBOR,25013146,2025-05-15 08:31:43
NEW027,2025-05-15,05:10,Public Notification Report,Initial-Ceased,CSO - UnTreated,,,,MILL RD AT ACUSHNET RIVER,ACUSHNET RIVER,25013147,2025-05-15 08:32:32
NEW023,2025-05-15,04:55,Public Notification Report,Initial-Ceased,CSO - UnTreated,,,,COFFIN AVE,ACUSHNET RIVER,25013148,2025-05-15 08:33:25
NEW035,2025-05-15,04:45,Public Notification Report,Initial-Ceased,CSO - UnTreated,,,,MAXFIELD ST AT BUZZARDS BAY,INNER NEW BEDFORD HARBOR,25013149,2025-05-15 08:34:24
NEW018,2025-05-15,04:40,Public Notification Report,Initial-Ceased,CSO - UnTreated,,,,COVE ST AND E. RODNEY FRENCH BLVD,OUTER NEW BEDFORD HARBOR,25013150,2025-05-15 08:35:41
NEW003,2025-05-15,04:40,Public Notification Report,Initial-Ceased,CSO - UnTreated,,,,COVE RD & PADNARAM AVE,CLARK COVE,25013151,2025-05-15 08:36:25
NEW003,2025-05-15,04:40,Verified Data Report,,CSO - UnTreated,1h 20m,333034,0.34,COVE RD & PADNARAM AVE,CLARK COVE,25013520,2025-06-13 10:57:12
NEW018,2025-05-15,04:40,Verified Data Report,,CSO - UnTreated,0h 40m,71211,0.34,COVE ST AND E. RODNEY FRENCH BLVD,OUTER NEW BEDFORD HARBOR,25013521,2025-06-13 10:57:48
NEW023,2025-05-15,04:55,Verified Data Report,,CSO - UnTreated,3h 10m,1317240,0.48,COFFIN AVE,ACUSHNET RIVER,25013522,2025-06-13 10:59:01
NEW027,2025-05-15,05:10,Verified Data Report,,CSO - UnTreated,2h 45m,84046,0.48,MILL RD AT ACUSHNET RIVER,ACUSHNET RIVER,25013523,2025-06-13 11:00:21
NEW031,2025-05-15,05:30,Verified Data Report,,CSO - UnTreated,1h 10m,67487,0.34,CONWAY ST AT BUZZARDS BAY,INNER NEW BEDFORD HARBOR,25013524,2025-06-13 11:08:59
NEW035,2025-05-15,04:45,Verified Data Report,,CSO - UnTreated,2h 50m,120921,0.48,MAXFIELD ST AT BUZZARDS BAY,INNER NEW BEDFORD HARBOR,25013525,2025-06-13 11:09:39
NEW004,2025-05-22,17:00,Verified Data Report,,CSO - UnTreated,3h 10m,10450000,3.46,HURRICAN BARRIER CLARK'S COVE PUMP STATION,CLARK COVE,25013526,2025-06-13 11:10:47
NEW005,2025-05-22,14:55,Verified Data Report,,CSO - UnTreated,10h 15m,1509480,3.46,DUDLEY & RFB,CLARK COVE,25013527,2025-06-13 11:35:56
NEW006,2025-05-22,15:15,Verified Data Report,,CSO - UnTreated,14h 15m,3753082,3.46,LUCAS STREET & RFB,CLARK COVE,25013530,2025-06-13 11:48:00
NEW008,2025-05-22,15:40,Verified Data Report,,CSO - UnTreated,8h 24m,606224,3.46,CALUMET ST & RFB,CLARK COVE,25013531,2025-06-13 11:51:50
NEW010,2025-05-22,16:40,Verified Data Report,,CSO - UnTreated,4h 4m,46104,3.46,BELLEVUE ST & RFB,CLARK COVE,25013532,2025-06-13 12:02:22
NEW016,2025-05-22,16:40,Verified Data Report,,CSO - UnTreated,1h 25m,10219,3.46,FREDERICK ST & RFB,OUTER NEW BEDFORD HARBOR,25013533,2025-06-13 12:03:34
NEW017,2025-05-22,14:50,Verified Data Report,,CSO - UnTreated,10h 25m,19539297,3.46,DAVID ST & RFB,OUTER NEW BEDFORD HARBOR,25013534,2025-06-13 12:04:29
NEW018,2025-05-22,10:30,Verified Data Report,,CSO - UnTreated,19h 35m,4040170,3.46,COVE ST AND E. RODNEY FRENCH BLVD,OUTER NEW BEDFORD HARBOR,25013535,2025-06-13 12:22:27
NEW023,2025-05-22,09:50,Verified Data Report,,CSO - UnTreated,20h 5m,16956834,3.74,COFFIN AVE,ACUSHNET RIVER,25013536,2025-06-13 12:35:50
NEW027,2025-05-22,10:55,Verified Data Report,,CSO - UnTreated,18h 30m,1844170,3.74,MILL RD AT ACUSHNET RIVER,ACUSHNET RIVER,25013537,2025-06-13 12:37:22
NEW031,2025-05-22,10:35,Verified Data Report,,CSO - UnTreated,20h 40m,8418265,3.46,CONWAY ST AT BUZZARDS BAY,INNER NEW BEDFORD HARBOR,25013538,2025-06-13 12:38:21
NEW035,2025-05-22,09:50,Verified Data Report,,CSO - UnTreated,19h 20m,1438224,3.74,MAXFIELD ST AT BUZZARDS BAY,INNER NEW BEDFORD HARBOR,25013539,2025-06-13 12:39:09
NEW003,2025-05-22,08:55,Verified Data Report,,CSO - UnTreated,20h 40m,4936060,3.46,COVE RD & PADNARAM AVE,CLARK COVE,25013540,2025-06-13 12:41:04
NEW004,2025-05-23,17:00,Public Notification Report,Initial-Ceased,CSO - UnTreated,,,,HURRICAN BARRIER CLARK'S COVE PUMP STATION,CLARK COVE,25013220,2025-05-22 20:38:25
NEW016,2025-05-23,16:40,Public Notification Report,Initial-Ceased,CSO - UnTreated,,,,FREDERICK ST & RFB,OUTER NEW BEDFORD HARBOR,25013221,2025-05-22 20:39:38
NEW010,2025-05-23,16:40,Public Notification Report,Initial-Ceased,CSO - UnTreated,,,,BELLEVUE ST & RFB,CLARK COVE,25013222,2025-05-22 20:40:42
NEW008,2025-05-23,15:40,Public Notification Report,Initial-Ceased,CSO - UnTreated,,,,CALUMET ST & RFB,CLARK COVE,25013223,2025-05-22 20:42:06
NEW006,2025-05-23,15:15,Public Notification Report,Initial-Ceased,CSO - UnTreated,,,,LUCAS STREET & RFB,CLARK COVE,25013224,2025-05-22 20:43:27
NEW005,2025-05-23,14:55,Public Notification Report,Initial-Ceased,CSO - UnTreated,,,,DUDLEY & RFB,CLARK COVE,25013225,2025-05-22 20:44:50
NEW017,2025-05-23,14:50,Public Notification Report,Initial-Ceased,CSO - UnTreated,,,,DAVID ST & RFB,OUTER NEW BEDFORD HARBOR,25013226,2025-05-22 20:46:49
NEW027,2025-05-23,10:55,Public Notification Report,Initial-Ceased,CSO - UnTreated,,,,MILL RD AT ACUSHNET RIVER,ACUSHNET RIVER,25013227,2025-05-22 20:48:03
NEW031,2025-05-23,10:35,Public Notification Report,Initial-Ceased,CSO - UnTreated,,,,CONWAY ST AT BUZZARDS BAY,INNER NEW BEDFORD HARBOR,25013228,2025-05-22 20:50:05
NEW018,2025-05-23,10:30,Public Notification Report,Initial-Ceased,CSO - UnTreated,,,,COVE ST AND E. RODNEY FRENCH BLVD,OUTER NEW BEDFORD HARBOR,25013229,2025-05-22 20:51:13
NEW035,2025-05-23,09:50,Public Notification Report,Initial-Ceased,CSO - UnTreated,,,,MAXFIELD ST AT BUZZARDS BAY,INNER NEW BEDFORD HARBOR,25013230,2025-05-22 20:52:27
NEW023,2025-05-23,09:50,Public Notification Report,Initial-Ceased,CSO - UnTreated,,,,COFFIN AVE,ACUSHNET RIVER,25013231,2025-05-22 20:53:45
NEW003,2025-05-23,08:55,Public Notification Report,Initial-Ceased,CSO - UnTreated,,,,COVE RD & PADNARAM AVE,CLARK COVE,25013232,2025-05-22 20:54:51
NEW031,2025-05-31,05:30,Public Notification Report,Initial-Ceased,CSO - UnTreated,,,,CONWAY ST AT BUZZARDS BAY,INNER NEW BEDFORD HARBOR,25013283,2025-05-31 09:14:36
NEW023,2025-05-31,04:40,Public Notification Report,Initial-Ceased,CSO - UnTreated,,,,COFFIN AVE,ACUSHNET RIVER,25013284,2025-05-31 09:15:44
NEW035,2025-05-31,04:35,Public Notification Report,Initial-Ceased,CSO - UnTreated,,,,MAXFIELD ST AT BUZZARDS BAY,INNER NEW BEDFORD HARBOR,25013285,2025-05-31 09:16:55
NEW003,2025-05-31,04:35,Public Notification Report,Initial-Ceased,CSO - UnTreated,,,,COVE RD & PADNARAM AVE,CLARK COVE,25013286,2025-05-31 09:17:58
NEW003,2025-05-31,04:35,Verified Data Report,,CSO - UnTreated,1h 25m,253238,0.24,COVE RD & PADNARAM AVE,CLARK COVE,25013541,2025-06-13 12:42:59
NEW023,2025-05-31,04:40,Verified Data Report,,CSO - UnTreated,1h 20m,458509,0.32,COFFIN AVE,ACUSHNET RIVER,25013542,2025-06-13 12:43:52
NEW031,2025-05-31,05:30,Verified Data Report,,CSO - UnTreated,0h 40m,14147,0.24,CONWAY ST AT BUZZARDS BAY,INNER NEW BEDFORD HARBOR,25013543,2025-06-13 12:44:42
NEW035,2025-05-31,04:35,Verified Data Report,,CSO - UnTreated,0h 55m,64441,0.32,MAXFIELD ST AT BUZZARDS BAY,INNER NEW BEDFORD HARBOR,25013544,2025-06-13 12:45:12
NEW018,2025-06-06,15:55,Public Notification Report,Initial-Ceased,CSO - UnTreated,,,,COVE ST AND E. RODNEY FRENCH BLVD,OUTER NEW BEDFORD HARBOR,25013474,2025-06-10 19:07:53
NEW031,2025-06-06,13:35,Public Notification Report,Initial-Ceased,CSO - UnTreated,,,,CONWAY ST AT BUZZARDS BAY,INNER NEW BEDFORD HARBOR,25013475,2025-06-10 19:09:20
NEW003,2025-06-06,12:50,Public Notification Report,Initial-Ceased,CSO - UnTreated,,,,COVE RD & PADNARAM AVE,CLARK COVE,25013476,2025-06-10 19:10:37
NEW023,2025-06-06,11:20,Public Notification Report,Initial-Ceased,CSO - UnTreated,,,,COFFIN AVE,ACUSHNET RIVER,25013477,2025-06-10 19:12:35
NEW035,2025-06-06,11:15,Public Notification Report,Initial-Ceased,CSO - UnTreated,,,,MAXFIELD ST AT BUZZARDS BAY,INNER NEW BEDFORD HARBOR,25013478,2025-06-10 19:13:49
NEW027,2025-06-07,17:15,Public Notification Report,Initial-Ceased,CSO - UnTreated,,,,MILL RD AT ACUSHNET RIVER,ACUSHNET RIVER,25013435,2025-06-08 00:07:23
NEW023,2025-06-07,15:20,Public Notification Report,Initial-Ceased,CSO - UnTreated,,,,COFFIN AVE,ACUSHNET RIVER,25013436,2025-06-08 00:08:51
NEW035,2025-06-07,15:10,Public Notification Report,Initial-Ceased,CSO - UnTreated,,,,MAXFIELD ST AT BUZZARDS BAY,INNER NEW BEDFORD HARBOR,25013437,2025-06-08 00:10:16
NEW003,2025-06-07,14:25,Public Notification Report,Initial-Ceased,CSO - UnTreated,,,,COVE RD & PADNARAM AVE,CLARK COVE,25013438,2025-06-08 00:11:42
NEW003,2025-06-07,14:25,Verified Data Report,,CSO - UnTreated,4h 4m,330341,0.35,COVE RD & PADNARAM AVE,CLARK COVE,25013741,2025-07-07 11:03:42
NEW023,2025-06-07,15:20,Verified Data Report,,CSO - UnTreated,4h 15m,1986639,0.43,COFFIN AVE,ACUSHNET RIVER,25013742,2025-07-07 11:05:03
NEW027,2025-06-07,17:15,Verified Data Report,,CSO - UnTreated,1h 30m,37606,0.43,MILL RD AT ACUSHNET RIVER,ACUSHNET RIVER,25013743,2025-07-07 11:05:36
NEW035,2025-06-07,15:10,Verified Data Report,,CSO - UnTreated,3h 20m,50586,0.43,MAXFIELD ST AT BUZZARDS BAY,INNER NEW BEDFORD HARBOR,25013744,2025-07-07 11:06:11
NEW003,2025-06-10,12:50,Verified Data Report,,CSO - UnTreated,4h 0m,546274,0.52,COVE RD & PADNARAM AVE,CLARK COVE,25013734,2025-07-07 10:29:18
NEW018,2025-06-10,15:55,Verified Data Report,,CSO - UnTreated,0h 45m,53077,0.52,COVE ST AND E. RODNEY FRENCH BLVD,OUTER NEW BEDFORD HARBOR,25013735,2025-07-07 10:33:13
NEW023,2025-06-10,11:20,Verified Data Report,,CSO - UnTreated,5h 35m,1557131,0.52,COFFIN AVE,ACUSHNET RIVER,25013736,2025-07-07 10:35:16
NEW031,2025-06-10,13:35,Verified Data Report,,CSO - UnTreated,3h 45m,168583,0.52,CONWAY ST AT BUZZARDS BAY,INNER NEW BEDFORD HARBOR,25013737,2025-07-07 10:56:16
NEW035,2025-06-10,11:15,Verified Data Report,,CSO - UnTreated,5h 15m,220978,0.50,MAXFIELD ST AT BUZZARDS BAY,INNER NEW BEDFORD HARBOR,25013738,2025-07-07 10:58:17
NEW003,2025-07-03,20:05,Verified Data Report,,CSO - UnTreated,0h 45m,137636,0.18,COVE RD & PADNARAM AVE,CLARK COVE,25013997,2025-08-07 11:05:33
NEW023,2025-07-03,19:55,Verified Data Report,,CSO - UnTreated,1h 25m,2642481,0.82,COFFIN AVE,ACUSHNET RIVER,25013998,2025-08-07 11:06:40
NEW027,2025-07-03,19:55,Verified Data Report,,CSO - UnTreated,0h 25m,176845,0.82,MILL RD AT ACUSHNET RIVER,ACUSHNET RIVER,25013999,2025-08-07 11:08:17
NEW031,2025-07-03,20:25,Verified Data Report,,CSO - UnTreated,1h 4m,73383,0.18,CONWAY ST AT BUZZARDS BAY,INNER NEW BEDFORD HARBOR,25014000,2025-08-07 11:11:00
NEW035,2025-07-03,19:55,Verified Data Report,,CSO - UnTreated,0h 25m,176845,0.82,MAXFIELD ST AT BUZZARDS BAY,INNER NEW BEDFORD HARBOR,25014001,2025-08-07 11:38:52
NEW031,2025-07-04,20:25,Public Notification Report,Initial-Ceased,CSO - UnTreated,,,,CONWAY ST AT BUZZARDS BAY,INNER NEW BEDFORD HARBOR,25013717,2025-07-03 22:08:31
NEW003,2025-07-04,20:05,Public Notification Report,Initial-Ceased,CSO - UnTreated,,,,COVE RD & PADNARAM AVE,CLARK COVE,25013718,2025-07-03 22:09:50
NEW035,2025-07-04,19:55,Public Notification Report,Initial-Ceased,CSO - UnTreated,,,,MAXFIELD ST AT BUZZARDS BAY,INNER NEW BEDFORD HARBOR,25013719,2025-07-03 22:11:05
NEW027,2025-07-04,19:55,Public Notification Report,Initial-Ceased,CSO - UnTreated,,,,MILL RD AT ACUSHNET RIVER,ACUSHNET RIVER,25013720,2025-07-03 22:12:44
NEW023,2025-07-04,19:55,Public Notification Report,Initial-Ceased,CSO - UnTreated,,,,COFFIN AVE,ACUSHNET RIVER,25013721,2025-07-03 22:14:06
NEW003,2025-07-07,11:15,Public Notification Report,Initial-Ceased,CSO - UnTreated,,,,COVE RD & PADNARAM AVE,CLARK COVE,25013748,2025-07-07 15:22:42
NEW035,2025-07-07,11:10,Public Notification Report,Initial-Ceased,CSO - UnTreated,,,,MAXFIELD ST AT BUZZARDS BAY,INNER NEW BEDFORD HARBOR,25013749,2025-07-07 15:24:27
NEW003,2025-07-07,11:15,Verified Data Report,,CSO - UnTreated,3h 25m,115130,0.90,COVE RD & PADNARAM AVE,CLARK COVE,25014002,2025-08-07 11:39:57
NEW035,2025-07-07,11:10,Verified Data Report,,CSO - UnTreated,2h 55m,3317,0.09,MAXFIELD ST AT BUZZARDS BAY,INNER NEW BEDFORD HARBOR,25014003,2025-08-07 11:41:07
NEW023,2025-07-08,19:35,Public Notification Report,Initial-Ceased,CSO - UnTreated,,,,COFFIN AVE,ACUSHNET RIVER,25013760,2025-07-09 07:34:48
NEW023,2025-07-08,19:35,Verified Data Report,,CSO - UnTreated,2h 0m,4298573,1.15,COFFIN AVE,ACUSHNET RIVER,25014004,2025-08-07 11:41:56
NEW035,2025-07-09,00:20,Public Notification Report,Initial-Ceased,CSO - UnTreated,,,,MAXFIELD ST AT BUZZARDS BAY,INNER NEW BEDFORD HARBOR,25013761,2025-07-09 07:35:35
NEW023,2025-07-09,00:25,Public Notification Report,Initial-Ceased,CSO - UnTreated,,,,COFFIN AVE,ACUSHNET RIVER,25013762,2025-07-09 07:36:07
NEW027,2025-07-09,00:35,Public Notification Report,Initial-Ceased,CSO - UnTreated,,,,MILL RD AT ACUSHNET RIVER,ACUSHNET RIVER,25013763,2025-07-09 07:36:54
NEW003,2025-07-09,00:35,Public Notification Report,Initial-Ceased,CSO - UnTreated,,,,COVE RD & PADNARAM AVE,CLARK COVE,25013764,2025-07-09 07:37:24
NEW031,2025-07-09,00:55,Public Notification Report,Initial-Ceased,CSO - UnTreated,,,,CONWAY ST AT BUZZARDS BAY,INNER NEW BEDFORD HARBOR,25013765,2025-07-09 07:38:00
NEW008,2025-07-09,00:55,Public Notification Report,Initial-Ceased,CSO - UnTreated,,,,CALUMET ST & RFB,CLARK COVE,25013766,2025-07-09 07:39:25
NEW008,2025-07-09,01:00,Public Notification Report,Initial-Ceased,CSO - UnTreated,,,,CALUMET ST & RFB,CLARK COVE,25013766-1,2025-07-09 07:40:37
NEW016,2025-07-09,01:05,Public Notification Report,Initial-Ongoing,CSO - UnTreated,,,,FREDERICK ST & RFB,OUTER NEW BEDFORD HARBOR,25013767,2025-07-09 07:42:24
NEW005,2025-07-09,01:05,Public Notification Report,Initial-Ceased,CSO - UnTreated,,,,DUDLEY & RFB,CLARK COVE,25013768,2025-07-09 07:43:18
NEW006,2025-07-09,01:05,Public Notification Report,Initial-Ceased,CSO - UnTreated,,,,LUCAS STREET & RFB,CLARK COVE,25013769,2025-07-09 07:44:03
NEW017,2025-07-09,01:05,Public Notification Report,Initial-Ceased,CSO - UnTreated,,,,DAVID ST & RFB,OUTER NEW BEDFORD HARBOR,25013770,2025-07-09 07:44:40
NEW018,2025-07-09,01:10,Public Notification Report,Initial-Ceased,CSO - UnTreated,,,,COVE ST AND E. RODNEY FRENCH BLVD,OUTER NEW BEDFORD HARBOR,25013771,2025-07-09 07:45:18
NEW023,2025-07-09,00:25,Verified Data Report,,CSO - UnTreated,0h 15m,16627,1.15,COFFIN AVE,ACUSHNET RIVER,25014005,2025-08-07 11:44:03
NEW003,2025-07-09,00:35,Verified Data Report,,CSO - UnTreated,1h 40m,411148,0.90,COVE RD & PADNARAM AVE,CLARK COVE,25014006,2025-08-07 11:47:40
NEW005,2025-07-09,01:05,Verified Data Report,,CSO - UnTreated,0h 40m,119248,0.90,DUDLEY & RFB,CLARK COVE,25014007,2025-08-07 11:51:27
NEW006,2025-07-09,01:05,Verified Data Report,,CSO - UnTreated,1h 10m,25554,0.90,LUCAS STREET & RFB,CLARK COVE,25014008,2025-08-07 11:52:07
NEW008,2025-07-09,01:00,Verified Data Report,,CSO - UnTreated,0h 5m,7307,0.90,CALUMET ST & RFB,CLARK COVE,25014009,2025-08-07 11:53:26
NEW016,2025-07-09,01:05,Verified Data Report,,CSO - UnTreated,0h 10m,39910,0.90,FREDERICK ST & RFB,OUTER NEW BEDFORD HARBOR,25014010,2025-08-07 11:54:47
NEW017,2025-07-09,01:05,Verified Data Report,,CSO - UnTreated,1h 20m,737647,0.90,DAVID ST & RFB,OUTER NEW BEDFORD HARBOR,25014011,2025-08-07 11:55:59
NEW018,2025-07-09,01:10,Verified Data Report,,CSO - UnTreated,1h 45m,481361,0.90,COVE ST AND E. RODNEY FRENCH BLVD,OUTER NEW BEDFORD HARBOR,25014012,2025-08-07 11:57:20
NEW027,2025-07-09,00:35,Verified Data Report,,CSO - UnTreated,1h 35m,342885,1.15,MILL RD AT ACUSHNET RIVER,ACUSHNET RIVER,25014013,2025-08-07 11:58:05
NEW031,2025-07-09,00:55,Verified Data Report,,CSO - UnTreated,2h 15m,497208,0.90,CONWAY ST AT BUZZARDS BAY,INNER NEW BEDFORD HARBOR,25014014,2025-08-07 11:59:15
NEW035,2025-07-09,00:20,Verified Data Report,,CSO - UnTreated,1h 15m,340554,1.15,MAXFIELD ST AT BUZZARDS BAY,INNER NEW BEDFORD HARBOR,25014015,2025-08-07 12:00:00
NEW035,2025-07-10,04:30,Public Notification Report,Initial-Ceased,CSO - UnTreated,,,,MAXFIELD ST AT BUZZARDS BAY,INNER NEW BEDFORD HARBOR,25013806,2025-07-10 14:21:06
NEW003,2025-07-10,04:30,Public Notification Report,Initial-Ceased,CSO - UnTreated,,,,COVE RD & PADNARAM AVE,CLARK COVE,25013807,2025-07-10 14:23:12
NEW023,2025-07-10,04:45,Public Notification Report,Initial-Ceased,CSO - UnTreated,,,,COFFIN AVE,ACUSHNET RIVER,25013808,2025-07-10 14:25:07
NEW035,2025-07-10,11:15,Public Notification Report,Initial-Ceased,CSO - UnTreated,,,,MAXFIELD ST AT BUZZARDS BAY,INNER NEW BEDFORD HARBOR,25013809,2025-07-10 14:27:18
NEW003,2025-07-10,11:15,Public Notification Report,Initial-Ceased,CSO - UnTreated,,,,COVE RD & PADNARAM AVE,CLARK COVE,25013810,2025-07-10 14:42:04
NEW023,2025-07-10,11:25,Public Notification Report,Initial-Ceased,CSO - UnTreated,,,,COFFIN AVE,ACUSHNET RIVER,25013811,2025-07-10 14:42:35
NEW027,2025-07-10,11:35,Public Notification Report,Initial-Ceased,CSO - UnTreated,,,,MILL RD AT ACUSHNET RIVER,ACUSHNET RIVER,25013812,2025-07-10 14:43:57
NEW031,2025-07-10,12:05,Public Notification Report,Initial-Ceased,CSO - UnTreated,,,,CONWAY ST AT BUZZARDS BAY,INNER NEW BEDFORD HARBOR,25013813,2025-07-10 14:44:32
NEW003,2025-07-10,04:30,Verified Data Report,,CSO - UnTreated,0h 55m,96502,0.37,COVE RD & PADNARAM AVE,CLARK COVE,25014016,2025-08-07 12:09:46
NEW003,2025-07-10,04:30,Verified Data Report,,CSO - UnTreated,1h 55m,265802,0.37,COVE RD & PADNARAM AVE,CLARK COVE,25014017,2025-08-07 12:10:44
NEW023,2025-07-10,04:45,Verified Data Report,,CSO - UnTreated,0h 45m,135356,0.70,COFFIN AVE,ACUSHNET RIVER,25014018,2025-08-07 12:12:43
NEW023,2025-07-10,04:45,Verified Data Report,,CSO - UnTreated,1h 55m,1881043,0.70,COFFIN AVE,ACUSHNET RIVER,25014019,2025-08-07 12:13:45
NEW027,2025-07-10,11:35,Verified Data Report,,CSO - UnTreated,1h 20m,187382,0.70,MILL RD AT ACUSHNET RIVER,ACUSHNET RIVER,25014020,2025-08-07 12:15:35
NEW031,2025-07-10,12:05,Verified Data Report,,CSO - UnTreated,1h 30m,151149,0.37,CONWAY ST AT BUZZARDS BAY,INNER NEW BEDFORD HARBOR,25014021,2025-08-07 12:16:23
NEW035,2025-07-10,04:30,Verified Data Report,,CSO - UnTreated,0h 35m,16124,0.70,MAXFIELD ST AT BUZZARDS BAY,INNER NEW BEDFORD HARBOR,25014022,2025-08-07 12:17:21
NEW035,2025-07-10,04:30,Verified Data Report,,CSO - UnTreated,1h 30m,119004,0.70,MAXFIELD ST AT BUZZARDS BAY,INNER NEW BEDFORD HARBOR,25014023,2025-08-07 12:17:50
NEW018,2025-07-18,16:20,Public Notification Report,Initial-Ceased,CSO - UnTreated,,,,COVE ST AND E. RODNEY FRENCH BLVD,OUTER NEW BEDFORD HARBOR,25013917,2025-07-26 06:13:42
NEW035,2025-07-25,16:10,Public Notification Report,Initial-Ceased,CSO - UnTreated,,,,MAXFIELD ST AT BUZZARDS BAY,INNER NEW BEDFORD HARBOR,25013911,2025-07-26 06:07:28
NEW027,2025-07-25,16:10,Public Notification Report,Initial-Ceased,CSO - UnTreated,,,,MILL RD AT ACUSHNET RIVER,ACUSHNET RIVER,25013912,2025-07-26 06:08:38
NEW023,2025-07-25,16:10,Public Notification Report,Initial-Ceased,CSO - UnTreated,,,,COFFIN AVE,ACUSHNET RIVER,25013913,2025-07-26 06:09:26
NEW003,2025-07-25,16:15,Public Notification Report,Initial-Ceased,CSO - UnTreated,,,,COVE RD & PADNARAM AVE,CLARK COVE,25013914,2025-07-26 06:10:23
NEW005,2025-07-25,16:20,Public Notification Report,Initial-Ceased,CSO - UnTreated,,,,DUDLEY & RFB,CLARK COVE,25013915,2025-07-26 06:11:33
NEW017,2025-07-25,16:20,Public Notification Report,Initial-Ceased,CSO - UnTreated,,,,DAVID ST & RFB,OUTER NEW BEDFORD HARBOR,25013916,2025-07-26 06:12:43
NEW016,2025-07-25,16:35,Public Notification Report,Initial-Ceased,CSO - UnTreated,,,,FREDERICK ST & RFB,OUTER NEW BEDFORD HARBOR,25013918,2025-07-26 06:15:08
NEW031,2025-07-25,16:35,Public Notification Report,Initial-Ceased,CSO - UnTreated,,,,CONWAY ST AT BUZZARDS BAY,INNER NEW BEDFORD HARBOR,25013919,2025-07-26 06:16:01
NEW018,2025-07-25,16:20,Verified Data Report,,CSO - UnTreated,1h 55m,523265,0.75,COVE ST AND E. RODNEY FRENCH BLVD,OUTER NEW BEDFORD HARBOR,25014024,2025-08-07 12:18:56
NEW003,2025-07-25,16:15,Verified Data Report,,CSO - UnTreated,1h 45m,353828,0.75,COVE RD & PADNARAM AVE,CLARK COVE,25014025,2025-08-07 12:19:31
NEW005,2025-07-25,16:20,Verified Data Report,,CSO - UnTreated,0h 40m,1213211,0.75,DUDLEY & RFB,CLARK COVE,25014026,2025-08-07 12:20:19
NEW016,2025-07-25,16:35,Verified Data Report,,CSO - UnTreated,0h 15m,45846,0.75,FREDERICK ST & RFB,OUTER NEW BEDFORD HARBOR,25014027,2025-08-07 12:22:03
NEW017,2025-07-25,16:20,Verified Data Report,,CSO - UnTreated,1h 20m,883906,0.75,DAVID ST & RFB,OUTER NEW BEDFORD HARBOR,25014028,2025-08-07 12:22:45
NEW023,2025-07-25,16:10,Verified Data Report,,CSO - UnTreated,1h 45m,3323682,0.57,COFFIN AVE,ACUSHNET RIVER,25014029,2025-08-07 12:23:24
NEW027,2025-07-25,16:10,Verified Data Report,,CSO - UnTreated,1h 20m,271632,0.57,MILL RD AT ACUSHNET RIVER,ACUSHNET RIVER,25014030,2025-08-07 12:24:11
NEW031,2025-07-25,16:35,Verified Data Report,,CSO - UnTreated,1h 35m,383261,0.75,CONWAY ST AT BUZZARDS BAY,INNER NEW BEDFORD HARBOR,25014031,2025-08-07 12:25:36
NEW035,2025-07-25,16:10,Verified Data Report,,CSO - UnTreated,0h 50m,177911,0.57,MAXFIELD ST AT BUZZARDS BAY,INNER NEW BEDFORD HARBOR,25014032,2025-08-07 12:26:16
NEW027,2025-07-29,13:10,Public Notification Report,Initial-Ceased,CSO - UnTreated,,,,MILL RD AT ACUSHNET RIVER,ACUSHNET RIVER,25013941,2025-07-29 15:29:34
NEW027,2025-07-29,13:10,Verified Data Report,,CSO - UnTreated,1h 55m,860,0.00,MILL RD AT ACUSHNET RIVER,ACUSHNET RIVER,25014033,2025-08-07 12:26:53
NEW023,2025-08-01,03:10,Public Notification Report,Initial-Ceased,CSO - UnTreated,,,,COFFIN AVE,ACUSHNET RIVER,25013982,2025-08-01 10:13:42
NEW035,2025-08-01,03:05,Public Notification Report,Initial-Ceased,CSO - UnTreated,,,,MAXFIELD ST AT BUZZARDS BAY,INNER NEW BEDFORD HARBOR,25013983,2025-08-01 10:16:52
NEW003,2025-08-01,01:30,Public Notification Report,Initial-Ceased,CSO - UnTreated,,,,COVE RD & PADNARAM AVE,CLARK COVE,25013984,2025-08-01 10:17:33
NEW003,2025-08-01,01:30,Verified Data Report,,CSO - UnTreated,6h 5m,300568,0.35,COVE RD & PADNARAM AVE,CLARK COVE,25014449,2025-09-15 11:28:06
NEW023,2025-08-01,03:10,Verified Data Report,,CSO - UnTreated,3h 55m,424822,0.45,COFFIN AVE,ACUSHNET RIVER,25014460,2025-09-15 11:31:16
NEW035,2025-08-01,03:05,Verified Data Report,,CSO - UnTreated,0h 15m,17294,0.45,MAXFIELD ST AT BUZZARDS BAY,INNER NEW BEDFORD HARBOR,25014461,2025-09-15 11:32:42
NEW035,2025-08-14,21:10,Public Notification Report,Initial-Ceased,CSO - UnTreated,,,,MAXFIELD ST AT BUZZARDS BAY,INNER NEW BEDFORD HARBOR,25014242,2025-08-15 07:15:28
NEW023,2025-08-14,21:10,Public Notification Report,Initial-Ceased,CSO - UnTreated,,,,COFFIN AVE,ACUSHNET RIVER,25014252,2025-08-16 06:19:08
NEW023,2025-08-14,21:10,Verified Data Report,,CSO - UnTreated,0h 50m,134845,0.11,COFFIN AVE,ACUSHNET RIVER,25014462,2025-09-15 11:45:33
NEW035,2025-08-14,21:10,Verified Data Report,,CSO - UnTreated,0h 5m,7016,0.11,MAXFIELD ST AT BUZZARDS BAY,INNER NEW BEDFORD HARBOR,25014463,2025-09-15 11:57:54
NEW035,2025-08-20,17:40,Public Notification Report,Initial-Ceased,CSO - UnTreated,,,,MAXFIELD ST AT BUZZARDS BAY,INNER NEW BEDFORD HARBOR,25014278,2025-08-21 07:49:59
NEW023,2025-08-20,17:45,Public Notification Report,Initial-Ceased,CSO - UnTreated,,,,COFFIN AVE,ACUSHNET RIVER,25014279,2025-08-21 07:50:47
NEW003,2025-08-20,18:05,Public Notification Report,Initial-Ceased,CSO - UnTreated,,,,COVE RD & PADNARAM AVE,CLARK COVE,25014280,2025-08-21 07:51:24
NEW003,2025-08-20,18:05,Verified Data Report,,CSO - UnTreated,10h 20m,1620963,1.02,COVE RD & PADNARAM AVE,CLARK COVE,25014465,2025-09-15 14:17:38
NEW023,2025-08-20,17:45,Verified Data Report,,CSO - UnTreated,10h 10m,5393857,1.22,COFFIN AVE,ACUSHNET RIVER,25014466,2025-09-15 14:18:40
NEW035,2025-08-20,17:40,Verified Data Report,,CSO - UnTreated,8h 20m,184806,1.22,MAXFIELD ST AT BUZZARDS BAY,INNER NEW BEDFORD HARBOR,25014467,2025-09-15 14:19:43
NEW031,2025-08-21,00:05,Public Notification Report,Initial-Ceased,CSO - UnTreated,,,,CONWAY ST AT BUZZARDS BAY,INNER NEW BEDFORD HARBOR,25014281,2025-08-21 07:52:09
NEW027,2025-08-21,00:15,Public Notification Report,Initial-Ceased,CSO - UnTreated,,,,MILL RD AT ACUSHNET RIVER,ACUSHNET RIVER,25014282,2025-08-21 07:52:48
NEW018,2025-08-21,00:50,Public Notification Report,Initial-Ceased,CSO - UnTreated,,,,COVE ST AND E. RODNEY FRENCH BLVD,OUTER NEW BEDFORD HARBOR,25014283,2025-08-21 07:53:28
NEW018,2025-08-21,00:50,Verified Data Report,,CSO - UnTreated,0h 35m,13369,1.02,COVE ST AND E. RODNEY FRENCH BLVD,OUTER NEW BEDFORD HARBOR,25014468,2025-09-15 14:21:31
NEW027,2025-08-21,00:15,Verified Data Report,,CSO - UnTreated,0h 50m,16205,1.22,MILL RD AT ACUSHNET RIVER,ACUSHNET RIVER,25014469,2025-09-15 14:23:03
NEW031,2025-08-21,00:05,Verified Data Report,,CSO - UnTreated,2h 55m,429745,1.02,CONWAY ST AT BUZZARDS BAY,INNER NEW BEDFORD HARBOR,25014470,2025-09-15 14:30:44
NEW031,2025-08-29,19:55,Public Notification Report,Initial-Ceased,CSO - UnTreated,,,,CONWAY ST AT BUZZARDS BAY,INNER NEW BEDFORD HARBOR,25014312,2025-08-30 07:41:28
NEW005,2025-08-29,19:30,Public Notification Report,Initial-Ceased,CSO - UnTreated,,,,DUDLEY & RFB,CLARK COVE,25014313,2025-08-30 07:42:04
NEW003,2025-08-29,19:30,Public Notification Report,Initial-Ceased,CSO - UnTreated,,,,COVE RD & PADNARAM AVE,CLARK COVE,25014314,2025-08-30 07:42:53
NEW017,2025-08-29,19:30,Public Notification Report,Initial-Ceased,CSO - UnTreated,,,,DAVID ST & RFB,OUTER NEW BEDFORD HARBOR,25014315,2025-08-30 07:43:40
NEW023,2025-08-29,19:25,Public Notification Report,Initial-Ceased,CSO - UnTreated,,,,COFFIN AVE,ACUSHNET RIVER,25014317,2025-08-30 07:45:33
NEW027,2025-08-29,19:20,Public Notification Report,Initial-Ceased,CSO - UnTreated,,,,MILL RD AT ACUSHNET RIVER,ACUSHNET RIVER,25014318,2025-08-30 07:46:13
NEW018,2025-08-29,19:25,Public Notification Report,Initial-Ceased,CSO - UnTreated,,,,COVE ST AND E. RODNEY FRENCH BLVD,OUTER NEW BEDFORD HARBOR,25014319,2025-08-30 07:47:35
NEW035,2025-08-29,19:20,Public Notification Report,Initial-Ceased,CSO - UnTreated,,,,MAXFIELD ST AT BUZZARDS BAY,INNER NEW BEDFORD HARBOR,25014320,2025-08-30 07:48:21
NEW003,2025-08-29,19:30,Verified Data Report,,CSO - UnTreated,1h 0m,344035,0.45,COVE RD & PADNARAM AVE,CLARK COVE,25014471,2025-09-15 14:32:50
NEW005,2025-08-29,19:30,Verified Data Report,,CSO - UnTreated,0h 20m,41203,0.45,DUDLEY & RFB,CLARK COVE,25014472,2025-09-15 14:33:33
NEW017,2025-08-29,19:30,Verified Data Report,,CSO - UnTreated,1h 10m,483103,0.45,DAVID ST & RFB,OUTER NEW BEDFORD HARBOR,25014473,2025-09-15 14:36:29
NEW018,2025-08-29,19:25,Verified Data Report,,CSO - UnTreated,1h 25m,366096,0.45,COVE ST AND E. RODNEY FRENCH BLVD,OUTER NEW BEDFORD HARBOR,25014474,2025-09-15 14:40:55
NEW023,2025-08-29,19:25,Verified Data Report,,CSO - UnTreated,3h 25m,784852,0.54,COFFIN AVE,ACUSHNET RIVER,25014475,2025-09-15 14:43:45
NEW027,2025-08-29,19:20,Verified Data Report,,CSO - UnTreated,0h 45m,136544,0.54,MILL RD AT ACUSHNET RIVER,ACUSHNET RIVER,25014476,2025-09-15 14:44:45
NEW031,2025-08-29,19:55,Verified Data Report,,CSO - UnTreated,0h 55m,68266,0.45,CONWAY ST AT BUZZARDS BAY,INNER NEW BEDFORD HARBOR,25014477,2025-09-15 14:58:44
NEW035,2025-08-29,19:20,Verified Data Report,,CSO - UnTreated,2h 45m,87774,0.54,MAXFIELD ST AT BUZZARDS BAY,INNER NEW BEDFORD HARBOR,25014478,2025-09-15 15:02:07
NEW003,2025-09-05,06:05,Public Notification Report,Initial-Ceased,CSO - UnTreated,,,,COVE RD & PADNARAM AVE,CLARK COVE,25014347,2025-09-05 11:30:02
NEW023,2025-09-05,06:05,Public Notification Report,Initial-Ceased,CSO - UnTreated,,,,COFFIN AVE,ACUSHNET RIVER,25014348,2025-09-05 11:37:35
NEW003,2025-09-05,06:05,Verified Data Report,,CSO - UnTreated,0h 20m,30975,0.03,COVE RD & PADNARAM AVE,CLARK COVE,25014756,2025-10-14 15:47:29
NEW023,2025-09-05,06:05,Verified Data Report,,CSO - UnTreated,1h 4m,337069,0.11,COFFIN AVE,ACUSHNET RIVER,25014758,2025-10-14 15:49:07
NEW003,2025-09-06,23:10,Public Notification Report,Initial-Ceased,CSO - UnTreated,,,,COVE RD & PADNARAM AVE,CLARK COVE,25014360,2025-09-07 10:49:24
NEW003,2025-09-06,23:10,Verified Data Report,,CSO - UnTreated,0h 5m,1104,1.03,COVE RD & PADNARAM AVE,CLARK COVE,25014760,2025-10-14 15:49:53
NEW016,2025-09-07,10:30,Public Notification Report,Initial-Ceased,CSO - UnTreated,,,,FREDERICK ST & RFB,OUTER NEW BEDFORD HARBOR,25014375,2025-09-07 20:48:05
NEW017,2025-09-07,10:25,Public Notification Report,Initial-Ceased,CSO - UnTreated,,,,DAVID ST & RFB,OUTER NEW BEDFORD HARBOR,25014376,2025-09-07 20:49:42
NEW006,2025-09-07,10:20,Public Notification Report,Initial-Ceased,CSO - UnTreated,,,,LUCAS STREET & RFB,CLARK COVE,25014377,2025-09-07 20:54:48
NEW005,2025-09-07,10:20,Public Notification Report,Initial-Ceased,CSO - UnTreated,,,,DUDLEY & RFB,CLARK COVE,25014378,2025-09-07 20:56:15
NEW031,2025-09-07,10:10,Public Notification Report,Initial-Ceased,CSO - UnTreated,,,,CONWAY ST AT BUZZARDS BAY,INNER NEW BEDFORD HARBOR,25014379,2025-09-07 20:57:30
NEW027,2025-09-07,10:05,Public Notification Report,Initial-Ceased,CSO - UnTreated,,,,MILL RD AT ACUSHNET RIVER,ACUSHNET RIVER,25014380,2025-09-07 20:59:03
NEW018,2025-09-07,10:05,Public Notification Report,Initial-Ceased,CSO - UnTreated,,,,COVE ST AND E. RODNEY FRENCH BLVD,OUTER NEW BEDFORD HARBOR,25014381,2025-09-07 20:59:57
NEW003,2025-09-07,08:45,Public Notification Report,Initial-Ceased,CSO - UnTreated,,,,COVE RD & PADNARAM AVE,CLARK COVE,25014382,2025-09-07 21:02:51
NEW023,2025-09-07,08:35,Public Notification Report,Initial-Ceased,CSO - UnTreated,,,,COFFIN AVE,ACUSHNET RIVER,25014383,2025-09-07 21:03:42
NEW035,2025-09-07,08:30,Public Notification Report,Initial-Ceased,CSO - UnTreated,,,,MAXFIELD ST AT BUZZARDS BAY,INNER NEW BEDFORD HARBOR,25014384,2025-09-07 21:05:10
NEW003,2025-09-07,08:45,Verified Data Report,,CSO - UnTreated,3h 45m,943258,1.03,COVE RD & PADNARAM AVE,CLARK COVE,25014761,2025-10-14 15:50:36
NEW005,2025-09-07,10:20,Verified Data Report,,CSO - UnTreated,2h 40m,60000,1.03,DUDLEY & RFB,CLARK COVE,25014762,2025-10-14 15:52:54
NEW006,2025-09-07,10:20,Verified Data Report,,CSO - UnTreated,2h 25m,345481,1.03,LUCAS STREET & RFB,CLARK COVE,25014764,2025-10-14 15:53:35
NEW016,2025-09-07,10:30,Verified Data Report,,CSO - UnTreated,0h 35m,60196,1.03,FREDERICK ST & RFB,OUTER NEW BEDFORD HARBOR,25014765,2025-10-14 15:54:20
NEW017,2025-09-07,10:25,Verified Data Report,,CSO - UnTreated,1h 50m,1901306,1.03,DAVID ST & RFB,OUTER NEW BEDFORD HARBOR,25014767,2025-10-14 15:57:37
NEW018,2025-09-07,10:05,Verified Data Report,,CSO - UnTreated,2h 50m,756875,1.03,COVE ST AND E. RODNEY FRENCH BLVD,OUTER NEW BEDFORD HARBOR,25014768,2025-10-14 15:58:31
NEW023,2025-09-07,08:35,Verified Data Report,,CSO - UnTreated,11h 0m,5524290,0.97,COFFIN AVE,ACUSHNET RIVER,25014769,2025-10-14 15:59:16
NEW027,2025-09-07,10:05,Verified Data Report,,CSO - UnTreated,2h 15m,51392,0.97,MILL RD AT ACUSHNET RIVER,ACUSHNET RIVER,25014770,2025-10-14 16:00:06
NEW031,2025-09-07,10:10,Verified Data Report,,CSO - UnTreated,3h 15m,1130234,1.03,CONWAY ST AT BUZZARDS BAY,INNER NEW BEDFORD HARBOR,25014771,2025-10-14 16:01:45
NEW035,2025-09-07,08:30,Verified Data Report,,CSO - UnTreated,3h 45m,356049,0.97,MAXFIELD ST AT BUZZARDS BAY,INNER NEW BEDFORD HARBOR,25014772,2025-10-14 16:04:42
NEW003,2025-09-14,16:40,Public Notification Report,Initial-Ceased,CSO - UnTreated,,,,COVE RD & PADNARAM AVE,CLARK COVE,25014442,2025-09-14 19:15:57
NEW003,2025-09-14,16:40,Verified Data Report,,CSO - UnTreated,0h 25m,101514,0.03,COVE RD & PADNARAM AVE,CLARK COVE,25014773,2025-10-14 16:07:03
NEW023,2025-09-17,16:35,Public Notification Report,Initial-Ceased,CSO - UnTreated,,,,COFFIN AVE,ACUSHNET RIVER,25014484,2025-09-17 18:23:22
NEW035,2025-09-17,16:25,Public Notification Report,Initial-Ceased,CSO - UnTreated,,,,MAXFIELD ST AT BUZZARDS BAY,INNER NEW BEDFORD HARBOR,25014485,2025-09-17 18:25:01
NEW018,2025-09-17,16:20,Public Notification Report,Initial-Ceased,CSO - UnTreated,,,,COVE ST AND E. RODNEY FRENCH BLVD,OUTER NEW BEDFORD HARBOR,25014486,2025-09-17 18:26:17
NEW023,2025-09-17,04:00,Public Notification Report,Initial-Ceased,CSO - UnTreated,,,,COFFIN AVE,ACUSHNET RIVER,25014487,2025-09-18 07:22:34
NEW027,2025-09-17,21:00,Public Notification Report,Initial-Ceased,CSO - UnTreated,,,,MILL RD AT ACUSHNET RIVER,ACUSHNET RIVER,25014488,2025-09-18 07:25:55
NEW031,2025-09-17,21:00,Public Notification Report,Initial-Ceased,CSO - UnTreated,,,,CONWAY ST AT BUZZARDS BAY,INNER NEW BEDFORD HARBOR,25014489,2025-09-18 07:28:19
NEW035,2025-09-17,20:40,Public Notification Report,Initial-Ceased,CSO - UnTreated,,,,MAXFIELD ST AT BUZZARDS BAY,INNER NEW BEDFORD HARBOR,25014490,2025-09-18 07:29:18
NEW017,2025-09-17,20:35,Public Notification Report,Initial-Ceased,CSO - UnTreated,,,,DAVID ST & RFB,OUTER NEW BEDFORD HARBOR,25014491,2025-09-18 07:30:10
NEW003,2025-09-17,20:35,Public Notification Report,Initial-Ceased,CSO - UnTreated,,,,COVE RD & PADNARAM AVE,CLARK COVE,25014492,2025-09-18 07:31:18
NEW018,2025-09-17,20:30,Public Notification Report,Initial-Ceased,CSO - UnTreated,,,,COVE ST AND E. RODNEY FRENCH BLVD,OUTER NEW BEDFORD HARBOR,25014493,2025-09-18 07:32:09
NEW003,2025-09-17,20:35,Verified Data Report,,CSO - UnTreated,1h 0m,426505,0.45,COVE RD & PADNARAM AVE,CLARK COVE,25014780,2025-10-15 08:48:15
NEW017,2025-09-17,20:35,Verified Data Report,,CSO - UnTreated,0h 5m,11739,0.45,DAVID ST & RFB,OUTER NEW BEDFORD HARBOR,25014800,2025-10-15 10:30:14
NEW018,2025-09-17,16:20,Verified Data Report,,CSO - UnTreated,0h 15m,49985,0.45,COVE ST AND E. RODNEY FRENCH BLVD,OUTER NEW BEDFORD HARBOR,25014801,2025-10-15 10:30:59
NEW018,2025-09-17,16:20,Verified Data Report,,CSO - UnTreated,1h 30m,358658,0.45,COVE ST AND E. RODNEY FRENCH BLVD,OUTER NEW BEDFORD HARBOR,25014802,2025-10-15 10:31:25
NEW023,2025-09-17,16:35,Verified Data Report,,CSO - UnTreated,6h 35m,2260792,0.81,COFFIN AVE,ACUSHNET RIVER,25014803,2025-10-15 10:33:27
NEW023,2025-09-17,16:35,Verified Data Report,,CSO - UnTreated,1h 20m,82649,0.81,COFFIN AVE,ACUSHNET RIVER,25014804,2025-10-15 10:34:01
NEW027,2025-09-17,21:00,Verified Data Report,,CSO - UnTreated,0h 35m,15728,0.81,MILL RD AT ACUSHNET RIVER,ACUSHNET RIVER,25014805,2025-10-15 10:34:48
NEW031,2025-09-17,21:00,Verified Data Report,,CSO - UnTreated,1h 15m,179228,0.45,CONWAY ST AT BUZZARDS BAY,INNER NEW BEDFORD HARBOR,25014806,2025-10-15 10:44:11
NEW035,2025-09-17,20:40,Verified Data Report,,CSO - UnTreated,0h 20m,62000,0.81,MAXFIELD ST AT BUZZARDS BAY,INNER NEW BEDFORD HARBOR,25014807,2025-10-15 10:44:58
NEW035,2025-09-17,20:40,Verified Data Report,,CSO - UnTreated,0h 50m,325409,0.81,MAXFIELD ST AT BUZZARDS BAY,INNER NEW BEDFORD HARBOR,25014808,2025-10-15 10:46:09
NEW006,2025-09-24,14:00,Public Notification Report,Initial-Ceased,CSO - UnTreated,,,,LUCAS STREET & RFB,CLARK COVE,25014522,2025-09-24 16:48:04
NEW016,2025-09-24,13:15,Public Notification Report,Initial-Ceased,CSO - UnTreated,,,,FREDERICK ST & RFB,OUTER NEW BEDFORD HARBOR,25014523,2025-09-24 16:49:12
NEW005,2025-09-24,13:00,Public Notification Report,Initial-Ceased,CSO - UnTreated,,,,DUDLEY & RFB,CLARK COVE,25014524,2025-09-24 16:50:26
NEW017,2025-09-24,13:00,Public Notification Report,Initial-Ceased,CSO - UnTreated,,,,DAVID ST & RFB,OUTER NEW BEDFORD HARBOR,25014525,2025-09-24 16:51:29
NEW018,2025-09-24,12:55,Public Notification Report,Initial-Ceased,CSO - UnTreated,,,,COVE ST AND E. RODNEY FRENCH BLVD,OUTER NEW BEDFORD HARBOR,25014526,2025-09-24 16:52:34
NEW031,2025-09-24,09:20,Public Notification Report,Initial-Ceased,CSO - UnTreated,,,,CONWAY ST AT BUZZARDS BAY,INNER NEW BEDFORD HARBOR,25014527,2025-09-24 16:53:42
NEW003,2025-09-24,09:00,Public Notification Report,Initial-Ceased,CSO - UnTreated,,,,COVE RD & PADNARAM AVE,CLARK COVE,25014528,2025-09-24 16:54:52
NEW027,2025-09-24,06:40,Public Notification Report,Initial-Ceased,CSO - UnTreated,,,,MILL RD AT ACUSHNET RIVER,ACUSHNET RIVER,25014529,2025-09-24 16:56:10
NEW023,2025-09-24,06:35,Public Notification Report,Initial-Ceased,CSO - UnTreated,,,,COFFIN AVE,ACUSHNET RIVER,25014530,2025-09-24 16:57:27
NEW035,2025-09-24,06:30,Public Notification Report,Initial-Ceased,CSO - UnTreated,,,,MAXFIELD ST AT BUZZARDS BAY,INNER NEW BEDFORD HARBOR,25014531,2025-09-24 16:58:33
NEW026,2025-09-24,22:40,Public Notification Report,Initial-Ceased,CSO - UnTreated,,,,TRURO ST AT ACUSHNET R,ACUSHNET RIVER,25014533,2025-09-25 08:20:45
NEW003,2025-09-24,09:00,Verified Data Report,,CSO - UnTreated,5h 35m,814097,1.43,COVE RD & PADNARAM AVE,CLARK COVE,25014809,2025-10-15 10:47:01
NEW005,2025-09-24,13:00,Verified Data Report,,CSO - UnTreated,0h 30m,120733,1.43,DUDLEY & RFB,CLARK COVE,25014826,2025-10-15 13:45:22
NEW006,2025-09-24,14:00,Verified Data Report,,CSO - UnTreated,0h 35m,4053,1.43,LUCAS STREET & RFB,CLARK COVE,25014827,2025-10-15 13:46:22
NEW016,2025-09-24,13:15,Verified Data Report,,CSO - UnTreated,0h 10m,96,1.43,FREDERICK ST & RFB,OUTER NEW BEDFORD HARBOR,25014828,2025-10-15 13:47:08
NEW017,2025-09-24,13:00,Verified Data Report,,CSO - UnTreated,1h 35m,938820,1.43,DAVID ST & RFB,OUTER NEW BEDFORD HARBOR,25014829,2025-10-15 13:47:45
NEW018,2025-09-24,12:55,Verified Data Report,,CSO - UnTreated,2h 0m,602220,1.43,COVE ST AND E. RODNEY FRENCH BLVD,OUTER NEW BEDFORD HARBOR,25014830,2025-10-15 13:48:28
NEW023,2025-09-24,06:35,Verified Data Report,,CSO - UnTreated,9h 30m,7815325,2.41,COFFIN AVE,ACUSHNET RIVER,25014831,2025-10-15 13:49:07
NEW026,2025-09-24,22:40,Verified Data Report,,CSO - UnTreated,0h 0m,0,0.00,TRURO ST AT ACUSHNET R,ACUSHNET RIVER,25014832,2025-10-15 13:50:38
NEW027,2025-09-24,06:40,Verified Data Report,,CSO - UnTreated,7h 0m,768225,2.41,MILL RD AT ACUSHNET RIVER,ACUSHNET RIVER,25014834,2025-10-15 13:52:39
NEW031,2025-09-24,09:20,Verified Data Report,,CSO - UnTreated,6h 10m,729523,1.43,CONWAY ST AT BUZZARDS BAY,INNER NEW BEDFORD HARBOR,25014835,2025-10-15 13:53:34
NEW035,2025-09-24,06:30,Verified Data Report,,CSO - UnTreated,8h 9m,346989,2.41,MAXFIELD ST AT BUZZARDS BAY,INNER NEW BEDFORD HARBOR,25014836,2025-10-15 14:05:23
NEW003,2025-09-25,07:45,Verified Data Report,,CSO - UnTreated,7h 30m,1316477,1.43,COVE RD & PADNARAM AVE,CLARK COVE,25014837,2025-10-15 15:37:57
NEW005,2025-09-25,09:05,Verified Data Report,,CSO - UnTreated,1h 40m,174831,1.43,DUDLEY & RFB,CLARK COVE,25014838,2025-10-15 15:38:44
NEW006,2025-09-25,09:15,Verified Data Report,,CSO - UnTreated,2h 20m,440248,1.43,LUCAS STREET & RFB,CLARK COVE,25014839,2025-10-15 15:39:47
NEW016,2025-09-25,09:20,Verified Data Report,,CSO - UnTreated,0h 10m,20769,1.43,FREDERICK ST & RFB,OUTER NEW BEDFORD HARBOR,25014845,2025-10-15 15:49:17
NEW017,2025-09-25,09:05,Verified Data Report,,CSO - UnTreated,2h 0m,2954457,1.43,DAVID ST & RFB,OUTER NEW BEDFORD HARBOR,25014846,2025-10-15 15:50:09
NEW018,2025-09-25,09:00,Verified Data Report,,CSO - UnTreated,5h 15m,1395062,1.43,COVE ST AND E. RODNEY FRENCH BLVD,OUTER NEW BEDFORD HARBOR,25014847,2025-10-15 15:50:50
NEW023,2025-09-25,07:35,Verified Data Report,,CSO - UnTreated,14h 25m,8183004,2.41,COFFIN AVE,ACUSHNET RIVER,25014848,2025-10-15 15:51:52
NEW027,2025-09-25,14:35,Verified Data Report,,CSO - UnTreated,0h 40m,66058,2.41,MILL RD AT ACUSHNET RIVER,ACUSHNET RIVER,25014849,2025-10-15 15:52:45
NEW031,2025-09-25,08:40,Verified Data Report,,CSO - UnTreated,6h 50m,1288419,1.43,CONWAY ST AT BUZZARDS BAY,INNER NEW BEDFORD HARBOR,25014850,2025-10-15 15:53:39
NEW035,2025-09-25,07:45,Verified Data Report,,CSO - UnTreated,2h 25m,437945,2.41,MAXFIELD ST AT BUZZARDS BAY,INNER NEW BEDFORD HARBOR,25014851,2025-10-15 15:54:37
NEW035,2025-09-25,07:45,Verified Data Report,,CSO - UnTreated,1h 20m,72399,2.41,MAXFIELD ST AT BUZZARDS BAY,INNER NEW BEDFORD HARBOR,25014852,2025-10-15 15:55:17
NEW027,2025-09-26,14:35,Public Notification Report,Initial-Ceased,CSO - UnTreated,,,,MILL RD AT ACUSHNET RIVER,ACUSHNET RIVER,25014563,2025-09-25 20:58:22
NEW035,2025-09-26,13:30,Public Notification Report,Initial-Ceased,CSO - UnTreated,,,,MAXFIELD ST AT BUZZARDS BAY,INNER NEW BEDFORD HARBOR,25014565,2025-09-25 20:59:39
NEW010,2025-09-26,09:50,Public Notification Report,Initial-Ceased,CSO - UnTreated,,,,BELLEVUE ST & RFB,CLARK COVE,25014567,2025-09-25 21:00:41
NEW008,2025-09-26,09:50,Public Notification Report,Initial-Ceased,CSO - UnTreated,,,,CALUMET ST & RFB,CLARK COVE,25014568,2025-09-25 21:01:45
NEW016,2025-09-26,09:20,Public Notification Report,Initial-Ceased,CSO - UnTreated,,,,FREDERICK ST & RFB,OUTER NEW BEDFORD HARBOR,25014570,2025-09-25 21:02:49
NEW006,2025-09-26,09:15,Public Notification Report,Initial-Ceased,CSO - UnTreated,,,,LUCAS STREET & RFB,CLARK COVE,25014571,2025-09-25 21:03:52
NEW005,2025-09-26,09:05,Public Notification Report,Initial-Ceased,CSO - UnTreated,,,,DUDLEY & RFB,CLARK COVE,25014572,2025-09-25 21:05:01
NEW017,2025-09-26,09:05,Public Notification Report,Initial-Ceased,CSO - UnTreated,,,,DAVID ST & RFB,OUTER NEW BEDFORD HARBOR,25014573,2025-09-25 21:06:13
NEW018,2025-09-26,09:00,Public Notification Report,Initial-Ceased,CSO - UnTreated,,,,COVE ST AND E. RODNEY FRENCH BLVD,OUTER NEW BEDFORD HARBOR,25014574,2025-09-25 21:07:29
NEW031,2025-09-26,08:40,Public Notification Report,Initial-Ceased,CSO - UnTreated,,,,CONWAY ST AT BUZZARDS BAY,INNER NEW BEDFORD HARBOR,25014575,2025-09-25 21:08:35
NEW007,2025-09-26,08:15,Public Notification Report,Initial-Ceased,CSO - UnTreated,,,,CAPITAL AND ROD. FRENCH BLVD,CLARK COVE,25014576,2025-09-25 21:09:47
NEW035,2025-09-26,07:45,Public Notification Report,Initial-Ceased,CSO - UnTreated,,,,MAXFIELD ST AT BUZZARDS BAY,INNER NEW BEDFORD HARBOR,25014577,2025-09-25 21:10:55
NEW003,2025-09-26,07:45,Public Notification Report,Initial-Ceased,CSO - UnTreated,,,,COVE RD & PADNARAM AVE,CLARK COVE,25014578,2025-09-25 21:12:07
NEW023,2025-09-26,07:35,Public Notification Report,Initial-Ceased,CSO - UnTreated,,,,COFFIN AVE,ACUSHNET RIVER,25014579,2025-09-25 21:13:27
NEW027,2025-09-26,08:15,Verified Data Report,,CSO - UnTreated,2h 20m,381880,2.41,MILL RD AT ACUSHNET RIVER,ACUSHNET RIVER,25014841,2025-10-15 15:45:26
NEW008,2025-09-26,09:50,Verified Data Report,,CSO - UnTreated,1h 0m,116389,1.43,CALUMET ST & RFB,CLARK COVE,25014842,2025-10-15 15:46:32
NEW010,2025-09-26,09:50,Verified Data Report,,CSO - UnTreated,0h 20m,15493,1.43,BELLEVUE ST & RFB,CLARK COVE,25014844,2025-10-15 15:48:06
NEW017,2025-10-08,12:05,Public Notification Report,Initial-Ceased,CSO - UnTreated,,,,DAVID ST & RFB,OUTER NEW BEDFORD HARBOR,25014651,2025-10-08 14:59:14
NEW031,2025-10-08,12:00,Public Notification Report,Initial-Ceased,CSO - UnTreated,,,,CONWAY ST AT BUZZARDS BAY,INNER NEW BEDFORD HARBOR,25014652,2025-10-08 15:00:15
NEW018,2025-10-08,11:35,Public Notification Report,Initial-Ceased,CSO - UnTreated,,,,COVE ST AND E. RODNEY FRENCH BLVD,OUTER NEW BEDFORD HARBOR,25014653,2025-10-08 15:01:05
NEW023,2025-10-08,11:00,Public Notification Report,Initial-Ceased,CSO - UnTreated,,,,COFFIN AVE,ACUSHNET RIVER,25014654,2025-10-08 15:01:58
NEW035,2025-10-08,10:55,Public Notification Report,Initial-Ceased,CSO - UnTreated,,,,MAXFIELD ST AT BUZZARDS BAY,INNER NEW BEDFORD HARBOR,25014655,2025-10-08 15:02:40
NEW003,2025-10-08,09:35,Public Notification Report,Initial-Ceased,CSO - UnTreated,,,,COVE RD & PADNARAM AVE,CLARK COVE,25014656,2025-10-08 15:03:59
NEW003,2025-10-08,09:35,Verified Data Report,,CSO - UnTreated,4h 15m,641659,0.68,COVE RD & PADNARAM AVE,CLARK COVE,25015066,2025-11-06 14:27:00
NEW017,2025-10-08,12:05,Verified Data Report,,CSO - UnTreated,1h 20m,305644,0.68,DAVID ST & RFB,OUTER NEW BEDFORD HARBOR,25015067,2025-11-06 14:28:00
NEW018,2025-10-08,11:35,Verified Data Report,,CSO - UnTreated,2h 25m,689554,0.68,COVE ST AND E. RODNEY FRENCH BLVD,OUTER NEW BEDFORD HARBOR,25015068,2025-11-06 14:28:59
NEW023,2025-10-08,11:00,Verified Data Report,,CSO - UnTreated,3h 40m,2138072,0.57,COFFIN AVE,ACUSHNET RIVER,25015126,2025-11-10 10:12:20
NEW031,2025-10-08,12:00,Verified Data Report,,CSO - UnTreated,2h 15m,265708,0.68,CONWAY ST AT BUZZARDS BAY,INNER NEW BEDFORD HARBOR,25015127,2025-11-10 10:27:58
NEW035,2025-10-08,10:55,Verified Data Report,,CSO - UnTreated,2h 30m,86778,0.57,MAXFIELD ST AT BUZZARDS BAY,INNER NEW BEDFORD HARBOR,25015128,2025-11-10 10:30:55
NEW003,2025-10-12,14:10,Verified Data Report,,CSO - UnTreated,30h 0m,3338677,2.12,COVE RD & PADNARAM AVE,CLARK COVE,25015129,2025-11-10 10:32:37
NEW018,2025-10-12,14:50,Verified Data Report,,CSO - UnTreated,5h 15m,1007532,2.12,COVE ST AND E. RODNEY FRENCH BLVD,OUTER NEW BEDFORD HARBOR,25015130,2025-11-10 10:34:44
NEW023,2025-10-12,01:50,Verified Data Report,,CSO - Treated,48h 5m,17660058,3.44,COFFIN AVE,ACUSHNET RIVER,25015133,2025-11-10 10:38:13
NEW027,2025-10-12,18:15,Verified Data Report,,CSO - UnTreated,0h 50m,308,3.44,MILL RD AT ACUSHNET RIVER,ACUSHNET RIVER,25015135,2025-11-10 10:42:22
NEW031,2025-10-12,15:35,Verified Data Report,,CSO - UnTreated,5h 5m,554740,2.12,CONWAY ST AT BUZZARDS BAY,INNER NEW BEDFORD HARBOR,25015137,2025-11-10 11:05:19
NEW027,2025-10-13,18:15,Public Notification Report,Initial-Ceased,CSO - UnTreated,,,,MILL RD AT ACUSHNET RIVER,ACUSHNET RIVER,25014685,2025-10-12 22:44:18
NEW031,2025-10-13,15:35,Public Notification Report,Initial-Ceased,CSO - UnTreated,,,,CONWAY ST AT BUZZARDS BAY,INNER NEW BEDFORD HARBOR,25014686,2025-10-12 22:45:43
NEW018,2025-10-13,14:50,Public Notification Report,Initial-Ceased,CSO - UnTreated,,,,COVE ST AND E. RODNEY FRENCH BLVD,OUTER NEW BEDFORD HARBOR,25014687,2025-10-12 22:47:03
NEW035,2025-10-13,14:15,Public Notification Report,Initial-Ceased,CSO - UnTreated,,,,MAXFIELD ST AT BUZZARDS BAY,INNER NEW BEDFORD HARBOR,25014688,2025-10-12 22:48:30
NEW003,2025-10-13,14:10,Public Notification Report,Initial-Ceased,CSO - UnTreated,,,,COVE RD & PADNARAM AVE,CLARK COVE,25014689,2025-10-12 22:49:40
NEW023,2025-10-13,13:50,Public Notification Report,Initial-Ceased,CSO - UnTreated,,,,COFFIN AVE,ACUSHNET RIVER,25014690,2025-10-12 22:51:02
NEW018,2025-10-13,03:20,Public Notification Report,Initial-Ceased,CSO - UnTreated,,,,COVE ST AND E. RODNEY FRENCH BLVD,OUTER NEW BEDFORD HARBOR,25014731,2025-10-13 15:56:10
NEW031,2025-10-13,03:00,Public Notification Report,Initial-Ceased,CSO - UnTreated,,,,CONWAY ST AT BUZZARDS BAY,INNER NEW BEDFORD HARBOR,25014732,2025-10-13 15:57:15
NEW027,2025-10-13,02:50,Public Notification Report,Initial-Ceased,CSO - UnTreated,,,,MILL RD AT ACUSHNET RIVER,ACUSHNET RIVER,25014733,2025-10-13 15:58:46
NEW035,2025-10-13,02:25,Public Notification Report,Initial-Ceased,CSO - UnTreated,,,,MAXFIELD ST AT BUZZARDS BAY,INNER NEW BEDFORD HARBOR,25014734,2025-10-13 16:00:02
NEW003,2025-10-13,02:10,Public Notification Report,Initial-Ceased,CSO - UnTreated,,,,COVE RD & PADNARAM AVE,CLARK COVE,25014735,2025-10-13 16:01:13
NEW023,2025-10-13,01:50,Public Notification Report,Initial-Ceased,CSO - Treated,,,,COFFIN AVE,ACUSHNET RIVER,25014736,2025-10-13 16:02:46
NEW027,2025-10-13,00:45,Public Notification Report,Initial-Ceased,CSO - UnTreated,,,,MILL RD AT ACUSHNET RIVER,ACUSHNET RIVER,25014737,2025-10-13 16:03:56
NEW018,2025-10-13,19:10,Public Notification Report,Initial-Ceased,CSO - UnTreated,,,,COVE ST AND E. RODNEY FRENCH BLVD,OUTER NEW BEDFORD HARBOR,25014742,2025-10-14 07:20:01
NEW031,2025-10-13,16:15,Public Notification Report,Initial-Ceased,CSO - UnTreated,,,,CONWAY ST AT BUZZARDS BAY,INNER NEW BEDFORD HARBOR,25014743,2025-10-14 07:21:03
NEW018,2025-10-13,15:20,Verified Data Report,,CSO - UnTreated,2h 9m,424146,2.12,COVE ST AND E. RODNEY FRENCH BLVD,OUTER NEW BEDFORD HARBOR,25015131,2025-11-10 10:35:28
NEW018,2025-10-13,19:10,Verified Data Report,,CSO - UnTreated,0h 40m,4871,2.12,COVE ST AND E. RODNEY FRENCH BLVD,OUTER NEW BEDFORD HARBOR,25015132,2025-11-10 10:37:05
NEW027,2025-10-13,02:50,Verified Data Report,,CSO - UnTreated,2h 20m,104028,3.44,MILL RD AT ACUSHNET RIVER,ACUSHNET RIVER,25015134,2025-11-10 10:39:47
NEW027,2025-10-13,12:45,Verified Data Report,,CSO - UnTreated,7h 10m,57889,3.44,MILL RD AT ACUSHNET RIVER,ACUSHNET RIVER,25015136,2025-11-10 10:43:11
NEW031,2025-10-13,03:00,Verified Data Report,,CSO - UnTreated,6h 45m,504886,2.12,CONWAY ST AT BUZZARDS BAY,INNER NEW BEDFORD HARBOR,25015138,2025-11-10 11:06:14
NEW031,2025-10-13,16:15,Verified Data Report,,CSO - UnTreated,4h 34m,217856,2.12,CONWAY ST AT BUZZARDS BAY,INNER NEW BEDFORD HARBOR,25015139,2025-11-10 11:06:59
NEW035,2025-10-13,14:15,Verified Data Report,,CSO - UnTreated,32h 24m,515145,3.44,MAXFIELD ST AT BUZZARDS BAY,INNER NEW BEDFORD HARBOR,25015140,2025-11-10 11:08:13
NEW035,2025-10-14,07:10,Public Notification Report,Initial-Ceased,CSO - UnTreated,,,,MAXFIELD ST AT BUZZARDS BAY,INNER NEW BEDFORD HARBOR,25014755,2025-10-14 14:15:14
NEW035,2025-10-14,07:10,Verified Data Report,,CSO - UnTreated,0h 10m,1285,3.44,MAXFIELD ST AT BUZZARDS BAY,INNER NEW BEDFORD HARBOR,25015141,2025-11-10 12:24:15
NEW023,2025-10-19,19:00,Public Notification Report,Initial-Ceased,CSO - UnTreated,,,,COFFIN AVE,ACUSHNET RIVER,25014868,2025-10-20 10:37:01
NEW023,2025-10-19,19:00,Verified Data Report,,CSO - UnTreated,2h 5m,6851,0.00,COFFIN AVE,ACUSHNET RIVER,25015142,2025-11-10 12:27:12
NEW023,2025-10-20,07:05,Public Notification Report,Initial-Ongoing,CSO - UnTreated,,,,COFFIN AVE,ACUSHNET RIVER,25014867,2025-10-20 10:36:04
NEW006,2025-10-20,11:30,Public Notification Report,Initial-Ceased,CSO - UnTreated,,,,LUCAS STREET & RFB,CLARK COVE,25014915,2025-10-21 10:25:41
NEW017,2025-10-20,11:10,Public Notification Report,Initial-Ceased,CSO - UnTreated,,,,DAVID ST & RFB,OUTER NEW BEDFORD HARBOR,25014916,2025-10-21 10:26:49
NEW031,2025-10-20,11:05,Public Notification Report,Initial-Ceased,CSO - UnTreated,,,,CONWAY ST AT BUZZARDS BAY,INNER NEW BEDFORD HARBOR,25014917,2025-10-21 10:27:44
NEW005,2025-10-20,11:00,Public Notification Report,Initial-Ceased,CSO - UnTreated,,,,DUDLEY & RFB,CLARK COVE,25014918,2025-10-21 10:28:43
NEW027,2025-10-20,10:55,Public Notification Report,Initial-Ceased,CSO - UnTreated,,,,MILL RD AT ACUSHNET RIVER,ACUSHNET RIVER,25014919,2025-10-21 10:29:38
NEW018,2025-10-20,10:45,Public Notification Report,Initial-Ceased,CSO - UnTreated,,,,COVE ST AND E. RODNEY FRENCH BLVD,OUTER NEW BEDFORD HARBOR,25014920,2025-10-21 10:30:32
NEW003,2025-10-20,10:40,Public Notification Report,Initial-Ceased,CSO - UnTreated,,,,COVE RD & PADNARAM AVE,CLARK COVE,25014921,2025-10-21 10:31:22
NEW035,2025-10-20,10:35,Public Notification Report,Initial-Ceased,CSO - UnTreated,,,,MAXFIELD ST AT BUZZARDS BAY,INNER NEW BEDFORD HARBOR,25014922,2025-10-21 10:32:17
NEW023,2025-10-20,07:05,Public Notification Report,Initial-Ceased,CSO - UnTreated,,,,COFFIN AVE,ACUSHNET RIVER,25014923,2025-10-21 10:33:14
NEW003,2025-10-20,10:40,Verified Data Report,,CSO - UnTreated,3h 5m,949838,0.86,COVE RD & PADNARAM AVE,CLARK COVE,25015143,2025-11-10 12:27:56
NEW005,2025-10-20,11:00,Verified Data Report,,CSO - UnTreated,2h 30m,119365,0.86,DUDLEY & RFB,CLARK COVE,25015144,2025-11-10 12:28:35
NEW006,2025-10-20,11:30,Verified Data Report,,CSO - UnTreated,2h 55m,436571,0.86,LUCAS STREET & RFB,CLARK COVE,25015145,2025-11-10 12:29:19
NEW017,2025-10-20,11:10,Verified Data Report,,CSO - UnTreated,2h 35m,1991725,0.86,DAVID ST & RFB,OUTER NEW BEDFORD HARBOR,25015146,2025-11-10 12:30:41
NEW018,2025-10-20,10:45,Verified Data Report,,CSO - UnTreated,3h 35m,1072791,0.86,COVE ST AND E. RODNEY FRENCH BLVD,OUTER NEW BEDFORD HARBOR,25015147,2025-11-10 12:32:46
NEW023,2025-10-20,07:05,Verified Data Report,,CSO - UnTreated,8h 5m,4999818,0.88,COFFIN AVE,ACUSHNET RIVER,25015148,2025-11-10 12:33:33
NEW023,2025-10-20,19:20,Verified Data Report,,CSO - UnTreated,0h 5m,33,0.88,COFFIN AVE,ACUSHNET RIVER,25015149,2025-11-10 12:34:02
NEW027,2025-10-20,10:55,Verified Data Report,,CSO - UnTreated,2h 40m,324100,0.88,MILL RD AT ACUSHNET RIVER,ACUSHNET RIVER,25015150,2025-11-10 12:34:46
NEW031,2025-10-20,11:05,Verified Data Report,,CSO - UnTreated,3h 50m,1422633,0.86,CONWAY ST AT BUZZARDS BAY,INNER NEW BEDFORD HARBOR,25015151,2025-11-10 12:35:26
NEW035,2025-10-20,10:35,Verified Data Report,,CSO - UnTreated,2h 50m,361671,0.88,MAXFIELD ST AT BUZZARDS BAY,INNER NEW BEDFORD HARBOR,25015152,2025-11-10 12:37:14
NEW010,2025-10-30,23:15,Public Notification Report,Initial-Ceased,CSO - UnTreated,,,,BELLEVUE ST & RFB,CLARK COVE,25014958,2025-10-31 07:38:13
NEW008,2025-10-30,23:10,Public Notification Report,Initial-Ceased,CSO - UnTreated,,,,CALUMET ST & RFB,CLARK COVE,25014959,2025-10-31 07:39:07
NEW006,2025-10-30,22:45,Public Notification Report,Initial-Ceased,CSO - UnTreated,,,,LUCAS STREET & RFB,CLARK COVE,25014960,2025-10-31 07:40:03
NEW017,2025-10-30,22:30,Public Notification Report,Initial-Ceased,CSO - UnTreated,,,,DAVID ST & RFB,OUTER NEW BEDFORD HARBOR,25014961,2025-10-31 07:40:53
NEW005,2025-10-30,22:20,Public Notification Report,Initial-Ceased,CSO - UnTreated,,,,DUDLEY & RFB,CLARK COVE,25014962,2025-10-31 07:41:42
NEW018,2025-10-30,22:10,Public Notification Report,Initial-Ceased,CSO - UnTreated,,,,COVE ST AND E. RODNEY FRENCH BLVD,OUTER NEW BEDFORD HARBOR,25014963,2025-10-31 07:43:25
NEW027,2025-10-30,21:45,Public Notification Report,Initial-Ceased,CSO - UnTreated,,,,MILL RD AT ACUSHNET RIVER,ACUSHNET RIVER,25014964,2025-10-31 07:44:23
NEW031,2025-10-30,19:35,Public Notification Report,Initial-Ceased,CSO - UnTreated,,,,CONWAY ST AT BUZZARDS BAY,INNER NEW BEDFORD HARBOR,25014966,2025-10-31 07:45:23
NEW023,2025-10-30,18:20,Public Notification Report,Initial-Ceased,CSO - UnTreated,,,,COFFIN AVE,ACUSHNET RIVER,25014968,2025-10-31 07:47:46
NEW003,2025-10-30,18:20,Public Notification Report,Initial-Ceased,CSO - UnTreated,,,,COVE RD & PADNARAM AVE,CLARK COVE,25014970,2025-10-31 07:48:38
NEW035,2025-10-30,18:20,Public Notification Report,Initial-Ceased,CSO - UnTreated,,,,MAXFIELD ST AT BUZZARDS BAY,INNER NEW BEDFORD HARBOR,25014971,2025-10-31 07:49:34
NEW003,2025-10-30,18:20,Verified Data Report,,CSO - UnTreated,6h 45m,1670611,1.45,COVE RD & PADNARAM AVE,CLARK COVE,25015153,2025-11-10 12:38:06
NEW005,2025-10-30,22:20,Verified Data Report,,CSO - UnTreated,2h 30m,423282,1.45,DUDLEY & RFB,CLARK COVE,25015154,2025-11-10 12:38:58
NEW006,2025-10-30,22:45,Verified Data Report,,CSO - UnTreated,2h 55m,793364,1.45,LUCAS STREET & RFB,CLARK COVE,25015155,2025-11-10 12:39:55
NEW008,2025-10-30,23:10,Verified Data Report,,CSO - UnTreated,1h 15m,266569,1.45,CALUMET ST & RFB,CLARK COVE,25015156,2025-11-10 12:40:40
NEW010,2025-10-30,23:15,Verified Data Report,,CSO - UnTreated,0h 35m,52712,1.45,BELLEVUE ST & RFB,CLARK COVE,25015157,2025-11-10 12:41:28
NEW017,2025-10-30,22:30,Verified Data Report,,CSO - UnTreated,2h 45m,3113747,1.45,DAVID ST & RFB,OUTER NEW BEDFORD HARBOR,25015158,2025-11-10 12:42:08
NEW018,2025-10-30,22:10,Verified Data Report,,CSO - UnTreated,4h 25m,1193111,1.45,COVE ST AND E. RODNEY FRENCH BLVD,OUTER NEW BEDFORD HARBOR,25015159,2025-11-10 12:42:48
NEW023,2025-10-30,18:20,Verified Data Report,,CSO - UnTreated,10h 50m,6582177,1.52,COFFIN AVE,ACUSHNET RIVER,25015160,2025-11-10 12:43:28
NEW027,2025-10-30,21:45,Verified Data Report,,CSO - UnTreated,3h 10m,298509,1.52,MILL RD AT ACUSHNET RIVER,ACUSHNET RIVER,25015161,2025-11-10 12:44:05
NEW031,2025-10-30,19:35,Verified Data Report,,CSO - UnTreated,6h 35m,1853888,1.45,CONWAY ST AT BUZZARDS BAY,INNER NEW BEDFORD HARBOR,25015162,2025-11-10 12:44:56
NEW035,2025-10-30,18:20,Verified Data Report,,CSO - UnTreated,6h 25m,470683,1.52,MAXFIELD ST AT BUZZARDS BAY,INNER NEW BEDFORD HARBOR,25015163,2025-11-10 12:45:34
NEW003,2025-11-03,22:55,Public Notification Report,Initial-Ceased,CSO - UnTreated,,,,COVE RD & PADNARAM AVE,CLARK COVE,25015010,2025-11-04 07:37:49
NEW023,2025-11-03,22:50,Public Notification Report,Initial-Ceased,CSO - UnTreated,,,,COFFIN AVE,ACUSHNET RIVER,25015011,2025-11-04 07:38:45
NEW035,2025-11-03,22:45,Public Notification Report,Initial-Ceased,CSO - UnTreated,,,,MAXFIELD ST AT BUZZARDS BAY,INNER NEW BEDFORD HARBOR,25015012,2025-11-04 07:39:36
NEW003,2025-11-03,22:55,Verified Data Report,,CSO - UnTreated,0h 30m,44458,0.15,COVE RD & PADNARAM AVE,CLARK COVE,25015286,2025-12-01 11:07:01
NEW023,2025-11-03,22:50,Verified Data Report,,CSO - UnTreated,1h 4m,120986,0.11,COFFIN AVE,ACUSHNET RIVER,25015287,2025-12-01 11:07:53
NEW035,2025-11-03,22:45,Verified Data Report,,CSO - UnTreated,0h 5m,1510,0.11,MAXFIELD ST AT BUZZARDS BAY,INNER NEW BEDFORD HARBOR,25015288,2025-12-01 11:08:38
NEW003,2025-11-09,16:10,Verified Data Report,,CSO - UnTreated,3h 20m,1019408,1.92,COVE RD & PADNARAM AVE,CLARK COVE,25015289,2025-12-01 11:20:03
NEW005,2025-11-09,17:15,Verified Data Report,,CSO - UnTreated,1h 30m,2612607,1.92,DUDLEY & RFB,CLARK COVE,25015291,2025-12-01 11:25:17
NEW006,2025-11-09,17:25,Verified Data Report,,CSO - UnTreated,2h 30m,1140775,1.92,LUCAS STREET & RFB,CLARK COVE,25015292,2025-12-01 11:28:35
NEW007,2025-11-09,17:40,Verified Data Report,,CSO - UnTreated,0h 45m,329219,1.92,CAPITAL AND ROD. FRENCH BLVD,CLARK COVE,25015293,2025-12-01 11:29:30
NEW008,2025-11-09,17:55,Verified Data Report,,CSO - UnTreated,1h 4m,846615,1.92,CALUMET ST & RFB,CLARK COVE,25015294,2025-12-01 11:30:30
NEW010,2025-11-09,18:00,Verified Data Report,,CSO - UnTreated,0h 35m,280298,1.92,BELLEVUE ST & RFB,CLARK COVE,25015295,2025-12-01 11:31:51
NEW016,2025-11-09,17:35,Verified Data Report,,CSO - UnTreated,1h 0m,204339,1.92,FREDERICK ST & RFB,OUTER NEW BEDFORD HARBOR,25015296,2025-12-01 11:32:52
NEW017,2025-11-09,17:20,Verified Data Report,,CSO - UnTreated,2h 20m,3864063,1.92,DAVID ST & RFB,OUTER NEW BEDFORD HARBOR,25015297,2025-12-01 11:33:50
NEW018,2025-11-09,16:30,Verified Data Report,,CSO - UnTreated,4h 19m,1133397,1.92,COVE ST AND E. RODNEY FRENCH BLVD,OUTER NEW BEDFORD HARBOR,25015298,2025-12-01 11:47:54
NEW027,2025-11-09,16:55,Verified Data Report,,CSO - UnTreated,1h 50m,161831,1.01,MILL RD AT ACUSHNET RIVER,ACUSHNET RIVER,25015300,2025-12-01 11:49:40
NEW031,2025-11-09,17:00,Verified Data Report,,CSO - UnTreated,3h 25m,2045852,1.92,CONWAY ST AT BUZZARDS BAY,INNER NEW BEDFORD HARBOR,25015302,2025-12-01 12:24:10
NEW035,2025-11-09,16:10,Verified Data Report,,CSO - UnTreated,2h 40m,463968,1.01,MAXFIELD ST AT BUZZARDS BAY,INNER NEW BEDFORD HARBOR,25015303,2025-12-01 12:25:34
NEW004,2025-11-10,19:05,Public Notification Report,Initial-Ceased,CSO - UnTreated,,,,HURRICAN BARRIER CLARK'S COVE PUMP STATION,CLARK COVE,25015105,2025-11-09 20:53:34
NEW010,2025-11-10,18:00,Public Notification Report,Initial-Ceased,CSO - UnTreated,,,,BELLEVUE ST & RFB,CLARK COVE,25015106,2025-11-09 20:54:44
NEW008,2025-11-10,17:55,Public Notification Report,Initial-Ceased,CSO - UnTreated,,,,CALUMET ST & RFB,CLARK COVE,25015107,2025-11-09 20:55:55
NEW007,2025-11-10,17:40,Public Notification Report,Initial-Ceased,CSO - UnTreated,,,,CAPITAL AND ROD. FRENCH BLVD,CLARK COVE,25015108,2025-11-09 20:57:11
NEW016,2025-11-10,17:35,Public Notification Report,Initial-Ceased,CSO - UnTreated,,,,FREDERICK ST & RFB,OUTER NEW BEDFORD HARBOR,25015109,2025-11-09 20:58:19
NEW006,2025-11-10,17:25,Public Notification Report,Initial-Ceased,CSO - UnTreated,,,,LUCAS STREET & RFB,CLARK COVE,25015110,2025-11-09 20:59:49
NEW017,2025-11-10,17:20,Public Notification Report,Initial-Ceased,CSO - UnTreated,,,,DAVID ST & RFB,OUTER NEW BEDFORD HARBOR,25015111,2025-11-09 21:02:12
NEW005,2025-11-10,17:15,Public Notification Report,Initial-Ceased,CSO - UnTreated,,,,DUDLEY & RFB,CLARK COVE,25015112,2025-11-09 21:03:36
NEW031,2025-11-10,17:00,Public Notification Report,Initial-Ceased,CSO - UnTreated,,,,CONWAY ST AT BUZZARDS BAY,INNER NEW BEDFORD HARBOR,25015113,2025-11-09 21:05:55
NEW027,2025-11-10,16:55,Public Notification Report,Initial-Ceased,CSO - UnTreated,,,,MILL RD AT ACUSHNET RIVER,ACUSHNET RIVER,25015114,2025-11-09 21:07:08
NEW018,2025-11-10,16:30,Public Notification Report,Initial-Ceased,CSO - UnTreated,,,,COVE ST AND E. RODNEY FRENCH BLVD,OUTER NEW BEDFORD HARBOR,25015115,2025-11-09 21:08:28
NEW023,2025-11-10,16:10,Public Notification Report,Initial-Ceased,CSO - UnTreated,,,,COFFIN AVE,ACUSHNET RIVER,25015116,2025-11-09 21:09:53
NEW003,2025-11-10,16:10,Public Notification Report,Initial-Ceased,CSO - UnTreated,,,,COVE RD & PADNARAM AVE,CLARK COVE,25015117,2025-11-09 21:11:07
NEW035,2025-11-10,16:10,Public Notification Report,Initial-Ceased,CSO - UnTreated,,,,MAXFIELD ST AT BUZZARDS BAY,INNER NEW BEDFORD HARBOR,25015118,2025-11-09 21:12:20
NEW004,2025-11-10,19:05,Verified Data Report,,CSO - UnTreated,2h 0m,6600000,0.90,HURRICAN BARRIER CLARK'S COVE PUMP STATION,CLARK COVE,25015290,2025-12-01 11:21:17
NEW023,2025-11-10,16:10,Verified Data Report,,CSO - UnTreated,3h 55m,4525830,1.01,COFFIN AVE,ACUSHNET RIVER,25015299,2025-12-01 11:48:42
NEW031,2025-11-15,22:55,Public Notification Report,Initial-Ceased,CSO - UnTreated,,,,CONWAY ST AT BUZZARDS BAY,INNER NEW BEDFORD HARBOR,25015242,2025-11-16 07:47:28
NEW018,2025-11-15,22:35,Public Notification Report,Initial-Ceased,CSO - UnTreated,,,,COVE ST AND E. RODNEY FRENCH BLVD,OUTER NEW BEDFORD HARBOR,25015243,2025-11-16 07:48:36
NEW003,2025-11-15,22:10,Public Notification Report,Initial-Ceased,CSO - UnTreated,,,,COVE RD & PADNARAM AVE,CLARK COVE,25015244,2025-11-16 07:49:44
NEW023,2025-11-15,21:50,Public Notification Report,Initial-Ceased,CSO - UnTreated,,,,COFFIN AVE,ACUSHNET RIVER,25015245,2025-11-16 07:51:48
NEW035,2025-11-15,21:45,Public Notification Report,Initial-Ceased,CSO - UnTreated,,,,MAXFIELD ST AT BUZZARDS BAY,INNER NEW BEDFORD HARBOR,25015246,2025-11-16 07:52:51
NEW003,2025-11-15,22:10,Verified Data Report,,CSO - UnTreated,6h 5m,940734,0.81,COVE RD & PADNARAM AVE,CLARK COVE,25015304,2025-12-01 12:29:40
NEW018,2025-11-15,22:35,Verified Data Report,,CSO - UnTreated,2h 55m,332915,0.81,COVE ST AND E. RODNEY FRENCH BLVD,OUTER NEW BEDFORD HARBOR,25015305,2025-12-01 12:30:40
NEW023,2025-11-15,21:50,Verified Data Report,,CSO - UnTreated,7h 5m,3459422,0.88,COFFIN AVE,ACUSHNET RIVER,25015306,2025-12-01 12:31:41
NEW031,2025-11-15,22:55,Verified Data Report,,CSO - UnTreated,5h 5m,328342,0.81,CONWAY ST AT BUZZARDS BAY,INNER NEW BEDFORD HARBOR,25015307,2025-12-01 12:36:21
NEW035,2025-11-15,21:45,Verified Data Report,,CSO - UnTreated,5h 45m,184963,0.88,MAXFIELD ST AT BUZZARDS BAY,INNER NEW BEDFORD HARBOR,25015308,2025-12-01 12:37:51
NEW027,2025-11-16,00:20,Public Notification Report,Initial-Ceased,CSO - UnTreated,,,,MILL RD AT ACUSHNET RIVER,ACUSHNET RIVER,25015247,2025-11-16 07:55:37
NEW027,2025-11-16,00:30,Verified Data Report,,CSO - UnTreated,0h 20m,5483,0.88,MILL RD AT ACUSHNET RIVER,ACUSHNET RIVER,25015309,2025-12-01 12:50:59
NEW031,2025-11-22,10:40,Public Notification Report,Initial-Ceased,CSO - UnTreated,,,,CONWAY ST AT BUZZARDS BAY,INNER NEW BEDFORD HARBOR,25015261,2025-11-22 16:38:20
NEW003,2025-11-22,09:40,Public Notification Report,Initial-Ceased,CSO - UnTreated,,,,COVE RD & PADNARAM AVE,CLARK COVE,25015262,2025-11-22 16:39:31
NEW035,2025-11-22,09:30,Public Notification Report,Initial-Ceased,CSO - UnTreated,,,,MAXFIELD ST AT BUZZARDS BAY,INNER NEW BEDFORD HARBOR,25015263,2025-11-22 16:40:40
NEW023,2025-11-22,07:50,Public Notification Report,Initial-Ceased,CSO - UnTreated,,,,COFFIN AVE,ACUSHNET RIVER,25015264,2025-11-22 16:41:43
NEW003,2025-11-22,09:40,Verified Data Report,,CSO - UnTreated,2h 0m,196653,0.26,COVE RD & PADNARAM AVE,CLARK COVE,25015310,2025-12-01 12:52:10
NEW023,2025-11-22,07:50,Verified Data Report,,CSO - UnTreated,4h 55m,1806273,0.42,COFFIN AVE,ACUSHNET RIVER,25015311,2025-12-01 12:53:20
NEW031,2025-11-22,10:40,Verified Data Report,,CSO - UnTreated,0h 45m,5008,0.26,CONWAY ST AT BUZZARDS BAY,INNER NEW BEDFORD HARBOR,25015312,2025-12-01 12:54:21
NEW035,2025-11-22,09:30,Verified Data Report,,CSO - UnTreated,1h 25m,20247,0.42,MAXFIELD ST AT BUZZARDS BAY,INNER NEW BEDFORD HARBOR,25015313,2025-12-01 12:55:18
NEW035,2025-11-30,19:15,Public Notification Report,Initial-Ceased,CSO - UnTreated,,,,MAXFIELD ST AT BUZZARDS BAY,INNER NEW BEDFORD HARBOR,25015269,2025-11-30 22:23:32
NEW023,2025-11-30,16:05,Public Notification Report,Initial-Ceased,CSO - UnTreated,,,,COFFIN AVE,ACUSHNET RIVER,25015270,2025-11-30 22:24:44
NEW003,2025-11-30,19:25,Public Notification Report,Initial-Ceased,CSO - UnTreated,,,,COVE RD & PADNARAM AVE,CLARK COVE,25015271,2025-11-30 22:25:50
NEW018,2025-11-30,19:35,Public Notification Report,Initial-Ceased,CSO - UnTreated,,,,COVE ST AND E. RODNEY FRENCH BLVD,OUTER NEW BEDFORD HARBOR,25015272,2025-11-30 22:26:53
NEW031,2025-11-30,19:55,Public Notification Report,Initial-Ceased,CSO - UnTreated,,,,CONWAY ST AT BUZZARDS BAY,INNER NEW BEDFORD HARBOR,25015273,2025-11-30 22:28:01
NEW017,2025-11-30,20:15,Public Notification Report,Initial-Ceased,CSO - UnTreated,,,,DAVID ST & RFB,OUTER NEW BEDFORD HARBOR,25015274,2025-11-30 22:29:05
NEW027,2025-11-30,21:20,Public Notification Report,Initial-Ceased,CSO - UnTreated,,,,MILL RD AT ACUSHNET RIVER,ACUSHNET RIVER,25015275,2025-11-30 22:30:16
NEW006,2025-11-30,22:00,Public Notification Report,Initial-Ceased,CSO - UnTreated,,,,LUCAS STREET & RFB,CLARK COVE,25015276,2025-11-30 22:31:18
NEW003,2025-11-30,19:25,Verified Data Report,,CSO - UnTreated,3h 30m,965953,1.11,COVE RD & PADNARAM AVE,CLARK COVE,25015314,2025-12-01 12:59:14
NEW006,2025-11-30,22:00,Verified Data Report,,CSO - UnTreated,1h 4m,94142,1.11,LUCAS STREET & RFB,CLARK COVE,25015315,2025-12-01 13:00:42
NEW017,2025-11-30,20:15,Verified Data Report,,CSO - UnTreated,2h 35m,1198573,1.11,DAVID ST & RFB,OUTER NEW BEDFORD HARBOR,25015316,2025-12-01 13:01:45
NEW018,2025-11-30,19:35,Verified Data Report,,CSO - UnTreated,3h 45m,1009536,1.11,COVE ST AND E. RODNEY FRENCH BLVD,OUTER NEW BEDFORD HARBOR,25015317,2025-12-01 13:07:26
NEW023,2025-11-30,16:05,Verified Data Report,,CSO - UnTreated,8h 0m,4155798,1.02,COFFIN AVE,ACUSHNET RIVER,25015318,2025-12-01 13:08:54
NEW027,2025-11-30,21:20,Verified Data Report,,CSO - UnTreated,1h 10m,91109,1.02,MILL RD AT ACUSHNET RIVER,ACUSHNET RIVER,25015319,2025-12-01 13:10:14
NEW031,2025-11-30,19:55,Verified Data Report,,CSO - UnTreated,3h 45m,829444,1.11,CONWAY ST AT BUZZARDS BAY,INNER NEW BEDFORD HARBOR,25015320,2025-12-01 13:10:57
NEW035,2025-11-30,19:15,Verified Data Report,,CSO - UnTreated,3h 15m,303012,1.02,MAXFIELD ST AT BUZZARDS BAY,INNER NEW BEDFORD HARBOR,25015321,2025-12-01 13:11:58
NEW003,2025-12-02,12:40,Public Notification Report,Initial-Ceased,CSO - UnTreated,,,,COVE RD & PADNARAM AVE,CLARK COVE,25015358,2025-12-02 20:23:38
NEW023,2025-12-02,12:40,Public Notification Report,Initial-Ceased,CSO - UnTreated,,,,COFFIN AVE,ACUSHNET RIVER,25015359,2025-12-02 20:25:05
NEW035,2025-12-02,12:45,Public Notification Report,Initial-Ceased,CSO - UnTreated,,,,MAXFIELD ST AT BUZZARDS BAY,INNER NEW BEDFORD HARBOR,25015360,2025-12-02 20:26:40
NEW031,2025-12-02,14:30,Public Notification Report,Initial-Ceased,CSO - UnTreated,,,,CONWAY ST AT BUZZARDS BAY,INNER NEW BEDFORD HARBOR,25015361,2025-12-02 20:28:12
NEW018,2025-12-02,16:55,Public Notification Report,Initial-Ceased,CSO - UnTreated,,,,COVE ST AND E. RODNEY FRENCH BLVD,OUTER NEW BEDFORD HARBOR,25015362,2025-12-02 20:29:40
NEW027,2025-12-02,17:00,Public Notification Report,Initial-Ceased,CSO - UnTreated,,,,MILL RD AT ACUSHNET RIVER,ACUSHNET RIVER,25015363,2025-12-02 20:30:46
NEW003,2025-12-02,12:40,Verified Data Report,,CSO - UnTreated,8h 30m,1176737,0.87,COVE RD & PADNARAM AVE,CLARK COVE,26015573,2026-01-16 08:23:24
NEW018,2025-12-02,16:55,Verified Data Report,,CSO - UnTreated,3h 30m,396274,0.87,COVE ST AND E. RODNEY FRENCH BLVD,OUTER NEW BEDFORD HARBOR,26015574,2026-01-16 08:24:05
NEW023,2025-12-02,12:40,Verified Data Report,,CSO - UnTreated,8h 45m,4462436,0.91,COFFIN AVE,ACUSHNET RIVER,26015575,2026-01-16 08:24:49
NEW027,2025-12-02,17:00,Verified Data Report,,CSO - UnTreated,0h 20m,2017,0.91,MILL RD AT ACUSHNET RIVER,ACUSHNET RIVER,26015576,2026-01-16 08:26:15
NEW031,2025-12-02,14:30,Verified Data Report,,CSO - UnTreated,6h 25m,310918,0.87,CONWAY ST AT BUZZARDS BAY,INNER NEW BEDFORD HARBOR,26015577,2026-01-16 08:27:35
NEW035,2025-12-02,12:45,Verified Data Report,,CSO - UnTreated,7h 40m,125083,0.91,MAXFIELD ST AT BUZZARDS BAY,INNER NEW BEDFORD HARBOR,26015578,2026-01-16 08:28:27
NEW031,2025-12-19,13:35,Public Notification Report,Initial-Ceased,CSO - UnTreated,,,,CONWAY ST AT BUZZARDS BAY,INNER NEW BEDFORD HARBOR,25015450,2025-12-19 21:09:24
NEW027,2025-12-19,13:35,Public Notification Report,Initial-Ceased,CSO - UnTreated,,,,MILL RD AT ACUSHNET RIVER,ACUSHNET RIVER,25015451,2025-12-19 21:10:50
NEW018,2025-12-19,13:25,Public Notification Report,Initial-Ceased,CSO - UnTreated,,,,COVE ST AND E. RODNEY FRENCH BLVD,OUTER NEW BEDFORD HARBOR,25015452,2025-12-19 21:12:06
NEW035,2025-12-19,13:00,Public Notification Report,Initial-Ceased,CSO - UnTreated,,,,MAXFIELD ST AT BUZZARDS BAY,INNER NEW BEDFORD HARBOR,25015453,2025-12-19 21:13:14
NEW003,2025-12-19,23:55,Public Notification Report,Initial-Ceased,CSO - UnTreated,,,,COVE RD & PADNARAM AVE,CLARK COVE,25015454,2025-12-19 21:14:39
NEW023,2025-12-19,11:00,Public Notification Report,Initial-Ceased,CSO - UnTreated,,,,COFFIN AVE,ACUSHNET RIVER,25015455,2025-12-19 21:15:56
NEW003,2025-12-19,19:25,Public Notification Report,Initial-Ceased,CSO - UnTreated,,,,COVE RD & PADNARAM AVE,CLARK COVE,25015456,2025-12-20 08:34:40
NEW003,2025-12-19,19:25,Verified Data Report,,CSO - UnTreated,3h 45m,345423,0.18,COVE RD & PADNARAM AVE,CLARK COVE,26015579,2026-01-16 08:29:14
NEW003,2025-12-19,19:25,Verified Data Report,,CSO - UnTreated,0h 40m,66930,0.18,COVE RD & PADNARAM AVE,CLARK COVE,26015580,2026-01-16 08:29:41
NEW018,2025-12-19,13:25,Verified Data Report,,CSO - UnTreated,0h 45m,120108,0.18,COVE ST AND E. RODNEY FRENCH BLVD,OUTER NEW BEDFORD HARBOR,26015581,2026-01-16 08:30:23
NEW023,2025-12-19,11:00,Verified Data Report,,CSO - UnTreated,11h 30m,2082607,0.59,COFFIN AVE,ACUSHNET RIVER,26015582,2026-01-16 08:31:45
NEW027,2025-12-19,13:35,Verified Data Report,,CSO - UnTreated,0h 15m,4109,0.59,MILL RD AT ACUSHNET RIVER,ACUSHNET RIVER,26015583,2026-01-16 08:32:24
NEW031,2025-12-19,13:35,Verified Data Report,,CSO - UnTreated,1h 15m,139460,0.18,CONWAY ST AT BUZZARDS BAY,INNER NEW BEDFORD HARBOR,26015584,2026-01-16 08:33:04
NEW035,2025-12-19,13:00,Verified Data Report,,CSO - UnTreated,0h 55m,104315,0.59,MAXFIELD ST AT BUZZARDS BAY,INNER NEW BEDFORD HARBOR,26015585,2026-01-16 08:33:38
NEW023,2025-12-21,10:25,Public Notification Report,Initial-Ceased,CSO - UnTreated,,,,COFFIN AVE,ACUSHNET RIVER,25015457,2025-12-21 17:42:10
NEW023,2025-12-21,10:25,Verified Data Report,,CSO - UnTreated,1h 20m,164,0.00,COFFIN AVE,ACUSHNET RIVER,26015586,2026-01-16 08:34:19
NEW023,2025-12-23,21:55,Public Notification Report,Initial-Ceased,CSO - UnTreated,,,,COFFIN AVE,ACUSHNET RIVER,25015479,2025-12-24 07:09:48
NEW023,2025-12-23,21:55,Verified Data Report,,CSO - UnTreated,2h 40m,259201,0.16,COFFIN AVE,ACUSHNET RIVER,26015587,2026-01-16 08:34:53
NEW023,2025-12-29,01:10,Public Notification Report,Initial-Ceased,CSO - UnTreated,,,,COFFIN AVE,ACUSHNET RIVER,25015481,2025-12-29 13:55:47
NEW003,2025-12-29,01:15,Public Notification Report,Initial-Ceased,CSO - UnTreated,,,,COVE RD & PADNARAM AVE,CLARK COVE,25015482,2025-12-29 13:56:30
NEW023,2025-12-29,14:45,Public Notification Report,Initial-Ceased,CSO - UnTreated,,,,COFFIN AVE,ACUSHNET RIVER,25015485,2025-12-29 19:28:02
NEW035,2025-12-29,14:55,Public Notification Report,Initial-Ceased,CSO - UnTreated,,,,MAXFIELD ST AT BUZZARDS BAY,INNER NEW BEDFORD HARBOR,25015486,2025-12-29 19:29:22
NEW003,2025-12-29,15:00,Public Notification Report,Initial-Ceased,CSO - UnTreated,,,,COVE RD & PADNARAM AVE,CLARK COVE,25015487,2025-12-29 19:30:47
NEW018,2025-12-29,16:05,Public Notification Report,Initial-Ceased,CSO - UnTreated,,,,COVE ST AND E. RODNEY FRENCH BLVD,OUTER NEW BEDFORD HARBOR,25015488,2025-12-29 19:32:07
NEW031,2025-12-29,16:15,Public Notification Report,Initial-Ceased,CSO - UnTreated,,,,CONWAY ST AT BUZZARDS BAY,INNER NEW BEDFORD HARBOR,25015489,2025-12-29 19:33:12
NEW003,2025-12-29,01:15,Verified Data Report,,CSO - UnTreated,4h 45m,338518,0.72,COVE RD & PADNARAM AVE,CLARK COVE,26015588,2026-01-16 08:35:33
NEW003,2025-12-29,01:15,Verified Data Report,,CSO - UnTreated,2h 15m,315742,0.72,COVE RD & PADNARAM AVE,CLARK COVE,26015589,2026-01-16 08:36:01
NEW018,2025-12-29,16:05,Verified Data Report,,CSO - UnTreated,0h 10m,4985,0.72,COVE ST AND E. RODNEY FRENCH BLVD,OUTER NEW BEDFORD HARBOR,26015590,2026-01-16 08:36:38
NEW023,2025-12-29,14:45,Verified Data Report,,CSO - UnTreated,7h 5m,3238310,0.87,COFFIN AVE,ACUSHNET RIVER,26015591,2026-01-16 08:37:19
NEW023,2025-12-29,14:45,Verified Data Report,,CSO - UnTreated,3h 35m,2319121,0.87,COFFIN AVE,ACUSHNET RIVER,26015592,2026-01-16 08:37:48
NEW031,2025-12-29,16:15,Verified Data Report,,CSO - UnTreated,1h 10m,55886,0.72,CONWAY ST AT BUZZARDS BAY,INNER NEW BEDFORD HARBOR,26015593,2026-01-16 08:38:28
NEW035,2025-12-29,14:55,Verified Data Report,,CSO - UnTreated,1h 50m,43810,0.87,MAXFIELD ST AT BUZZARDS BAY,INNER NEW BEDFORD HARBOR,26015594,2026-01-16 08:38:55
NEW023,2026-01-07,06:00,Public Notification Report,Initial-Ceased,CSO - UnTreated,,,,COFFIN AVE,ACUSHNET RIVER,26015509,2026-01-07 16:59:00
NEW023,2026-01-07,06:00,Verified Data Report,,CSO - UnTreated,0h 10m,1449,0.10,COFFIN AVE,ACUSHNET RIVER,26015625,2026-02-11 12:55:25
NEW023,2026-01-09,22:20,Public Notification Report,Initial-Ceased,CSO - UnTreated,,,,COFFIN AVE,ACUSHNET RIVER,26015542,2026-01-10 08:08:41
NEW023,2026-01-09,22:20,Verified Data Report,,CSO - UnTreated,0h 5m,93,0.89,COFFIN AVE,ACUSHNET RIVER,26015626,2026-02-11 12:56:29
NEW018,2026-01-10,23:05,Public Notification Report,Initial-Ceased,CSO - UnTreated,,,,COVE ST AND E. RODNEY FRENCH BLVD,OUTER NEW BEDFORD HARBOR,26015544,2026-01-11 09:51:11
NEW031,2026-01-10,21:40,Public Notification Report,Initial-Ceased,CSO - UnTreated,,,,CONWAY ST AT BUZZARDS BAY,INNER NEW BEDFORD HARBOR,26015545,2026-01-11 09:52:21
NEW035,2026-01-10,20:55,Public Notification Report,Initial-Ceased,CSO - UnTreated,,,,MAXFIELD ST AT BUZZARDS BAY,INNER NEW BEDFORD HARBOR,26015546,2026-01-11 09:53:30
NEW003,2026-01-10,20:00,Public Notification Report,Initial-Ceased,CSO - UnTreated,,,,COVE RD & PADNARAM AVE,CLARK COVE,26015547,2026-01-11 09:54:30
NEW023,2026-01-10,19:30,Public Notification Report,Initial-Ceased,CSO - UnTreated,,,,COFFIN AVE,ACUSHNET RIVER,26015548,2026-01-11 09:55:38
NEW003,2026-01-10,20:00,Verified Data Report,,CSO - UnTreated,8h 20m,801447,0.84,COVE RD & PADNARAM AVE,CLARK COVE,26015627,2026-02-11 12:57:56
NEW018,2026-01-10,23:05,Verified Data Report,,CSO - UnTreated,0h 10m,1235,0.84,COVE ST AND E. RODNEY FRENCH BLVD,OUTER NEW BEDFORD HARBOR,26015628,2026-02-11 12:58:55
NEW023,2026-01-10,19:30,Verified Data Report,,CSO - UnTreated,9h 5m,2638292,0.89,COFFIN AVE,ACUSHNET RIVER,26015629,2026-02-11 12:59:41
NEW031,2026-01-10,21:40,Verified Data Report,,CSO - UnTreated,2h 55m,134368,0.84,CONWAY ST AT BUZZARDS BAY,INNER NEW BEDFORD HARBOR,26015630,2026-02-11 13:00:41
NEW035,2026-01-10,20:55,Verified Data Report,,CSO - UnTreated,6h 50m,114584,0.89,MAXFIELD ST AT BUZZARDS BAY,INNER NEW BEDFORD HARBOR,26015631,2026-02-11 13:02:16
NEW003,2026-02-18,15:55,Public Notification Report,Initial-Ceased,CSO - UnTreated,,,,COVE RD & PADNARAM AVE,CLARK COVE,26015635,2026-02-18 21:31:38
NEW023,2026-02-18,15:30,Public Notification Report,Initial-Ceased,CSO - UnTreated,,,,COFFIN AVE,ACUSHNET RIVER,26015636,2026-02-18 21:32:52
NEW003,2026-02-18,15:55,Verified Data Report,,CSO - UnTreated,1h 15m,120775,0.13,COVE RD & PADNARAM AVE,CLARK COVE,26015717,2026-03-13 15:41:33
NEW023,2026-02-18,15:30,Verified Data Report,,CSO - UnTreated,2h 55m,243591,0.23,COFFIN AVE,ACUSHNET RIVER,26015718,2026-03-13 15:42:51
NEW035,2026-02-20,18:00,Public Notification Report,Initial-Ceased,CSO - UnTreated,,,,MAXFIELD ST AT BUZZARDS BAY,INNER NEW BEDFORD HARBOR,26015640,2026-02-20 22:24:14
NEW003,2026-02-20,16:35,Public Notification Report,Initial-Ceased,CSO - UnTreated,,,,COVE RD & PADNARAM AVE,CLARK COVE,26015641,2026-02-20 22:25:20
NEW023,2026-02-20,16:30,Public Notification Report,Initial-Ceased,CSO - UnTreated,,,,COFFIN AVE,ACUSHNET RIVER,26015642,2026-02-20 22:26:22
NEW003,2026-02-20,16:35,Verified Data Report,,CSO - UnTreated,5h 5m,565027,0.51,COVE RD & PADNARAM AVE,CLARK COVE,26015719,2026-03-13 15:44:12
NEW023,2026-02-20,16:30,Verified Data Report,,CSO - UnTreated,7h 20m,3160490,0.53,COFFIN AVE,ACUSHNET RIVER,26015720,2026-03-13 15:45:35
NEW035,2026-02-20,18:00,Verified Data Report,,CSO - UnTreated,3h 10m,55700,0.53,MAXFIELD ST AT BUZZARDS BAY,INNER NEW BEDFORD HARBOR,26015721,2026-03-13 15:46:12
NEW023,2026-02-21,10:15,Public Notification Report,Initial-Ceased,CSO - UnTreated,,,,COFFIN AVE,ACUSHNET RIVER,26015646,2026-02-22 07:52:47
NEW023,2026-02-21,10:15,Verified Data Report,,CSO - UnTreated,6h 0m,4309,0.53,COFFIN AVE,ACUSHNET RIVER,26015722,2026-03-13 15:49:38
NEW023,2026-02-22,10:15,Public Notification Report,Initial-Ceased,CSO - UnTreated,,,,COFFIN AVE,ACUSHNET RIVER,26015647,2026-02-22 21:22:18
NEW023,2026-02-22,10:15,Verified Data Report,,CSO - UnTreated,13h 45m,35073,0.00,COFFIN AVE,ACUSHNET RIVER,26015723,2026-03-13 15:53:51
NEW023,2026-02-24,09:05,Verified Data Report,,CSO - UnTreated,1h 40m,30400,0.11,COFFIN AVE,ACUSHNET RIVER,26015724,2026-03-13 15:59:41
NEW023,2026-02-26,14:40,Verified Data Report,,CSO - UnTreated,2h 9m,8664,0.00,COFFIN AVE,ACUSHNET RIVER,26015725,2026-03-13 16:00:58
NEW018,2026-03-01,13:40,Public Notification Report,Initial-Ceased,CSO - UnTreated,,,,COVE ST AND E. RODNEY FRENCH BLVD,OUTER NEW BEDFORD HARBOR,26015648,2026-03-01 17:09:38
NEW018,2026-03-01,13:40,Verified Data Report,,CSO - UnTreated,0h 10m,341,0.10,COVE ST AND E. RODNEY FRENCH BLVD,OUTER NEW BEDFORD HARBOR,26015931,2026-04-14 16:51:10
NEW018,2026-03-02,11:40,Public Notification Report,Initial-Ceased,CSO - UnTreated,,,,COVE ST AND E. RODNEY FRENCH BLVD,OUTER NEW BEDFORD HARBOR,26015650,2026-03-02 14:52:21
NEW018,2026-03-02,11:40,Verified Data Report,,CSO - UnTreated,0h 10m,85089,0.00,COVE ST AND E. RODNEY FRENCH BLVD,OUTER NEW BEDFORD HARBOR,26015950,2026-04-15 12:46:23
NEW003,2026-03-03,19:00,Public Notification Report,Initial-Ceased,CSO - UnTreated,,,,COVE RD & PADNARAM AVE,CLARK COVE,26015659,2026-03-04 07:03:38
NEW023,2026-03-03,18:00,Public Notification Report,Initial-Ceased,CSO - UnTreated,,,,COFFIN AVE,ACUSHNET RIVER,26015660,2026-03-04 07:04:37
NEW003,2026-03-03,19:00,Verified Data Report,,CSO - UnTreated,1h 20m,12139,0.60,COVE RD & PADNARAM AVE,CLARK COVE,26015951,2026-04-15 12:48:32
NEW023,2026-03-03,18:00,Verified Data Report,,CSO - UnTreated,11h 10m,3276734,0.62,COFFIN AVE,ACUSHNET RIVER,26015952,2026-04-15 12:49:30
NEW003,2026-03-04,01:50,Public Notification Report,Initial-Ceased,CSO - UnTreated,,,,COVE RD & PADNARAM AVE,CLARK COVE,26015661,2026-03-04 07:08:18
NEW023,2026-03-04,09:45,Public Notification Report,Initial-Ceased,CSO - UnTreated,,,,COFFIN AVE,ACUSHNET RIVER,26015663,2026-03-04 11:21:38
NEW003,2026-03-04,01:50,Verified Data Report,,CSO - UnTreated,2h 30m,243215,0.60,COVE RD & PADNARAM AVE,CLARK COVE,26015953,2026-04-15 12:50:21
NEW023,2026-03-04,09:45,Verified Data Report,,CSO - UnTreated,0h 15m,488,0.62,COFFIN AVE,ACUSHNET RIVER,26015954,2026-04-15 12:55:52
NEW018,2026-03-05,23:30,Public Notification Report,Initial-Ceased,CSO - UnTreated,,,,COVE ST AND E. RODNEY FRENCH BLVD,OUTER NEW BEDFORD HARBOR,26015700,2026-03-11 15:00:46
NEW018,2026-03-05,23:30,Verified Data Report,,CSO - UnTreated,5h 10m,1341657,1.06,COVE ST AND E. RODNEY FRENCH BLVD,OUTER NEW BEDFORD HARBOR,26015955,2026-04-15 13:01:55
NEW003,2026-03-05,21:00,Verified Data Report,,CSO - UnTreated,10h 35m,2151005,1.06,COVE RD & PADNARAM AVE,CLARK COVE,26015956,2026-04-15 13:04:46
NEW023,2026-03-05,20:30,Verified Data Report,,CSO - UnTreated,35h 45m,9072214,1.15,COFFIN AVE,ACUSHNET RIVER,26015957,2026-04-15 13:07:07
NEW027,2026-03-05,23:30,Verified Data Report,,CSO - UnTreated,4h 34m,90334,1.15,MILL RD AT ACUSHNET RIVER,ACUSHNET RIVER,26015958,2026-04-15 13:07:59
NEW031,2026-03-05,22:50,Verified Data Report,,CSO - UnTreated,8h 39m,1277320,1.06,CONWAY ST AT BUZZARDS BAY,INNER NEW BEDFORD HARBOR,26015959,2026-04-15 13:11:10
NEW035,2026-03-05,21:30,Verified Data Report,,CSO - UnTreated,9h 5m,342419,1.15,MAXFIELD ST AT BUZZARDS BAY,INNER NEW BEDFORD HARBOR,26015960,2026-04-15 13:12:05
NEW027,2026-03-06,23:30,Public Notification Report,Initial-Ceased,CSO - UnTreated,,,,MILL RD AT ACUSHNET RIVER,ACUSHNET RIVER,26015677,2026-03-06 10:08:51
NEW031,2026-03-06,22:50,Public Notification Report,Initial-Ceased,CSO - UnTreated,,,,CONWAY ST AT BUZZARDS BAY,INNER NEW BEDFORD HARBOR,26015678,2026-03-06 10:09:40
NEW035,2026-03-06,21:30,Public Notification Report,Initial-Ceased,CSO - UnTreated,,,,MAXFIELD ST AT BUZZARDS BAY,INNER NEW BEDFORD HARBOR,26015679,2026-03-06 10:11:23
NEW003,2026-03-06,21:00,Public Notification Report,Initial-Ceased,CSO - UnTreated,,,,COVE RD & PADNARAM AVE,CLARK COVE,26015680,2026-03-06 10:12:17
NEW023,2026-03-06,20:30,Public Notification Report,Initial-Ongoing,CSO - UnTreated,,,,COFFIN AVE,ACUSHNET RIVER,26015681,2026-03-06 10:13:12
NEW023,2026-03-07,22:10,Public Notification Report,Initial-Ceased,CSO - UnTreated,,,,COFFIN AVE,ACUSHNET RIVER,26015687,2026-03-08 18:24:00
NEW023,2026-03-07,22:10,Verified Data Report,,CSO - UnTreated,1h 10m,3033,1.15,COFFIN AVE,ACUSHNET RIVER,26015961,2026-04-15 13:12:52
NEW003,2026-03-08,13:25,Public Notification Report,Initial-Ceased,CSO - UnTreated,,,,COVE RD & PADNARAM AVE,CLARK COVE,26015688,2026-03-08 18:29:02
NEW023,2026-03-08,09:00,Public Notification Report,Initial-Ceased,CSO - UnTreated,,,,COFFIN AVE,ACUSHNET RIVER,26015689,2026-03-08 18:30:13
NEW023,2026-03-08,09:00,Verified Data Report,,CSO - UnTreated,1h 45m,44871,1.15,COFFIN AVE,ACUSHNET RIVER,26015962,2026-04-15 13:13:47
NEW003,2026-03-08,13:25,Verified Data Report,,CSO - UnTreated,2h 15m,5916,0.00,COVE RD & PADNARAM AVE,CLARK COVE,26015963,2026-04-15 13:14:36
NEW003,2026-03-12,02:55,Public Notification Report,Initial-Ceased,CSO - UnTreated,,,,COVE RD & PADNARAM AVE,CLARK COVE,26015711,2026-03-12 14:28:30
NEW023,2026-03-12,02:45,Public Notification Report,Initial-Ceased,CSO - UnTreated,,,,COFFIN AVE,ACUSHNET RIVER,26015712,2026-03-12 14:29:40
NEW035,2026-03-12,02:45,Public Notification Report,Initial-Ceased,CSO - UnTreated,,,,MAXFIELD ST AT BUZZARDS BAY,INNER NEW BEDFORD HARBOR,26015713,2026-03-12 14:30:42
NEW003,2026-03-12,02:55,Verified Data Report,,CSO - UnTreated,1h 15m,107127,0.10,COVE RD & PADNARAM AVE,CLARK COVE,26015964,2026-04-15 13:15:21
NEW023,2026-03-12,02:45,Verified Data Report,,CSO - UnTreated,37h 25m,5616917,0.13,COFFIN AVE,ACUSHNET RIVER,26015965,2026-04-15 13:16:36
NEW035,2026-03-12,02:45,Verified Data Report,,CSO - UnTreated,0h 5m,562,0.13,MAXFIELD ST AT BUZZARDS BAY,INNER NEW BEDFORD HARBOR,26015966,2026-04-15 13:17:40
NEW017,2026-03-16,11:40,Public Notification Report,Initial-Ceased,CSO - UnTreated,,,,DAVID ST & RFB,OUTER NEW BEDFORD HARBOR,26015743,2026-03-16 14:23:00
NEW031,2026-03-16,07:45,Public Notification Report,Initial-Ceased,CSO - UnTreated,,,,CONWAY ST AT BUZZARDS BAY,INNER NEW BEDFORD HARBOR,26015744,2026-03-16 14:23:59
NEW027,2026-03-16,07:35,Public Notification Report,Initial-Ceased,CSO - UnTreated,,,,MILL RD AT ACUSHNET RIVER,ACUSHNET RIVER,26015745,2026-03-16 14:24:41
NEW003,2026-03-16,07:15,Public Notification Report,Initial-Ceased,CSO - UnTreated,,,,COVE RD & PADNARAM AVE,CLARK COVE,26015747,2026-03-16 14:26:12
NEW035,2026-03-16,07:15,Public Notification Report,Initial-Ceased,CSO - UnTreated,,,,MAXFIELD ST AT BUZZARDS BAY,INNER NEW BEDFORD HARBOR,26015748,2026-03-16 14:26:58
NEW023,2026-03-16,06:30,Public Notification Report,Initial-Ceased,CSO - UnTreated,,,,COFFIN AVE,ACUSHNET RIVER,26015749,2026-03-16 14:27:46
NEW031,2026-03-16,06:55,Public Notification Report,Initial-Ceased,CSO - UnTreated,,,,CONWAY ST AT BUZZARDS BAY,INNER NEW BEDFORD HARBOR,26015755,2026-03-17 07:18:51
NEW018,2026-03-16,06:30,Public Notification Report,Initial-Ceased,CSO - UnTreated,,,,COVE ST AND E. RODNEY FRENCH BLVD,OUTER NEW BEDFORD HARBOR,26015756,2026-03-17 07:19:50
NEW003,2026-03-16,18:20,Public Notification Report,Initial-Ceased,CSO - UnTreated,,,,COVE RD & PADNARAM AVE,CLARK COVE,26015757,2026-03-17 07:21:36
NEW023,2026-03-16,18:20,Public Notification Report,Initial-Ceased,CSO - UnTreated,,,,COFFIN AVE,ACUSHNET RIVER,26015758,2026-03-17 07:22:27
NEW035,2026-03-16,18:15,Public Notification Report,Initial-Ceased,CSO - UnTreated,,,,MAXFIELD ST AT BUZZARDS BAY,INNER NEW BEDFORD HARBOR,26015759,2026-03-17 07:23:21
NEW031,2026-03-16,18:55,Public Notification Report,Initial-Ceased,CSO - UnTreated,,,,CONWAY ST AT BUZZARDS BAY,INNER NEW BEDFORD HARBOR,26015760,2026-03-17 07:27:01
NEW018,2026-03-16,18:30,Public Notification Report,Initial-Ceased,CSO - UnTreated,,,,COVE ST AND E. RODNEY FRENCH BLVD,OUTER NEW BEDFORD HARBOR,26015761,2026-03-17 07:28:30
NEW003,2026-03-16,18:20,Verified Data Report,,CSO - UnTreated,4h 55m,910380,1.15,COVE RD & PADNARAM AVE,CLARK COVE,26015967,2026-04-15 13:18:37
NEW003,2026-03-16,18:20,Verified Data Report,,CSO - UnTreated,8h 20m,1430667,1.15,COVE RD & PADNARAM AVE,CLARK COVE,26015968,2026-04-15 13:19:03
NEW017,2026-03-16,11:40,Verified Data Report,,CSO - UnTreated,0h 5m,444,1.15,DAVID ST & RFB,OUTER NEW BEDFORD HARBOR,26015969,2026-04-15 13:20:30
NEW018,2026-03-16,18:30,Verified Data Report,,CSO - UnTreated,4h 40m,318208,1.15,COVE ST AND E. RODNEY FRENCH BLVD,OUTER NEW BEDFORD HARBOR,26015970,2026-04-15 13:22:16
NEW018,2026-03-16,18:30,Verified Data Report,,CSO - UnTreated,5h 25m,1132896,1.15,COVE ST AND E. RODNEY FRENCH BLVD,OUTER NEW BEDFORD HARBOR,26015971,2026-04-15 13:31:35
NEW023,2026-03-16,06:30,Verified Data Report,,CSO - UnTreated,6h 10m,3353256,1.40,COFFIN AVE,ACUSHNET RIVER,26015972,2026-04-15 13:32:22
NEW023,2026-03-16,06:30,Verified Data Report,,CSO - UnTreated,8h 0m,4569205,1.40,COFFIN AVE,ACUSHNET RIVER,26015973,2026-04-15 13:34:55
NEW027,2026-03-16,07:35,Verified Data Report,,CSO - UnTreated,4h 30m,116065,1.40,MILL RD AT ACUSHNET RIVER,ACUSHNET RIVER,26015974,2026-04-15 13:37:35
NEW031,2026-03-16,06:55,Verified Data Report,,CSO - UnTreated,5h 10m,492492,1.15,CONWAY ST AT BUZZARDS BAY,INNER NEW BEDFORD HARBOR,26015975,2026-04-15 13:39:13
NEW031,2026-03-16,06:55,Verified Data Report,,CSO - UnTreated,5h 40m,912314,1.15,CONWAY ST AT BUZZARDS BAY,INNER NEW BEDFORD HARBOR,26015976,2026-04-15 13:41:19
NEW035,2026-03-16,07:15,Verified Data Report,,CSO - UnTreated,4h 40m,226466,1.40,MAXFIELD ST AT BUZZARDS BAY,INNER NEW BEDFORD HARBOR,26015977,2026-04-15 13:42:16
NEW035,2026-03-16,07:15,Verified Data Report,,CSO - UnTreated,7h 20m,344374,1.40,MAXFIELD ST AT BUZZARDS BAY,INNER NEW BEDFORD HARBOR,26015978,2026-04-15 13:43:33
NEW003,2026-03-20,22:15,Public Notification Report,Initial-Ceased,CSO - UnTreated,,,,COVE RD & PADNARAM AVE,CLARK COVE,26015781,2026-03-21 07:40:44
NEW023,2026-03-20,22:05,Public Notification Report,Initial-Ceased,CSO - UnTreated,,,,COFFIN AVE,ACUSHNET RIVER,26015782,2026-03-21 07:42:23
NEW035,2026-03-20,21:55,Public Notification Report,Initial-Ceased,CSO - UnTreated,,,,MAXFIELD ST AT BUZZARDS BAY,INNER NEW BEDFORD HARBOR,26015783,2026-03-21 07:49:38
NEW003,2026-03-20,22:15,Verified Data Report,,CSO - UnTreated,4h 19m,348003,0.26,COVE RD & PADNARAM AVE,CLARK COVE,26015979,2026-04-15 13:44:24
NEW023,2026-03-20,22:05,Verified Data Report,,CSO - UnTreated,2h 25m,1693481,0.29,COFFIN AVE,ACUSHNET RIVER,26015980,2026-04-15 13:45:10
NEW035,2026-03-20,21:55,Verified Data Report,,CSO - UnTreated,1h 50m,28564,0.29,MAXFIELD ST AT BUZZARDS BAY,INNER NEW BEDFORD HARBOR,26015981,2026-04-15 13:46:40
NEW031,2026-03-22,19:55,Public Notification Report,Initial-Ceased,CSO - UnTreated,,,,CONWAY ST AT BUZZARDS BAY,INNER NEW BEDFORD HARBOR,26015784,2026-03-22 20:52:28
NEW027,2026-03-22,19:50,Public Notification Report,Initial-Ceased,CSO - UnTreated,,,,MILL RD AT ACUSHNET RIVER,ACUSHNET RIVER,26015785,2026-03-22 20:54:14
NEW031,2026-03-22,15:45,Public Notification Report,Initial-Ceased,CSO - UnTreated,,,,CONWAY ST AT BUZZARDS BAY,INNER NEW BEDFORD HARBOR,26015786,2026-03-22 20:56:15
NEW018,2026-03-22,15:10,Public Notification Report,Initial-Ceased,CSO - UnTreated,,,,COVE ST AND E. RODNEY FRENCH BLVD,OUTER NEW BEDFORD HARBOR,26015787,2026-03-22 20:57:37
NEW003,2026-03-22,15:05,Public Notification Report,Initial-Ceased,CSO - UnTreated,,,,COVE RD & PADNARAM AVE,CLARK COVE,26015788,2026-03-22 20:58:52
NEW023,2026-03-22,15:00,Public Notification Report,Initial-Ceased,CSO - UnTreated,,,,COFFIN AVE,ACUSHNET RIVER,26015789,2026-03-22 21:00:04
NEW035,2026-03-22,14:55,Public Notification Report,Initial-Ceased,CSO - UnTreated,,,,MAXFIELD ST AT BUZZARDS BAY,INNER NEW BEDFORD HARBOR,26015790,2026-03-22 21:01:19
NEW017,2026-03-22,22:15,Public Notification Report,Initial-Ceased,CSO - UnTreated,,,,DAVID ST & RFB,OUTER NEW BEDFORD HARBOR,26015791,2026-03-23 08:48:44
NEW018,2026-03-22,22:00,Public Notification Report,Initial-Ceased,CSO - UnTreated,,,,COVE ST AND E. RODNEY FRENCH BLVD,OUTER NEW BEDFORD HARBOR,26015792,2026-03-23 08:49:49
NEW005,2026-03-22,22:00,Public Notification Report,Initial-Ceased,CSO - UnTreated,,,,DUDLEY & RFB,CLARK COVE,26015793,2026-03-23 08:51:26
NEW003,2026-03-22,15:05,Verified Data Report,,CSO - UnTreated,8h 39m,1468392,1.94,COVE RD & PADNARAM AVE,CLARK COVE,26015982,2026-04-15 13:47:17
NEW005,2026-03-22,22:00,Verified Data Report,,CSO - UnTreated,0h 5m,3968,1.94,DUDLEY & RFB,CLARK COVE,26015983,2026-04-15 13:50:18
NEW017,2026-03-22,22:15,Verified Data Report,,CSO - UnTreated,1h 15m,344850,1.94,DAVID ST & RFB,OUTER NEW BEDFORD HARBOR,26015984,2026-04-15 13:52:27
NEW018,2026-03-22,15:10,Verified Data Report,,CSO - UnTreated,0h 15m,4461,1.94,COVE ST AND E. RODNEY FRENCH BLVD,OUTER NEW BEDFORD HARBOR,26015985,2026-04-15 13:53:04
NEW018,2026-03-22,15:10,Verified Data Report,,CSO - UnTreated,2h 45m,776066,1.94,COVE ST AND E. RODNEY FRENCH BLVD,OUTER NEW BEDFORD HARBOR,26015986,2026-04-15 13:53:29
NEW023,2026-03-22,15:00,Verified Data Report,,CSO - UnTreated,21h 55m,11348646,2.14,COFFIN AVE,ACUSHNET RIVER,26015987,2026-04-15 13:54:29
NEW027,2026-03-22,19:50,Verified Data Report,,CSO - UnTreated,3h 30m,59570,2.14,MILL RD AT ACUSHNET RIVER,ACUSHNET RIVER,26015988,2026-04-15 13:55:25
NEW031,2026-03-22,19:55,Verified Data Report,,CSO - UnTreated,1h 0m,22316,1.94,CONWAY ST AT BUZZARDS BAY,INNER NEW BEDFORD HARBOR,26015989,2026-04-15 13:56:41
NEW031,2026-03-22,19:55,Verified Data Report,,CSO - UnTreated,4h 25m,479495,1.94,CONWAY ST AT BUZZARDS BAY,INNER NEW BEDFORD HARBOR,26015990,2026-04-15 13:57:08
NEW035,2026-03-22,14:55,Verified Data Report,,CSO - UnTreated,8h 54m,371440,2.15,MAXFIELD ST AT BUZZARDS BAY,INNER NEW BEDFORD HARBOR,26015991,2026-04-15 13:59:49
NEW017,2026-03-23,05:50,Public Notification Report,Initial-Ceased,CSO - UnTreated,,,,DAVID ST & RFB,OUTER NEW BEDFORD HARBOR,26015794,2026-03-23 08:57:39
NEW018,2026-03-23,04:55,Public Notification Report,Initial-Ceased,CSO - UnTreated,,,,COVE ST AND E. RODNEY FRENCH BLVD,OUTER NEW BEDFORD HARBOR,26015795,2026-03-23 08:58:41
NEW031,2026-03-23,04:55,Public Notification Report,Initial-Ceased,CSO - UnTreated,,,,CONWAY ST AT BUZZARDS BAY,INNER NEW BEDFORD HARBOR,26015796,2026-03-23 08:59:45
NEW027,2026-03-23,04:40,Public Notification Report,Initial-Ceased,CSO - UnTreated,,,,MILL RD AT ACUSHNET RIVER,ACUSHNET RIVER,26015797,2026-03-23 09:00:45
NEW035,2026-03-23,04:20,Public Notification Report,Initial-Ceased,CSO - UnTreated,,,,MAXFIELD ST AT BUZZARDS BAY,INNER NEW BEDFORD HARBOR,26015798,2026-03-23 09:01:37
NEW003,2026-03-23,03:40,Public Notification Report,Initial-Ceased,CSO - UnTreated,,,,COVE RD & PADNARAM AVE,CLARK COVE,26015799,2026-03-23 09:02:33
NEW006,2026-03-23,07:15,Public Notification Report,Initial-Ceased,CSO - UnTreated,,,,LUCAS STREET & RFB,CLARK COVE,26015800,2026-03-23 09:03:15
NEW008,2026-03-23,08:35,Public Notification Report,Initial-Ceased,CSO - UnTreated,,,,CALUMET ST & RFB,CLARK COVE,26015811,2026-03-23 13:15:36
NEW005,2026-03-23,07:45,Public Notification Report,Initial-Ceased,CSO - UnTreated,,,,DUDLEY & RFB,CLARK COVE,26015812,2026-03-23 13:16:28
NEW003,2026-03-23,03:40,Verified Data Report,,CSO - UnTreated,8h 15m,2507905,1.94,COVE RD & PADNARAM AVE,CLARK COVE,26015993,2026-04-15 14:17:20
NEW005,2026-03-23,07:45,Verified Data Report,,CSO - UnTreated,2h 45m,316359,1.94,DUDLEY & RFB,CLARK COVE,26015994,2026-04-15 14:18:06
NEW006,2026-03-23,07:15,Verified Data Report,,CSO - UnTreated,4h 15m,1552859,1.94,LUCAS STREET & RFB,CLARK COVE,26015995,2026-04-15 14:18:42
NEW008,2026-03-23,08:35,Verified Data Report,,CSO - UnTreated,0h 45m,52495,1.94,CALUMET ST & RFB,CLARK COVE,26015996,2026-04-15 14:19:19
NEW017,2026-03-23,05:50,Verified Data Report,,CSO - UnTreated,6h 25m,4916128,1.94,DAVID ST & RFB,OUTER NEW BEDFORD HARBOR,26015997,2026-04-15 14:20:18
NEW018,2026-03-23,04:55,Verified Data Report,,CSO - UnTreated,8h 20m,2573434,1.94,COVE ST AND E. RODNEY FRENCH BLVD,OUTER NEW BEDFORD HARBOR,26015998,2026-04-15 14:20:51
NEW027,2026-03-23,04:40,Verified Data Report,,CSO - UnTreated,6h 15m,513244,2.14,MILL RD AT ACUSHNET RIVER,ACUSHNET RIVER,26015999,2026-04-15 14:21:52
NEW031,2026-03-23,04:55,Verified Data Report,,CSO - UnTreated,8h 35m,3049835,1.94,CONWAY ST AT BUZZARDS BAY,INNER NEW BEDFORD HARBOR,26016000,2026-04-15 14:22:33
NEW035,2026-03-23,04:20,Verified Data Report,,CSO - UnTreated,9h 5m,921560,2.14,MAXFIELD ST AT BUZZARDS BAY,INNER NEW BEDFORD HARBOR,26016001,2026-04-15 14:23:18
NEW023,2026-03-27,00:45,Public Notification Report,Initial-Ceased,CSO - UnTreated,,,,COFFIN AVE,ACUSHNET RIVER,26015815,2026-03-27 08:16:58
NEW003,2026-03-27,00:45,Public Notification Report,Initial-Ceased,CSO - UnTreated,,,,COVE RD & PADNARAM AVE,CLARK COVE,26015816,2026-03-27 08:17:44
NEW035,2026-03-27,00:35,Public Notification Report,Initial-Ceased,CSO - UnTreated,,,,MAXFIELD ST AT BUZZARDS BAY,INNER NEW BEDFORD HARBOR,26015817,2026-03-27 08:18:28
NEW003,2026-03-27,00:45,Verified Data Report,,CSO - UnTreated,3h 30m,137316,0.16,COVE RD & PADNARAM AVE,CLARK COVE,26016002,2026-04-15 14:23:57
NEW023,2026-03-27,00:45,Verified Data Report,,CSO - UnTreated,3h 40m,138673,0.13,COFFIN AVE,ACUSHNET RIVER,26016003,2026-04-15 14:25:00
NEW035,2026-03-27,00:35,Verified Data Report,,CSO - UnTreated,3h 5m,6180,0.13,MAXFIELD ST AT BUZZARDS BAY,INNER NEW BEDFORD HARBOR,26016004,2026-04-15 14:26:15
NEW018,2026-03-31,08:00,Public Notification Report,Initial-Ceased,CSO - UnTreated,,,,COVE ST AND E. RODNEY FRENCH BLVD,OUTER NEW BEDFORD HARBOR,26015819,2026-03-31 15:05:16
NEW003,2026-03-31,07:55,Public Notification Report,Initial-Ceased,CSO - UnTreated,,,,COVE RD & PADNARAM AVE,CLARK COVE,26015820,2026-03-31 15:06:22
NEW023,2026-03-31,07:35,Public Notification Report,Initial-Ceased,CSO - UnTreated,,,,COFFIN AVE,ACUSHNET RIVER,26015821,2026-03-31 15:07:33
NEW035,2026-03-31,07:25,Public Notification Report,Initial-Ceased,CSO - UnTreated,,,,MAXFIELD ST AT BUZZARDS BAY,INNER NEW BEDFORD HARBOR,26015822,2026-03-31 15:08:47
NEW003,2026-03-31,07:55,Verified Data Report,,CSO - UnTreated,1h 10m,301263,0.30,COVE RD & PADNARAM AVE,CLARK COVE,26016005,2026-04-15 14:28:54
NEW018,2026-03-31,08:00,Verified Data Report,,CSO - UnTreated,1h 10m,205099,0.30,COVE ST AND E. RODNEY FRENCH BLVD,OUTER NEW BEDFORD HARBOR,26016006,2026-04-15 14:29:31
NEW023,2026-03-31,07:35,Verified Data Report,,CSO - UnTreated,2h 0m,440852,0.13,COFFIN AVE,ACUSHNET RIVER,26016007,2026-04-15 14:30:16
NEW035,2026-03-31,07:25,Verified Data Report,,CSO - UnTreated,1h 15m,40694,0.13,MAXFIELD ST AT BUZZARDS BAY,INNER NEW BEDFORD HARBOR,26016008,2026-04-15 14:30:56
NEW035,2026-04-01,08:40,Public Notification Report,Initial-Ceased,CSO - UnTreated,,,,MAXFIELD ST AT BUZZARDS BAY,INNER NEW BEDFORD HARBOR,26015831,2026-04-01 15:57:55
NEW031,2026-04-01,18:10,Public Notification Report,Initial-Ceased,CSO - UnTreated,,,,CONWAY ST AT BUZZARDS BAY,INNER NEW BEDFORD HARBOR,26015832,2026-04-02 07:05:10
NEW018,2026-04-01,17:55,Public Notification Report,Initial-Ceased,CSO - UnTreated,,,,COVE ST AND E. RODNEY FRENCH BLVD,OUTER NEW BEDFORD HARBOR,26015833,2026-04-02 07:06:05
NEW027,2026-04-01,17:55,Public Notification Report,Initial-Ceased,CSO - UnTreated,,,,MILL RD AT ACUSHNET RIVER,ACUSHNET RIVER,26015834,2026-04-02 07:07:28
NEW003,2026-04-01,17:05,Public Notification Report,Initial-Ceased,CSO - UnTreated,,,,COVE RD & PADNARAM AVE,CLARK COVE,26015835,2026-04-02 07:08:23
NEW023,2026-04-01,16:45,Public Notification Report,Initial-Ceased,CSO - UnTreated,,,,COFFIN AVE,ACUSHNET RIVER,26015836,2026-04-02 07:09:13
NEW003,2026-04-01,17:05,Verified Data Report,,CSO - UnTreated,4h 0m,829508,0.89,COVE RD & PADNARAM AVE,CLARK COVE,26016114,2026-05-12 10:57:33
NEW018,2026-04-01,17:55,Verified Data Report,,CSO - UnTreated,3h 40m,1031838,0.89,COVE ST AND E. RODNEY FRENCH BLVD,OUTER NEW BEDFORD HARBOR,26016115,2026-05-12 10:58:38
NEW023,2026-04-01,16:45,Verified Data Report,,CSO - UnTreated,8h 9m,2950960,1.05,COFFIN AVE,ACUSHNET RIVER,26016116,2026-05-12 10:59:22
NEW027,2026-04-01,17:55,Verified Data Report,,CSO - UnTreated,0h 40m,35180,1.05,MILL RD AT ACUSHNET RIVER,ACUSHNET RIVER,26016117,2026-05-12 11:00:48
NEW031,2026-04-01,18:10,Verified Data Report,,CSO - UnTreated,3h 5m,343528,0.89,CONWAY ST AT BUZZARDS BAY,INNER NEW BEDFORD HARBOR,26016118,2026-05-12 11:05:53
NEW035,2026-04-01,08:40,Verified Data Report,,CSO - UnTreated,0h 15m,896830,0.00,MAXFIELD ST AT BUZZARDS BAY,INNER NEW BEDFORD HARBOR,26016119,2026-05-12 11:12:25
NEW031,2026-04-02,05:15,Public Notification Report,Initial-Ceased,CSO - UnTreated,,,,CONWAY ST AT BUZZARDS BAY,INNER NEW BEDFORD HARBOR,26015837,2026-04-02 07:15:18
NEW023,2026-04-02,04:25,Public Notification Report,Initial-Ceased,CSO - UnTreated,,,,COFFIN AVE,ACUSHNET RIVER,26015838,2026-04-02 07:16:03
NEW003,2026-04-02,04:20,Public Notification Report,Initial-Ceased,CSO - UnTreated,,,,COVE RD & PADNARAM AVE,CLARK COVE,26015839,2026-04-02 07:16:43
NEW003,2026-04-02,09:20,Public Notification Report,Initial-Ceased,CSO - UnTreated,,,,COVE RD & PADNARAM AVE,CLARK COVE,26015849,2026-04-02 18:00:20
NEW031,2026-04-02,05:15,Public Notification Report,Initial-Ceased,CSO - UnTreated,,,,CONWAY ST AT BUZZARDS BAY,INNER NEW BEDFORD HARBOR,26015850,2026-04-02 18:08:02
NEW003,2026-04-02,09:20,Verified Data Report,,CSO - UnTreated,1h 30m,286917,0.89,COVE RD & PADNARAM AVE,CLARK COVE,26016120,2026-05-12 11:19:29
NEW003,2026-04-02,09:20,Verified Data Report,,CSO - UnTreated,1h 10m,149531,0.89,COVE RD & PADNARAM AVE,CLARK COVE,26016121,2026-05-12 11:19:54
NEW023,2026-04-02,04:25,Verified Data Report,,CSO - UnTreated,6h 20m,1706090,1.05,COFFIN AVE,ACUSHNET RIVER,26016122,2026-05-12 11:20:51
NEW031,2026-04-02,05:15,Verified Data Report,,CSO - UnTreated,0h 25m,2875,0.89,CONWAY ST AT BUZZARDS BAY,INNER NEW BEDFORD HARBOR,26016123,2026-05-12 11:21:49
NEW023,2026-04-05,15:00,Public Notification Report,Initial-Ceased,CSO - UnTreated,,,,COFFIN AVE,ACUSHNET RIVER,26015855,2026-04-05 18:39:56
NEW003,2026-04-05,15:00,Public Notification Report,Initial-Ceased,CSO - UnTreated,,,,COVE RD & PADNARAM AVE,CLARK COVE,26015856,2026-04-05 18:41:14
NEW003,2026-04-05,19:25,Public Notification Report,Initial-Ceased,CSO - UnTreated,,,,COVE RD & PADNARAM AVE,CLARK COVE,26015861,2026-04-06 07:09:41
NEW023,2026-04-05,19:10,Public Notification Report,Initial-Ceased,CSO - UnTreated,,,,COFFIN AVE,ACUSHNET RIVER,26015862,2026-04-06 07:10:34
NEW003,2026-04-05,19:25,Verified Data Report,,CSO - UnTreated,0h 55m,118336,0.20,COVE RD & PADNARAM AVE,CLARK COVE,26016124,2026-05-12 11:22:35
NEW003,2026-04-05,19:25,Verified Data Report,,CSO - UnTreated,0h 10m,249,0.20,COVE RD & PADNARAM AVE,CLARK COVE,26016125,2026-05-12 11:23:41
NEW023,2026-04-05,15:00,Verified Data Report,,CSO - UnTreated,1h 4m,177514,0.28,COFFIN AVE,ACUSHNET RIVER,26016126,2026-05-12 11:24:19
NEW023,2026-04-05,15:00,Verified Data Report,,CSO - UnTreated,0h 50m,46303,0.28,COFFIN AVE,ACUSHNET RIVER,26016127,2026-05-12 11:24:45
NEW003,2026-04-16,03:30,Public Notification Report,Initial-Ceased,CSO - UnTreated,,,,COVE RD & PADNARAM AVE,CLARK COVE,26016015,2026-04-16 07:33:30
NEW023,2026-04-16,02:50,Public Notification Report,Initial-Ceased,CSO - UnTreated,,,,COFFIN AVE,ACUSHNET RIVER,26016016,2026-04-16 07:34:14
NEW003,2026-04-16,03:30,Verified Data Report,,CSO - UnTreated,0h 50m,163320,0.12,COVE RD & PADNARAM AVE,CLARK COVE,26016128,2026-05-12 14:20:52
NEW023,2026-04-16,02:50,Verified Data Report,,CSO - UnTreated,2h 40m,1022445,0.38,COFFIN AVE,ACUSHNET RIVER,26016129,2026-05-12 14:21:47
NEW023,2026-04-19,14:55,Public Notification Report,Initial-Ceased,CSO - UnTreated,,,,COFFIN AVE,ACUSHNET RIVER,26016041,2026-04-19 18:29:29
NEW003,2026-04-19,14:55,Public Notification Report,Initial-Ceased,CSO - UnTreated,,,,COVE RD & PADNARAM AVE,CLARK COVE,26016042,2026-04-19 18:31:04
NEW003,2026-04-19,14:55,Verified Data Report,,CSO - UnTreated,0h 20m,38858,0.36,COVE RD & PADNARAM AVE,CLARK COVE,26016130,2026-05-12 14:22:31
NEW023,2026-04-19,14:55,Verified Data Report,,CSO - UnTreated,0h 45m,89324,0.28,COFFIN AVE,ACUSHNET RIVER,26016131,2026-05-12 14:24:32
NEW018,2026-04-19,15:55,Verified Data Report,,CSO - UnTreated,0h 20m,20851,0.36,COVE ST AND E. RODNEY FRENCH BLVD,OUTER NEW BEDFORD HARBOR,26016134,2026-05-12 14:31:23
NEW018,2026-04-20,16:55,Public Notification Report,Initial-Ceased,CSO - UnTreated,,,,COVE ST AND E. RODNEY FRENCH BLVD,OUTER NEW BEDFORD HARBOR,26016044,2026-04-20 20:15:41
NEW003,2026-04-20,16:50,Public Notification Report,Initial-Ceased,CSO - UnTreated,,,,COVE RD & PADNARAM AVE,CLARK COVE,26016045,2026-04-20 20:16:53
NEW023,2026-04-20,16:45,Public Notification Report,Initial-Ceased,CSO - UnTreated,,,,COFFIN AVE,ACUSHNET RIVER,26016046,2026-04-20 20:18:07
NEW003,2026-04-20,16:50,Verified Data Report,,CSO - UnTreated,0h 45m,195642,0.36,COVE RD & PADNARAM AVE,CLARK COVE,26016132,2026-05-12 14:29:37
NEW018,2026-04-20,16:55,Verified Data Report,,CSO - UnTreated,0h 40m,171935,0.36,COVE ST AND E. RODNEY FRENCH BLVD,OUTER NEW BEDFORD HARBOR,26016133,2026-05-12 14:30:33
NEW023,2026-04-20,16:45,Verified Data Report,,CSO - UnTreated,0h 45m,81940,0.28,COFFIN AVE,ACUSHNET RIVER,26016136,2026-05-12 14:32:57
NEW023,2026-04-30,12:40,Public Notification Report,Initial-Ceased,CSO - UnTreated,,,,COFFIN AVE,ACUSHNET RIVER,26016051,2026-04-30 16:15:11
NEW003,2026-04-30,12:35,Public Notification Report,Initial-Ceased,CSO - UnTreated,,,,COVE RD & PADNARAM AVE,CLARK COVE,26016052,2026-04-30 16:16:21
NEW003,2026-04-30,12:35,Verified Data Report,,CSO - UnTreated,0h 40m,104142,0.16,COVE RD & PADNARAM AVE,CLARK COVE,26016137,2026-05-12 14:33:30
NEW023,2026-04-30,12:40,Verified Data Report,,CSO - UnTreated,0h 35m,58344,0.14,COFFIN AVE,ACUSHNET RIVER,26016138,2026-05-12 14:34:14
NEW023,2026-05-02,20:35,Public Notification Report,Initial-Ceased,CSO - UnTreated,,,,COFFIN AVE,ACUSHNET RIVER,26016053,2026-05-03 07:11:39
NEW003,2026-05-02,20:20,Public Notification Report,Initial-Ceased,CSO - UnTreated,,,,COVE RD & PADNARAM AVE,CLARK COVE,26016054,2026-05-03 07:13:01
NEW003,2026-05-02,20:20,Verified Data Report,,CSO - UnTreated,1h 20m,111396,0.23,COVE RD & PADNARAM AVE,CLARK COVE,26016271,2026-06-11 14:32:26
NEW023,2026-05-02,20:35,Verified Data Report,,CSO - UnTreated,1h 25m,101307,0.16,COFFIN AVE,ACUSHNET RIVER,26016272,2026-06-11 14:33:04
NEW023,2026-05-06,07:05,Public Notification Report,Initial-Ceased,CSO - UnTreated,,,,COFFIN AVE,ACUSHNET RIVER,26016062,2026-05-07 07:09:31
NEW003,2026-05-06,07:00,Public Notification Report,Initial-Ceased,CSO - UnTreated,,,,COVE RD & PADNARAM AVE,CLARK COVE,26016063,2026-05-07 07:11:44
NEW003,2026-05-06,07:00,Verified Data Report,,CSO - UnTreated,1h 4m,162506,0.55,COVE RD & PADNARAM AVE,CLARK COVE,26016273,2026-06-11 14:48:05
NEW023,2026-05-06,07:05,Verified Data Report,,CSO - UnTreated,1h 30m,168761,0.61,COFFIN AVE,ACUSHNET RIVER,26016274,2026-06-11 14:48:48
NEW031,2026-05-07,04:50,Public Notification Report,Initial-Ceased,CSO - UnTreated,,,,CONWAY ST AT BUZZARDS BAY,INNER NEW BEDFORD HARBOR,26016064,2026-05-07 07:16:26
NEW018,2026-05-07,04:20,Public Notification Report,Initial-Ceased,CSO - UnTreated,,,,COVE ST AND E. RODNEY FRENCH BLVD,OUTER NEW BEDFORD HARBOR,26016065,2026-05-07 07:17:56
NEW003,2026-05-07,04:15,Public Notification Report,Initial-Ceased,CSO - UnTreated,,,,COVE RD & PADNARAM AVE,CLARK COVE,26016066,2026-05-07 07:18:57
NEW023,2026-05-07,04:10,Public Notification Report,Initial-Ceased,CSO - UnTreated,,,,COFFIN AVE,ACUSHNET RIVER,26016067,2026-05-07 07:21:10
NEW003,2026-05-07,04:15,Verified Data Report,,CSO - UnTreated,3h 40m,350310,0.55,COVE RD & PADNARAM AVE,CLARK COVE,26016275,2026-06-11 14:49:46
NEW018,2026-05-07,04:20,Verified Data Report,,CSO - UnTreated,1h 20m,186153,0.55,COVE ST AND E. RODNEY FRENCH BLVD,OUTER NEW BEDFORD HARBOR,26016276,2026-06-11 14:51:33
NEW023,2026-05-07,04:10,Verified Data Report,,CSO - UnTreated,5h 5m,1411722,0.61,COFFIN AVE,ACUSHNET RIVER,26016277,2026-06-11 14:54:13
NEW031,2026-05-07,04:50,Verified Data Report,,CSO - UnTreated,0h 55m,36738,0.55,CONWAY ST AT BUZZARDS BAY,INNER NEW BEDFORD HARBOR,26016278,2026-06-11 14:56:25
NEW023,2026-05-09,19:55,Verified Data Report,,CSO - UnTreated,0h 25m,11810,0.19,COFFIN AVE,ACUSHNET RIVER,26016299,2026-06-12 07:19:29
NEW003,2026-05-09,14:00,Verified Data Report,,CSO - UnTreated,1h 4m,111329,0.27,COVE RD & PADNARAM AVE,CLARK COVE,26016300,2026-06-12 07:20:37
NEW023,2026-05-11,04:35,Verified Data Report,,CSO - UnTreated,2h 40m,286897,0.18,COFFIN AVE,ACUSHNET RIVER,26016301,2026-06-12 07:21:54
NEW003,2026-05-11,05:20,Verified Data Report,,CSO - UnTreated,1h 30m,191911,0.17,COVE RD & PADNARAM AVE,CLARK COVE,26016302,2026-06-12 07:22:58
NEW003,2026-05-14,11:20,Public Notification Report,Initial-Ceased,CSO - UnTreated,,,,COVE RD & PADNARAM AVE,CLARK COVE,26016146,2026-05-14 15:14:09
NEW003,2026-05-14,11:20,Verified Data Report,,CSO - UnTreated,0h 40m,98752,0.19,COVE RD & PADNARAM AVE,CLARK COVE,26016279,2026-06-11 14:58:48
NEW031,2026-05-24,19:45,Public Notification Report,Initial-Ceased,CSO - UnTreated,,,,CONWAY ST AT BUZZARDS BAY,INNER NEW BEDFORD HARBOR,26016175,2026-05-25 08:25:50
NEW018,2026-05-24,19:40,Public Notification Report,Initial-Ceased,CSO - UnTreated,,,,COVE ST AND E. RODNEY FRENCH BLVD,OUTER NEW BEDFORD HARBOR,26016176,2026-05-25 08:27:00
NEW023,2026-05-24,17:45,Public Notification Report,Initial-Ceased,CSO - UnTreated,,,,COFFIN AVE,ACUSHNET RIVER,26016177,2026-05-25 08:28:14
NEW003,2026-05-24,17:40,Public Notification Report,Initial-Ceased,CSO - UnTreated,,,,COVE RD & PADNARAM AVE,CLARK COVE,26016178,2026-05-25 08:29:26
NEW003,2026-05-24,17:40,Verified Data Report,,CSO - UnTreated,4h 25m,1001426,1.02,COVE RD & PADNARAM AVE,CLARK COVE,26016280,2026-06-11 14:59:32
NEW018,2026-05-24,19:40,Verified Data Report,,CSO - UnTreated,2h 30m,546531,1.02,COVE ST AND E. RODNEY FRENCH BLVD,OUTER NEW BEDFORD HARBOR,26016281,2026-06-11 15:00:13
NEW023,2026-05-24,17:45,Verified Data Report,,CSO - UnTreated,5h 25m,1217988,1.03,COFFIN AVE,ACUSHNET RIVER,26016282,2026-06-11 15:01:33
NEW031,2026-05-24,19:45,Verified Data Report,,CSO - UnTreated,2h 50m,229575,1.02,CONWAY ST AT BUZZARDS BAY,INNER NEW BEDFORD HARBOR,26016283,2026-06-11 15:03:13
NEW023,2026-05-25,06:45,Public Notification Report,Initial-Ceased,CSO - UnTreated,,,,COFFIN AVE,ACUSHNET RIVER,26016184,2026-05-25 20:40:54
NEW018,2026-05-25,06:35,Public Notification Report,Initial-Ceased,CSO - UnTreated,,,,COVE ST AND E. RODNEY FRENCH BLVD,OUTER NEW BEDFORD HARBOR,26016185,2026-05-25 20:42:09
NEW003,2026-05-25,06:30,Public Notification Report,Initial-Ceased,CSO - UnTreated,,,,COVE RD & PADNARAM AVE,CLARK COVE,26016186,2026-05-25 20:43:27
NEW003,2026-05-25,06:30,Verified Data Report,,CSO - UnTreated,1h 20m,459836,1.02,COVE RD & PADNARAM AVE,CLARK COVE,26016284,2026-06-12 07:04:10
NEW018,2026-05-25,06:35,Verified Data Report,,CSO - UnTreated,1h 4m,218742,1.02,COVE ST AND E. RODNEY FRENCH BLVD,OUTER NEW BEDFORD HARBOR,26016288,2026-06-12 07:06:06
NEW023,2026-05-25,06:45,Verified Data Report,,CSO - UnTreated,1h 20m,100696,1.03,COFFIN AVE,ACUSHNET RIVER,26016289,2026-06-12 07:07:13
NEW023,2026-05-28,16:20,Public Notification Report,Initial-Ceased,CSO - UnTreated,,,,COFFIN AVE,ACUSHNET RIVER,26016202,2026-05-29 07:29:07
NEW003,2026-05-28,13:45,Public Notification Report,Initial-Ceased,CSO - UnTreated,,,,COVE RD & PADNARAM AVE,CLARK COVE,26016203,2026-05-29 07:37:32
NEW003,2026-05-28,13:45,Verified Data Report,,CSO - UnTreated,5h 55m,326051,0.15,COVE RD & PADNARAM AVE,CLARK COVE,26016290,2026-06-12 07:08:45
NEW023,2026-05-28,16:20,Verified Data Report,,CSO - UnTreated,0h 50m,195254,0.21,COFFIN AVE,ACUSHNET RIVER,26016291,2026-06-12 07:10:46
NEW023,2026-05-30,01:25,Public Notification Report,Initial-Ceased,CSO - UnTreated,,,,COFFIN AVE,ACUSHNET RIVER,26016209,2026-05-30 07:34:09
NEW003,2026-05-30,01:20,Public Notification Report,Initial-Ceased,CSO - UnTreated,,,,COVE RD & PADNARAM AVE,CLARK COVE,26016210,2026-05-30 07:35:35
NEW018,2026-05-30,01:20,Public Notification Report,Initial-Ceased,CSO - UnTreated,,,,COVE ST AND E. RODNEY FRENCH BLVD,OUTER NEW BEDFORD HARBOR,26016211,2026-05-30 07:37:05
NEW023,2026-05-30,12:45,Public Notification Report,Initial-Ceased,CSO - UnTreated,,,,COFFIN AVE,ACUSHNET RIVER,26016212,2026-05-31 00:29:32
NEW003,2026-05-30,12:25,Public Notification Report,Initial-Ceased,CSO - UnTreated,,,,COVE RD & PADNARAM AVE,CLARK COVE,26016213,2026-05-31 00:30:42
NEW003,2026-05-30,01:20,Verified Data Report,,CSO - UnTreated,3h 35m,282977,0.52,COVE RD & PADNARAM AVE,CLARK COVE,26016292,2026-06-12 07:12:24
NEW003,2026-05-30,01:20,Verified Data Report,,CSO - UnTreated,1h 50m,168849,0.52,COVE RD & PADNARAM AVE,CLARK COVE,26016293,2026-06-12 07:13:02
NEW023,2026-05-30,01:25,Verified Data Report,,CSO - UnTreated,0h 30m,201009,0.73,COFFIN AVE,ACUSHNET RIVER,26016294,2026-06-12 07:13:46
NEW023,2026-05-30,01:25,Verified Data Report,,CSO - UnTreated,1h 20m,148023,0.73,COFFIN AVE,ACUSHNET RIVER,26016295,2026-06-12 07:14:27
NEW018,2026-05-30,01:20,Verified Data Report,,CSO - UnTreated,0h 30m,126924,0.52,COVE ST AND E. RODNEY FRENCH BLVD,OUTER NEW BEDFORD HARBOR,26016296,2026-06-12 07:15:10
NEW003,2026-05-31,17:40,Public Notification Report,Initial-Ceased,CSO - UnTreated,,,,COVE RD & PADNARAM AVE,CLARK COVE,26016214,2026-05-31 18:51:59
NEW023,2026-05-31,22:50,Public Notification Report,Initial-Ceased,CSO - UnTreated,,,,COFFIN AVE,ACUSHNET RIVER,26016224,2026-06-01 09:05:12
NEW003,2026-05-31,17:40,Verified Data Report,,CSO - UnTreated,0h 30m,36549,0.52,COVE RD & PADNARAM AVE,CLARK COVE,26016297,2026-06-12 07:15:56
NEW023,2026-05-31,22:50,Verified Data Report,,CSO - UnTreated,0h 5m,734,0.73,COFFIN AVE,ACUSHNET RIVER,26016298,2026-06-12 07:16:40
NEW023,2026-06-11,06:10,Public Notification Report,Initial-Ceased,CSO - UnTreated,,,,COFFIN AVE,ACUSHNET RIVER,26016269,2026-06-11 07:32:45
NEW027,2026-06-11,05:10,Public Notification Report,Initial-Ceased,CSO - UnTreated,,,,MILL RD AT ACUSHNET RIVER,ACUSHNET RIVER,26016270,2026-06-11 07:36:29
NEW023,2026-06-11,06:10,Verified Data Report,,CSO - UnTreated,0h 50m,295869,0.13,COFFIN AVE,ACUSHNET RIVER,26016489,2026-07-02 14:42:37
NEW027,2026-06-11,05:10,Verified Data Report,,CSO - UnTreated,1h 25m,407138,0.13,MILL RD AT ACUSHNET RIVER,ACUSHNET RIVER,26016490,2026-07-02 14:44:14
NEW003,2026-06-20,21:30,Public Notification Report,Initial-Ceased,CSO - UnTreated,,,,COVE RD & PADNARAM AVE,CLARK COVE,26016353,2026-06-21 09:04:58
NEW018,2026-06-20,21:25,Public Notification Report,Initial-Ceased,CSO - UnTreated,,,,COVE ST AND E. RODNEY FRENCH BLVD,OUTER NEW BEDFORD HARBOR,26016354,2026-06-21 09:06:11
NEW003,2026-06-20,21:30,Verified Data Report,,CSO - UnTreated,0h 30m,117388,0.27,COVE RD & PADNARAM AVE,CLARK COVE,26016491,2026-07-02 14:45:39
NEW018,2026-06-20,21:25,Verified Data Report,,CSO - UnTreated,0h 55m,258039,0.27,COVE ST AND E. RODNEY FRENCH BLVD,OUTER NEW BEDFORD HARBOR,26016492,2026-07-02 14:46:33
NEW023,2026-06-22,19:10,Public Notification Report,Initial-Ceased,CSO - UnTreated,,,,COFFIN AVE,ACUSHNET RIVER,26016373,2026-06-23 08:34:26
NEW018,2026-06-22,19:05,Public Notification Report,Initial-Ceased,CSO - UnTreated,,,,COVE ST AND E. RODNEY FRENCH BLVD,OUTER NEW BEDFORD HARBOR,26016374,2026-06-23 08:41:40
NEW003,2026-06-22,19:05,Public Notification Report,Initial-Ceased,CSO - UnTreated,,,,COVE RD & PADNARAM AVE,CLARK COVE,26016375,2026-06-23 08:42:33
NEW003,2026-06-22,19:05,Verified Data Report,,CSO - UnTreated,2h 9m,273859,2.06,COVE RD & PADNARAM AVE,CLARK COVE,26016493,2026-07-02 15:09:55
NEW018,2026-06-22,19:05,Verified Data Report,,CSO - UnTreated,5h 15m,944569,2.06,COVE ST AND E. RODNEY FRENCH BLVD,OUTER NEW BEDFORD HARBOR,26016494,2026-07-02 15:13:31
NEW023,2026-06-22,19:10,Verified Data Report,,CSO - UnTreated,2h 15m,246027,2.83,COFFIN AVE,ACUSHNET RIVER,26016495-1,2026-07-02 15:23:11
NEW004,2026-06-23,06:40,Public Notification Report,Initial-Ceased,CSO - UnTreated,,,,HURRICAN BARRIER CLARK'S COVE PUMP STATION,CLARK COVE,26016376,2026-06-23 09:26:21
NEW010,2026-06-23,06:00,Public Notification Report,Initial-Ceased,CSO - UnTreated,,,,BELLEVUE ST & RFB,CLARK COVE,26016377,2026-06-23 09:27:16
NEW016,2026-06-23,06:00,Public Notification Report,Initial-Ceased,CSO - UnTreated,,,,FREDERICK ST & RFB,OUTER NEW BEDFORD HARBOR,26016378,2026-06-23 09:28:19
NEW007,2026-06-23,06:00,Public Notification Report,Initial-Ceased,CSO - UnTreated,,,,CAPITAL AND ROD. FRENCH BLVD,CLARK COVE,26016382,2026-06-23 09:30:53
NEW006,2026-06-23,05:55,Public Notification Report,Initial-Ceased,CSO - UnTreated,,,,LUCAS STREET & RFB,CLARK COVE,26016383,2026-06-23 09:31:42
NEW008,2026-06-23,05:55,Public Notification Report,Initial-Ceased,CSO - UnTreated,,,,CALUMET ST & RFB,CLARK COVE,26016384,2026-06-23 09:32:28
NEW005,2026-06-23,05:55,Public Notification Report,Initial-Ceased,CSO - UnTreated,,,,DUDLEY & RFB,CLARK COVE,26016386,2026-06-23 09:33:14
NEW031,2026-06-23,04:50,Public Notification Report,Initial-Ceased,CSO - UnTreated,,,,CONWAY ST AT BUZZARDS BAY,INNER NEW BEDFORD HARBOR,26016387,2026-06-23 09:33:57
NEW027,2026-06-23,04:30,Public Notification Report,Initial-Ceased,CSO - UnTreated,,,,MILL RD AT ACUSHNET RIVER,ACUSHNET RIVER,26016389,2026-06-23 09:34:43
NEW017,2026-06-23,04:30,Public Notification Report,Initial-Ceased,CSO - UnTreated,,,,DAVID ST & RFB,OUTER NEW BEDFORD HARBOR,26016391,2026-06-23 09:35:25
NEW018,2026-06-23,03:40,Public Notification Report,Initial-Ceased,CSO - UnTreated,,,,COVE ST AND E. RODNEY FRENCH BLVD,OUTER NEW BEDFORD HARBOR,26016393,2026-06-23 09:45:17
NEW023,2026-06-23,03:40,Public Notification Report,Initial-Ceased,CSO - UnTreated,,,,COFFIN AVE,ACUSHNET RIVER,26016394,2026-06-23 09:46:30
NEW003,2026-06-23,03:35,Public Notification Report,Initial-Ceased,CSO - UnTreated,,,,COVE RD & PADNARAM AVE,CLARK COVE,26016395,2026-06-23 09:47:22
NEW023,2026-06-23,20:20,Public Notification Report,Initial-Ceased,CSO - UnTreated,,,,COFFIN AVE,ACUSHNET RIVER,26016417,2026-06-24 11:13:33
NEW003,2026-06-23,03:35,Verified Data Report,,CSO - UnTreated,32h 50m,10837889,2.06,COVE RD & PADNARAM AVE,CLARK COVE,26016497,2026-07-02 15:25:35
NEW004,2026-06-23,06:40,Verified Data Report,,CSO - UnTreated,2h 0m,6600000,1.89,HURRICAN BARRIER CLARK'S COVE PUMP STATION,CLARK COVE,26016498,2026-07-02 15:27:48
NEW005,2026-06-23,05:55,Verified Data Report,,CSO - UnTreated,0h 35m,225425,2.06,DUDLEY & RFB,CLARK COVE,26016499,2026-07-02 15:29:24
NEW006,2026-06-23,05:55,Verified Data Report,,CSO - UnTreated,2h 15m,212876,2.06,LUCAS STREET & RFB,CLARK COVE,26016500,2026-07-02 15:30:42
NEW007,2026-06-23,06:00,Verified Data Report,,CSO - UnTreated,0h 30m,217921,2.06,CAPITAL AND ROD. FRENCH BLVD,CLARK COVE,26016501,2026-07-02 15:31:59
NEW008,2026-06-23,05:55,Verified Data Report,,CSO - UnTreated,1h 10m,1051914,2.06,CALUMET ST & RFB,CLARK COVE,26016502,2026-07-02 15:32:36
NEW010,2026-06-23,06:00,Verified Data Report,,CSO - UnTreated,0h 40m,404253,2.06,BELLEVUE ST & RFB,CLARK COVE,26016503,2026-07-02 15:34:19
NEW016,2026-06-23,06:00,Verified Data Report,,CSO - UnTreated,0h 40m,142453,2.06,FREDERICK ST & RFB,OUTER NEW BEDFORD HARBOR,26016504,2026-07-02 15:35:02
NEW017,2026-06-23,04:30,Verified Data Report,,CSO - UnTreated,2h 55m,3801699,2.06,DAVID ST & RFB,OUTER NEW BEDFORD HARBOR,26016505,2026-07-02 15:35:47
NEW018,2026-06-23,03:40,Verified Data Report,,CSO - UnTreated,22h 25m,3720437,2.06,COVE ST AND E. RODNEY FRENCH BLVD,OUTER NEW BEDFORD HARBOR,26016506,2026-07-02 15:36:57
NEW023,2026-06-23,20:20,Verified Data Report,,CSO - UnTreated,4h 19m,8044687,2.83,COFFIN AVE,ACUSHNET RIVER,26016507,2026-07-02 15:37:59
NEW023,2026-06-23,20:20,Verified Data Report,,CSO - UnTreated,0h 40m,75517,2.83,COFFIN AVE,ACUSHNET RIVER,26016508,2026-07-02 15:38:27
NEW027,2026-06-23,04:30,Verified Data Report,,CSO - UnTreated,4h 0m,1489656,2.83,MILL RD AT ACUSHNET RIVER,ACUSHNET RIVER,26016509,2026-07-02 15:39:02
NEW031,2026-06-23,04:50,Verified Data Report,,CSO - UnTreated,4h 15m,2635657,2.06,CONWAY ST AT BUZZARDS BAY,INNER NEW BEDFORD HARBOR,26016510,2026-07-02 15:39:48
NEW018,2026-06-24,06:55,Public Notification Report,Initial-Ceased,CSO - UnTreated,,,,COVE ST AND E. RODNEY FRENCH BLVD,OUTER NEW BEDFORD HARBOR,26016418,2026-06-24 11:15:09
NEW018,2026-06-24,03:40,Public Notification Report,Initial-Ceased,CSO - UnTreated,,,,COVE ST AND E. RODNEY FRENCH BLVD,OUTER NEW BEDFORD HARBOR,26016419,2026-06-24 11:15:55
NEW003,2026-06-24,03:35,Public Notification Report,Initial-Ceased,CSO - UnTreated,,,,COVE RD & PADNARAM AVE,CLARK COVE,26016420,2026-06-24 11:16:34
NEW018,2026-06-24,06:55,Verified Data Report,,CSO - UnTreated,5h 30m,136938,2.06,COVE ST AND E. RODNEY FRENCH BLVD,OUTER NEW BEDFORD HARBOR,26016511,2026-07-02 15:40:32
NEW003,2026-07-04,23:25,Public Notification Report,Initial-Ceased,CSO - UnTreated,,,,COVE RD & PADNARAM AVE,CLARK COVE,26016520,2026-07-06 07:23:23
NEW023,2026-07-04,23:30,Public Notification Report,Initial-Ceased,CSO - UnTreated,,,,COFFIN AVE,ACUSHNET RIVER,26016521,2026-07-06 07:24:19
NEW003,2026-07-05,03:50,Public Notification Report,Initial-Ceased,CSO - UnTreated,,,,COVE RD & PADNARAM AVE,CLARK COVE,26016517,2026-07-06 07:13:54
NEW018,2026-07-05,03:55,Public Notification Report,Initial-Ceased,CSO - UnTreated,,,,COVE ST AND E. RODNEY FRENCH BLVD,OUTER NEW BEDFORD HARBOR,26016518,2026-07-06 07:14:38
NEW023,2026-07-05,04:30,Public Notification Report,Initial-Ceased,CSO - UnTreated,,,,COFFIN AVE,ACUSHNET RIVER,26016519,2026-07-06 07:15:21
NEW003,2026-07-06,02:55,Public Notification Report,Initial-Ceased,CSO - UnTreated,,,,COVE RD & PADNARAM AVE,CLARK COVE,26016543,2026-07-06 13:13:19
NEW023,2026-07-06,03:05,Public Notification Report,Initial-Ceased,CSO - UnTreated,,,,COFFIN AVE,ACUSHNET RIVER,26016544,2026-07-06 13:14:04
NEW031,2026-07-06,17:30,Public Notification Report,Initial-Ceased,CSO - UnTreated,,,,CONWAY ST AT BUZZARDS BAY,INNER NEW BEDFORD HARBOR,26016579,2026-07-06 20:39:59
NEW003,2026-07-06,15:40,Public Notification Report,Initial-Ceased,CSO - UnTreated,,,,COVE RD & PADNARAM AVE,CLARK COVE,26016580,2026-07-06 20:41:48
NEW023,2026-07-06,15:05,Public Notification Report,Initial-Ceased,CSO - UnTreated,,,,COFFIN AVE,ACUSHNET RIVER,26016581,2026-07-06 20:43:08
NEW031,2026-07-07,06:20,Public Notification Report,Initial-Ceased,CSO - UnTreated,,,,CONWAY ST AT BUZZARDS BAY,INNER NEW BEDFORD HARBOR,26016613,2026-07-07 16:23:47
NEW017,2026-07-07,06:05,Public Notification Report,Initial-Ceased,CSO - UnTreated,,,,DAVID ST & RFB,OUTER NEW BEDFORD HARBOR,26016614,2026-07-07 16:25:12
NEW005,2026-07-07,06:05,Public Notification Report,Initial-Ceased,CSO - UnTreated,,,,DUDLEY & RFB,CLARK COVE,26016615,2026-07-07 16:26:27
NEW023,2026-07-07,04:45,Public Notification Report,Initial-Ceased,CSO - UnTreated,,,,COFFIN AVE,ACUSHNET RIVER,26016616,2026-07-07 16:27:46
NEW018,2026-07-07,04:30,Public Notification Report,Initial-Ceased,CSO - UnTreated,,,,COVE ST AND E. RODNEY FRENCH BLVD,OUTER NEW BEDFORD HARBOR,26016617,2026-07-07 16:29:03
NEW003,2026-07-07,01:30,Public Notification Report,Initial-Ceased,CSO - UnTreated,,,,COVE RD & PADNARAM AVE,CLARK COVE,26016618,2026-07-07 16:30:22
NEW027,2026-07-07,08:55,Public Notification Report,Initial-Ceased,CSO - UnTreated,,,,MILL RD AT ACUSHNET RIVER,ACUSHNET RIVER,26016619,2026-07-07 16:31:39
NEW005,2026-07-07,10:20,Public Notification Report,Initial-Ceased,CSO - UnTreated,,,,DUDLEY & RFB,CLARK COVE,26016620,2026-07-07 16:32:51
NEW006,2026-07-07,11:00,Public Notification Report,Initial-Ceased,CSO - UnTreated,,,,LUCAS STREET & RFB,CLARK COVE,26016621,2026-07-07 16:33:56
NEW008,2026-07-07,11:35,Public Notification Report,Initial-Ceased,CSO - UnTreated,,,,CALUMET ST & RFB,CLARK COVE,26016622,2026-07-07 16:35:15
NEW004,2026-07-07,11:45,Public Notification Report,Initial-Ceased,CSO - UnTreated,,,,HURRICAN BARRIER CLARK'S COVE PUMP STATION,CLARK COVE,26016623,2026-07-07 16:36:28
NEW003,2026-07-07,19:15,Public Notification Report,Initial-Ceased,CSO - UnTreated,,,,COVE RD & PADNARAM AVE,CLARK COVE,26016629,2026-07-08 07:24:27
NEW023,2026-07-07,19:45,Public Notification Report,Initial-Ceased,CSO - UnTreated,,,,COFFIN AVE,ACUSHNET RIVER,26016630,2026-07-08 07:25:57
NEW005,2026-07-07,21:25,Public Notification Report,Initial-Ceased,CSO - UnTreated,,,,DUDLEY & RFB,CLARK COVE,26016631,2026-07-08 07:26:55
NEW017,2026-07-07,21:25,Public Notification Report,Initial-Ceased,CSO - UnTreated,,,,DAVID ST & RFB,OUTER NEW BEDFORD HARBOR,26016632,2026-07-08 07:27:48
NEW018,2026-07-07,21:25,Public Notification Report,Initial-Ceased,CSO - UnTreated,,,,COVE ST AND E. RODNEY FRENCH BLVD,OUTER NEW BEDFORD HARBOR,26016633,2026-07-08 07:28:39
NEW027,2026-07-07,21:30,Public Notification Report,Initial-Ceased,CSO - UnTreated,,,,MILL RD AT ACUSHNET RIVER,ACUSHNET RIVER,26016634,2026-07-08 07:29:32
NEW031,2026-07-07,21:40,Public Notification Report,Initial-Ceased,CSO - UnTreated,,,,CONWAY ST AT BUZZARDS BAY,INNER NEW BEDFORD HARBOR,26016635,2026-07-08 07:30:29
NEW004,2026-07-10,19:48,Public Notification Report,Initial-Ceased,CSO - UnTreated,,,,HURRICAN BARRIER CLARK'S COVE PUMP STATION,CLARK COVE,26016662,2026-07-10 22:37:04
NEW003,2026-07-10,19:05,Public Notification Report,Initial-Ceased,CSO - UnTreated,,,,COVE RD & PADNARAM AVE,CLARK COVE,26016663,2026-07-10 22:39:08
NEW016,2026-07-10,19:05,Public Notification Report,Initial-Ceased,CSO - UnTreated,,,,FREDERICK ST & RFB,OUTER NEW BEDFORD HARBOR,26016664,2026-07-10 22:40:35
NEW007,2026-07-10,19:05,Public Notification Report,Initial-Ceased,CSO - UnTreated,,,,CAPITAL AND ROD. FRENCH BLVD,CLARK COVE,26016665,2026-07-10 22:41:40
NEW006,2026-07-10,19:00,Public Notification Report,Initial-Ceased,CSO - UnTreated,,,,LUCAS STREET & RFB,CLARK COVE,26016666,2026-07-10 22:44:09
NEW005,2026-07-10,19:00,Public Notification Report,Initial-Ceased,CSO - UnTreated,,,,DUDLEY & RFB,CLARK COVE,26016667,2026-07-10 22:45:17
NEW018,2026-07-10,18:55,Public Notification Report,Initial-Ceased,CSO - UnTreated,,,,COVE ST AND E. RODNEY FRENCH BLVD,OUTER NEW BEDFORD HARBOR,26016668,2026-07-10 22:46:45
NEW031,2026-07-10,18:55,Public Notification Report,Initial-Ceased,CSO - UnTreated,,,,CONWAY ST AT BUZZARDS BAY,INNER NEW BEDFORD HARBOR,26016669,2026-07-10 22:47:54
NEW017,2026-07-10,18:55,Public Notification Report,Initial-Ceased,CSO - UnTreated,,,,DAVID ST & RFB,OUTER NEW BEDFORD HARBOR,26016670,2026-07-10 22:49:04
NEW008,2026-07-10,18:55,Public Notification Report,Initial-Ceased,CSO - UnTreated,,,,CALUMET ST & RFB,CLARK COVE,26016671,2026-07-10 22:50:09
NEW023,2026-07-10,18:45,Public Notification Report,Initial-Ceased,CSO - UnTreated,,,,COFFIN AVE,ACUSHNET RIVER,26016672,2026-07-10 22:51:16
NEW027,2026-07-10,18:45,Public Notification Report,Initial-Ceased,CSO - UnTreated,,,,MILL RD AT ACUSHNET RIVER,ACUSHNET RIVER,26016673,2026-07-10 22:52:32
NEW003,2026-07-18,16:45,Public Notification Report,Initial-Ceased,CSO - UnTreated,,,,COVE RD & PADNARAM AVE,CLARK COVE,26016735,2026-07-19 08:48:21
NEW031,2026-07-18,20:15,Public Notification Report,Initial-Ceased,CSO - UnTreated,,,,CONWAY ST AT BUZZARDS BAY,INNER NEW BEDFORD HARBOR,26016736,2026-07-19 08:58:31
NEW006,2026-07-18,20:15,Public Notification Report,Initial-Ceased,CSO - UnTreated,,,,LUCAS STREET & RFB,CLARK COVE,26016737,2026-07-19 08:59:42
NEW016,2026-07-18,20:05,Public Notification Report,Initial-Ceased,CSO - UnTreated,,,,FREDERICK ST & RFB,OUTER NEW BEDFORD HARBOR,26016738,2026-07-19 09:00:48
NEW023,2026-07-18,19:50,Public Notification Report,Initial-Ceased,CSO - UnTreated,,,,COFFIN AVE,ACUSHNET RIVER,26016739,2026-07-19 09:02:09
NEW027,2026-07-18,19:50,Public Notification Report,Initial-Ceased,CSO - UnTreated,,,,MILL RD AT ACUSHNET RIVER,ACUSHNET RIVER,26016740,2026-07-19 09:03:18
NEW018,2026-07-18,19:45,Public Notification Report,Initial-Ceased,CSO - UnTreated,,,,COVE ST AND E. RODNEY FRENCH BLVD,OUTER NEW BEDFORD HARBOR,26016741,2026-07-19 09:04:28
NEW017,2026-07-18,19:45,Public Notification Report,Initial-Ceased,CSO - UnTreated,,,,DAVID ST & RFB,OUTER NEW BEDFORD HARBOR,26016742,2026-07-19 09:05:45
NEW005,2026-07-18,19:45,Public Notification Report,Initial-Ceased,CSO - UnTreated,,,,DUDLEY & RFB,CLARK COVE,26016743,2026-07-19 09:06:50
NEW031,2026-07-21,17:15,Public Notification Report,Initial-Ceased,CSO - UnTreated,,,,CONWAY ST AT BUZZARDS BAY,INNER NEW BEDFORD HARBOR,26016752,2026-07-21 22:49:26
NEW027,2026-07-21,17:05,Public Notification Report,Initial-Ceased,CSO - UnTreated,,,,MILL RD AT ACUSHNET RIVER,ACUSHNET RIVER,26016753,2026-07-21 22:50:40
NEW023,2026-07-21,16:55,Public Notification Report,Initial-Ceased,CSO - UnTreated,,,,COFFIN AVE,ACUSHNET RIVER,26016754,2026-07-21 22:52:23
NEW003,2026-07-21,16:55,Public Notification Report,Initial-Ceased,CSO - UnTreated,,,,COVE RD & PADNARAM AVE,CLARK COVE,26016755,2026-07-21 22:53:42
NEW005,2026-07-21,16:55,Public Notification Report,Initial-Ceased,CSO - UnTreated,,,,DUDLEY & RFB,CLARK COVE,26016756,2026-07-21 22:54:50
NEW018,2026-07-21,16:50,Public Notification Report,Initial-Ceased,CSO - UnTreated,,,,COVE ST AND E. RODNEY FRENCH BLVD,OUTER NEW BEDFORD HARBOR,26016757,2026-07-21 22:56:03
NEW017,2026-07-21,16:50,Public Notification Report,Initial-Ceased,CSO - UnTreated,,,,DAVID ST & RFB,OUTER NEW BEDFORD HARBOR,26016758,2026-07-21 22:57:15
NEW016,2026-07-21,20:20,Public Notification Report,Initial-Ceased,CSO - UnTreated,,,,FREDERICK ST & RFB,OUTER NEW BEDFORD HARBOR,26016759,2026-07-21 22:58:22
NEW006,2026-07-21,20:15,Public Notification Report,Initial-Ceased,CSO - UnTreated,,,,LUCAS STREET & RFB,CLARK COVE,26016760,2026-07-21 23:00:13
NEW005,2026-07-21,20:10,Public Notification Report,Initial-Ceased,CSO - UnTreated,,,,DUDLEY & RFB,CLARK COVE,26016761,2026-07-21 23:01:39
NEW004,2026-07-21,21:40,Public Notification Report,Initial-Ceased,CSO - UnTreated,,,,HURRICAN BARRIER CLARK'S COVE PUMP STATION,CLARK COVE,26016762,2026-07-21 23:03:00
NEW008,2026-07-21,21:45,Public Notification Report,Initial-Ceased,CSO - UnTreated,,,,CALUMET ST & RFB,CLARK COVE,26016763,2026-07-21 23:04:18
